[array([[  0.        ,   0.        ,   1.00759649,   0.        ,
          0.        ,   0.        ,   0.        ,   0.        ,
          0.        ,   0.        ,   0.        ,   0.        ,
          0.        ,   0.        ,   0.        ,   0.        ,
          0.        ,   0.        ,   0.        ,   0.        ,
          0.        ,   0.        ,   0.        ,   0.        ,
          0.        ,   0.        ,   0.        ,   0.        ,
          0.        ,   0.        ,   0.        ,   0.        ,
          0.        ,   0.        ,   0.        ,   0.        ,
          0.        ,   0.        ,   0.        ,   0.        ,
          0.        ,   0.        ,   0.        ,   0.        ,
          0.        ,   0.        ,   0.        ,   0.        ,
          0.        ,   0.        ,   0.        ,   0.        ,
          0.        ,   0.        ,   0.        ,   0.        ,
          0.        ,   0.        ,   0.        ,   0.        ,
          0.        ,   0.        ,   0.        ,   0.        ,
          0.        ,   0.        ,   0.        ,   0.        ,
          0.        ,   0.        ,   0.        ,   0.        ,
          0.        ,   0.        ,   0.        ,   0.        ,
          0.        ,   0.        ,   0.        ,   0.        ,
          0.        ,   0.        ,   0.        ],
       [  0.        ,   0.        ,   0.        ,   1.00401199,
          0.        ,   0.        ,   0.        ,   0.        ,
          0.        ,   0.        ,   0.        ,   0.        ,
          0.        ,   0.        ,   0.        ,   0.        ,
          0.        ,   0.        ,   0.        ,   0.        ,
          0.        ,   0.        ,   0.        ,   0.        ,
          0.11258862,   0.        ,   0.        ,   0.        ,
          0.        ,   0.        ,   0.        ,   0.        ,
          0.        ,   0.        ,   0.        ,   0.        ,
          0.        ,   0.        ,   0.        ,   0.        ,
          0.        ,   0.        ,   0.        ,   0.        ,
          0.        ,   0.        ,   0.        ,   0.        ,
          0.        ,   0.        ,   0.        ,   0.        ,
          0.        ,   0.        ,   0.        ,   0.        ,
          0.        ,   0.        ,   0.        ,   0.        ,
          0.        ,   0.        ,   0.        ,   0.        ,
          0.        ,   0.        ,   0.        ,   0.        ,
          0.        ,   0.        ,   0.        ,   0.        ,
          0.        ,   0.        ,   0.        ,   0.        ,
          0.        ,   0.        ,   0.        ,   0.        ,
          0.        ,   0.        ,   0.        ],
       [ -0.69720995,   0.        ,   1.47986948,   0.        ,
         -1.83685386,   0.50838649,  -0.4451856 ,  -0.41611516,
          0.68976247,   0.36999124,   1.74943328,   0.        ,
          0.        ,   0.30965894,   0.        ,   0.53748089,
          0.        ,   0.        ,  -0.24250808,   0.51663953,
          0.        ,   0.        ,  -0.26161465,   0.10977611,
          2.97114229,  -1.2837559 ,   0.22328421,   2.16861033,
         -0.84595639,   0.41065553,  -0.79822946,   0.        ,
          0.10766077,  -0.67894977,  -1.43919909,   0.        ,
          0.        ,   0.        ,  -8.15844536,  -0.65979517,
          0.2914536 ,   0.        ,   0.25804472,   0.        ,
          0.14871025,   0.        ,  -1.49899626,   0.        ,
          0.3150751 ,   1.4857558 ,  -4.05174637,  -1.06178391,
          0.53589439,   0.        ,   0.        ,   0.        ,
         -0.1708163 ,   0.        ,   0.        ,   0.        ,
         -0.18184829,   0.        ,  -0.16103137,   0.        ,
          0.92758012,   0.        ,  -0.56241131,  -1.38526607,
          2.82765651,   0.53311634,  -0.25968409,   0.        ,
          0.        ,   0.19131994,  -0.86453915,  -0.13769579,
         -0.15525758,  -2.50953197,  -0.37288809,   0.10849339,
          0.85055113,   0.        ,  -0.14001781],
       [  0.08428249,  -3.87910676,   0.        ,  -0.66439772,
          3.22214437,  -0.10518651,   0.35235205,   0.        ,
         -0.54108495,  -0.51035488,   0.64478499,  -0.45826656,
          0.36221376,  -0.1953474 ,   0.        ,  -1.57242048,
          0.24204662,   0.        ,   0.13372822,  -2.42977738,
          0.39750636,   0.        ,  -0.76472962,   0.40780699,
         -3.89431119,  -4.28618479,   1.41155279,  -3.28743267,
          8.93146515,  -4.29636288,  14.02286243,   2.46543407,
          2.02503324,   1.64432049,  -9.84549618,   3.34529877,
         -1.3784349 ,   2.0475564 ,   0.96061975,   1.07342982,
         -4.19377804,  -1.14915133,   7.67537785,   0.        ,
         -2.24032807,   3.0590682 , -11.24840164,  -0.21430254,
          0.37409306,  -1.24900508,   0.77287894,   1.32964253,
         -2.86691952,  -0.21512556,  -0.23389345,   0.08057356,
          2.21408153,  -0.20479703,   0.2756803 ,   0.67227292,
          0.99806666,   0.29386258,   0.73107386,  -1.05437279,
          4.25938416,   0.        ,   0.        ,   1.84304094,
          3.81632829,  -0.46263218,   0.44305015,   0.28081918,
         -0.18499744,  -0.35411   ,   0.67229867,   0.79909062,
         -0.32250834,   0.40082008,   1.85146844,   1.04451513,
          4.26944256,  -0.16535449,  -1.98315656],
       [  0.        ,   0.        ,   0.        ,   0.        ,
          0.        ,   1.07178056,   0.        ,   0.        ,
          0.        ,   0.        ,   0.        ,   0.        ,
          0.        ,   0.        ,   0.        ,   0.        ,
          0.        ,   0.        ,   0.        ,   0.        ,
          0.        ,   0.        ,   0.        ,   0.        ,
          0.        ,   0.        ,   0.        ,   0.        ,
          0.        ,   0.        ,   0.        ,   0.        ,
          0.        ,   0.        ,   0.        ,   0.        ,
          0.        ,   0.        ,   0.        ,   0.        ,
          0.        ,   0.        ,   0.        ,   0.        ,
          0.        ,   0.        ,   0.        ,   0.        ,
          0.        ,   0.        ,   0.        ,   0.        ,
          0.        ,   0.        ,   0.        ,   0.        ,
          0.        ,   0.        ,   0.        ,   0.        ,
          0.        ,   0.        ,   0.        ,   0.        ,
          0.        ,   0.        ,   0.        ,   0.        ,
          0.        ,   0.        ,   0.        ,   0.        ,
          0.        ,   0.        ,   0.        ,   0.        ,
          0.        ,   0.        ,   0.        ,   0.        ,
          0.        ,   0.        ,   0.        ],
       [  3.1689508 ,  -1.89336944,  -3.16633439,  -2.96836686,
         -2.50672436,  -2.88813162,   2.08510542,   5.73556471,
         -4.52375412,   2.77226019,  -6.91428947,  -0.94868159,
          0.19063717,  -3.65344334,   0.16739136,  -1.82970381,
         -2.41373348,   1.19391942,  -1.30721807,   1.64837265,
         -1.605474  ,  -0.23575628,   3.14405155,  -3.82511997,
         -4.07688236,   0.668221  ,  -1.38640213,  -4.66248608,
         -5.85232067,  -6.45243788,  -2.03230071,  -0.80736768,
         -3.02426434,   2.80187726,  -1.59133589,  -3.76633787,
         -2.73603892,  -1.9786067 ,  -0.69198793,  -1.62894881,
          1.43398929,  -1.64778137,   3.41282082,   0.15605599,
         -7.48205042,   2.76251793,  -4.45427608,  -0.10667658,
         -3.55934429,   1.57103157,   3.96874595,  -0.2923519 ,
         -4.36928368,   0.04860735,   0.37835598,  -0.17304754,
          4.17087078,   0.11093611,   0.06367087,   1.00276136,
         -1.72733033,   0.        ,   3.57190418,  -0.22264922,
          1.89188385,   0.        ,   1.10909522,   0.492486  ,
         -2.27154756,  -0.07483172,   3.01082444,  -0.43096662,
         -0.14072898,   0.7981112 ,  -4.97247314,  -0.48676842,
          4.06218958,  -1.81621373,  -0.39031059,   1.20519352,
         -0.18649244,  -0.67643023,  -0.07163668]]), array([[ 0.00000000e+00,  0.00000000e+00,  1.00668073e+00,
         0.00000000e+00,  0.00000000e+00,  0.00000000e+00,
         0.00000000e+00,  0.00000000e+00,  0.00000000e+00,
         0.00000000e+00,  0.00000000e+00,  0.00000000e+00,
         0.00000000e+00,  0.00000000e+00,  0.00000000e+00,
         0.00000000e+00,  0.00000000e+00,  0.00000000e+00,
         0.00000000e+00,  0.00000000e+00,  0.00000000e+00,
         0.00000000e+00,  0.00000000e+00,  0.00000000e+00,
         0.00000000e+00,  0.00000000e+00,  0.00000000e+00,
         0.00000000e+00,  0.00000000e+00,  0.00000000e+00,
         0.00000000e+00,  0.00000000e+00,  0.00000000e+00,
         0.00000000e+00,  0.00000000e+00,  0.00000000e+00,
         0.00000000e+00,  0.00000000e+00,  0.00000000e+00,
         0.00000000e+00,  0.00000000e+00,  0.00000000e+00,
         0.00000000e+00,  0.00000000e+00,  0.00000000e+00,
         0.00000000e+00,  0.00000000e+00,  0.00000000e+00,
         0.00000000e+00,  0.00000000e+00,  0.00000000e+00,
         0.00000000e+00,  0.00000000e+00,  0.00000000e+00,
         0.00000000e+00,  0.00000000e+00,  0.00000000e+00,
         0.00000000e+00,  0.00000000e+00,  0.00000000e+00,
         0.00000000e+00,  0.00000000e+00,  0.00000000e+00,
         0.00000000e+00,  0.00000000e+00,  0.00000000e+00,
         0.00000000e+00,  0.00000000e+00,  0.00000000e+00,
         0.00000000e+00,  0.00000000e+00,  0.00000000e+00,
         0.00000000e+00,  0.00000000e+00,  0.00000000e+00,
         0.00000000e+00,  0.00000000e+00,  0.00000000e+00,
         0.00000000e+00,  0.00000000e+00,  0.00000000e+00,
         0.00000000e+00,  0.00000000e+00],
       [ 0.00000000e+00,  0.00000000e+00,  0.00000000e+00,
         9.94764030e-01,  0.00000000e+00,  0.00000000e+00,
         0.00000000e+00,  0.00000000e+00,  0.00000000e+00,
         0.00000000e+00,  0.00000000e+00,  0.00000000e+00,
         0.00000000e+00,  0.00000000e+00,  0.00000000e+00,
         0.00000000e+00,  0.00000000e+00,  0.00000000e+00,
         0.00000000e+00,  0.00000000e+00,  0.00000000e+00,
         0.00000000e+00,  0.00000000e+00,  0.00000000e+00,
         0.00000000e+00,  0.00000000e+00,  0.00000000e+00,
         0.00000000e+00,  0.00000000e+00,  0.00000000e+00,
         0.00000000e+00,  0.00000000e+00,  0.00000000e+00,
         0.00000000e+00,  0.00000000e+00,  0.00000000e+00,
         0.00000000e+00,  0.00000000e+00,  0.00000000e+00,
         0.00000000e+00,  0.00000000e+00,  0.00000000e+00,
         0.00000000e+00,  0.00000000e+00,  0.00000000e+00,
         0.00000000e+00,  0.00000000e+00,  0.00000000e+00,
         0.00000000e+00,  0.00000000e+00,  0.00000000e+00,
         0.00000000e+00,  0.00000000e+00,  0.00000000e+00,
         0.00000000e+00,  0.00000000e+00,  0.00000000e+00,
         0.00000000e+00,  0.00000000e+00,  0.00000000e+00,
         0.00000000e+00,  0.00000000e+00,  0.00000000e+00,
         0.00000000e+00,  0.00000000e+00,  0.00000000e+00,
         0.00000000e+00,  0.00000000e+00,  0.00000000e+00,
         0.00000000e+00,  0.00000000e+00,  0.00000000e+00,
         0.00000000e+00,  0.00000000e+00,  0.00000000e+00,
         0.00000000e+00,  0.00000000e+00,  0.00000000e+00,
         0.00000000e+00,  0.00000000e+00,  0.00000000e+00,
         0.00000000e+00,  0.00000000e+00],
       [-1.28347266e+00,  0.00000000e+00,  2.37037301e+00,
         0.00000000e+00, -3.15265298e-01,  8.33754063e-01,
        -6.70153737e-01, -3.18044037e-01,  6.20977044e-01,
         2.94053316e-01, -2.30597496e-01,  8.15786481e-01,
         0.00000000e+00,  2.16902643e-01,  0.00000000e+00,
         3.94512445e-01,  0.00000000e+00,  0.00000000e+00,
        -1.49383903e-01,  8.23327899e-01, -3.39249194e-01,
         0.00000000e+00, -1.86404407e-01,  2.03929007e-01,
         1.80566001e+00, -8.18502545e-01,  1.16316691e-01,
         2.19945979e+00,  0.00000000e+00,  5.85204840e-01,
         7.51575351e-01,  0.00000000e+00,  0.00000000e+00,
        -1.13874733e-01, -3.04359293e+00,  0.00000000e+00,
         0.00000000e+00,  0.00000000e+00, -1.33755236e+01,
         2.39585817e-01,  5.86162388e-01,  0.00000000e+00,
         0.00000000e+00, -1.44480169e-01,  2.34878197e-01,
         8.89009833e-01, -1.11683953e+00,  0.00000000e+00,
         2.27316976e-01,  4.86420870e+00,  0.00000000e+00,
        -2.09005308e+00, -1.59459746e+00,  0.00000000e+00,
         0.00000000e+00,  0.00000000e+00,  0.00000000e+00,
         0.00000000e+00,  0.00000000e+00, -1.77495956e-01,
         4.75657701e-01,  0.00000000e+00, -2.23041698e-01,
        -8.13914537e-01,  1.28955364e+00,  0.00000000e+00,
        -4.29442644e-01, -3.98536468e+00,  3.75095940e+00,
         7.28686690e-01,  3.95093918e-01,  0.00000000e+00,
         0.00000000e+00,  0.00000000e+00, -9.98373270e-01,
         0.00000000e+00, -1.19824111e-01, -1.79764807e+00,
         5.50390911e+00, -9.10712957e-01, -1.49165046e+00,
         0.00000000e+00,  0.00000000e+00],
       [ 2.30409622e+00, -5.29739189e+00, -6.58784866e+00,
        -3.43884754e+00, -4.60077667e+00, -4.13838577e+00,
         2.05751419e+00, -6.89407766e-01, -4.36841154e+00,
        -5.54495215e-01, -1.39489627e+00, -2.48501253e+00,
         4.97659445e-01,  7.84496427e-01,  1.41519070e-01,
         0.00000000e+00,  4.76471782e-01,  1.13434720e+00,
        -1.28675580e-01, -3.40587139e+00,  1.66874182e+00,
        -2.34489202e-01, -5.11309147e-01, -1.95162058e-01,
        -6.06313610e+00, -3.68221807e+00,  1.46826887e+00,
        -1.77983093e+00,  4.97183704e+00, -3.51805162e+00,
         4.03636837e+00,  1.82286549e+00,  4.17035866e+00,
         6.09707642e+00,  2.13792586e+00,  2.70176411e-01,
         5.96241951e-01, -8.39038730e-01,  7.28188801e+00,
        -1.18669224e+00,  2.06140947e+00, -1.80792594e+00,
         3.44650459e+00,  1.50806713e+00,  0.00000000e+00,
         1.66163802e+00, -5.24095154e+00,  0.00000000e+00,
         5.96770465e-01, -1.18256223e+00, -9.75346947e+00,
         2.52226710e+00,  0.00000000e+00, -1.74901605e-01,
        -4.20202017e-01, -3.04497004e-01,  2.48525143e-02,
         0.00000000e+00,  1.39110059e-01,  3.29675508e+00,
         5.15559435e-01, -6.11088872e-02, -4.14592862e-01,
         1.60479188e-01,  1.26226056e+00,  9.76210475e-01,
         3.64673555e-01,  2.79513860e+00,  6.67125511e+00,
         1.36021090e+00, -3.42147708e+00,  0.00000000e+00,
         0.00000000e+00,  1.94603515e+00,  1.78078341e+00,
         2.71165371e-02, -2.31124520e-01,  2.95652509e-01,
         1.44905198e+00,  6.75089216e+00, -1.81475139e+00,
         0.00000000e+00, -1.86483383e+00],
       [ 0.00000000e+00,  0.00000000e+00,  0.00000000e+00,
         0.00000000e+00,  0.00000000e+00,  1.07883263e+00,
         0.00000000e+00,  0.00000000e+00,  0.00000000e+00,
         0.00000000e+00,  0.00000000e+00,  0.00000000e+00,
         0.00000000e+00,  0.00000000e+00,  0.00000000e+00,
         0.00000000e+00,  0.00000000e+00,  0.00000000e+00,
         0.00000000e+00,  0.00000000e+00,  0.00000000e+00,
         0.00000000e+00,  0.00000000e+00,  0.00000000e+00,
         0.00000000e+00,  0.00000000e+00,  0.00000000e+00,
         0.00000000e+00,  0.00000000e+00,  0.00000000e+00,
         0.00000000e+00,  0.00000000e+00,  0.00000000e+00,
         0.00000000e+00,  0.00000000e+00,  0.00000000e+00,
         0.00000000e+00,  0.00000000e+00,  0.00000000e+00,
         0.00000000e+00,  0.00000000e+00,  0.00000000e+00,
         0.00000000e+00,  0.00000000e+00,  0.00000000e+00,
         0.00000000e+00,  0.00000000e+00,  0.00000000e+00,
         0.00000000e+00,  0.00000000e+00,  0.00000000e+00,
         0.00000000e+00,  0.00000000e+00,  0.00000000e+00,
         0.00000000e+00,  0.00000000e+00,  0.00000000e+00,
         0.00000000e+00,  0.00000000e+00,  0.00000000e+00,
         0.00000000e+00,  0.00000000e+00,  0.00000000e+00,
         0.00000000e+00,  0.00000000e+00,  0.00000000e+00,
         0.00000000e+00,  0.00000000e+00,  0.00000000e+00,
         0.00000000e+00,  0.00000000e+00,  0.00000000e+00,
         0.00000000e+00,  0.00000000e+00,  0.00000000e+00,
         0.00000000e+00,  0.00000000e+00,  0.00000000e+00,
         0.00000000e+00,  0.00000000e+00,  0.00000000e+00,
         0.00000000e+00,  0.00000000e+00],
       [ 1.14668000e+00,  0.00000000e+00, -7.58135939e+00,
        -1.34643281e+00, -3.44582634e+01,  2.38134718e+00,
         1.00348580e+00,  6.16912651e+00, -5.37602282e+00,
         2.88309431e+00, -1.45210552e+01,  1.95293462e+00,
         0.00000000e+00, -3.10868263e+00,  1.21519089e-01,
         1.58410251e+00, -3.13014889e+00,  2.76093841e+00,
        -1.63454103e+00,  6.42721558e+00, -1.72022438e+00,
        -1.23109192e-01,  1.28977573e+00, -3.92714763e+00,
        -1.06902008e+01,  7.63587952e+00, -1.87288868e+00,
         7.42522240e+00,  5.24858284e+00,  1.40991678e+01,
         1.43488369e+01, -1.32433951e+00, -6.05814075e+00,
        -7.25167656e+00, -1.04376917e+01,  2.01660919e+00,
         0.00000000e+00, -9.22163963e+00,  1.22820747e+00,
        -1.70423269e-01,  0.00000000e+00,  1.77198291e+00,
         5.72441292e+00, -6.09463692e+00, -7.05338287e+00,
        -2.97445774e+00, -6.43645859e+00,  0.00000000e+00,
        -1.87001562e+00,  8.83306980e+00,  1.20850754e+01,
        -5.70054150e+00, -2.75820017e+00,  0.00000000e+00,
         5.61851501e-01,  2.51988506e+00,  3.48452425e+00,
        -2.31479645e-01, -2.62341022e-01,  3.14164579e-01,
        -2.72732496e+00,  1.07859612e+00,  2.82705879e+00,
         2.41918850e+00,  2.65838718e+00, -3.27760696e-01,
         0.00000000e+00, -3.92774963e+00, -4.93778324e+00,
         4.22177410e+00,  3.31547260e+00,  0.00000000e+00,
         0.00000000e+00, -1.38197899e+00, -4.84782791e+00,
         6.83028221e-01,  3.42909813e+00, -3.38552189e+00,
         3.77461004e+00, -1.40254068e+00, -4.71338558e+00,
         0.00000000e+00,  2.01574707e+00]]), array([[  0.        ,   0.        ,   1.00664914,   0.        ,
          0.        ,   0.        ,   0.        ,   0.        ,
          0.        ,   0.        ,   0.        ,   0.        ,
          0.        ,   0.        ,   0.        ,   0.        ,
          0.        ,   0.        ,   0.        ,   0.        ,
          0.        ,   0.        ,   0.        ,   0.        ,
          0.        ,   0.        ,   0.        ,   0.        ,
          0.        ,   0.        ,   0.        ,   0.        ,
          0.        ,   0.        ,   0.        ,   0.        ,
          0.        ,   0.        ,   0.        ,   0.        ,
          0.        ,   0.        ,   0.        ,   0.        ,
          0.        ,   0.        ,   0.        ,   0.        ,
          0.        ,   0.        ,   0.        ,   0.        ,
          0.        ,   0.        ,   0.        ,   0.        ,
          0.        ,   0.        ,   0.        ,   0.        ,
          0.        ,   0.        ,   0.        ,   0.        ,
          0.        ,   0.        ,   0.        ,   0.        ,
          0.        ,   0.        ,   0.        ,   0.        ,
          0.        ,   0.        ,   0.        ,   0.        ,
          0.        ,   0.        ,   0.        ,   0.        ,
          0.        ,   0.        ,   0.        ],
       [  0.        ,   0.        ,   0.        ,   1.00494528,
          0.        ,   0.        ,   0.        ,   0.        ,
          0.        ,   0.        ,   0.        ,   0.        ,
          0.        ,   0.        ,   0.        ,   0.        ,
          0.        ,   0.        ,   0.        ,   0.        ,
          0.        ,   0.        ,   0.        ,   0.        ,
          0.12620769,   0.        ,   0.        ,   0.        ,
          0.        ,   0.        ,   0.        ,   0.        ,
          0.        ,   0.        ,   0.        ,   0.        ,
          0.        ,   0.        ,   0.        ,   0.        ,
          0.        ,   0.        ,   0.        ,   0.        ,
          0.        ,   0.        ,   0.        ,   0.        ,
          0.        ,   0.        ,   0.        ,   0.        ,
          0.        ,   0.        ,   0.        ,   0.        ,
          0.        ,   0.        ,   0.        ,   0.        ,
          0.        ,   0.        ,   0.        ,   0.        ,
          0.        ,   0.        ,   0.        ,   0.        ,
          0.        ,   0.        ,   0.        ,   0.        ,
          0.        ,   0.        ,   0.        ,   0.        ,
          0.        ,   0.        ,   0.        ,   0.        ,
          0.        ,   0.        ,   0.        ],
       [  0.16204841,   0.        ,  -0.32215059,   0.        ,
         -3.21444464,  -0.56830382,   0.61597186,   0.        ,
         -1.85872269,   0.6660893 ,  -3.95290399,   0.492663  ,
          0.        ,   0.        ,   0.        ,   0.        ,
          0.        ,   1.1308887 ,  -0.63695943,   4.10296154,
         -0.59767735,   0.        ,  -0.7570582 ,   0.        ,
          3.82125759,  -2.08687949,   0.16966599,   1.50708854,
         -2.20774317,  -0.62932521,  -3.81802273,   2.24146318,
          1.30762112,   0.19698793,   1.5696454 ,   1.67209482,
         -1.45087409,  -3.32757545,  -7.84789562,   0.8993336 ,
          1.315835  ,   0.        ,  -0.96109134,  -1.19776773,
          0.33653128,   1.65625072,   0.        ,  -0.45906603,
         -0.24725795,   2.98420382,  -7.08284187,   0.08953941,
          1.68678772,  -0.21083534,  -0.11358696,   0.71680129,
         -0.20524192,   0.        ,   0.15094805,   0.61328512,
          0.        ,   0.20495081,  -0.20750928,  -1.47733903,
          0.51739478,   0.27747411,   0.        ,  -5.88781261,
          5.50422001,   0.55466324,  -0.68367267,   0.1438942 ,
         -0.14092657,  -0.13655043,  -0.63703555,   0.21169519,
          0.        ,  -7.5048213 ,   4.63453102,   0.70632166,
          0.        ,   0.20445871,   0.        ],
       [  2.84188151,  -3.31707835,  -7.1228652 ,  -0.61954778,
         -0.46372151,  -5.13611507,   3.43522954,   0.23363763,
         -7.01805162,   0.33597744, -15.0255127 ,   0.        ,
          0.30007684,   0.        ,   0.        ,  -1.18518639,
          0.42889941,   2.66553783,  -0.82012236,   7.87694407,
         -1.64948785,   0.        ,  -0.63104618,  -0.35987759,
         -3.3514967 ,  -5.79495907,   1.00057101,  -8.91164589,
          2.2425251 , -15.1383419 ,   3.18156838,   3.63027978,
          3.45412564,   9.00240898,  -0.95745468,   1.65549755,
          0.        ,  -6.22746801,  -0.71021497,   8.89422512,
          2.69056392,  -5.3761797 ,   2.64042616,   0.81323051,
         -1.28895235,   8.87508965,  -2.19889307,  -2.94528055,
          0.        ,   1.61472332,   9.79121304,   4.48085403,
          0.        ,  -0.27204418,  -0.29768968,   0.75110972,
          1.10226917,   0.        ,   0.22812116,   3.57748628,
         -0.07472706,  -0.30278206,   0.640306  ,  -3.99812055,
         -0.19199824,   2.56116962,   0.        ,  -5.58602047,
         -6.87730312,   0.31099606,   1.87541831,   0.21441984,
          0.        ,   1.02527571,  -1.45766175,   1.57031727,
          0.9959693 ,  -3.243608  ,   0.83258533,   1.61157453,
          4.19404364,   1.42735553,  -0.29509258],
       [  0.        ,   0.        ,   0.        ,   0.        ,
          0.        ,   1.11416566,   0.        ,   0.        ,
          0.        ,   0.        ,   0.        ,   0.        ,
          0.        ,   0.        ,   0.        ,   0.        ,
          0.        ,   0.        ,   0.        ,   0.        ,
          0.        ,   0.        ,   0.        ,   0.        ,
          0.        ,   0.        ,   0.        ,   0.        ,
          0.        ,   0.        ,   0.        ,   0.        ,
          0.        ,   0.        ,   0.        ,   0.        ,
          0.        ,   0.        ,   0.        ,   0.        ,
          0.        ,   0.        ,   0.        ,   0.        ,
          0.        ,   0.        ,   0.        ,   0.        ,
          0.        ,   0.        ,   0.        ,   0.        ,
          0.        ,   0.        ,   0.        ,   0.        ,
          0.        ,   0.        ,   0.        ,   0.        ,
          0.        ,   0.        ,   0.        ,   0.        ,
          0.        ,   0.        ,   0.        ,   0.        ,
          0.        ,   0.        ,   0.        ,   0.        ,
          0.        ,   0.        ,   0.        ,   0.        ,
          0.        ,   0.        ,   0.        ,   0.        ,
          0.        ,   0.        ,   0.        ],
       [  6.33696651,  -0.13642633, -15.72771072,  -3.33009815,
        -27.11954308,  -4.49910975,   5.51514244,   3.35986614,
        -14.0993824 ,   3.37463927, -34.69404221,   1.90858698,
          0.        ,  -1.00576544,   0.24576819,   2.38935876,
         -2.22581172,   5.58266544,  -2.25817251,  18.16275406,
         -4.64735222,  -0.2865926 ,   3.20276976,  -4.88935184,
         -6.07946491,   1.88346863,  -2.48033857,   4.35627747,
          9.14038944,   0.        ,  13.82978344,  -4.99589205,
         -8.62852383,   6.70769739,  -0.49056435,  -0.65905797,
          4.12932014, -24.40096283,   6.30817127,  10.83790398,
          6.4781642 ,  -6.9055748 ,   1.77459764,  -1.88258815,
         -6.04905033,  10.02854919,  -4.85207415,  -1.07958913,
         -0.34130383,  25.62790871,   7.03310251,   0.70142508,
          0.        ,   0.41160613,   0.81491566,   0.27950668,
          2.20657158,  -0.14750123,  -0.58571911,   2.22190332,
         -3.52170634,  -0.62289429,   2.34816551,   0.19163322,
          4.5843854 ,   0.85216832,   0.        ,  -6.24316645,
         -0.70609653,   5.29538631,   5.61254883,  -0.17895889,
          0.39435005,  -3.01700759,  -4.40946817,   1.37256527,
          3.38619995,  -8.21104908,  -9.32436466,  21.95013237,
         14.43933582,  -1.82331753,  -0.46587276]]), array([[ 0.00000000e+00,  0.00000000e+00,  1.00826859e+00,
         0.00000000e+00,  0.00000000e+00,  0.00000000e+00,
         0.00000000e+00,  0.00000000e+00,  0.00000000e+00,
         0.00000000e+00,  0.00000000e+00,  0.00000000e+00,
         0.00000000e+00,  0.00000000e+00,  0.00000000e+00,
         0.00000000e+00,  0.00000000e+00,  0.00000000e+00,
         0.00000000e+00,  0.00000000e+00,  0.00000000e+00,
         0.00000000e+00,  0.00000000e+00,  0.00000000e+00,
         0.00000000e+00,  0.00000000e+00,  0.00000000e+00,
         0.00000000e+00,  0.00000000e+00,  0.00000000e+00,
         0.00000000e+00,  0.00000000e+00,  0.00000000e+00,
         0.00000000e+00,  0.00000000e+00,  0.00000000e+00,
         0.00000000e+00,  0.00000000e+00,  0.00000000e+00,
         0.00000000e+00,  0.00000000e+00,  0.00000000e+00,
         0.00000000e+00,  0.00000000e+00,  0.00000000e+00,
         0.00000000e+00,  0.00000000e+00,  0.00000000e+00,
         0.00000000e+00,  0.00000000e+00,  0.00000000e+00,
         0.00000000e+00,  0.00000000e+00,  0.00000000e+00,
         0.00000000e+00,  0.00000000e+00,  0.00000000e+00,
         0.00000000e+00,  0.00000000e+00,  0.00000000e+00,
         0.00000000e+00,  0.00000000e+00,  0.00000000e+00,
         0.00000000e+00,  0.00000000e+00,  0.00000000e+00,
         0.00000000e+00,  0.00000000e+00,  0.00000000e+00,
         0.00000000e+00,  0.00000000e+00,  0.00000000e+00,
         0.00000000e+00,  0.00000000e+00,  0.00000000e+00,
         0.00000000e+00,  0.00000000e+00,  0.00000000e+00,
         0.00000000e+00,  0.00000000e+00,  0.00000000e+00,
         0.00000000e+00,  0.00000000e+00],
       [ 0.00000000e+00,  0.00000000e+00,  0.00000000e+00,
         9.97102678e-01,  0.00000000e+00,  0.00000000e+00,
         0.00000000e+00,  0.00000000e+00,  0.00000000e+00,
         0.00000000e+00,  0.00000000e+00,  0.00000000e+00,
         0.00000000e+00,  0.00000000e+00,  0.00000000e+00,
         0.00000000e+00,  0.00000000e+00,  0.00000000e+00,
         0.00000000e+00,  0.00000000e+00,  0.00000000e+00,
         0.00000000e+00,  0.00000000e+00,  0.00000000e+00,
         0.00000000e+00,  0.00000000e+00,  0.00000000e+00,
         0.00000000e+00,  0.00000000e+00,  0.00000000e+00,
         0.00000000e+00,  0.00000000e+00,  0.00000000e+00,
         0.00000000e+00,  0.00000000e+00,  0.00000000e+00,
         0.00000000e+00,  0.00000000e+00,  0.00000000e+00,
         0.00000000e+00,  0.00000000e+00,  0.00000000e+00,
         0.00000000e+00,  0.00000000e+00,  0.00000000e+00,
         0.00000000e+00,  0.00000000e+00,  0.00000000e+00,
         0.00000000e+00,  0.00000000e+00,  0.00000000e+00,
         0.00000000e+00,  0.00000000e+00,  0.00000000e+00,
         0.00000000e+00,  0.00000000e+00,  0.00000000e+00,
         0.00000000e+00,  0.00000000e+00,  0.00000000e+00,
         0.00000000e+00,  0.00000000e+00,  0.00000000e+00,
         0.00000000e+00,  0.00000000e+00,  0.00000000e+00,
         0.00000000e+00,  0.00000000e+00,  0.00000000e+00,
         0.00000000e+00,  0.00000000e+00,  0.00000000e+00,
         0.00000000e+00,  0.00000000e+00,  0.00000000e+00,
         0.00000000e+00,  0.00000000e+00,  0.00000000e+00,
         0.00000000e+00,  0.00000000e+00,  0.00000000e+00,
         0.00000000e+00,  0.00000000e+00],
       [-1.23595381e+00,  0.00000000e+00,  9.55769181e-01,
         0.00000000e+00,  6.52284995e-02,  0.00000000e+00,
         0.00000000e+00,  0.00000000e+00, -1.29908574e+00,
         7.84253299e-01, -5.21827745e+00,  1.03925824e+00,
         0.00000000e+00,  0.00000000e+00,  0.00000000e+00,
         0.00000000e+00,  0.00000000e+00,  7.22827613e-01,
        -7.03414738e-01,  2.50406623e+00, -1.99425936e-01,
         0.00000000e+00, -4.82917190e-01,  0.00000000e+00,
        -1.95845366e-02, -1.76954076e-01,  1.90671369e-01,
         1.83429110e+00, -2.12458158e+00,  0.00000000e+00,
        -3.26893544e+00,  2.83605647e+00,  1.23557746e-01,
        -8.93300653e-01,  3.96369290e+00,  2.22836566e+00,
        -1.88630509e+00, -7.77672243e+00,  3.87621808e+00,
         4.71197009e-01,  0.00000000e+00, -7.87147224e-01,
         0.00000000e+00, -1.06603086e+00,  1.56667852e+00,
         3.41173363e+00, -1.14510369e+00, -3.51595879e-01,
         2.13124335e-01,  8.96266365e+00, -6.52051497e+00,
        -1.01671517e+00,  1.12791252e+00, -2.70834446e-01,
         0.00000000e+00,  8.56267452e-01, -1.25415325e+00,
         0.00000000e+00,  1.11040831e-01,  1.31670737e+00,
        -1.51107216e+00,  1.95165873e-01, -3.45853329e-01,
        -2.05625534e+00,  1.54038191e-01,  2.37060606e-01,
        -9.34748650e-02, -7.53972483e+00,  5.28531790e-01,
         4.09888327e-01, -1.15930319e-01,  1.85362220e-01,
        -1.66581154e-01, -2.82393783e-01,  1.24254465e-01,
         1.19168758e-01, -1.35735035e-01, -3.55024457e+00,
        -3.49120951e+00, -2.43578076e+00,  3.26565742e-01,
         5.34392715e-01,  1.83703363e-01],
       [ 3.14740658e-01, -3.61829042e+00, -3.12960339e+00,
        -3.16185331e+00,  1.74231505e+00, -1.01360500e+00,
         0.00000000e+00,  1.93045124e-01, -2.03428936e+00,
        -2.27851912e-01, -1.72176051e+00, -3.80432534e+00,
         3.25768203e-01,  0.00000000e+00,  1.72326356e-01,
        -9.36444640e-01,  4.32543874e-01,  1.01922703e+00,
        -2.82998502e-01,  4.57461119e-01,  2.40520692e+00,
        -2.45393634e-01, -8.75668347e-01,  5.95703363e-01,
         1.94248176e+00, -6.19301367e+00,  1.97204828e+00,
        -1.93736744e+00,  3.64977455e+00,  1.69518203e-01,
         1.03494453e+00,  2.72071195e+00,  3.14121175e+00,
        -9.41463828e-01,  5.31892776e+00,  2.73717213e+00,
        -1.79160619e+00,  7.73433447e-02, -5.08326292e-03,
        -7.72687197e-01,  6.98702621e+00,  1.11611009e-01,
         1.99769592e+00, -3.39903498e+00,  0.00000000e+00,
         1.29381967e+00, -1.66535544e+00, -2.46214724e+00,
        -4.35433805e-01,  8.87613058e-01, -2.14818478e-01,
         6.98577547e+00,  1.16726148e+00, -2.35382915e-01,
        -3.05230618e-01,  3.36195731e+00, -1.77813768e-01,
         0.00000000e+00,  2.68140316e-01,  4.61920738e+00,
         2.91546941e-01,  5.40407419e-01, -5.36062717e-01,
        -3.43357593e-01,  4.38307047e-01,  2.48178148e+00,
         9.85621691e-01,  1.55377960e+00,  1.93721819e+00,
        -3.59471822e+00,  1.82511568e-01,  2.83280849e-01,
        -2.10916519e-01,  3.74021125e+00,  4.98471618e-01,
        -1.24399662e-01,  5.89504302e-01, -8.72596502e-02,
        -8.36879089e-02, -6.21124029e-01,  6.47155190e+00,
         6.40911341e-01, -1.29474735e+00],
       [ 0.00000000e+00,  0.00000000e+00,  0.00000000e+00,
         0.00000000e+00,  0.00000000e+00,  1.08690596e+00,
         0.00000000e+00,  0.00000000e+00,  0.00000000e+00,
         0.00000000e+00,  0.00000000e+00,  0.00000000e+00,
         0.00000000e+00,  0.00000000e+00,  0.00000000e+00,
         0.00000000e+00,  0.00000000e+00,  0.00000000e+00,
         0.00000000e+00,  0.00000000e+00,  0.00000000e+00,
         0.00000000e+00,  0.00000000e+00,  0.00000000e+00,
         0.00000000e+00,  0.00000000e+00,  0.00000000e+00,
         0.00000000e+00,  0.00000000e+00,  0.00000000e+00,
         0.00000000e+00,  0.00000000e+00,  0.00000000e+00,
         0.00000000e+00,  0.00000000e+00,  0.00000000e+00,
         0.00000000e+00,  0.00000000e+00,  0.00000000e+00,
         0.00000000e+00,  0.00000000e+00,  0.00000000e+00,
         0.00000000e+00,  0.00000000e+00,  0.00000000e+00,
         0.00000000e+00,  0.00000000e+00,  0.00000000e+00,
         0.00000000e+00,  0.00000000e+00,  0.00000000e+00,
         0.00000000e+00,  0.00000000e+00,  0.00000000e+00,
         0.00000000e+00,  0.00000000e+00,  0.00000000e+00,
         0.00000000e+00,  0.00000000e+00,  0.00000000e+00,
         0.00000000e+00,  0.00000000e+00,  0.00000000e+00,
         0.00000000e+00,  0.00000000e+00,  0.00000000e+00,
         0.00000000e+00,  0.00000000e+00,  0.00000000e+00,
         0.00000000e+00,  0.00000000e+00,  0.00000000e+00,
         0.00000000e+00,  0.00000000e+00,  0.00000000e+00,
         0.00000000e+00,  0.00000000e+00,  0.00000000e+00,
         0.00000000e+00,  0.00000000e+00,  0.00000000e+00,
         0.00000000e+00,  0.00000000e+00],
       [-7.81351030e-01, -1.69440001e-01, -9.99836862e-01,
        -4.03930092e+00, -3.02556801e+01,  5.99097919e+00,
         0.00000000e+00,  3.60080814e+00, -3.58339572e+00,
         2.76644945e+00, -1.37830563e+01,  1.76705861e+00,
         0.00000000e+00, -2.82506371e+00,  2.65293479e-01,
         5.33504486e-02, -2.53865337e+00,  2.30257130e+00,
        -1.67713857e+00,  1.07965651e+01, -3.66338491e+00,
        -4.03763294e-01,  0.00000000e+00, -3.04473400e+00,
         2.39903164e+00,  3.02946138e+00, -2.65315294e+00,
         1.56008148e+01,  1.47683859e+01,  2.59571018e+01,
         2.90619602e+01, -3.27496529e+00, -7.42388344e+00,
        -1.90449257e+01, -2.05177116e+01,  5.58855152e+00,
         8.54914570e+00, -1.97508125e+01,  7.44401789e+00,
        -2.74999952e+00, -9.37100410e+00,  4.00389957e+00,
         8.51224518e+00, -5.13667870e+00, -6.29234791e+00,
        -5.96467495e-01, -1.52630863e+01,  2.14529514e+00,
         1.89332330e+00,  3.36309929e+01,  0.00000000e+00,
        -1.07276201e+01, -5.52715826e+00,  1.23195648e-01,
         6.43150389e-01,  2.18930054e+00,  2.54857159e+00,
        -4.98186111e-01, -8.11745167e-01,  6.28473282e-01,
        -4.38393927e+00, -2.75449753e-01,  2.78201675e+00,
         8.02964211e-01,  8.35257149e+00, -2.03772974e+00,
        -2.81390595e+00, -1.02006016e+01,  5.82849360e+00,
         4.83909416e+00,  6.78569984e+00,  2.92401314e-01,
         7.64862061e-01, -1.20558500e+00, -5.21844292e+00,
        -1.88239479e+00,  1.61354160e+00,  4.23383188e+00,
        -6.40212440e+00,  3.20986366e+00,  8.23657417e+00,
        -8.66243839e-01,  7.64543533e-01]]), array([[ 0.00000000e+00,  0.00000000e+00,  1.00529337e+00,
         0.00000000e+00,  0.00000000e+00,  0.00000000e+00,
         0.00000000e+00,  0.00000000e+00,  0.00000000e+00,
         0.00000000e+00,  0.00000000e+00,  0.00000000e+00,
         0.00000000e+00,  0.00000000e+00,  0.00000000e+00,
         0.00000000e+00,  0.00000000e+00,  0.00000000e+00,
         0.00000000e+00,  0.00000000e+00,  0.00000000e+00,
         0.00000000e+00,  0.00000000e+00,  0.00000000e+00,
         0.00000000e+00,  0.00000000e+00,  0.00000000e+00,
         0.00000000e+00,  0.00000000e+00,  0.00000000e+00,
         0.00000000e+00,  0.00000000e+00,  0.00000000e+00,
         0.00000000e+00,  0.00000000e+00,  0.00000000e+00,
         0.00000000e+00,  0.00000000e+00,  0.00000000e+00,
         0.00000000e+00,  0.00000000e+00,  0.00000000e+00,
         0.00000000e+00,  0.00000000e+00,  0.00000000e+00,
         0.00000000e+00,  0.00000000e+00,  0.00000000e+00,
         0.00000000e+00,  0.00000000e+00,  0.00000000e+00,
         0.00000000e+00,  0.00000000e+00,  0.00000000e+00,
         0.00000000e+00,  0.00000000e+00,  0.00000000e+00,
         0.00000000e+00,  0.00000000e+00,  0.00000000e+00,
         0.00000000e+00,  0.00000000e+00,  0.00000000e+00,
         0.00000000e+00,  0.00000000e+00,  0.00000000e+00,
         0.00000000e+00,  0.00000000e+00,  0.00000000e+00,
         0.00000000e+00,  0.00000000e+00,  0.00000000e+00,
         0.00000000e+00,  0.00000000e+00,  0.00000000e+00,
         0.00000000e+00,  0.00000000e+00,  0.00000000e+00,
         0.00000000e+00,  0.00000000e+00,  0.00000000e+00,
         0.00000000e+00,  0.00000000e+00],
       [ 0.00000000e+00,  0.00000000e+00,  0.00000000e+00,
         1.00379777e+00,  0.00000000e+00,  0.00000000e+00,
         0.00000000e+00,  0.00000000e+00,  0.00000000e+00,
         0.00000000e+00,  0.00000000e+00,  0.00000000e+00,
         0.00000000e+00,  0.00000000e+00,  0.00000000e+00,
         0.00000000e+00,  0.00000000e+00,  0.00000000e+00,
         0.00000000e+00,  0.00000000e+00,  0.00000000e+00,
         0.00000000e+00,  0.00000000e+00,  0.00000000e+00,
         1.11109011e-01,  0.00000000e+00,  0.00000000e+00,
         0.00000000e+00,  0.00000000e+00,  0.00000000e+00,
         0.00000000e+00,  0.00000000e+00,  0.00000000e+00,
         0.00000000e+00,  0.00000000e+00,  0.00000000e+00,
         0.00000000e+00,  0.00000000e+00,  0.00000000e+00,
         0.00000000e+00,  0.00000000e+00,  0.00000000e+00,
         0.00000000e+00,  0.00000000e+00,  0.00000000e+00,
         0.00000000e+00,  0.00000000e+00,  0.00000000e+00,
         0.00000000e+00,  0.00000000e+00,  0.00000000e+00,
         0.00000000e+00,  0.00000000e+00,  0.00000000e+00,
         0.00000000e+00,  0.00000000e+00,  0.00000000e+00,
         0.00000000e+00,  0.00000000e+00,  0.00000000e+00,
         0.00000000e+00,  0.00000000e+00,  0.00000000e+00,
         0.00000000e+00,  0.00000000e+00,  0.00000000e+00,
         0.00000000e+00,  0.00000000e+00,  0.00000000e+00,
         0.00000000e+00,  0.00000000e+00,  0.00000000e+00,
         0.00000000e+00,  0.00000000e+00,  0.00000000e+00,
         0.00000000e+00,  0.00000000e+00,  0.00000000e+00,
         0.00000000e+00,  0.00000000e+00,  0.00000000e+00,
         0.00000000e+00,  0.00000000e+00],
       [-2.25212127e-01,  0.00000000e+00,  9.02522027e-01,
         0.00000000e+00, -2.97402889e-01, -6.21889174e-01,
         0.00000000e+00, -1.83922857e-01, -8.02570105e-01,
         3.74314904e-01, -2.37645483e+00,  4.67511684e-01,
         0.00000000e+00,  3.27052087e-01,  0.00000000e+00,
         7.86909938e-01,  0.00000000e+00,  7.10730255e-01,
        -1.54811800e-01,  2.32511687e+00, -3.78313750e-01,
         0.00000000e+00,  2.40603417e-01,  0.00000000e+00,
         1.43216062e+00, -1.51906216e+00,  2.09149361e-01,
         2.31344891e+00,  3.63327146e-01,  1.08963370e+00,
        -2.44047999e-01,  0.00000000e+00,  0.00000000e+00,
        -1.07843614e+00, -6.89261615e-01,  0.00000000e+00,
         1.08620852e-01, -2.27907825e+00, -1.25837765e+01,
         0.00000000e+00,  1.48261750e+00,  3.01496416e-01,
        -1.12393534e+00,  0.00000000e+00,  5.93482792e-01,
         0.00000000e+00,  3.53164405e-01,  3.03812146e-01,
         3.51476908e-01,  2.57781982e+00,  0.00000000e+00,
        -2.02164650e+00, -8.19251060e-01,  0.00000000e+00,
         0.00000000e+00,  0.00000000e+00, -3.54063600e-01,
         0.00000000e+00,  0.00000000e+00,  0.00000000e+00,
         5.22879183e-01,  1.04231596e-01, -4.18348521e-01,
        -5.88998318e-01,  4.32541549e-01, -2.45423317e-01,
        -3.04012179e-01, -5.40254641e+00,  0.00000000e+00,
         1.94748163e+00,  1.28142500e+00,  0.00000000e+00,
         0.00000000e+00, -4.55527782e-01, -6.42073452e-01,
         1.55089498e-01, -1.89412594e-01, -6.14990902e+00,
        -1.49300146e+00,  6.08672798e-01,  1.46549654e+00,
         3.04352283e-01,  1.47090733e-01],
       [ 1.86876774e+00, -4.35723162e+00, -3.48856544e+00,
        -8.35801661e-01,  2.08957362e+00, -3.43606162e+00,
         1.39793015e+00, -1.48231292e+00, -4.63856125e+00,
        -6.29297137e-01, -5.95930338e+00, -9.44393575e-01,
         4.11850810e-01,  1.05795383e+00,  0.00000000e+00,
        -3.80649924e-01,  7.27651894e-01,  2.88032770e+00,
         2.90847182e-01,  5.54388618e+00,  8.30283165e-02,
         0.00000000e+00,  4.19553995e-01,  0.00000000e+00,
        -3.90578508e-02, -6.59541512e+00,  1.75195599e+00,
        -1.03464184e+01,  7.58045197e+00, -1.85270252e+01,
         6.48809385e+00, -1.13011956e+00,  5.64338923e+00,
         1.08903532e+01, -2.75635028e+00, -5.02201557e+00,
         1.16943073e+00, -2.89558053e+00, -3.54700255e+00,
         5.29050636e+00,  3.04290128e+00, -5.65123749e+00,
         1.77058983e+00,  9.49168801e-02, -1.44202113e+00,
         8.04415894e+00, -1.28717244e+00, -3.89952564e+00,
        -3.93785954e-01, -4.76268291e+00,  7.89007521e+00,
         7.62486649e+00, -3.10440063e-01,  2.09615707e-01,
        -5.93500376e-01,  1.08743584e+00,  2.16226053e+00,
         2.55689621e-01,  2.07623005e-01,  4.04921007e+00,
         3.84700727e+00, -2.79419661e-01,  5.20448685e-02,
        -2.41200876e+00,  1.97005272e-02,  3.55488396e+00,
         1.15478802e+00,  1.52770090e+00, -2.23621750e+00,
        -3.73921156e-01, -9.09662247e-02, -3.29228401e-01,
         0.00000000e+00,  3.83704591e+00,  1.96196461e+00,
         5.13068199e-01,  3.86873722e-01, -2.67172956e+00,
         1.24687231e+00,  6.64792156e+00,  4.82029867e+00,
         6.30020380e-01, -1.63752031e+00],
       [ 0.00000000e+00,  0.00000000e+00,  0.00000000e+00,
         0.00000000e+00,  0.00000000e+00,  1.07613468e+00,
         0.00000000e+00,  0.00000000e+00,  0.00000000e+00,
         0.00000000e+00,  0.00000000e+00,  0.00000000e+00,
         0.00000000e+00,  0.00000000e+00,  0.00000000e+00,
         0.00000000e+00,  0.00000000e+00,  0.00000000e+00,
         0.00000000e+00,  0.00000000e+00,  0.00000000e+00,
         0.00000000e+00,  0.00000000e+00,  0.00000000e+00,
         0.00000000e+00,  0.00000000e+00,  0.00000000e+00,
         0.00000000e+00,  0.00000000e+00,  0.00000000e+00,
         0.00000000e+00,  0.00000000e+00,  0.00000000e+00,
         0.00000000e+00,  0.00000000e+00,  0.00000000e+00,
         0.00000000e+00,  0.00000000e+00,  0.00000000e+00,
         0.00000000e+00,  0.00000000e+00,  0.00000000e+00,
         0.00000000e+00,  0.00000000e+00,  0.00000000e+00,
         0.00000000e+00,  0.00000000e+00,  0.00000000e+00,
         0.00000000e+00,  0.00000000e+00,  0.00000000e+00,
         0.00000000e+00,  0.00000000e+00,  0.00000000e+00,
         0.00000000e+00,  0.00000000e+00,  0.00000000e+00,
         0.00000000e+00,  0.00000000e+00,  0.00000000e+00,
         0.00000000e+00,  0.00000000e+00,  0.00000000e+00,
         0.00000000e+00,  0.00000000e+00,  0.00000000e+00,
         0.00000000e+00,  0.00000000e+00,  0.00000000e+00,
         0.00000000e+00,  0.00000000e+00,  0.00000000e+00,
         0.00000000e+00,  0.00000000e+00,  0.00000000e+00,
         0.00000000e+00,  0.00000000e+00,  0.00000000e+00,
         0.00000000e+00,  0.00000000e+00,  0.00000000e+00,
         0.00000000e+00,  0.00000000e+00],
       [-5.58063936e+00,  1.99527037e+00,  5.15538263e+00,
        -1.78053391e+00, -3.19136181e+01,  1.95903473e+01,
        -4.66516829e+00,  4.91754627e+00,  7.27335739e+00,
         8.31930280e-01,  6.83208418e+00, -4.12733889e+00,
        -2.09058404e-01, -3.18263054e+00,  2.21103907e-01,
        -4.48272467e-01, -2.99200940e+00, -2.19438982e+00,
         1.41212463e-01, -1.61296558e+00, -1.75242615e+00,
        -2.03176498e-01, -1.46772385e+00,  0.00000000e+00,
         2.79631138e-01, -1.78744924e+00, -1.69228458e+00,
        -2.24343467e+00,  1.20611372e+01, -1.15886650e+01,
         1.76188202e+01, -6.18928492e-01, -3.96726680e+00,
         1.14905663e+01, -1.81186180e+01, -2.61682129e+00,
        -1.95079970e+00, -6.70341849e-02,  6.84415340e+00,
         3.88756490e+00, -5.28131104e+00, -8.19542313e+00,
         6.72978878e+00,  7.36382961e-01, -1.11173477e+01,
         8.56833076e+00, -9.56000900e+00, -2.73854733e+00,
        -1.46341419e+00, -1.26993060e-02,  4.15626955e+00,
         4.08379555e+00,  3.03648424e+00,  0.00000000e+00,
         2.65141487e-01,  4.01639581e-01,  6.32667923e+00,
         0.00000000e+00,  0.00000000e+00,  2.55775738e+00,
        -5.86010814e-01,  2.50026941e-01,  3.32751560e+00,
         2.16205025e+00,  5.41687250e+00,  2.78038359e+00,
        -7.84499645e-01,  9.25306225e+00,  5.51069403e+00,
         1.42897701e+00, -7.30955839e-01, -4.01418686e-01,
        -3.32500458e-01,  8.71886432e-01, -2.37218571e+00,
         1.96748829e+00,  1.69489479e+00, -5.38045025e+00,
         9.51778948e-01,  9.85321808e+00,  1.00841331e+01,
        -8.54719639e-01, -2.84598255e+00]]), array([[  0.        ,   0.        ,   1.00594568,   0.        ,
          0.        ,   0.        ,   0.        ,   0.        ,
          0.        ,   0.        ,   0.        ,   0.        ,
          0.        ,   0.        ,   0.        ,   0.        ,
          0.        ,   0.        ,   0.        ,   0.        ,
          0.        ,   0.        ,   0.        ,   0.        ,
          0.        ,   0.        ,   0.        ,   0.        ,
          0.        ,   0.        ,   0.        ,   0.        ,
          0.        ,   0.        ,   0.        ,   0.        ,
          0.        ,   0.        ,   0.        ,   0.        ,
          0.        ,   0.        ,   0.        ,   0.        ,
          0.        ,   0.        ,   0.        ,   0.        ,
          0.        ,   0.        ,   0.        ,   0.        ,
          0.        ,   0.        ,   0.        ,   0.        ,
          0.        ,   0.        ,   0.        ,   0.        ,
          0.        ,   0.        ,   0.        ,   0.        ,
          0.        ,   0.        ,   0.        ,   0.        ,
          0.        ,   0.        ,   0.        ,   0.        ,
          0.        ,   0.        ,   0.        ,   0.        ,
          0.        ,   0.        ,   0.        ,   0.        ,
          0.        ,   0.        ,   0.        ],
       [  0.        ,   0.        ,   0.        ,   0.99539167,
          0.        ,   0.        ,   0.        ,   0.        ,
          0.        ,   0.        ,   0.        ,   0.        ,
          0.        ,   0.        ,   0.        ,   0.        ,
          0.        ,   0.        ,   0.        ,   0.        ,
          0.        ,   0.        ,   0.        ,   0.        ,
          0.        ,   0.        ,   0.        ,   0.        ,
          0.        ,   0.        ,   0.        ,   0.        ,
          0.        ,   0.        ,   0.        ,   0.        ,
          0.        ,   0.        ,   0.        ,   0.        ,
          0.        ,   0.        ,   0.        ,   0.        ,
          0.        ,   0.        ,   0.        ,   0.        ,
          0.        ,   0.        ,   0.        ,   0.        ,
          0.        ,   0.        ,   0.        ,   0.        ,
          0.        ,   0.        ,   0.        ,   0.        ,
          0.        ,   0.        ,   0.        ,   0.        ,
          0.        ,   0.        ,   0.        ,   0.        ,
          0.        ,   0.        ,   0.        ,   0.        ,
          0.        ,   0.        ,   0.        ,   0.        ,
          0.        ,   0.        ,   0.        ,   0.        ,
          0.        ,   0.        ,   0.        ],
       [ -1.60064006,   0.        ,   2.17881536,   0.        ,
         -1.0451746 ,   0.        ,  -0.69433147,   0.        ,
          0.        ,   0.64471805,  -2.98585558,   1.1706003 ,
          0.        ,   0.        ,   0.        ,   0.38381124,
          0.        ,   0.73951852,  -0.48210514,   4.63442945,
         -0.4301452 ,   0.        ,  -0.38997179,   0.        ,
          5.76074266,  -1.52161515,   0.31928992,   1.61750519,
         -0.91392976,  -1.48805881,  -0.61005259,   1.90256751,
          0.        ,   0.74388862,   0.36044297,   1.58371329,
         -2.11989713,  -1.76128733,  -2.10060883,   0.65749902,
         -0.37810683,  -1.18224311,   0.88432831,  -1.04717934,
          0.27720404,   3.49334311,  -2.4073801 ,  -0.80588186,
          0.18062842,   5.75955629,  -3.67434239,   0.30369067,
         -0.25132203,  -0.17643034,   0.        ,   0.82702208,
         -0.33576423,   0.        ,   0.13331056,   0.63225669,
         -0.96953344,   0.34750628,  -0.09113348,  -2.46488929,
          1.13304186,   0.57466274,  -0.24355018,  -9.84166908,
          2.99272537,   1.01984882,   0.        ,   0.14478785,
         -0.20565152,   0.        ,  -0.3229394 ,   0.3593626 ,
         -0.24162138, -11.81548977,   3.95514631,   2.35430813,
         -1.24228084,   0.29256153,   0.        ],
       [ -2.15080929,  -4.53903151,   0.28563583,  -3.58394384,
          2.03057909,  -3.2220335 ,  -1.1917665 ,   0.3679992 ,
          0.        ,   0.        ,  -3.84804082,   0.52941263,
          0.42281368,  -0.65758622,   0.1868633 ,  -1.9638797 ,
          0.49307519,   1.07321501,  -0.46597016,   7.0121541 ,
         -0.14567035,  -0.27326941,  -1.17660594,   0.        ,
         11.02510452,  -6.10734272,   1.55597353,  -2.7606256 ,
          6.40169525,  -5.19158411,   9.15675926,   1.80846429,
          1.64755332,  -2.24827051,  -4.76335049,   0.117046  ,
         -4.43879128, -17.74866486,   0.        ,   6.01767588,
          1.76676762,  -3.36834002,   6.44996262,  -1.82948422,
         -1.27092075,   7.47015715,  -9.81442451,  -2.28230572,
          0.83009982,  11.25208187,  -0.75381851,   2.30662775,
         -5.12574577,  -0.1570344 ,  -0.19098377,   2.4244597 ,
          0.90213203,   0.04630804,   0.39766502,   4.63103819,
          0.        ,   0.13870323,   0.        ,  -3.22503757,
          2.86280203,   1.49073172,  -0.31917238,  -8.08329582,
          0.2165941 ,   0.34897047,   1.26434183,   0.        ,
         -0.46871638,   0.        ,   0.        ,   1.13407683,
          0.        ,  -0.75445807,   0.44579303,   1.11602426,
          0.2119503 ,   0.54957598,  -1.44030797],
       [  0.        ,   0.        ,   0.        ,   0.        ,
          0.        ,   1.08311892,   0.        ,   0.        ,
          0.        ,   0.        ,   0.        ,   0.        ,
          0.        ,   0.        ,   0.        ,   0.        ,
          0.        ,   0.        ,   0.        ,   0.        ,
          0.        ,   0.        ,   0.        ,   0.        ,
          0.        ,   0.        ,   0.        ,   0.        ,
          0.        ,   0.        ,   0.        ,   0.        ,
          0.        ,   0.        ,   0.        ,   0.        ,
          0.        ,   0.        ,   0.        ,   0.        ,
          0.        ,   0.        ,   0.        ,   0.        ,
          0.        ,   0.        ,   0.        ,   0.        ,
          0.        ,   0.        ,   0.        ,   0.        ,
          0.        ,   0.        ,   0.        ,   0.        ,
          0.        ,   0.        ,   0.        ,   0.        ,
          0.        ,   0.        ,   0.        ,   0.        ,
          0.        ,   0.        ,   0.        ,   0.        ,
          0.        ,   0.        ,   0.        ,   0.        ,
          0.        ,   0.        ,   0.        ,   0.        ,
          0.        ,   0.        ,   0.        ,   0.        ,
          0.        ,   0.        ,   0.        ],
       [  0.        ,   0.        ,  -2.44179368,  -2.114254  ,
        -25.34102631,   2.97375107,  -0.75937855,   4.75646496,
          0.        ,   2.4967885 ,  -1.00463247,  -2.55332208,
          0.        ,  -3.32251596,   0.17703572,  -0.58011037,
         -2.69431543,   1.67256999,  -1.3766923 ,  10.72033978,
         -2.30514812,  -0.19480848,   0.8494432 ,  -3.34614253,
         12.33362484,  -2.28609848,  -1.57913482,   8.13804054,
          5.78305006,  11.45439339,  11.4083147 ,  -1.4285593 ,
         -8.55671024,  -9.30815792,  -6.73425388,   2.21123123,
          1.33193874, -10.05009365,   0.        ,   4.55369282,
          4.36860371,   0.46480942,   3.02113485,  -2.29874659,
         -6.84579754,   1.64648676,  -5.80817318,   0.        ,
         -1.17417669,  23.73095894,  16.28854752,  -7.896492  ,
         -5.01476765,   0.        ,   0.83592176,   2.46509552,
          3.25141525,  -0.25095582,  -0.39379501,   3.39647388,
         -2.46329999,   0.29707909,   2.7550087 ,   0.4480772 ,
          2.83746338,   0.04042625,  -0.62828302,  -9.57099819,
        -13.95613098,   3.01539564,   7.53520012,   0.        ,
          0.16812801,  -1.12160587,  -6.30539513,   1.63647175,
          3.8729651 ,  -2.0836153 ,  -9.00893211,   0.2112779 ,
          5.59108734,  -0.95945835,   0.85450977]]), array([[  0.        ,   0.        ,   1.00454366,   0.        ,
          0.        ,   0.        ,   0.        ,   0.        ,
          0.        ,   0.        ,   0.        ,   0.        ,
          0.        ,   0.        ,   0.        ,   0.        ,
          0.        ,   0.        ,   0.        ,   0.        ,
          0.        ,   0.        ,   0.        ,   0.        ,
          0.        ,   0.        ,   0.        ,   0.        ,
          0.        ,   0.        ,   0.        ,   0.        ,
          0.        ,   0.        ,   0.        ,   0.        ,
          0.        ,   0.        ,   0.        ,   0.        ,
          0.        ,   0.        ,   0.        ,   0.        ,
          0.        ,   0.        ,   0.        ,   0.        ,
          0.        ,   0.        ,   0.        ,   0.        ,
          0.        ,   0.        ,   0.        ,   0.        ,
          0.        ,   0.        ,   0.        ,   0.        ,
          0.        ,   0.        ,   0.        ,   0.        ,
          0.        ,   0.        ,   0.        ,   0.        ,
          0.        ,   0.        ,   0.        ,   0.        ,
          0.        ,   0.        ,   0.        ,   0.        ,
          0.        ,   0.        ,   0.        ,   0.        ,
          0.        ,   0.        ,   0.        ],
       [  0.        ,   0.        ,   0.        ,   0.99683195,
          0.        ,   0.        ,   0.        ,   0.        ,
          0.        ,   0.        ,   0.        ,   0.        ,
          0.        ,   0.        ,   0.        ,   0.        ,
          0.        ,   0.        ,   0.        ,   0.        ,
          0.        ,   0.        ,   0.        ,   0.        ,
          0.        ,   0.        ,   0.        ,   0.        ,
          0.        ,   0.        ,   0.        ,   0.        ,
          0.        ,   0.        ,   0.        ,   0.        ,
          0.        ,   0.        ,   0.        ,   0.        ,
          0.        ,   0.        ,   0.        ,   0.        ,
          0.        ,   0.        ,   0.        ,   0.        ,
          0.        ,   0.        ,   0.        ,   0.        ,
          0.        ,   0.        ,   0.        ,   0.        ,
          0.        ,   0.        ,   0.        ,   0.        ,
          0.        ,   0.        ,   0.        ,   0.        ,
          0.        ,   0.        ,   0.        ,   0.        ,
          0.        ,   0.        ,   0.        ,   0.        ,
          0.        ,   0.        ,   0.        ,   0.        ,
          0.        ,   0.        ,   0.        ,   0.        ,
          0.        ,   0.        ,   0.        ],
       [ -0.93982816,   0.        ,   1.34026361,   0.        ,
         -1.84065187,   0.25138664,  -0.57665414,  -0.36345264,
          0.46794522,   0.39472356,   0.        ,   0.57740223,
          0.        ,   0.37388834,   0.        ,   0.79470712,
          0.        ,   0.22430417,  -0.22266577,   1.4678148 ,
         -0.24488069,   0.        ,   0.        ,   0.        ,
          2.64435172,  -1.06328464,   0.16003516,   2.29755759,
         -0.12838337,   0.56578916,  -0.79297018,   0.        ,
          0.        ,  -0.21458828,   0.58893603,   0.        ,
          0.        ,   2.06021619,  -7.46819973,  -0.55760962,
          0.82071894,   0.59278411,  -0.60515755,   0.        ,
          0.        ,  -0.35019636,   0.1780479 ,   0.        ,
          0.        ,  -0.95451063,  -1.03446305,  -0.37506941,
          0.        ,   0.        ,   0.        ,   0.        ,
         -0.21638042,   0.        ,   0.        ,  -0.44571838,
         -0.57984978,   0.10134231,   0.        ,  -0.64460635,
          0.84969735,   0.        ,  -0.15976842,  -2.59277964,
          6.07623386,   0.        ,  -1.01838112,   0.        ,
          0.        ,   0.        ,  -1.06189561,   0.        ,
          0.16073816,  -4.07336044,   9.24004841,  -0.55122644,
         -2.80818987,   0.        ,   0.        ],
       [  0.0463091 ,  -2.89545608,  -4.41818094,  -2.95180225,
         -5.97977066,  -0.29536843,   0.43344966,  -1.08902895,
         -1.80742562,  -0.52006793,  -5.91513157,   1.21663141,
          0.25107542,   0.82038695,   0.19468194,   0.        ,
          0.22057293,   1.06964147,  -0.09653246,   4.15556002,
         -1.30851936,  -0.24851137,  -0.4444108 ,  -0.09122473,
          1.59437227,  -4.93148279,   1.07100105,  -6.51728964,
          3.39152098,  -8.31125355,  -0.89266539,   2.13721061,
          4.03930283,   4.89366722,   1.78781855,  -2.15470791,
         -0.4995575 ,  -0.37862778,   0.29348677,  -1.93742919,
          6.66944027,  -0.32856584,  -0.47285423,   2.85359859,
         -0.94130993,  -0.90200591,   0.        ,  -0.36687493,
         -0.82876945,  -5.01466084,   0.31044096,   0.59414363,
          1.27207601,  -0.15914452,  -0.38996267,  -0.71177006,
          1.1380446 ,   0.18199807,   0.22486115,   2.00766706,
          0.95997262,  -0.09240603,   0.        ,  -0.05580789,
         -0.14070964,   0.81271696,   0.8775444 ,   0.17105931,
         -0.84821564,   0.        ,  -1.58346128,  -0.17090702,
         -0.10022402,   1.10356581,   0.12952411,   0.        ,
          1.02901793,   1.75788784,  -1.02626884,  -2.92567539,
         -2.55298758,   0.27262115,   0.36218739],
       [  0.        ,   0.        ,   0.        ,   0.        ,
          0.        ,   1.07027733,   0.        ,   0.        ,
          0.        ,   0.        ,   0.        ,   0.        ,
          0.        ,   0.        ,   0.        ,   0.        ,
          0.        ,   0.        ,   0.        ,   0.        ,
          0.        ,   0.        ,   0.        ,   0.        ,
          0.        ,   0.        ,   0.        ,   0.        ,
          0.        ,   0.        ,   0.        ,   0.        ,
          0.        ,   0.        ,   0.        ,   0.        ,
          0.        ,   0.        ,   0.        ,   0.        ,
          0.        ,   0.        ,   0.        ,   0.        ,
          0.        ,   0.        ,   0.        ,   0.        ,
          0.        ,  -0.12465164,   0.        ,   0.        ,
          0.        ,   0.        ,   0.        ,   0.        ,
          0.        ,   0.        ,   0.        ,   0.        ,
          0.        ,   0.        ,   0.        ,   0.        ,
          0.        ,   0.        ,   0.        ,   0.        ,
          0.        ,   0.        ,   0.        ,   0.        ,
          0.        ,   0.        ,   0.        ,   0.        ,
          0.        ,  -0.24813759,   0.        ,   0.        ,
          0.        ,   0.        ,   0.        ],
       [  5.08533335,   0.        , -12.23165035,  -2.38792276,
        -32.73366928,   1.58293414,   2.71161509,   2.92598152,
         -5.76451588,   1.7872963 ,  -8.69312859,  -2.59769773,
          0.        ,  -0.75228143,   0.19146949,   2.42615724,
         -1.88576114,   2.51155043,  -1.08409846,   6.55937958,
         -1.20613778,  -0.21499127,   1.1221354 ,  -2.71859455,
          0.04330587,  -1.23566997,  -0.94625366,   8.15354919,
         -3.95538998,  18.38156319,  -6.90623474,  -5.07808256,
         -1.55224276, -16.26414871,   5.78236771,   1.08799076,
         -0.64473152,   1.68175197,  -4.19029284,   3.44472837,
          6.07255173,   6.43317986,  -4.06279135,  -6.88239145,
         -2.47825193,  -8.58679008,   3.71399474,  -1.41965532,
         -1.3379879 ,   1.71315944,   2.70184827,  -6.93878174,
          4.56300926,   0.37748814,   0.21032429,   4.30970478,
          0.56258488,  -0.29949284,   0.        ,   0.        ,
         -0.82171941,   1.72556114,   0.34865189,   5.40148973,
         -1.47962093,  -0.11869431,   0.36601639,   8.51227951,
        -11.10402107,   0.        ,   3.19309521,   0.        ,
          0.        ,  -2.64511013,  -1.7638669 ,   2.98929405,
          0.85265255,  -1.20424151,  -9.826437  ,  -1.03442574,
          2.69718313,  -2.54664803,   2.16566086]]), array([[ 0.00000000e+00,  0.00000000e+00,  1.00667310e+00,
         0.00000000e+00,  0.00000000e+00,  0.00000000e+00,
         0.00000000e+00,  0.00000000e+00,  0.00000000e+00,
         0.00000000e+00,  0.00000000e+00,  0.00000000e+00,
         0.00000000e+00,  0.00000000e+00,  0.00000000e+00,
         0.00000000e+00,  0.00000000e+00,  0.00000000e+00,
         0.00000000e+00,  0.00000000e+00,  0.00000000e+00,
         0.00000000e+00,  0.00000000e+00,  0.00000000e+00,
         0.00000000e+00,  0.00000000e+00,  0.00000000e+00,
         0.00000000e+00,  0.00000000e+00,  0.00000000e+00,
         0.00000000e+00,  0.00000000e+00,  0.00000000e+00,
         0.00000000e+00,  0.00000000e+00,  0.00000000e+00,
         0.00000000e+00,  0.00000000e+00,  0.00000000e+00,
         0.00000000e+00,  0.00000000e+00,  0.00000000e+00,
         0.00000000e+00,  0.00000000e+00,  0.00000000e+00,
         0.00000000e+00,  0.00000000e+00,  0.00000000e+00,
         0.00000000e+00,  0.00000000e+00,  0.00000000e+00,
         0.00000000e+00,  0.00000000e+00,  0.00000000e+00,
         0.00000000e+00,  0.00000000e+00,  0.00000000e+00,
         0.00000000e+00,  0.00000000e+00,  0.00000000e+00,
         0.00000000e+00,  0.00000000e+00,  0.00000000e+00,
         0.00000000e+00,  0.00000000e+00,  0.00000000e+00,
         0.00000000e+00,  0.00000000e+00,  0.00000000e+00,
         0.00000000e+00,  0.00000000e+00,  0.00000000e+00,
         0.00000000e+00,  0.00000000e+00,  0.00000000e+00,
         0.00000000e+00,  0.00000000e+00,  0.00000000e+00,
         0.00000000e+00,  0.00000000e+00,  0.00000000e+00,
         0.00000000e+00,  0.00000000e+00],
       [ 0.00000000e+00,  0.00000000e+00,  0.00000000e+00,
         9.95557964e-01,  0.00000000e+00,  0.00000000e+00,
         0.00000000e+00,  0.00000000e+00,  0.00000000e+00,
         0.00000000e+00,  0.00000000e+00,  0.00000000e+00,
         0.00000000e+00,  0.00000000e+00,  0.00000000e+00,
         0.00000000e+00,  0.00000000e+00,  0.00000000e+00,
         0.00000000e+00,  0.00000000e+00,  0.00000000e+00,
         0.00000000e+00,  0.00000000e+00,  0.00000000e+00,
         0.00000000e+00,  0.00000000e+00,  0.00000000e+00,
         0.00000000e+00,  0.00000000e+00,  0.00000000e+00,
         0.00000000e+00,  0.00000000e+00,  0.00000000e+00,
         0.00000000e+00,  0.00000000e+00,  0.00000000e+00,
         0.00000000e+00,  0.00000000e+00,  0.00000000e+00,
         0.00000000e+00,  0.00000000e+00,  0.00000000e+00,
         0.00000000e+00,  0.00000000e+00,  0.00000000e+00,
         0.00000000e+00,  0.00000000e+00,  0.00000000e+00,
         0.00000000e+00,  0.00000000e+00,  0.00000000e+00,
         0.00000000e+00,  0.00000000e+00,  0.00000000e+00,
         0.00000000e+00,  0.00000000e+00,  0.00000000e+00,
         0.00000000e+00,  0.00000000e+00,  0.00000000e+00,
         0.00000000e+00,  0.00000000e+00,  0.00000000e+00,
         0.00000000e+00,  0.00000000e+00,  0.00000000e+00,
         0.00000000e+00,  0.00000000e+00,  0.00000000e+00,
         0.00000000e+00,  0.00000000e+00,  0.00000000e+00,
         0.00000000e+00,  0.00000000e+00,  0.00000000e+00,
         0.00000000e+00,  0.00000000e+00,  0.00000000e+00,
         0.00000000e+00,  0.00000000e+00,  0.00000000e+00,
         0.00000000e+00,  0.00000000e+00],
       [-8.16954911e-01,  0.00000000e+00, -3.58219683e-01,
         0.00000000e+00, -4.32956934e+00, -4.44978863e-01,
         2.08578959e-01,  0.00000000e+00, -1.62184191e+00,
         6.78395391e-01, -4.87895346e+00,  1.15614462e+00,
         0.00000000e+00,  1.80247784e-01,  0.00000000e+00,
         6.36110783e-01,  0.00000000e+00,  9.67241466e-01,
        -6.40458524e-01,  3.11095071e+00, -4.47342366e-01,
         0.00000000e+00, -6.37799263e-01,  0.00000000e+00,
         9.36321735e-01, -7.34434187e-01,  1.46064997e-01,
         2.35882378e+00, -1.19839013e-01,  4.97876883e-01,
        -9.70102906e-01,  0.00000000e+00,  0.00000000e+00,
         5.07638037e-01,  1.07851601e+00,  0.00000000e+00,
         0.00000000e+00,  2.44681311e+00, -4.83620739e+00,
         6.29741669e-01,  0.00000000e+00,  0.00000000e+00,
         0.00000000e+00, -1.04251266e+00,  4.60478306e-01,
         2.09757686e+00, -7.18483925e-01, -4.43620682e-01,
         3.03057671e-01,  5.28364086e+00, -2.47569823e+00,
        -1.31784701e+00,  0.00000000e+00,  0.00000000e+00,
         0.00000000e+00,  6.71977580e-01, -4.16184187e-01,
         0.00000000e+00,  0.00000000e+00,  0.00000000e+00,
        -3.30688834e-01,  2.93534517e-01, -1.75864577e-01,
        -2.26029897e+00,  8.57499540e-01,  4.32816267e-01,
        -2.35125065e-01, -8.69234562e+00,  3.82773066e+00,
         4.55717683e-01,  3.64995807e-01,  0.00000000e+00,
         0.00000000e+00,  3.31941634e-01, -3.76042843e-01,
         2.36492634e-01, -1.68041080e-01, -7.15115261e+00,
         4.16938353e+00, -1.81765127e+00, -1.70478851e-01,
         3.27290297e-01,  2.40030766e-01],
       [ 3.84344411e+00,  0.00000000e+00, -8.15413952e+00,
        -7.16450334e-01, -4.91893768e+00, -2.81014156e+00,
         3.60791755e+00,  4.49811161e-01, -6.38943148e+00,
         9.45593953e-01, -4.44274426e+00, -1.62766862e+00,
         0.00000000e+00,  0.00000000e+00,  3.02856028e-01,
        -1.32581949e-01,  1.59459233e-01,  2.30355072e+00,
        -1.30156541e+00,  2.85050631e+00,  3.61423492e-02,
         0.00000000e+00, -1.26575327e+00,  0.00000000e+00,
         0.00000000e+00, -5.19813395e+00,  1.20767939e+00,
        -8.51379967e+00, -1.37115002e+00, -1.83806114e+01,
        -5.07069397e+00,  3.36229610e+00,  5.44413900e+00,
         1.16448126e+01,  2.60033751e+00,  1.49081302e+00,
         0.00000000e+00, -2.24101505e+01, -9.77473450e+00,
         7.07045603e+00,  2.50015163e+00, -1.00612640e+01,
         1.82208014e+00,  2.04476213e+00, -1.62049186e+00,
         1.18823071e+01, -4.03714132e+00, -2.36031032e+00,
        -1.81835985e+00, -7.71049833e+00, -5.80444002e+00,
         6.80042267e+00, -4.60433960e-03, -2.49380112e-01,
        -4.75177526e-01,  0.00000000e+00,  1.44284439e+00,
         0.00000000e+00,  2.37181291e-01,  4.79536915e+00,
         1.01053596e+00, -4.81134415e-01,  6.52525425e-01,
        -2.04435110e+00,  1.07948732e+00,  2.52492857e+00,
         1.21440601e+00,  1.27077045e+01, -7.27105618e-01,
        -2.14884377e+00,  2.44814062e+00,  1.96164131e-01,
         0.00000000e+00,  8.19151878e-01, -1.12592936e+00,
         7.66244888e-01,  7.70029545e-01,  1.37786770e+01,
        -7.44534111e+00,  8.93088818e-01,  7.69287729e+00,
         9.34639931e-01, -6.40325546e-01],
       [ 0.00000000e+00,  0.00000000e+00,  0.00000000e+00,
         0.00000000e+00,  0.00000000e+00,  1.08405411e+00,
         0.00000000e+00,  0.00000000e+00,  0.00000000e+00,
         0.00000000e+00,  0.00000000e+00,  0.00000000e+00,
         0.00000000e+00,  0.00000000e+00,  0.00000000e+00,
         0.00000000e+00,  0.00000000e+00,  0.00000000e+00,
         0.00000000e+00,  0.00000000e+00,  0.00000000e+00,
         0.00000000e+00,  0.00000000e+00,  0.00000000e+00,
         0.00000000e+00,  0.00000000e+00,  0.00000000e+00,
         0.00000000e+00,  0.00000000e+00,  0.00000000e+00,
         0.00000000e+00,  0.00000000e+00,  0.00000000e+00,
         0.00000000e+00,  0.00000000e+00,  0.00000000e+00,
         0.00000000e+00,  0.00000000e+00,  0.00000000e+00,
         0.00000000e+00,  0.00000000e+00,  0.00000000e+00,
         0.00000000e+00,  0.00000000e+00,  0.00000000e+00,
         0.00000000e+00,  0.00000000e+00,  0.00000000e+00,
         0.00000000e+00, -1.26124159e-01,  0.00000000e+00,
         0.00000000e+00,  0.00000000e+00,  0.00000000e+00,
         0.00000000e+00,  0.00000000e+00,  0.00000000e+00,
         0.00000000e+00,  0.00000000e+00,  0.00000000e+00,
         0.00000000e+00,  0.00000000e+00,  0.00000000e+00,
         0.00000000e+00,  0.00000000e+00,  0.00000000e+00,
         0.00000000e+00,  0.00000000e+00,  0.00000000e+00,
         0.00000000e+00,  0.00000000e+00,  0.00000000e+00,
         0.00000000e+00,  0.00000000e+00,  0.00000000e+00,
         0.00000000e+00,  0.00000000e+00, -2.31932729e-01,
         0.00000000e+00,  0.00000000e+00,  0.00000000e+00,
         0.00000000e+00,  0.00000000e+00],
       [ 3.42516690e-01,  0.00000000e+00, -1.02211733e+01,
        -3.63446331e+00, -3.92097130e+01,  1.40106428e+00,
        -4.05635774e-01,  2.32265782e+00, -6.81679392e+00,
         1.36665857e+00, -2.35032730e+01,  1.35122752e+00,
         0.00000000e+00, -1.13745761e+00,  2.66931415e-01,
         1.17961240e+00, -1.81273139e+00,  5.02406073e+00,
        -1.31467032e+00,  1.74383659e+01, -2.36718035e+00,
        -3.63615513e-01,  0.00000000e+00, -3.15154743e+00,
         6.79111004e-01,  1.64516997e+00, -1.51680946e+00,
         9.02866554e+00,  1.58489332e+01,  1.36329784e+01,
         3.16642704e+01, -3.14038014e+00, -7.64360380e+00,
        -1.04707031e+01, -2.26016541e+01,  1.11380076e+00,
         5.17946577e+00, -1.70961552e+01, -1.10732722e+00,
         1.54431653e+00, -4.78690195e+00,  3.79303455e-01,
         1.23777685e+01, -2.06987095e+00, -6.37648153e+00,
         3.21935654e+00, -1.49708977e+01,  2.41191006e+00,
         3.57952976e+00,  2.77435722e+01,  1.50272264e+01,
        -8.44453716e+00, -1.46753216e+01,  1.68764114e-01,
         6.26174927e-01, -1.45656347e-01,  1.92418194e+00,
        -2.07927704e-01, -6.44742012e-01, -1.11036873e+00,
        -3.51138401e+00, -6.82558060e-01,  1.30922890e+00,
        -1.24961329e+00,  6.35966873e+00, -2.51819420e+00,
        -4.00276136e+00, -1.62389736e+01, -8.11867714e-02,
         5.48938274e+00,  4.80156994e+00, -9.00201797e-02,
         4.14684296e-01, -2.84601593e+00, -4.23377752e+00,
        -1.07163525e+00,  8.14194679e-02, -2.83348060e+00,
        -4.52416134e+00, -2.82676697e-01,  3.27944803e+00,
         9.39679146e-01, -1.85102272e+00]]), array([[ 0.00000000e+00,  0.00000000e+00,  1.00539315e+00,
         0.00000000e+00,  0.00000000e+00,  0.00000000e+00,
         0.00000000e+00,  0.00000000e+00,  0.00000000e+00,
         0.00000000e+00,  0.00000000e+00,  0.00000000e+00,
         0.00000000e+00,  0.00000000e+00,  0.00000000e+00,
         0.00000000e+00,  0.00000000e+00,  0.00000000e+00,
         0.00000000e+00,  0.00000000e+00,  0.00000000e+00,
         0.00000000e+00,  0.00000000e+00,  0.00000000e+00,
         0.00000000e+00,  0.00000000e+00,  0.00000000e+00,
         0.00000000e+00,  0.00000000e+00,  0.00000000e+00,
         0.00000000e+00,  0.00000000e+00,  0.00000000e+00,
         0.00000000e+00,  0.00000000e+00,  0.00000000e+00,
         0.00000000e+00,  0.00000000e+00,  0.00000000e+00,
         0.00000000e+00,  0.00000000e+00,  0.00000000e+00,
         0.00000000e+00,  0.00000000e+00,  0.00000000e+00,
         0.00000000e+00,  0.00000000e+00,  0.00000000e+00,
         0.00000000e+00,  0.00000000e+00,  0.00000000e+00,
         0.00000000e+00,  0.00000000e+00,  0.00000000e+00,
         0.00000000e+00,  0.00000000e+00,  0.00000000e+00,
         0.00000000e+00,  0.00000000e+00,  0.00000000e+00,
         0.00000000e+00,  0.00000000e+00,  0.00000000e+00,
         0.00000000e+00,  0.00000000e+00,  0.00000000e+00,
         0.00000000e+00,  0.00000000e+00,  0.00000000e+00,
         0.00000000e+00,  0.00000000e+00,  0.00000000e+00,
         0.00000000e+00,  0.00000000e+00,  0.00000000e+00,
         0.00000000e+00,  0.00000000e+00,  0.00000000e+00,
         0.00000000e+00,  0.00000000e+00,  0.00000000e+00,
         0.00000000e+00,  0.00000000e+00],
       [ 0.00000000e+00,  0.00000000e+00,  0.00000000e+00,
         9.94902611e-01,  0.00000000e+00,  0.00000000e+00,
         0.00000000e+00,  0.00000000e+00,  0.00000000e+00,
         0.00000000e+00,  0.00000000e+00,  0.00000000e+00,
         0.00000000e+00,  0.00000000e+00,  0.00000000e+00,
         0.00000000e+00,  0.00000000e+00,  0.00000000e+00,
         0.00000000e+00,  0.00000000e+00,  0.00000000e+00,
         0.00000000e+00,  0.00000000e+00,  0.00000000e+00,
         0.00000000e+00,  0.00000000e+00,  0.00000000e+00,
         0.00000000e+00,  0.00000000e+00,  0.00000000e+00,
         0.00000000e+00,  0.00000000e+00,  0.00000000e+00,
         0.00000000e+00,  0.00000000e+00,  0.00000000e+00,
         0.00000000e+00,  0.00000000e+00,  0.00000000e+00,
         0.00000000e+00,  0.00000000e+00,  0.00000000e+00,
         0.00000000e+00,  0.00000000e+00,  0.00000000e+00,
         0.00000000e+00,  0.00000000e+00,  0.00000000e+00,
         0.00000000e+00,  0.00000000e+00,  0.00000000e+00,
         0.00000000e+00,  0.00000000e+00,  0.00000000e+00,
         0.00000000e+00,  0.00000000e+00,  0.00000000e+00,
         0.00000000e+00,  0.00000000e+00,  0.00000000e+00,
         0.00000000e+00,  0.00000000e+00,  0.00000000e+00,
         0.00000000e+00,  0.00000000e+00,  0.00000000e+00,
         0.00000000e+00,  0.00000000e+00,  0.00000000e+00,
         0.00000000e+00,  0.00000000e+00,  0.00000000e+00,
         0.00000000e+00,  0.00000000e+00,  0.00000000e+00,
         0.00000000e+00,  0.00000000e+00,  0.00000000e+00,
         0.00000000e+00,  0.00000000e+00,  0.00000000e+00,
         0.00000000e+00,  0.00000000e+00],
       [-1.83239281e+00,  0.00000000e+00,  2.13346624e+00,
         0.00000000e+00, -1.48430169e+00,  3.38597238e-01,
        -1.07769024e+00, -1.15451291e-01,  4.80100453e-01,
         2.69974828e-01, -3.43406677e+00,  1.55274916e+00,
         0.00000000e+00,  1.37189418e-01,  0.00000000e+00,
         4.11012113e-01,  0.00000000e+00,  1.06100172e-01,
        -1.59685135e-01,  1.80279756e+00, -4.88863319e-01,
         0.00000000e+00, -2.24155962e-01,  1.18475258e-01,
         7.74768114e-01, -7.13875890e-01,  2.85195082e-01,
         2.23215461e+00, -1.73579991e-01,  1.65045476e+00,
        -8.07632565e-01,  0.00000000e+00,  0.00000000e+00,
        -2.71369529e+00,  3.55940580e-01,  0.00000000e+00,
         0.00000000e+00, -2.82263398e+00, -5.78071880e+00,
         0.00000000e+00,  2.99998760e-01,  1.06368971e+00,
        -6.20282888e-01,  0.00000000e+00,  2.08356291e-01,
         0.00000000e+00,  6.80303574e-01,  0.00000000e+00,
         0.00000000e+00,  3.98497915e+00, -4.49987054e-01,
        -1.89019263e+00,  7.56674290e-01,  0.00000000e+00,
         0.00000000e+00,  1.91617966e-01, -1.14886642e-01,
         0.00000000e+00,  0.00000000e+00,  1.95919067e-01,
         0.00000000e+00,  0.00000000e+00, -1.79806590e-01,
        -8.97044837e-01,  1.70493364e-01, -2.11143255e-01,
         0.00000000e+00, -4.98019743e+00,  2.27715397e+00,
         9.23550725e-01, -6.92586899e-01,  0.00000000e+00,
         0.00000000e+00, -5.42583704e-01, -1.05765104e-01,
         1.18173167e-01, -1.75347924e-01, -3.47073364e+00,
         4.02805710e+00, -9.43347096e-01, -1.67897987e+00,
         1.99017048e-01,  1.53641939e-01],
       [ 4.90301895e+00, -4.57398415e+00, -5.34928179e+00,
        -2.06290531e+00,  1.81984651e+00, -3.87967348e+00,
         3.75146317e+00,  1.68203592e-01, -4.89291382e+00,
         3.31746221e-01,  1.79571068e+00, -3.47447991e+00,
         4.30854321e-01, -4.02975082e-03,  7.84213543e-02,
        -7.57278204e-01,  2.79715061e-01,  1.17164385e+00,
        -4.62720335e-01, -2.36809134e+00,  8.97444010e-01,
        -1.15974903e-01, -1.57130241e-01, -1.88800216e-01,
         0.00000000e+00, -7.59752464e+00,  1.32603037e+00,
        -4.49216557e+00,  3.18706894e+00, -2.98722458e+00,
         1.45709991e-01,  5.74998617e-01,  7.14004135e+00,
         1.63660514e+00,  1.56767678e+00, -1.83021754e-01,
         1.13807774e+00, -6.35429144e+00, -4.65670288e-01,
         8.82563114e-01,  4.91715580e-01,  1.51703501e+00,
         6.07231379e-01, -3.71217728e-04,  2.71085799e-01,
         0.00000000e+00,  8.06380749e-01, -7.95423985e-03,
        -9.41910684e-01,  5.37173939e+00, -8.19990218e-01,
         2.31823730e+00, -4.55390453e-01, -1.09692812e-02,
        -7.08316743e-01,  1.73105121e-01,  1.59016848e-01,
         2.08086967e-02,  1.93092823e-01,  1.52914524e+00,
         4.38655466e-01, -6.26830459e-02,  1.81282878e-01,
        -1.12339973e+00, -1.09022093e+00,  8.47344398e-02,
         7.68869281e-01, -3.78555870e+00,  2.36880600e-01,
        -1.75982141e+00,  4.65724945e-01,  1.37472153e-02,
         0.00000000e+00,  0.00000000e+00, -8.06578159e-01,
        -2.02840328e-01,  8.56054425e-01,  2.44482422e+00,
         1.09911883e+00, -8.44702721e-02,  2.13137937e+00,
        -6.18778348e-01, -5.74632227e-01],
       [ 0.00000000e+00,  0.00000000e+00,  0.00000000e+00,
         0.00000000e+00,  0.00000000e+00,  1.06712186e+00,
         0.00000000e+00,  0.00000000e+00,  0.00000000e+00,
         0.00000000e+00,  0.00000000e+00,  0.00000000e+00,
         0.00000000e+00,  0.00000000e+00,  0.00000000e+00,
         0.00000000e+00,  0.00000000e+00,  0.00000000e+00,
         0.00000000e+00,  0.00000000e+00,  0.00000000e+00,
         0.00000000e+00,  0.00000000e+00,  0.00000000e+00,
         0.00000000e+00,  0.00000000e+00,  0.00000000e+00,
         0.00000000e+00,  0.00000000e+00,  0.00000000e+00,
         0.00000000e+00,  0.00000000e+00,  0.00000000e+00,
         0.00000000e+00,  0.00000000e+00,  0.00000000e+00,
         0.00000000e+00,  0.00000000e+00,  0.00000000e+00,
         0.00000000e+00,  0.00000000e+00,  0.00000000e+00,
         0.00000000e+00,  0.00000000e+00,  0.00000000e+00,
         0.00000000e+00,  0.00000000e+00,  0.00000000e+00,
         0.00000000e+00,  0.00000000e+00, -1.21253453e-01,
         0.00000000e+00,  0.00000000e+00,  0.00000000e+00,
         0.00000000e+00,  0.00000000e+00,  0.00000000e+00,
         0.00000000e+00,  0.00000000e+00,  0.00000000e+00,
         0.00000000e+00,  0.00000000e+00,  0.00000000e+00,
         0.00000000e+00,  0.00000000e+00,  0.00000000e+00,
         0.00000000e+00,  0.00000000e+00,  0.00000000e+00,
         0.00000000e+00,  0.00000000e+00,  0.00000000e+00,
         0.00000000e+00,  0.00000000e+00,  0.00000000e+00,
         0.00000000e+00,  0.00000000e+00,  0.00000000e+00,
        -1.45066798e-01,  0.00000000e+00,  0.00000000e+00,
         0.00000000e+00,  0.00000000e+00],
       [-4.36408281e+00,  0.00000000e+00, -4.26426029e+00,
        -1.82542011e-01, -3.48945389e+01,  2.19354570e-01,
        -3.69677305e+00,  6.19251060e+00, -4.27582312e+00,
         2.14299989e+00, -2.87949448e+01,  0.00000000e+00,
         0.00000000e+00, -3.01663208e+00,  0.00000000e+00,
         1.53092289e+00, -2.33363962e+00,  3.64636517e+00,
        -1.16888285e+00,  1.15261192e+01, -5.12384892e-01,
         0.00000000e+00,  6.43516779e-01, -3.16720009e+00,
        -2.06050224e+01,  8.39362049e+00, -1.83053946e+00,
         1.76620750e+01,  5.42778873e+00,  3.39394341e+01,
         1.00095148e+01, -2.96057796e+00, -6.77640629e+00,
        -1.34977493e+01, -1.10035295e+01,  7.45073223e+00,
        -4.05859470e-01,  1.04829159e+01,  6.64280605e+00,
         2.20567727e+00, -4.94685793e+00,  8.18346882e+00,
         4.45425320e+00, -7.95831156e+00, -3.67632484e+00,
         0.00000000e+00, -2.46498871e+00,  1.15143204e+00,
         5.55915833e-01,  5.62019577e+01, -1.12001610e+00,
        -1.39566040e+01,  3.06113529e+00,  7.92579651e-02,
         6.38116837e-01,  3.48197651e+00,  8.83804321e-01,
        -6.06748581e-01, -2.30929255e-01, -1.19535875e+00,
        -4.12564135e+00,  1.48119199e+00,  1.61328793e+00,
         1.54875374e+00,  1.39765739e+00, -8.72223139e-01,
        -2.30648327e+00, -1.02977085e+01,  6.78919697e+00,
         9.10906029e+00, -3.08135366e+00,  4.05737877e-01,
         0.00000000e+00, -2.27169466e+00, -4.33002138e+00,
         2.16253948e+00,  9.47107553e-01,  2.79614925e+01,
        -5.03571224e+00, -1.25135183e-01,  9.50602245e+00,
         1.07266998e+00, -2.89424181e+00]]), array([[  0.        ,   0.        ,   1.00726712,   0.        ,
          0.        ,   0.        ,   0.        ,   0.        ,
          0.        ,   0.        ,   0.        ,   0.        ,
          0.        ,   0.        ,   0.        ,   0.        ,
          0.        ,   0.        ,   0.        ,   0.        ,
          0.        ,   0.        ,   0.        ,   0.        ,
          0.        ,   0.        ,   0.        ,   0.        ,
          0.        ,   0.        ,   0.        ,   0.        ,
          0.        ,   0.        ,   0.        ,   0.        ,
          0.        ,   0.        ,   0.        ,   0.        ,
          0.        ,   0.        ,   0.        ,   0.        ,
          0.        ,   0.        ,   0.        ,   0.        ,
          0.        ,   0.        ,   0.        ,   0.        ,
          0.        ,   0.        ,   0.        ,   0.        ,
          0.        ,   0.        ,   0.        ,   0.        ,
          0.        ,   0.        ,   0.        ,   0.        ,
          0.        ,   0.        ,   0.        ,   0.        ,
          0.        ,   0.        ,   0.        ,   0.        ,
          0.        ,   0.        ,   0.        ,   0.        ,
          0.        ,   0.        ,   0.        ,   0.        ,
          0.        ,   0.        ,   0.        ],
       [  0.        ,   0.        ,   0.        ,   1.00338197,
          0.        ,   0.        ,   0.        ,   0.        ,
          0.        ,   0.        ,   0.        ,   0.        ,
          0.        ,   0.        ,   0.        ,   0.        ,
          0.        ,   0.        ,   0.        ,   0.        ,
          0.        ,   0.        ,   0.        ,   0.        ,
          0.11536162,   0.        ,   0.        ,   0.        ,
          0.        ,   0.        ,   0.        ,   0.        ,
          0.        ,   0.        ,   0.        ,   0.        ,
          0.        ,   0.        ,   0.        ,   0.        ,
          0.        ,   0.        ,   0.        ,   0.        ,
          0.        ,   0.        ,   0.        ,   0.        ,
          0.        ,   0.        ,   0.        ,   0.        ,
          0.        ,   0.        ,   0.        ,   0.        ,
          0.        ,   0.        ,   0.        ,   0.        ,
          0.        ,   0.        ,   0.        ,   0.        ,
          0.        ,   0.        ,   0.        ,   0.        ,
          0.        ,   0.        ,   0.        ,   0.        ,
          0.        ,   0.        ,   0.        ,   0.        ,
          0.        ,   0.        ,   0.        ,   0.        ,
          0.        ,   0.        ,   0.        ],
       [ -1.61812794,   0.        ,   1.88605094,   0.        ,
         -3.44044781,   0.        ,  -0.95871204,   0.        ,
         -0.62253153,   0.60192096,  -5.43283272,   1.20840478,
          0.        ,   0.        ,   0.        ,   0.46495765,
          0.        ,   0.96561509,  -0.41915745,   4.10405922,
         -0.43114132,   0.        ,  -0.42708683,   0.        ,
          2.60066652,  -1.66085863,   0.28999171,   2.17241812,
          0.        ,   2.50708961,   0.44610772,   0.        ,
          0.        ,  -4.37857866,  -0.7028541 ,   0.        ,
          0.        ,   1.86504126, -10.73778057,  -1.69268191,
          0.        ,   2.10699368,   0.39008957,  -0.98169255,
          1.15621161,  -1.5721283 ,  -1.18491316,  -0.15803671,
          0.58524513,   0.        ,  -0.9791584 ,  -0.41928291,
         -0.28966641,   0.        ,   0.        ,   0.84096181,
         -0.69992459,   0.        ,   0.        ,   0.        ,
          0.        ,   0.34188747,  -0.39010763,  -0.7893995 ,
          1.03998601,  -0.20639098,  -0.44520855,  -6.99109221,
          4.77373028,   0.84544277,  -0.41262841,   0.        ,
          0.        ,   0.        ,  -0.82959175,   0.        ,
         -0.3468504 , -12.1160078 ,   9.06251717,   2.18138647,
         -2.90561867,   0.        ,   0.13994849],
       [  3.99717951,  -4.30114031,  -5.75175953,  -3.99426341,
         13.66066265,  -5.63582611,   3.95688391,  -2.02539301,
         -5.77849054,  -0.84723103,  -8.16409397,  -0.07824202,
          0.38925391,   1.0210247 ,   0.19917893,  -2.59269667,
          0.96973228,   2.00342083,  -0.07318354,   5.60081816,
         -1.57645786,  -0.31907439,   0.11060476,  -0.10178685,
          3.16121006,  -7.22189093,   1.01062059,  -0.05097628,
          4.84722757,   0.02468443,   3.73540878,   0.81608391,
          4.96989727,   0.17284685,   2.6396904 ,   6.2854557 ,
          0.6365732 ,   2.31807876,   2.49183059,   2.33337951,
         -0.3784644 ,  -0.62735832,   1.89639401,  -0.0439322 ,
          0.18103239,   0.58298451,  -5.05168343,   0.31515217,
          0.51909918,   0.        ,  -3.03267431,   2.65460205,
         -0.91812968,  -0.05990839,  -0.49012852,   0.12306142,
          0.15584764,  -0.40142947,   0.21914625,   0.60676229,
          0.58200425,  -0.07636189,   0.        ,   0.57434726,
          2.6205163 ,  -0.13768148,   0.61981678,   1.73209774,
          4.59556007,   0.50920916,   1.44722104,   0.58419037,
          0.        ,   0.        ,   1.48826241,   0.43010902,
         -0.49273586,  -1.31761193,   2.64926839,   2.85260344,
          4.59029913,   0.62043381,  -1.15170074],
       [  0.        ,   0.        ,   0.        ,   0.        ,
          0.        ,   1.09551167,   0.        ,   0.        ,
          0.        ,   0.        ,   0.        ,   0.        ,
          0.        ,   0.        ,   0.        ,   0.        ,
          0.        ,   0.        ,   0.        ,   0.        ,
          0.        ,   0.        ,   0.        ,   0.        ,
          0.        ,   0.        ,   0.        ,   0.        ,
          0.        ,   0.        ,   0.        ,   0.        ,
          0.        ,   0.        ,   0.        ,   0.        ,
          0.        ,   0.        ,   0.        ,   0.        ,
          0.        ,   0.        ,   0.        ,   0.        ,
          0.        ,   0.        ,   0.        ,   0.        ,
          0.        ,   0.        ,   0.        ,   0.        ,
          0.        ,   0.        ,   0.        ,   0.        ,
          0.        ,   0.        ,   0.        ,   0.        ,
          0.        ,   0.        ,   0.        ,   0.        ,
          0.        ,   0.        ,   0.        ,   0.        ,
          0.        ,   0.        ,   0.        ,   0.        ,
          0.        ,   0.        ,   0.        ,   0.        ,
          0.        ,   0.        ,   0.        ,   0.        ,
          0.        ,   0.        ,   0.        ],
       [ -7.49642754,  -1.33949935,   6.91943645,  -4.10493803,
        -11.66587448,   5.58155346,  -6.53966141,   5.62134933,
          4.24044609,   1.78864563,  -7.15504456,   2.40090775,
          0.12626636,  -3.15225267,   0.26136827,   0.82133913,
         -2.63847828,  -0.45175791,   0.18255997,   3.82507086,
         -3.07174921,  -0.35388565,   3.73906636,  -2.85828876,
         -3.82581544,   3.93700361,  -2.048002  ,   1.54972076,
        -10.10805511,  -0.30077744,  -9.64531708,  -1.02530122,
         -2.73548555,  -1.89442158,   0.7980147 ,   0.86577189,
         -0.31630713,  -0.4960295 ,  -4.10416222,   1.03552282,
          2.8551898 ,  -2.67584443,  -0.49043155,  -0.91054344,
         -5.6705718 ,   6.02590799,   2.4583056 ,  -1.58669615,
         -4.41784859,   0.        ,   8.43390846,  -3.31139278,
         -5.61594629,   0.02882719,   0.40965891,   0.94504702,
          2.57087851,  -0.15676916,  -0.10628414,   1.73205447,
         -3.84424543,  -0.54874516,   3.21686411,  -0.05582833,
         -0.43559122,   1.34946918,   0.78099418,   9.677948  ,
         -5.66912603,  -0.65770411,   4.76998138,   0.        ,
          0.13930583,   2.68393326,  -7.39877844,  -0.43295622,
          4.48651886,  -1.65852594,  -4.96627665,   3.78052235,
          0.38035101,  -1.22502232,   1.05242825]]), array([[ 0.00000000e+00,  0.00000000e+00,  1.00657129e+00,
         0.00000000e+00,  0.00000000e+00,  0.00000000e+00,
         0.00000000e+00,  0.00000000e+00,  0.00000000e+00,
         0.00000000e+00,  0.00000000e+00,  0.00000000e+00,
         0.00000000e+00,  0.00000000e+00,  0.00000000e+00,
         0.00000000e+00,  0.00000000e+00,  0.00000000e+00,
         0.00000000e+00,  0.00000000e+00,  0.00000000e+00,
         0.00000000e+00,  0.00000000e+00,  0.00000000e+00,
         0.00000000e+00,  0.00000000e+00,  0.00000000e+00,
         0.00000000e+00,  0.00000000e+00,  0.00000000e+00,
         0.00000000e+00,  0.00000000e+00,  0.00000000e+00,
         0.00000000e+00,  0.00000000e+00,  0.00000000e+00,
         0.00000000e+00,  0.00000000e+00,  0.00000000e+00,
         0.00000000e+00,  0.00000000e+00,  0.00000000e+00,
         0.00000000e+00,  0.00000000e+00,  0.00000000e+00,
         0.00000000e+00,  0.00000000e+00,  0.00000000e+00,
         0.00000000e+00,  0.00000000e+00,  0.00000000e+00,
         0.00000000e+00,  0.00000000e+00,  0.00000000e+00,
         0.00000000e+00,  0.00000000e+00,  0.00000000e+00,
         0.00000000e+00,  0.00000000e+00,  0.00000000e+00,
         0.00000000e+00,  0.00000000e+00,  0.00000000e+00,
         0.00000000e+00,  0.00000000e+00,  0.00000000e+00,
         0.00000000e+00,  0.00000000e+00,  0.00000000e+00,
         0.00000000e+00,  0.00000000e+00,  0.00000000e+00,
         0.00000000e+00,  0.00000000e+00,  0.00000000e+00,
         0.00000000e+00,  0.00000000e+00,  0.00000000e+00,
         0.00000000e+00,  0.00000000e+00,  0.00000000e+00,
         0.00000000e+00,  0.00000000e+00],
       [ 0.00000000e+00,  0.00000000e+00,  0.00000000e+00,
         9.95529473e-01,  0.00000000e+00,  0.00000000e+00,
         0.00000000e+00,  0.00000000e+00,  0.00000000e+00,
         0.00000000e+00,  0.00000000e+00,  0.00000000e+00,
         0.00000000e+00,  0.00000000e+00,  0.00000000e+00,
         0.00000000e+00,  0.00000000e+00,  0.00000000e+00,
         0.00000000e+00,  0.00000000e+00,  0.00000000e+00,
         0.00000000e+00,  0.00000000e+00,  0.00000000e+00,
         0.00000000e+00,  0.00000000e+00,  0.00000000e+00,
         0.00000000e+00,  0.00000000e+00,  0.00000000e+00,
         0.00000000e+00,  0.00000000e+00,  0.00000000e+00,
         0.00000000e+00,  0.00000000e+00,  0.00000000e+00,
         0.00000000e+00,  0.00000000e+00,  0.00000000e+00,
         0.00000000e+00,  0.00000000e+00,  0.00000000e+00,
         0.00000000e+00,  0.00000000e+00,  0.00000000e+00,
         0.00000000e+00,  0.00000000e+00,  0.00000000e+00,
         0.00000000e+00,  0.00000000e+00,  0.00000000e+00,
         0.00000000e+00,  0.00000000e+00,  0.00000000e+00,
         0.00000000e+00,  0.00000000e+00,  0.00000000e+00,
         0.00000000e+00,  0.00000000e+00,  0.00000000e+00,
         0.00000000e+00,  0.00000000e+00,  0.00000000e+00,
         0.00000000e+00,  0.00000000e+00,  0.00000000e+00,
         0.00000000e+00,  0.00000000e+00,  0.00000000e+00,
         0.00000000e+00,  0.00000000e+00,  0.00000000e+00,
         0.00000000e+00,  0.00000000e+00,  0.00000000e+00,
         0.00000000e+00,  0.00000000e+00,  0.00000000e+00,
         0.00000000e+00,  0.00000000e+00,  0.00000000e+00,
         0.00000000e+00,  0.00000000e+00],
       [-8.65450561e-01,  0.00000000e+00,  1.46470153e+00,
         0.00000000e+00, -1.34238434e+00,  0.00000000e+00,
        -2.30264142e-01, -1.58546761e-01,  0.00000000e+00,
         3.44020814e-01, -1.01642895e+00,  1.61338508e-01,
         0.00000000e+00,  1.45935118e-01,  0.00000000e+00,
         4.45376635e-01,  0.00000000e+00,  0.00000000e+00,
        -2.52721190e-01,  3.93888593e-01, -1.84922487e-01,
         0.00000000e+00, -2.92838812e-01,  1.22961998e-01,
         1.76603270e+00, -2.16180468e+00,  3.29205155e-01,
         1.30423677e+00,  0.00000000e+00, -8.39365959e-01,
        -1.23457730e+00,  1.29877433e-01,  0.00000000e+00,
         1.39895797e+00,  2.46607423e-01,  0.00000000e+00,
         0.00000000e+00,  2.51650953e+00, -1.14325094e+01,
        -2.73985207e-01,  0.00000000e+00,  0.00000000e+00,
        -1.29258776e+00, -2.05404520e-01,  1.37419462e+00,
         8.60155880e-01,  0.00000000e+00,  0.00000000e+00,
         5.28735280e-01,  2.71511221e+00, -3.33725500e+00,
        -9.82812107e-01,  4.91154552e-01,  0.00000000e+00,
         0.00000000e+00,  0.00000000e+00, -7.89297819e-01,
         0.00000000e+00,  0.00000000e+00, -3.91941726e-01,
         1.46875262e-01,  2.32184887e-01, -3.24213505e-01,
        -8.08922291e-01,  1.16959286e+00,  0.00000000e+00,
        -3.83682251e-01, -3.50783443e+00,  6.56653404e+00,
         6.52123451e-01, -2.58109093e-01,  0.00000000e+00,
         0.00000000e+00, -1.68379903e-01, -9.29461479e-01,
         1.69898033e-01, -1.78444386e-01, -1.77874589e+00,
         8.23494339e+00, -1.65132880e+00, -1.42967534e+00,
         3.19252491e-01,  1.02782488e-01],
       [ 2.71707773e+00, -4.05856514e+00, -9.18841171e+00,
        -4.41727495e+00,  2.48450327e+00, -3.50597000e+00,
         3.61636400e+00, -1.65323508e+00, -6.99729919e+00,
        -1.00381732e+00, -1.18396950e+01,  2.42570066e+00,
         3.74284029e-01,  1.81092060e+00,  2.99828172e-01,
        -1.61903620e-01,  9.41273093e-01,  1.44703007e+00,
         0.00000000e+00, -1.26354194e+00, -6.75935090e-01,
        -3.32815886e-01, -1.21671677e-01,  3.41130733e-01,
        -1.06694899e+01, -1.36960602e+00,  1.15702391e+00,
         8.41214657e-02,  4.73392630e+00,  2.81950927e+00,
         1.38474512e+00,  0.00000000e+00,  0.00000000e+00,
        -2.95674038e+00,  3.22460651e-01,  9.35001850e-01,
         0.00000000e+00,  3.75795126e-01, -1.14792645e+00,
        -2.84454536e+00,  5.34294796e+00,  1.19377470e+00,
         1.70280933e-02,  0.00000000e+00,  0.00000000e+00,
        -7.49164104e-01, -8.71562064e-02,  0.00000000e+00,
        -7.56663799e-01,  1.71051168e+00,  2.35674953e+00,
        -4.29551601e+00,  2.01016045e+00,  0.00000000e+00,
         0.00000000e+00,  4.52603936e-01,  7.74955034e-01,
        -8.59951973e-02,  0.00000000e+00,  1.64116716e+00,
         5.27033031e-01, -8.62309337e-02, -2.95484185e-01,
         3.36077213e-01,  2.61425257e-01,  3.44142914e-01,
         9.08377588e-01,  2.98583865e-01,  2.08403277e+00,
         2.23921585e+00, -1.87202191e+00,  9.97436047e-02,
         0.00000000e+00,  1.77785540e+00, -3.72696519e-02,
        -5.60815573e-01,  5.28620243e-01, -4.56751615e-01,
        -3.49023879e-01, -1.20454514e+00,  3.55415821e+00,
         6.59172058e-01, -6.64433718e-01],
       [ 0.00000000e+00,  0.00000000e+00,  0.00000000e+00,
         0.00000000e+00,  0.00000000e+00,  1.07872653e+00,
         0.00000000e+00,  0.00000000e+00,  0.00000000e+00,
         0.00000000e+00,  0.00000000e+00,  0.00000000e+00,
         0.00000000e+00,  0.00000000e+00,  0.00000000e+00,
         0.00000000e+00,  0.00000000e+00,  0.00000000e+00,
         0.00000000e+00,  0.00000000e+00,  0.00000000e+00,
         0.00000000e+00,  0.00000000e+00,  0.00000000e+00,
         0.00000000e+00,  0.00000000e+00,  0.00000000e+00,
         0.00000000e+00,  0.00000000e+00,  0.00000000e+00,
         0.00000000e+00,  0.00000000e+00,  0.00000000e+00,
         0.00000000e+00,  0.00000000e+00,  0.00000000e+00,
         0.00000000e+00,  0.00000000e+00,  0.00000000e+00,
         0.00000000e+00,  0.00000000e+00,  0.00000000e+00,
         0.00000000e+00,  0.00000000e+00,  0.00000000e+00,
         0.00000000e+00,  0.00000000e+00,  0.00000000e+00,
         0.00000000e+00,  0.00000000e+00,  0.00000000e+00,
         0.00000000e+00,  0.00000000e+00,  0.00000000e+00,
         0.00000000e+00,  0.00000000e+00,  0.00000000e+00,
         0.00000000e+00,  0.00000000e+00,  0.00000000e+00,
         0.00000000e+00,  0.00000000e+00,  0.00000000e+00,
         0.00000000e+00,  0.00000000e+00,  0.00000000e+00,
         0.00000000e+00,  0.00000000e+00,  0.00000000e+00,
         0.00000000e+00,  0.00000000e+00,  0.00000000e+00,
         0.00000000e+00,  0.00000000e+00,  0.00000000e+00,
         0.00000000e+00,  0.00000000e+00,  0.00000000e+00,
         0.00000000e+00,  0.00000000e+00,  0.00000000e+00,
         0.00000000e+00,  0.00000000e+00],
       [ 5.09867764e+00,  0.00000000e+00, -1.33171368e+01,
        -4.75854635e+00, -4.74283447e+01,  5.37321472e+00,
         1.52980065e+00,  2.90955186e+00, -6.22290993e+00,
         1.83303046e+00, -7.64098167e-01, -5.41279030e+00,
         0.00000000e+00, -1.01419902e+00,  3.99640799e-01,
         1.72938859e+00, -1.89981198e+00,  4.36412716e+00,
        -1.66180253e+00,  1.07349081e+01, -4.32402611e-01,
        -4.47375059e-01, -2.24540353e+00, -1.99508476e+00,
         1.76355057e+01, -3.32433295e+00, -1.94480729e+00,
        -3.26497579e+00,  2.88052034e+00, -7.19182491e+00,
         3.40227437e+00,  0.00000000e+00,  0.00000000e+00,
         5.53543806e+00, -2.15279913e+00,  4.67900896e+00,
         4.55701256e+00, -1.77580490e+01,  1.94327888e+01,
         1.15211544e+01, -4.46607381e-01, -5.83036232e+00,
         0.00000000e+00, -1.33967876e+00, -6.04166603e+00,
         1.15112028e+01, -1.81222224e+00,  0.00000000e+00,
        -1.98460579e-01,  1.51406460e+01, -1.17375641e+01,
         4.07495117e+00,  5.57679462e+00,  0.00000000e+00,
         0.00000000e+00,  1.54397011e-01,  1.87946796e+00,
        -3.68236542e-01, -1.94631577e-01,  2.19276047e+00,
        -4.98896837e+00, -1.26021171e+00,  1.69606400e+00,
        -1.55666232e+00,  2.07953739e+00, -2.18606949e-01,
        -1.21071053e+00,  1.12023127e+00,  8.24868393e+00,
         2.44951248e-03, -2.58700514e+00,  3.41176987e-01,
         4.43077087e-01, -1.09261274e+00, -2.15594363e+00,
         0.00000000e+00,  6.44625664e-01, -1.17516863e+00,
        -2.76746559e+00,  1.02996216e+01,  1.87134910e+00,
         0.00000000e+00,  0.00000000e+00]]), array([[  0.        ,   0.        ,   1.00726116,   0.        ,
          0.        ,   0.        ,   0.        ,   0.        ,
          0.        ,   0.        ,   0.        ,   0.        ,
          0.        ,   0.        ,   0.        ,   0.        ,
          0.        ,   0.        ,   0.        ,   0.        ,
          0.        ,   0.        ,   0.        ,   0.        ,
          0.        ,   0.        ,   0.        ,   0.        ,
          0.        ,   0.        ,   0.        ,   0.        ,
          0.        ,   0.        ,   0.        ,   0.        ,
          0.        ,   0.        ,   0.        ,   0.        ,
          0.        ,   0.        ,   0.        ,   0.        ,
          0.        ,   0.        ,   0.        ,   0.        ,
          0.        ,   0.        ,   0.        ,   0.        ,
          0.        ,   0.        ,   0.        ,   0.        ,
          0.        ,   0.        ,   0.        ,   0.        ,
          0.        ,   0.        ,   0.        ,   0.        ,
          0.        ,   0.        ,   0.        ,   0.        ,
          0.        ,   0.        ,   0.        ,   0.        ,
          0.        ,   0.        ,   0.        ,   0.        ,
          0.        ,   0.        ,   0.        ,   0.        ,
          0.        ,   0.        ,   0.        ],
       [  0.        ,   0.        ,   0.        ,   0.9955669 ,
          0.        ,   0.        ,   0.        ,   0.        ,
          0.        ,   0.        ,   0.        ,   0.        ,
          0.        ,   0.        ,   0.        ,   0.        ,
          0.        ,   0.        ,   0.        ,   0.        ,
          0.        ,   0.        ,   0.        ,   0.        ,
          0.        ,   0.        ,   0.        ,   0.        ,
          0.        ,   0.        ,   0.        ,   0.        ,
          0.        ,   0.        ,   0.        ,   0.        ,
          0.        ,   0.        ,   0.        ,   0.        ,
          0.        ,   0.        ,   0.        ,   0.        ,
          0.        ,   0.        ,   0.        ,   0.        ,
          0.        ,   0.        ,   0.        ,   0.        ,
          0.        ,   0.        ,   0.        ,   0.        ,
          0.        ,   0.        ,   0.        ,   0.        ,
          0.        ,   0.        ,   0.        ,   0.        ,
          0.        ,   0.        ,   0.        ,   0.        ,
          0.        ,   0.        ,   0.        ,   0.        ,
          0.        ,   0.        ,   0.        ,   0.        ,
          0.        ,   0.        ,   0.        ,   0.        ,
          0.        ,   0.        ,   0.        ],
       [  0.24890293,   0.        ,   0.        ,   0.        ,
         -1.702075  ,  -0.53141487,   0.45981997,   0.        ,
         -1.81092811,   0.67834193,  -2.7640996 ,   0.17281482,
          0.        ,   0.        ,   0.        ,   0.        ,
          0.        ,   1.09289432,  -0.57854617,   2.74965382,
         -0.35369492,   0.        ,  -0.50889456,   0.        ,
          2.86086559,  -2.35093951,   0.27994436,   2.22264791,
          0.39642829,   0.        ,   0.        ,   0.        ,
          0.        ,   1.95619035,   0.87003815,   0.        ,
          0.11330298,   4.81087732,  -8.32060432,   0.68784052,
          1.52403152,  -0.68856329,  -0.61436427,  -0.26687285,
          0.14532116,   3.43672013,   1.00066137,   0.        ,
          0.        ,   7.67783642,   1.81993997,  -0.8157689 ,
         -0.2815994 ,   0.        ,   0.        ,   0.12857772,
         -0.30819866,   0.        ,   0.        ,   0.        ,
         -0.32136548,   0.        ,  -0.24200493,  -2.06942773,
          0.        ,   0.21896733,   0.        ,  -6.51229   ,
          1.17449164,   0.58579296,   0.50538892,   0.        ,
          0.        ,   0.60976112,  -0.6663    ,   0.        ,
          0.        ,  -3.8388505 ,   4.54637337,   0.71057975,
          0.18665589,   0.        ,   0.        ],
       [  0.9521569 ,  -3.63389516,  -5.81870508,  -0.5733481 ,
         -0.96574044,  -4.22394657,   2.58306599,  -0.57685661,
         -6.42644072,   0.24563205, -15.80657387,   3.00424576,
          0.33414328,   0.12246883,   0.        ,  -1.53694546,
          0.42924619,   3.22638512,  -0.9313122 ,  10.66018867,
         -2.3020072 ,   0.        ,  -0.82156229,  -0.51525688,
         -1.01614237,  -3.26371336,   0.90953505,   2.95553279,
          7.59490061,   2.12639284,   7.33283949,  -0.19758332,
          1.83103597,   1.5947845 ,   0.50836229,   3.63837624,
          0.8413527 ,  -8.67680359,   9.54954433,   0.56935978,
          0.50184941,  -3.25046825,   2.72927427,   0.68971395,
         -1.66182148,   4.02250624,  -5.8604908 ,   0.        ,
         -0.08253539,   6.51767111,  -6.11068344,  -0.18792748,
         -1.6784234 ,   0.        ,  -0.21329308,   0.42496967,
          1.37030458,  -0.25358009,   0.        ,   3.65827322,
          0.824709  ,   0.12980139,   0.23438525,  -0.66782868,
          2.37740111,   0.98824406,   1.00861454,  -3.39377952,
          4.9793148 ,   3.49803519,   0.48034322,   0.3206768 ,
          0.        ,   0.83900928,   2.19098282,   0.67567921,
          0.        ,  -0.54724276,   1.71952426,   1.60466588,
          1.48702776,   1.6243304 ,  -1.01177549],
       [  0.        ,   0.        ,   0.        ,   0.        ,
          0.        ,   1.08937693,   0.        ,   0.        ,
          0.        ,   0.        ,   0.        ,   0.        ,
          0.        ,   0.        ,   0.        ,   0.        ,
          0.        ,   0.        ,   0.        ,   0.        ,
          0.        ,   0.        ,   0.        ,   0.        ,
          0.        ,   0.        ,   0.        ,   0.        ,
          0.        ,   0.        ,   0.        ,   0.        ,
          0.        ,   0.        ,   0.        ,   0.        ,
          0.        ,   0.        ,   0.        ,   0.        ,
          0.        ,   0.        ,   0.        ,   0.        ,
          0.        ,   0.        ,   0.        ,   0.        ,
          0.        ,   0.        ,   0.        ,   0.        ,
          0.        ,   0.        ,   0.        ,   0.        ,
          0.        ,   0.        ,   0.        ,   0.        ,
          0.        ,   0.        ,   0.        ,   0.        ,
          0.        ,   0.        ,   0.        ,   0.        ,
          0.        ,   0.        ,   0.        ,   0.        ,
          0.        ,   0.        ,   0.        ,   0.        ,
          0.        ,   0.        ,   0.        ,   0.        ,
          0.        ,   0.        ,   0.        ],
       [  7.58584166,   0.        , -18.53335571,  -4.3480444 ,
        -33.63961029,  -5.82963419,   5.00869751,   4.8509016 ,
        -11.50305176,   2.56926131, -14.46423054,  -5.00025749,
          0.        ,  -1.36831641,   0.36566448,   2.57054329,
         -2.02277708,   3.91356158,  -1.8974309 ,   4.52731419,
          0.23317784,  -0.3584919 ,   1.38244581,  -3.78414011,
         -9.14227581,   1.97601533,  -1.72396302,   4.110219  ,
        -10.52410507,   8.73513508, -16.91026497,  -1.09792519,
         -2.62133598,  -0.6092329 ,  15.06799412,   0.93816757,
         -0.95613289,   4.49726629,   3.10289049,   9.15998459,
         11.22499847,   2.05323315,  -4.7359314 ,  -4.53155422,
         -3.5734787 ,  -0.13428497,   3.76464677,   0.        ,
         -3.45834565,  11.15144348,  -6.34014034,  -1.24182796,
          4.6006794 ,   0.        ,   0.37358093,   1.97722912,
          0.95926476,  -0.19857979,  -0.15465641,   1.47819114,
         -3.26052213,  -0.35562563,   2.33924532,   3.68249512,
          0.04786777,   0.49569225,   1.39796293,   8.74715233,
         -0.29540485,  -1.51720524,   1.19812107,  -0.11395216,
          0.        ,   1.79165852,  -5.58271313,   0.81032324,
          4.67373943,   1.16044879,  -5.25794792,   6.34098244,
          0.11453891,  -3.11202717,   1.59670401]]), array([[ 0.00000000e+00,  0.00000000e+00,  1.00610697e+00,
         0.00000000e+00,  0.00000000e+00,  0.00000000e+00,
         0.00000000e+00,  0.00000000e+00,  0.00000000e+00,
         0.00000000e+00,  0.00000000e+00,  0.00000000e+00,
         0.00000000e+00,  0.00000000e+00,  0.00000000e+00,
         0.00000000e+00,  0.00000000e+00,  0.00000000e+00,
         0.00000000e+00,  0.00000000e+00,  0.00000000e+00,
         0.00000000e+00,  0.00000000e+00,  0.00000000e+00,
         0.00000000e+00,  0.00000000e+00,  0.00000000e+00,
         0.00000000e+00,  0.00000000e+00,  0.00000000e+00,
         0.00000000e+00,  0.00000000e+00,  0.00000000e+00,
         0.00000000e+00,  0.00000000e+00,  0.00000000e+00,
         0.00000000e+00,  0.00000000e+00,  0.00000000e+00,
         0.00000000e+00,  0.00000000e+00,  0.00000000e+00,
         0.00000000e+00,  0.00000000e+00,  0.00000000e+00,
         0.00000000e+00,  0.00000000e+00,  0.00000000e+00,
         0.00000000e+00,  0.00000000e+00,  0.00000000e+00,
         0.00000000e+00,  0.00000000e+00,  0.00000000e+00,
         0.00000000e+00,  0.00000000e+00,  0.00000000e+00,
         0.00000000e+00,  0.00000000e+00,  0.00000000e+00,
         0.00000000e+00,  0.00000000e+00,  0.00000000e+00,
         0.00000000e+00,  0.00000000e+00,  0.00000000e+00,
         0.00000000e+00,  0.00000000e+00,  0.00000000e+00,
         0.00000000e+00,  0.00000000e+00,  0.00000000e+00,
         0.00000000e+00,  0.00000000e+00,  0.00000000e+00,
         0.00000000e+00,  0.00000000e+00,  0.00000000e+00,
         0.00000000e+00,  0.00000000e+00,  0.00000000e+00,
         0.00000000e+00,  0.00000000e+00],
       [ 0.00000000e+00,  0.00000000e+00,  0.00000000e+00,
         1.00394106e+00,  0.00000000e+00,  0.00000000e+00,
         0.00000000e+00,  0.00000000e+00,  0.00000000e+00,
         0.00000000e+00,  0.00000000e+00,  0.00000000e+00,
         0.00000000e+00,  0.00000000e+00,  0.00000000e+00,
         0.00000000e+00,  0.00000000e+00,  0.00000000e+00,
         0.00000000e+00,  0.00000000e+00,  0.00000000e+00,
         0.00000000e+00,  0.00000000e+00,  0.00000000e+00,
         1.11160286e-01,  0.00000000e+00,  0.00000000e+00,
         0.00000000e+00,  0.00000000e+00,  0.00000000e+00,
         0.00000000e+00,  0.00000000e+00,  0.00000000e+00,
         0.00000000e+00,  0.00000000e+00,  0.00000000e+00,
         0.00000000e+00,  0.00000000e+00,  0.00000000e+00,
         0.00000000e+00,  0.00000000e+00,  0.00000000e+00,
         0.00000000e+00,  0.00000000e+00,  0.00000000e+00,
         0.00000000e+00,  0.00000000e+00,  0.00000000e+00,
         0.00000000e+00,  0.00000000e+00,  0.00000000e+00,
         0.00000000e+00,  0.00000000e+00,  0.00000000e+00,
         0.00000000e+00,  0.00000000e+00,  0.00000000e+00,
         0.00000000e+00,  0.00000000e+00,  0.00000000e+00,
         0.00000000e+00,  0.00000000e+00,  0.00000000e+00,
         0.00000000e+00,  0.00000000e+00,  0.00000000e+00,
         0.00000000e+00,  0.00000000e+00,  0.00000000e+00,
         0.00000000e+00,  0.00000000e+00,  0.00000000e+00,
         0.00000000e+00,  0.00000000e+00,  0.00000000e+00,
         0.00000000e+00,  0.00000000e+00,  0.00000000e+00,
         0.00000000e+00,  0.00000000e+00,  0.00000000e+00,
         0.00000000e+00,  0.00000000e+00],
       [-1.04417872e+00,  0.00000000e+00,  4.06908512e-01,
         0.00000000e+00, -4.98072481e+00,  7.08459973e-01,
        -3.65241855e-01, -1.48337394e-01, -3.38526517e-01,
         4.06636536e-01, -2.37854600e+00,  8.96945477e-01,
         0.00000000e+00,  2.70412594e-01,  0.00000000e+00,
         7.25641429e-01,  0.00000000e+00,  3.37770492e-01,
        -3.91366601e-01,  9.12027419e-01,  0.00000000e+00,
         0.00000000e+00, -6.78022742e-01,  2.14105874e-01,
         0.00000000e+00, -1.80992782e-01,  1.91036537e-01,
         2.20388699e+00, -2.29212713e+00,  1.26562524e+00,
        -2.92565465e+00,  0.00000000e+00,  2.11721539e-01,
        -2.50413561e+00,  5.52558839e-01,  0.00000000e+00,
        -1.90931797e-01,  9.05974984e-01, -6.19212437e+00,
        -5.48230827e-01,  0.00000000e+00,  1.03864551e+00,
         0.00000000e+00, -6.84348106e-01,  2.91867852e-01,
        -1.16702843e+00, -7.06530452e-01,  0.00000000e+00,
         0.00000000e+00, -2.35396504e+00, -3.94999123e+00,
        -2.95608282e-01,  0.00000000e+00,  0.00000000e+00,
         0.00000000e+00,  3.71777534e-01, -2.95475900e-01,
         0.00000000e+00,  0.00000000e+00, -4.93698359e-01,
        -5.11398435e-01,  1.82814598e-01,  0.00000000e+00,
         0.00000000e+00,  7.58373976e-01, -2.66719699e-01,
        -2.92720854e-01, -1.06018066e-01,  5.60470104e+00,
        -4.93947268e-01, -1.00522089e+00,  0.00000000e+00,
         0.00000000e+00, -2.62677491e-01, -8.86008382e-01,
         0.00000000e+00,  0.00000000e+00, -1.99453020e+00,
         7.33340693e+00, -1.49579203e+00, -3.60256815e+00,
         0.00000000e+00,  1.95102215e-01],
       [ 5.47242522e-01, -3.69644213e+00, -2.07862091e+00,
        -2.05863070e+00,  6.04240656e+00,  5.74138165e-01,
         1.66367936e+00, -6.21008158e-01, -1.15775609e+00,
        -3.49171311e-01,  0.00000000e+00, -1.08705401e+00,
         3.38950813e-01,  5.25021195e-01,  1.09082878e-01,
        -5.46403468e-01,  3.38071644e-01, -2.27927923e-01,
         0.00000000e+00, -2.63406098e-01, -1.18172300e+00,
        -1.32825792e-01,  8.36704969e-02,  5.37535191e-01,
         0.00000000e+00, -5.77915239e+00,  7.45890200e-01,
        -7.88534164e-01,  0.00000000e+00, -2.25913048e+00,
        -3.95948315e+00,  7.65866488e-02,  4.78367567e+00,
         1.69103539e+00,  2.03268957e+00, -4.17071581e-02,
         3.00161839e-01,  1.25212944e+00,  3.06735694e-01,
        -2.17201853e+00,  4.87115335e+00, -7.43529081e-01,
         5.69301546e-02,  1.54573929e+00, -1.16672218e+00,
        -3.51011932e-01, -7.07396388e-01,  4.63837147e-01,
        -1.41193843e+00, -2.20783329e+00, -1.61282575e+00,
         1.08089674e+00,  1.72303414e+00,  0.00000000e+00,
        -4.23421860e-01, -4.53221560e-01,  1.55416179e+00,
         0.00000000e+00,  1.93143725e-01,  1.59217095e+00,
         8.86810303e-01,  0.00000000e+00,  7.58350849e-01,
         2.16751337e-01,  6.22938395e-01,  0.00000000e+00,
         1.04523635e+00,  6.04848206e-01,  2.45876145e+00,
         8.26339722e-02, -1.09569669e-01,  0.00000000e+00,
         0.00000000e+00,  5.33377528e-01, -7.36863673e-01,
         9.46693420e-02,  1.61946917e+00,  8.53340983e-01,
         1.10127854e+00,  6.07289493e-01,  2.84843946e+00,
         0.00000000e+00,  6.28795624e-02],
       [ 0.00000000e+00,  0.00000000e+00,  0.00000000e+00,
         0.00000000e+00,  0.00000000e+00,  1.08631396e+00,
         0.00000000e+00,  0.00000000e+00,  0.00000000e+00,
         0.00000000e+00,  0.00000000e+00,  0.00000000e+00,
         0.00000000e+00,  0.00000000e+00,  0.00000000e+00,
         0.00000000e+00,  0.00000000e+00,  0.00000000e+00,
         0.00000000e+00,  0.00000000e+00,  0.00000000e+00,
         0.00000000e+00,  0.00000000e+00,  0.00000000e+00,
         0.00000000e+00,  0.00000000e+00,  0.00000000e+00,
         0.00000000e+00,  0.00000000e+00,  0.00000000e+00,
         0.00000000e+00,  0.00000000e+00,  0.00000000e+00,
         0.00000000e+00,  0.00000000e+00,  0.00000000e+00,
         0.00000000e+00,  0.00000000e+00,  0.00000000e+00,
         0.00000000e+00,  0.00000000e+00,  0.00000000e+00,
         0.00000000e+00,  0.00000000e+00,  0.00000000e+00,
         0.00000000e+00,  0.00000000e+00,  0.00000000e+00,
         0.00000000e+00,  0.00000000e+00,  0.00000000e+00,
         0.00000000e+00,  0.00000000e+00,  0.00000000e+00,
         0.00000000e+00,  0.00000000e+00,  0.00000000e+00,
         0.00000000e+00,  0.00000000e+00,  0.00000000e+00,
         0.00000000e+00,  0.00000000e+00,  0.00000000e+00,
         0.00000000e+00,  0.00000000e+00,  0.00000000e+00,
         0.00000000e+00,  0.00000000e+00,  0.00000000e+00,
         0.00000000e+00,  0.00000000e+00,  0.00000000e+00,
         0.00000000e+00,  0.00000000e+00,  0.00000000e+00,
         0.00000000e+00,  0.00000000e+00,  0.00000000e+00,
         0.00000000e+00,  0.00000000e+00,  0.00000000e+00,
         0.00000000e+00,  0.00000000e+00],
       [-1.58302116e+00,  0.00000000e+00, -7.53040123e+00,
        -1.43321753e+00, -4.43999596e+01, -6.75463915e-01,
        -1.80978119e+00,  6.21229410e+00, -7.92529058e+00,
         1.88346183e+00, -3.06540794e+01,  1.24413919e+00,
         0.00000000e+00, -2.44535351e+00,  1.24417692e-01,
         3.54015541e+00, -2.59208870e+00,  5.51527739e+00,
        -8.14919710e-01,  1.83691368e+01, -1.56751895e+00,
        -1.14157200e-01,  1.09312832e+00, -3.58653045e+00,
        -4.17560625e+00,  2.41014671e+00, -1.17394555e+00,
         1.35670938e+01,  1.51715956e+01,  2.38676529e+01,
         2.42141018e+01, -3.73960972e+00, -7.07818699e+00,
        -1.50808916e+01, -8.74522305e+00,  4.06859636e+00,
         6.72948074e+00, -1.53726578e+01,  3.08718491e+00,
         5.97989798e+00, -8.07995796e+00,  4.80091429e+00,
         5.45600033e+00, -5.07474804e+00, -2.30216026e+00,
        -1.92053139e+00, -7.38259745e+00,  5.08455276e-01,
         2.96238756e+00,  2.42722702e+01,  1.19415731e+01,
        -6.50420856e+00, -5.14248085e+00,  1.83591366e-01,
         5.97491264e-01,  2.83137298e+00, -7.34004974e-02,
        -4.49865341e-01, -6.66094780e-01,  2.88194799e+00,
        -1.36877155e+00, -5.00844002e-01,  0.00000000e+00,
         7.35098839e-01,  4.41667747e+00, -2.77311087e-01,
        -1.64077806e+00, -1.14577723e+01, -4.99978065e+00,
         3.69968748e+00,  6.50732327e+00,  1.63177490e-01,
         5.84339619e-01,  0.00000000e+00,  6.42584085e-01,
         4.26318169e-01, -1.89022923e+00, -4.30033779e+00,
        -1.59324484e+01,  6.96678638e-01,  1.29475536e+01,
         0.00000000e+00, -9.53544617e-01]]), array([[  0.        ,   0.        ,   1.00845253,   0.        ,
          0.        ,   0.        ,   0.        ,   0.        ,
          0.        ,   0.        ,   0.        ,   0.        ,
          0.        ,   0.        ,   0.        ,   0.        ,
          0.        ,   0.        ,   0.        ,   0.        ,
          0.        ,   0.        ,   0.        ,   0.        ,
          0.        ,   0.        ,   0.        ,   0.        ,
          0.        ,   0.        ,   0.        ,   0.        ,
          0.        ,   0.        ,   0.        ,   0.        ,
          0.        ,   0.        ,   0.        ,   0.        ,
          0.        ,   0.        ,   0.        ,   0.        ,
          0.        ,   0.        ,   0.        ,   0.        ,
          0.        ,   0.        ,   0.        ,   0.        ,
          0.        ,   0.        ,   0.        ,   0.        ,
          0.        ,   0.        ,   0.        ,   0.        ,
          0.        ,   0.        ,   0.        ,   0.        ,
          0.        ,   0.        ,   0.        ,   0.        ,
          0.        ,   0.        ,   0.        ,   0.        ,
          0.        ,   0.        ,   0.        ,   0.        ,
          0.        ,   0.        ,   0.        ,   0.        ,
          0.        ,   0.        ,   0.        ],
       [  0.        ,   0.        ,   0.        ,   0.99671221,
          0.        ,   0.        ,   0.        ,   0.        ,
          0.        ,   0.        ,   0.        ,   0.        ,
          0.        ,   0.        ,   0.        ,   0.        ,
          0.        ,   0.        ,   0.        ,   0.        ,
          0.        ,   0.        ,   0.        ,   0.        ,
          0.        ,   0.        ,   0.        ,   0.        ,
          0.        ,   0.        ,   0.        ,   0.        ,
          0.        ,   0.        ,   0.        ,   0.        ,
          0.        ,   0.        ,   0.        ,   0.        ,
          0.        ,   0.        ,   0.        ,   0.        ,
          0.        ,   0.        ,   0.        ,   0.        ,
          0.        ,   0.        ,   0.        ,   0.        ,
          0.        ,   0.        ,   0.        ,   0.        ,
          0.        ,   0.        ,   0.        ,   0.        ,
          0.        ,   0.        ,   0.        ,   0.        ,
          0.        ,   0.        ,   0.        ,   0.        ,
          0.        ,   0.        ,   0.        ,   0.        ,
          0.        ,   0.        ,   0.        ,   0.        ,
          0.        ,   0.        ,   0.        ,   0.        ,
          0.        ,   0.        ,   0.        ],
       [ -0.75193292,   0.        ,   1.19338429,   0.        ,
         -2.11167812,   0.58861649,  -0.32248279,  -0.34842271,
          0.        ,   0.4299809 ,  -0.49746239,   0.29261282,
          0.        ,   0.25650391,   0.        ,   0.43319035,
          0.        ,   0.27833939,  -0.34650928,   0.48972958,
          0.        ,   0.        ,  -0.41334888,   0.14235258,
          0.        ,  -0.64456654,   0.19333142,   1.30267918,
         -2.49422574,  -0.62847972,  -4.40283442,   0.11499183,
          0.24844772,  -1.98696375,   2.51309037,   0.        ,
         -0.1907298 ,  -2.74852228,  -6.66965008,  -0.93248749,
          1.3966912 ,   0.23447913,  -0.81396705,   0.        ,
          0.70236987,   0.        ,   0.        ,   0.        ,
          0.        ,   0.63168383,  -5.60904217,   0.        ,
          1.40624952,   0.        ,   0.        ,   0.2150116 ,
         -0.3417654 ,   0.        ,   0.        ,   0.12519264,
          0.15175046,   0.19790411,  -0.18264802,  -0.63691014,
          0.        ,  -0.26824826,   0.        ,  -4.47710133,
          0.71729946,   1.02262008,   0.        ,   0.        ,
          0.        ,  -0.51313162,  -0.29899397,   0.        ,
          0.        ,  -5.71839857,  -3.69489169,   0.51186347,
          0.65001583,   0.45326856,   0.35536575],
       [ -0.24535024,  -3.25287461,   0.31514373,  -2.26738667,
          2.84815574,  -1.0442431 ,  -0.33209488,   0.7665562 ,
         -0.81940687,   0.        ,  -0.51107746,  -0.64112222,
          0.29145977,  -0.53792179,   0.13804469,  -0.89591926,
          0.        ,   0.08311176,   0.        ,  -3.6893034 ,
          1.34623432,  -0.16771412,   0.        ,   0.        ,
         -5.14236927,  -4.06307983,   1.94208169,  -7.76698208,
          0.        ,  -9.81160164,  -1.95827115,   0.75290716,
          3.84285426,   2.33288407,   5.32737255,  -0.63945293,
         -3.53401661,  -0.51633704,  -2.30984092,   2.63450074,
          6.4244318 ,  -1.19298863,   1.39898527,   0.        ,
         -1.32226825,   2.92065716,   0.        ,  -1.79440391,
         -0.82137525,  -0.77369857,   4.72884941,   3.47831345,
         -1.33359849,   0.        ,  -0.34105268,   1.16448402,
          1.05993962,   0.        ,   0.39966106,   3.15251923,
          1.05884147,   0.        ,   0.59916782,  -1.44210529,
         -0.92919612,   1.3396976 ,   0.9915421 ,  -0.28873271,
         -3.53411412,  -0.8628819 ,   1.04141378,   0.        ,
         -0.34852791,   1.64004374,  -1.05138636,   0.57258177,
          1.81909931,  -0.50955105,   2.20388436,   2.07852101,
          0.4950614 ,  -0.09192634,  -0.52187347],
       [  0.        ,   0.        ,   0.        ,   0.        ,
          0.        ,   1.08655667,   0.        ,   0.        ,
          0.        ,   0.        ,   0.        ,   0.        ,
          0.        ,   0.        ,   0.        ,   0.        ,
          0.        ,   0.        ,   0.        ,   0.        ,
          0.        ,   0.        ,   0.        ,   0.        ,
          0.        ,   0.        ,   0.        ,   0.        ,
          0.        ,   0.        ,   0.        ,   0.        ,
          0.        ,   0.        ,   0.        ,   0.        ,
          0.        ,   0.        ,   0.        ,   0.        ,
          0.        ,   0.        ,   0.        ,   0.        ,
          0.        ,   0.        ,   0.        ,   0.        ,
          0.        ,   0.        ,   0.        ,   0.        ,
          0.        ,   0.        ,   0.        ,   0.        ,
          0.        ,   0.        ,   0.        ,   0.        ,
          0.        ,   0.        ,   0.        ,   0.        ,
          0.        ,   0.        ,   0.        ,   0.        ,
          0.        ,   0.        ,   0.        ,   0.        ,
          0.        ,   0.        ,   0.        ,   0.        ,
          0.        ,   0.        ,   0.        ,   0.        ,
          0.        ,   0.        ,   0.        ],
       [  4.88896656,  -1.36256444, -14.44894314,  -0.47494143,
        -30.66982269,  -6.85090923,   3.60898137,   5.2030983 ,
         -8.12727451,   3.22151327, -11.85616493,  -2.91502047,
          0.14070773,  -3.22831273,   0.        ,  -1.07760251,
         -2.14475107,   3.60772371,  -2.89857244,   7.57242107,
         -0.06173921,   0.        ,  -0.0966382 ,  -4.50407171,
         -3.55300879,   1.09184003,  -0.90955758,  13.27577496,
          6.67175484,  16.83742714,   1.10174704,  -2.07220316,
         -4.70170689,  -6.90371227,   7.78470469,  -0.98479545,
          0.11989498,   6.42718315,   4.1180954 ,   5.44565964,
          2.41208339,   1.63844204,  -3.74541187,  -6.40395689,
         -4.94898701,  -3.9449749 ,   0.        ,  -1.10992908,
         -1.23562431,  -0.03862715,  -9.63419151,   0.35511041,
         -2.68965054,   0.        ,   0.4152565 ,   4.28647804,
          1.37325215,   0.        ,  -0.20155334,   3.50840235,
         -1.8408289 ,   0.71241724,   2.22338462,   4.03525639,
          2.45120001,   1.35043001,   0.94696951,  12.92899036,
          7.62654877,  -3.93398333,   0.63415337,  -0.3183403 ,
          0.        ,   1.99849486,  -2.35937023,   1.56069946,
          2.74621868,   4.26607752,  -8.99597073,   9.13015175,
          7.30997896,  -4.20168638,  -3.52369881]]), array([[ 0.00000000e+00,  0.00000000e+00,  1.00833976e+00,
         0.00000000e+00,  0.00000000e+00,  0.00000000e+00,
         0.00000000e+00,  0.00000000e+00,  0.00000000e+00,
         0.00000000e+00,  0.00000000e+00,  0.00000000e+00,
         0.00000000e+00,  0.00000000e+00,  0.00000000e+00,
         0.00000000e+00,  0.00000000e+00,  0.00000000e+00,
         0.00000000e+00,  0.00000000e+00,  0.00000000e+00,
         0.00000000e+00,  0.00000000e+00,  0.00000000e+00,
         0.00000000e+00,  0.00000000e+00,  0.00000000e+00,
         0.00000000e+00,  0.00000000e+00,  0.00000000e+00,
         0.00000000e+00,  0.00000000e+00,  0.00000000e+00,
         0.00000000e+00,  0.00000000e+00,  0.00000000e+00,
         0.00000000e+00,  0.00000000e+00,  0.00000000e+00,
         0.00000000e+00,  0.00000000e+00,  0.00000000e+00,
         0.00000000e+00,  0.00000000e+00,  0.00000000e+00,
         0.00000000e+00,  0.00000000e+00,  0.00000000e+00,
         0.00000000e+00,  0.00000000e+00,  0.00000000e+00,
         0.00000000e+00,  0.00000000e+00,  0.00000000e+00,
         0.00000000e+00,  0.00000000e+00,  0.00000000e+00,
         0.00000000e+00,  0.00000000e+00,  0.00000000e+00,
         0.00000000e+00,  0.00000000e+00,  0.00000000e+00,
         0.00000000e+00,  0.00000000e+00,  0.00000000e+00,
         0.00000000e+00,  0.00000000e+00,  0.00000000e+00,
         0.00000000e+00,  0.00000000e+00,  0.00000000e+00,
         0.00000000e+00,  0.00000000e+00,  0.00000000e+00,
         0.00000000e+00,  0.00000000e+00,  0.00000000e+00,
         0.00000000e+00,  0.00000000e+00,  0.00000000e+00,
         0.00000000e+00,  0.00000000e+00],
       [ 0.00000000e+00,  0.00000000e+00,  0.00000000e+00,
         1.00451267e+00,  0.00000000e+00,  0.00000000e+00,
         0.00000000e+00,  0.00000000e+00,  0.00000000e+00,
         0.00000000e+00,  0.00000000e+00,  0.00000000e+00,
         0.00000000e+00,  0.00000000e+00,  0.00000000e+00,
         0.00000000e+00,  0.00000000e+00,  0.00000000e+00,
         0.00000000e+00,  0.00000000e+00,  0.00000000e+00,
         0.00000000e+00,  0.00000000e+00,  0.00000000e+00,
         1.10877998e-01,  0.00000000e+00,  0.00000000e+00,
         0.00000000e+00,  0.00000000e+00,  0.00000000e+00,
         0.00000000e+00,  0.00000000e+00,  0.00000000e+00,
         0.00000000e+00,  0.00000000e+00,  0.00000000e+00,
         0.00000000e+00,  0.00000000e+00,  0.00000000e+00,
         0.00000000e+00,  0.00000000e+00,  0.00000000e+00,
         0.00000000e+00,  0.00000000e+00,  0.00000000e+00,
         0.00000000e+00,  0.00000000e+00,  0.00000000e+00,
         0.00000000e+00,  0.00000000e+00,  0.00000000e+00,
         0.00000000e+00,  0.00000000e+00,  0.00000000e+00,
         0.00000000e+00,  0.00000000e+00,  0.00000000e+00,
         0.00000000e+00,  0.00000000e+00,  0.00000000e+00,
         0.00000000e+00,  0.00000000e+00,  0.00000000e+00,
         0.00000000e+00,  0.00000000e+00,  0.00000000e+00,
         0.00000000e+00,  0.00000000e+00,  0.00000000e+00,
         0.00000000e+00,  0.00000000e+00,  0.00000000e+00,
         0.00000000e+00,  0.00000000e+00,  0.00000000e+00,
         0.00000000e+00,  0.00000000e+00,  0.00000000e+00,
         0.00000000e+00,  0.00000000e+00,  0.00000000e+00,
         0.00000000e+00,  0.00000000e+00],
       [-2.10177636e+00,  0.00000000e+00,  2.89012480e+00,
         0.00000000e+00,  8.99079442e-01,  2.92046994e-01,
        -9.97085035e-01,  0.00000000e+00,  1.13186812e+00,
         4.98380244e-01,  0.00000000e+00,  1.18108535e+00,
         0.00000000e+00,  0.00000000e+00,  0.00000000e+00,
         2.99053133e-01,  0.00000000e+00,  0.00000000e+00,
        -3.22594762e-01,  1.84143615e+00, -5.20015478e-01,
         0.00000000e+00, -2.23488957e-01,  1.36306524e-01,
         4.23908806e+00, -1.55445063e+00,  2.80339301e-01,
         2.22902012e+00, -1.20296955e+00,  2.44066238e+00,
        -2.48378348e+00,  0.00000000e+00,  1.45593718e-01,
        -3.24513245e+00,  2.04508615e+00,  0.00000000e+00,
         0.00000000e+00, -1.93894351e+00, -5.63020945e+00,
        -1.13752615e+00,  1.25646818e+00,  1.77699566e+00,
        -6.72744155e-01, -4.45301414e-01,  7.14297533e-01,
        -9.93042469e-01,  9.49026942e-01,  0.00000000e+00,
         0.00000000e+00,  3.57072973e+00,  8.18484664e-01,
        -1.76900387e+00,  0.00000000e+00,  0.00000000e+00,
         0.00000000e+00,  3.91380340e-01, -5.55435896e-01,
         0.00000000e+00,  0.00000000e+00,  0.00000000e+00,
        -3.78891587e-01,  1.92047596e-01, -2.80473709e-01,
        -9.03705478e-01,  0.00000000e+00, -2.13846803e-01,
         0.00000000e+00, -6.90400887e+00,  1.91629016e+00,
         1.28828669e+00, -1.06015444e-01,  0.00000000e+00,
         0.00000000e+00, -4.17133689e-01, -4.19338703e-01,
         0.00000000e+00,  0.00000000e+00, -6.61845016e+00,
         5.71835375e+00,  0.00000000e+00, -2.04285979e+00,
         2.05298603e-01,  3.73540878e-01],
       [ 6.03815126e+00, -3.47773433e+00, -8.93035889e+00,
        -2.02893901e+00, -1.11176872e+01, -1.76819360e+00,
         4.11100674e+00, -1.34467709e+00, -5.93377256e+00,
        -5.43439269e-01,  0.00000000e+00, -3.42821455e+00,
         3.16788435e-01,  1.47897172e+00,  1.25163794e-01,
         1.14433980e+00,  5.20260572e-01,  2.15322018e+00,
         3.50198746e-02,  1.12296867e+00,  8.32735419e-01,
        -1.26405001e-01, -7.91887045e-01,  3.09753180e-01,
         1.24354303e-01, -4.66808653e+00,  1.01164174e+00,
        -7.72108269e+00, -3.98696721e-01, -8.67831421e+00,
        -3.79229736e+00,  6.96785688e-01,  5.97660065e+00,
         6.50816381e-01,  5.98122644e+00, -6.24275029e-01,
         2.51163244e-01, -1.41425788e+00, -2.52785444e-01,
        -1.39865637e+00,  5.64650059e+00, -1.15087223e+00,
         2.73804426e-01,  1.80913723e+00, -2.62603712e+00,
         1.54636693e+00, -9.57394838e-01, -1.52884102e+00,
        -3.29993486e+00, -6.21620560e+00, -2.02299452e+00,
         6.49872732e+00,  3.72221768e-01,  0.00000000e+00,
        -5.44278622e-01,  5.36415577e-01,  2.59371829e+00,
         0.00000000e+00,  2.23282814e-01,  3.00077009e+00,
         1.80570173e+00,  2.20611095e-02,  1.16270113e+00,
        -8.60150337e-01, -2.40349054e-01,  1.22699690e+00,
         3.11944675e+00,  1.27417421e+00, -1.71787596e+00,
         1.60764217e-01,  1.28602171e+00,  0.00000000e+00,
         0.00000000e+00,  1.40795159e+00,  6.94590092e-01,
         2.22068548e-01,  2.14100671e+00,  5.58756888e-01,
        -6.21490359e-01,  4.66071606e+00, -9.66322720e-02,
         8.47413540e-01,  6.09789610e-01],
       [ 0.00000000e+00,  0.00000000e+00,  0.00000000e+00,
         0.00000000e+00,  0.00000000e+00,  1.09080637e+00,
         0.00000000e+00,  0.00000000e+00,  0.00000000e+00,
         0.00000000e+00,  0.00000000e+00,  0.00000000e+00,
         0.00000000e+00,  0.00000000e+00,  0.00000000e+00,
         0.00000000e+00,  0.00000000e+00,  0.00000000e+00,
         0.00000000e+00,  0.00000000e+00,  0.00000000e+00,
         0.00000000e+00,  0.00000000e+00,  0.00000000e+00,
         0.00000000e+00,  0.00000000e+00,  0.00000000e+00,
         0.00000000e+00,  0.00000000e+00,  0.00000000e+00,
         0.00000000e+00,  0.00000000e+00,  0.00000000e+00,
         0.00000000e+00,  0.00000000e+00,  0.00000000e+00,
         0.00000000e+00,  0.00000000e+00,  0.00000000e+00,
         0.00000000e+00,  0.00000000e+00,  0.00000000e+00,
         0.00000000e+00,  0.00000000e+00,  0.00000000e+00,
         0.00000000e+00,  0.00000000e+00,  0.00000000e+00,
         0.00000000e+00,  0.00000000e+00,  0.00000000e+00,
         0.00000000e+00,  0.00000000e+00,  0.00000000e+00,
         0.00000000e+00,  0.00000000e+00,  0.00000000e+00,
         0.00000000e+00,  0.00000000e+00,  0.00000000e+00,
         0.00000000e+00,  0.00000000e+00,  0.00000000e+00,
         0.00000000e+00,  0.00000000e+00,  0.00000000e+00,
         0.00000000e+00,  0.00000000e+00,  0.00000000e+00,
         0.00000000e+00,  0.00000000e+00,  0.00000000e+00,
         0.00000000e+00,  0.00000000e+00,  0.00000000e+00,
         0.00000000e+00,  0.00000000e+00,  0.00000000e+00,
         0.00000000e+00,  0.00000000e+00,  0.00000000e+00,
         0.00000000e+00,  0.00000000e+00],
       [-1.93980336e+00, -1.27325103e-01, -2.44414353e+00,
        -3.92534518e+00, -1.94403992e+01,  5.36949277e-01,
        -1.68635106e+00,  2.73791599e+00, -5.10816097e-01,
         2.03088379e+00,  0.00000000e+00,  3.87469125e+00,
         0.00000000e+00, -1.90785348e+00,  2.87801981e-01,
        -2.82740355e-01, -1.66368461e+00,  3.19245219e+00,
        -1.42365646e+00,  1.38745546e+01, -2.25024319e+00,
        -4.12525117e-01,  4.81414139e-01, -3.03776646e+00,
         2.10167542e+01,  3.23735046e+00, -1.58655119e+00,
         1.39416218e+01,  5.03359127e+00,  2.32592754e+01,
         1.52135105e+01, -1.71113849e+00, -6.29284954e+00,
        -6.27349472e+00, -1.14517221e+01,  1.03148661e+01,
         0.00000000e+00, -2.29216552e+00,  1.89403515e+01,
         3.83442688e+00, -1.09080005e+00,  5.34111500e+00,
         1.01633358e+01, -4.90817165e+00, -4.85951471e+00,
        -2.62819910e+00, -1.47644615e+01,  2.31039762e+00,
         2.92842007e+00,  2.15431232e+01, -7.15566730e+00,
        -1.21596117e+01, -3.12841535e+00,  0.00000000e+00,
         5.92824936e-01,  9.55394745e-01,  6.10025406e-01,
        -7.66851902e-01, -2.61455059e-01, -4.14604902e-01,
        -5.24738216e+00, -7.86711693e-01,  4.67249393e-01,
         3.17557526e+00,  7.67506838e+00, -1.12143612e+00,
        -3.71891642e+00,  3.92879105e+00,  1.61558075e+01,
        -4.34510946e-01, -3.17645717e+00,  7.66450882e-01,
         0.00000000e+00,  3.07848454e-01, -2.16536999e+00,
        -6.93447590e-01, -5.83921432e-01,  7.28881776e-01,
         1.38233912e+00, -3.51485801e+00,  4.04400110e+00,
        -2.06428242e+00, -3.79449606e+00]]), array([[ 0.00000000e+00,  0.00000000e+00,  1.00340700e+00,
         0.00000000e+00,  0.00000000e+00,  0.00000000e+00,
         0.00000000e+00,  0.00000000e+00,  0.00000000e+00,
         0.00000000e+00,  0.00000000e+00,  0.00000000e+00,
         0.00000000e+00,  0.00000000e+00,  0.00000000e+00,
         0.00000000e+00,  0.00000000e+00,  0.00000000e+00,
         0.00000000e+00,  0.00000000e+00,  0.00000000e+00,
         0.00000000e+00,  0.00000000e+00,  0.00000000e+00,
         0.00000000e+00,  0.00000000e+00,  0.00000000e+00,
         0.00000000e+00,  0.00000000e+00,  0.00000000e+00,
         0.00000000e+00,  0.00000000e+00,  0.00000000e+00,
         0.00000000e+00,  0.00000000e+00,  0.00000000e+00,
         0.00000000e+00,  0.00000000e+00,  0.00000000e+00,
         0.00000000e+00,  0.00000000e+00,  0.00000000e+00,
         0.00000000e+00,  0.00000000e+00,  0.00000000e+00,
         0.00000000e+00,  0.00000000e+00,  0.00000000e+00,
         0.00000000e+00,  0.00000000e+00,  0.00000000e+00,
         0.00000000e+00,  0.00000000e+00,  0.00000000e+00,
         0.00000000e+00,  0.00000000e+00,  0.00000000e+00,
         0.00000000e+00,  0.00000000e+00,  0.00000000e+00,
         0.00000000e+00,  0.00000000e+00,  0.00000000e+00,
         0.00000000e+00,  0.00000000e+00,  0.00000000e+00,
         0.00000000e+00,  0.00000000e+00,  0.00000000e+00,
         0.00000000e+00,  0.00000000e+00,  0.00000000e+00,
         0.00000000e+00,  0.00000000e+00,  0.00000000e+00,
         0.00000000e+00,  0.00000000e+00,  0.00000000e+00,
         0.00000000e+00,  0.00000000e+00,  0.00000000e+00,
         0.00000000e+00,  0.00000000e+00],
       [ 0.00000000e+00,  0.00000000e+00,  0.00000000e+00,
         9.95514750e-01,  0.00000000e+00,  0.00000000e+00,
         0.00000000e+00,  0.00000000e+00,  0.00000000e+00,
         0.00000000e+00,  0.00000000e+00,  0.00000000e+00,
         0.00000000e+00,  0.00000000e+00,  0.00000000e+00,
         0.00000000e+00,  0.00000000e+00,  0.00000000e+00,
         0.00000000e+00,  0.00000000e+00,  0.00000000e+00,
         0.00000000e+00,  0.00000000e+00,  0.00000000e+00,
         0.00000000e+00,  0.00000000e+00,  0.00000000e+00,
         0.00000000e+00,  0.00000000e+00,  0.00000000e+00,
         0.00000000e+00,  0.00000000e+00,  0.00000000e+00,
         0.00000000e+00,  0.00000000e+00,  0.00000000e+00,
         0.00000000e+00,  0.00000000e+00,  0.00000000e+00,
         0.00000000e+00,  0.00000000e+00,  0.00000000e+00,
         0.00000000e+00,  0.00000000e+00,  0.00000000e+00,
         0.00000000e+00,  0.00000000e+00,  0.00000000e+00,
         0.00000000e+00,  0.00000000e+00,  0.00000000e+00,
         0.00000000e+00,  0.00000000e+00,  0.00000000e+00,
         0.00000000e+00,  0.00000000e+00,  0.00000000e+00,
         0.00000000e+00,  0.00000000e+00,  0.00000000e+00,
         0.00000000e+00,  0.00000000e+00,  0.00000000e+00,
         0.00000000e+00,  0.00000000e+00,  0.00000000e+00,
         0.00000000e+00,  0.00000000e+00,  0.00000000e+00,
         0.00000000e+00,  0.00000000e+00,  0.00000000e+00,
         0.00000000e+00,  0.00000000e+00,  0.00000000e+00,
         0.00000000e+00,  0.00000000e+00,  0.00000000e+00,
         0.00000000e+00,  0.00000000e+00,  0.00000000e+00,
         0.00000000e+00,  0.00000000e+00],
       [-2.18738389e+00,  0.00000000e+00,  3.81672025e+00,
         0.00000000e+00,  1.95624375e+00,  2.71049351e-01,
        -1.20560622e+00, -2.79756844e-01,  1.20325768e+00,
         2.65111208e-01, -1.15765107e+00,  1.04755473e+00,
         0.00000000e+00,  1.44100338e-01,  0.00000000e+00,
         2.73139417e-01,  0.00000000e+00,  0.00000000e+00,
         0.00000000e+00,  1.77180481e+00, -5.50758064e-01,
         0.00000000e+00,  2.66083896e-01,  0.00000000e+00,
         1.90871787e+00, -1.09711254e+00,  1.65099114e-01,
         2.44902420e+00,  0.00000000e+00,  3.28359342e+00,
         1.13870847e+00,  0.00000000e+00,  0.00000000e+00,
        -4.14524460e+00, -2.71963906e+00,  0.00000000e+00,
         0.00000000e+00,  3.62269282e-01, -6.09981012e+00,
        -7.31781840e-01, -1.26171029e+00,  2.06682158e+00,
         7.19288468e-01, -8.56707215e-01,  4.11307216e-01,
        -1.12268364e+00, -1.40357029e+00,  1.87444925e-01,
         2.95014381e-01,  3.58667254e+00, -3.48198175e+00,
        -2.31020975e+00,  0.00000000e+00,  0.00000000e+00,
         0.00000000e+00,  6.15904331e-01, -1.20779037e-01,
         0.00000000e+00,  0.00000000e+00,  0.00000000e+00,
        -1.27089858e-01,  1.86739624e-01, -1.57142162e-01,
        -1.03984118e+00,  9.69837427e-01, -4.09390569e-01,
        -4.16954339e-01, -8.22076416e+00,  5.14291382e+00,
         9.62748170e-01, -5.61012983e-01,  0.00000000e+00,
         0.00000000e+00, -2.09146261e-01, -3.37850571e-01,
         0.00000000e+00, -3.79649222e-01, -1.03817453e+01,
         4.24484682e+00, -3.59775186e-01,  0.00000000e+00,
         0.00000000e+00, -2.39849091e-01],
       [ 3.92987585e+00, -3.28241158e+00, -6.83341837e+00,
        -3.24001837e+00, -5.61961651e+00, -3.56594086e+00,
         2.39449263e+00, -6.40208662e-01, -3.52885699e+00,
        -2.22772777e-01,  5.87893665e-01, -2.79169822e+00,
         2.92950690e-01,  6.00285530e-01,  2.14316607e-01,
        -7.32462406e-02,  4.80349779e-01,  1.11862326e+00,
        -3.49973679e-01, -1.24474216e+00,  1.53894353e+00,
        -2.53993988e-01, -8.92093003e-01,  0.00000000e+00,
        -1.39965379e+00, -3.26297522e+00,  1.07963490e+00,
        -1.30634384e+01,  3.47965908e+00, -1.96031609e+01,
         2.84843159e+00,  1.38512075e+00,  5.10741043e+00,
         1.22686348e+01, -4.37127352e-02, -6.66347742e-02,
         1.57647300e+00,  1.74701977e+00,  2.37170982e+00,
        -1.91915584e+00,  0.00000000e+00, -5.46917009e+00,
         2.75959396e+00,  2.60527039e+00, -1.30510807e-01,
         3.55915499e+00, -1.98919559e+00, -1.04343700e+00,
         0.00000000e+00, -1.67023964e+01,  9.25171196e-01,
         6.77356386e+00, -1.74060822e-01,  0.00000000e+00,
        -4.90627289e-01, -1.58659196e+00,  0.00000000e+00,
         0.00000000e+00,  1.40792370e-01,  4.85095024e-01,
        -4.73007679e-01, -2.51492500e-01, -4.42123413e-02,
         7.48202324e-01, -7.90408611e-01,  8.65598857e-01,
         9.59250331e-02,  1.17948694e+01, -1.19076967e+00,
         0.00000000e+00, -2.52264380e+00,  1.28628731e-01,
         1.10621452e-01,  1.20725942e+00, -1.80779934e-01,
        -7.31223822e-01,  0.00000000e+00,  1.32395494e+00,
         0.00000000e+00,  4.24405670e+00, -1.02089345e+00,
         1.32081032e+00, -1.56324244e+00],
       [ 0.00000000e+00,  0.00000000e+00,  0.00000000e+00,
         0.00000000e+00,  0.00000000e+00,  1.07298291e+00,
         0.00000000e+00,  0.00000000e+00,  0.00000000e+00,
         0.00000000e+00,  0.00000000e+00,  0.00000000e+00,
         0.00000000e+00,  0.00000000e+00,  0.00000000e+00,
         0.00000000e+00,  0.00000000e+00,  0.00000000e+00,
         0.00000000e+00,  0.00000000e+00,  0.00000000e+00,
         0.00000000e+00,  0.00000000e+00,  0.00000000e+00,
         0.00000000e+00,  0.00000000e+00,  0.00000000e+00,
         0.00000000e+00,  0.00000000e+00,  0.00000000e+00,
         0.00000000e+00,  0.00000000e+00,  0.00000000e+00,
         0.00000000e+00,  0.00000000e+00,  0.00000000e+00,
         0.00000000e+00,  0.00000000e+00,  0.00000000e+00,
         0.00000000e+00,  0.00000000e+00,  0.00000000e+00,
         0.00000000e+00,  0.00000000e+00,  0.00000000e+00,
         0.00000000e+00,  0.00000000e+00,  0.00000000e+00,
         0.00000000e+00,  0.00000000e+00,  0.00000000e+00,
         0.00000000e+00,  0.00000000e+00,  0.00000000e+00,
         0.00000000e+00,  0.00000000e+00,  0.00000000e+00,
         0.00000000e+00,  0.00000000e+00,  0.00000000e+00,
         0.00000000e+00,  0.00000000e+00,  0.00000000e+00,
         0.00000000e+00,  0.00000000e+00,  0.00000000e+00,
         0.00000000e+00,  0.00000000e+00,  0.00000000e+00,
         0.00000000e+00,  0.00000000e+00,  0.00000000e+00,
         0.00000000e+00,  0.00000000e+00,  0.00000000e+00,
         0.00000000e+00,  0.00000000e+00,  0.00000000e+00,
         0.00000000e+00,  0.00000000e+00,  0.00000000e+00,
         0.00000000e+00,  0.00000000e+00],
       [-5.45955563e+00, -1.40434325e-01, -5.18482745e-01,
        -2.53539252e+00, -5.54241524e+01,  1.78815498e+01,
        -4.52638912e+00,  5.06659651e+00,  5.12555480e-01,
         1.03018308e+00, -1.27414484e+01, -2.78401792e-01,
         0.00000000e+00, -2.28886104e+00,  1.45720601e-01,
         3.60898161e+00, -2.75553918e+00,  1.41981411e+00,
        -2.15975761e-01,  7.36155844e+00, -1.25319242e+00,
        -2.50427723e-01, -2.42058134e+00,  0.00000000e+00,
        -4.17303705e+00,  2.65512371e+00, -1.71532774e+00,
         4.53968716e+00,  1.16852446e+01,  1.03901396e+01,
         2.51260624e+01, -1.05247545e+00, -6.55372906e+00,
        -9.67644405e+00, -2.47676125e+01,  1.42166328e+00,
         1.96222115e+00, -1.29367561e+01,  1.10087538e+01,
        -1.14283538e+00, -3.73122358e+00,  2.13974333e+00,
         1.02261925e+01, -1.21217847e+00, -6.58084106e+00,
        -2.64405489e-01, -9.50182724e+00,  6.04405403e-01,
         2.83448219e-01,  1.76780930e+01,  1.23068542e+01,
        -8.33829594e+00, -5.32177258e+00,  0.00000000e+00,
         5.57750702e-01,  5.15488625e-01,  3.62848425e+00,
        -1.68696404e-01, -3.50477219e-01,  5.23781300e-01,
        -3.73958445e+00, -5.52121162e-01,  2.40201569e+00,
         4.42685843e-01,  2.55443954e+00, -7.05506325e-01,
        -2.49462795e+00, -7.22064161e+00, -5.42035818e+00,
         3.67202950e+00,  2.35690904e+00,  0.00000000e+00,
         1.26907349e-01, -4.75788355e-01, -5.08103466e+00,
        -9.08905506e-01,  2.33358669e+00,  3.32591271e+00,
         1.81662321e-01, -7.00159979e+00,  2.34678435e+00,
         1.62887669e+00, -8.64573002e-01]]), array([[  0.        ,   0.        ,   1.00843477,   0.        ,
          0.        ,   0.        ,   0.        ,   0.        ,
          0.        ,   0.        ,   0.        ,   0.        ,
          0.        ,   0.        ,   0.        ,   0.        ,
          0.        ,   0.        ,   0.        ,   0.        ,
          0.        ,   0.        ,   0.        ,   0.        ,
          0.        ,   0.        ,   0.        ,   0.        ,
          0.        ,   0.        ,   0.        ,   0.        ,
          0.        ,   0.        ,   0.        ,   0.        ,
          0.        ,   0.        ,   0.        ,   0.        ,
          0.        ,   0.        ,   0.        ,   0.        ,
          0.        ,   0.        ,   0.        ,   0.        ,
          0.        ,   0.        ,   0.        ,   0.        ,
          0.        ,   0.        ,   0.        ,   0.        ,
          0.        ,   0.        ,   0.        ,   0.        ,
          0.        ,   0.        ,   0.        ,   0.        ,
          0.        ,   0.        ,   0.        ,   0.        ,
          0.        ,   0.        ,   0.        ,   0.        ,
          0.        ,   0.        ,   0.        ,   0.        ,
          0.        ,   0.        ,   0.        ,   0.        ,
          0.        ,   0.        ,   0.        ],
       [  0.        ,   0.        ,   0.        ,   1.0040518 ,
          0.        ,   0.        ,   0.        ,   0.        ,
          0.        ,   0.        ,   0.        ,   0.        ,
          0.        ,   0.        ,   0.        ,   0.        ,
          0.        ,   0.        ,   0.        ,   0.        ,
          0.        ,   0.        ,   0.        ,   0.        ,
          0.10103154,   0.        ,   0.        ,   0.        ,
          0.        ,   0.        ,   0.        ,   0.        ,
          0.        ,   0.        ,   0.        ,   0.        ,
          0.        ,   0.        ,   0.        ,   0.        ,
          0.        ,   0.        ,   0.        ,   0.        ,
          0.        ,   0.        ,   0.        ,   0.        ,
          0.        ,   0.        ,   0.        ,   0.        ,
          0.        ,   0.        ,   0.        ,   0.        ,
          0.        ,   0.        ,   0.        ,   0.        ,
          0.        ,   0.        ,   0.        ,   0.        ,
          0.        ,   0.        ,   0.        ,   0.        ,
          0.        ,   0.        ,   0.        ,   0.        ,
          0.        ,   0.        ,   0.        ,   0.        ,
          0.        ,   0.        ,   0.        ,   0.        ,
          0.        ,   0.        ,   0.        ],
       [ -0.64629304,   0.        ,   0.48799172,   0.        ,
         -0.41356215,  -0.40023452,   0.        ,   0.        ,
         -1.29174912,   0.62042105,  -5.26186419,   1.07709587,
          0.        ,   0.        ,   0.        ,   0.        ,
          0.        ,   0.88983566,  -0.55217421,   3.62807393,
         -0.65759522,   0.        ,  -0.32924864,   0.        ,
          1.20991397,  -1.18879724,   0.17226014,   3.13346577,
         -1.4763751 ,   2.00480938,  -3.47447872,   0.        ,
          0.17379282,  -2.59794474,   2.73977017,   2.62307239,
          0.        ,  -5.4314971 , -11.66532707,  -0.70285702,
          1.85969579,  -0.39196688,  -2.2108829 ,  -1.49013913,
          0.88705325,   1.21468043,   1.87902379,  -0.26217365,
          0.        ,   3.6884203 ,  -1.79471111,  -0.33850846,
          1.21511555,   0.        ,   0.        ,   1.23119366,
         -0.66118193,  -0.18052375,   0.        ,   1.18332291,
          0.14410841,   0.40871334,  -0.34571987,  -0.1515294 ,
          0.4107542 ,   0.19953394,   0.        ,   0.        ,
          6.2625823 ,   0.76600659,  -0.51622248,   0.23307574,
          0.        ,   0.        ,  -0.91296196,   0.        ,
          0.        ,   2.81419468,  11.33946037,  -0.14060342,
         -2.38504314,   0.42205739,   0.46619844],
       [  2.25812507,  -3.52892041,  -7.74535179,  -0.60614955,
         -6.92872   ,  -2.81075382,   2.40150261,   0.59004682,
         -5.90280437,   0.19384748, -11.45414352,   0.        ,
          0.32203048,   0.        ,   0.        ,  -0.30104363,
          0.10838056,   2.45026612,  -0.71840096,   5.78863382,
         -0.42792034,   0.        ,  -0.83567423,  -0.18527842,
         -2.78981566,  -3.99283552,   1.19415867,  -6.42550135,
         -2.32632113,  -9.67693138,  -8.38230324,   3.55499339,
          6.55369806,   5.97342157,   7.31613398,  -1.18463755,
         -3.02007246,  -1.70160913,   1.56419206,   1.812783  ,
          5.88205433,  -2.1422925 ,  -1.49835575,  -0.93735003,
          0.        ,   4.337358  ,   3.54576635,  -2.72100854,
         -2.47894931,  -2.96756554,  -4.49811792,   2.78697824,
          3.44318295,  -0.30426502,  -0.59610033,   1.91374087,
          1.20706832,   0.19052482,   0.4477725 ,   4.47849894,
          2.537287  ,   0.19565773,   0.46520424,  -2.24199867,
         -2.11436915,   2.71138763,   2.32485747,   0.        ,
          0.96732163,  -1.99690175,  -1.09996033,  -0.08626723,
         -0.31608534,   3.09544778,   0.71044183,   0.41926813,
          2.01025963,  -0.20970549,   0.47157872,  -0.23515278,
          3.1317153 ,  -0.4951013 ,  -0.52218056],
       [  0.        ,   0.        ,   0.        ,   0.        ,
          0.        ,   1.0814873 ,   0.        ,   0.        ,
          0.        ,   0.        ,   0.        ,   0.        ,
          0.        ,   0.        ,   0.        ,   0.        ,
          0.        ,   0.        ,   0.        ,   0.        ,
          0.        ,   0.        ,   0.        ,   0.        ,
          0.        ,   0.        ,   0.        ,   0.        ,
          0.        ,   0.        ,   0.        ,   0.        ,
          0.        ,   0.        ,   0.        ,   0.        ,
          0.        ,   0.        ,   0.        ,   0.        ,
          0.        ,   0.        ,   0.        ,   0.        ,
          0.        ,   0.        ,   0.        ,   0.        ,
          0.        ,   0.        ,   0.        ,   0.        ,
          0.        ,   0.        ,   0.        ,   0.        ,
          0.        ,   0.        ,   0.        ,   0.        ,
          0.        ,   0.        ,   0.        ,   0.        ,
          0.        ,   0.        ,   0.        ,   0.        ,
          0.        ,   0.        ,   0.        ,   0.        ,
          0.        ,   0.        ,   0.        ,   0.        ,
          0.        ,   0.        ,   0.        ,   0.        ,
          0.        ,   0.        ,   0.        ],
       [  3.08628249,   0.        , -11.36799526,   0.        ,
        -50.52978516,  -1.10818517,   0.45352039,   5.74018335,
         -6.68701792,   2.62279844, -10.76888466,  -2.51990557,
          0.        ,  -3.19287729,   0.        ,   0.39049292,
         -2.17130327,   5.44920206,  -2.22144318,  17.40170288,
          0.13331139,   0.        ,  -2.5928266 ,  -3.14999056,
         19.58686256,  -5.98974657,   0.2592932 ,   8.8753643 ,
         17.89512825,  16.58457184,  28.97203445,  -1.65608299,
         -6.48854923, -14.5662384 , -14.17734051,  -1.72187304,
          4.5807271 ,  11.99401474,  13.17262173,   4.00585032,
         -1.87329948,   6.43135452,   8.0892849 ,  -7.8081398 ,
         -8.47247314,  -3.11373281, -10.56413841,   0.        ,
          2.02448177,  11.39139462,   6.26462936,  -3.51815581,
         -7.85005856,   0.        ,   0.48586845,   5.53598881,
          3.68930387,   0.        ,  -0.58992958,   3.47268772,
         -2.66652894,   1.09934425,   2.38881922,   1.46295905,
          6.56885624,  -0.44682503,  -1.94705868,   0.        ,
          8.52791882,  -2.06616306,   2.11853456,  -0.39015198,
          0.22885513,   1.19825029,  -2.69297075,   1.52656746,
          1.58353448, -11.80976582,   5.41838646,  10.10597992,
          4.08204556,  -4.40879154,  -3.28007126]]), array([[  0.        ,   0.        ,   1.00440037,   0.        ,
          0.        ,   0.        ,   0.        ,   0.        ,
          0.        ,   0.        ,   0.        ,   0.        ,
          0.        ,   0.        ,   0.        ,   0.        ,
          0.        ,   0.        ,   0.        ,   0.        ,
          0.        ,   0.        ,   0.        ,   0.        ,
          0.        ,   0.        ,   0.        ,   0.        ,
          0.        ,   0.        ,   0.        ,   0.        ,
          0.        ,   0.        ,   0.        ,   0.        ,
          0.        ,   0.        ,   0.        ,   0.        ,
          0.        ,   0.        ,   0.        ,   0.        ,
          0.        ,   0.        ,   0.        ,   0.        ,
          0.        ,   0.        ,   0.        ,   0.        ,
          0.        ,   0.        ,   0.        ,   0.        ,
          0.        ,   0.        ,   0.        ,   0.        ,
          0.        ,   0.        ,   0.        ,   0.        ,
          0.        ,   0.        ,   0.        ,   0.        ,
          0.        ,   0.        ,   0.        ,   0.        ,
          0.        ,   0.        ,   0.        ,   0.        ,
          0.        ,   0.        ,   0.        ,   0.        ,
          0.        ,   0.        ,   0.        ],
       [  0.        ,  -0.41388416,   0.        ,   0.        ,
          0.25005919,   0.        ,   0.        ,   0.        ,
          0.25090531,   0.        ,   0.        ,   0.        ,
          0.        ,   0.        ,   0.        ,   0.        ,
          0.        ,  -0.95692283,   0.        ,  -2.8658123 ,
          0.        ,   0.        ,   0.        ,   0.        ,
         -5.9057703 ,   0.95654786,   0.        ,   0.        ,
          0.        ,   0.        ,  -0.10049623,   0.        ,
          0.        ,   0.        ,   0.16891401,   0.        ,
          0.        ,   0.        ,   0.55062526,   0.        ,
          0.        ,   0.        ,   0.        ,   0.        ,
          0.        ,   0.        ,   0.31941417,   0.        ,
          0.        ,   0.54469162,   1.1469419 ,   0.        ,
         -0.1300716 ,   0.        ,   0.        ,   0.        ,
          0.        ,   0.        ,   0.        ,   0.        ,
          0.        ,   0.        ,   0.        ,   0.        ,
         -0.48722026,   0.        ,   0.        ,   0.        ,
         -1.95266104,   0.        ,   0.        ,   0.        ,
          0.        ,   0.        ,   0.        ,   0.        ,
          0.        ,   0.86169887,  -0.60324943,   0.        ,
         -0.46773443,   0.        ,   0.        ],
       [ -0.59689999,   0.        ,   0.        ,   0.        ,
         -3.18360233,   0.        ,   0.        ,  -0.18400493,
         -1.25280511,   0.54840171,  -4.31340551,   1.05281937,
          0.        ,   0.30765384,   0.        ,   0.61392999,
          0.        ,   1.08918869,  -0.44815803,   4.88134909,
         -0.9499265 ,   0.        ,  -0.29816914,   0.        ,
          4.40747929,  -2.00139189,   0.13334465,   4.27618885,
         -1.03438926,   4.31875849,  -2.39061022,  -0.14043248,
          0.13054013,  -2.83878922,   0.        ,   0.26178992,
          0.        ,   0.3589493 , -10.77187061,  -0.20090786,
          1.78557229,   0.95910108,  -1.50406623,  -1.32963252,
          0.        ,   0.83626294,   1.34851503,   0.        ,
         -0.42798486,   9.99709129,  -1.67842507,  -2.98670959,
          0.49923593,   0.        ,   0.        ,   0.85874844,
          0.        ,   0.        ,   0.        ,   0.25757122,
          0.        ,   0.22071266,   0.        ,  -1.2676239 ,
          0.30208611,   0.        ,   0.        ,  -8.93099213,
          3.89394259,   1.71467161,   0.        ,   0.        ,
          0.        ,   0.16982222,  -1.16601276,   0.        ,
          0.30934036,  -6.18067551,   4.47515392,   0.38352883,
          0.26362753,   0.        ,   0.15872788],
       [  2.76159024,  -1.86243916,  -5.29886484,   0.        ,
          1.95127833,  -3.82750535,   2.2197175 ,   0.        ,
         -1.49664044,   0.27860513,   3.46537709,  -2.49059749,
          0.15104425,  -0.09843314,   0.        ,  -1.59021485,
          0.48990816,  -0.14587843,  -0.78193521,  -3.99183273,
          1.57825661,   0.        ,  -0.99631953,   0.        ,
         -3.13960147,  -3.37901354,   1.4884603 ,   2.39847612,
          2.20560384,   1.38973737,  -2.47159147,   1.1267724 ,
          3.7383008 ,   3.40941572,   2.95928001,   0.58158743,
          2.26212668,  -0.13935781,  -0.81034267,   0.81745499,
          4.65503979,  -0.70539486,  -0.45654738,  -0.85409099,
         -1.81797564,  -0.70756859,   0.61181295,  -0.36664316,
         -1.40849352,   0.71196395,  -0.09046686,   1.89707565,
          0.33956802,  -0.13725066,  -0.33426929,   1.49149501,
          1.28013825,   0.03016537,   0.        ,   4.05610371,
          0.32963926,   0.07550859,   0.70713806,   1.40442073,
          0.10770762,   1.46494281,   0.96506155,   2.42652321,
          2.71026468,   0.55827999,  -0.92329669,   0.        ,
          0.18412006,   2.535007  ,  -1.10511768,   0.03971803,
          1.55743337,  -0.06428194,   0.25458306,   7.38726091,
          2.45604467,  -1.1756537 ,  -1.15786064],
       [  0.        ,   0.        ,   0.        ,   0.        ,
          0.        ,   1.08508253,   0.        ,   0.        ,
          0.        ,   0.        ,   0.        ,   0.        ,
          0.        ,   0.        ,   0.        ,   0.        ,
          0.        ,   0.        ,   0.        ,   0.        ,
          0.        ,   0.        ,   0.        ,   0.        ,
          0.        ,   0.        ,   0.        ,   0.        ,
          0.        ,   0.        ,   0.        ,   0.        ,
          0.        ,   0.        ,   0.        ,   0.        ,
          0.        ,   0.        ,   0.        ,   0.        ,
          0.        ,   0.        ,   0.        ,   0.        ,
          0.        ,   0.        ,   0.        ,   0.        ,
          0.        ,   0.        ,   0.        ,   0.        ,
          0.        ,   0.        ,   0.        ,   0.        ,
          0.        ,   0.        ,   0.        ,   0.        ,
          0.        ,   0.        ,   0.        ,   0.        ,
          0.        ,   0.        ,   0.        ,   0.        ,
          0.        ,   0.        ,   0.        ,   0.        ,
          0.        ,   0.        ,   0.        ,   0.        ,
          0.        ,   0.        ,   0.        ,   0.        ,
          0.        ,   0.        ,   0.        ],
       [ -2.04590654,   0.        ,  -2.5939002 ,   0.        ,
        -18.75845528,  -2.64790845,  -1.26765752,   5.31390047,
         -4.36366463,   2.85803223, -19.2249527 ,   2.74931049,
          0.        ,  -3.17555094,   0.        ,   0.35626841,
         -2.64152193,   3.05699348,  -1.36511445,   8.90698147,
         -1.6329689 ,   0.        ,   3.18654943,  -4.67521477,
         -9.50462627,   3.16287732,  -0.54261994,   7.5747304 ,
          9.53524971,  16.03016281,  20.03235054,  -4.60686302,
         -4.98877525, -16.77217865,  -8.02905273,   1.51874828,
         -2.62709904, -16.62943649,  10.3094492 ,  10.14622784,
        -10.57684803,   3.55156851,   7.44069624,  -2.81889725,
         -6.13019753,   0.72040462,  -8.27368355,   0.        ,
          0.07146001,  26.83443642,  16.82548904,  -8.52961636,
         -7.45631552,   0.34329605,   0.39861774,   2.43980694,
          2.08719444,  -0.29864216,   0.        ,   0.88961649,
         -4.02597761,   1.03905773,   2.48715782,   0.65667725,
          3.47049332,  -1.3075428 ,  -0.87163496,  -8.53628922,
         -0.31795001,   4.76688433,   3.63079023,   0.        ,
         -0.31255358,  -6.29995871,  -3.19296193,   4.4333005 ,
          0.46157265,   2.9431653 ,  19.3526516 ,   0.        ,
         -1.61056995,   0.        ,  -1.63970757]]), array([[ 0.00000000e+00,  0.00000000e+00,  1.00774646e+00,
         0.00000000e+00,  0.00000000e+00,  0.00000000e+00,
         0.00000000e+00,  0.00000000e+00,  0.00000000e+00,
         0.00000000e+00,  0.00000000e+00,  0.00000000e+00,
         0.00000000e+00,  0.00000000e+00,  0.00000000e+00,
         0.00000000e+00,  0.00000000e+00,  0.00000000e+00,
         0.00000000e+00,  0.00000000e+00,  0.00000000e+00,
         0.00000000e+00,  0.00000000e+00,  0.00000000e+00,
         0.00000000e+00,  0.00000000e+00,  0.00000000e+00,
         0.00000000e+00,  0.00000000e+00,  0.00000000e+00,
         0.00000000e+00,  0.00000000e+00,  0.00000000e+00,
         0.00000000e+00,  0.00000000e+00,  0.00000000e+00,
         0.00000000e+00,  0.00000000e+00,  0.00000000e+00,
         0.00000000e+00,  0.00000000e+00,  0.00000000e+00,
         0.00000000e+00,  0.00000000e+00,  0.00000000e+00,
         0.00000000e+00,  0.00000000e+00,  0.00000000e+00,
         0.00000000e+00,  0.00000000e+00,  0.00000000e+00,
         0.00000000e+00,  0.00000000e+00,  0.00000000e+00,
         0.00000000e+00,  0.00000000e+00,  0.00000000e+00,
         0.00000000e+00,  0.00000000e+00,  0.00000000e+00,
         0.00000000e+00,  0.00000000e+00,  0.00000000e+00,
         0.00000000e+00,  0.00000000e+00,  0.00000000e+00,
         0.00000000e+00,  0.00000000e+00,  0.00000000e+00,
         0.00000000e+00,  0.00000000e+00,  0.00000000e+00,
         0.00000000e+00,  0.00000000e+00,  0.00000000e+00,
         0.00000000e+00,  0.00000000e+00,  0.00000000e+00,
         0.00000000e+00,  0.00000000e+00,  0.00000000e+00,
         0.00000000e+00,  0.00000000e+00],
       [ 0.00000000e+00,  0.00000000e+00,  0.00000000e+00,
         9.96514916e-01,  0.00000000e+00,  0.00000000e+00,
         0.00000000e+00,  0.00000000e+00,  0.00000000e+00,
         0.00000000e+00,  0.00000000e+00,  0.00000000e+00,
         0.00000000e+00,  0.00000000e+00,  0.00000000e+00,
         0.00000000e+00,  0.00000000e+00,  0.00000000e+00,
         0.00000000e+00,  0.00000000e+00,  0.00000000e+00,
         0.00000000e+00,  0.00000000e+00,  0.00000000e+00,
         0.00000000e+00,  0.00000000e+00,  0.00000000e+00,
         0.00000000e+00,  0.00000000e+00,  0.00000000e+00,
         0.00000000e+00,  0.00000000e+00,  0.00000000e+00,
         0.00000000e+00,  0.00000000e+00,  0.00000000e+00,
         0.00000000e+00,  0.00000000e+00,  0.00000000e+00,
         0.00000000e+00,  0.00000000e+00,  0.00000000e+00,
         0.00000000e+00,  0.00000000e+00,  0.00000000e+00,
         0.00000000e+00,  0.00000000e+00,  0.00000000e+00,
         0.00000000e+00,  0.00000000e+00,  0.00000000e+00,
         0.00000000e+00,  0.00000000e+00,  0.00000000e+00,
         0.00000000e+00,  0.00000000e+00,  0.00000000e+00,
         0.00000000e+00,  0.00000000e+00,  0.00000000e+00,
         0.00000000e+00,  0.00000000e+00,  0.00000000e+00,
         0.00000000e+00,  0.00000000e+00,  0.00000000e+00,
         0.00000000e+00,  0.00000000e+00,  0.00000000e+00,
         0.00000000e+00,  0.00000000e+00,  0.00000000e+00,
         0.00000000e+00,  0.00000000e+00,  0.00000000e+00,
         0.00000000e+00,  0.00000000e+00,  0.00000000e+00,
         0.00000000e+00,  0.00000000e+00,  0.00000000e+00,
         0.00000000e+00,  0.00000000e+00],
       [-9.14373636e-01,  0.00000000e+00,  2.14953279e+00,
         0.00000000e+00,  0.00000000e+00,  6.36174917e-01,
        -5.95358133e-01, -3.63882244e-01,  5.21038651e-01,
         2.95870066e-01,  0.00000000e+00,  5.60531199e-01,
         0.00000000e+00,  2.22896010e-01,  0.00000000e+00,
         3.15684557e-01,  0.00000000e+00,  0.00000000e+00,
        -1.53352976e-01,  6.03937626e-01, -1.48333549e-01,
         0.00000000e+00, -1.98971629e-01,  1.95811629e-01,
         2.46767831e+00, -1.60472202e+00,  3.23963851e-01,
         1.12249494e+00, -1.85508311e-01, -9.72170830e-01,
        -2.82969713e-01,  1.04605019e-01,  0.00000000e+00,
         0.00000000e+00, -6.20255232e-01, -1.01002455e-01,
         0.00000000e+00,  7.38236904e-01, -6.78657627e+00,
        -6.52759731e-01,  5.83280742e-01,  3.15996885e-01,
         0.00000000e+00,  0.00000000e+00,  6.41754150e-01,
        -1.03155589e+00, -4.58945274e-01,  0.00000000e+00,
         5.21358013e-01, -4.96864033e+00,  0.00000000e+00,
         8.45458627e-01, -3.01430941e-01,  0.00000000e+00,
         0.00000000e+00,  1.40821218e-01, -4.85369682e-01,
         0.00000000e+00,  0.00000000e+00,  2.37756342e-01,
        -3.27376395e-01,  0.00000000e+00, -2.35997915e-01,
         2.23047256e-01,  7.32542157e-01,  0.00000000e+00,
        -5.54809332e-01,  1.26867509e+00,  2.57596254e+00,
        -7.08049834e-01,  0.00000000e+00,  0.00000000e+00,
         0.00000000e+00,  3.44205379e-01, -8.85766983e-01,
        -2.08336353e-01,  0.00000000e+00, -2.63284731e+00,
         4.23678017e+00, -7.76128650e-01, -9.59041178e-01,
         0.00000000e+00,  0.00000000e+00],
       [ 1.83788800e+00, -3.14230251e+00, -2.76094866e+00,
        -3.13787055e+00,  3.91426730e+00,  1.03650904e+00,
         1.35270214e+00, -9.94154096e-01, -1.72741771e+00,
        -3.98709208e-01, -1.49111581e+00,  9.76440549e-01,
         2.79252470e-01,  8.26535225e-01,  2.10670114e-01,
        -3.31308305e-01,  3.93391132e-01,  2.01260686e-01,
         5.18728495e-02, -5.08980155e-01, -4.73482788e-01,
        -2.55811214e-01, -1.76307499e-01,  6.06611848e-01,
        -7.04677463e-01, -2.20975947e+00,  7.97684848e-01,
        -3.60907125e+00,  6.46244574e+00, -3.54403973e+00,
         5.81649590e+00,  4.08096790e-01,  1.25473166e+00,
         2.83571124e+00, -5.16833544e-01, -9.03062463e-01,
         5.94454765e-01, -3.46589178e-01,  9.30606604e-01,
        -8.01569080e+00,  2.93564415e+00,  2.00930834e-01,
         2.84893060e+00,  4.59915161e-01, -7.07642436e-01,
        -6.53128862e-01, -2.76502800e+00, -5.02256870e-01,
         6.87703729e-01, -6.39590561e-01,  0.00000000e+00,
        -4.13578153e-01, -6.64584279e-01,  0.00000000e+00,
        -1.41764760e-01,  0.00000000e+00,  2.94394970e-01,
         6.95530921e-02,  0.00000000e+00,  9.47129965e-01,
         0.00000000e+00,  7.89321661e-01, -1.31668508e-01,
        -1.19473934e-02,  3.21695328e-01,  5.54772496e-01,
        -1.23852730e-01, -1.26613629e+00,  8.19029093e-01,
         1.60993338e+00, -3.48779440e-01, -4.16021943e-02,
         0.00000000e+00,  1.65632546e-01,  4.52147722e-02,
        -3.59899521e-01,  1.76749468e-01,  9.76857722e-01,
         1.94647384e+00,  7.57239103e-01,  2.04758227e-01,
         0.00000000e+00, -4.35773015e-01],
       [ 0.00000000e+00,  0.00000000e+00,  0.00000000e+00,
         0.00000000e+00,  0.00000000e+00,  1.06434941e+00,
         0.00000000e+00,  0.00000000e+00,  0.00000000e+00,
         0.00000000e+00,  0.00000000e+00,  0.00000000e+00,
         0.00000000e+00,  0.00000000e+00,  0.00000000e+00,
         0.00000000e+00,  0.00000000e+00,  0.00000000e+00,
         0.00000000e+00,  0.00000000e+00,  0.00000000e+00,
         0.00000000e+00,  0.00000000e+00,  0.00000000e+00,
         0.00000000e+00,  0.00000000e+00,  0.00000000e+00,
         0.00000000e+00,  0.00000000e+00,  0.00000000e+00,
         0.00000000e+00,  0.00000000e+00,  0.00000000e+00,
         0.00000000e+00,  0.00000000e+00,  0.00000000e+00,
         0.00000000e+00,  0.00000000e+00,  0.00000000e+00,
         0.00000000e+00,  0.00000000e+00,  0.00000000e+00,
         0.00000000e+00,  0.00000000e+00,  0.00000000e+00,
         0.00000000e+00,  0.00000000e+00,  0.00000000e+00,
         0.00000000e+00,  0.00000000e+00,  0.00000000e+00,
         0.00000000e+00,  0.00000000e+00,  0.00000000e+00,
         0.00000000e+00,  0.00000000e+00,  0.00000000e+00,
         0.00000000e+00,  0.00000000e+00,  0.00000000e+00,
         0.00000000e+00,  0.00000000e+00,  0.00000000e+00,
         0.00000000e+00,  0.00000000e+00,  0.00000000e+00,
         0.00000000e+00,  0.00000000e+00,  0.00000000e+00,
         0.00000000e+00,  0.00000000e+00,  0.00000000e+00,
         0.00000000e+00,  0.00000000e+00,  0.00000000e+00,
         0.00000000e+00,  0.00000000e+00,  0.00000000e+00,
         0.00000000e+00,  0.00000000e+00,  0.00000000e+00,
         0.00000000e+00,  0.00000000e+00],
       [ 8.26731586e+00,  0.00000000e+00, -1.95941525e+01,
        -1.57372618e+00, -4.98187943e+01, -1.93758249e+00,
         4.39095926e+00,  3.12342310e+00, -1.20445461e+01,
         2.18985653e+00, -1.55744762e+01, -6.25188255e+00,
         0.00000000e+00, -5.57753801e-01,  1.30674601e-01,
         3.17659688e+00, -1.74274063e+00,  6.15292406e+00,
        -1.87939382e+00,  1.18533039e+01,  5.38390994e-01,
        -1.33223057e-01, -5.90385437e-01, -3.14870167e+00,
        -4.61487818e+00,  1.92771363e+00, -1.87769175e+00,
         7.58034050e-01,  2.87678552e+00, -1.14375579e+00,
         2.00103307e+00, -2.15698361e+00, -4.72926712e+00,
         1.85889828e+00,  8.31549454e+00,  5.96455383e+00,
         1.58437252e-01, -1.65843239e+01,  9.38092136e+00,
         9.03078842e+00,  5.98946857e+00, -4.83627796e+00,
        -2.42276907e+00, -1.85373783e-01, -6.33516359e+00,
         9.77749157e+00,  2.07869720e+00, -1.05753660e+00,
        -1.03123140e+00,  2.76675930e+01,  0.00000000e+00,
        -1.23802257e+00,  6.88995028e+00,  1.89905167e-01,
         4.54088211e-01,  0.00000000e+00,  1.46862364e+00,
        -4.97636795e-01, -2.28598595e-01,  0.00000000e+00,
        -3.57935905e+00,  2.67723083e-01,  1.60807180e+00,
        -1.07315254e+00,  5.36695480e-01,  3.65916252e-01,
         4.45281982e-01, -8.05900383e+00, -3.10055065e+00,
         4.88227654e+00,  1.96978331e+00,  4.76578236e-01,
         0.00000000e+00, -4.46639538e+00, -2.12452936e+00,
         2.71599197e+00,  1.65752983e+00, -2.19860697e+00,
        -8.32146549e+00,  1.27708492e+01,  6.07529688e+00,
        -7.43687153e-01,  1.65237570e+00]]), array([[ 0.00000000e+00,  0.00000000e+00,  1.00736380e+00,
         0.00000000e+00,  0.00000000e+00,  0.00000000e+00,
         0.00000000e+00,  0.00000000e+00,  0.00000000e+00,
         0.00000000e+00,  0.00000000e+00,  0.00000000e+00,
         0.00000000e+00,  0.00000000e+00,  0.00000000e+00,
         0.00000000e+00,  0.00000000e+00,  0.00000000e+00,
         0.00000000e+00,  0.00000000e+00,  0.00000000e+00,
         0.00000000e+00,  0.00000000e+00,  0.00000000e+00,
         0.00000000e+00,  0.00000000e+00,  0.00000000e+00,
         0.00000000e+00,  0.00000000e+00,  0.00000000e+00,
         0.00000000e+00,  0.00000000e+00,  0.00000000e+00,
         0.00000000e+00,  0.00000000e+00,  0.00000000e+00,
         0.00000000e+00,  0.00000000e+00,  0.00000000e+00,
         0.00000000e+00,  0.00000000e+00,  0.00000000e+00,
         0.00000000e+00,  0.00000000e+00,  0.00000000e+00,
         0.00000000e+00,  0.00000000e+00,  0.00000000e+00,
         0.00000000e+00,  0.00000000e+00,  0.00000000e+00,
         0.00000000e+00,  0.00000000e+00,  0.00000000e+00,
         0.00000000e+00,  0.00000000e+00,  0.00000000e+00,
         0.00000000e+00,  0.00000000e+00,  0.00000000e+00,
         0.00000000e+00,  0.00000000e+00,  0.00000000e+00,
         0.00000000e+00,  0.00000000e+00,  0.00000000e+00,
         0.00000000e+00,  0.00000000e+00,  0.00000000e+00,
         0.00000000e+00,  0.00000000e+00,  0.00000000e+00,
         0.00000000e+00,  0.00000000e+00,  0.00000000e+00,
         0.00000000e+00,  0.00000000e+00,  0.00000000e+00,
         0.00000000e+00,  0.00000000e+00,  0.00000000e+00,
         0.00000000e+00,  0.00000000e+00],
       [ 0.00000000e+00,  0.00000000e+00,  0.00000000e+00,
         9.94492531e-01,  0.00000000e+00,  0.00000000e+00,
         0.00000000e+00,  0.00000000e+00,  0.00000000e+00,
         0.00000000e+00,  0.00000000e+00,  0.00000000e+00,
         0.00000000e+00,  0.00000000e+00,  0.00000000e+00,
         0.00000000e+00,  0.00000000e+00,  0.00000000e+00,
         0.00000000e+00,  0.00000000e+00,  0.00000000e+00,
         0.00000000e+00,  0.00000000e+00,  0.00000000e+00,
         0.00000000e+00,  0.00000000e+00,  0.00000000e+00,
         0.00000000e+00,  0.00000000e+00,  0.00000000e+00,
         0.00000000e+00,  0.00000000e+00,  0.00000000e+00,
         0.00000000e+00,  0.00000000e+00,  0.00000000e+00,
         0.00000000e+00,  0.00000000e+00,  0.00000000e+00,
         0.00000000e+00,  0.00000000e+00,  0.00000000e+00,
         0.00000000e+00,  0.00000000e+00,  0.00000000e+00,
         0.00000000e+00,  0.00000000e+00,  0.00000000e+00,
         0.00000000e+00,  0.00000000e+00,  0.00000000e+00,
         0.00000000e+00,  0.00000000e+00,  0.00000000e+00,
         0.00000000e+00,  0.00000000e+00,  0.00000000e+00,
         0.00000000e+00,  0.00000000e+00,  0.00000000e+00,
         0.00000000e+00,  0.00000000e+00,  0.00000000e+00,
         0.00000000e+00,  0.00000000e+00,  0.00000000e+00,
         0.00000000e+00,  0.00000000e+00,  0.00000000e+00,
         0.00000000e+00,  0.00000000e+00,  0.00000000e+00,
         0.00000000e+00,  0.00000000e+00,  0.00000000e+00,
         0.00000000e+00,  0.00000000e+00,  0.00000000e+00,
         0.00000000e+00,  0.00000000e+00,  0.00000000e+00,
         0.00000000e+00,  0.00000000e+00],
       [-9.88185048e-01,  0.00000000e+00,  1.55978513e+00,
         0.00000000e+00,  7.18896747e-01,  0.00000000e+00,
        -3.19442034e-01, -5.19038081e-01, -1.11519024e-01,
         2.97528595e-01, -2.19338083e+00,  1.04983974e+00,
         0.00000000e+00,  3.63292396e-01,  0.00000000e+00,
         2.21498489e-01,  1.34758860e-01,  3.14243317e-01,
        -2.06575662e-01,  8.35728407e-01, -1.61461204e-01,
         0.00000000e+00, -1.31870791e-01,  1.69492066e-01,
        -1.53597438e+00,  0.00000000e+00,  2.08075166e-01,
         2.18737245e+00, -1.03622079e-01,  0.00000000e+00,
        -1.19533920e+00,  0.00000000e+00,  0.00000000e+00,
        -1.36281896e+00, -1.14447355e+00,  0.00000000e+00,
         0.00000000e+00, -1.46323681e+00, -1.12161283e+01,
        -2.13141471e-01,  1.09680867e+00,  2.03112453e-01,
        -4.33995187e-01, -5.59021592e-01,  4.83019710e-01,
        -5.70415854e-01, -9.37622011e-01, -1.62727833e-01,
         0.00000000e+00, -2.01726842e+00, -5.07778263e+00,
         1.33500338e-01,  6.40536547e-01,  0.00000000e+00,
         0.00000000e+00,  4.63684559e-01, -1.94664001e-01,
         0.00000000e+00,  0.00000000e+00,  3.25009346e-01,
         2.49533057e-01,  1.23390198e-01, -2.98638821e-01,
         1.00942135e-01,  6.90585017e-01,  0.00000000e+00,
        -1.83289289e-01,  0.00000000e+00,  2.17372537e+00,
         0.00000000e+00,  0.00000000e+00,  0.00000000e+00,
         0.00000000e+00,  0.00000000e+00, -6.44696534e-01,
         0.00000000e+00, -1.12244606e-01, -2.84106660e+00,
        -2.36388969e+00,  4.73170996e-01,  1.45338762e+00,
         0.00000000e+00, -1.46944284e-01],
       [ 2.44952059e+00, -4.36178493e+00, -1.17138224e+01,
        -9.34762478e-01, -1.15461769e+01, -7.17225552e+00,
         2.69441199e+00, -6.10743761e-01, -7.73783636e+00,
        -3.81636292e-01, -1.79068584e+01,  7.96048284e-01,
         4.09973621e-01,  1.13160646e+00,  0.00000000e+00,
         4.56840158e-01,  7.29322195e-01,  3.79563975e+00,
        -5.81711292e-01,  8.05963707e+00,  2.87242532e-01,
         0.00000000e+00, -8.39963913e-01, -4.85884666e-01,
        -1.16025734e+01,  0.00000000e+00,  1.16337669e+00,
        -6.22070789e+00,  3.67568707e+00, -1.37337542e+01,
         1.82792211e+00,  4.74830818e+00,  4.88266468e+00,
         1.29517641e+01,  4.33333492e+00,  2.56155229e+00,
         3.30610704e+00, -1.17473412e+00, -1.02891026e+01,
         5.22270298e+00,  8.11786270e+00, -6.36603642e+00,
         2.41913453e-01,  6.00941181e-02,  1.53559542e+00,
         5.92299080e+00,  2.41117287e+00, -1.81249082e+00,
         4.87579554e-01, -7.68081236e+00,  1.67911911e+01,
         6.99158382e+00, -4.28506088e+00, -4.07281876e-01,
        -4.62137222e-01,  1.61340714e-01, -8.53520393e-01,
         0.00000000e+00,  0.00000000e+00,  2.19174671e+00,
         1.20336699e+00, -2.26149559e-02, -8.33712101e-01,
         0.00000000e+00, -1.88256967e+00,  2.12677002e+00,
         3.67664337e-01,  6.77403259e+00, -1.12819519e+01,
        -3.70958328e-01,  3.60775447e+00,  2.37230301e-01,
         2.58752823e-01,  1.64028835e+00, -1.07743025e+00,
         7.54742622e-01,  9.22800064e-01, -1.94062376e+00,
        -5.01046467e+00,  5.48232222e+00,  5.19074059e+00,
         6.52063608e-01, -6.32898331e-01],
       [ 0.00000000e+00,  0.00000000e+00,  0.00000000e+00,
         0.00000000e+00,  0.00000000e+00,  1.08536756e+00,
         0.00000000e+00,  0.00000000e+00,  0.00000000e+00,
         0.00000000e+00,  0.00000000e+00,  0.00000000e+00,
         0.00000000e+00,  0.00000000e+00,  0.00000000e+00,
         0.00000000e+00,  0.00000000e+00,  0.00000000e+00,
         0.00000000e+00,  0.00000000e+00,  0.00000000e+00,
         0.00000000e+00,  0.00000000e+00,  0.00000000e+00,
         0.00000000e+00,  0.00000000e+00,  0.00000000e+00,
         0.00000000e+00,  0.00000000e+00,  0.00000000e+00,
         0.00000000e+00,  0.00000000e+00,  0.00000000e+00,
         0.00000000e+00,  0.00000000e+00,  0.00000000e+00,
         0.00000000e+00,  0.00000000e+00,  0.00000000e+00,
         0.00000000e+00,  0.00000000e+00,  0.00000000e+00,
         0.00000000e+00,  0.00000000e+00,  0.00000000e+00,
         0.00000000e+00,  0.00000000e+00,  0.00000000e+00,
         0.00000000e+00,  0.00000000e+00,  0.00000000e+00,
         0.00000000e+00,  0.00000000e+00,  0.00000000e+00,
         0.00000000e+00,  0.00000000e+00,  0.00000000e+00,
         0.00000000e+00,  0.00000000e+00,  0.00000000e+00,
         0.00000000e+00,  0.00000000e+00,  0.00000000e+00,
         0.00000000e+00,  0.00000000e+00,  0.00000000e+00,
         0.00000000e+00,  0.00000000e+00,  0.00000000e+00,
         0.00000000e+00,  0.00000000e+00,  0.00000000e+00,
         0.00000000e+00,  0.00000000e+00,  0.00000000e+00,
         0.00000000e+00,  0.00000000e+00,  0.00000000e+00,
         0.00000000e+00,  0.00000000e+00,  0.00000000e+00,
         0.00000000e+00,  0.00000000e+00],
       [ 2.29583955e+00,  0.00000000e+00, -9.85126019e+00,
        -2.79868269e+00, -4.49889297e+01,  2.01974130e+00,
         8.33635390e-01,  6.59785318e+00, -4.96133709e+00,
         2.95775127e+00, -1.06575708e+01, -1.46146643e+00,
         0.00000000e+00, -2.85057926e+00,  2.45424390e-01,
         3.46855330e+00, -3.14822197e+00,  3.83914304e+00,
        -1.49534726e+00,  1.50900841e+01, -2.35079741e+00,
        -2.44080663e-01,  1.33789039e+00, -3.87350607e+00,
         9.90264511e+00,  0.00000000e+00, -1.89401579e+00,
         1.03591709e+01,  7.31862831e+00,  8.35529995e+00,
         1.31339855e+01, -3.98642397e+00, -5.55077600e+00,
        -2.14397073e-01, -7.89456892e+00,  2.17395878e+00,
         5.86906576e+00, -2.53165398e+01,  5.63582325e+00,
         5.89526749e+00, -2.69786596e+00, -6.55661964e+00,
         3.92717886e+00, -1.29009390e+00, -7.92173958e+00,
         8.86631012e+00, -7.90129948e+00, -9.73225594e-01,
        -1.12372398e-01,  2.77832336e+01,  2.55451202e-02,
        -2.65031958e+00, -1.57582760e+00,  2.46499538e-01,
         5.14459610e-01,  1.15566063e+00,  2.73945069e+00,
        -3.09485853e-01, -6.22157693e-01,  4.09943533e+00,
        -4.45304680e+00,  2.42824554e-02,  2.97796535e+00,
         7.64649868e-01,  4.62899303e+00,  1.51346207e+00,
        -1.58880424e+00, -4.70012522e+00,  3.48844647e-01,
         7.07214069e+00,  4.31004572e+00,  0.00000000e+00,
         5.34318924e-01, -1.52307367e+00, -5.50668240e+00,
         1.81779957e+00,  2.41474557e+00,  8.57118702e+00,
        -1.13234167e+01,  9.15130520e+00,  7.46497679e+00,
         3.25768471e-01,  3.77533436e-01]])]