#{"t_start": 1759995047.1899793, "env_id": "CustomLunarLander-v0"}
r,l,t
-3.16126,92,0.761399
0.704873,112,0.977545
1.601834,121,1.20919
-2.726254,103,1.400772
-1.292241,98,1.582431
-0.348849,112,1.811069
0.538159,102,2.008087
-1.381465,106,2.214048
-0.465516,96,2.395227
-2.027392,101,2.587492
-0.067012,109,2.805542
1.835033,115,3.033195
0.264316,105,3.236215
-2.173207,97,3.427842
-1.275518,119,3.662485
-1.929847,118,3.914794
2.504022,117,4.140358
-0.143743,103,4.338329
0.129552,225,15.844073
2.203645,121,16.085892
1.720985,135,16.351734
0.058075,98,16.538231
0.626787,90,16.717561
2.618783,90,16.889815
1.539984,83,17.050771
1.042727,104,17.250808
2.803694,117,17.476561
1.490592,97,17.664004
0.253043,111,17.880064
-0.098263,95,18.059014
2.903582,87,18.22821
3.505779,102,18.422194
0.54183,113,18.638666
1.707859,112,18.852315
2.645276,98,19.039951
0.710863,121,19.281143
0.291734,139,19.557447
-1.641964,89,30.710677
2.8484,95,30.899629
0.243334,127,31.15178
3.19735,120,31.394308
2.485065,97,31.590034
-0.195591,89,31.774922
1.885477,87,31.961068
2.049775,99,32.161889
-1.419744,81,32.325901
1.4248,105,32.536529
4.183401,89,32.718221
1.661054,90,32.900198
-0.881598,110,33.123662
2.515226,85,33.293788
2.471143,87,33.467159
1.675168,88,33.640882
-0.323484,104,33.852168
0.32124,88,34.03017
2.565295,81,34.18241
-0.748627,85,34.343552
2.852349,93,34.524136
3.021159,87,34.691504
0.772688,96,45.951985
2.337513,88,46.131516
3.065375,89,46.310742
2.682016,93,46.498902
0.309078,115,46.73466
2.04246,84,46.898179
2.720973,80,47.049643
-0.084522,89,47.218093
2.599869,87,47.385842
1.283767,87,47.553158
3.165638,86,47.715743
0.675472,100,47.904654
3.451931,84,48.065342
3.177239,77,48.212683
1.632966,78,48.362813
1.45008,79,48.51348
1.58638,86,48.67782
3.102919,93,48.856537
-0.440186,89,49.02987
2.412928,76,49.176992
0.326966,129,49.422913
2.224224,88,49.588925
3.527686,83,60.740428
-0.38254,99,60.938752
-0.587133,136,61.204833
-1.621484,110,61.422374
0.522037,98,61.613366
4.11874,95,61.800139
1.000694,81,61.972932
2.679207,83,62.134128
-0.10217,89,62.309057
2.734443,86,62.475934
3.881889,84,62.641546
1.766675,87,62.813829
4.599666,80,62.971737
103.332087,69,63.105593
1.957523,87,63.27426
1.293855,86,63.449024
3.449391,84,63.615145
0.82918,105,63.834076
1.674893,78,63.989366
2.974453,80,64.148196
-1.359922,126,64.395578
3.472013,76,64.544111
3.801081,79,64.697829
0.54767,101,76.13175
-0.150124,86,76.30176
-0.696923,93,76.476545
0.149356,96,76.661875
3.244763,85,76.828918
4.396494,91,77.008668
0.263892,91,77.186932
-0.074872,91,77.377643
-0.133687,93,77.557935
1.593292,84,77.720437
3.321419,82,77.880411
4.286838,87,78.049248
4.614689,77,78.199494
5.165855,82,78.35832
0.029785,82,78.516941
0.588027,84,78.679979
1.530302,88,78.851938
1.015094,95,79.050828
3.524925,83,79.21146
2.908329,81,79.366515
0.089231,87,79.534341
4.129276,77,79.687266
3.562183,84,79.849562
4.304042,70,79.98414
3.452424,81,91.144109
0.852188,100,91.339014
-0.177235,127,91.593729
4.618154,86,91.762359
2.91583,84,91.929774
1.9405,81,92.088557
1.119705,83,92.255497
2.852084,82,92.420029
3.051482,83,92.58289
1.590594,79,92.737246
1.79943,78,92.890836
5.36202,82,93.050675
0.99878,78,93.208505
0.775365,83,93.368069
0.403941,99,93.567016
3.402801,84,93.739785
1.552709,94,93.927585
3.495719,78,94.077882
-0.614,104,94.285238
1.888129,68,94.419107
2.304128,75,94.569223
4.095575,73,94.715683
-0.328159,133,94.976957
1.558898,75,106.164632
-0.509152,122,106.417094
1.400839,81,106.576808
1.366224,81,106.741053
0.630712,87,106.916267
3.915623,83,107.082959
-0.157924,108,107.301419
2.74572,75,107.451632
1.155981,87,107.625411
4.38094,88,107.800954
3.146699,78,107.952408
4.494906,81,108.116231
3.909932,76,108.269735
3.478243,74,108.417774
100.0,1,108.420154
6.070799,81,108.585857
4.97006,75,108.735567
4.906518,74,108.885016
5.050867,76,109.0363
1.170507,83,109.199303
-0.187444,103,109.405634
1.728212,85,109.576178
3.704528,74,109.720402
3.43039,70,109.875667
3.982874,81,110.039616
2.502132,70,110.180009
4.158494,71,121.32657
-0.937214,109,121.544796
1.156245,87,121.716151
4.371611,88,121.907041
1.409955,84,122.077513
2.289036,93,122.262991
3.486279,70,122.404358
3.443505,70,122.545419
2.621894,70,122.686219
0.798032,98,122.88167
1.294298,92,123.068246
1.053423,88,123.246323
2.145118,78,123.401822
5.965118,79,123.560241
1.178194,96,123.762579
1.208903,78,123.926259
3.453855,81,124.089265
2.113264,81,124.253226
-0.191397,114,124.482506
1.151389,90,124.666466
1.916341,86,124.84029
1.262773,104,125.070178
1.783181,94,125.25917
2.21572,76,125.414527
5.561068,76,136.618391
-0.579501,116,136.852143
3.018726,83,137.031639
4.021182,80,137.19041
0.909692,72,137.335027
0.591684,73,137.481731
3.850444,84,137.649083
0.404938,81,137.804156
0.059128,84,137.970133
3.34339,84,138.134684
-0.255805,95,138.325562
4.2505,83,138.491231
-1.109022,127,138.761642
0.971453,90,138.939424
0.756832,87,139.11109
2.27542,82,139.272154
3.857654,74,139.416731
0.258316,100,139.61054
4.265809,66,139.740137
4.486957,70,139.890368
3.386603,75,140.038502
3.584764,96,140.231917
-1.001725,98,140.424862
0.851847,94,151.646227
1.015833,92,151.84291
1.772884,73,151.983572
2.850846,68,152.115634
-0.006925,91,152.290537
1.261509,76,152.437818
0.947397,111,152.653697
-0.53565,88,152.831481
1.820471,72,152.973749
1.68076,99,153.169573
0.837488,95,153.357403
0.735935,87,153.527247
2.501927,75,153.67675
0.102033,88,153.85314
1.03272,74,153.997768
2.099118,75,154.143597
2.023492,75,154.291168
100.729724,70,154.4253
2.740435,83,154.589513
4.163556,73,154.732521
-0.759104,112,154.952106
-0.00312,99,155.146619
1.997019,68,155.282775
5.260026,69,155.418535
1.903192,77,155.572653
2.43806,72,166.717791
3.724543,79,166.875057
0.207879,107,167.084483
4.989111,70,167.223391
4.09429,92,167.410517
0.375288,102,167.611952
3.823963,69,167.751463
2.105242,77,167.907239
3.288577,80,168.067047
3.625262,70,168.205923
-0.132711,91,168.403767
4.506398,79,168.560588
1.348293,81,168.72265
-0.737974,113,168.948626
-1.06375,99,169.144537
4.538438,78,169.300899
3.070249,75,169.448487
2.384432,89,169.62679
-0.905708,105,169.839097
2.00397,71,169.991052
2.5233,86,170.165996
1.812602,81,170.323089
2.38722,73,170.468307
2.28454,78,170.622541
4.298874,78,181.811171
1.631862,77,181.963775
2.458852,78,182.113968
1.514565,75,182.261896
1.427621,73,182.406645
-0.522416,103,182.605295
4.220966,120,182.841866
1.835001,72,182.980717
1.941234,81,183.137322
0.477283,77,183.305832
0.710078,80,183.464164
2.383242,72,183.606401
0.905702,99,183.798037
-0.153121,113,184.01977
4.724327,70,184.161653
2.698553,246,184.646968
4.681345,78,184.799307
3.263594,65,184.935561
2.45727,84,185.106313
4.093027,73,185.249999
2.46609,79,185.40408
1.757063,85,185.571515
5.113011,73,185.716154
-0.934653,102,196.900518
2.749121,78,197.054051
3.609728,71,197.194672
-0.364137,111,197.416787
5.662991,68,197.550468
1.385627,73,197.695773
-0.42998,104,197.90557
3.64972,70,198.047007
1.921726,86,198.216792
4.886769,72,198.373044
4.393369,82,198.540001
1.562898,90,198.719389
4.517385,74,198.869074
-0.468689,166,199.200023
4.493012,86,199.370197
0.506833,87,199.543788
2.795846,65,199.677496
1.294376,93,199.876777
3.46042,67,200.010753
1.680073,92,200.192883
-0.857016,149,200.487616
0.781779,87,200.65811
1.145601,71,200.798903
1.460338,81,211.966144
100.677945,38,212.043985
1.388867,82,212.202513
3.40997,68,212.336643
1.81005,85,212.504727
3.656581,82,212.6731
2.802866,81,212.832029
0.462932,84,212.993521
0.843591,140,213.269098
3.611312,70,213.406537
3.117863,70,213.559331
0.562143,84,213.725499
-0.903551,118,213.962121
3.402478,89,214.140099
0.784603,80,214.297151
3.042063,70,214.43897
3.921691,79,214.600987
2.557054,70,214.743021
0.762738,102,214.946914
0.587265,78,215.122372
4.47756,77,215.280969
0.485521,97,215.478212
101.19127,125,215.726334
2.302487,85,215.900603
1.9221,97,227.26493
2.128118,66,227.40864
0.753632,84,227.575157
2.683198,72,227.717571
1.259098,77,227.870763
0.995773,70,228.011328
2.909905,69,228.151975
0.725013,94,228.340782
0.918739,78,228.498475
-0.346694,96,228.693237
0.101111,120,228.93139
4.27259,73,229.080077
-0.408683,98,229.271411
0.085156,122,229.518459
3.386166,78,229.672794
0.251993,87,229.844034
-0.652874,96,230.036759
2.283023,74,230.183224
0.587147,98,230.380708
3.327588,82,230.544689
4.817197,70,230.688106
4.071158,71,230.825581
4.90364,72,230.970268
4.082572,87,231.139344
1.850412,72,231.280419
3.507333,72,242.530201
3.733812,77,242.685176
3.811211,79,242.842402
4.440418,71,242.983539
4.170655,84,243.146438
101.241548,76,243.297519
1.204517,95,243.503624
106.252286,71,243.649765
5.294831,78,243.802563
2.203794,69,243.938143
0.397589,111,244.154959
0.122821,89,244.32811
0.968943,77,244.47988
3.342341,78,244.631838
1.756493,71,244.771266
-0.774265,102,244.971829
3.509387,67,245.115477
4.193322,67,245.24537
4.720945,70,245.383516
1.371775,71,245.523243
-0.840849,155,245.829408
2.467784,70,245.965876
3.171612,66,246.098004
3.994781,72,246.244927
-0.462229,104,246.44839
0.061262,78,257.67054
1.339302,72,257.815218
2.259147,70,257.953136
0.369083,77,258.109153
3.006479,75,258.259067
3.580863,69,258.396614
2.791643,68,258.530625
2.726823,70,258.671922
3.496524,71,258.81498
1.339026,73,258.976063
2.645526,67,259.113609
102.53141,83,259.27932
3.53227,66,259.415358
-0.379286,86,259.587138
4.401422,71,259.727237
-0.253625,98,259.923627
-1.232288,130,260.184484
2.918293,73,260.332644
-0.026922,125,260.586586
-0.261243,120,260.840025
1.915749,85,261.00867
1.684082,73,261.150778
4.046445,73,261.289598
3.777557,71,261.429472
5.083751,69,261.56407
1.429241,81,272.814821
2.364847,70,272.95887
5.291903,72,273.101982
0.045469,81,273.266622
1.882945,72,273.408507
3.143977,71,273.563734
3.942584,68,273.699578
3.568999,72,273.845306
1.664407,79,274.004147
1.223022,76,274.155464
2.724539,69,274.293374
3.830735,73,274.442059
-1.105484,99,274.638917
2.7176,102,274.846951
3.123805,67,274.981598
4.0035,68,275.132972
0.766605,77,275.286915
5.223317,72,275.434321
5.241474,71,275.575725
4.100948,78,275.734534
2.844775,72,275.878097
1.478664,132,276.138513
0.356361,118,276.382983
1.039522,81,276.549362
2.063228,70,276.689841
3.988242,71,276.83497
1.118178,72,288.039472
-0.222914,103,288.241666
2.924782,73,288.399539
1.826715,67,288.528986
3.501269,71,288.668057
0.712254,89,288.84443
4.220787,68,288.980096
1.949128,71,289.13005
4.533789,81,289.28563
0.170842,93,289.466578
2.317806,71,289.608758
0.475473,82,289.773228
104.418394,68,289.909027
3.37273,82,290.071686
1.241365,75,290.229709
-1.34325,94,290.434677
0.335692,79,290.607577
2.021262,78,290.767778
0.655833,194,291.166371
2.16091,73,291.313387
2.018699,77,291.468464
4.689225,71,291.611981
4.273074,70,291.750271
0.432123,118,291.988831
3.753909,74,292.136569
102.079553,68,303.766268
2.179631,70,303.90567
2.873206,69,304.040091
0.614261,76,304.186572
5.204479,75,304.335682
-0.451424,113,304.57351
4.323457,65,304.700132
103.497841,77,304.856788
3.689632,70,304.995729
4.131663,71,305.136452
0.873987,91,305.31802
1.030412,79,305.476952
2.93622,77,305.630097
3.091486,76,305.778967
1.748019,69,305.912637
1.917978,71,306.053184
2.069934,69,306.191007
4.407939,71,306.354564
5.023799,71,306.50143
5.808077,72,306.669251
3.485829,70,306.810903
3.059796,75,306.962626
1.074424,75,307.115658
2.228368,81,307.279529
-0.639294,100,307.480979
5.470277,72,307.622895
-0.010715,108,319.517691
0.812761,93,319.724759
-1.135495,143,320.007693
4.283268,73,320.150785
3.076295,67,320.295489
1.082867,97,320.483217
1.100903,76,320.635389
2.340021,71,320.776486
3.450641,93,320.960243
4.321181,70,321.101035
5.131093,71,321.251664
4.780601,67,321.386916
-0.025577,108,321.59653
1.534275,74,321.73989
1.545197,71,321.877704
4.590019,84,322.041938
4.226026,69,322.180082
0.973784,97,322.385062
0.731593,94,322.566462
3.026902,69,322.705306
2.523825,73,322.848155
1.885876,67,322.977008
0.410602,83,323.140129
4.628252,70,323.276961
0.094673,83,323.44917
4.860667,67,334.698238
3.05799,68,334.835418
2.539365,65,334.976276
3.276204,66,335.104393
5.117243,72,335.24275
0.041523,92,335.420138
-0.8259,219,335.848873
1.412216,73,335.988644
2.243211,74,336.133888
1.950755,74,336.278641
3.667041,70,336.418318
1.776069,74,336.567091
3.193615,74,336.721162
5.175268,67,336.852361
3.564536,64,336.979656
-0.615446,110,337.19249
-0.029992,78,337.342681
0.438003,79,337.495891
1.427032,70,337.634456
2.404812,69,337.771462
3.703311,82,337.932598
1.626705,71,338.083515
0.60675,84,338.242919
3.115983,68,338.376391
-0.702507,133,338.638131
0.814778,99,349.84255
2.160884,70,349.979163
2.477501,65,350.105907
104.566921,62,350.232276
3.44552,70,350.373942
1.578176,79,350.557025
0.451999,82,350.719925
1.873831,78,350.878745
1.927193,64,351.001299
2.107831,73,351.143628
0.369651,100,351.339435
3.897297,75,351.490219
2.582961,68,351.624796
-0.300224,102,351.821589
0.493589,86,351.995453
1.354295,91,352.181823
5.52,1000,365.186756
4.061757,68,365.319319
3.937893,67,365.450654
3.730255,64,365.575176
3.369605,73,365.717748
1.776687,66,365.858074
2.255108,73,366.023763
1.804834,73,366.170619
3.948049,68,366.307258
3.415036,66,366.439631
2.450693,70,366.575633
2.67838,63,366.69966
-0.483647,114,366.924196
2.964295,70,367.070689
1.857779,74,367.220646
4.517976,67,367.361804
4.068204,87,367.536498
0.928739,93,367.742361
2.407667,80,367.90767
2.518435,71,368.054177
2.58678,67,368.188681
3.656179,67,368.326716
4.049681,69,368.465109
2.935922,72,368.613427
5.143761,64,368.747431
2.027367,75,368.904411
2.169273,71,380.095487
1.527557,78,380.254643
3.003775,65,380.384642
1.197502,77,380.543493
0.913602,82,380.705469
1.891,72,380.847537
1.31681,87,381.023307
1.913471,73,381.178862
3.224518,83,381.357666
0.970892,78,381.513111
3.320193,63,381.637892
0.682905,100,381.833919
3.781789,71,381.971833
1.43436,71,382.109826
1.501155,80,382.26613
1.097234,72,382.407712
3.878115,83,382.572281
1.170248,76,382.729521
1.233194,73,382.876118
4.024364,74,383.033801
2.235345,69,383.167211
3.996667,76,383.320144
2.684953,72,383.46409
3.433088,72,383.604065
4.431889,72,383.747721
1.711378,74,383.893704
3.24532,64,384.0215
-0.11858,109,395.295281
3.363631,67,395.428408
1.115165,88,395.617255
4.267312,66,395.749316
3.736424,67,395.889832
3.059944,78,396.047028
1.281001,96,396.239983
2.354145,66,396.372002
3.882304,70,396.506725
4.064566,67,396.639955
2.110626,70,396.779283
4.769586,71,396.926387
-0.394549,102,397.131794
1.417881,77,397.299551
2.404427,72,397.443573
3.235303,70,397.587826
1.155497,73,397.732219
1.576253,72,397.87475
3.031028,74,398.024579
4.365704,66,398.156117
2.179302,71,398.294604
0.09688,159,398.621843
3.456608,66,398.748733
-0.020118,94,398.934449
1.849039,82,399.094055
0.766788,81,399.253525
2.689165,111,411.014348
2.807158,67,411.150651
2.551809,89,411.328524
102.934475,80,411.49306
4.77096,66,411.638199
4.135752,70,411.783774
2.49658,71,411.92708
1.556806,69,412.075063
-0.319595,133,412.354578
4.317909,98,412.552199
1.050626,71,412.690267
3.376461,78,412.84113
1.056358,77,412.995676
4.599053,71,413.156071
0.835413,91,413.345654
0.605617,75,413.500983
2.901055,71,413.645862
2.866423,65,413.78214
4.524928,70,413.923141
-0.248337,106,414.12976
2.425984,66,414.258156
2.022173,67,414.386627
4.727965,69,414.522806
0.458228,169,414.872096
4.907547,65,415.000628
4.222043,70,426.277486
1.149908,70,426.423839
3.399918,74,426.578758
1.947093,66,426.727743
0.610761,84,426.901643
3.12718,68,427.037352
3.49212,64,427.169317
4.499525,71,427.319686
3.570293,97,427.565178
2.009096,69,427.708509
0.848895,76,427.8916
2.728747,66,428.07625
3.905167,63,428.215678
2.843961,68,428.350881
1.188587,76,428.515851
1.175017,91,428.735016
3.119587,98,428.954576
0.78787,80,429.124699
3.388452,69,429.263879
1.350847,71,429.425347
2.526991,71,429.56723
4.136252,74,429.713162
0.814264,70,429.866282
3.984846,66,430.003429
1.470702,101,430.213883
1.264412,74,430.377501
0.752983,73,430.521828
4.826515,71,442.468398
2.426845,68,442.599406
103.084654,76,442.746619
3.670504,70,442.884389
1.567512,69,443.038592
3.111868,70,443.182844
2.731598,72,443.330196
4.120235,71,443.473448
3.52043,90,443.662975
4.779821,84,443.835725
3.502716,65,443.965406
1.034604,80,444.128841
2.376874,68,444.26939
4.791855,68,444.409385
2.808831,72,444.561942
3.178187,67,444.714631
2.663038,70,444.855331
-0.10202,82,445.018322
2.02406,101,445.218941
1.418965,109,445.433028
0.740283,107,445.645406
4.276109,70,445.781389
3.633792,69,445.916324
3.570596,68,446.055377
2.037182,71,446.1931
3.904774,69,446.341079
0.071238,77,446.507667
-0.552202,97,457.916964
104.593712,67,458.054991
5.692521,68,458.195436
4.167507,67,458.335089
4.886735,71,458.48415
3.915171,73,458.641356
1.638038,73,458.792177
1.342525,71,458.939271
1.685129,68,459.076697
0.465364,86,459.248535
3.359184,64,459.381158
2.42837,65,459.517372
2.916286,75,459.672646
2.953822,76,459.823724
4.308206,68,459.957263
0.913227,94,460.153025
3.471139,70,460.291162
0.718588,73,460.450854
2.306862,70,460.587478
3.852255,68,460.720801
-0.059304,112,460.939412
1.011369,72,461.08042
1.456397,68,461.213202
4.457771,68,461.345463
0.629463,85,461.51048
0.4262,77,461.659714
1.085039,69,461.793684
4.135591,68,461.93905
0.077083,86,473.118945
4.632709,68,473.259432
1.472129,79,473.418203
4.33102,79,473.577447
3.614589,68,473.718073
5.06139,69,473.860053
3.74999,65,473.994951
3.987567,71,474.143619
3.805304,67,474.280885
3.502451,64,474.412709
0.855705,80,474.575996
4.908435,70,474.7315
5.085972,72,474.874489
4.825329,68,475.007882
1.870383,67,475.13545
1.351948,88,475.311455
4.187418,69,475.445322
2.50609,65,475.567832
3.212224,64,475.693606
1.52805,91,475.872623
3.43952,67,476.00632
4.219789,69,476.144052
2.771822,65,476.274432
0.502578,79,476.44581
1.129848,94,476.627044
0.189279,108,476.838576
4.409006,74,476.98286
1.844901,100,488.797172
2.863242,65,488.923638
0.865141,142,489.197678
-0.335098,92,489.377806
0.220227,101,489.583976
0.700159,74,489.732924
1.348517,118,489.964506
3.801894,64,490.091997
101.4565,86,490.262724
2.429535,71,490.396362
4.773474,77,490.546472
-1.039189,112,490.762234
3.433418,70,490.89998
-0.764906,88,491.069362
1.47775,106,491.276828
2.724342,65,491.417284
2.349127,69,491.553615
0.825168,119,491.791166
0.712763,102,491.99366
1.757293,74,492.142045
3.27611,71,492.280359
3.925261,69,492.415862
0.925289,76,492.567216
1.215539,72,492.706564
3.784761,79,503.896234
3.058787,89,504.071389
3.682208,71,504.214769
3.152724,66,504.345669
0.42173,76,504.496927
0.303255,84,504.665095
0.25053,86,504.834341
3.896839,68,504.970546
102.272649,63,505.092106
-0.743336,120,505.344997
4.320149,66,505.475108
0.479209,81,505.634501
3.513693,68,505.768421
2.991307,69,505.898463
2.377484,67,506.031176
3.316002,69,506.168148
3.763316,69,506.30264
2.658761,66,506.431959
4.454605,71,506.570152
2.716581,82,506.731976
-0.533072,219,507.164128
3.514479,68,507.29798
0.80313,75,507.446781
2.601887,69,507.581361
1.240468,101,507.775466
-0.531312,97,519.01043
100.925435,67,519.145613
3.122388,70,519.306874
4.987143,64,519.435237
1.036746,82,519.598141
-0.737506,115,519.827993
4.183986,64,519.954274
5.694091,67,520.089487
101.264272,99,520.284725
4.751701,64,520.411687
3.464362,82,520.573509
1.394631,68,520.710461
0.440556,78,520.8642
4.424525,69,521.001035
1.300861,72,521.169114
2.670565,65,521.297447
4.300268,65,521.431585
106.054993,255,521.927456
4.240613,74,522.075961
2.395874,69,522.211771
3.640104,79,522.366823
2.170551,71,522.507725
2.27112,67,522.639648
2.920052,79,522.806767
1.349085,81,522.965323
2.341879,70,534.149857
4.372247,63,534.276634
4.525632,69,534.414789
2.714283,66,534.550239
1.441553,77,534.704903
0.183756,81,534.86568
-0.492875,98,535.073245
4.236735,99,535.277303
1.424274,86,535.447939
3.602793,64,535.571262
4.571302,71,535.715379
4.541074,67,535.849338
4.292664,67,535.980093
1.510302,69,536.114747
4.655196,65,536.238969
1.826689,69,536.375624
1.804308,90,536.554552
4.138767,65,536.685434
1.753299,78,536.836426
4.186111,68,536.970832
2.257613,70,537.111921
0.402799,94,537.292498
1.430353,73,537.438853
-0.114738,95,537.625669
-0.435109,227,538.069096
5.290975,87,549.248691
1.165362,86,549.416543
-1.105243,98,549.625086
0.58767,94,549.813536
3.417289,68,549.951154
4.561677,71,550.0962
0.714853,72,550.242549
1.564323,72,550.387933
2.905118,67,550.521057
3.506957,74,550.668948
1.997364,84,550.837504
3.18287,68,550.977667
0.766071,75,551.126076
3.387925,66,551.278282
0.426503,90,551.459258
1.61102,73,551.606191
0.080684,96,551.802181
0.587252,78,551.961319
1.965176,70,552.099216
0.299158,82,552.262932
3.959554,74,552.412711
2.486433,68,552.553292
1.721677,75,552.70379
1.528258,79,552.878678
0.192074,83,553.047808
4.424841,72,553.191758
0.842661,115,564.486258
1.664135,72,564.624705
1.839476,68,564.756137
1.101461,68,564.888827
2.735753,69,565.021552
3.876534,67,565.156023
1.283966,64,565.302953
0.401058,81,565.461433
2.318292,79,565.617937
0.860866,80,565.779148
3.051567,69,565.914906
0.359238,122,566.157391
3.541591,70,566.300205
3.8722,72,566.446189
3.726923,70,566.59343
3.292012,66,566.726164
3.166717,71,566.88235
-0.891411,86,567.05985
4.924801,68,567.194316
4.930992,72,567.339692
104.667148,65,567.468845
2.146723,73,567.618456
1.575753,125,567.87109
1.117033,72,568.015679
2.935113,64,568.14189
4.220638,68,568.277466
3.176589,62,568.401799
1.317691,79,579.653341
3.274534,68,579.789047
3.632112,69,579.927625
1.397561,73,580.074282
3.589304,69,580.209146
2.97914,69,580.342609
2.706824,88,580.520551
0.539167,90,580.717701
2.900791,77,580.878319
1.68603,66,581.005941
2.759208,68,581.140421
5.076681,65,581.274506
3.670724,68,581.410837
1.051579,76,581.565307
0.152198,75,581.7184
5.316713,67,581.853177
4.433133,73,582.002975
0.478595,87,582.173549
1.295042,72,582.317148
1.648338,81,582.476351
1.458774,97,582.670303
0.716374,80,582.831291
3.212585,73,582.979197
2.566541,73,583.129224
0.93971,72,583.277658
4.04752,67,583.413165
1.390606,134,583.681483
4.342305,69,595.218796
0.011376,95,595.412309
1.32964,65,595.5532
0.531758,104,595.771684
2.585555,63,595.898835
3.0857,77,596.052135
3.221878,66,596.18668
-0.51955,93,596.374668
1.814341,86,596.546287
1.217575,81,596.711689
1.28305,71,596.85457
4.000326,70,596.991972
1.276342,87,597.165133
1.054989,73,597.333203
4.347924,66,597.468859
5.656338,69,597.603342
4.550991,63,597.7295
4.125365,82,597.901605
4.761635,64,598.028872
5.187885,72,598.174884
2.524594,76,598.330376
2.675974,66,598.46461
1.118169,70,598.602315
5.724048,69,598.74457
2.378149,69,598.883114
2.102252,75,599.052885
2.59409,74,599.206455
4.457555,74,610.51228
3.472522,67,610.653296
1.694428,90,610.84991
3.889901,68,610.99352
2.186497,67,611.129158
2.242519,65,611.261669
2.018049,83,611.457209
2.236703,70,611.617757
3.3851,66,611.754656
3.811135,70,611.898323
3.000722,70,612.044482
4.201524,68,612.182392
4.011606,76,612.339875
2.6298,71,612.488158
1.092627,103,612.703801
3.006833,80,612.866249
4.109032,76,613.020713
104.6556,62,613.145516
1.281153,70,613.284798
2.062125,68,613.42212
1.05064,73,613.572284
2.865557,64,613.707019
4.512473,68,613.847212
3.40292,64,613.976719
2.067879,78,614.1379
100.699172,82,614.312394
2.147706,66,614.443671
5.036305,72,614.589492
5.346265,65,614.726299
1.134455,155,626.464005
0.048211,137,626.749208
2.259946,71,626.892228
1.805199,74,627.041932
4.921967,68,627.17959
3.779383,68,627.322312
5.227604,69,627.459391
4.564146,65,627.592616
0.849605,140,627.875935
3.858657,67,628.031547
3.640837,69,628.178742
2.637992,66,628.313212
0.33006,75,628.468559
100.695526,137,628.759103
0.821795,77,628.913652
5.53895,66,629.044467
3.487485,71,629.186116
0.450253,79,629.341308
4.901967,63,629.465981
3.871053,66,629.597638
0.235131,81,629.757013
2.55745,68,629.893735
-0.603383,134,630.19113
1.733287,76,630.349874
5.622754,69,641.793015
3.396397,65,641.923231
0.107669,122,642.164838
-0.515387,98,642.358608
4.352458,66,642.500346
2.111674,82,642.662395
4.076108,65,642.800599
0.104575,91,642.981545
0.187653,74,643.128671
1.190787,68,643.265477
1.45047,75,643.422312
3.02484,68,643.563741
4.973116,69,643.706172
4.855366,75,643.866684
5.030474,73,644.014121
1.153169,73,644.160386
2.156899,99,644.357689
4.139111,64,644.488749
0.934357,78,644.651569
1.691504,76,644.813825
2.479569,66,644.947406
0.868361,78,645.106864
4.832776,75,645.267657
4.028609,68,645.398248
4.335491,70,645.53566
2.531879,68,645.668588
2.253557,68,645.804123
2.461467,72,657.362567
4.37496,69,657.497793
2.502471,72,657.634449
0.49347,82,657.796155
3.288046,71,657.951322
0.361016,133,658.211252
4.549731,68,658.344449
4.175754,94,658.528054
1.346169,67,658.663114
2.334966,82,658.828899
0.761229,76,658.978134
2.281335,68,659.119748
1.28183,90,659.309127
0.888811,77,659.467425
1.068617,78,659.633732
3.734702,75,659.777205
0.252136,89,659.949407
2.559811,70,660.085535
3.401223,75,660.23285
3.343765,65,660.36341
2.597196,74,660.508997
4.31835,66,660.64309
4.591643,68,660.776902
1.40771,72,660.918469
4.115719,62,661.040595
0.759415,73,661.185135
2.329732,75,661.343762
2.693474,68,672.849859
-0.408095,90,673.033298
3.639325,81,673.200221
2.116394,69,673.342719
105.264549,63,673.476104
3.565938,74,673.627677
0.989873,98,673.837544
-0.756852,165,674.165665
3.879613,71,674.308177
2.46262,72,674.447932
1.948659,69,674.582428
3.717611,73,674.730594
1.147185,74,674.883661
1.053387,123,675.126254
2.654739,71,675.272253
3.551915,70,675.408886
1.320297,86,675.574888
3.169042,64,675.701655
1.630065,76,675.85449
2.773286,84,676.015249
4.174779,74,676.158514
1.217219,78,676.308419
1.18289,81,676.461635
2.637673,74,676.604432
2.615243,71,676.744876
5.161926,66,688.407606
2.982072,73,688.556582
4.089724,70,688.698255
1.964152,75,688.845306
2.57643,71,688.999694
2.473475,84,689.167516
3.444588,86,689.340943
2.847575,97,689.53566
2.885319,81,689.694612
1.361524,67,689.829431
4.553598,68,689.966736
5.044547,71,690.106977
1.642581,100,690.307207
4.233715,67,690.440021
4.468221,72,690.587909
1.014452,93,690.776192
3.407855,64,690.899077
2.09424,73,691.041497
0.087024,162,691.373537
1.072567,75,691.534377
2.260072,69,691.669446
2.02849,68,691.806112
1.056838,79,691.973495
3.171852,73,692.121973
0.743261,74,692.268867
101.090169,66,692.402034
5.386923,66,704.19259
100.938484,45,704.288541
1.912905,83,704.458294
102.128813,75,704.611851
2.269307,81,704.787628
4.63631,72,704.955705
2.549787,81,705.128109
3.133026,75,705.308645
5.715267,67,705.453279
1.886609,72,705.607676
2.077725,77,705.779131
1.905063,69,705.919883
-0.060586,92,706.104328
4.463301,71,706.251879
3.245813,81,706.418244
4.546184,74,706.571478
4.796708,86,706.743391
0.833496,101,706.944455
-0.486963,95,707.132184
0.986168,76,707.290056
3.633573,74,707.444275
2.590829,74,707.591513
3.332369,67,707.724321
3.725111,70,707.867427
0.40966,85,708.034395
101.018938,60,708.152191
4.659267,68,708.28925
3.619746,74,719.952419
-0.803144,89,720.138911
3.76243,84,720.313318
-0.665686,137,720.598459
1.946397,70,720.73879
3.057499,81,720.90798
-0.107333,100,721.109757
3.345057,77,721.267534
1.554482,81,721.431399
4.092061,71,721.575974
0.688518,79,721.732539
2.327169,83,721.912103
2.488418,88,722.083489
1.27931,74,722.22829
3.479213,70,722.367155
101.444077,64,722.494199
4.425024,73,722.6415
4.83591,74,722.78828
3.888149,73,722.932344
3.806971,81,723.096044
0.473746,102,723.300375
1.804864,72,723.443594
3.847567,76,723.612736
2.828888,70,723.750142
-0.687329,178,735.796371
2.11454,69,735.940854
3.005677,82,736.115452
4.211193,76,736.275007
3.798406,66,736.412394
0.085914,98,736.640712
0.790029,106,736.858639
-0.412772,125,737.111131
1.266817,79,737.262214
3.160034,89,737.438713
4.941588,74,737.589142
0.530732,75,737.741131
4.180805,80,737.905703
103.061791,57,738.028697
0.523422,83,738.204535
4.685548,66,738.353196
1.36667,86,738.526685
3.053423,69,738.665774
4.061122,82,738.826279
3.090727,65,738.957558
2.701943,68,739.094993
5.081608,76,739.255183
1.410677,92,739.452008
3.513145,75,739.61012
-0.323906,219,752.064254
2.874128,67,752.196706
3.076755,76,752.353207
1.647851,75,752.503082
4.995642,66,752.638994
1.704811,105,752.850017
3.773775,66,752.981216
103.074361,61,753.121411
3.458223,71,753.263182
5.157194,65,753.392097
2.186729,85,753.560409
0.015274,100,753.756625
3.786303,74,753.90182
5.309273,75,754.050218
0.894117,90,754.228172
5.013641,72,754.367209
3.714508,66,754.49972
3.104856,65,754.630148
3.113485,82,754.80179
4.869128,77,754.959147
4.753269,74,755.107482
-1.008531,655,767.887822
1.007483,72,768.04077
-0.382301,136,768.321365
0.926209,93,768.505588
2.779157,98,768.701184
3.62346,72,768.849103
3.11916,75,769.001947
1.38239,83,769.171179
3.278783,68,769.307048
4.538702,64,769.434795
1.130499,97,769.631505
4.282716,72,769.776494
3.138756,87,769.945843
3.716203,68,770.083495
3.284224,72,770.230306
103.006327,56,770.339427
-0.345193,186,770.708827
3.423106,94,770.889437
3.362226,71,771.027068
3.107742,81,771.188547
0.280582,79,771.34231
5.057592,67,771.472379
4.686093,69,771.606849
2.541375,69,782.939121
3.526877,66,783.067923
0.832706,82,783.240874
3.313958,67,783.371688
1.283454,83,783.540619
4.976762,76,783.687006
4.206365,70,783.824624
0.322146,87,783.995079
2.199598,69,784.126806
2.394004,67,784.254806
1.541574,71,784.39664
101.490268,76,784.539543
101.048747,55,784.644535
101.014898,86,784.806459
4.131519,80,784.960095
4.202566,75,785.102407
2.721796,75,785.24443
2.294881,75,785.39269
3.746378,81,785.552474
3.295409,65,785.678824
3.658401,71,785.818436
4.737811,74,785.958358
4.120578,74,786.103055
2.446158,79,786.256729
2.788094,74,786.398389
3.502454,79,786.551465
4.630049,81,786.70408
-0.161359,78,797.988281
2.736483,69,798.126036
1.543474,78,798.276024
0.000675,111,798.490419
3.836659,202,798.890174
4.398077,71,799.030948
4.700392,72,799.17896
3.151561,106,799.411066
4.015888,78,799.571937
4.576888,71,799.722738
2.016222,66,799.860476
1.980591,68,799.996816
0.246938,86,800.163229
1.127345,123,800.405326
1.298223,75,800.549615
-1.452019,99,800.741405
4.289524,71,800.881682
4.027384,79,801.040929
101.364555,74,801.191238
0.125831,79,801.349601
1.374328,105,801.557065
2.063289,66,801.69003
101.14108,36,801.759619
-0.536696,793,814.955837
0.798918,70,815.098555
-0.440869,93,815.277527
0.001959,81,815.438639
1.045713,77,815.591334
1.173948,85,815.763684
100.71365,158,816.087328
4.437389,73,816.228704
0.048182,146,816.521297
3.278255,81,816.678793
2.067273,92,816.858203
3.265443,68,816.994984
-0.373031,135,817.252848
1.55061,67,817.383676
2.495674,80,817.553562
4.175533,152,829.020796
1.209212,69,829.154545
4.688322,75,829.29985
2.375244,94,829.481936
3.8604,90,829.658173
3.751248,64,829.78279
4.072532,102,830.003048
0.661306,80,830.160585
-1.561309,95,830.3623
4.962212,79,830.530281
3.681282,66,830.679618
3.872357,100,830.893745
4.379853,161,831.234486
100.720232,89,831.412209
1.247017,78,831.573268
2.787379,72,831.717095
3.089271,79,831.871781
0.889246,101,832.073849
4.201687,68,832.209608
1.295393,78,832.362713
4.475982,66,832.496467
4.566375,83,832.662037
5.192301,72,832.807922
4.873431,77,832.962685
3.146461,69,844.229547
5.235493,76,844.381237
2.581955,70,844.516379
3.124694,72,844.674028
1.791932,72,844.811265
4.003712,76,844.962793
-1.069602,574,846.085733
100.595378,317,846.723564
3.547337,86,846.896922
2.961683,77,847.048893
1.662284,74,847.192516
5.81087,81,847.357358
1.767762,73,847.508052
1.186644,79,847.66536
3.149607,74,847.813319
-1.074732,112,848.041501
1.267099,82,848.206585
0.218973,74,859.728556
1.884035,84,859.891531
1.056,100,860.094517
0.759656,78,860.25361
103.578266,70,860.401223
0.370978,84,860.580018
3.233196,66,860.713085
3.16829,74,860.87941
3.890474,75,861.029666
1.596989,81,861.191703
4.902846,67,861.32264
104.792446,65,861.45027
-0.437272,87,861.625134
4.973395,82,861.788259
102.178037,70,861.929025
1.197075,72,862.072825
3.386506,93,862.263838
3.794614,68,862.40294
4.854236,66,862.535017
0.765831,74,862.682745
3.462719,93,862.875654
1.407704,98,863.070372
103.083422,89,863.252034
2.017521,90,863.431952
2.53898,68,863.569737
4.996981,65,863.700371
4.546337,84,875.427911
3.314077,67,875.560264
102.49213,70,875.698968
2.491071,87,875.87714
4.425677,65,876.013031
4.991796,67,876.145209
2.264585,67,876.279228
2.220748,69,876.414113
1.778792,89,876.584885
4.149565,65,876.712588
4.839688,94,876.894931
100.064615,54,877.001346
2.402102,80,877.155355
4.04782,65,877.283823
0.82929,79,877.437098
-0.232101,93,877.619481
100.701956,69,877.755808
100.794952,74,877.903052
4.079246,66,878.035758
-0.100381,158,878.339558
4.928856,64,878.466295
1.818701,78,878.61715
1.322549,79,878.766723
0.91305,74,878.912752
3.338172,86,879.077867
4.201526,69,879.215705
2.503466,65,879.34447
100.695507,86,891.050871
4.043269,73,891.194292
-0.063883,82,891.357718
2.843713,68,891.494303
0.230393,84,891.659639
4.45404,101,891.858424
2.711325,67,891.991163
4.371474,73,892.135223
3.605275,95,892.325908
0.483046,77,892.477574
3.826006,66,892.605271
2.317669,69,892.760141
0.193131,84,892.953697
100.624734,68,893.111415
0.903627,93,893.311455
1.327425,71,893.472998
1.338073,72,893.616592
3.987568,64,893.746605
3.929942,66,893.877682
3.810396,66,894.009243
2.787865,74,894.158757
1.141816,82,894.325254
3.155882,91,894.507451
1.51334,77,894.678156
3.790142,68,894.810571
2.939308,82,894.970747
1.401543,70,895.110275
2.672226,71,906.432816
3.120427,74,906.57702
4.934116,91,906.752702
4.050077,66,906.878191
-0.508832,123,907.115422
4.4362,89,907.33723
3.032039,75,907.49015
0.857885,71,907.626175
3.291239,97,907.817256
2.347896,64,907.951208
3.542573,66,908.077423
0.632569,106,908.286796
4.558236,68,908.419427
2.845304,68,908.561567
100.934457,91,908.748881
0.10578,81,908.914203
1.141082,72,909.076849
4.059423,79,909.23335
4.182629,124,909.484775
2.390755,72,909.630999
105.764144,68,909.770028
2.982941,84,909.94174
2.554866,68,910.075652
3.505533,67,910.211801
1.069665,93,910.403891
-0.175962,112,922.113963
101.778097,59,922.234263
1.849345,69,922.369712
-0.085282,77,922.524795
1.859022,69,922.663218
4.956432,80,922.825089
0.395454,88,923.006272
4.534652,64,923.145299
3.516274,66,923.277804
1.416426,89,923.455126
2.402622,66,923.58742
3.773948,71,923.737934
2.295727,72,923.88207
1.209037,71,924.019592
-0.018623,84,924.188156
1.409881,73,924.334453
2.912164,65,924.463084
4.065002,99,924.664904
0.7087,71,924.817916
4.551419,65,924.952957
0.244567,82,925.118195
2.123632,80,925.274122
3.858881,93,925.455633
-0.317635,119,925.700658
0.464801,113,925.926903
-0.036367,92,937.424059
4.704893,74,937.584419
0.442452,71,937.724549
0.735365,72,937.866746
101.159606,99,938.063539
103.050227,63,938.18925
5.214928,78,938.34402
4.296331,79,938.513968
2.856712,88,938.690204
3.375822,66,938.823514
-0.732608,99,939.026696
4.17441,72,939.198916
3.329295,65,939.333663
3.283283,84,939.511719
-0.176521,100,939.709052
0.263258,96,939.896937
4.479039,89,940.077872
1.328591,70,940.21261
1.221738,88,940.38608
3.157208,91,940.584981
-0.062707,106,940.789133
0.727306,133,941.058391
2.918846,67,941.194882
3.43212,114,941.434077
4.870631,68,941.574221
1.748273,74,953.186985
101.353288,71,953.329458
3.87465,103,953.530972
0.824841,96,953.728386
1.425921,73,953.873348
102.926155,65,954.004235
2.357503,68,954.153368
3.262558,66,954.288895
0.811964,157,954.597694
100.53096,64,954.725832
3.768851,65,954.855418
1.403159,68,954.992828
3.75628,71,955.134661
101.633595,90,955.315943
1.983178,69,955.449175
1.879462,70,955.586615
0.768259,93,955.781142
2.692448,70,955.924359
3.890148,66,956.056523
2.111772,95,956.249329
1.450736,74,956.475013
0.333732,105,956.689088
3.892389,84,956.861675
1.545636,70,956.996573
4.687607,70,957.135106
5.412382,69,968.959017
3.652488,68,969.099981
2.001483,75,969.253039
-0.483997,118,969.486793
101.012131,115,969.714939
3.85988,80,969.878116
2.873051,72,970.034317
3.414443,74,970.191288
1.475665,69,970.331621
-0.124092,109,970.550961
100.943085,34,970.634282
4.497097,76,970.79403
1.217705,73,970.941664
1.518804,91,971.141577
3.185194,75,971.292838
0.36886,85,971.468497
4.758371,68,971.629127
0.440902,104,971.853895
3.195601,65,971.982479
104.78582,68,972.115479
4.38527,95,972.304117
5.563431,64,972.445478
3.580347,75,972.628124
5.143723,69,972.785247
5.11004,70,972.935385
3.125024,75,973.096251
3.734779,64,973.219418
2.218784,87,985.085831
3.379665,81,985.255447
101.14709,71,985.409881
0.546041,133,985.701221
0.473012,101,985.910547
0.881464,70,986.052267
4.133985,66,986.185978
1.132716,75,986.328227
1.577855,77,986.482106
1.365242,84,986.653868
4.34249,72,986.797561
0.218746,80,986.957608
-0.135624,81,987.127134
0.205608,130,987.404863
1.578353,70,987.546395
0.861669,80,987.711411
1.219701,82,987.882377
1.495952,75,988.04372
101.876504,96,988.244751
5.395452,74,988.399605
0.754249,87,988.573913
2.827742,81,988.737868
3.316408,73,988.879203
3.207139,75,989.025595
4.505519,85,1000.815253
5.311693,73,1000.959895
0.83914,101,1001.15666
0.879817,80,1001.315403
-0.166323,86,1001.485637
3.598674,65,1001.612685
5.652395,68,1001.752284
0.868887,94,1001.939535
2.26207,79,1002.094248
4.166416,72,1002.254636
2.796864,68,1002.395403
1.896005,74,1002.555313
2.904341,65,1002.693393
0.640647,125,1002.951964
5.350611,67,1003.085951
2.664047,70,1003.229746
0.961818,81,1003.398268
3.726848,85,1003.567836
1.054212,71,1003.724046
1.786852,67,1003.856103
3.563741,66,1003.987288
1.253957,72,1004.128724
4.011481,69,1004.265837
4.418946,79,1004.418424
3.306923,66,1004.56319
1.179246,87,1004.737327
3.294018,70,1004.875264
3.706125,62,1016.263064
3.408531,70,1016.401938
-0.445604,107,1016.612104
4.833065,66,1016.739902
3.074129,65,1016.867286
1.117777,69,1017.001468
2.518966,89,1017.180049
5.981703,66,1017.314312
5.005967,65,1017.442313
1.682149,79,1017.599635
0.402955,76,1017.746202
1.614019,82,1017.923396
4.332348,68,1018.06317
102.796037,68,1018.191558
2.419742,81,1018.353595
3.266136,68,1018.485925
-0.671591,101,1018.690676
2.846273,88,1018.866362
101.231644,71,1019.007506
3.041414,65,1019.13848
4.736262,91,1019.316213
4.355665,70,1019.470985
4.352087,73,1019.618053
3.148255,69,1019.756768
2.930984,79,1019.917831
4.3391,70,1020.063691
-0.451959,87,1020.239141
3.329338,64,1031.9648
-1.026734,277,1032.521708
2.705975,74,1032.67215
1.088831,71,1032.816532
4.012106,86,1033.006136
100.63079,153,1033.313709
1.050644,84,1033.478432
4.376955,64,1033.602167
4.063177,94,1033.785466
2.275609,68,1033.925521
0.796761,70,1034.071842
4.478808,63,1034.209821
102.000996,68,1034.34971
3.64872,67,1034.488859
1.320681,80,1034.650647
3.185952,63,1034.784384
4.776793,78,1034.947576
0.279222,111,1035.19137
2.276108,69,1035.332253
0.651797,1000,1048.604046
3.559441,86,1048.775172
2.272366,76,1048.93646
3.083539,73,1049.085743
3.994962,65,1049.217768
3.580742,90,1049.399386
1.632368,75,1049.553321
3.356977,66,1049.690557
1.159934,73,1049.836738
1.653982,64,1049.963211
5.621564,69,1050.102735
4.993141,76,1050.254613
1.0504,106,1050.462727
1.072441,71,1050.605404
101.523071,64,1050.731647
0.257155,80,1050.892305
3.878652,82,1051.069779
1.196553,91,1051.250849
2.946353,67,1051.381983
3.695926,64,1062.76371
-0.245261,143,1063.058725
-0.406439,84,1063.239396
2.867077,68,1063.385238
3.274154,94,1063.573832
3.734066,95,1063.763404
3.141397,71,1063.908155
3.893383,74,1064.052568
4.627997,74,1064.199519
5.147025,70,1064.341681
2.938444,75,1064.488803
2.091671,68,1064.628451
2.387286,77,1064.785881
2.097013,76,1064.953129
3.04377,86,1065.129512
3.136684,68,1065.267576
105.095617,61,1065.400276
3.559694,80,1065.567743
2.046427,69,1065.707218
2.222271,71,1065.847163
1.195579,80,1066.003233
3.284372,64,1066.126965
1.522432,88,1066.297291
-0.326979,85,1066.462653
1.683367,71,1066.628687
0.047819,83,1066.79074
4.151017,67,1078.212423
101.648416,106,1078.4279
1.880665,81,1078.590725
3.896105,74,1078.736301
103.286148,58,1078.87078
4.901176,71,1079.014478
101.084607,43,1079.102355
-1.128737,104,1079.310481
1.780669,67,1079.44651
0.994596,76,1079.604764
-0.814216,99,1079.807266
4.710655,79,1079.971946
4.710122,68,1080.11412
6.031953,69,1080.252666
2.094164,70,1080.392818
101.265179,68,1080.544341
101.290392,88,1080.717563
2.916093,70,1080.856296
4.074831,91,1081.040936
101.71529,62,1081.165592
0.67294,88,1081.344219
0.689817,74,1081.493463
0.724213,110,1081.7151
101.430783,56,1081.822542
4.130944,69,1081.961095
1.719069,74,1082.109338
4.368231,67,1082.245031
4.721182,66,1093.812187
102.659492,52,1093.917413
2.108037,79,1094.077223
2.294938,68,1094.215562
1.007212,106,1094.431576
101.993413,71,1094.577266
100.800851,32,1094.641836
1.367815,90,1094.844538
0.605426,98,1095.046124
103.954161,56,1095.162187
3.960232,72,1095.309407
4.203686,88,1095.485079
102.248911,77,1095.640373
2.655181,72,1095.784284
0.520594,83,1095.954592
3.160986,91,1096.137789
2.851574,71,1096.278369
101.500798,74,1096.441829
3.96553,65,1096.568882
1.504078,68,1096.703567
2.435554,81,1096.871136
5.158644,63,1096.996089
2.49838,72,1097.134377
3.467269,75,1097.282162
3.730637,72,1097.42366
1.581832,73,1097.56839
0.363224,83,1097.730074
2.616861,78,1097.884757
2.911742,70,1109.267756
0.922374,71,1109.408334
1.759198,80,1109.56437
2.197865,79,1109.72173
-0.824493,96,1109.909391
5.086126,67,1110.042929
0.965424,81,1110.206647
1.385993,72,1110.348902
2.285588,75,1110.510227
3.667861,83,1110.670715
1.710567,73,1110.817652
3.924086,65,1110.952765
1.012927,68,1111.086899
1.276141,76,1111.233278
4.590499,67,1111.365224
1.925593,83,1111.522942
4.421814,71,1111.667265
0.933389,73,1111.81266
2.161219,73,1111.955223
5.237606,62,1112.076564
2.895301,65,1112.206058
0.283722,228,1112.666692
4.667001,64,1112.797935
2.437467,71,1112.936716
4.502918,72,1113.075947
102.390369,74,1113.223103
5.029773,63,1124.938882
1.819366,70,1125.080004
3.566936,72,1125.225697
0.630181,90,1125.410767
1.11659,71,1125.556913
5.477549,63,1125.689939
103.471772,65,1125.826423
4.925777,64,1125.961955
0.999462,97,1126.151839
3.716765,64,1126.274864
3.713414,70,1126.450871
-0.24557,78,1126.660387
3.425068,75,1126.823932
101.91743,59,1126.937301
5.872662,67,1127.063522
4.063226,64,1127.185946
0.693984,77,1127.337519
0.82506,150,1127.627323
0.527255,1000,1141.137856
4.546853,77,1141.294305
-1.039294,150,1141.601967
0.669765,77,1141.760389
-0.902324,100,1141.957758
4.987242,78,1142.110029
5.820049,67,1142.242675
2.359331,72,1142.388874
1.114554,80,1142.546331
4.022234,67,1142.683093
0.515587,82,1142.843204
1.573964,89,1143.017339
5.930483,71,1143.15716
1.383584,76,1143.309237
5.398233,64,1143.434534
2.286616,69,1143.568562
0.669215,72,1143.715825
-0.123128,85,1143.884524
102.070292,67,1144.014775
3.593598,70,1144.158798
3.206111,76,1144.319382
100.345925,45,1144.410096
100.680986,51,1144.510225
2.824849,80,1156.224727
1.824117,75,1156.374422
103.294888,75,1156.519715
2.178376,65,1156.644972
1.028804,87,1156.814422
103.098414,64,1156.938721
4.517669,69,1157.074094
5.192432,65,1157.202407
2.453478,69,1157.33542
1.925175,76,1157.479665
5.32421,62,1157.598829
3.716048,67,1157.745447
2.657469,70,1157.898786
2.8344,74,1158.063076
3.196213,67,1158.215761
1.242384,75,1158.374263
3.967858,98,1158.579278
2.973305,71,1158.731714
0.141833,98,1158.932066
5.002268,67,1159.067802
3.741023,65,1159.214253
0.137352,1000,1172.961642
2.758942,79,1173.131682
0.540577,73,1173.291528
4.994262,66,1173.433091
4.02413,69,1173.580242
2.872473,79,1173.748756
101.420503,321,1174.422461
101.022164,110,1174.650702
3.349127,65,1174.801809
2.484443,69,1174.953344
0.855169,82,1175.135113
2.235216,73,1175.291362
3.708785,73,1175.441599
3.51583,67,1175.579164
3.503211,83,1175.757601
1.093694,76,1175.907265
2.73544,67,1176.037332
5.606445,66,1176.170754
4.077596,68,1176.308962
2.637812,65,1188.041874
2.468973,76,1188.194252
4.163931,72,1188.338942
-0.04381,126,1188.586178
3.257585,67,1188.719639
-0.045126,137,1188.995554
5.000558,70,1189.143645
3.108046,68,1189.278671
1.778179,75,1189.425364
1.828507,86,1189.60336
100.829697,36,1189.686954
4.450908,77,1189.844741
-1.046145,103,1190.053967
5.552267,63,1190.180008
2.307942,75,1190.332798
0.559845,1000,1203.861255
1.133854,87,1204.03279
1.913213,89,1204.209404
2.52808,80,1204.368203
2.599606,69,1204.505992
1.522938,78,1204.660563
101.596719,74,1204.806756
2.290497,67,1204.935701
4.957746,64,1205.065243
2.116755,77,1205.233378
5.521826,63,1205.368435
1.95651,73,1205.519772
1.341227,80,1205.682009
3.465389,63,1205.808754
3.470022,63,1205.930168
0.084248,131,1206.182948
4.13474,66,1206.313673
2.712875,71,1206.451489
4.626825,98,1206.655858
102.229964,77,1206.802051
2.804704,69,1206.938499
4.200324,74,1207.086176
4.053961,86,1207.256014
1.662768,67,1207.388177
102.988901,70,1207.524593
4.099734,64,1207.649258
0.823632,116,1219.566697
4.633352,63,1219.69029
4.012493,67,1219.819436
-0.699056,94,1220.010098
2.085497,68,1220.143044
3.341169,66,1220.272878
2.191931,76,1220.423245
1.228991,109,1220.65808
4.471982,61,1220.785918
3.513917,68,1220.933506
4.011139,71,1221.086892
4.495289,68,1221.226831
101.833292,79,1221.397611
4.052439,65,1221.533426
1.06304,82,1221.703777
3.57385,70,1221.843574
1.76424,72,1221.987254
3.111546,89,1222.163052
100.874954,67,1222.298398
1.442362,69,1222.434637
5.004545,67,1222.571396
3.793133,65,1222.694422
3.421267,70,1222.832908
2.707905,67,1222.969566
4.667686,68,1223.12754
3.328416,67,1223.265495
3.32631,67,1223.403779
1.743099,74,1223.555827
103.665382,74,1235.066073
-0.372868,98,1235.257867
102.798533,70,1235.401703
1.507246,71,1235.546515
1.644196,73,1235.690607
3.931949,70,1235.827428
-0.112493,84,1235.997824
101.457105,79,1236.158376
101.770017,50,1236.25846
4.247984,63,1236.385905
4.408133,65,1236.536102
0.980871,71,1236.681902
-0.049574,90,1236.865789
2.330048,73,1237.020408
3.250703,68,1237.155553
0.638352,74,1237.304361
1.140115,72,1237.450077
3.622872,79,1237.613858
3.005638,68,1237.764172
1.952579,75,1237.912899
3.991002,69,1238.046578
3.091053,71,1238.184996
0.453986,104,1238.393233
0.771024,94,1238.579021
2.374516,76,1238.731874
1.266165,90,1238.915618
4.907284,66,1239.046405
1.5568,70,1250.606018
2.028851,65,1250.736502
4.659438,64,1250.86335
101.596856,72,1251.005636
2.533177,68,1251.145841
104.149293,64,1251.277309
2.391357,71,1251.423027
5.986036,67,1251.556758
5.079472,70,1251.696628
3.532598,68,1251.831342
2.359823,73,1251.976412
0.986951,79,1252.131453
2.318616,83,1252.292647
0.819999,89,1252.471618
3.45782,66,1252.603951
4.311611,71,1252.753893
3.477949,65,1252.881353
3.998947,62,1253.005044
1.670578,83,1253.167578
5.356521,88,1253.340995
-0.28634,227,1253.790417
5.428342,62,1253.91093
101.36359,76,1254.061848
3.681562,69,1254.195239
1.039355,76,1254.350807
2.690251,69,1254.485111
2.856111,70,1265.948124
3.66496,70,1266.091496
101.891334,73,1266.236301
3.530061,64,1266.364263
103.303543,66,1266.49493
2.06186,79,1266.65329
2.256225,68,1266.787254
102.483938,67,1266.938217
0.168507,87,1267.115026
1.658822,78,1267.273303
0.118642,78,1267.429816
4.052776,66,1267.560133
1.164763,116,1267.793761
2.15048,87,1267.969382
2.656391,67,1268.107037
1.575272,73,1268.256142
-0.416152,142,1268.54492
100.979373,65,1268.673698
3.880292,72,1268.831884
104.193693,75,1268.982585
3.357553,94,1269.169369
3.201709,74,1269.31449
1.098785,72,1269.45369
3.451131,67,1269.581919
3.040437,72,1269.725017
1.300019,74,1269.871268
100.960888,61,1269.99208
3.132607,66,1281.536192
4.271944,104,1281.75561
1.249029,76,1281.910889
2.301907,69,1282.053778
4.079381,75,1282.223232
1.869772,71,1282.366782
1.13539,74,1282.514896
4.162396,71,1282.65487
3.485355,84,1282.827801
5.060057,66,1282.960619
101.088303,94,1283.15394
3.082847,74,1283.298632
4.314422,71,1283.459624
2.761803,84,1283.628311
3.706398,67,1283.761905
3.956415,62,1283.88868
1.109543,89,1284.066744
100.654082,56,1284.180717
101.35693,65,1284.308505
0.279524,96,1284.501566
1.411551,75,1284.651727
0.884076,67,1284.787053
3.519212,67,1284.920222
4.007883,68,1285.055726
2.591255,68,1285.19276
5.140286,81,1285.360701
3.888889,71,1285.513898
101.469869,48,1285.609276
4.898687,67,1296.893901
3.682912,65,1297.018803
102.241959,65,1297.158879
3.980937,68,1297.300555
0.832761,69,1297.437112
1.209198,80,1297.593471
1.909215,73,1297.736582
1.199009,106,1297.950931
0.40432,82,1298.113721
5.010418,87,1298.285833
0.503357,85,1298.455813
4.051,95,1298.652357
4.720027,62,1298.775583
1.359334,80,1298.948055
1.231464,68,1299.085792
5.634261,83,1299.249233
3.418529,64,1299.374302
2.576552,64,1299.506525
0.790482,67,1299.642778
0.34897,73,1299.78926
2.990527,73,1299.935898
100.570254,96,1300.128802
-2.301462,151,1300.430079
2.834274,71,1300.587502
1.063633,81,1300.75089
2.188108,63,1300.875269
101.446571,57,1312.415555
4.638965,64,1312.550791
100.313413,20,1312.591543
0.873382,78,1312.747473
0.021997,137,1313.026929
2.256386,75,1313.179604
3.305469,72,1313.324467
5.021461,68,1313.462986
1.518546,72,1313.604884
0.88912,110,1313.817954
3.957834,70,1313.961075
100.865449,61,1314.082112
100.30196,55,1314.189646
105.804136,73,1314.342795
3.958072,63,1314.468539
5.575101,72,1314.610845
105.44377,67,1314.74848
3.616889,73,1314.891684
1.302722,71,1315.039961
103.912453,66,1315.172973
0.412513,78,1315.334103
3.758129,84,1315.50492
2.134876,74,1315.65822
2.863713,71,1315.805212
-0.529837,81,1315.972088
-0.555223,101,1316.174213
0.378287,79,1316.334347
101.161092,71,1316.472927
5.537526,65,1328.018454
2.667479,69,1328.157979
3.24341,81,1328.315613
1.556486,70,1328.452863
100.839755,66,1328.583471
4.368201,87,1328.770343
5.280122,73,1328.915469
4.055923,90,1329.100179
3.208109,67,1329.231435
101.757577,79,1329.390799
0.671523,94,1329.578046
0.676869,153,1329.875237
-0.465991,177,1330.219108
3.884575,74,1330.366504
103.156032,62,1330.487385
3.893791,65,1330.616691
0.381625,82,1330.780235
101.156624,96,1330.969721
101.269779,81,1331.133504
3.670909,69,1331.266707
2.863387,67,1331.406517
1.323602,72,1331.554371
4.182329,69,1331.694583
101.065899,100,1331.896431
4.719366,67,1343.325741
0.963698,75,1343.478419
2.717406,79,1343.634178
104.89931,79,1343.791143
0.9597,80,1343.949319
0.718063,73,1344.09981
1.477194,101,1344.299764
0.274571,107,1344.513492
0.673765,83,1344.686134
5.227124,70,1344.835062
-0.893016,108,1345.058085
2.315195,70,1345.198787
100.566122,42,1345.284142
100.623513,95,1345.479969
2.27979,64,1345.60768
3.593857,75,1345.758415
101.541632,82,1345.928244
4.509123,69,1346.078583
-0.134262,95,1346.262689
2.868678,68,1346.396653
1.317673,76,1346.548898
2.895498,70,1346.686058
100.943153,109,1346.896935
-0.007228,78,1347.050829
4.376563,65,1347.180503
-1.469167,91,1347.358562
2.867031,70,1358.694108
0.206245,74,1358.838593
101.049558,51,1358.937565
3.085929,68,1359.068857
4.00014,66,1359.199147
4.812622,67,1359.333263
4.777271,66,1359.464319
4.62859,63,1359.58941
2.447395,69,1359.726088
1.180726,70,1359.861162
4.100163,105,1360.069388
3.340892,74,1360.226718
0.777223,80,1360.406195
3.164057,65,1360.545112
-0.545849,758,1362.114439
102.206494,61,1362.236388
2.209849,72,1362.377766
3.432281,70,1362.51262
3.046013,74,1362.658594
2.578726,65,1374.127023
2.311481,70,1374.267008
0.262641,89,1374.439746
3.749791,82,1374.60141
100.765997,77,1374.750167
3.076063,70,1374.887721
101.047606,57,1375.003914
2.01125,87,1375.178474
1.288958,101,1375.377967
101.248856,55,1375.484095
1.742471,66,1375.614027
2.664454,76,1375.773178
102.855678,77,1375.923787
1.923343,90,1376.100029
2.496812,77,1376.270289
0.586784,152,1376.576242
0.416456,96,1376.778482
3.029034,70,1376.917764
2.953036,76,1377.09509
2.984066,68,1377.231514
3.002131,86,1377.40261
0.349089,79,1377.558846
3.200382,83,1377.724158
5.388571,64,1377.849868
3.905261,68,1377.990143
3.33236,67,1378.126636
101.47322,84,1389.769289
4.539235,78,1389.922946
0.070496,79,1390.078678
3.43795,62,1390.19847
-0.992105,131,1390.455902
0.878131,76,1390.608936
4.212604,72,1390.750641
1.657605,70,1390.885402
-0.607907,195,1391.281783
2.150776,78,1391.43371
0.576993,132,1391.692225
0.990717,73,1391.834037
3.627436,79,1391.987853
0.966564,72,1392.131429
2.236002,80,1392.288873
2.870002,73,1392.451983
1.402024,72,1392.600762
100.973147,88,1392.781025
0.267605,94,1392.971591
3.814101,66,1393.101738
1.791929,86,1393.272967
-1.01654,248,1393.763702
4.514642,71,1405.246383
2.275486,85,1405.421555
3.240029,65,1405.550541
5.696437,64,1405.681504
3.413376,68,1405.820238
2.928972,67,1405.959686
0.011094,97,1406.164217
4.17682,68,1406.31715
4.505192,88,1406.506685
101.94424,65,1406.639688
-0.161079,1000,1408.607493
3.108101,73,1408.752115
-0.484298,81,1408.909054
101.897097,81,1409.073472
1.944227,82,1409.250942
1.471881,74,1420.953656
4.332112,64,1421.078377
-0.410974,84,1421.244435
4.210884,77,1421.398422
2.944667,69,1421.546067
104.989008,65,1421.673269
4.230543,69,1421.81349
0.997389,76,1421.968039
-0.086531,81,1422.127947
4.272772,81,1422.287502
1.715675,71,1422.430709
4.70029,64,1422.559406
2.747785,63,1422.688117
2.634935,84,1422.855359
2.27964,72,1423.001545
2.603468,67,1423.152488
101.199983,60,1423.27458
-0.428763,102,1423.478183
1.029019,86,1423.653943
4.667415,72,1423.798239
5.491981,82,1423.961178
0.753912,76,1424.11015
2.848086,67,1424.256855
3.320106,73,1424.403162
101.483087,74,1424.549859
1.048316,85,1424.715096
2.954515,80,1424.876343
4.014007,68,1436.352057
2.367876,84,1436.539513
5.309006,67,1436.680246
4.402695,96,1436.874633
-1.137532,153,1437.187058
0.370367,84,1437.35082
4.024045,67,1437.486118
0.211737,76,1437.63629
3.902308,89,1437.813502
1.436791,82,1437.975604
0.455939,76,1438.121842
4.441914,64,1438.24801
1.997099,82,1438.40678
100.855815,81,1438.559428
103.73161,63,1438.683008
0.85276,102,1438.870879
-0.331715,83,1439.02698
4.762486,72,1439.165975
100.787379,59,1439.280749
2.401601,64,1439.404906
101.530793,94,1439.582946
5.487377,63,1439.702948
4.771055,63,1439.824813
104.436451,64,1439.94754
3.450859,73,1440.086479
1.377105,95,1440.27207
2.050136,74,1451.922263
5.881621,69,1452.056267
1.036393,71,1452.202792
4.391468,73,1452.349844
4.916026,65,1452.479049
4.353223,81,1452.636347
2.13863,68,1452.77128
4.636066,62,1452.900486
1.479083,98,1453.093664
2.946933,65,1453.21993
3.805931,67,1453.351699
0.180322,73,1453.513081
2.804638,74,1453.664477
1.121535,72,1453.814395
1.594979,70,1453.958332
5.207258,80,1454.125244
2.841544,68,1454.265819
1.960886,74,1454.414274
1.092335,77,1454.575101
2.280998,68,1454.710723
3.719119,67,1454.844041
1.750958,71,1454.999854
1.599804,71,1455.13847
3.530277,81,1455.296539
1.352567,71,1455.434835
2.73225,70,1455.576281
3.177206,72,1455.712602
-0.286558,101,1455.909194
5.519301,74,1467.372651
3.196992,77,1467.522449
2.137315,78,1467.670736
0.582614,116,1467.900938
4.547589,84,1468.069343
1.060261,79,1468.227065
101.156023,71,1468.372155
-0.201503,131,1468.639468
0.091473,545,1469.744969
2.7375,79,1469.908808
100.542644,267,1470.451165
5.023274,71,1470.594127
4.462905,78,1470.756768
102.039696,91,1470.938569
2.102715,69,1471.070981
1.327817,69,1471.204386
4.542502,84,1482.897708
5.460849,62,1483.041245
2.476375,69,1483.188189
3.51114,67,1483.324469
-0.632248,111,1483.541468
1.52459,71,1483.686207
102.767167,67,1483.81934
0.735551,72,1483.966449
5.696686,87,1484.146471
0.866576,75,1484.296736
102.032667,74,1484.441482
4.809304,65,1484.569075
1.124949,68,1484.701611
103.300611,58,1484.835109
4.586966,63,1484.958876
2.08412,80,1485.114216
100.691131,51,1485.214781
3.315264,66,1485.346666
1.774887,76,1485.501668
0.654926,97,1485.714225
5.506158,62,1485.848897
3.4274,74,1485.996995
1.708793,82,1486.185663
3.644965,62,1486.314781
3.329517,67,1486.456424
1.148209,71,1486.608673
4.617812,63,1486.740198
-0.180338,88,1486.933423
5.2959,62,1487.074491
-0.504603,96,1498.8144
101.019313,77,1498.969381
4.00066,72,1499.115661
4.533614,63,1499.244655
2.244795,74,1499.397219
2.137324,68,1499.541502
3.460149,71,1499.685866
1.250636,105,1499.897473
4.153527,68,1500.034897
0.857181,85,1500.205977
4.033405,66,1500.356918
1.367055,90,1500.543978
0.238066,1000,1502.616103
3.720137,70,1502.759679
100.506953,257,1514.70979
4.011479,88,1514.88326
3.283413,86,1515.052993
1.246852,80,1515.212313
3.517976,70,1515.353647
2.058502,74,1515.501399
3.043473,69,1515.638402
100.442947,144,1515.918236
4.887303,63,1516.038561
0.888315,113,1516.262449
3.791909,64,1516.388741
0.44762,87,1516.559075
100.712591,152,1516.86083
0.791359,160,1517.186989
100.981355,76,1517.346674
101.391865,64,1517.485969
2.640599,90,1517.673208
0.247651,85,1517.851465
2.939164,66,1517.984625
3.722317,73,1518.126405
2.631652,70,1518.265093
2.235174,69,1518.400518
0.249056,81,1530.150845
103.229803,79,1530.313554
3.737252,62,1530.439665
-0.93774,135,1530.715414
4.111723,75,1530.869124
-0.453851,87,1531.047654
0.11099,87,1531.241064
0.160332,78,1531.396918
0.699328,78,1531.572844
5.022942,66,1531.712527
3.632329,72,1531.863524
0.187353,73,1532.019558
2.879776,71,1532.166029
4.248303,81,1532.329874
4.057252,67,1532.467689
-0.338861,82,1532.634563
1.317857,101,1532.860075
5.252771,67,1533.014791
1.54798,84,1533.186506
1.270043,93,1533.376065
3.939558,68,1533.516947
0.949673,117,1533.765946
3.603221,83,1533.942201
2.52706,69,1534.084055
3.475402,74,1534.239661
5.002765,62,1546.000822
2.97579,78,1546.170301
4.901989,64,1546.315696
-1.090232,219,1546.785373
104.608428,63,1546.918945
3.436974,80,1547.081801
102.166998,73,1547.235148
0.626083,108,1547.481987
0.720378,75,1547.64057
0.491109,72,1547.787533
1.999661,68,1547.928653
3.384353,71,1548.071528
2.91732,96,1548.276477
1.380992,104,1548.489417
104.61678,65,1548.624853
0.999893,76,1548.780019
3.362497,72,1548.929956
1.127266,80,1549.107666
-0.949965,132,1549.3811
1.63667,115,1549.615877
3.194954,81,1549.7807
1.79811,79,1549.946698
1.423005,70,1550.088982
101.150683,79,1550.251728
4.400635,67,1562.04873
3.15163,74,1562.195146
1.589873,69,1562.331734
0.697334,72,1562.475283
103.840841,66,1562.608167
3.080648,73,1562.751595
1.790867,83,1562.915094
2.39858,73,1563.064392
4.286361,65,1563.199332
2.961665,68,1563.345142
1.562514,70,1563.491314
1.390796,95,1563.69136
-1.063025,104,1563.902395
4.649301,64,1564.035614
1.787917,86,1564.213886
2.775267,82,1564.386343
2.255035,80,1564.553353
3.627773,67,1564.707899
1.987894,70,1564.855845
4.687685,64,1564.992003
2.760383,93,1565.180824
101.271977,67,1565.315019
1.284499,74,1565.46406
0.399472,113,1565.695281
5.519718,64,1565.829039
1.349824,72,1565.975428
3.986331,75,1566.127136
2.487502,88,1577.90999
2.763172,68,1578.046561
4.340285,73,1578.19814
4.725562,73,1578.34891
3.782387,70,1578.490421
5.356702,87,1578.666228
2.427206,83,1578.840813
100.168249,48,1578.948422
3.065301,75,1579.104829
2.258367,67,1579.266162
2.127898,78,1579.439313
3.045465,63,1579.576043
1.4346,66,1579.726713
2.147874,74,1579.878376
4.635973,64,1580.009004
3.797897,74,1580.167291
0.58694,115,1580.410595
3.425993,74,1580.581726
2.388935,70,1580.719887
3.079553,66,1580.849284
101.013839,75,1581.001951
1.273917,70,1581.142992
3.976504,62,1581.265033
100.104396,27,1581.319712
-0.192728,1000,1595.057138
0.94765,71,1595.198395
3.060237,65,1595.327966
1.019138,76,1595.481956
101.034925,109,1595.696723
0.66992,70,1595.849836
4.960054,71,1595.984601
2.26032,87,1596.158162
0.31206,77,1596.314449
0.531418,71,1596.457376
3.868119,72,1596.598207
3.197905,67,1596.733774
2.161741,68,1596.870422
3.741911,61,1596.992021
1.392852,80,1597.152615
3.119221,74,1597.300592
103.062672,68,1597.438815
1.657239,71,1597.599705
0.343973,75,1597.745891
5.03826,68,1609.077838
101.706122,78,1609.230462
4.442702,63,1609.354081
4.265565,64,1609.475191
-0.577542,167,1609.813033
4.205077,91,1609.98829
0.386693,71,1610.132625
2.404114,66,1610.262082
0.979847,87,1610.432327
100.978184,42,1610.514006
5.199337,63,1610.641542
1.313198,114,1610.859927
2.395282,66,1610.991848
101.317384,91,1611.166915
3.765298,71,1611.307354
1.432262,69,1611.46098
0.1625,74,1611.606384
0.698065,75,1611.75221
1.684163,77,1611.903961
4.812087,79,1612.062064
3.586189,83,1612.229017
4.501526,66,1612.362265
4.255842,64,1612.487963
0.475271,90,1612.666725
-0.386996,87,1612.842809
1.690461,71,1612.982499
2.585423,93,1624.737336
4.647335,79,1624.894497
1.18489,68,1625.031368
100.320661,49,1625.124806
1.949533,77,1625.279758
2.660218,86,1625.45192
100.642108,256,1625.977204
0.160808,78,1626.136949
2.521159,71,1626.296068
2.541133,96,1626.498607
2.153905,63,1626.623146
4.443462,65,1626.755393
0.101116,78,1626.910928
-0.301182,81,1627.075228
103.903052,57,1627.194009
3.458608,75,1627.344452
1.299203,75,1627.498264
1.132602,94,1627.704823
1.627292,75,1627.853196
3.964432,66,1627.988927
2.408832,68,1628.127809
5.65915,65,1628.261764
2.300338,95,1628.45474
1.728784,71,1628.600616
101.251975,62,1628.721034
101.215265,76,1628.874528
5.894364,63,1640.36536
4.303474,65,1640.496593
3.458663,90,1640.675704
0.657843,118,1640.914769
4.356836,91,1641.099714
102.032126,85,1641.267692
4.852154,63,1641.39694
1.957558,74,1641.543551
1.986559,71,1641.698317
0.579595,1000,1643.745873
1.485679,81,1643.908397
1.561455,78,1644.065762
4.354536,64,1644.196267
3.84576,67,1644.332436
101.471268,85,1656.037688
2.473946,69,1656.182088
4.394888,74,1656.331256
101.29243,89,1656.512537
5.217124,63,1656.644458
2.682094,102,1656.863018
101.269154,50,1656.957109
3.321225,78,1657.119324
100.606133,52,1657.226783
2.092198,69,1657.366832
1.184183,71,1657.52915
4.884373,76,1657.687536
1.840207,69,1657.835296
1.06718,67,1657.971492
0.262979,93,1658.164262
2.276418,70,1658.304327
3.638861,71,1658.448198
0.675295,93,1658.637738
100.200441,26,1658.691066
-1.017238,234,1659.180777
1.228881,73,1659.324414
2.618059,65,1659.453404
2.217746,67,1659.59227
2.862675,73,1659.742509
2.411383,68,1659.882839
0.938119,78,1660.04521
4.815255,66,1671.633552
-0.835597,126,1671.890858
5.221467,62,1672.018211
3.251412,68,1672.158436
1.243859,114,1672.384355
3.188358,64,1672.514374
2.121963,74,1672.66684
0.633797,71,1672.809525
102.035512,65,1672.940974
3.388983,64,1673.068313
-0.51967,101,1673.286495
3.516262,72,1673.433682
2.341525,66,1673.565287
105.917111,66,1673.701854
1.604081,70,1673.841567
2.280697,75,1673.985275
4.523522,64,1674.110498
3.457867,66,1674.239987
0.360931,70,1674.37725
0.159333,96,1674.563934
101.32377,96,1674.750188
1.012087,76,1674.89822
104.877788,69,1675.034682
2.635605,67,1675.175931
3.633534,74,1675.340173
4.489581,89,1675.533167
1.096354,87,1675.724869
3.750784,75,1687.278462
2.785076,64,1687.422811
2.015529,71,1687.563296
2.330391,68,1687.705561
2.382893,71,1687.848333
0.808561,74,1688.000944
-0.652542,111,1688.227141
101.635874,89,1688.410478
1.972573,76,1688.564727
4.066461,65,1688.704615
2.897458,64,1688.838946
3.076425,87,1689.023003
4.263053,63,1689.150817
4.493191,65,1689.285755
103.723088,56,1689.400991
100.40945,74,1689.553599
2.058834,69,1689.691848
0.783874,449,1690.6207
1.533199,74,1690.779316
-0.002103,94,1690.974439
100.564752,44,1691.06659
3.602017,66,1691.202507
0.787314,70,1691.344207
4.249457,64,1702.938387
2.550045,72,1703.080543
1.334193,95,1703.269512
100.620831,87,1703.44529
5.90128,63,1703.567735
100.44797,123,1703.830561
4.085607,70,1703.970577
102.160365,76,1704.122636
101.969565,59,1704.241135
101.2931,84,1704.402918
3.975383,68,1704.538435
4.108887,65,1704.670555
4.283528,68,1704.804463
3.104407,64,1704.930285
0.290023,77,1705.083515
105.490275,68,1705.219378
1.768376,89,1705.396096
-0.654761,84,1705.585065
1.587374,65,1705.713458
3.281853,66,1705.841786
-0.141371,1000,1719.156552
5.06483,68,1719.291925
3.296265,66,1719.427195
4.125813,76,1719.5807
101.31094,102,1719.788797
-0.180431,104,1719.995025
4.638475,69,1720.135258
3.971825,68,1720.273314
101.286228,74,1720.420361
2.897692,85,1720.595128
102.979591,68,1720.733619
4.19369,101,1720.938777
105.906231,76,1721.091188
3.712907,64,1721.221972
2.483057,69,1721.361171
5.038701,77,1721.51422
1.132536,75,1721.664054
0.306937,94,1721.865704
4.725645,75,1722.013644
100.502251,86,1722.17653
101.681469,72,1722.316621
3.857909,64,1733.688855
2.111973,81,1733.85002
104.99463,67,1733.98126
3.904091,66,1734.11475
3.877849,67,1734.243676
1.90388,71,1734.386386
104.794266,68,1734.518327
2.983482,67,1734.65232
2.874103,77,1734.809387
4.698679,69,1734.95131
2.701268,76,1735.103643
1.447769,69,1735.255103
0.583737,102,1735.455032
3.378854,63,1735.579147
3.351343,65,1735.708896
4.450024,72,1735.852493
4.607647,63,1735.980149
3.884759,63,1736.099659
4.446898,65,1736.231654
0.373339,81,1736.407779
3.648348,67,1736.543271
1.143247,1000,1749.91239
1.00077,69,1750.052214
1.574932,72,1750.193135
104.530333,58,1750.312902
4.473338,65,1750.442866
-0.195513,104,1750.654912
100.975439,78,1750.828803
1.696903,72,1750.973706
0.753424,95,1751.166622
101.092227,63,1751.289911
101.010788,83,1751.455269
1.708578,71,1751.599364
4.733007,77,1751.758171
4.70184,87,1751.939633
3.925284,75,1752.109566
5.382697,63,1752.236691
101.491576,69,1752.373385
1.472731,70,1752.514659
2.941242,68,1752.650931
2.821505,68,1752.78756
4.511181,68,1752.923619
4.497231,64,1753.051799
4.12069,66,1753.18207
0.70796,99,1764.702253
2.855685,65,1764.831588
101.401373,68,1764.968476
2.929695,63,1765.091458
3.752098,70,1765.230846
101.069933,64,1765.359056
3.798888,131,1765.617901
-0.141607,116,1765.852247
0.28948,78,1766.005361
2.199229,64,1766.131714
-0.72745,176,1766.484843
2.903076,65,1766.626388
1.922666,73,1766.771153
4.17486,63,1766.893699
0.585474,72,1767.035181
2.492309,62,1767.157673
4.965756,63,1767.282241
3.42836,64,1767.408315
2.738808,78,1767.559687
1.58069,68,1767.693356
3.254466,72,1767.847984
3.027183,72,1767.992301
2.932244,64,1768.116671
0.412914,71,1768.257526
1.393932,70,1768.401799
100.951751,56,1768.509799
2.076872,78,1768.663499
4.509198,63,1780.117802
101.56051,40,1780.217597
0.825155,133,1780.482838
1.310416,82,1780.648471
-0.788462,111,1780.870725
3.224364,67,1781.005304
2.491799,70,1781.147314
2.096528,75,1781.301514
0.322531,86,1781.477144
1.496995,75,1781.630338
0.448549,71,1781.777411
104.201122,67,1781.914734
2.733856,68,1782.054313
4.479903,70,1782.19607
4.345178,63,1782.326385
1.143277,84,1782.49677
100.609097,83,1782.661094
3.145967,63,1782.793698
0.41982,77,1782.950194
1.493386,83,1783.117647
2.074837,64,1783.246186
2.256479,71,1783.386356
1.218002,79,1783.540334
3.909642,63,1783.66238
2.993942,89,1783.843088
1.43871,91,1784.024288
1.266808,69,1784.159986
3.802637,70,1795.650092
0.945801,70,1795.787306
2.529769,81,1795.945078
1.332284,69,1796.079694
0.946138,67,1796.212462
4.58942,70,1796.345502
1.338738,80,1796.502745
4.961137,73,1796.653369
-0.47511,222,1797.133257
1.515877,94,1797.341063
4.153766,76,1797.504562
-0.339791,119,1797.752208
3.943221,65,1797.880024
2.714918,71,1798.030039
3.973557,65,1798.161304
3.902525,66,1798.30969
3.070162,63,1798.436373
2.576684,76,1798.593826
3.579366,101,1798.804321
4.760926,63,1798.929643
0.053181,114,1799.165591
4.451118,65,1799.291084
-0.803858,132,1799.548156
1.913313,69,1799.68656
2.958646,65,1811.203853
101.143868,81,1811.363104
1.614101,69,1811.500033
0.99655,70,1811.644991
0.834981,91,1811.836454
2.424537,71,1811.975136
1.562763,69,1812.116767
1.672473,79,1812.28416
1.26454,69,1812.424533
-2.485776,130,1812.702611
4.571821,64,1812.831955
101.304833,82,1813.003864
-0.712448,85,1813.175532
2.842869,81,1813.340206
1.211825,80,1813.504517
105.001013,62,1813.623815
5.278767,88,1813.808435
0.976184,102,1814.026111
102.652396,76,1814.178659
1.635756,83,1814.344475
101.771859,48,1814.439545
100.77565,116,1814.673869
1.463357,70,1814.814959
3.971374,64,1814.942018
3.093986,66,1815.073202
1.858338,95,1815.258132
1.179716,70,1826.955235
1.928986,68,1827.089008
103.83772,59,1827.207316
0.100388,82,1827.366537
100.829931,105,1827.582757
3.440948,67,1827.718344
1.911037,94,1827.920533
4.516442,77,1828.091132
-2.13082,184,1828.449332
100.69414,47,1828.544941
2.84752,65,1828.673942
1.54499,65,1828.801512
3.475056,74,1828.945712
5.44863,82,1829.103108
0.367457,94,1829.284131
1.535568,95,1829.471532
3.336538,66,1829.598564
101.581143,92,1829.777168
4.484553,72,1829.916761
3.771167,77,1830.087094
103.768284,73,1830.227639
-0.745891,165,1830.552327
3.019427,75,1830.69706
3.156057,64,1830.823872
4.429129,75,1842.239283
101.191009,71,1842.378145
2.980035,63,1842.498351
4.434088,62,1842.617114
0.01244,90,1842.791658
100.788268,94,1842.97746
4.297732,63,1843.110799
101.396791,53,1843.224749
2.037851,66,1843.358481
1.108581,68,1843.48999
0.886163,116,1843.719352
1.123865,87,1843.892428
4.465765,62,1844.014607
4.883091,79,1844.174118
2.157608,67,1844.31078
4.227107,85,1844.483801
4.67164,66,1844.617691
2.471934,69,1844.754544
4.087284,68,1844.895191
3.588818,64,1845.023846
1.661679,70,1845.182514
3.935054,64,1845.31137
2.891608,71,1845.452204
1.141408,120,1845.69359
5.610141,65,1845.82533
2.870779,67,1845.958268
3.737622,89,1846.138058
4.684015,64,1846.266583
1.704272,74,1857.713271
3.499981,64,1857.843036
0.797047,118,1858.086932
104.629356,79,1858.242998
6.133921,85,1858.411155
102.880144,55,1858.530091
1.131268,91,1858.714832
100.418678,73,1858.859329
0.083651,89,1859.059829
4.726023,64,1859.190748
4.750001,76,1859.345189
100.962822,67,1859.482298
4.543982,63,1859.607755
2.54456,66,1859.739843
100.523417,48,1859.838153
3.978049,64,1859.967636
2.13061,69,1860.110791
4.333979,64,1860.239121
2.393199,62,1860.382035
101.496582,93,1860.572389
3.262353,69,1860.713025
3.031611,86,1860.892063
0.581834,96,1861.085797
100.387599,40,1861.163373
101.361189,56,1861.277458
-0.213202,1000,1874.614338
1.811029,70,1874.758316
101.701349,75,1874.911
3.748855,108,1875.131814
3.996479,66,1875.262567
4.833117,64,1875.389917
3.243372,65,1875.520215
2.535043,64,1875.647084
5.00923,63,1875.784778
3.367257,74,1875.934527
3.481741,61,1876.059752
1.140893,73,1876.205643
4.194228,63,1876.332991
100.831243,98,1876.529971
101.851697,44,1876.61728
5.136335,63,1876.74222
4.620549,70,1876.881292
1.638543,91,1877.061747
3.908384,64,1877.190574
3.81288,68,1888.703131
0.254321,86,1888.876394
3.312897,67,1889.010478
101.981109,61,1889.131499
105.106016,71,1889.272006
2.064501,72,1889.432615
0.71692,171,1889.787106
100.989147,83,1889.956687
101.162706,76,1890.11062
0.932985,72,1890.261502
102.870046,63,1890.389075
0.537796,1000,1892.410257
2.345713,69,1892.548231
3.455051,63,1892.676599
105.250169,78,1904.161951
1.629546,78,1904.318876
3.285438,62,1904.443011
-0.550435,91,1904.622364
2.694161,67,1904.755529
4.911745,68,1904.889549
2.79768,75,1905.051473
5.244129,65,1905.190219
1.172621,94,1905.373351
0.581414,82,1905.534901
0.277778,177,1905.885412
-1.05006,88,1906.058123
0.858208,85,1906.22849
101.715549,73,1906.373411
3.783946,62,1906.503127
100.688615,78,1906.676968
100.957234,52,1906.782856
4.412428,76,1906.940546
100.786487,74,1907.091884
1.360853,71,1907.239098
0.978745,99,1907.440727
-0.564401,96,1907.635205
1.231999,85,1907.804776
5.216713,69,1907.958762
3.501219,78,1908.118594
0.751693,154,1919.963495
0.326976,1000,1921.958807
4.007703,63,1922.085862
1.401763,72,1922.225298
4.227417,63,1922.350604
5.515412,63,1922.480335
3.094026,66,1922.609989
3.064707,71,1922.752987
2.834681,69,1922.893194
104.003046,64,1923.024088
0.928219,88,1923.199282
4.125311,69,1923.336766
1.671443,76,1923.489185
3.221313,74,1923.637
2.838786,109,1923.854126
2.994914,81,1935.740957
2.924065,69,1935.887359
101.908037,72,1936.049227
2.923035,63,1936.219303
0.052051,90,1936.415739
3.877778,65,1936.552751
0.933834,100,1936.752062
3.669654,73,1936.901476
4.540751,68,1937.039889
4.289233,65,1937.179146
3.668579,69,1937.327298
0.436473,120,1937.600122
3.605937,86,1937.770741
5.520757,73,1937.912036
4.574308,73,1938.066916
1.079146,76,1938.236825
4.114787,65,1938.38604
3.292563,73,1938.547385
-0.449399,115,1938.81057
3.735659,65,1938.947489
103.423526,63,1939.081732
3.351234,68,1939.224055
5.364699,69,1939.373888
3.864318,129,1939.644416
2.243004,79,1939.81257
1.785187,89,1939.999645
3.782714,66,1951.884894
0.628961,78,1952.058627
4.630781,65,1952.195075
4.180203,91,1952.378986
-0.537217,98,1952.57784
101.212822,75,1952.728662
2.323779,79,1952.886866
101.622863,61,1953.008789
4.494064,63,1953.133794
4.135767,65,1953.268195
2.383728,76,1953.438171
0.979685,71,1953.595636
2.552379,69,1953.737557
2.156638,79,1953.893162
100.860056,70,1954.031842
4.285014,62,1954.157194
3.542124,65,1954.285052
4.579837,63,1954.411076
2.791189,68,1954.547882
4.113577,65,1954.674523
3.641035,67,1954.808702
2.193878,78,1954.984706
-0.013489,89,1955.167222
2.345607,61,1955.287168
3.859981,86,1955.456278
4.905651,73,1955.59885
3.445065,66,1955.732775
-0.37928,88,1955.908224
5.008264,63,1967.443377
2.169152,69,1967.579598
101.517369,101,1967.780001
1.597589,71,1967.924052
3.107127,73,1968.072593
1.874473,70,1968.208496
2.215457,68,1968.345847
1.321219,89,1968.531071
0.662215,117,1968.75837
2.590784,70,1968.894135
4.662474,67,1969.043053
1.594544,91,1969.225847
4.811169,84,1969.399076
4.392496,64,1969.534932
5.470665,69,1969.678268
100.495962,573,1970.827146
101.344577,56,1970.936969
0.0612,166,1971.255936
101.959604,61,1971.374143
5.225274,65,1982.779885
4.617298,61,1982.896244
3.256913,63,1983.016117
2.784349,68,1983.149351
4.618349,68,1983.284564
100.978602,83,1983.45054
2.292961,71,1983.591801
1.483682,96,1983.774719
3.814375,68,1983.909831
5.477436,63,1984.031551
-1.22518,93,1984.213861
4.580765,78,1984.382451
4.249025,66,1984.516246
103.696979,67,1984.652072
100.534947,117,1984.8807
1.53274,81,1985.035693
4.307194,77,1985.187987
1.426223,82,1985.349261
0.021347,107,1985.559893
1.9039,67,1985.693206
102.925142,76,1985.846244
0.872131,84,1986.033792
2.371083,82,1986.197327
3.668439,67,1986.329401
2.877498,67,1986.459411
3.386181,79,1986.612526
-0.836348,137,1998.397709
2.390397,69,1998.535242
101.67262,63,1998.663481
100.43765,106,1998.871642
2.006317,71,1999.010718
1.874014,71,1999.149759
1.33909,83,1999.318346
3.990791,69,1999.460235
2.498627,66,1999.591864
101.617032,95,1999.783139
1.078739,84,1999.95503
4.574986,66,2000.089757
4.85893,63,2000.217572
100.876216,79,2000.375416
3.384445,68,2000.512187
1.58198,127,2000.766574
1.310659,73,2000.912482
5.850612,65,2001.059083
2.535323,69,2001.195072
5.286938,68,2001.330249
3.064929,69,2001.466521
1.024803,88,2001.644342
105.238566,64,2001.772193
1.151658,70,2001.924287
101.883033,57,2002.042239
101.405251,105,2002.253318
4.46365,64,2002.386117
1.482792,97,2013.900616
1.600349,63,2014.02912
0.557552,75,2014.180459
5.054567,77,2014.339576
-0.352652,108,2014.567597
2.812227,94,2014.760821
1.14735,80,2014.92462
1.342968,84,2015.090177
-0.762174,93,2015.275791
5.605086,63,2015.406287
103.200634,51,2015.506564
2.629905,78,2015.664114
3.345235,64,2015.789762
2.679655,73,2015.941696
4.522583,61,2016.063056
0.662391,1000,2029.560882
4.69204,67,2029.6959
3.990968,65,2029.825277
101.230396,63,2029.952796
1.99453,69,2030.091499
4.34582,62,2030.213679
-0.121443,78,2030.367977
-0.061022,1000,2032.386585
1.774308,80,2032.546342
3.851468,66,2032.678648
4.423104,93,2032.865465
4.137341,63,2032.997316
3.290558,64,2033.126063
3.883207,64,2033.255095
1.373163,89,2033.433464
2.076964,74,2044.838809
3.145846,73,2045.000262
102.311926,49,2045.096994
4.713735,62,2045.221547
4.704005,84,2045.391219
0.226617,81,2045.552337
2.856862,65,2045.681847
1.933616,71,2045.820048
4.516006,71,2045.964325
5.145783,75,2046.117147
4.693664,86,2046.287833
4.297288,64,2046.415649
1.15489,68,2046.551394
-2.412877,106,2046.766389
2.247526,69,2046.905889
4.154964,88,2047.08303
4.009563,75,2047.234565
103.58709,66,2047.366799
4.327023,66,2047.505587
3.801238,66,2047.640947
4.825215,64,2047.775697
2.87173,69,2047.917865
3.693966,100,2048.118773
2.116871,66,2048.25262
1.572127,71,2048.397885
2.976685,68,2048.536848
1.206567,85,2048.720153
4.532216,63,2048.844138
101.668722,81,2060.302702
100.918432,83,2060.483112
3.747864,100,2060.682232
4.635586,65,2060.81412
1.008294,121,2061.062174
2.484139,80,2061.231511
0.924662,72,2061.376134
3.240371,83,2061.541183
-0.757409,193,2061.927459
102.40811,74,2062.073759
2.948369,69,2062.215668
2.636465,68,2062.352381
2.167752,84,2062.52392
101.430318,50,2062.625711
5.143959,63,2062.754455
3.320157,71,2062.899517
0.577431,75,2063.051708
0.704783,204,2063.461744
1.259615,87,2063.634143
0.535682,73,2063.778203
4.707936,63,2063.901853
1.408813,87,2064.073469
5.032692,87,2064.246185
101.746582,63,2064.372224
4.030424,61,2075.909081
4.656014,63,2076.032122
103.100736,66,2076.160397
3.994499,115,2076.392349
5.259564,65,2076.527654
4.436685,64,2076.655958
2.807831,68,2076.790727
5.048363,68,2076.927578
4.174545,85,2077.095661
0.817179,72,2077.240219
2.760775,66,2077.385114
104.053276,59,2077.501359
100.45076,71,2077.644587
1.919185,82,2077.803267
0.953551,95,2077.995997
5.390737,66,2078.130878
102.081935,61,2078.254701
4.019266,68,2078.390891
104.719636,59,2078.508013
3.763147,73,2078.652079
102.825951,50,2078.766154
0.792035,70,2078.905848
101.468543,67,2079.039807
4.41919,67,2079.175599
100.940245,91,2079.356145
101.00346,30,2079.416684
102.213519,69,2079.558721
3.86563,63,2079.685496
0.379082,81,2079.849813
101.255292,77,2091.411137
1.439614,96,2091.605271
100.307586,76,2091.757227
101.446684,81,2091.916982
101.63148,105,2092.130782
1.080832,90,2092.309904
4.277066,63,2092.442959
4.975586,75,2092.591176
1.153399,76,2092.740282
4.377014,70,2092.879682
1.963558,63,2093.024808
3.136192,66,2093.158975
2.108174,67,2093.290797
100.506045,51,2093.390269
4.345689,70,2093.531043
2.054798,77,2093.685136
101.092166,46,2093.780093
1.495367,69,2093.918936
102.291103,60,2094.042644
101.50485,55,2094.150464
3.496429,69,2094.290167
3.081817,78,2094.446812
2.111486,66,2094.600779
0.488793,87,2094.776313
4.852668,73,2094.921356
3.934862,81,2095.089604
2.948607,79,2095.243037
1.928267,83,2095.406273
3.859093,74,2106.906516
101.504115,44,2107.012083
4.419445,64,2107.141283
103.200057,56,2107.249246
3.818409,64,2107.375621
4.048354,64,2107.504973
101.726399,60,2107.623767
0.678233,96,2107.813402
3.755524,64,2107.944172
4.691908,84,2108.119525
3.719109,80,2108.282107
0.366178,79,2108.44254
0.035427,93,2108.630466
2.063908,65,2108.764064
3.105059,83,2108.928523
100.442745,59,2109.045832
101.474453,49,2109.143924
4.057165,64,2109.268318
102.04649,71,2109.405228
1.840237,67,2109.536531
5.063845,63,2109.65838
2.572226,68,2109.795303
2.977551,62,2109.916353
2.770082,79,2110.071049
4.259336,86,2110.241416
3.975922,70,2110.380715
102.530865,60,2110.49932
101.601597,93,2110.684608
4.434588,64,2110.808744
0.183786,80,2122.267567
-0.449091,144,2122.560905
0.453907,87,2122.735201
4.887955,62,2122.861421
4.609653,64,2122.989969
-0.14544,198,2123.395063
2.569707,66,2123.53984
0.36194,78,2123.695062
2.470419,65,2123.826587
4.278379,63,2123.954362
0.684749,71,2124.099933
4.224938,73,2124.24073
103.445343,53,2124.343879
4.63145,70,2124.480863
2.250996,64,2124.60272
1.289698,78,2124.75901
0.15755,1000,2137.960644
100.369426,78,2138.108899
101.766826,74,2138.248922
1.387037,84,2138.408077
1.585606,72,2138.546171
1.246329,73,2138.690438
3.612485,65,2138.817957
2.045647,90,2138.997863
0.314998,82,2139.161976
4.993231,89,2139.347023
0.884178,75,2139.509166
1.423194,101,2139.721333
3.745057,63,2139.848406
4.027413,88,2140.030243
101.248777,66,2140.164974
3.487007,65,2140.298754
3.796708,64,2140.430686
101.005464,72,2140.575325
3.68815,64,2140.702973
3.545932,65,2140.842547
2.255369,67,2140.98555
5.064773,63,2141.116595
3.299789,66,2141.251264
-0.040563,76,2141.406336
0.78472,73,2141.555144
1.169136,71,2141.703706
1.304058,103,2153.234542
1.91144,78,2153.390423
2.131848,68,2153.525784
101.972822,72,2153.665998
3.210396,81,2153.824429
1.837622,72,2153.964783
3.857389,66,2154.096761
4.951279,63,2154.221244
100.929655,72,2154.361121
0.607633,336,2155.008381
101.734028,97,2155.20173
4.296239,84,2155.364078
3.485128,66,2155.49611
100.568548,70,2155.634622
102.11354,80,2155.791785
4.714688,65,2155.922376
1.056117,82,2156.087538
100.255986,46,2156.179235
2.176721,84,2156.346271
3.33767,78,2156.509699
1.28391,74,2156.653791
1.841543,74,2156.804497
102.354354,66,2156.93833
1.067764,78,2157.090794
4.544083,63,2168.487666
4.656436,82,2168.649833
1.000885,70,2168.78707
2.57671,93,2168.970076
105.872188,67,2169.103357
-0.58474,166,2169.436399
3.546005,64,2169.56632
4.006396,72,2169.714081
4.06195,64,2169.844414
2.891283,67,2169.98065
2.901366,69,2170.119504
5.081146,73,2170.274064
3.812346,66,2170.412054
5.180051,67,2170.544383
100.11789,54,2170.647196
2.842428,97,2170.842071
0.215249,1000,2184.122059
2.348332,84,2184.284146
3.088697,80,2184.447427
100.726729,51,2184.550152
4.062101,67,2184.682835
3.695363,65,2184.813468
103.185492,79,2184.967926
3.961659,76,2185.119267
-0.43578,86,2185.305103
2.980205,72,2185.448863
105.616064,68,2185.584927
1.298122,180,2185.954563
-0.229672,84,2186.12272
-0.854418,105,2186.330101
105.451043,66,2186.477535
3.822947,66,2186.613944
100.587101,70,2186.758899
5.630995,63,2186.883793
0.434979,91,2187.070232
3.676781,65,2187.20204
101.589745,44,2187.294219
102.248524,69,2187.432975
1.166036,108,2187.641374
3.907033,64,2187.770359
3.657614,85,2199.281894
2.335709,79,2199.441593
2.717074,71,2199.585008
5.093463,69,2199.725597
2.339328,69,2199.862437
-0.02092,197,2200.259271
3.249811,63,2200.389391
4.09181,63,2200.521429
4.152705,63,2200.648813
1.446604,93,2200.845187
3.847961,67,2200.985105
3.95835,61,2201.105969
1.645385,75,2201.261766
5.060146,71,2201.406797
3.346427,86,2201.590607
2.83522,63,2201.746091
4.331035,62,2201.87817
-0.939097,98,2202.096562
1.981615,96,2202.294107
3.870191,67,2202.429914
1.427468,72,2202.574202
0.745088,157,2202.890893
3.07191,64,2203.020522
101.579671,84,2203.189503
3.137264,71,2203.334266
101.125132,90,2214.982643
4.561998,61,2215.103818
2.103716,81,2215.26614
1.887326,72,2215.413368
-0.743118,97,2215.619987
4.581754,80,2215.790166
4.633804,70,2215.937126
4.697401,66,2216.080231
3.986509,115,2216.309959
103.601599,65,2216.438983
102.624703,60,2216.556875
102.653067,67,2216.687502
4.240299,64,2216.814918
101.328977,129,2217.067578
1.178285,73,2217.209287
0.79234,108,2217.433721
0.291748,109,2217.639244
2.363758,73,2217.781652
2.756036,71,2217.920449
3.574156,78,2218.067896
1.84264,69,2218.204969
2.848012,66,2218.335622
-0.213506,1000,2231.759695
1.771343,79,2231.919104
101.161221,88,2232.099953
-0.153754,1000,2234.146364
3.498471,77,2234.303001
0.795267,84,2234.474227
4.49083,61,2234.622825
3.959263,81,2246.262584
101.200505,75,2246.408264
0.676476,93,2246.588673
0.515636,76,2246.743574
2.13867,71,2246.885521
4.352992,63,2247.020329
1.470763,92,2247.202581
-2.589323,126,2247.456207
1.902556,71,2247.598364
2.279142,76,2247.749615
4.851582,75,2247.89689
101.907698,67,2248.028476
101.387613,59,2248.145024
2.09813,81,2248.330026
4.19349,81,2248.500122
5.21736,63,2248.631558
2.543837,69,2248.772968
101.453622,53,2248.878711
4.570104,64,2249.008942
4.547005,64,2249.13907
0.226941,90,2249.320667
4.709553,67,2249.456474
5.408478,69,2249.59612
0.92409,93,2249.783413
2.284993,81,2249.953237
2.558191,82,2250.119831
-0.335145,105,2261.702116
1.50001,92,2261.891321
3.629684,63,2262.014746
1.101843,106,2262.241677
2.512464,68,2262.374089
1.305979,73,2262.521692
4.664852,68,2262.661562
4.451055,78,2262.816998
4.716368,71,2262.960913
-0.384576,91,2263.143194
4.237559,61,2263.26546
1.209531,82,2263.431649
4.009234,65,2263.564387
4.595688,65,2263.693627
1.576409,71,2263.834894
101.791329,72,2263.977842
1.820592,73,2264.12049
3.787878,70,2264.27536
101.469935,38,2264.351983
2.122484,74,2264.498972
4.735257,77,2264.645931
3.901978,63,2264.771535
3.963267,85,2264.940073
2.954113,75,2265.08868
100.684753,56,2265.198777
4.477309,63,2265.320694
2.213999,71,2265.463805
1.091109,71,2265.606386
1.573608,74,2265.754044
0.544307,71,2277.350006
1.598642,69,2277.491781
0.938907,72,2277.636293
4.732616,64,2277.763005
2.131471,100,2277.968088
-0.00022,82,2278.130067
3.84549,63,2278.258196
101.26925,57,2278.39168
101.289183,57,2278.502494
5.260704,88,2278.675162
5.077532,75,2278.824135
4.637572,70,2278.968397
5.803015,79,2279.121869
1.762448,75,2279.270185
0.69395,73,2279.435596
4.688846,69,2279.573552
103.031509,62,2279.691949
101.148771,69,2279.830732
101.373403,69,2279.964633
5.195813,76,2280.114636
2.395078,75,2280.259924
1.521474,89,2280.434726
101.987746,60,2280.554802
3.965431,78,2280.712748
0.879826,74,2280.85995
2.976673,65,2280.990415
3.600186,70,2281.130168
101.070713,47,2281.224422
3.249362,77,2292.661851
1.575187,94,2292.86968
101.282579,75,2293.018597
0.231366,1000,2295.001939
2.71834,63,2295.126586
1.661534,67,2295.267475
4.20768,63,2295.398622
3.738761,65,2295.532368
-0.585796,221,2295.967617
0.387916,152,2296.270013
2.086409,72,2296.411412
102.942334,60,2296.537384
3.184818,71,2296.678345
4.265601,65,2308.522715
-0.4524,1000,2310.558224
0.660676,139,2310.835047
-0.879151,99,2311.033757
0.383762,1000,2324.437966
1.848105,70,2324.572131
3.991771,82,2324.728808
2.470866,66,2324.861337
0.473909,92,2325.043897
4.359052,96,2325.232073
1.519728,97,2325.422335
100.52706,63,2325.54536
1.793637,89,2325.720133
101.40304,68,2325.856833
1.329228,83,2326.018236
102.03294,56,2326.127115
0.732713,77,2326.295449
3.048618,92,2326.489002
3.986745,67,2326.624376
100.818055,78,2326.78217
1.381867,141,2327.064595
4.587098,63,2327.191775
3.908,74,2327.34455
2.979031,78,2327.545366
2.316764,68,2327.724018
4.730371,63,2327.882435
4.145613,61,2328.002984
1.822014,68,2328.139331
-2.886467,121,2339.893231
-1.152002,100,2340.100408
3.969955,66,2340.239518
1.781156,69,2340.386048
101.565087,85,2340.562795
3.832824,91,2340.763769
4.804356,64,2340.89835
3.313406,62,2341.026784
100.968134,93,2341.218729
102.728608,71,2341.363112
2.754995,68,2341.50927
2.389189,64,2341.639981
3.054593,95,2341.833005
3.852028,61,2341.959709
103.341291,78,2342.117452
5.561476,62,2342.242899
-0.130787,1000,2355.71374
2.127217,70,2355.855693
100.967193,63,2355.983458
2.874572,67,2356.124118
4.885007,73,2356.272602
-0.798201,105,2356.495056
4.419321,64,2356.625583
1.979291,71,2356.769867
2.992495,65,2356.901116
100.945707,65,2357.03937
2.904024,66,2357.171937
-0.299024,76,2357.329457
2.802954,67,2357.469831
105.016385,60,2357.593813
4.909084,69,2357.733986
101.371074,61,2357.85779
1.380093,81,2358.028686
5.641291,63,2358.160078
1.197036,71,2358.308132
-0.543069,80,2358.47427
1.923474,72,2358.622246
4.625741,72,2358.772379
3.809854,67,2358.909131
3.467045,85,2359.089573
1.728066,63,2359.219919
2.749875,71,2359.368829
1.149232,77,2359.53721
2.385321,60,2371.046347
4.152453,83,2371.212875
2.023826,68,2371.347482
4.063475,76,2371.49929
3.458941,74,2371.650652
3.038802,69,2371.790085
2.841841,64,2371.915668
0.48832,78,2372.074543
1.795797,95,2372.280395
1.5225,71,2372.42317
0.632576,110,2372.646378
0.662145,82,2372.809355
101.920457,88,2372.976865
4.0004,65,2373.102873
101.02377,99,2373.297235
100.930881,42,2373.380533
-0.091001,75,2373.529749
4.455595,63,2373.654201
102.465714,46,2373.742947
1.983546,93,2373.923563
0.364601,85,2374.095521
4.722269,84,2374.258139
3.434175,64,2374.38372
1.525577,72,2374.526876
2.858763,66,2374.658868
0.232464,72,2374.80016
3.454169,65,2374.928791
-0.197726,90,2386.505491
4.940145,65,2386.646629
-0.485825,130,2386.903806
3.494399,66,2387.03157
2.192839,63,2387.156183
1.798653,81,2387.316702
1.092335,67,2387.449959
4.3767,64,2387.58318
101.724896,67,2387.72022
2.148986,75,2387.867486
102.543265,80,2388.034049
3.324134,72,2388.173057
0.609087,80,2388.331531
1.140761,70,2388.467988
101.045019,37,2388.538904
2.730372,72,2388.679951
2.886812,62,2388.802769
3.888316,68,2388.93991
1.618847,67,2389.073042
3.31565,70,2389.210571
1.609226,73,2389.349208
5.292654,87,2389.525674
2.317988,69,2389.667793
1.865559,66,2389.794425
1.358339,70,2389.930414
101.165976,63,2390.053666
5.346587,63,2390.182194
105.269358,62,2390.301558
4.910929,62,2390.424627
3.069368,63,2401.97474
0.84404,86,2402.140487
1.511075,84,2402.304528
1.759785,63,2402.428107
3.824089,65,2402.559383
101.874059,51,2402.662693
4.922904,60,2402.778985
3.992836,64,2402.906517
0.146486,83,2403.076367
1.649517,94,2403.26053
3.273333,90,2403.441943
1.537646,72,2403.600459
2.645972,84,2403.768408
0.191591,1000,2405.786241
101.226231,75,2405.934871
2.993349,68,2417.654109
4.284189,64,2417.797193
3.149591,61,2417.921528
5.465175,86,2418.092546
3.520487,67,2418.223156
3.010417,59,2418.34368
5.334752,66,2418.472497
1.444266,70,2418.611541
3.742801,96,2418.805695
100.740345,68,2418.939994
-0.420005,1000,2420.943263
0.57246,133,2421.218034
3.623527,61,2421.342162
3.846243,71,2421.484941
2.669126,69,2421.624741
0.922279,130,2433.156026
3.356772,66,2433.304168
101.260992,64,2433.433093
1.738185,92,2433.6194
4.691679,71,2433.762176
100.597235,39,2433.837477
1.292207,63,2433.967378
4.357201,68,2434.109052
4.775011,67,2434.243471
101.599059,89,2434.425326
2.859763,63,2434.554665
3.658953,64,2434.687088
2.69991,66,2434.819854
0.560792,1000,2436.828203
3.392817,65,2436.956894
2.090269,75,2437.107373
3.099235,62,2448.492094
4.225303,76,2448.639377
5.861549,84,2448.803707
101.504912,54,2448.910557
101.61263,66,2449.042567
101.335795,77,2449.193222
0.809447,125,2449.44501
3.895007,103,2449.652293
103.470221,67,2449.798334
2.532111,69,2449.933714
5.998922,68,2450.070203
3.469844,66,2450.201638
102.400935,74,2450.349489
2.084626,92,2450.534377
3.285977,75,2450.685346
3.373273,64,2450.81394
4.015065,64,2450.942778
101.887494,72,2451.08768
101.427224,81,2451.252038
3.378001,79,2451.419366
2.092731,69,2451.561602
2.192395,69,2451.704978
1.856595,71,2451.851737
2.160551,87,2452.033058
101.288642,88,2452.216611
2.645059,84,2452.395672
4.866719,79,2452.563272
0.469253,136,2464.10383
0.630865,69,2464.243393
100.610031,24,2464.290781
5.271297,64,2464.420928
3.762189,61,2464.547437
2.291252,67,2464.679888
2.236088,80,2464.843715
3.645974,71,2464.988639
1.465669,89,2465.169865
1.900346,70,2465.311588
3.723865,62,2465.436366
0.363801,73,2465.580811
-1.711233,135,2465.848517
4.109486,64,2465.973666
1.494845,97,2466.165673
103.410441,75,2466.318993
103.07391,61,2466.443844
3.61429,66,2466.57238
101.495851,56,2466.683388
1.893477,72,2466.825259
2.004328,70,2466.969775
101.753682,77,2467.124869
4.258243,70,2467.268411
2.696856,85,2467.440773
102.663461,78,2467.597059
3.556343,73,2467.743746
101.197906,48,2467.854062
2.239855,89,2479.296755
-0.088635,1000,2481.322254
4.173929,64,2481.451929
101.722445,68,2481.586469
2.997852,63,2481.707529
2.906474,66,2481.837833
0.942171,131,2482.114744
3.239887,80,2482.273939
2.363738,70,2482.414511
4.341739,71,2482.55321
1.795561,72,2482.69857
4.959002,66,2482.827706
1.586547,70,2482.966729
0.944195,73,2483.109594
2.181386,68,2483.244782
4.141464,78,2494.669153
1.302591,75,2494.818318
2.628658,68,2494.955849
1.411128,80,2495.120595
4.680942,74,2495.276454
1.622019,69,2495.417152
0.990026,129,2495.689163
4.894691,61,2495.812628
101.477855,41,2495.89371
0.871845,78,2496.046432
0.787569,75,2496.195269
3.195325,79,2496.352301
-0.135959,1000,2498.369435
100.35646,50,2498.46805
0.73423,87,2498.643506
3.966304,65,2498.776272
3.123542,67,2510.224874
2.357025,65,2510.35663
3.759186,67,2510.49379
100.867449,69,2510.633873
3.038844,93,2510.827833
2.278464,65,2510.956427
3.86271,62,2511.079772
3.084135,72,2511.230234
103.556393,71,2511.374654
2.74401,66,2511.508354
102.780241,70,2511.660703
2.68319,68,2511.799263
0.851748,65,2511.929699
104.319758,69,2512.066622
0.071667,1000,2514.087136
1.485504,94,2525.631128
-2.776989,136,2525.917715
2.954057,66,2526.051398
100.98098,72,2526.195515
103.281488,83,2526.364189
2.744479,70,2526.506531
4.650365,93,2526.696112
104.208873,67,2526.837585
5.992905,72,2526.984859
-2.407406,130,2527.251309
105.817308,68,2527.388231
5.242439,62,2527.515465
4.100806,69,2527.654104
1.686162,89,2527.833547
101.011373,60,2527.953533
4.714671,96,2528.150225
1.777254,76,2528.305245
101.471004,71,2528.449423
1.545164,73,2528.598391
1.88115,82,2528.76868
3.130601,63,2528.895226
101.315505,79,2529.053267
2.698179,75,2529.206131
-0.238323,94,2529.40297
2.183188,84,2529.573894
1.205956,75,2529.72312
101.685227,80,2541.263988
3.753596,87,2541.438555
1.846543,71,2541.578991
5.081361,75,2541.73047
1.376385,89,2541.926759
2.978978,69,2542.070323
4.755758,74,2542.218796
1.773186,69,2542.36191
2.654304,68,2542.499062
4.788702,63,2542.622982
4.094079,64,2542.749451
2.901587,83,2542.918517
2.29386,68,2543.05554
101.411122,80,2543.212535
3.145096,85,2543.378217
4.210319,64,2543.518571
100.748744,30,2543.577586
101.356915,51,2543.678057
103.665063,62,2543.797947
3.530867,65,2543.927595
3.895155,79,2544.084781
4.41919,69,2544.22298
2.386719,75,2544.384324
4.351262,60,2544.503425
100.834505,50,2544.604855
-1.059967,88,2544.780547
3.029556,65,2544.90901
4.203041,97,2545.116241
3.046528,86,2545.288933
4.605829,64,2556.652673
103.003208,69,2556.790298
103.686078,59,2556.920159
3.251592,65,2557.047778
4.866855,79,2557.203828
2.371397,69,2557.341421
3.461187,67,2557.475647
-0.482239,108,2557.691291
5.099013,84,2557.860401
102.140089,72,2558.004227
100.764697,83,2558.171416
2.116071,67,2558.303817
1.767221,70,2558.440212
101.093618,75,2558.588894
2.637779,79,2558.747376
-0.823743,88,2558.921073
0.652266,73,2559.070235
2.802082,59,2559.187646
102.000722,52,2559.290844
2.966471,66,2559.423096
4.22169,65,2559.559873
3.067203,75,2559.70996
103.742708,78,2559.867476
0.001347,475,2572.127283
103.073163,79,2572.289235
1.471727,72,2572.437063
4.345771,75,2572.58634
3.457349,66,2572.719004
1.4357,74,2572.867177
5.231989,62,2572.992109
3.64422,69,2573.148734
4.660672,61,2573.271309
101.596332,50,2573.37628
101.490711,74,2573.525178
2.515904,68,2573.664188
2.923439,66,2573.7929
3.109233,68,2573.931658
0.788796,81,2574.099027
2.74659,87,2574.294868
4.469728,91,2574.478588
103.448963,65,2574.607395
3.666928,65,2574.7356
1.918694,73,2574.879874
4.345751,62,2575.004503
101.010689,66,2575.139055
0.218174,85,2575.306739
0.975818,74,2575.454878
101.175125,73,2575.605213
3.351798,81,2575.780277
3.65765,66,2575.912904
1.781071,70,2576.051805
3.653311,82,2587.487565
4.560671,79,2587.657866
2.630311,73,2587.798786
103.888306,69,2587.937137
0.464477,76,2588.08851
1.024024,71,2588.227116
102.363236,64,2588.355668
3.549257,68,2588.491252
4.035988,64,2588.619425
100.623134,82,2588.781691
1.953811,88,2588.955136
4.15642,84,2589.121331
-0.815379,91,2589.308127
4.500795,63,2589.431243
100.776961,68,2589.565194
101.538048,54,2589.672786
3.628645,62,2589.798524
3.471718,69,2589.935309
4.341855,78,2590.093982
101.013591,164,2590.415592
1.808342,70,2590.552495
101.329023,81,2590.709969
2.613002,84,2590.877797
100.888551,76,2591.024957
3.216548,62,2591.152012
-1.041761,111,2591.371124
1.722218,70,2602.861447
2.151044,72,2603.011416
5.148189,63,2603.13953
5.87183,65,2603.270497
-0.057182,85,2603.444194
2.270671,97,2603.644638
1.765313,72,2603.78907
4.280032,65,2603.948827
2.797114,68,2604.086832
4.401772,65,2604.217051
1.539891,85,2604.388575
100.72555,87,2604.564326
2.824788,66,2604.698507
0.48135,73,2604.846657
1.82609,66,2604.980191
1.612247,79,2605.140781
2.884505,71,2605.286813
3.202985,85,2605.477316
0.562504,85,2605.648744
2.411536,61,2605.775215
4.180947,80,2605.93063
2.899773,85,2606.104088
0.975196,76,2606.257104
4.542594,62,2606.394878
2.808014,64,2606.526991
106.148753,75,2606.677897
0.805879,93,2606.864797
4.997655,61,2606.990965
3.864108,69,2618.466552
0.926944,80,2618.643142
3.834528,65,2618.771352
0.718679,81,2618.932039
100.875275,49,2619.032991
1.976455,76,2619.184626
0.697057,97,2619.376332
3.12566,81,2619.547952
4.105707,79,2619.708898
0.240311,97,2619.902182
3.707267,60,2620.026806
5.857477,70,2620.167277
2.980128,68,2620.304566
102.084986,68,2620.439058
1.3097,111,2620.662245
0.458213,86,2620.834359
0.568025,78,2620.985017
1.918547,69,2621.123652
101.709817,93,2621.313173
3.388512,62,2621.433993
0.072147,83,2621.602666
3.150139,65,2621.734682
0.980335,71,2621.875229
2.587381,73,2622.022214
101.251108,102,2622.219924
2.560551,69,2622.356046
1.602389,89,2633.939253
2.260933,71,2634.089871
3.57085,67,2634.232253
3.294431,74,2634.389872
101.102414,77,2634.556187
100.812617,85,2634.736073
101.401278,74,2634.890804
101.991435,59,2635.017974
2.493436,72,2635.170249
1.259381,70,2635.318383
4.399833,103,2635.531354
5.072605,59,2635.654125
-0.818793,102,2635.867313
4.835646,61,2635.991836
1.548845,86,2636.171341
102.666094,65,2636.318282
3.232558,72,2636.46754
1.804976,70,2636.618372
103.259152,70,2636.765424
3.993928,72,2636.916307
-0.626496,1000,2650.24178
2.044594,62,2650.368075
101.274185,76,2650.530086
101.741549,79,2650.693252
103.662582,69,2650.833646
1.393793,88,2651.012806
-2.046658,140,2651.305775
1.07707,236,2651.786202
105.78476,69,2651.927022
0.190513,1000,2665.447501
3.191831,81,2665.615962
2.188569,69,2665.760307
2.481802,65,2665.909975
4.394337,67,2666.04748
4.667852,63,2666.182513
0.776523,73,2666.335739
1.644384,90,2666.525764
103.920175,72,2666.671402
1.229867,74,2666.823212
4.582897,76,2666.976288
101.804699,57,2667.093565
3.480499,79,2667.254133
4.208381,70,2667.416705
4.551717,63,2667.545635
3.548567,83,2667.718788
2.171591,78,2667.881213
2.331243,59,2668.002013
0.969214,74,2668.151904
4.848635,61,2668.274554
0.133233,85,2668.449204
101.300008,90,2668.636012
3.385278,62,2668.763884
3.119282,83,2668.932392
103.987147,55,2669.047289
2.391343,72,2669.196854
2.007234,70,2669.341647
100.88137,77,2680.733006
-0.361275,84,2680.901917
3.63289,65,2681.03577
101.383871,85,2681.209578
1.367873,77,2681.369983
4.253393,62,2681.498085
-0.26377,85,2681.674516
1.043518,86,2681.84552
105.174558,65,2681.973392
4.555996,64,2682.101818
0.414216,85,2682.270044
0.429203,73,2682.411939
101.958866,75,2682.577204
5.448354,91,2682.759745
-0.261366,78,2682.913462
2.704286,69,2683.05189
1.969637,77,2683.205796
2.886581,61,2683.330621
2.063293,72,2683.470623
2.979651,69,2683.605204
2.280685,69,2683.740869
0.228028,100,2683.936925
4.639699,87,2684.107117
2.929062,70,2684.243204
2.312286,71,2684.383528
1.382243,93,2684.561413
3.431461,59,2684.692568
3.621934,64,2696.055755
103.398501,61,2696.180025
1.656231,93,2696.368664
-1.749308,95,2696.564716
104.133695,70,2696.727381
0.989526,77,2696.889241
1.331765,75,2697.04229
4.031898,71,2697.192557
101.281972,165,2697.538523
0.775515,88,2697.718167
1.99631,97,2697.917586
1.763205,74,2698.076424
0.833692,149,2698.398349
5.228738,87,2698.567512
101.480385,50,2698.666282
3.188761,63,2698.792521
5.623046,145,2699.078814
2.393725,64,2699.20227
2.904251,93,2699.381734
-2.385174,131,2699.632513
102.391746,72,2699.772133
2.93443,63,2699.897528
0.791095,77,2700.049127
2.339723,71,2711.450359
-0.062728,182,2711.805334
101.308112,71,2711.944633
2.031175,97,2712.158171
2.83527,81,2712.31846
5.270952,60,2712.442493
2.305539,60,2712.564644
4.488748,62,2712.685995
101.773841,119,2712.92903
102.301547,70,2713.068886
0.513919,87,2713.239033
3.192085,62,2713.356581
2.863636,67,2713.488388
2.95739,65,2713.616363
4.452546,64,2713.739365
4.654318,63,2713.863393
4.062464,71,2713.998204
2.513363,59,2714.113807
1.788071,82,2714.270204
4.402803,72,2714.411637
1.308395,72,2714.549987
102.574478,75,2714.697744
101.006207,71,2714.838942
4.31706,59,2714.950661
2.86177,63,2715.071274
4.727692,60,2715.186114
1.477314,79,2715.353101
-0.779782,91,2726.830089
104.91475,71,2726.977413
3.81708,71,2727.116645
4.507012,64,2727.245231
103.994364,60,2727.364913
0.58819,77,2727.519092
0.974728,74,2727.681948
4.143267,68,2727.827711
1.234747,84,2728.002784
1.738815,91,2728.193463
4.170655,83,2728.363604
2.020712,66,2728.499945
4.163201,60,2728.620856
1.946664,81,2728.788157
100.886035,76,2728.951959
102.258709,50,2729.047639
-0.568354,92,2729.225631
104.256869,60,2729.347103
2.42726,63,2729.47334
2.162911,62,2729.598036
3.270128,59,2729.710474
-0.647854,597,2730.899851
101.768531,72,2742.446715
4.853093,63,2742.577611
101.565824,66,2742.713803
3.502858,66,2742.843654
3.669848,70,2742.978253
3.7422,67,2743.11401
3.625871,84,2743.279003
4.131773,64,2743.409003
3.465865,72,2743.55251
4.394503,61,2743.673825
1.370912,92,2743.853805
101.981089,70,2743.989616
2.431887,69,2744.123404
2.417689,74,2744.272777
0.507317,77,2744.428269
3.159064,65,2744.565806
3.339724,66,2744.696901
3.079285,89,2744.870511
3.902699,84,2745.037934
102.681013,67,2745.173531
0.934671,85,2745.345079
2.326532,83,2745.513268
2.2885,72,2745.65401
5.427993,106,2745.863198
3.056615,66,2745.996174
2.050674,71,2746.13699
100.031817,47,2746.234725
101.677229,62,2746.363847
1.620267,74,2757.862781
5.222088,63,2757.989764
2.185427,69,2758.130823
0.601689,77,2758.286806
100.729547,73,2758.436394
0.44012,85,2758.61008
3.370707,60,2758.744607
104.15382,72,2758.893651
4.306076,65,2759.022895
0.665646,1000,2761.044009
3.278186,67,2761.194864
102.384805,70,2761.343669
0.986949,112,2761.574875
101.195629,194,2761.967702
-2.224245,99,2773.317049
100.380815,59,2773.43626
5.094643,75,2773.584228
1.543088,79,2773.741921
0.517442,107,2773.958599
3.675487,65,2774.085317
0.821511,74,2774.2273
3.629703,66,2774.352725
4.086352,72,2774.4888
4.451602,64,2774.612478
3.061176,70,2774.745742
4.450235,75,2774.891616
101.544775,94,2775.07498
5.028704,62,2775.197612
3.136698,68,2775.329872
-2.629557,959,2788.607911
100.831094,47,2788.703082
2.420259,75,2788.853641
101.50881,60,2788.972642
1.432489,67,2789.103966
1.231507,70,2789.240068
4.505891,69,2789.378035
4.228831,64,2789.504365
-2.617578,977,2791.424554
0.114252,86,2791.590816
0.643292,260,2792.108188
3.789079,62,2792.231977
4.861981,63,2792.369286
102.859637,68,2792.507777
-0.527437,309,2804.444272
5.028948,64,2804.577572
1.112142,77,2804.734787
100.997691,75,2804.883087
2.892946,66,2805.01233
4.953564,79,2805.172008
3.935818,69,2805.313628
100.996184,74,2805.465538
3.805647,67,2805.601397
3.41276,97,2805.80068
100.5918,85,2805.972593
4.450936,65,2806.10208
2.628545,72,2806.245477
3.010563,86,2806.416032
101.915001,70,2806.555598
102.170091,47,2806.649382
1.627774,83,2806.814337
5.234399,72,2806.959292
3.364388,66,2807.091145
102.837467,62,2807.212686
-0.357599,98,2807.401828
105.508436,77,2807.550426
3.658583,65,2807.684176
101.603459,62,2807.815003
1.942116,71,2807.961978
2.511705,66,2819.593808
2.853569,59,2819.714695
2.341005,70,2819.8568
2.140385,69,2819.996726
0.566221,83,2820.169625
4.021434,60,2820.295089
3.680736,67,2820.429738
105.182766,76,2820.588347
4.390894,61,2820.714732
1.689728,79,2820.872996
1.03126,1000,2822.942617
0.318452,215,2823.359164
102.271886,68,2823.493614
4.846562,63,2823.614114
2.968088,62,2834.956461
1.707828,69,2835.103243
100.843019,92,2835.277321
-0.600971,93,2835.458215
100.8564,54,2835.564449
2.65955,82,2835.723495
2.556891,70,2835.860305
101.296851,36,2835.93494
4.388671,69,2836.078537
4.712523,79,2836.233286
4.094386,68,2836.368187
1.441474,75,2836.516743
4.051296,64,2836.641356
4.62436,64,2836.767727
4.366094,77,2836.92457
1.213299,99,2837.12654
3.886339,63,2837.251691
101.774253,68,2837.386552
3.456713,59,2837.501939
4.431405,66,2837.638232
3.212124,70,2837.777388
2.151518,72,2837.921072
1.218653,70,2838.061745
3.1088,96,2838.262655
1.192599,73,2838.413334
3.946639,80,2838.577942
2.978796,69,2838.719971
3.524602,121,2838.996553
1.006613,87,2850.353821
-1.700192,130,2850.632534
102.523237,77,2850.785756
104.610616,71,2850.934133
3.069345,67,2851.073079
101.633981,93,2851.262334
4.783106,77,2851.421407
1.462054,87,2851.599033
-0.261693,83,2851.772161
0.48746,81,2851.93591
0.167945,95,2852.129649
0.635902,80,2852.290606
100.923815,88,2852.471614
1.37205,90,2852.652187
1.568182,75,2852.806851
2.734647,72,2852.969876
5.604427,73,2853.118728
4.142689,63,2853.243565
3.081023,68,2853.378627
4.459415,66,2853.51147
103.831019,69,2853.644282
2.986852,75,2853.787
100.86388,29,2853.84821
3.044148,75,2853.991534
101.008896,84,2854.157342
100.755189,68,2854.28759
0.710025,81,2865.877481
101.35586,70,2866.020164
100.448047,64,2866.146817
100.723581,114,2866.374343
5.333612,63,2866.516982
2.050025,74,2866.661204
2.076102,69,2866.796712
4.824291,63,2866.919276
2.08613,79,2867.075315
3.552811,66,2867.203526
100.815232,58,2867.313382
1.575246,74,2867.463291
4.835638,64,2867.588664
100.888506,87,2867.754153
3.3402,66,2867.929417
1.835429,68,2868.108579
5.311678,62,2868.256176
100.682059,59,2868.37276
5.159574,77,2868.522043
2.536386,62,2868.643067
4.580282,81,2868.801593
0.472851,85,2868.965759
3.927818,60,2869.082627
1.503117,90,2869.260114
0.667883,77,2869.410187
4.887778,65,2869.537873
1.914489,71,2869.676799
2.343212,78,2869.841549
100.426817,77,2870.005059
100.645566,88,2881.744684
3.497513,60,2881.863963
2.480058,96,2882.050658
0.448131,91,2882.242968
3.229,73,2882.387751
101.314714,71,2882.528467
-0.858929,91,2882.712673
4.485696,64,2882.843041
1.939932,88,2883.037087
3.82448,65,2883.171348
3.172954,68,2883.310056
1.259128,118,2883.556749
101.249036,51,2883.660289
4.407931,65,2883.790348
101.661498,79,2883.963303
4.306259,66,2884.095839
1.59569,67,2884.231609
3.798617,83,2884.401794
2.987166,64,2884.532781
1.406131,72,2884.678586
3.772652,127,2884.953376
103.70353,58,2885.074519
2.999669,67,2885.20892
3.434627,215,2885.647697
101.061939,88,2897.082248
-0.154169,72,2897.229694
2.733589,68,2897.367182
103.536582,64,2897.501219
101.05335,77,2897.669952
2.218488,80,2897.827272
100.451081,80,2897.982754
2.729677,90,2898.157411
101.319675,93,2898.340908
3.342514,61,2898.462763
103.285967,57,2898.571238
1.807087,73,2898.717598
101.573325,71,2898.856745
3.52221,61,2898.980225
1.34118,64,2899.105253
3.922416,65,2899.255293
104.145096,63,2899.377379
1.022122,62,2899.496868
0.705043,74,2899.640505
101.427389,63,2899.767146
101.003072,62,2899.889309
5.104254,65,2900.016762
4.472304,66,2900.143842
101.956329,71,2900.283348
2.897487,67,2900.417985
3.303412,66,2900.545901
4.649058,72,2900.687597
4.364463,67,2900.817206
-0.354651,128,2901.086397
4.338141,92,2912.530628
2.459897,69,2912.66831
0.94482,97,2912.870628
-0.087338,81,2913.035475
2.692302,98,2913.230136
103.193397,73,2913.37529
2.365731,65,2913.506496
0.704734,72,2913.648976
0.226161,78,2913.802768
4.09717,63,2913.926845
3.652854,67,2914.06357
2.288541,80,2914.226923
2.08743,72,2914.374587
1.741547,75,2914.530703
5.270978,65,2914.662648
3.173379,65,2914.794909
1.127053,71,2914.942916
104.514476,61,2915.077361
0.596206,120,2915.317792
103.354482,53,2915.421427
0.652099,78,2915.577468
2.670671,67,2915.709957
3.463773,69,2915.847509
102.4212,63,2915.969623
4.297629,65,2916.121797
1.834903,133,2916.384584
2.427839,76,2916.542481
0.49025,80,2927.923232
1.826329,72,2928.117928
2.988109,70,2928.280971
3.864278,69,2928.410706
1.974047,115,2928.637593
5.08973,83,2928.803475
1.137457,75,2928.952152
100.460007,48,2929.047716
101.264459,87,2929.209984
0.625837,74,2929.356966
0.922375,75,2929.505984
4.6101,64,2929.629682
102.361037,66,2929.759603
100.901642,32,2929.821753
100.1086,25,2929.870335
105.368256,72,2930.011694
0.568188,76,2930.160615
0.661022,85,2930.326474
101.291386,66,2930.45301
102.196241,70,2930.590165
2.730887,62,2930.709193
0.333789,124,2930.948512
2.985295,94,2931.129557
101.625295,68,2931.260005
101.165773,69,2931.40847
3.97877,71,2931.543234
3.182035,72,2931.682182
3.385638,71,2931.818369
101.267,88,2943.25509
4.373932,64,2943.3965
2.608636,66,2943.534363
4.179144,65,2943.665996
4.12338,65,2943.802691
-1.125692,110,2944.020318
4.609181,65,2944.145912
4.485727,64,2944.272396
4.126947,65,2944.397843
3.226114,67,2944.52955
1.889609,83,2944.692827
3.872789,60,2944.820675
103.395492,58,2944.93975
1.440955,142,2945.234967
4.789211,69,2945.377377
0.634342,78,2945.533937
1.528991,72,2945.683192
-0.490454,94,2945.884261
3.924101,68,2946.026413
1.532105,67,2946.164988
101.192113,59,2946.289873
101.522741,75,2946.44188
100.872968,75,2946.595584
100.631919,84,2946.767372
3.919528,68,2946.901945
0.230203,77,2947.054148
102.174579,58,2947.167761
0.025722,102,2958.537524
104.93864,84,2958.699056
2.283219,78,2958.861434
1.25957,75,2959.010792
101.979902,75,2959.161017
1.440829,72,2959.299097
101.397631,91,2959.479764
1.621067,62,2959.60067
4.363401,70,2959.744897
5.206665,66,2959.871652
101.555186,74,2960.016868
101.285738,96,2960.205556
3.377752,75,2960.351575
4.118236,93,2960.533046
104.443293,60,2960.652235
0.316973,85,2960.821141
0.405259,81,2960.995328
5.442979,66,2961.123819
100.839514,76,2961.270806
2.899504,60,2961.388693
4.36353,78,2961.538718
101.496475,80,2961.696774
101.386272,43,2961.778836
5.00069,63,2961.900901
100.49666,83,2962.065587
4.106663,67,2962.198268
1.479111,71,2962.33423
5.183754,61,2962.465056
2.211525,85,2973.91743
101.999324,66,2974.045347
3.458754,63,2974.168943
3.609635,64,2974.294384
4.135041,100,2974.486803
101.066679,74,2974.634517
0.380157,1000,2976.658964
1.077642,137,2976.929114
100.819317,46,2977.018857
4.030039,61,2977.147254
1.949057,86,2977.317873
2.84507,81,2977.478305
102.736407,76,2977.627436
2.491255,72,2977.766427
3.888223,69,2989.079129
1.541533,76,2989.245262
4.008197,67,2989.38242
0.590473,108,2989.601417
1.391929,82,2989.768084
102.414299,48,2989.867379
3.186198,62,2989.994334
5.235239,82,2990.157227
1.530102,71,2990.296829
1.143819,68,2990.429182
105.033696,61,2990.555255
3.565451,63,2990.686
2.097873,60,2990.811554
4.9892,63,2990.940496
1.233223,91,2991.121784
0.765106,143,2991.416416
-0.312566,100,2991.618902
3.086721,63,2991.747775
5.546249,87,2991.920328
3.60559,72,2992.064789
100.214803,62,2992.189234
103.233419,57,2992.300066
2.590715,65,2992.42427
0.331529,73,2992.565123
2.269109,76,2992.715261
6.079284,72,2992.860387
4.449887,64,2992.990471
100.892467,89,2993.171402
2.736364,64,3004.664191
2.885362,68,3004.800077
4.710787,69,3004.93635
0.991861,63,3005.059838
4.743157,74,3005.205306
0.263309,84,3005.37206
4.860063,83,3005.533351
1.075306,84,3005.697242
2.214268,82,3005.873044
2.740113,69,3006.010909
104.226239,63,3006.136182
2.069329,70,3006.272541
1.696024,72,3006.417237
101.901987,77,3006.569959
5.118335,63,3006.69367
4.174363,81,3006.856656
2.642961,80,3007.014914
4.217652,65,3007.144553
101.152635,79,3007.298022
102.776971,60,3007.417396
-0.457906,85,3007.587704
101.894506,86,3007.757211
5.652593,69,3007.890998
1.825104,68,3008.025983
2.926739,90,3008.219819
100.896043,62,3008.342891
2.993164,68,3008.481428
1.666357,88,3019.952536
0.39355,236,3020.413199
3.829849,114,3020.635834
3.539115,87,3020.808858
2.166377,78,3020.972937
4.442556,69,3021.116302
2.405829,66,3021.249545
100.43931,119,3021.490614
3.070228,75,3021.645651
5.189496,69,3021.789324
104.734243,67,3021.929462
3.400251,77,3022.084993
100.771838,53,3022.210215
3.97382,77,3022.360833
4.979929,67,3022.493026
2.409155,82,3022.654786
1.693432,81,3022.821467
1.707316,82,3022.984721
0.823394,74,3023.132251
105.422958,75,3023.276718
3.075015,77,3023.432241
4.453429,64,3023.56381
101.671472,95,3023.74874
4.466037,106,3023.955055
3.863384,64,3035.410829
1.478596,69,3035.549885
2.432429,62,3035.679303
5.603952,62,3035.808237
5.538524,63,3035.93823
105.26486,69,3036.080647
102.511307,75,3036.238931
4.59695,91,3036.4294
102.546245,72,3036.580924
1.711338,78,3036.753818
2.710586,63,3036.883686
103.610709,61,3037.004659
5.213217,66,3037.135315
3.922791,72,3037.278347
101.425392,81,3037.442902
1.254601,74,3037.587737
100.591522,69,3037.725103
2.531708,92,3037.904916
3.282563,68,3038.039373
0.399961,91,3038.220031
5.19717,68,3038.352674
5.734897,86,3038.526026
3.532656,61,3038.643712
2.9839,68,3038.779022
102.188082,68,3038.916996
101.713899,65,3039.065834
0.285217,180,3039.423046
3.892217,97,3050.984147
3.476355,76,3051.147821
103.776412,61,3051.272159
4.722564,65,3051.401631
3.853371,69,3051.549769
1.714171,79,3051.703986
-0.332414,299,3052.309099
3.281544,81,3052.476736
3.583418,73,3052.622287
1.514712,68,3052.760902
0.899266,77,3052.913745
3.459296,90,3053.093934
2.498403,74,3053.238816
3.443084,63,3053.360606
3.456517,65,3053.491588
4.888294,69,3053.630777
3.511461,66,3053.760874
3.119451,61,3053.881085
1.33959,70,3054.02402
3.493489,84,3054.189525
4.831332,73,3054.3321
102.562523,61,3054.454381
100.641222,82,3054.61396
102.664064,64,3054.73825
1.368218,109,3054.967509
100.893863,38,3066.212534
2.180503,72,3066.361636
4.560288,61,3066.487545
4.932926,66,3066.622048
3.85043,61,3066.76221
5.746012,71,3066.911482
1.908853,71,3067.059496
3.271302,99,3067.262217
3.5038,62,3067.395538
1.40083,98,3067.600248
2.841518,61,3067.72505
3.639712,67,3067.877283
3.880079,93,3068.074557
3.171039,72,3068.22396
4.395858,81,3068.390025
1.798969,88,3068.570569
4.550645,69,3068.703717
0.469036,98,3068.899838
3.527239,64,3069.024693
5.230569,84,3069.189385
103.813416,65,3069.318081
100.264524,657,3081.879019
-0.93982,253,3082.404147
1.63536,74,3082.559281
5.07476,85,3082.736811
101.393007,76,3082.90168
106.095133,65,3083.028236
105.308176,73,3083.168629
1.814797,62,3083.294571
2.866895,61,3083.41487
-0.32578,86,3083.581302
0.195056,82,3083.738599
104.977833,71,3083.878524
3.138424,73,3084.021542
0.731971,151,3084.324879
100.686219,54,3084.449869
-0.059723,82,3084.609238
1.582252,66,3084.736871
4.608713,64,3084.865142
3.195889,76,3085.013245
-2.053499,136,3085.286339
3.280042,70,3085.424691
2.785465,68,3085.557885
0.798737,68,3085.690142
0.625104,77,3097.12728
106.201076,64,3097.248388
3.328925,92,3097.431851
2.721333,67,3097.564082
4.706004,66,3097.696312
3.071665,61,3097.81524
104.530537,75,3097.961892
1.455858,81,3098.121194
3.09217,90,3098.295238
102.503757,77,3098.443598
1.988469,79,3098.600301
101.611612,97,3098.804171
106.064421,65,3098.930196
4.007718,86,3099.097063
4.256313,137,3099.363889
2.83327,69,3099.499008
101.835214,66,3099.632041
2.605823,65,3099.765879
0.268029,82,3099.924446
-1.607445,146,3100.239359
3.989708,76,3100.385722
4.975279,60,3100.502422
1.327595,83,3100.664007
1.990643,81,3100.825528
4.616172,66,3100.954217
101.18783,79,3112.42441
102.774568,47,3112.520724
-0.038566,185,3112.917612
4.167703,64,3113.047191
-2.2815,146,3113.356744
2.890568,61,3113.486875
2.062714,68,3113.631869
1.386664,83,3113.808823
-0.586516,126,3114.076233
3.537745,68,3114.216324
0.666466,87,3114.396478
4.913019,65,3114.533787
104.103083,58,3114.656621
1.544523,71,3114.800956
4.023196,77,3114.958557
101.064811,75,3115.116578
3.7717,74,3115.266333
4.147686,61,3115.392884
-1.704311,287,3115.981269
2.147211,70,3116.128165
-0.24496,137,3116.413056
101.940853,67,3116.550232
5.973425,81,3127.914675
2.261653,82,3128.081964
1.896336,61,3128.20629
100.649701,75,3128.362148
2.416966,72,3128.5208
101.060952,64,3128.65592
101.7105,64,3128.791434
2.420964,77,3128.952146
1.439373,74,3129.105583
4.507547,61,3129.233579
3.751922,60,3129.354994
102.930886,49,3129.453034
4.087151,67,3129.59332
103.911131,56,3129.711024
3.618847,103,3129.918068
101.581789,50,3130.031862
102.56228,74,3130.177903
1.751789,64,3130.307251
101.845305,77,3130.456867
0.355171,76,3130.60571
3.870252,70,3130.744432
0.601559,66,3130.892869
1.160758,103,3131.101053
-0.184254,486,3143.313257
4.951132,87,3143.493604
4.128485,65,3143.629651
4.013098,63,3143.761415
2.421598,72,3143.910006
3.50536,94,3144.106099
101.170404,171,3144.46221
2.25107,63,3144.584269
4.869579,61,3144.702153
1.752713,77,3144.853182
102.135339,80,3145.011369
2.429138,60,3145.137571
-0.248667,91,3145.322425
3.355519,65,3145.458825
2.828706,68,3145.600133
3.299221,76,3145.752344
5.275604,88,3145.935556
3.095045,60,3146.058886
1.583578,88,3146.249261
1.564536,73,3146.396586
100.214932,61,3146.523238
2.498886,89,3146.709205
3.960412,64,3146.844164
100.998938,68,3146.984922
3.15632,91,3147.185707
105.273384,72,3147.334606
2.749929,60,3147.456174
0.644529,82,3158.85971
0.908939,1000,3160.844786
2.764027,65,3160.978372
100.750377,96,3161.171179
100.946254,87,3161.346183
4.539174,67,3161.482181
1.454736,66,3161.616168
4.204858,64,3161.746814
4.86512,90,3161.931465
104.306497,59,3162.054223
0.164991,73,3162.204952
4.257882,67,3162.3439
4.688014,66,3162.480747
2.462083,80,3162.652842
0.250556,81,3162.826904
1.553373,86,3174.218352
5.014777,60,3174.34097
4.092962,90,3174.524159
0.519134,83,3174.706436
1.609082,72,3174.854008
3.720963,70,3174.987751
3.999131,65,3175.116318
2.52528,71,3175.261015
3.100893,67,3175.395728
0.876413,116,3175.623729
103.26326,76,3175.773254
-0.113856,110,3176.001431
100.965621,50,3176.110081
5.492743,165,3176.449189
5.229277,63,3176.573313
4.586683,86,3176.736758
104.114747,81,3176.893406
-0.328057,95,3177.080981
101.314564,72,3177.221851
100.996887,83,3177.384269
102.892949,64,3177.505749
3.604918,87,3177.67784
0.812035,1000,3191.085171
1.097433,1000,3193.18278
1.316489,104,3193.396339
0.882112,100,3193.598973
2.312507,58,3193.721772
3.084073,84,3205.099614
2.266356,74,3205.259772
100.448649,53,3205.363148
-0.197904,87,3205.536096
-1.323717,111,3205.758253
2.415022,72,3205.901848
0.701055,75,3206.053015
0.33003,105,3206.269222
4.969505,71,3206.413265
1.665971,68,3206.552357
4.456165,63,3206.683025
-0.875252,88,3206.867006
101.411122,44,3206.955129
2.737832,68,3207.097255
100.67513,98,3207.296524
1.745484,62,3207.421404
5.232915,67,3207.555332
4.894726,66,3207.693708
4.197847,64,3207.823858
3.710238,65,3207.975374
1.780925,60,3208.099951
5.904881,67,3208.239401
2.356935,78,3208.395289
1.556085,71,3208.5396
1.767506,75,3208.690902
2.34438,71,3208.838617
4.941126,89,3209.025962
4.802021,70,3209.16902
105.017124,71,3220.488393
102.057729,68,3220.631933
2.851357,93,3220.823989
4.181079,71,3220.972116
2.007655,78,3221.139565
102.445153,58,3221.258083
3.542967,87,3221.4424
1.448242,75,3221.598469
4.739861,60,3221.719101
3.498209,66,3221.856458
4.415671,90,3222.040336
0.980635,64,3222.169109
5.043722,64,3222.300483
3.159683,61,3222.42595
0.3848,75,3222.57995
0.490069,76,3222.733038
3.592947,81,3222.901959
2.521508,70,3223.046347
3.059382,68,3223.189501
100.316193,50,3223.288217
1.640152,81,3223.45081
2.808155,81,3223.611276
3.321533,66,3223.743596
101.871989,73,3223.886237
2.877925,66,3224.016303
5.621434,65,3224.142779
5.480771,66,3224.274701
2.071707,68,3224.412588
101.511602,97,3224.617877
101.789239,84,3236.000378
1.967067,65,3236.137872
5.183224,64,3236.281729
101.415706,78,3236.432859
103.277729,77,3236.585581
106.107739,103,3236.787024
1.595899,71,3236.930925
1.699288,71,3237.074368
1.78197,76,3237.218736
3.186753,73,3237.364136
103.206872,54,3237.472275
100.873539,79,3237.626281
101.264808,80,3237.784354
101.307733,74,3237.92768
6.041823,68,3238.0651
2.696921,102,3238.285126
2.219332,69,3238.426658
2.028201,71,3238.579223
2.181772,81,3238.74728
5.531412,97,3238.947276
3.139731,62,3239.080879
3.882291,64,3239.213307
4.886606,78,3239.377952
101.076582,85,3239.551747
2.898248,70,3239.698022
101.485178,99,3239.896464
4.728856,60,3240.015177
4.256026,76,3251.547571
103.112781,75,3251.698581
101.519799,66,3251.8328
5.099198,65,3251.962199
2.734264,90,3252.144459
2.915487,67,3252.284561
3.367721,84,3252.458013
2.882239,70,3252.610468
101.348876,61,3252.733741
-0.871951,85,3252.908361
102.946913,58,3253.030989
103.70567,55,3253.143766
-0.366022,1000,3255.128139
0.843498,296,3266.996848
4.314605,74,3267.143813
100.612494,56,3267.25573
0.525001,94,3267.4496
101.270728,78,3267.614249
1.430048,97,3267.825237
0.754025,99,3268.029336
101.449854,78,3268.191783
-1.189982,105,3268.410162
105.977913,78,3268.569525
3.911137,91,3268.7594
2.847147,77,3268.925541
4.733705,70,3269.080844
1.576296,75,3269.23364
5.468077,61,3269.358914
101.15155,80,3269.527033
0.645997,80,3269.692338
1.955949,71,3269.836043
0.955718,74,3269.984594
3.048001,82,3270.150686
101.634835,52,3270.254688
5.412741,91,3270.447958
1.53801,80,3270.628521
1.653671,77,3270.787476
3.711825,62,3270.917809
1.143772,65,3271.049899
100.475395,117,3282.561884
2.271676,70,3282.70693
4.507355,68,3282.846472
2.010829,65,3282.98163
-0.092738,90,3283.175217
3.598716,65,3283.308152
3.869699,65,3283.443132
0.898663,87,3283.622796
1.977695,76,3283.782637
101.620224,75,3283.933866
4.552802,66,3284.073826
-0.146787,99,3284.276862
104.142062,80,3284.443609
100.338288,59,3284.560208
2.617475,65,3284.69433
2.552105,91,3284.87882
3.998265,64,3285.004358
101.673499,57,3285.116578
100.901038,66,3285.245328
-0.599895,185,3285.602384
2.355256,68,3285.733949
3.073078,71,3285.870533
-0.399637,98,3286.082164
2.181937,59,3286.196537
1.589493,74,3286.339306
-0.490255,87,3297.788187
3.604803,65,3297.921386
100.318409,45,3298.015892
4.923875,82,3298.179528
0.585323,77,3298.335859
103.737413,78,3298.51205
5.401565,63,3298.643956
5.036599,71,3298.791538
0.590583,83,3298.959158
2.689243,63,3299.080118
2.810159,68,3299.211446
3.094944,68,3299.347566
0.731759,80,3299.513375
4.053886,91,3299.690945
4.655977,61,3299.809339
101.146167,69,3299.950076
4.441942,60,3300.069985
100.987513,30,3300.130328
4.250506,64,3300.258052
2.144785,70,3300.399502
104.395899,65,3300.528809
0.923511,96,3300.716521
101.320792,79,3300.875263
4.619445,71,3301.022018
1.390582,73,3301.167151
101.091339,90,3301.351788
4.226065,80,3301.515055
0.279856,73,3301.665801
1.622332,71,3301.81195
102.767872,48,3313.171107
4.134648,63,3313.293921
2.912021,77,3313.452011
-3.49096,123,3313.703201
3.797805,78,3313.862411
0.993802,78,3314.024469
1.100698,62,3314.148809
0.572747,83,3314.314618
-0.250599,107,3314.531631
2.627756,59,3314.66236
1.097351,65,3314.794599
-2.605766,143,3315.084404
-0.205123,180,3315.457557
4.929082,85,3315.634178
0.797787,213,3316.073864
-0.648675,101,3316.278903
4.508204,70,3316.422025
1.826962,80,3316.585854
4.003126,74,3316.737219
104.092425,74,3316.88957
2.777656,67,3317.026191
104.312709,72,3317.174114
3.580577,69,3317.323703
2.952275,69,3328.701806
3.067885,78,3328.874531
3.641122,66,3329.012625
4.946665,71,3329.158329
1.808265,88,3329.341014
2.735075,72,3329.484779
4.320407,70,3329.626568
3.21034,63,3329.759238
101.487444,74,3329.908508
3.40889,70,3330.055989
4.386028,70,3330.199306
4.465933,64,3330.336888
2.778317,78,3330.496531
2.768604,74,3330.660364
4.293434,70,3330.803308
101.006121,86,3330.982196
101.43642,90,3331.167751
2.820184,78,3331.328633
1.638243,78,3331.489669
4.589924,65,3331.622342
0.832393,112,3331.853748
0.184529,108,3332.077958
1.282196,78,3332.248064
0.802437,70,3332.3988
-0.175628,78,3332.559194
2.269156,79,3332.723104
1.243873,130,3344.288944
3.810009,65,3344.417063
2.859804,67,3344.548699
105.905342,67,3344.675572
4.647957,95,3344.880913
100.664339,48,3344.979901
2.146814,63,3345.108337
4.357945,92,3345.296845
3.575026,60,3345.416375
1.127387,87,3345.593258
4.350675,84,3345.768397
3.640484,66,3345.902349
5.229755,65,3346.036281
3.844784,63,3346.170185
2.116019,67,3346.309388
4.591834,65,3346.445078
1.491921,86,3346.624355
3.507982,87,3346.802759
3.509515,67,3346.944184
1.731675,80,3347.107229
102.364076,46,3347.202318
0.433407,79,3347.369087
101.63188,68,3347.513406
3.636395,75,3347.670009
102.963898,76,3347.828695
4.49605,67,3347.968407
102.734417,63,3348.100023
4.5348,107,3348.320325
100.968009,73,3359.687746
2.883082,61,3359.824919
4.413366,70,3359.966694
2.530054,71,3360.112164
2.044867,82,3360.282255
100.797625,87,3360.462082
100.953324,118,3360.701218
4.17555,71,3360.84261
104.584314,67,3360.98086
0.264552,69,3361.12256
2.946138,85,3361.296914
-0.886215,85,3361.475171
3.122276,65,3361.606708
4.050747,84,3361.78001
3.521508,86,3361.953814
1.219533,80,3362.11541
1.117501,76,3362.270819
4.948894,64,3362.401428
2.42856,71,3362.545154
4.053184,82,3362.710201
2.347599,70,3362.855953
101.29359,57,3362.973862
4.72226,81,3363.139559
2.93482,71,3363.283886
0.775742,104,3363.498622
4.199541,68,3363.638231
1.469282,74,3363.796563
1.783086,72,3375.211972
0.378633,79,3375.371838
-1.177693,97,3375.583207
-0.655084,86,3375.764782
3.552178,66,3375.901044
1.649349,82,3376.06923
1.162543,88,3376.25251
1.996406,69,3376.397904
3.920612,65,3376.5332
100.968756,70,3376.672809
102.006505,70,3376.820112
3.20871,61,3376.945646
101.128603,49,3377.044923
1.801484,87,3377.234648
5.275284,81,3377.400357
3.12674,72,3377.546319
102.241006,63,3377.675446
0.546713,84,3377.844945
2.538016,89,3378.027245
104.30124,68,3378.162673
2.136431,105,3378.381392
0.05209,73,3378.5299
4.094268,66,3378.66633
1.031675,80,3378.828747
4.234353,80,3379.003204
3.628458,67,3379.144239
4.412068,61,3379.2709
2.924932,68,3390.636487
0.229226,82,3390.796248
1.511458,86,3390.962144
100.888555,260,3391.506653
3.74656,73,3391.659287
2.705083,68,3391.80168
100.310752,64,3391.934285
0.992879,117,3392.173364
3.00009,66,3392.309231
101.406837,82,3392.47751
3.986508,78,3392.640821
4.098637,88,3392.823006
0.810833,109,3393.046205
101.503638,65,3393.176342
-2.167082,110,3393.413909
1.552573,73,3393.562912
3.549645,80,3393.729853
101.211281,95,3393.923316
1.442054,73,3394.07329
1.298558,84,3394.245344
2.949854,68,3394.385844
1.542926,78,3394.546077
2.811681,76,3394.701653
0.513014,68,3406.026201
3.307482,93,3406.235486
104.686139,69,3406.377747
2.289801,75,3406.528967
1.991259,66,3406.661223
4.581706,64,3406.79445
1.452336,70,3406.939766
104.859396,67,3407.085845
5.277399,61,3407.21017
0.007599,85,3407.389323
101.988165,69,3407.528119
4.623507,83,3407.696527
4.299675,70,3407.839117
0.179768,97,3408.03998
1.476319,76,3408.21657
3.108617,77,3408.373033
3.492315,70,3408.514868
5.80017,63,3408.642367
0.988447,87,3408.817058
0.713656,84,3408.989404
103.978662,65,3409.121903
101.548513,84,3409.294138
5.839275,62,3409.420247
0.896208,1000,3422.602014
3.513619,62,3422.731514
101.397187,87,3422.91297
100.46861,61,3423.04165
3.750141,64,3423.175181
0.477913,1000,3425.218948
3.124276,82,3425.384269
3.844576,78,3436.80319
4.958465,63,3436.934408
3.205513,73,3437.082819
100.651525,76,3437.251471
2.738117,71,3437.394838
3.780802,68,3437.535862
0.062821,163,3437.872718
2.883536,62,3437.999486
3.676897,67,3438.135267
2.472757,79,3438.288634
-1.92102,124,3438.538128
0.541149,84,3438.703991
100.825349,92,3438.88286
101.583157,53,3438.986693
3.399143,87,3439.155396
3.350075,72,3439.299865
1.463709,80,3439.46003
2.250585,62,3439.586027
3.48592,68,3439.718244
2.813866,70,3439.852813
0.64154,80,3440.012636
4.996013,66,3440.138219
3.340126,73,3440.283672
3.131767,78,3440.437004
2.706232,68,3440.572632
4.35066,72,3440.714021
104.450239,57,3440.825817
2.163735,71,3452.203235
1.457863,79,3452.352368
101.981279,55,3452.462573
4.794994,66,3452.597328
1.361289,74,3452.745931
100.964786,158,3453.06874
5.430664,90,3453.250725
4.44944,61,3453.372064
-0.861861,107,3453.587178
2.218328,77,3453.743145
2.166395,69,3453.882928
4.896385,61,3454.00686
4.670635,101,3454.229326
104.034696,79,3454.391276
3.737219,70,3454.534101
101.348262,89,3454.717139
4.002691,70,3454.864959
102.379141,74,3455.016279
102.271736,80,3455.177644
4.061936,63,3455.300271
1.763303,73,3455.443261
2.217993,70,3455.579937
3.697147,59,3455.694742
0.29872,156,3456.042316
1.460255,81,3456.212344
101.843942,66,3467.49755
4.303212,61,3467.614837
3.640706,92,3467.795608
2.767542,72,3467.935458
3.527283,68,3468.085021
105.882239,65,3468.238657
100.952218,91,3468.420732
1.739611,69,3468.555158
3.853376,59,3468.671358
103.726697,67,3468.805375
3.59359,66,3468.93541
2.097092,78,3469.096234
103.391974,52,3469.198726
100.716825,82,3469.358481
4.027932,83,3469.521913
102.870313,81,3469.683653
-1.349538,91,3469.864172
3.899995,65,3469.991348
4.333047,68,3470.131587
2.514049,79,3470.285837
4.076261,63,3470.410223
3.235299,65,3470.536486
3.202118,82,3470.700308
2.276925,70,3470.841748
104.146929,78,3470.99382
2.343295,72,3471.142778
1.933155,77,3471.300568
102.262701,55,3471.409929
103.897931,79,3482.815452
3.712903,71,3482.955073
102.385785,72,3483.098679
100.774706,82,3483.275504
3.85676,84,3483.444218
101.51509,59,3483.557852
2.189128,82,3483.722498
104.652655,80,3483.884629
3.449211,108,3484.103511
101.327259,66,3484.23539
3.342153,85,3484.400606
-0.39264,1000,3486.458194
2.971222,68,3486.601697
102.160631,76,3486.756861
0.460726,1000,3500.002659
102.75155,71,3500.14746
4.371521,72,3500.298599
0.160013,72,3500.446526
102.335399,72,3500.596026
2.312338,84,3500.784595
0.171802,110,3501.011475
102.776061,77,3501.168062
0.721302,92,3501.35783
2.557834,70,3501.502637
2.579602,68,3501.642069
4.795538,65,3501.774772
3.031061,78,3501.934082
2.519452,61,3502.057054
2.055644,85,3502.229475
1.965901,71,3502.376394
4.289421,66,3513.745057
103.503328,74,3513.895517
102.302792,61,3514.021127
4.306038,65,3514.156371
2.708359,71,3514.305217
1.41434,85,3514.476424
4.34206,71,3514.622893
104.3879,82,3514.809647
2.159452,63,3514.93688
100.89581,83,3515.116626
1.90847,64,3515.248044
101.607106,96,3515.45026
1.396411,80,3515.618392
2.289326,80,3515.781802
3.692192,80,3515.949655
0.446597,98,3516.158095
100.967969,79,3516.32229
1.905274,68,3516.462272
2.616791,70,3516.605062
3.539492,67,3516.742822
3.710982,65,3516.876378
101.85904,61,3516.99725
3.166632,66,3517.13496
1.353889,71,3517.280366
3.0752,69,3517.41837
4.118142,77,3517.579345
0.533385,73,3517.730505
4.605896,84,3529.263969
2.165847,72,3529.425572
3.566687,68,3529.566559
2.352066,69,3529.711931
4.690469,63,3529.843128
5.088623,67,3529.980233
101.187251,114,3530.213337
0.947868,86,3530.402711
2.962852,75,3530.554373
102.17058,77,3530.711557
2.944669,74,3530.864947
2.637447,72,3531.022036
2.122421,61,3531.153226
1.062127,87,3531.327338
1.614042,82,3531.497778
4.850331,91,3531.691414
4.497889,76,3531.847253
102.126996,71,3531.993248
3.289545,72,3532.142982
2.516602,73,3532.293866
2.725052,60,3532.417607
0.918331,119,3532.663726
3.475931,61,3532.789681
4.560929,92,3532.980026
2.624757,65,3533.112493
2.506022,84,3533.284343
2.24718,72,3533.442653
101.400398,80,3544.858706
3.185228,83,3545.036388
0.540239,92,3545.218279
4.476534,66,3545.348264
106.068958,74,3545.500921
5.373279,103,3545.708535
102.22584,44,3545.792823
4.127731,68,3545.928263
2.815505,71,3546.069946
2.603451,68,3546.198539
1.994879,60,3546.313595
1.604111,80,3546.468862
4.483955,82,3546.628822
4.004294,68,3546.775567
3.432369,78,3546.934733
4.655824,64,3547.060293
4.899885,69,3547.200028
101.379163,64,3547.328168
2.778082,61,3547.449108
101.147605,92,3547.632378
4.667155,73,3547.77635
0.987226,136,3548.042636
100.910564,70,3548.183655
103.044731,73,3548.326142
4.414554,63,3548.460121
-0.310246,95,3548.646861
0.773468,95,3548.837961
104.457069,63,3560.174005
101.550025,64,3560.307076
100.934876,110,3560.533692
3.929041,66,3560.668647
2.337366,64,3560.809397
101.516774,58,3560.931901
100.97035,57,3561.048816
2.377203,80,3561.21593
2.132113,74,3561.369115
5.221248,63,3561.497552
4.717515,75,3561.649145
4.486079,61,3561.774883
4.034499,74,3561.917465
100.304875,58,3562.032137
2.123799,86,3562.199891
4.605718,74,3562.346956
3.083245,88,3562.52403
3.826936,76,3562.672629
102.705529,63,3562.79797
1.434193,86,3562.97034
5.369579,85,3563.139392
4.634635,74,3563.285174
2.076226,76,3563.43164
102.46289,66,3563.565914
1.831586,76,3563.713356
2.39792,65,3563.842698
3.495148,89,3564.021271
104.101394,59,3564.134092
101.112944,77,3575.478436
4.532608,68,3575.60914
5.907008,63,3575.732502
100.474928,67,3575.869281
2.339462,72,3576.017238
0.477834,119,3576.252663
101.453232,73,3576.392932
-1.253497,126,3576.666615
4.927939,67,3576.800781
1.005106,81,3576.956084
2.888697,77,3577.106029
101.15753,47,3577.197297
4.481329,69,3577.336909
3.889238,66,3577.463625
100.063352,66,3577.59211
4.700908,69,3577.727731
1.857578,88,3577.901238
103.117588,69,3578.039659
1.601756,78,3578.191743
3.088199,79,3578.346882
4.59932,63,3578.472244
0.691068,86,3578.640629
4.384109,62,3578.766872
4.687925,70,3578.905104
1.677409,77,3579.061981
2.956205,71,3579.197523
3.500237,60,3579.312366
-0.482578,97,3590.726431
101.959505,91,3590.906477
3.121838,84,3591.085895
104.828635,62,3591.210485
5.398816,82,3591.373283
4.223803,64,3591.498552
100.671708,88,3591.670135
3.648325,66,3591.804707
4.127692,145,3592.090106
101.76855,74,3592.235569
4.385446,63,3592.360875
105.152293,72,3592.512484
-1.922362,140,3592.810436
5.564639,141,3593.109679
2.029038,66,3593.246816
101.255908,84,3593.425287
101.149324,80,3593.591144
1.80804,75,3593.746532
1.687694,58,3593.864003
2.420899,88,3594.036061
101.612829,88,3594.210018
3.218452,64,3594.353268
-1.630765,91,3594.537278
101.419283,93,3594.720963
3.036701,82,3606.156752
3.512734,61,3606.276756
1.662822,75,3606.428866
4.77679,80,3606.58704
100.643162,56,3606.69498
3.151579,69,3606.847386
2.592684,77,3607.000795
101.987593,54,3607.107817
2.997344,62,3607.233605
3.77849,61,3607.353157
4.745632,78,3607.506135
3.657665,60,3607.625049
5.200407,68,3607.758101
3.985182,75,3607.903305
3.544314,68,3608.038239
102.500784,68,3608.175233
4.195188,83,3608.356482
2.026531,78,3608.509303
2.942525,75,3608.65477
103.632272,76,3608.801083
101.445237,109,3609.013685
3.090097,71,3609.149992
4.296865,87,3609.323789
101.108922,90,3609.500495
0.348859,121,3609.736154
5.638491,72,3609.878226
1.92546,66,3610.018149
2.965116,75,3610.187436
0.536092,91,3621.63043
1.751601,131,3621.901092
101.314466,49,3622.005358
4.508812,60,3622.138298
3.314635,64,3622.270448
3.756334,85,3622.447072
4.161058,63,3622.582294
3.321537,60,3622.717891
2.143756,82,3622.882119
101.616107,84,3623.05609
4.385357,64,3623.180405
3.075292,85,3623.348228
104.669308,63,3623.469327
5.164777,67,3623.604866
101.73734,48,3623.699125
0.463604,118,3623.944359
101.814356,87,3624.12427
101.669884,70,3624.267505
4.876271,64,3624.397687
101.111347,65,3624.535626
1.568204,84,3624.710161
5.574691,62,3624.834963
1.536628,85,3624.999914
101.455142,71,3625.144927
103.392467,57,3625.256348
4.179171,67,3625.390169
2.903332,79,3625.549339
4.351811,62,3636.828315
1.007747,71,3636.97049
-1.934708,101,3637.171203
2.523531,70,3637.324775
101.333946,48,3637.419969
3.640003,60,3637.535393
4.684856,60,3637.64995
4.095222,73,3637.793119
4.127774,60,3637.914235
1.590496,85,3638.07868
101.295558,68,3638.209985
-0.347675,84,3638.375937
101.079128,60,3638.491699
102.429775,76,3638.640914
4.351611,65,3638.781995
2.696533,62,3638.905146
5.775906,85,3639.069981
2.12817,60,3639.185856
0.038411,1000,3652.326885
1.4966,80,3652.483644
2.481847,62,3652.609522
2.838431,77,3652.767102
3.713012,84,3652.93164
2.686511,73,3653.078152
3.544232,88,3653.256032
-2.676523,165,3653.577537
1.950372,172,3653.915865
4.590153,85,3654.082704
101.541566,74,3654.24262
1.276203,69,3654.375317
102.955205,62,3654.500413
3.646968,78,3654.659114
0.677613,109,3654.870747
2.723913,91,3655.048464
0.946632,70,3655.184479
5.405885,84,3655.347652
105.103652,66,3655.473794
5.495733,64,3655.595385
2.751107,70,3655.734239
3.371074,81,3655.89105
100.155851,57,3656.002073
3.961792,69,3667.273269
3.563117,59,3667.387131
4.890249,64,3667.516814
-0.340856,89,3667.701709
0.622464,76,3667.874291
3.176054,82,3668.044205
4.145623,63,3668.173623
100.205892,55,3668.28397
1.381987,102,3668.500177
1.56529,76,3668.65699
100.574224,24,3668.70519
101.505791,115,3668.943475
3.419929,77,3669.096114
103.49553,78,3669.248235
1.971581,77,3669.405708
0.991299,85,3669.582941
5.40332,83,3669.748608
2.93129,71,3669.895401
5.271079,91,3670.080397
2.32355,65,3670.213267
4.864951,77,3670.372007
0.258224,92,3670.562658
100.587321,74,3670.716527
2.335192,79,3670.875181
4.221135,60,3670.994686
4.244423,62,3671.117475
4.352807,77,3671.267634
101.620022,79,3682.629754
101.49827,42,3682.716306
6.113309,79,3682.896534
101.471532,91,3683.083531
4.375868,61,3683.21007
1.37794,70,3683.354519
3.083553,65,3683.485947
4.845501,84,3683.659544
3.071595,61,3683.789202
101.114278,59,3683.909192
102.934971,54,3684.022383
100.347888,67,3684.158721
2.044354,75,3684.310849
105.209251,68,3684.450556
104.346979,64,3684.581721
101.293739,74,3684.733139
3.168963,81,3684.896758
3.974901,65,3685.026935
101.321082,57,3685.141619
5.189197,68,3685.277777
100.655552,64,3685.406168
1.490267,80,3685.566074
3.261542,62,3685.692425
100.981011,57,3685.821234
4.404944,94,3686.013477
3.501,61,3686.141147
-2.339246,137,3686.42824
2.006133,67,3686.566151
1.654055,70,3686.711573
101.171245,87,3698.215298
103.516833,65,3698.349401
100.861695,102,3698.560063
4.198113,69,3698.705332
0.327631,79,3698.871937
102.211943,75,3699.027105
3.813419,82,3699.195352
3.192743,69,3699.340958
5.950992,78,3699.503421
1.536287,72,3699.640948
0.264723,79,3699.803698
1.170418,82,3699.970545
4.501547,67,3700.101329
1.839432,60,3700.219972
4.063501,133,3700.478369
100.590746,60,3700.597001
0.911804,77,3700.750415
101.077059,88,3700.924056
3.721999,96,3701.11566
1.993306,59,3701.232128
5.139237,90,3701.419148
4.260808,73,3701.56582
100.859885,62,3701.697569
3.746678,66,3701.847708
4.729978,63,3701.976179
1.512868,132,3702.24806
3.489469,76,3713.597023
101.013626,67,3713.733357
1.229016,63,3713.857768
2.94162,64,3713.984804
102.999307,63,3714.110337
-0.643402,236,3714.617598
101.638726,63,3714.747453
104.087706,58,3714.868844
101.659846,83,3715.04312
101.890771,73,3715.198084
1.550006,76,3715.358553
3.685321,65,3715.500849
0.718626,87,3715.684884
2.681863,77,3715.844177
1.418266,91,3716.043792
3.940403,65,3716.179521
2.625092,62,3716.308098
0.468041,82,3716.478545
100.696162,76,3716.634085
4.096631,68,3716.77642
-0.567039,182,3717.132523
101.863967,95,3717.323566
0.259147,73,3717.468752
101.502376,77,3717.62064
2.949813,75,3728.954148
3.578896,60,3729.080452
102.448932,44,3729.172933
0.086118,118,3729.420775
4.814263,87,3729.603338
4.414916,65,3729.739056
0.665724,75,3729.906405
-0.784168,82,3730.08704
1.62471,60,3730.213173
4.811443,99,3730.420293
102.499485,82,3730.588996
102.217723,75,3730.740781
101.94446,65,3730.870415
2.871135,69,3731.003358
3.707125,82,3731.162742
3.303414,60,3731.280468
1.996304,65,3731.410483
101.375664,80,3731.567719
102.56974,74,3731.714473
2.112152,74,3731.864095
1.422707,61,3731.99296
101.267726,81,3732.149179
4.957844,85,3732.318987
3.257126,70,3732.458831
3.504403,66,3732.587079
0.511694,82,3732.7485
2.62824,62,3732.869776
3.819971,65,3732.996024
104.253566,78,3744.375692
104.293389,72,3744.541911
0.111219,94,3744.733653
3.798222,84,3744.915251
2.702908,60,3745.040833
1.652555,88,3745.218875
4.052632,66,3745.356505
3.010867,68,3745.496024
101.869105,60,3745.620733
101.066138,89,3745.807966
4.374384,66,3745.93372
101.743534,93,3746.113662
1.544796,99,3746.311089
3.476745,84,3746.486378
102.245206,66,3746.618164
3.136364,67,3746.757012
2.352618,64,3746.885026
102.615934,68,3747.028965
2.688055,72,3747.169279
3.309015,81,3747.337204
4.720657,60,3747.45874
-0.071545,78,3747.619945
5.688149,66,3747.754573
3.512239,73,3747.902744
1.431232,94,3748.092401
2.866957,59,3748.214307
2.351309,69,3748.357416
3.794966,90,3759.822057
103.857928,72,3759.96446
4.550278,72,3760.123489
3.457928,61,3760.247043
101.96202,76,3760.390902
100.863938,50,3760.491054
2.938784,67,3760.6236
100.992501,63,3760.745511
1.257839,141,3761.023683
4.61354,64,3761.157543
3.215946,59,3761.273879
100.77545,53,3761.379466
4.375472,87,3761.549914
100.652032,68,3761.68208
3.077817,80,3761.835491
0.8161,74,3761.98859
2.159634,66,3762.127406
100.955964,81,3762.294135
3.059598,93,3762.48579
-0.073749,84,3762.668349
3.755986,66,3762.804678
2.747695,74,3762.950066
3.265613,70,3763.089682
101.500996,69,3763.225951
2.493785,81,3763.384775
103.943938,80,3763.55062
-0.04273,102,3763.761322
4.613972,80,3763.928016
2.868014,80,3775.348953
106.023391,73,3775.492448
5.464664,74,3775.642355
1.71848,78,3775.797788
3.266714,81,3775.957121
3.1602,66,3776.085277
1.086885,79,3776.252534
0.46033,107,3776.465972
101.585802,69,3776.599865
3.888482,74,3776.742934
2.75109,62,3776.867747
102.042845,62,3776.991997
3.813071,81,3777.150639
105.59978,69,3777.28535
3.113601,70,3777.423356
0.844196,65,3777.555283
1.607211,71,3777.694386
4.058889,74,3777.841285
4.430579,74,3777.987648
3.105534,114,3778.208561
0.474792,85,3778.384523
2.985074,74,3778.52571
5.029199,64,3778.651407
100.105536,63,3778.775992
104.330101,60,3778.909904
2.480527,74,3779.053673
4.690424,75,3779.202659
4.433739,63,3790.664494
105.435741,64,3790.790966
100.978406,43,3790.873659
3.197169,67,3791.021034
0.835994,86,3791.196881
100.947848,68,3791.333724
4.804318,67,3791.464678
1.751352,78,3791.618092
1.115219,74,3791.771706
4.260982,64,3791.899611
2.762744,84,3792.062608
3.179595,72,3792.203266
3.861154,62,3792.324616
1.164526,77,3792.475803
102.742407,50,3792.57056
2.277928,72,3792.710159
0.841207,79,3792.866171
100.673444,84,3793.030193
1.799533,95,3793.218858
3.913656,201,3793.615097
1.484436,74,3793.766159
5.13568,76,3793.913416
-0.657285,101,3794.112094
3.641106,68,3794.244632
101.690769,53,3794.34668
103.135571,72,3794.48824
-0.107032,111,3805.934245
2.800243,68,3806.07937
4.326752,65,3806.202836
101.086454,74,3806.344878
3.093293,63,3806.465783
1.847057,93,3806.641935
101.891455,42,3806.726553
1.375596,98,3806.917292
5.615536,73,3807.059736
3.861403,61,3807.176285
0.65795,67,3807.304427
100.708323,76,3807.448576
-0.061677,162,3807.76022
0.587505,86,3807.931009
5.311982,79,3808.087143
4.90315,63,3808.210943
0.843357,74,3808.354878
4.249357,63,3808.475192
2.483502,68,3808.622167
4.204585,63,3808.744187
2.30944,61,3808.863057
0.817218,71,3809.006592
101.114911,56,3809.125069
0.582731,119,3809.369102
101.52727,114,3809.598769
1.372233,115,3809.827015
3.868591,76,3821.250643
101.270685,94,3821.429752
100.054673,26,3821.482877
3.884252,76,3821.631734
105.384972,67,3821.761336
2.514937,66,3821.890188
101.366537,66,3822.019771
101.050079,80,3822.1728
2.543666,78,3822.334634
0.630019,84,3822.502153
100.88738,40,3822.583358
4.811881,68,3822.712818
-0.097825,1000,3824.675308
2.447104,84,3824.841399
3.199285,59,3824.957293
-0.268243,143,3836.428002
2.975164,80,3836.584966
101.643397,59,3836.702852
4.898305,63,3836.837708
4.358785,65,3836.968247
4.098161,61,3837.087269
100.924332,80,3837.245977
3.386721,81,3837.405686
102.488738,65,3837.536986
3.125763,83,3837.701423
1.69928,86,3837.876292
4.804045,68,3838.014173
1.555297,74,3838.162808
2.188452,74,3838.309333
103.058662,52,3838.411979
101.29605,85,3838.582405
-1.102475,104,3838.787663
101.758713,77,3838.941473
100.585398,67,3839.074251
0.473369,86,3839.239616
4.910898,74,3839.392263
101.638779,74,3839.549301
101.844879,97,3839.738771
0.68065,1000,3852.911164
2.529402,110,3853.13291
3.768721,72,3853.278781
4.306968,62,3853.403077
101.120636,84,3853.575277
4.974542,75,3853.722457
-0.857676,83,3853.886385
-0.695586,101,3854.085006
4.489019,67,3854.220142
1.05196,75,3854.377804
105.022164,65,3854.502046
1.869702,103,3854.709931
0.083591,195,3855.114872
5.519325,69,3855.251601
103.485655,71,3855.395299
1.183919,70,3855.537724
4.175757,68,3855.675929
5.028985,64,3855.801728
101.73607,76,3867.357499
2.616643,59,3867.472034
3.40777,102,3867.672368
3.550335,59,3867.78878
4.531425,67,3867.922916
1.195135,74,3868.070285
100.750138,59,3868.188021
103.34553,60,3868.307615
0.8972,79,3868.461185
3.377873,102,3868.661257
1.164913,89,3868.840206
102.470595,60,3868.960141
-0.312244,1000,3870.941496
103.053523,67,3871.074291
103.742246,73,3871.211469
3.977946,86,3882.66434
4.236181,84,3882.829653
4.531165,89,3883.020991
104.174042,58,3883.133471
100.857953,88,3883.307329
0.643373,91,3883.486245
1.897864,81,3883.645412
1.582045,75,3883.792927
101.098512,84,3883.956306
1.273864,68,3884.090534
2.400531,78,3884.247447
3.104073,68,3884.381375
1.655077,70,3884.520946
1.153916,69,3884.657742
101.563333,116,3884.88637
3.878501,77,3885.035541
3.122118,59,3885.147496
0.808914,86,3885.315827
3.527517,74,3885.459777
3.610198,65,3885.585881
5.016572,73,3885.725918
105.12123,69,3885.860671
100.512108,64,3885.98493
0.649944,94,3886.166768
2.926727,65,3886.297724
102.289675,77,3886.451965
4.424265,94,3897.914726
101.45013,60,3898.037578
3.423247,72,3898.185018
1.332861,71,3898.332711
3.444917,61,3898.459568
1.588421,84,3898.630523
0.503002,87,3898.804745
101.783507,71,3898.95497
3.068936,62,3899.080581
4.48275,69,3899.223034
0.647753,91,3899.410224
103.303456,63,3899.544784
3.698725,69,3899.696086
3.615713,80,3899.86169
1.42853,94,3900.046769
4.370106,110,3900.262326
2.811965,75,3900.404635
3.646346,86,3900.574302
101.203346,62,3900.694611
3.302753,77,3900.85009
0.755433,100,3901.046157
103.208837,66,3901.178348
101.727488,72,3901.322124
0.589185,67,3901.454099
2.367285,70,3901.613549
5.542312,77,3901.762008
101.514455,97,3901.95924
1.030597,76,3913.370282
3.119002,61,3913.489854
100.990392,62,3913.617651
1.404275,77,3913.773556
2.168792,96,3913.980265
1.748782,82,3914.139129
1.981552,71,3914.277388
1.240912,123,3914.521725
3.324812,71,3914.662643
2.270523,76,3914.811843
3.323632,65,3914.938909
101.17334,38,3915.013547
1.732731,72,3915.163125
4.245558,68,3915.295514
5.887011,66,3915.42671
2.964319,73,3915.570155
4.799538,92,3915.752975
101.642651,73,3915.908323
2.021164,73,3916.060021
1.585774,70,3916.201778
2.344465,93,3916.396157
3.246062,76,3916.551002
3.998872,63,3916.681886
0.031179,85,3916.854876
3.039445,68,3916.997726
5.676488,67,3917.132581
2.119368,72,3917.282348
102.515954,55,3917.397798
4.63769,67,3928.712112
3.003594,59,3928.830797
0.289439,80,3929.004809
4.761405,66,3929.147293
4.924338,71,3929.295363
2.071257,75,3929.451265
5.30769,96,3929.651769
101.463206,79,3929.810797
4.422846,65,3929.939625
100.805972,55,3930.051002
4.157706,89,3930.228713
4.823342,91,3930.408749
4.332929,59,3930.522318
2.649928,67,3930.653475
3.818026,64,3930.779793
1.744012,66,3930.907798
2.005788,137,3931.172507
4.393222,71,3931.314936
3.718468,60,3931.435147
1.872178,76,3931.583823
3.902143,68,3931.71598
3.885949,70,3931.857641
2.092237,71,3932.002161
101.162083,134,3932.287151
3.669823,65,3932.423008
2.449546,76,3932.579374
101.234075,71,3932.726977
3.023239,62,3944.183742
3.662643,68,3944.324414
2.389464,60,3944.45015
3.065469,78,3944.613211
1.299683,84,3944.79974
3.39048,65,3944.92771
1.619251,93,3945.111477
100.952707,85,3945.281429
1.169647,93,3945.466937
1.510833,99,3945.66122
1.542891,92,3945.840856
0.961246,67,3945.973021
4.426374,100,3946.170284
2.441932,66,3946.300563
101.059122,53,3946.407649
2.534389,93,3946.587914
2.806791,70,3946.737952
2.444307,75,3946.884985
101.562812,96,3947.074673
101.67032,72,3947.215362
102.830742,65,3947.344413
1.332423,76,3947.496122
4.526442,78,3947.648573
101.129916,62,3947.772422
4.370665,64,3947.8935
2.399847,70,3948.031862
100.725188,94,3959.385098
3.395062,64,3959.510952
1.381705,75,3959.651763
4.135912,65,3959.786724
5.427944,91,3959.981811
101.496855,93,3960.161117
4.513656,68,3960.294409
101.100172,122,3960.541238
3.792271,64,3960.664704
1.092358,102,3960.865032
3.323936,93,3961.049091
103.277791,67,3961.180262
-0.219861,99,3961.374101
3.412585,75,3961.519523
4.87834,72,3961.660656
3.401337,69,3961.797781
3.358843,128,3962.055794
3.092342,77,3962.208902
103.391584,72,3962.347596
2.776035,59,3962.465641
2.789626,70,3962.605393
0.298433,86,3962.771881
1.651205,60,3962.892287
101.217025,93,3963.071173
3.785933,70,3963.207825
5.800567,65,3963.350868
2.972897,60,3974.677669
3.509708,64,3974.804115
101.400724,75,3974.951775
2.863212,74,3975.097533
4.403457,67,3975.23894
3.565378,70,3975.382421
100.787757,83,3975.558342
4.633923,73,3975.701138
103.525259,80,3975.862392
0.753871,74,3976.00791
102.972526,63,3976.131767
3.676277,60,3976.251802
0.143426,72,3976.394562
101.929287,56,3976.507422
101.268904,61,3976.625405
4.834729,69,3976.761106
102.109756,69,3976.89514
2.53249,69,3977.029035
3.679792,106,3977.237309
5.466165,61,3977.358066
101.056218,50,3977.45688
102.385372,57,3977.567727
101.952987,75,3977.719547
104.945836,62,3977.845862
0.709497,88,3978.023432
5.411939,62,3978.151215
101.068879,70,3978.298708
101.096358,74,3978.447149
2.666482,79,3978.603544
0.095281,158,3990.106611
4.767344,78,3990.268254
1.578301,80,3990.448543
102.308993,65,3990.594882
101.898528,67,3990.734279
2.719273,68,3990.872044
4.060211,66,3991.012316
100.619527,67,3991.153061
1.385074,80,3991.319012
103.212606,55,3991.43269
4.18519,72,3991.585404
0.664645,88,3991.768062
104.204702,70,3991.910688
5.205046,72,3992.060131
3.308458,83,3992.231745
102.436283,63,3992.366023
4.034812,69,3992.511831
2.041095,67,3992.652762
3.949034,74,3992.80156
2.185396,66,3992.936619
4.229031,61,3993.06383
103.737504,69,3993.210905
102.47718,78,3993.372035
102.250595,75,3993.525914
1.903826,70,3993.665188
100.831889,80,3993.826519
2.981075,87,3994.006129
102.792543,55,3994.123795
3.413076,71,4005.479166
101.900832,74,4005.630047
101.707015,60,4005.755739
1.393399,87,4005.951526
2.968292,69,4006.092266
4.337492,60,4006.212434
0.597205,67,4006.34567
2.952683,63,4006.471758
104.623159,74,4006.616829
100.008861,3,4006.623333
3.061863,72,4006.766549
1.723442,71,4006.908778
102.748303,68,4007.043257
105.092849,67,4007.176666
5.664435,62,4007.301585
0.476804,96,4007.503304
2.771345,74,4007.646495
2.619079,66,4007.77553
3.992012,119,4008.009838
4.898553,63,4008.134191
1.580944,69,4008.270167
4.781078,65,4008.417538
105.236149,67,4008.544814
102.740904,57,4008.65494
4.275623,65,4008.780294
0.87709,91,4008.96029
5.048771,70,4009.100876
1.515001,69,4009.237464
4.49691,100,4009.432133
1.9076,75,4020.917798
104.873808,66,4021.06236
2.510923,74,4021.215764
100.344766,62,4021.340779
2.604302,60,4021.464793
4.129791,79,4021.630163
0.17954,1000,4023.628152
4.42745,66,4023.757254
1.630117,69,4023.906904
5.140473,60,4024.02703
101.070953,80,4024.185757
4.056265,89,4024.371753
1.965609,71,4024.520841
4.909701,78,4024.685856
1.444642,82,4024.857138
101.193077,49,4024.958585
2.332551,72,4036.386221
104.367732,69,4036.522229
4.629811,81,4036.681555
4.762647,74,4036.824395
4.765325,75,4036.97315
100.569842,45,4037.066991
0.858626,84,4037.2356
4.792073,72,4037.389281
2.255867,71,4037.53541
5.268567,65,4037.666168
3.090485,73,4037.811974
3.854112,75,4037.983133
4.47948,86,4038.153308
4.777885,80,4038.312294
3.293749,60,4038.438498
3.481183,82,4038.608098
3.842562,65,4038.743047
5.025243,86,4038.91463
100.896626,58,4039.028171
102.36003,66,4039.15498
4.726303,80,4039.307421
2.904867,63,4039.432819
0.208472,118,4039.666385
101.033304,115,4039.887301
-2.361696,157,4040.212549
101.411904,65,4040.342314
3.929217,75,4051.731949
102.456574,73,4051.876987
4.970865,62,4051.997614
100.881126,53,4052.10214
1.036119,71,4052.24619
2.093377,70,4052.390088
100.907023,243,4052.893454
3.483109,90,4053.077255
1.775297,84,4053.252236
1.470706,81,4053.419945
3.573628,61,4053.543332
3.026983,61,4053.663815
101.452446,75,4053.813738
3.637082,64,4053.944684
1.496286,89,4054.127564
5.229607,65,4054.254941
5.24399,114,4054.481637
1.674646,73,4054.625368
3.806118,75,4054.777669
1.857328,68,4054.913848
1.869108,96,4055.110191
101.40982,54,4055.216504
2.784767,69,4055.352331
2.769307,68,4055.488872
100.464837,69,4055.630887
102.259323,74,4066.98295
3.923956,69,4067.134115
4.18809,74,4067.304886
3.181155,69,4067.449104
100.953769,102,4067.666941
1.390031,68,4067.808744
103.957299,71,4067.94823
5.528014,64,4068.085793
2.545252,66,4068.222379
101.803453,57,4068.338837
100.649699,90,4068.540504
0.681931,1000,4070.534904
-0.427027,221,4070.978448
104.330316,62,4071.107306
102.149758,51,4082.594625
100.935645,62,4082.72116
105.0297,64,4082.856271
5.052639,60,4082.979511
101.037075,76,4083.148788
-0.071914,95,4083.34938
4.477955,77,4083.506167
4.61402,81,4083.675963
102.665029,51,4083.780617
-0.572806,110,4084.006253
0.382404,80,4084.171193
2.884306,65,4084.302386
101.679538,71,4084.449086
3.660559,78,4084.610444
1.448004,71,4084.758648
1.382089,82,4084.921141
1.43059,112,4085.141659
101.3441,69,4085.27751
3.716573,79,4085.434647
101.622925,63,4085.560571
105.398732,64,4085.68782
5.158353,63,4085.811688
2.038455,77,4085.980724
3.710768,64,4086.104555
-0.919157,111,4086.329771
101.150964,64,4086.454975
2.866327,84,4086.621949
102.189162,69,4098.025797
2.259956,85,4098.203372
3.481924,93,4098.394417
4.905811,88,4098.577671
3.266928,88,4098.758587
0.444242,66,4098.893537
2.099678,75,4099.050558
1.830801,101,4099.259977
104.621184,67,4099.397251
100.689061,52,4099.506701
3.324109,76,4099.677397
5.475488,62,4099.805421
4.123073,63,4099.938191
0.333299,79,4100.103329
104.90319,61,4100.225078
2.885187,70,4100.365532
3.610222,61,4100.490978
0.872383,74,4100.6442
3.201979,70,4100.787913
4.692728,79,4100.944402
4.076634,63,4101.070571
102.949399,64,4101.195483
105.556729,62,4101.316898
2.669582,92,4101.500127
1.435124,71,4101.644959
2.310953,71,4101.785983
100.164044,62,4101.90762
2.713839,62,4102.030702
101.427021,105,4113.445548
4.009488,167,4113.79689
4.381554,64,4113.930967
104.163932,69,4114.073833
101.110841,84,4114.245836
3.006792,73,4114.397101
103.094631,71,4114.542696
2.341985,100,4114.750684
2.930515,76,4114.899743
100.633664,50,4115.003953
5.025426,74,4115.146079
2.10416,85,4115.310983
1.389473,61,4115.437222
1.515763,80,4115.607563
103.126466,67,4115.739249
3.093929,60,4115.876607
101.38473,73,4116.034076
4.858996,61,4116.160948
3.629103,83,4116.329874
3.499333,70,4116.475952
2.299507,65,4116.611929
105.772908,65,4116.748357
3.029447,67,4116.879211
1.286467,64,4117.006414
101.683961,56,4117.119172
3.625866,81,4117.293666
100.749011,97,4117.479045
3.36615,66,4128.892431
4.745082,77,4129.044677
4.275485,71,4129.183597
1.673831,68,4129.314493
100.922849,58,4129.43103
0.777142,75,4129.595682
4.200758,87,4129.76963
4.892004,80,4129.936097
-1.446429,117,4130.165918
101.162616,41,4130.24349
2.041247,86,4130.414065
101.5312,62,4130.533885
101.767699,61,4130.653667
4.025778,63,4130.781946
3.733239,73,4130.92485
100.196679,64,4131.049433
0.026365,150,4131.345223
3.828299,62,4131.467243
0.332767,67,4131.600702
102.758849,71,4131.738663
0.317944,96,4131.93582
3.581658,67,4132.072572
100.45622,62,4132.196433
3.047293,64,4132.329993
3.510812,99,4132.534676
2.261065,72,4132.676329
0.62718,83,4132.843214
102.514151,67,4144.214883
100.885889,57,4144.335063
3.340707,60,4144.459726
105.955017,66,4144.596498
101.533284,66,4144.745415
2.631352,67,4144.892473
1.71235,64,4145.02565
0.442202,86,4145.200295
3.354942,61,4145.32793
0.73613,98,4145.533157
4.952888,71,4145.678789
101.153912,102,4145.883152
2.338637,73,4146.029384
-0.806943,133,4146.288383
103.746499,63,4146.415025
3.925019,66,4146.544422
1.079937,97,4146.742228
3.156592,62,4146.868879
102.728222,62,4146.993288
1.331888,95,4147.182746
102.212802,57,4147.296059
103.606328,64,4147.429891
2.443817,69,4147.570166
4.93488,85,4147.757607
1.092574,1000,4161.051759
103.02141,65,4161.182719
3.872339,70,4161.32253
103.360677,57,4161.437156
101.162373,32,4161.501921
0.98137,90,4161.683558
3.009803,60,4161.802819
4.315113,67,4161.940175
2.191828,77,4162.091159
100.312405,22,4162.135415
104.843102,58,4162.248358
1.402282,82,4162.412312
101.911603,72,4162.553356
2.99474,77,4162.712258
-0.697624,134,4162.9817
100.431267,66,4163.112857
1.556943,72,4163.257103
0.825851,84,4163.425139
3.99363,73,4163.571705
100.741148,89,4163.7654
103.047493,58,4175.142967
3.214607,66,4175.282649
3.028891,87,4175.460778
3.686216,67,4175.599357
2.283879,73,4175.748248
101.472014,70,4175.890362
3.088487,71,4176.031755
5.051405,63,4176.156103
3.905403,71,4176.294194
104.320898,55,4176.402063
105.245741,69,4176.537384
1.931252,78,4176.69226
0.95356,83,4176.87003
102.400556,74,4177.017083
103.063357,81,4177.178251
1.318392,90,4177.357204
100.86211,67,4177.490917
100.865988,46,4177.58028
2.776983,64,4177.707666
102.1435,77,4177.860036
100.638927,77,4178.016934
100.950887,78,4178.177141
100.852001,79,4178.338178
3.837918,61,4178.46527
103.988362,72,4178.612531
0.725799,81,4178.780627
2.063916,84,4178.952854
4.456545,73,4179.093665
4.066197,90,4190.562795
2.516965,61,4190.68728
101.119997,61,4190.813194
0.258951,97,4191.020826
0.526684,109,4191.240752
4.190486,65,4191.367228
2.548451,64,4191.493609
2.031448,68,4191.629925
-0.38506,1000,4193.653886
101.428476,96,4193.844095
1.422513,73,4193.987623
0.190144,84,4194.150929
101.757626,83,4194.315732
102.241718,75,4194.45867
105.149968,60,4194.57744
5.020273,69,4206.009161
100.920061,54,4206.121599
101.516387,128,4206.387324
-0.56258,311,4207.023043
4.601357,72,4207.184843
1.365937,73,4207.345517
1.197474,61,4207.470555
2.648408,74,4207.628352
100.495881,67,4207.768085
2.117054,80,4207.932627
100.77048,83,4208.103524
102.634116,62,4208.225154
4.645033,84,4208.406893
5.328633,69,4208.566131
4.880517,71,4208.713514
5.171236,63,4208.844134
1.512801,88,4209.021694
103.939021,73,4209.17402
1.63775,79,4209.335164
1.792219,60,4209.461034
2.935284,94,4209.656384
4.928519,65,4209.791579
103.430521,68,4209.931746
4.489609,86,4210.109922
103.953435,61,4221.437945
1.215682,85,4221.614007
3.402015,71,4221.759532
4.041445,68,4221.899292
4.447365,61,4222.029262
104.618383,68,4222.169762
1.041604,121,4222.421351
1.729361,71,4222.571259
3.031158,94,4222.763339
3.85508,73,4222.905297
4.379463,62,4223.044668
2.6521,68,4223.178081
101.528158,51,4223.279584
-0.034422,97,4223.470922
4.903283,77,4223.62349
1.447425,81,4223.785008
3.67973,79,4223.942392
104.1807,72,4224.084776
101.789089,147,4224.374459
102.821033,69,4224.514986
-0.579708,1000,4237.7555
103.067904,57,4237.869465
5.799768,62,4237.990417
103.22303,68,4238.122844
101.946825,76,4238.274019
101.203217,77,4238.424807
4.604947,71,4238.564328
2.543143,65,4238.692394
100.975772,70,4238.829163
102.542917,59,4238.947595
-0.238497,113,4239.166768
4.26738,99,4239.35771
101.483928,60,4239.476249
4.209712,78,4239.625066
4.857247,69,4239.767481
4.582636,72,4239.909151
0.682166,74,4240.056197
3.881716,61,4240.178458
4.860078,65,4240.305185
3.992653,64,4240.432338
2.525723,64,4240.560657
3.2351,65,4240.687239
3.093424,65,4252.071372
0.888268,118,4252.319636
4.140488,69,4252.45981
1.532674,71,4252.61886
103.844719,72,4252.771278
104.303771,73,4252.932689
1.726793,73,4253.083167
3.759427,61,4253.215408
101.831872,58,4253.334509
102.28297,61,4253.461378
1.11019,70,4253.599754
102.552035,69,4253.733793
3.186144,66,4253.867552
3.152482,69,4253.999663
102.610891,60,4254.12122
3.352089,66,4254.257882
0.256964,120,4254.508063
4.925403,78,4254.668046
2.409985,60,4254.79676
4.263811,68,4254.930972
102.769178,67,4255.059546
1.323786,74,4255.207105
3.221948,60,4255.325248
4.593363,81,4255.486853
5.802493,63,4255.612337
3.748852,66,4255.743556
101.270059,72,4255.884629
3.325099,80,4256.039407
102.569279,63,4256.162986
100.848191,69,4267.539268
1.376952,74,4267.687565
106.037862,65,4267.814388
3.964418,70,4267.952217
3.274226,65,4268.082258
100.361093,77,4268.233859
1.106261,86,4268.415133
1.265291,74,4268.571712
0.175944,80,4268.736931
1.582956,69,4268.872231
1.75263,70,4269.02701
3.970239,69,4269.165239
103.698275,65,4269.289935
101.928362,68,4269.421833
101.996235,75,4269.57181
2.133258,61,4269.696487
102.209165,64,4269.822165
101.551343,71,4269.959463
0.766342,100,4270.153931
1.611914,70,4270.291076
100.743532,67,4270.422801
2.736942,61,4270.540981
-0.150325,88,4270.714674
1.204693,87,4270.886464
101.673835,59,4271.00404
100.82579,57,4271.115839
2.546447,70,4271.248196
101.680023,71,4271.388938
5.613557,81,4282.792303
1.848991,69,4282.928711
103.042104,77,4283.096739
1.947208,86,4283.275104
2.009902,75,4283.434619
2.461595,71,4283.579328
1.913952,60,4283.70502
101.095127,65,4283.84541
1.818499,69,4283.986964
1.051687,71,4284.135083
0.48241,80,4284.300815
3.366184,77,4284.470954
1.008339,84,4284.64322
2.024693,73,4284.796911
104.101198,61,4284.920555
3.855681,60,4285.041162
5.323404,65,4285.169784
0.901728,107,4285.383331
3.422803,83,4285.546758
0.777449,75,4285.697504
4.06214,64,4285.829338
2.933914,67,4285.968326
2.463148,77,4286.125804
0.328027,91,4286.3131
4.938051,63,4286.44505
3.190325,71,4286.59396
2.983052,74,4286.746532
101.152792,75,4286.892293
104.672846,69,4298.398989
5.020683,63,4298.52586
102.867259,54,4298.634949
4.658807,69,4298.789806
0.7529,91,4298.965629
2.935099,79,4299.129636
103.187632,71,4299.266558
5.263461,62,4299.386513
100.876413,103,4299.586235
5.064996,72,4299.727742
-0.159954,103,4299.9372
101.107563,89,4300.121662
5.697002,82,4300.305414
3.539687,89,4300.493393
4.722681,75,4300.643928
0.500266,120,4300.877668
1.311889,122,4301.123293
1.238409,74,4301.268956
3.928914,97,4301.463625
4.071208,62,4301.586314
1.417301,94,4301.770065
103.005281,60,4301.888556
2.450443,69,4302.030497
3.271926,69,4302.174126
3.010351,67,4302.312499
3.962047,60,4302.435711
3.471675,70,4313.886589
3.674232,102,4314.103336
101.280781,43,4314.185731
103.420876,72,4314.327677
101.190981,74,4314.473419
3.140916,66,4314.602679
5.22431,73,4314.742566
1.522968,93,4314.935544
3.669619,77,4315.084131
1.84843,59,4315.202416
-0.14034,526,4316.273329
0.726877,127,4316.533741
1.742493,63,4316.65967
0.022174,1000,4329.852757
3.415632,74,4329.993378
5.264071,85,4330.163567
5.027976,63,4330.288766
2.882821,61,4330.409158
101.307251,79,4330.56406
3.32484,79,4330.734889
0.029006,95,4330.926249
4.357684,69,4331.058306
100.758803,57,4331.170232
103.021775,61,4331.287934
-0.127625,81,4331.45062
5.760556,75,4331.603064
5.001238,67,4331.738457
100.425756,63,4331.866668
2.804999,80,4332.041894
3.972089,73,4332.194296
4.410367,61,4332.320138
102.455784,61,4332.448032
100.596749,56,4332.565229
1.328732,91,4332.754
101.502231,75,4332.902927
5.093541,87,4333.073027
0.785227,70,4333.212401
2.520578,70,4344.714244
1.196727,89,4344.902984
101.822403,56,4345.009344
1.684366,75,4345.159837
100.620181,70,4345.295533
2.782589,77,4345.448422
4.611006,65,4345.576024
0.950163,84,4345.740737
1.258081,61,4345.858953
101.324057,66,4345.986812
6.160134,75,4346.133526
2.213159,80,4346.29319
4.113105,69,4346.42709
4.892206,61,4346.54612
101.062808,80,4346.702554
101.226796,59,4346.829397
4.410857,74,4346.982495
4.908886,63,4347.111898
2.809726,79,4347.272147
5.070921,79,4347.432058
4.495035,64,4347.567286
1.773584,76,4347.719663
4.53142,76,4347.876601
3.988446,76,4348.031724
3.076869,64,4348.16209
4.121741,67,4348.298682
2.79588,65,4348.428745
1.849019,74,4348.580609
1.399293,101,4360.006319
102.277946,52,4360.113509
2.189775,74,4360.256817
1.950082,73,4360.398351
100.615031,88,4360.570894
0.343239,70,4360.712408
105.908957,68,4360.844952
3.260747,65,4360.971908
4.652738,82,4361.149248
3.3546,70,4361.291323
2.097411,72,4361.431892
101.931229,53,4361.537296
1.192688,84,4361.70859
-0.169489,83,4361.877023
3.510743,77,4362.028341
-0.279467,112,4362.249883
101.58477,493,4363.222152
2.615084,60,4363.344565
5.459675,65,4363.477308
0.287939,80,4363.635643
1.117129,79,4363.793011
3.206444,78,4363.951877
103.249526,64,4375.266403
102.43402,71,4375.405469
102.248325,56,4375.515117
103.025533,49,4375.62423
101.398397,100,4375.828832
1.995185,74,4375.974262
2.224193,74,4376.12261
102.814541,67,4376.255151
101.580409,81,4376.412993
1.357675,73,4376.560569
3.785835,70,4376.698708
2.49485,72,4376.838153
101.162966,54,4376.943714
101.49865,141,4377.226209
101.831015,78,4377.381182
4.559185,69,4377.518586
100.788804,59,4377.634656
100.89236,95,4377.830673
3.505783,77,4377.985138
101.5928,38,4378.061311
2.830401,74,4378.209873
102.808364,67,4378.341558
2.721577,72,4378.491493
2.192308,68,4378.632163
3.13555,73,4378.783151
3.236226,76,4378.933202
0.555934,85,4379.102556
102.18932,67,4379.238149
4.113288,65,4390.559986
101.040833,58,4390.677119
0.999676,64,4390.805455
3.651549,88,4390.976928
101.508529,64,4391.101066
2.580584,73,4391.24656
101.189338,78,4391.403644
3.318193,79,4391.559616
4.536652,96,4391.762732
102.30321,68,4391.89982
4.195028,68,4392.037167
101.606682,120,4392.27341
1.810415,66,4392.402876
100.288511,63,4392.530676
5.050122,67,4392.666853
100.601219,56,4392.777196
1.319253,102,4392.979141
4.935113,69,4393.116459
4.304305,78,4393.267166
4.989762,81,4393.429192
0.630441,68,4393.561632
-0.157908,202,4393.966221
2.698458,68,4394.099511
104.801758,60,4394.21592
3.547907,75,4394.360269
102.255431,65,4394.491094
3.487779,80,4405.94083
102.475743,64,4406.067585
4.600925,66,4406.200422
-0.260393,81,4406.374104
3.883055,79,4406.527983
1.044193,74,4406.673371
4.510164,84,4406.837754
102.998436,69,4406.973855
4.462229,67,4407.109689
101.223395,41,4407.190593
-0.250119,561,4408.303693
3.077865,69,4408.441906
2.894701,67,4408.596645
2.256243,65,4408.726467
101.11247,65,4408.853715
4.389271,90,4409.028616
2.052458,84,4409.193006
4.243708,68,4409.325287
4.812015,67,4409.458669
0.334203,69,4409.596648
100.943835,63,4409.718383
0.313838,1000,4422.903646
3.400994,86,4423.074123
1.916473,114,4423.300718
101.879525,76,4423.450418
1.228351,122,4423.702381
105.925081,69,4423.840087
-0.626903,120,4424.084285
101.627301,54,4424.185463
100.74042,58,4424.300424
3.809261,68,4424.436211
2.863513,90,4424.614711
3.843926,71,4424.754097
103.375244,55,4424.861908
100.742463,77,4425.013085
3.312626,66,4425.143507
4.09841,90,4436.580586
1.327567,76,4436.733058
5.317528,61,4436.854109
0.886487,117,4437.083206
101.704247,57,4437.196115
105.673586,64,4437.319845
5.151778,63,4437.460283
-0.10116,103,4437.667271
4.017076,60,4437.783301
3.516929,67,4437.918419
-0.520381,1000,4439.893221
102.305824,66,4440.022288
101.84933,96,4440.210473
3.416935,76,4440.361887
4.173426,72,4440.499381
101.41033,59,4451.825958
100.860162,46,4451.927013
4.870042,71,4452.075692
102.611998,52,4452.176924
2.97269,82,4452.335603
2.382972,60,4452.466777
3.386781,75,4452.615848
104.211867,77,4452.767789
101.926801,52,4452.869847
3.091314,72,4453.018787
101.833124,77,4453.178073
1.826023,73,4453.324599
101.883501,58,4453.434476
0.871719,71,4453.573207
3.638023,100,4453.772609
-0.16753,91,4453.952507
2.429871,89,4454.127524
2.582827,71,4454.269133
4.474305,80,4454.424806
101.219419,84,4454.587503
2.044963,74,4454.733301
4.296557,70,4454.869836
3.01388,72,4455.009404
1.112542,83,4455.172372
3.360397,69,4455.307067
102.254571,53,4455.407461
1.49642,95,4455.592655
4.87959,69,4455.728715
1.32515,70,4467.04294
3.01302,82,4467.20662
1.16876,63,4467.332608
100.625635,57,4467.444206
100.31642,53,4467.553847
102.782474,70,4467.700972
3.766533,70,4467.837532
101.674936,65,4467.96396
103.125432,69,4468.101487
4.509486,64,4468.229494
101.025142,60,4468.346278
4.807782,88,4468.520997
0.306003,225,4468.965399
4.26454,62,4469.088254
4.673589,68,4469.225434
103.27936,67,4469.35523
4.282168,67,4469.489841
2.653119,83,4469.65363
2.169417,65,4469.780288
3.423371,77,4469.932285
3.798341,67,4470.0603
102.186878,73,4470.205659
5.635959,62,4470.329149
2.387154,78,4470.485046
104.664076,77,4470.635522
1.690795,96,4470.822863
104.283986,65,4470.950683
1.561284,80,4482.380343
102.502634,65,4482.516917
102.018323,75,4482.667723
101.82164,74,4482.816406
1.100512,150,4483.107938
3.494218,69,4483.244242
4.369949,62,4483.373154
1.535224,90,4483.546174
3.328978,78,4483.702005
101.642774,78,4483.867249
1.215464,86,4484.036361
3.881442,65,4484.16665
3.2522,68,4484.301785
3.979639,72,4484.443976
102.738104,53,4484.545534
102.963557,58,4484.66098
4.580536,114,4484.896845
106.198712,69,4485.035423
5.347146,66,4485.16584
100.840635,79,4485.333998
101.210964,60,4485.460535
2.224203,81,4485.627543
102.994283,69,4485.768775
2.191695,69,4485.910594
103.45911,75,4486.067239
3.455314,72,4486.218843
101.864282,53,4486.327523
2.991036,77,4486.493376
2.93837,70,4497.830476
101.077123,88,4498.017963
3.034651,66,4498.149973
4.009438,70,4498.286494
100.604437,68,4498.428154
5.03026,81,4498.585416
2.533945,65,4498.713658
103.049145,69,4498.853081
0.686455,845,4500.512482
1.348889,78,4500.670627
0.649914,79,4500.835749
4.855991,78,4500.999328
4.166477,63,4501.132868
103.953382,61,4501.261549
1.689618,59,4501.385828
5.782285,70,4501.533985
2.479838,74,4501.685143
1.402255,95,4513.244803
3.879027,61,4513.366753
2.056248,68,4513.50847
5.850538,65,4513.644437
2.846034,73,4513.798157
2.326501,121,4514.047497
101.52813,83,4514.217378
1.285067,71,4514.374231
0.372777,75,4514.532561
-0.052745,82,4514.701601
-0.544638,85,4514.890107
0.744363,73,4515.044489
3.945685,70,4515.190182
101.449284,75,4515.343668
5.135361,78,4515.503176
3.804797,61,4515.633214
2.96896,60,4515.757196
101.169604,71,4515.901963
100.755739,80,4516.07083
3.485088,91,4516.25808
1.996771,188,4516.636863
101.204842,82,4516.80144
103.436115,62,4516.926809
5.918025,64,4517.050985
101.825149,111,4517.269869
102.01134,73,4517.410836
2.25605,61,4528.892735
4.030204,61,4529.02212
4.313785,69,4529.181632
1.576584,63,4529.317996
100.993292,95,4529.510961
1.763877,95,4529.707528
1.215438,71,4529.854378
101.129203,46,4529.9527
2.982503,76,4530.099599
1.675216,69,4530.235284
104.162226,71,4530.37757
5.53862,88,4530.549697
104.882611,64,4530.675718
0.915872,77,4530.82638
-0.03665,148,4531.119987
1.317032,69,4531.256905
-0.129664,79,4531.409021
0.90222,84,4531.578279
0.513222,151,4531.871905
4.582663,61,4531.992288
101.659367,70,4532.139979
100.708065,139,4532.424016
3.233068,75,4532.576971
101.094204,32,4532.642217
3.252189,72,4532.786454
3.71638,72,4544.265998
3.857148,91,4544.469817
104.560246,63,4544.597058
103.83834,56,4544.712555
4.738869,68,4544.851481
5.162694,66,4544.983368
5.76735,66,4545.121209
100.744647,80,4545.284973
4.211824,61,4545.404527
3.362736,64,4545.526785
1.218138,61,4545.648024
3.746088,90,4545.824802
101.965961,50,4545.923227
3.930015,75,4546.068863
101.150341,61,4546.189515
1.215973,108,4546.416991
4.047169,87,4546.592983
101.481473,68,4546.726648
0.993369,317,4547.358849
100.880109,145,4547.661994
6.146926,64,4547.788751
3.225745,88,4547.964857
1.660175,80,4548.127615
-1.113483,294,4559.900954
0.65892,101,4560.101476
3.462003,77,4560.254174
100.682053,60,4560.372274
3.87058,63,4560.499353
100.359413,77,4560.682181
100.499764,25,4560.730402
3.593857,60,4560.84966
4.465275,78,4561.003901
4.697158,69,4561.143891
1.02707,92,4561.327676
101.049188,30,4561.390784
100.859998,72,4561.532973
3.523633,71,4561.672161
1.191075,80,4561.826159
-0.393549,85,4561.991228
102.231999,53,4562.096902
1.401933,82,4562.258568
2.029945,82,4562.419923
5.620684,66,4562.550194
-1.632931,110,4562.770362
4.028312,89,4562.947262
102.210677,68,4563.080376
1.682048,80,4563.236923
0.872207,91,4563.416588
102.262955,63,4563.539537
-0.472266,1000,4576.729733
2.376446,69,4576.864562
3.772895,73,4577.009083
1.128874,83,4577.175104
2.745629,64,4577.302898
2.783632,68,4577.439324
100.847036,116,4577.663164
5.254891,62,4577.786555
2.589586,67,4577.916923
2.116372,71,4578.059141
101.787918,78,4578.214303
101.60532,100,4578.413568
100.777989,86,4578.583161
4.172864,69,4578.718477
2.284687,65,4578.848844
0.766583,98,4590.292802
102.513905,57,4590.40936
102.272509,65,4590.539039
105.122605,64,4590.662924
4.214048,65,4590.796403
4.619842,67,4590.928817
3.08375,63,4591.06078
3.020819,61,4591.18087
4.659892,65,4591.313409
4.721625,100,4591.511227
2.928106,98,4591.718476
3.022044,62,4591.844176
100.736827,33,4591.909734
103.027515,56,4592.020226
1.264529,100,4592.2184
0.696237,83,4592.381341
1.313755,69,4592.517705
3.460065,69,4592.653606
0.951468,87,4592.822429
1.395151,88,4592.988626
2.22371,74,4593.136887
3.024583,66,4593.265939
101.472262,48,4593.363488
100.771499,77,4593.515225
3.63932,99,4593.709162
2.433782,68,4593.850299
0.245693,71,4593.99104
100.991387,63,4594.114129
106.088573,63,4594.240315
0.748141,76,4605.61907
105.476314,74,4605.783285
5.6109,65,4605.909092
2.527848,74,4606.05386
5.253837,72,4606.199337
3.154563,81,4606.358414
3.136072,58,4606.481269
3.248272,61,4606.604238
2.114045,79,4606.763152
0.410253,91,4606.941373
4.942769,60,4607.060348
3.16153,74,4607.204979
0.007247,1000,4609.190893
2.330993,74,4609.33835
1.56894,68,4609.471924
2.813328,90,4620.841087
4.820937,63,4620.968688
1.510721,120,4621.200408
3.911314,66,4621.331683
3.915449,77,4621.486649
-0.808937,67,4621.617888
1.517979,83,4621.785027
3.311213,80,4621.949073
1.9284,72,4622.087584
1.12502,76,4622.235383
3.708911,92,4622.434759
2.100948,100,4622.6277
3.680262,72,4622.76786
4.12652,74,4622.914067
5.538099,85,4623.08327
101.440475,55,4623.194287
4.863882,70,4623.332479
3.173791,69,4623.47013
1.634346,93,4623.649217
4.627685,61,4623.77264
1.385589,76,4623.926836
4.735522,86,4624.097793
5.784486,78,4624.25538
-0.137073,83,4624.421062
2.975742,69,4624.556453
1.64848,94,4624.741996
2.728737,100,4636.107641
4.772692,80,4636.275896
-0.023819,86,4636.454871
0.926331,74,4636.602396
4.788777,69,4636.737924
1.101713,92,4636.921798
101.533518,69,4637.056588
1.969234,84,4637.221861
103.203223,48,4637.320064
0.600733,73,4637.466363
2.729505,70,4637.606056
1.223828,105,4637.813917
103.632947,55,4637.927262
4.69102,90,4638.106435
2.081782,73,4638.253078
0.922374,75,4638.405007
3.141829,65,4638.534754
1.354521,89,4638.709267
0.9067,74,4638.859986
2.858511,61,4638.979861
2.963972,75,4639.126558
5.717185,75,4639.276603
3.960618,68,4639.410024
101.189091,117,4639.644057
4.15653,67,4639.776195
3.310703,94,4639.961084
1.319819,73,4651.389715
101.401535,93,4651.575392
-2.100063,481,4652.536041
2.201321,65,4652.662282
5.840668,77,4652.825646
5.235494,75,4652.981833
3.575263,69,4653.117601
-0.447737,114,4653.342856
2.492428,81,4653.504972
2.682054,61,4653.624424
4.611893,60,4653.74325
0.836803,82,4653.909059
1.503911,70,4654.050583
3.571468,59,4654.168799
101.52496,72,4654.312811
0.015827,77,4654.465059
1.529214,85,4654.638124
100.692289,66,4654.769431
3.072341,59,4654.888418
1.605095,71,4655.032463
5.553269,60,4655.149962
2.514336,95,4655.353502
-2.142158,230,4666.99256
0.888317,81,4667.15137
105.982279,69,4667.301038
101.957941,71,4667.444798
0.547105,83,4667.604933
-0.846841,122,4667.854419
1.456413,83,4668.018156
1.818194,71,4668.159102
1.68975,89,4668.33373
-0.881507,84,4668.500725
100.895541,73,4668.644281
4.452614,59,4668.79332
0.21287,81,4669.011877
2.678109,70,4669.174498
102.800542,72,4669.32311
3.033748,79,4669.480929
1.962512,68,4669.616341
1.802533,72,4669.7591
4.042526,76,4669.90957
4.04209,65,4670.039366
4.902357,60,4670.157678
1.594228,135,4670.418702
101.227373,79,4670.570547
2.415465,66,4670.69922
104.430196,62,4670.823835
103.256364,70,4682.16742
4.539492,61,4682.287737
2.690108,62,4682.41061
3.417137,68,4682.554183
100.796199,76,4682.707238
4.787281,76,4682.867415
3.484619,64,4682.999103
102.761868,69,4683.145338
2.144453,60,4683.268615
4.021415,101,4683.479521
3.645251,69,4683.620338
101.518722,88,4683.8025
102.020541,62,4683.92883
5.895152,78,4684.089008
102.870759,71,4684.238512
4.026752,61,4684.366529
3.605283,61,4684.494634
0.845815,94,4684.688641
100.992178,62,4684.816655
2.20886,105,4685.024894
4.670048,83,4685.187952
2.92032,74,4685.332254
4.43382,63,4685.456581
1.977074,70,4685.609341
0.270067,81,4685.77413
102.209324,56,4685.884745
4.658344,100,4686.078709
5.519755,71,4686.221735
2.355678,60,4697.53261
2.864393,87,4697.726383
-0.867743,107,4697.937178
4.088788,77,4698.091746
1.515143,79,4698.244823
2.320514,79,4698.401581
3.37778,100,4698.61125
2.537366,84,4698.778126
3.681294,64,4698.908203
4.345909,139,4699.188405
100.725617,69,4699.324953
103.966245,53,4699.431133
4.073643,88,4699.607567
102.15328,57,4699.72199
3.003083,71,4699.859212
2.641067,72,4699.99541
102.277407,60,4700.115899
0.015088,161,4700.431711
3.015785,82,4700.600005
101.116589,77,4700.755344
1.365217,80,4700.910114
101.532262,73,4701.051606
1.526602,76,4701.199332
101.642264,67,4701.335002
2.123221,87,4701.508636
2.759481,60,4712.802711
1.692219,108,4713.028021
2.054018,60,4713.147421
1.091125,134,4713.409136
2.8075,61,4713.526254
3.973835,148,4713.82153
0.187003,78,4713.975991
6.259718,65,4714.106431
0.509109,73,4714.248796
5.179768,69,4714.398099
3.970801,79,4714.555517
101.461838,62,4714.675952
4.964468,66,4714.806908
4.590346,82,4714.970357
4.51046,88,4715.144333
4.72722,68,4715.278461
102.207818,71,4715.426987
4.745234,90,4715.609388
100.87724,94,4715.791542
2.40344,93,4715.973369
101.662039,75,4716.118728
3.141939,61,4716.24192
0.025006,96,4716.43749
101.410834,75,4716.588356
2.320762,71,4716.726516
4.614195,70,4728.038724
100.681489,78,4728.193587
0.18759,77,4728.34557
102.099274,59,4728.476426
2.470532,60,4728.59472
4.212638,64,4728.720689
103.784708,66,4728.899426
3.479046,72,4729.094035
1.416117,82,4729.268913
100.697489,251,4729.765083
2.523462,71,4729.907749
2.835119,78,4730.063119
2.408785,71,4730.204385
-0.139462,107,4730.416344
3.13748,106,4730.645517
4.011468,61,4730.768711
2.052728,134,4731.036569
102.580306,66,4731.16614
104.905138,63,4731.29028
2.299059,66,4731.419299
3.527152,70,4731.558908
0.960245,84,4731.731122
3.26327,86,4731.903784
4.1565,64,4732.032592
103.164417,70,4732.17715
101.16962,74,4743.51686
105.5535,69,4743.668302
4.230591,67,4743.801044
3.948451,69,4743.936742
1.7225,76,4744.087318
5.292412,60,4744.205669
1.57845,104,4744.417092
4.165006,68,4744.553753
0.529545,100,4744.750199
0.156029,1000,4746.728956
1.439913,69,4746.863538
1.025481,94,4747.049764
5.558031,64,4747.17766
0.523877,112,4747.400518
3.256436,84,4758.855315
100.5074,266,4759.373643
0.856069,82,4759.535344
3.85029,67,4759.667827
4.385975,78,4759.827799
1.161921,85,4760.003211
1.093404,64,4760.128932
1.699761,104,4760.330623
101.864198,63,4760.455743
0.869254,93,4760.639707
3.074513,89,4760.813092
5.871528,78,4760.966136
104.460178,70,4761.10605
104.765813,69,4761.243858
1.682335,73,4761.39204
104.092745,71,4761.530011
2.322615,75,4761.68032
4.857869,69,4761.815062
3.723596,74,4761.962618
101.274241,90,4762.136911
4.477597,69,4762.272384
-0.968464,101,4762.473908
1.321759,84,4762.636317
3.188484,85,4774.042555
103.049697,69,4774.180922
102.959284,72,4774.323326
5.175444,80,4774.48503
101.731604,75,4774.645482
100.354115,70,4774.782506
4.867775,71,4774.921398
3.705534,68,4775.063515
0.299032,1000,4777.043571
4.250769,62,4777.169366
1.52696,88,4777.344849
104.883363,70,4777.488167
100.858632,240,4777.963898
1.153372,116,4789.471556
5.174913,86,4789.646245
5.399388,84,4789.814184
3.949505,64,4789.943854
100.697738,82,4790.11105
5.076539,75,4790.265594
2.637826,72,4790.414359
4.06579,85,4790.583543
3.480519,61,4790.709037
2.715777,69,4790.844855
2.249966,62,4790.972632
100.523827,82,4791.147968
0.186959,85,4791.315903
104.823972,65,4791.442
101.118409,59,4791.558778
101.449116,82,4791.721623
4.335365,84,4791.8894
102.430773,67,4792.021589
4.173561,64,4792.147915
2.245132,72,4792.286943
1.576287,394,4793.077204
1.097049,101,4793.299215
2.379644,70,4793.439987
3.269825,60,4804.72699
4.318949,66,4804.854954
4.766543,70,4804.990517
2.710801,80,4805.149164
101.271758,58,4805.264156
4.824926,67,4805.413743
101.8664,78,4805.571162
2.990078,82,4805.730918
1.322288,63,4805.855144
3.237527,79,4806.014234
101.455656,134,4806.27998
2.129413,64,4806.413904
4.220394,89,4806.592115
104.735375,75,4806.742872
1.834964,148,4807.024395
3.061514,78,4807.172764
106.172651,66,4807.300795
101.568731,64,4807.428192
101.615535,87,4807.598885
2.502904,70,4807.738994
1.08463,68,4807.873312
0.380076,92,4808.053338
0.102084,107,4808.261707
100.878236,75,4808.416299
104.017416,61,4808.535927
1.898408,203,4820.222389
5.039869,77,4820.395983
4.913163,72,4820.543284
3.124695,88,4820.731905
101.177752,78,4820.887469
105.484456,63,4821.009585
5.105103,63,4821.137436
1.347582,94,4821.323809
3.264426,87,4821.493263
100.509083,83,4821.660608
2.217943,83,4821.821387
102.776301,55,4821.932093
4.580376,60,4822.049467
102.217401,51,4822.14933
1.352647,83,4822.31617
3.01607,60,4822.432333
3.713254,62,4822.552045
2.485544,64,4822.677448
102.323045,47,4822.768018
3.483772,67,4822.902573
4.723521,62,4823.023735
3.987363,100,4823.218972
101.706314,62,4823.340976
102.294043,52,4823.441517
0.595547,71,4823.581199
2.812773,81,4823.742966
101.058164,30,4823.803221
104.088055,70,4823.944391
104.514559,59,4824.060651
0.46209,1000,4837.319113
3.108225,82,4837.479169
2.210941,70,4837.614547
2.310496,62,4837.737415
4.011556,62,4837.863643
2.877327,71,4838.002431
3.090526,67,4838.130907
1.995868,92,4838.316757
-0.599147,131,4838.572641
100.514931,29,4838.628795
3.509579,67,4838.764698
1.789731,146,4839.055033
2.317618,89,4839.230081
101.010482,74,4839.383708
4.409709,62,4850.700162
0.147812,86,4850.869064
2.646386,79,4851.047524
3.134342,61,4851.170839
6.026147,65,4851.303479
2.102514,69,4851.438482
0.156473,79,4851.593353
3.611669,79,4851.753667
101.211854,82,4851.916448
100.907646,26,4851.968663
2.678334,96,4852.156812
1.359327,87,4852.329563
3.56792,61,4852.448018
101.186487,70,4852.587389
1.513503,78,4852.736275
0.012081,81,4852.894001
2.699434,127,4853.140368
104.363305,63,4853.26717
101.571663,91,4853.442051
2.301087,62,4853.564194
1.378864,98,4853.754805
4.926247,67,4853.887421
4.428435,81,4854.048078
3.915775,67,4854.178063
-0.523098,86,4854.347228
2.496996,64,4854.47675
1.574357,135,4865.906307
100.537716,77,4866.081161
1.631397,95,4866.266838
3.814163,107,4866.482316
2.973943,66,4866.615469
104.328944,61,4866.737659
1.866004,61,4866.859532
1.913859,61,4866.98235
3.381031,93,4867.164834
3.051073,71,4867.306158
3.13793,72,4867.454401
4.618485,62,4867.578528
101.386469,76,4867.729148
4.230281,67,4867.858266
0.435367,381,4868.607386
104.711288,69,4868.741486
3.733803,72,4868.883511
3.762881,67,4869.024485
0.205482,97,4869.21391
4.830301,60,4869.334687
0.542929,101,4869.531361
102.378765,72,4869.674425
102.254583,76,4869.825921
0.721636,73,4881.191287
2.993513,69,4881.324092
3.100734,88,4881.500531
5.082325,78,4881.659336
4.983245,64,4881.791958
4.659897,63,4881.912928
2.658046,78,4882.062005
3.112418,66,4882.189311
103.047034,70,4882.331276
0.91231,78,4882.48521
100.23939,59,4882.604181
105.642713,67,4882.738923
6.020731,87,4882.929163
101.304707,77,4883.080265
101.397693,79,4883.236126
101.969316,73,4883.38507
101.49703,90,4883.565725
3.581201,61,4883.68654
1.351194,84,4883.851256
101.33345,72,4883.994664
4.566307,60,4884.117809
3.715194,60,4884.23331
-0.280038,138,4884.506047
1.680794,82,4884.671302
100.762829,63,4884.797059
101.872978,74,4884.943336
104.295239,61,4885.068745
0.030509,133,4896.624141
2.499424,68,4896.756211
2.768444,67,4896.887487
103.751503,72,4897.025764
103.091255,74,4897.189579
3.802016,65,4897.313487
1.143193,73,4897.452618
2.99646,73,4897.592993
100.624782,210,4898.001456
4.124528,103,4898.200989
3.741349,80,4898.357505
1.255033,62,4898.479013
4.025101,120,4898.713888
1.218629,70,4898.852199
0.577429,91,4899.029867
3.06765,90,4899.208248
3.467822,71,4899.346274
2.048451,63,4899.470777
5.129165,63,4899.591934
4.725557,65,4899.72124
3.006376,82,4899.882831
4.86024,65,4900.009539
3.270233,86,4900.177152
2.042205,70,4900.313858
3.586311,102,4900.516261
1.480138,72,4912.004722
1.723678,70,4912.142637
2.008466,69,4912.275954
100.233687,58,4912.391015
1.059237,93,4912.570909
3.127738,76,4912.720073
2.746338,61,4912.84255
3.32787,91,4913.036561
100.751339,114,4913.285249
2.604252,83,4913.446506
0.821819,73,4913.590017
3.609268,72,4913.730802
4.516459,69,4913.869263
2.119033,69,4914.009659
1.85168,91,4914.190281
2.16112,69,4914.327077
102.952232,65,4914.453835
1.192503,71,4914.601684
104.909223,67,4914.735202
102.544085,72,4914.879285
102.032443,78,4915.033436
0.456987,67,4915.167371
1.592131,82,4915.333644
-0.217128,102,4915.533398
1.657893,68,4915.66858
2.690831,75,4915.818609
101.381344,81,4915.983802
4.031486,66,4927.294295
100.909245,250,4927.803589
2.711911,66,4927.931549
4.606008,84,4928.097589
3.139115,78,4928.261671
0.636147,78,4928.413381
3.832033,64,4928.538961
5.282125,61,4928.661389
0.083957,81,4928.824734
0.018105,84,4928.991515
1.724017,64,4929.119396
3.074411,66,4929.251822
100.910126,72,4929.391241
0.826728,96,4929.582994
1.441775,70,4929.724258
2.309176,64,4929.849878
5.041668,62,4929.975298
2.952299,78,4930.126315
4.569531,64,4930.249248
3.353789,72,4930.389152
0.592198,1000,4943.563744
2.213126,96,4943.748819
0.544618,74,4943.893137
2.2982,61,4944.012506
1.922396,92,4944.194684
0.663391,67,4944.327377
1.429397,73,4944.470751
100.858788,91,4944.653783
100.942501,74,4944.799809
5.11721,62,4944.925792
101.274352,55,4945.033476
3.229107,77,4945.199288
0.943463,100,4945.394089
101.510914,94,4945.581895
1.300119,77,4945.736514
100.742179,490,4957.870637
3.768709,65,4957.996087
3.98961,77,4958.148672
101.025028,78,4958.317586
103.417994,67,4958.449267
104.739548,69,4958.583268
4.369227,64,4958.711472
2.978628,68,4958.843792
4.754611,66,4958.976597
101.045316,58,4959.094329
2.160119,71,4959.232534
4.189109,66,4959.360773
101.381144,76,4959.50804
2.556582,88,4959.67961
2.512638,69,4959.814447
1.401568,75,4959.979255
101.370063,92,4960.165615
1.851105,76,4960.320719
100.45906,44,4960.407586
4.837374,76,4960.56143
0.772798,92,4960.745116
0.784505,70,4960.882198
2.224785,89,4961.057908
102.613959,73,4961.199014
2.944372,71,4961.341609
101.239405,75,4961.489848
-2.114874,370,4973.50076
4.738386,67,4973.6455
103.422229,73,4973.793079
104.197665,67,4973.925182
102.110818,138,4974.205813
102.353207,73,4974.348766
2.596658,59,4974.461981
101.304844,63,4974.58749
3.176626,65,4974.719184
1.030957,92,4974.897684
4.246164,65,4975.028372
101.882355,99,4975.23226
100.487952,63,4975.356849
3.777987,92,4975.538348
0.091592,82,4975.701362
1.117345,63,4975.825799
2.022118,76,4975.98052
0.895324,153,4976.282283
4.08277,66,4976.414014
1.645364,78,4976.566125
1.737047,74,4976.711906
1.799361,105,4976.919682
3.921966,69,4977.056569
102.321595,164,4988.556346
3.354517,95,4988.753605
102.405359,49,4988.85588
4.010796,64,4988.978976
1.903788,71,4989.117896
100.555358,22,4989.162066
2.047742,97,4989.349198
101.984306,62,4989.479194
0.28669,82,4989.641664
100.885802,110,4989.854618
2.745362,124,4990.10524
5.642725,73,4990.260329
102.885158,74,4990.406909
4.43904,107,4990.614659
105.785087,67,4990.749428
5.430684,64,4990.874907
102.402078,48,4990.972995
-0.672433,110,4991.190564
1.964786,69,4991.326818
105.17514,65,4991.45586
-1.670728,172,4991.799128
101.779076,41,4991.879844
100.592328,90,4992.057208
101.131418,49,4992.155566
-0.871774,315,5003.991211
101.303591,83,5004.154002
1.509235,71,5004.293377
4.068021,63,5004.414867
4.019408,66,5004.546525
4.258563,67,5004.687409
101.074798,87,5004.859914
101.677375,911,5006.650526
5.219797,80,5006.811125
-0.290426,153,5007.112882
4.655977,63,5007.242012
3.112341,94,5007.423982
104.464837,62,5007.544122
5.922222,62,5018.860082
1.32376,71,5018.99838
-0.413487,82,5019.160495
101.148691,77,5019.315922
4.775958,61,5019.436217
102.824647,47,5019.527325
4.786315,66,5019.659722
4.163514,79,5019.816524
3.450463,78,5019.971598
100.718674,83,5020.136504
0.289731,82,5020.31891
4.521871,62,5020.441967
3.24138,79,5020.593215
4.949609,64,5020.7191
0.491363,94,5020.903313
100.23659,30,5020.966081
1.882855,72,5021.105461
2.386235,71,5021.247275
3.608426,120,5021.485204
1.568216,64,5021.612025
5.863472,69,5021.747164
1.746507,92,5021.928218
4.6515,68,5022.06213
2.708623,66,5022.193639
2.749927,95,5022.380383
4.222997,65,5022.511017
2.334587,67,5022.642368
2.92329,60,5022.764852
4.922405,82,5034.151402
5.90577,75,5034.300231
101.083415,85,5034.486706
2.161109,59,5034.605309
3.198423,69,5034.744942
2.584915,88,5034.917109
1.551396,61,5035.037035
100.982384,51,5035.136995
1.113707,90,5035.3179
1.94661,75,5035.467116
5.929743,66,5035.601402
3.072148,74,5035.753589
-0.365375,110,5035.966842
4.558813,79,5036.127489
4.030164,61,5036.246262
4.780723,68,5036.383557
2.174575,69,5036.519128
5.586263,70,5036.660565
2.255583,76,5036.813106
1.979474,72,5036.956661
2.605313,57,5037.068902
1.39634,78,5037.220947
4.977802,71,5037.359123
1.392174,136,5037.62232
2.670082,67,5037.754799
1.434364,89,5037.930673
4.105445,78,5038.085982
2.282126,68,5049.410985
2.215554,67,5049.540499
5.341704,61,5049.660835
3.855844,77,5049.812666
4.045531,80,5049.97348
101.368942,56,5050.092859
0.208292,102,5050.299816
2.66364,75,5050.452476
4.35164,81,5050.616958
100.740737,79,5050.775308
2.831533,90,5050.966591
1.34156,101,5051.164253
0.147233,79,5051.320644
1.864352,93,5051.50332
4.041426,86,5051.675208
0.637061,98,5051.868694
4.142125,68,5051.998319
105.044524,65,5052.1318
1.11094,87,5052.304231
105.837435,65,5052.432355
101.363466,122,5052.668977
-0.344097,80,5052.825132
100.387296,61,5052.942721
2.146303,73,5053.088991
2.083802,74,5053.236338
101.541117,90,5053.41154
101.160438,68,5064.739696
101.053889,65,5064.881294
1.958112,70,5065.019438
4.349675,66,5065.150085
3.962893,91,5065.32567
-3.460728,485,5066.280342
100.856397,67,5066.414119
-0.522529,83,5066.581692
1.791277,70,5066.719373
1.818393,83,5066.88137
0.90581,99,5067.073488
102.737258,70,5067.210387
3.265661,76,5067.359036
4.534367,63,5067.487949
3.404847,87,5067.65991
5.632499,73,5067.808657
1.801779,85,5067.973009
2.292879,59,5068.09158
100.494571,43,5068.175433
3.745981,77,5068.327745
101.352653,72,5068.472147
105.769542,63,5068.594208
1.625716,92,5079.96375
102.411343,75,5080.109311
1.494446,62,5080.231508
2.95431,70,5080.382418
104.083496,58,5080.510287
4.237326,70,5080.651839
1.636122,70,5080.797392
103.775466,64,5080.933491
3.749185,115,5081.171057
102.0573,70,5081.311313
1.887513,75,5081.458819
1.747854,70,5081.5972
104.955869,60,5081.71177
4.176439,69,5081.848208
2.207541,74,5081.991376
5.243717,61,5082.115072
3.009058,64,5082.236836
2.061194,72,5082.375863
3.81949,84,5082.535999
0.49201,71,5082.676702
3.557764,75,5082.839356
2.398614,66,5082.968336
106.06096,66,5083.097803
101.006279,85,5083.264011
4.229477,62,5083.386608
3.280873,103,5083.589616
5.831534,62,5083.712743
2.53828,99,5083.908994
2.097308,77,5095.253631
100.851365,57,5095.367806
4.53258,79,5095.522821
4.39222,72,5095.666357
4.596599,60,5095.785492
5.157881,64,5095.90736
2.814591,66,5096.037266
4.15173,82,5096.19996
3.406967,60,5096.33406
5.983994,72,5096.475075
4.382678,76,5096.626381
101.429829,44,5096.71322
5.618138,64,5096.852016
3.998905,70,5096.995859
2.237515,66,5097.126082
100.803909,60,5097.243098
2.553255,64,5097.369926
5.725521,67,5097.500349
3.263138,66,5097.629182
2.845518,68,5097.7585
103.222699,72,5097.899621
1.99339,74,5098.045346
104.228323,69,5098.185411
4.375078,66,5098.322684
1.406971,86,5098.512533
102.931235,71,5098.656293
2.522419,84,5098.820482
3.377918,72,5098.964621
4.232354,76,5099.1131
2.66974,67,5099.247668
1.305599,95,5110.594877
3.150176,67,5110.724187
4.856947,64,5110.847141
4.951073,67,5111.000893
1.998841,78,5111.175972
4.173035,69,5111.321333
3.595301,77,5111.483835
1.987143,73,5111.630722
-1.47681,110,5111.854581
2.60867,73,5112.00881
102.102318,59,5112.123506
101.47133,67,5112.261128
0.742435,88,5112.434923
4.58517,79,5112.595696
0.101803,69,5112.733806
2.002569,69,5112.872783
4.938438,72,5113.014205
2.505404,75,5113.177066
3.702489,110,5113.393008
3.026153,68,5113.520907
3.946383,60,5113.636087
3.117766,69,5113.768373
3.19645,85,5113.935325
101.460122,68,5114.063136
2.480286,70,5114.200853
1.524483,76,5114.353106
103.352796,73,5114.49429
1.014876,77,5125.802659
3.702891,60,5125.921627
102.348087,61,5126.039544
104.179216,60,5126.164022
101.624373,84,5126.33933
103.095312,71,5126.482985
4.309507,92,5126.665576
1.741718,70,5126.814108
3.073209,60,5126.932685
102.01042,79,5127.085036
1.410596,62,5127.20786
4.321218,69,5127.346501
3.202719,84,5127.515506
-1.782424,922,5129.339709
1.701915,77,5129.489292
100.847432,56,5129.599163
100.941885,95,5129.785598
3.881532,73,5141.141271
2.54597,68,5141.292655
2.283729,84,5141.462976
2.521361,90,5141.650637
2.404537,71,5141.792591
4.592765,75,5141.941354
4.215701,64,5142.069196
3.443899,73,5142.224166
101.151785,84,5142.388659
101.712172,73,5142.537721
3.7641,71,5142.682245
3.058891,74,5142.830452
1.00656,118,5143.062839
3.645357,82,5143.228595
1.165108,73,5143.375409
4.896918,61,5143.498325
2.310787,75,5143.646674
4.348267,65,5143.773402
-1.626575,687,5145.145409
3.638271,86,5156.532659
1.29474,99,5156.73321
2.853408,60,5156.855348
0.187619,109,5157.076777
3.766822,65,5157.204833
100.665921,66,5157.33575
3.648122,68,5157.475538
1.321162,72,5157.619111
4.589194,64,5157.746793
101.000143,72,5157.903263
2.969506,67,5158.035562
3.984902,73,5158.181924
1.186449,73,5158.326004
2.25961,69,5158.460608
1.961691,88,5158.636682
100.927297,67,5158.7689
3.826667,93,5158.951376
105.243044,64,5159.079466
101.109727,31,5159.138106
3.950626,75,5159.288206
6.118212,63,5159.413989
1.791139,70,5159.55936
1.284957,83,5159.721334
102.621365,55,5159.826807
2.075195,81,5159.991073
101.710527,57,5160.111073
1.487582,89,5160.286419
4.045931,90,5160.463335
3.819343,85,5172.000007
4.590299,76,5172.15887
2.035024,60,5172.277522
3.186571,67,5172.409645
2.057555,73,5172.558863
2.420262,99,5172.751269
2.636813,59,5172.869749
5.095271,81,5173.03901
102.126867,69,5173.178551
3.418474,71,5173.324927
4.992362,64,5173.462212
0.319247,92,5173.651874
101.097946,85,5173.828186
3.382116,109,5174.04581
3.73665,92,5174.229056
1.551155,111,5174.459467
2.579782,78,5174.617058
1.297769,63,5174.74359
101.174611,81,5174.912636
1.500358,84,5175.095991
101.405224,77,5175.255518
2.921925,67,5175.394261
1.183401,71,5175.541792
2.473856,74,5175.693672
102.930216,74,5175.849301
100.200316,83,5176.020275
2.695788,83,5187.417271
3.542039,85,5187.590224
2.835402,78,5187.751263
101.259542,64,5187.879549
1.383334,67,5188.019366
2.529337,71,5188.175765
4.362787,65,5188.317097
0.672828,86,5188.494724
2.538748,62,5188.62207
2.997679,61,5188.746301
1.179884,62,5188.868053
2.391495,71,5189.007153
101.444224,78,5189.159744
3.776972,66,5189.288254
102.183767,77,5189.442545
3.786548,92,5189.625737
101.10368,72,5189.768044
2.385528,69,5189.908416
3.474554,68,5190.046053
104.702712,57,5190.166739
103.758128,69,5190.306344
100.849297,54,5190.418082
3.854967,71,5190.565389
3.201705,69,5190.706919
105.133578,65,5190.832275
1.404113,85,5190.998555
101.207762,72,5191.135585
5.288217,70,5191.274605
4.358554,77,5202.701583
-2.966894,268,5203.262641
1.357787,119,5203.515365
5.067645,62,5203.643892
4.402214,78,5203.814387
1.24986,362,5204.572915
-1.994508,118,5204.815273
1.936853,73,5204.958689
4.092123,62,5205.078873
4.468461,90,5205.251381
104.816761,73,5205.393435
100.479985,70,5205.532689
-1.312853,105,5205.740651
1.997204,61,5205.861012
3.397311,74,5206.009275
2.087474,61,5206.129816
105.778182,68,5206.263306
4.916938,66,5206.392367
101.79722,63,5206.526965
1.430107,70,5206.669076
103.19273,64,5206.793259
3.512851,66,5218.191998
3.491901,69,5218.326514
4.317812,60,5218.448452
1.967176,82,5218.60984
4.362878,66,5218.749866
3.791963,86,5218.927224
105.791479,66,5219.059125
4.741054,74,5219.205807
1.840922,79,5219.371492
3.552338,68,5219.510541
4.511741,70,5219.65373
105.171632,64,5219.788908
4.038504,88,5219.968961
1.177099,79,5220.131385
2.113397,125,5220.391404
-0.011553,104,5220.601741
5.811342,68,5220.742826
0.462085,84,5220.908863
3.049454,62,5221.034929
3.097903,104,5221.241877
1.203947,68,5221.377771
0.032019,103,5221.581102
3.520962,82,5221.745688
1.478564,69,5221.878625
101.098864,84,5222.043827
2.99372,68,5222.175801
101.019373,88,5233.600269
2.891073,69,5233.756145
2.050076,86,5233.931424
2.19562,82,5234.094501
101.678529,71,5234.236281
100.63975,73,5234.380635
100.887528,79,5234.543226
0.397251,102,5234.76084
1.955688,69,5234.898292
102.470422,56,5235.01295
5.116829,63,5235.14286
102.507601,66,5235.275873
2.817162,76,5235.425415
1.074197,106,5235.632557
0.811204,67,5235.763456
3.818242,68,5235.897851
3.366859,66,5236.024668
1.555537,85,5236.188859
4.013402,64,5236.31417
0.576991,1000,5249.653745
3.377994,171,5250.005964
4.421418,61,5250.140022
4.295124,60,5250.265139
100.499304,48,5250.365567
2.033525,69,5250.522985
4.500675,65,5250.655827
5.338341,69,5250.799203
5.708957,73,5250.940415
3.608981,66,5251.068434
101.346567,69,5251.205381
2.532436,84,5251.367483
0.655529,87,5251.540399
3.840308,63,5251.662625
1.952276,70,5251.796389
3.04643,91,5251.976482
1.728807,78,5252.135806
101.660494,39,5252.215663
1.597553,84,5252.391107
3.117759,88,5252.574415
3.141305,63,5252.708754
2.028697,82,5252.875783
2.692802,69,5253.010162
3.399964,68,5264.409309
3.629587,62,5264.532329
0.067232,100,5264.743055
101.126054,77,5264.893776
3.803506,82,5265.054667
-1.531228,111,5265.27823
101.742197,79,5265.437191
4.073054,66,5265.566565
3.097102,74,5265.712589
2.939559,61,5265.830431
3.822382,72,5265.969236
3.030353,70,5266.108036
2.750604,87,5266.279636
101.101531,58,5266.392238
3.286279,84,5266.557505
4.938237,67,5266.688132
2.145701,70,5266.823251
4.831594,65,5266.95221
5.03557,81,5267.116542
4.023676,90,5267.296116
103.003561,71,5267.435891
4.603411,70,5267.575307
104.82326,68,5267.710169
4.012525,62,5267.842685
1.047701,82,5268.003923
2.533618,112,5268.232969
2.203121,103,5268.435883
0.425451,83,5280.052893
3.824861,104,5280.267649
3.881583,115,5280.498688
-0.511366,86,5280.665781
4.671435,60,5280.784539
3.621261,69,5280.922878
1.815686,61,5281.041724
0.772615,78,5281.194694
4.777676,85,5281.371881
105.055514,64,5281.500882
3.198479,67,5281.632335
1.312245,70,5281.770982
4.508578,66,5281.900829
5.027579,66,5282.034529
3.525669,61,5282.154958
1.678455,100,5282.352721
5.946156,85,5282.52663
103.399913,67,5282.665266
4.07025,78,5282.81723
5.56405,75,5282.963599
1.285102,89,5283.138401
105.167169,61,5283.260346
0.191615,81,5283.415917
101.064881,77,5283.567954
105.57982,67,5283.704967
5.435147,62,5283.828156
5.50741,73,5283.968933
5.234998,63,5295.363428
103.346183,54,5295.483175
102.258307,46,5295.575621
1.661581,71,5295.716952
3.992295,197,5296.10749
5.113048,84,5296.269507
1.116312,100,5296.461247
-0.718823,109,5296.678834
2.960047,92,5296.855905
103.460097,54,5296.962411
2.318902,67,5297.090987
4.503919,63,5297.21316
4.198395,70,5297.351957
100.270396,17,5297.387163
103.044813,65,5297.519169
1.588533,91,5297.700707
5.01847,64,5297.829945
2.9479,79,5297.990243
104.565961,58,5298.106197
100.727311,59,5298.224356
100.534452,82,5298.392256
101.959228,97,5298.585167
101.32667,60,5298.702058
4.730993,60,5298.821676
4.113772,72,5298.976058
-0.260299,109,5299.193085
0.034942,70,5310.716625
100.844125,89,5310.891552
3.391261,68,5311.022612
3.444009,70,5311.161345
3.485859,62,5311.28237
102.990009,52,5311.386755
100.927871,76,5311.534896
2.171527,71,5311.673358
2.76419,63,5311.798884
4.335953,63,5311.923626
3.860353,68,5312.061318
0.548592,77,5312.225663
101.448128,63,5312.348711
2.221904,89,5312.523836
4.525861,64,5312.651141
5.50365,75,5312.801469
4.05613,70,5312.945685
5.707576,69,5313.086697
100.563518,63,5313.217867
3.253492,73,5313.370847
2.255776,89,5313.553609
1.942681,74,5313.705507
100.760902,73,5313.851871
104.403996,64,5313.980368
3.416782,72,5314.127432
4.354862,69,5314.264683
2.790013,96,5314.454563
4.280825,72,5314.597837
2.686808,64,5314.73972
2.861252,63,5326.103536
101.551323,84,5326.271324
4.860216,63,5326.394558
4.233125,82,5326.555577
101.736516,66,5326.696553
-0.420058,191,5327.095096
2.715699,71,5327.237634
-0.932488,101,5327.430888
5.048702,68,5327.57047
105.360344,67,5327.710994
5.311755,77,5327.869236
5.18228,66,5328.007762
102.892758,75,5328.162848
102.157011,56,5328.280919
100.78218,52,5328.389863
105.137128,65,5328.523492
101.368728,74,5328.676304
3.658315,101,5328.888626
104.270851,59,5329.012534
1.829253,96,5329.266886
3.516968,74,5329.464955
104.49593,60,5329.587236
2.956925,79,5329.75033
0.907535,69,5329.885574
4.491605,65,5330.014818
4.650064,64,5330.141802
100.735777,61,5330.263654
101.228766,107,5341.733295
3.767025,73,5341.882407
101.512879,81,5342.064531
5.541143,77,5342.222665
-1.828647,380,5342.993863
105.276925,62,5343.116552
2.327671,96,5343.303703
0.446981,116,5343.545473
2.368505,93,5343.730822
103.811446,68,5343.865171
0.997248,87,5344.039741
104.878229,58,5344.159932
1.621528,72,5344.31462
2.91792,83,5344.483812
1.659762,74,5344.636254
105.696921,67,5344.77459
3.665529,60,5344.895945
101.618796,83,5345.07212
4.677454,62,5345.203096
1.312601,77,5345.364895
101.241225,80,5345.535515
1.559264,75,5345.68735
101.610704,84,5357.139282
1.415816,71,5357.277296
2.89602,70,5357.416631
102.26211,69,5357.570864
102.26904,68,5357.707431
101.654686,49,5357.805945
101.029918,85,5357.977197
3.178455,88,5358.152015
3.993491,75,5358.303304
0.349048,96,5358.497738
101.649216,74,5358.647159
101.404765,35,5358.719402
101.207561,47,5358.813627
101.537273,90,5358.994483
2.564886,84,5359.16009
101.638435,69,5359.297339
1.796983,61,5359.417937
1.191858,74,5359.567994
1.049157,73,5359.715494
3.14191,66,5359.855386
1.788717,73,5360.006637
1.36093,70,5360.143691
3.932751,63,5360.26704
2.020682,85,5360.435875
3.447759,66,5360.572865
102.032756,70,5360.715814
3.769383,64,5360.865673
1.89776,70,5361.015701
101.211532,65,5361.148827
101.214819,126,5372.659394
4.464955,64,5372.78161
2.361763,61,5372.899053
103.523471,72,5373.041938
1.719846,70,5373.191873
3.63581,78,5373.344893
103.463804,53,5373.44843
4.142328,62,5373.574746
-1.906886,160,5373.891579
103.725442,68,5374.025263
0.97265,62,5374.146994
-0.913241,121,5374.385353
2.278501,61,5374.50046
1.553019,80,5374.654083
101.602019,96,5374.839126
101.628728,84,5375.003829
2.297199,60,5375.120793
101.187205,92,5375.30499
-0.433297,90,5375.488162
2.812823,81,5375.658982
102.809457,71,5375.797475
0.853013,91,5375.975325
102.131587,65,5376.104956
-2.714032,225,5376.548066
3.382813,70,5387.90475
5.555216,86,5388.078777
1.432938,78,5388.232165
1.181403,61,5388.352007
1.298036,69,5388.49113
1.904963,69,5388.633732
102.105752,73,5388.784494
104.631201,65,5388.914144
5.061479,67,5389.048637
3.070651,78,5389.201709
101.41441,63,5389.344013
100.626008,70,5389.491221
101.384282,71,5389.636088
3.137353,60,5389.761913
100.902863,94,5389.95016
3.554824,90,5390.124629
1.93537,75,5390.275594
3.181535,66,5390.405851
3.970646,62,5390.53031
101.865846,97,5390.722743
0.083295,95,5390.911462
100.978929,73,5391.057059
1.517419,93,5391.239419
3.61026,66,5391.368392
105.943852,73,5391.513615
3.618134,64,5391.638567
2.552279,80,5391.794272
4.626581,65,5403.122264
3.785204,70,5403.267302
103.704307,72,5403.42679
2.399312,76,5403.584355
4.017825,86,5403.766511
100.732733,76,5403.922417
101.439442,63,5404.053298
104.74431,69,5404.197055
4.691483,86,5404.374465
101.667439,49,5404.479022
5.342287,81,5404.644
5.51984,72,5404.796071
101.597297,59,5404.912979
3.494066,64,5405.045389
0.757344,95,5405.230885
102.025302,108,5405.443057
0.845819,92,5405.630125
5.491502,67,5405.761519
2.326322,84,5405.926822
0.83817,89,5406.111912
101.159724,64,5406.243129
2.801778,64,5406.380118
4.172804,64,5406.513298
1.286482,70,5406.661434
-0.941229,115,5406.90291
1.284095,95,5407.101616
104.326055,63,5407.232946
0.312833,114,5418.874544
2.072072,78,5419.032538
3.939305,72,5419.175554
3.118041,66,5419.305119
101.254339,82,5419.465524
100.349528,65,5419.597343
105.699453,66,5419.728299
1.170904,71,5419.883578
3.596552,66,5420.015427
4.495458,68,5420.16866
1.385439,80,5420.336933
3.717305,81,5420.506837
103.707359,67,5420.644326
103.097815,51,5420.749867
3.069533,62,5420.874745
-1.193514,107,5421.09267
4.182828,71,5421.23779
3.490004,68,5421.379152
4.862289,61,5421.504768
2.02359,86,5421.682755
2.333325,73,5421.833274
3.60626,61,5421.958728
2.142702,87,5422.134211
4.076389,78,5422.297613
105.212315,64,5422.434528
101.089473,90,5422.626365
102.150675,55,5422.73325
4.852056,61,5422.858555
1.56788,89,5434.441805
4.812197,64,5434.567499
105.136022,64,5434.699097
100.576548,88,5434.883614
1.361882,97,5435.10257
4.007123,74,5435.2536
4.509205,67,5435.397949
4.198231,84,5435.576335
4.037926,66,5435.714031
-2.843698,555,5436.86989
3.099125,83,5437.048372
5.556453,64,5437.18063
2.387048,69,5437.323561
5.033294,66,5437.462338
5.035968,68,5437.609824
0.867671,82,5437.778488
4.512783,76,5437.935265
3.070263,79,5438.098684
1.640324,72,5438.247781
100.962965,68,5438.388523
3.671199,80,5438.555577
2.137775,68,5450.01128
2.812877,93,5450.196645
100.588505,53,5450.299679
1.811094,85,5450.466995
101.197231,94,5450.656665
5.739951,65,5450.786272
101.588715,71,5450.92818
1.98641,70,5451.07378
3.435473,63,5451.203064
5.169619,70,5451.348224
4.636528,66,5451.501008
2.224028,76,5451.667149
4.879269,63,5451.797128
0.624779,1000,5453.936074
2.883466,80,5454.109255
0.869669,167,5465.72754
102.448871,71,5465.86267
2.322299,103,5466.077269
1.048615,94,5466.260588
4.683379,61,5466.378099
-0.555377,122,5466.616854
2.801598,65,5466.742428
2.322936,62,5466.864624
102.04324,65,5466.993232
0.155799,127,5467.239832
4.572478,61,5467.357163
3.14473,74,5467.500361
3.021336,92,5467.690783
1.017939,70,5467.834749
102.231038,61,5467.960334
2.129464,61,5468.084824
3.551668,78,5468.241488
0.671319,220,5468.695863
2.220312,70,5468.841904
2.612327,72,5468.98167
-0.421475,92,5469.161268
2.995755,61,5469.286047
-0.423219,91,5469.470674
-1.776492,102,5480.893734
105.070197,69,5481.042883
3.154236,67,5481.181128
0.502561,72,5481.328395
103.552366,64,5481.459108
5.059688,69,5481.603141
0.789983,78,5481.761495
5.212297,67,5481.900814
100.656633,80,5482.074817
2.754968,66,5482.20827
3.345815,84,5482.381669
0.973202,95,5482.571892
100.802001,84,5482.735203
0.619367,108,5482.943958
102.025936,42,5483.026982
3.482033,72,5483.168
2.895973,63,5483.289535
102.591558,67,5483.422646
5.940929,63,5483.545219
101.458733,66,5483.675977
4.130949,62,5483.79663
-0.503146,119,5484.036839
5.258119,66,5484.16682
0.157796,109,5484.379587
4.674394,62,5484.502676
3.178003,85,5484.671392
3.256361,76,5484.818659
4.312497,75,5496.270784
105.944964,74,5496.42307
-2.223078,396,5497.237962
101.836814,42,5497.318985
3.174453,61,5497.440539
105.030766,64,5497.567138
2.24392,78,5497.719466
3.894193,140,5497.993845
2.387495,69,5498.128159
2.066197,92,5498.31085
5.639399,83,5498.473521
1.35889,81,5498.627188
1.084639,74,5498.774631
4.570735,75,5498.93007
104.980677,61,5499.051414
-0.296469,179,5499.407889
3.110977,84,5499.578059
2.709174,61,5499.701149
1.291493,124,5499.950801
100.876768,82,5500.114802
101.691098,89,5500.286879
3.084308,70,5511.757496
103.140659,65,5511.888067
101.29223,83,5512.051944
102.317402,63,5512.179465
1.269873,90,5512.36235
3.959918,61,5512.48187
102.47854,70,5512.622052
4.187601,158,5512.943555
4.048836,86,5513.116166
3.476379,61,5513.23489
4.427906,97,5513.441633
0.041464,463,5514.376115
100.554548,68,5514.511646
1.519449,68,5514.647655
2.673267,105,5514.857422
101.117294,57,5514.971398
1.288859,88,5515.146809
3.575336,67,5515.276532
2.477007,67,5515.409338
3.960032,65,5515.53535
102.571915,56,5515.644214
102.347262,72,5526.9457
2.01144,64,5527.071818
3.301658,93,5527.257438
100.487757,45,5527.349605
4.883933,86,5527.53167
104.380258,74,5527.680246
3.518858,137,5527.951116
100.77797,82,5528.118785
103.202505,65,5528.251029
104.372703,73,5528.395463
0.754489,101,5528.601392
102.475174,63,5528.727393
101.629344,77,5528.88178
100.916858,95,5529.071215
3.033066,63,5529.19646
2.485528,87,5529.371564
104.328406,58,5529.483223
2.349159,68,5529.624843
2.875456,67,5529.758383
2.666212,63,5529.907142
2.645278,61,5530.024411
0.136789,143,5530.30234
4.649253,73,5530.447691
3.29544,73,5530.592054
4.121737,63,5530.715438
4.98377,64,5530.840829
4.52577,75,5530.991071
100.771389,102,5542.366143
2.31833,145,5542.662202
100.790325,73,5542.806031
-0.217648,102,5543.009296
3.551508,65,5543.133038
3.186419,61,5543.256111
3.674176,85,5543.422867
0.471388,111,5543.642174
101.015771,90,5543.82013
-0.354301,95,5544.024412
105.409088,66,5544.156378
2.547143,68,5544.293429
103.911497,69,5544.43102
103.799788,72,5544.575456
2.802277,63,5544.699222
102.637981,71,5544.839953
101.115693,69,5544.975768
1.442889,74,5545.12317
2.06066,83,5545.284401
3.694523,65,5545.418204
3.175566,73,5545.565664
2.160261,74,5545.710636
3.129185,69,5545.847784
4.594605,68,5545.990788
1.143496,86,5546.164904
101.599933,72,5546.307254
102.48914,55,5557.609404
104.166148,71,5557.749609
105.174251,64,5557.884606
0.742078,99,5558.087713
3.708139,72,5558.232867
3.302612,78,5558.389506
1.597674,69,5558.527922
4.525943,74,5558.675498
1.189818,113,5558.900566
4.340395,62,5559.020391
101.52025,54,5559.13021
3.545385,64,5559.252069
102.731369,60,5559.372617
103.17069,70,5559.51005
104.831037,60,5559.634652
4.079672,77,5559.789648
0.979351,74,5559.936767
4.202528,82,5560.102117
102.851773,65,5560.235433
2.962208,63,5560.361519
3.986729,67,5560.491671
4.52871,67,5560.623185
0.780138,84,5560.797273
1.155411,92,5560.978766
4.500207,66,5561.11149
101.139566,101,5561.313944
4.05752,66,5561.447124
102.269477,53,5561.552256
3.429772,63,5572.901663
2.228608,66,5573.036736
2.830838,92,5573.221054
3.403056,63,5573.348233
1.360727,95,5573.533035
1.138452,108,5573.745605
-2.050961,135,5574.034061
2.665206,74,5574.18206
0.992191,93,5574.366317
101.715299,66,5574.496874
1.588385,76,5574.646383
0.104706,94,5574.83258
101.260415,57,5574.942957
2.117262,64,5575.073169
3.581486,73,5575.217294
3.456322,65,5575.346266
-1.832645,289,5575.919726
1.339764,92,5576.104691
2.749529,61,5576.231075
1.374817,89,5576.406692
0.851987,85,5576.572893
1.771908,80,5576.734002
4.030874,65,5576.863353
101.416725,98,5588.24357
101.939064,71,5588.399711
100.822611,74,5588.54438
4.044643,81,5588.703859
104.864828,63,5588.830255
2.294021,91,5589.011288
4.279042,87,5589.18614
1.737148,63,5589.309182
4.967112,66,5589.434263
1.581281,84,5589.6016
103.875631,72,5589.7458
3.301931,65,5589.871236
-0.753321,57,5589.98768
2.781592,67,5590.119433
1.297926,68,5590.261127
101.2787,103,5590.464888
104.17705,70,5590.60241
5.08639,74,5590.750788
2.164529,86,5590.917215
5.759271,73,5591.060017
0.396306,75,5591.209044
4.449245,63,5591.340798
3.616683,68,5591.474173
2.443757,67,5591.607988
103.366569,53,5591.712045
100.715118,75,5591.86159
1.499671,84,5592.029857
100.793107,62,5592.156483
-0.187715,86,5603.551718
5.105975,62,5603.676724
-1.725521,116,5603.906116
3.944402,62,5604.031309
3.184214,96,5604.222481
100.809044,86,5604.399189
0.551809,107,5604.628703
1.713956,154,5604.932621
4.350835,68,5605.077321
4.04022,71,5605.218477
0.187482,159,5605.533605
102.768171,48,5605.625983
2.109368,74,5605.774039
4.511989,73,5605.920921
104.695159,64,5606.05095
1.915808,84,5606.220188
1.970841,124,5606.46687
102.563755,48,5606.561108
2.125889,72,5606.706111
2.307406,65,5606.833932
1.932191,69,5606.970559
1.731349,94,5607.153699
100.713545,83,5607.322315
102.3085,69,5607.460624
4.18891,72,5618.829272
3.697443,65,5618.973736
0.033639,1000,5620.969697
4.345117,66,5621.100018
5.063994,61,5621.22486
2.582817,76,5621.381865
101.530568,58,5621.502727
1.724848,83,5621.668151
103.876832,66,5621.800736
2.831429,65,5621.929266
101.750824,80,5622.090469
0.273369,83,5622.257517
5.113349,65,5622.383161
4.696072,92,5622.578835
3.500861,75,5622.728672
0.310064,392,5634.69224
-0.091778,75,5634.843993
104.777833,62,5634.966133
4.477479,65,5635.09643
2.146589,60,5635.217035
2.142313,70,5635.354182
105.075723,66,5635.488276
2.030499,64,5635.618562
3.927849,93,5635.801578
2.504501,90,5635.978127
2.206492,68,5636.116166
102.804841,58,5636.235159
101.250568,85,5636.405564
101.202923,88,5636.581623
0.691444,62,5636.704881
5.511025,71,5636.845359
3.533198,79,5636.99867
2.812394,84,5637.16205
2.827131,69,5637.307972
3.903728,63,5637.43245
1.287515,64,5637.557328
100.881784,85,5637.724073
1.422301,66,5637.854959
101.240036,79,5638.006197
2.415097,76,5649.393041
4.750656,68,5649.530267
1.855599,96,5649.731331
0.601125,87,5649.903703
102.502291,78,5650.059202
0.84256,98,5650.255948
104.843962,58,5650.369803
3.03046,66,5650.501212
1.918126,117,5650.733356
1.108391,79,5650.88914
102.984725,59,5651.007626
-1.483585,103,5651.207044
3.830286,65,5651.335493
5.114431,76,5651.486368
105.559782,73,5651.632204
2.012846,124,5651.877582
2.168088,68,5652.012314
0.668117,89,5652.188752
-2.344478,215,5652.613455
2.547799,94,5652.801936
100.33576,77,5652.950645
105.07419,61,5653.076789
5.076387,64,5653.203343
4.113,86,5653.374774
2.505716,74,5664.736802
102.365383,73,5664.881179
5.256949,71,5665.019641
102.543049,70,5665.159438
101.864866,63,5665.285189
3.378517,79,5665.443826
-0.401788,187,5665.816108
1.470323,89,5666.00672
4.306466,68,5666.140095
0.58071,89,5666.321752
101.38428,66,5666.454982
3.383341,99,5666.65182
2.681048,78,5666.808559
4.812916,63,5666.936463
5.630451,66,5667.067417
105.927395,72,5667.207372
103.045633,53,5667.30908
4.241742,64,5667.438082
1.582042,80,5667.599809
105.620502,66,5667.729537
2.231324,69,5667.859416
102.616682,65,5667.988159
100.375216,64,5668.114857
101.475223,49,5668.210533
103.199861,54,5668.315392
103.391934,61,5668.43817
105.480945,66,5668.574496
4.312792,103,5680.006863
-0.092759,110,5680.237691
2.341666,67,5680.372147
0.430265,157,5680.682204
3.269004,76,5680.841413
103.601152,72,5680.98658
100.620343,73,5681.130073
2.368114,72,5681.27532
3.586396,96,5681.463525
2.325394,78,5681.623902
102.815178,67,5681.756384
1.04124,84,5681.92238
3.16141,66,5682.053299
103.700292,55,5682.164363
1.213036,84,5682.329968
3.174295,65,5682.457394
103.838547,64,5682.585874
3.150737,99,5682.78214
2.489457,67,5682.91693
2.84202,65,5683.042084
4.336674,64,5683.168306
3.208001,63,5683.298399
100.629238,240,5683.774093
103.92979,60,5683.893161
2.553009,61,5684.016817
1.277507,80,5695.404801
2.617148,97,5695.594519
103.777482,68,5695.728507
103.979158,61,5695.852299
4.171181,73,5695.998628
1.414795,93,5696.185492
1.568215,75,5696.349371
4.278421,91,5696.531375
101.567189,60,5696.651431
2.199502,97,5696.846829
103.225431,53,5696.962932
4.258796,68,5697.095737
2.969855,97,5697.283929
106.091468,68,5697.417566
2.871327,90,5697.595387
5.115122,62,5697.721059
4.395987,99,5697.914642
1.837594,63,5698.037798
2.59773,86,5698.210691
1.834228,67,5698.345055
0.810391,92,5698.536282
101.222699,104,5698.740333
3.20912,71,5698.881503
3.685211,80,5699.042366
2.58366,81,5699.201892
3.911941,75,5699.353918
102.453699,45,5710.692194
5.343559,77,5710.861457
105.394544,67,5710.991664
1.380586,94,5711.183363
103.786988,56,5711.296392
100.993426,75,5711.451019
4.700465,84,5711.616755
2.433622,69,5711.765647
101.154834,103,5711.968525
-1.494178,134,5712.233668
1.462058,102,5712.440675
101.833556,67,5712.577075
0.039329,79,5712.739849
5.797145,76,5712.89369
1.681666,85,5713.065643
101.58097,97,5713.270211
102.825702,68,5713.410573
101.921616,67,5713.553616
4.683175,69,5713.703792
1.617309,70,5713.85294
6.081522,73,5714.001135
1.808445,88,5714.180105
-0.132923,90,5714.358258
4.554747,66,5714.492954
4.174365,72,5714.637074
1.75394,64,5714.764745
101.713072,47,5726.050998
-0.264745,95,5726.236819
3.142727,71,5726.380111
100.682877,77,5726.534181
3.965833,67,5726.673226
100.987927,67,5726.807042
4.293597,64,5726.937296
101.127168,108,5727.168762
101.164104,33,5727.240749
1.496789,73,5727.387411
102.887183,47,5727.480426
-2.34311,293,5728.066814
2.791147,70,5728.203349
-0.719624,342,5728.886808
4.400246,71,5729.028207
0.820273,67,5729.163021
103.044212,64,5729.292165
104.954925,71,5729.442092
101.755002,92,5729.628813
3.375409,63,5729.760831
2.474197,86,5729.937806
104.045648,66,5730.07617
101.968821,74,5741.481824
3.671106,64,5741.629591
104.386304,57,5741.744636
2.507396,80,5741.899234
104.746084,65,5742.029255
1.082542,79,5742.194801
2.968736,68,5742.329473
-1.685492,208,5742.752868
102.129632,65,5742.883012
3.172592,65,5743.012364
1.208139,166,5743.345573
3.315827,76,5743.499288
105.115883,74,5743.640938
3.554113,67,5743.770512
4.027692,112,5743.998747
100.491227,69,5744.137238
102.301737,52,5744.239968
3.634978,72,5744.385399
2.408455,82,5744.543878
1.225365,138,5744.821878
100.886847,62,5744.944861
101.331291,67,5745.078721
101.47762,89,5745.25419
5.133093,66,5745.388493
101.616747,69,5745.527303
0.938539,88,5756.902495
101.407711,77,5757.053175
0.3678,101,5757.252051
4.144083,80,5757.408539
4.203229,70,5757.543046
103.107978,61,5757.665177
101.17352,118,5757.894861
103.672939,69,5758.028074
1.314565,86,5758.212517
3.154033,65,5758.343467
105.031949,60,5758.46336
4.00142,68,5758.595578
1.953487,69,5758.728875
1.315094,83,5758.890235
1.536861,102,5759.091592
101.554936,82,5759.256505
102.713215,72,5759.395122
100.85871,49,5759.493629
4.272658,67,5759.6241
102.087782,65,5759.750546
-0.554163,263,5760.262949
3.506005,66,5760.401487
-0.670198,105,5760.605605
105.864434,68,5760.739371
2.41061,83,5772.183677
100.802217,53,5772.296033
0.943054,72,5772.439929
4.009976,95,5772.638556
101.237163,67,5772.777809
2.636942,85,5772.942319
2.81914,76,5773.094348
1.193963,103,5773.293012
0.833174,88,5773.477525
2.335993,116,5773.714208
4.768407,73,5773.864586
4.497559,90,5774.050611
2.204707,85,5774.227269
101.707804,113,5774.466245
3.932274,79,5774.630858
6.003192,65,5774.763817
2.341807,68,5774.901055
101.412241,69,5775.040337
2.287556,81,5775.202827
3.408249,69,5775.345797
4.109363,67,5775.474993
3.642086,162,5775.80547
103.503197,69,5775.946325
4.543142,67,5776.085899
3.561268,72,5776.244546
1.477138,73,5787.633766
4.185954,69,5787.777235
100.720051,71,5787.925267
102.322824,64,5788.055937
101.85909,74,5788.207254
3.490271,125,5788.481129
2.999046,69,5788.626693
1.810848,108,5788.84218
105.61806,65,5788.970024
3.274077,74,5789.12649
1.399109,70,5789.2739
1.728791,74,5789.42827
5.772694,75,5789.581839
2.908512,71,5789.729975
2.227317,65,5789.86511
102.306967,58,5789.985609
3.504019,83,5790.156948
0.51982,109,5790.374138
2.784353,75,5790.522662
103.209677,67,5790.65567
100.759282,85,5790.817742
4.370079,68,5790.952245
5.245958,73,5791.097552
1.504749,94,5791.28286
2.408689,95,5791.47467
3.637895,60,5791.594114
2.787593,63,5802.914758
101.307693,86,5803.08607
2.335963,61,5803.217328
101.814697,75,5803.364361
101.117371,70,5803.506073
100.815323,76,5803.657338
6.060837,74,5803.808577
101.025483,93,5804.00134
4.653428,130,5804.256736
3.579281,66,5804.388825
-1.060098,121,5804.658294
2.817634,85,5804.832242
1.513573,98,5805.024491
4.770291,64,5805.150914
102.101753,74,5805.297465
0.450025,74,5805.445271
5.260817,65,5805.576488
5.750961,69,5805.715391
2.428236,68,5805.847575
-0.959333,97,5806.043863
3.537719,63,5806.169576
3.202685,66,5806.30275
1.56947,88,5806.480014
4.350146,72,5806.627338
2.115036,79,5806.784714
4.012575,122,5818.487875
2.128764,71,5818.62695
5.526774,87,5818.798513
5.092822,93,5819.003813
3.385008,69,5819.138108
1.955533,79,5819.298579
104.968934,63,5819.426059
1.032065,109,5819.647755
1.470713,84,5819.814895
1.565015,70,5819.953195
3.307224,65,5820.083078
2.042239,86,5820.253242
101.221859,73,5820.401795
2.184448,83,5820.568279
101.988092,85,5820.734577
102.735361,76,5820.884386
2.238347,92,5821.06433
2.249004,71,5821.216639
101.725049,69,5821.352254
1.358296,89,5821.524751
3.30566,133,5821.791197
103.204001,72,5821.935698
0.711749,121,5822.178553
3.451929,87,5822.354693
101.6088,74,5822.501965
102.27421,47,5833.794058
0.464255,134,5834.060802
1.631184,109,5834.27201
5.253023,84,5834.442688
-0.124243,92,5834.625144
100.483804,80,5834.784762
4.942416,76,5834.959434
103.935717,53,5835.063086
100.480086,78,5835.220744
5.440383,65,5835.349953
1.648848,70,5835.494094
4.553247,63,5835.625468
4.398021,77,5835.774479
103.228831,52,5835.87819
102.621613,65,5836.006204
3.355151,66,5836.138262
3.433816,72,5836.280505
102.870146,61,5836.405015
2.877184,63,5836.530354
102.941043,61,5836.653508
2.388524,83,5836.816696
2.765506,73,5836.962995
102.215166,67,5837.095557
2.707194,64,5837.224474
5.005449,62,5837.349857
2.894608,77,5837.506114
102.784587,75,5837.659514
2.541393,73,5837.800365
3.100391,70,5849.236889
101.782302,74,5849.381772
101.869185,42,5849.466091
104.349101,61,5849.598221
100.306039,55,5849.707111
3.857242,62,5849.829014
1.38548,91,5850.010652
0.598165,122,5850.260211
100.816282,77,5850.415758
101.830361,100,5850.615397
101.333928,61,5850.736454
101.88956,131,5850.998641
103.744576,69,5851.137727
0.479213,104,5851.346301
5.311284,67,5851.473397
4.005515,67,5851.610296
2.278035,81,5851.767223
4.191048,74,5851.913551
6.171029,80,5852.074209
3.759971,76,5852.224949
3.550337,109,5852.437831
103.215727,72,5852.580578
1.50547,71,5852.719741
3.458487,66,5852.849236
101.240751,108,5853.059623
3.771054,66,5853.195315
2.998885,90,5864.608541
104.685235,71,5864.745863
2.58424,68,5864.88338
5.400272,77,5865.035805
3.865554,66,5865.16636
2.859701,60,5865.287484
105.493283,64,5865.414629
101.531958,66,5865.549462
100.941316,92,5865.732204
3.300169,89,5865.907508
1.309964,77,5866.075186
102.973434,58,5866.188806
101.868469,80,5866.348467
3.317945,65,5866.475871
101.909619,76,5866.626576
3.995153,82,5866.794128
4.832688,77,5866.944382
2.307361,77,5867.09858
1.988221,80,5867.256646
2.01704,68,5867.389099
-0.962421,93,5867.570886
101.88368,72,5867.712077
102.462561,68,5867.84558
101.415135,78,5867.998074
104.047668,66,5868.125636
4.842498,78,5868.280423
5.337938,82,5868.440986
101.534115,85,5879.848564
102.067443,56,5879.973627
4.767739,65,5880.100651
105.316528,74,5880.251344
1.049221,131,5880.513246
3.818865,78,5880.66861
4.620591,71,5880.818304
102.01254,96,5881.009297
1.434369,84,5881.176113
102.982696,55,5881.290062
100.971529,68,5881.427102
103.550995,53,5881.532937
101.900903,111,5881.757249
101.649151,104,5881.963972
5.657694,64,5882.091896
0.613373,101,5882.292058
-0.90262,102,5882.501436
101.510825,42,5882.584905
101.047826,84,5882.752202
3.401517,68,5882.890364
1.507593,93,5883.074935
101.266356,67,5883.208568
101.806666,55,5883.320011
2.594387,96,5883.515622
4.563794,63,5883.643627
102.079647,74,5883.78889
102.416028,73,5895.159394
3.543006,63,5895.287385
106.138031,65,5895.417909
3.685746,86,5895.587966
103.016413,55,5895.697337
102.214721,83,5895.865211
3.143348,61,5895.985715
2.703139,78,5896.156266
1.982063,67,5896.295382
1.519997,80,5896.451399
2.178663,66,5896.581547
0.92197,104,5896.789088
-0.86503,99,5896.988649
103.606367,55,5897.100123
104.941377,68,5897.235987
102.278515,72,5897.377618
101.580124,70,5897.518481
103.069023,66,5897.652193
4.472486,69,5897.788601
2.688445,73,5897.937835
101.040532,71,5898.080256
3.241869,66,5898.209305
100.32288,57,5898.324212
0.428348,96,5898.513756
5.275685,64,5898.640462
101.37851,65,5898.766359
-0.060763,153,5899.070804
5.021605,71,5899.213892
2.8982,80,5910.572981
101.442278,87,5910.744532
101.235674,78,5910.912015
4.362983,64,5911.037607
2.414132,61,5911.161128
4.738894,68,5911.296248
5.147052,64,5911.424901
2.608586,106,5911.644552
100.609912,81,5911.806748
-0.625101,99,5912.00105
2.796113,67,5912.136078
102.088767,74,5912.28013
102.047471,49,5912.389802
-1.354668,104,5912.59663
4.448639,69,5912.731939
-0.400544,79,5912.887734
104.664916,59,5913.003798
-0.2883,206,5913.428647
103.823623,58,5913.545177
0.982339,72,5913.695369
2.369555,72,5913.835709
3.342632,61,5913.954802
102.16654,61,5914.076513
100.579756,66,5914.223634
2.476195,71,5914.364225
1.78341,78,5914.51449
2.284782,62,5925.817071
101.214728,82,5925.978025
0.460859,87,5926.149763
100.939783,85,5926.314239
4.457908,62,5926.450493
101.11438,95,5926.641905
4.014538,63,5926.766592
2.862115,78,5926.922719
3.002679,69,5927.057285
1.474782,71,5927.199368
4.175794,73,5927.343325
0.777895,126,5927.596154
0.292694,104,5927.805684
3.244821,82,5927.979915
-0.333417,107,5928.197593
102.231508,81,5928.361233
101.75729,86,5928.528773
2.655937,61,5928.651931
101.879798,74,5928.801484
-1.301363,116,5929.035171
100.294038,172,5929.378923
101.413678,68,5929.516851
101.718402,165,5929.859125
4.991524,70,5941.169434
4.275619,82,5941.33053
102.889547,52,5941.433814
101.258185,60,5941.551535
102.880864,62,5941.69429
101.402489,122,5941.937351
3.676853,84,5942.099576
5.305015,64,5942.228518
4.007253,76,5942.375838
-0.917873,414,5943.198709
2.965323,70,5943.339485
100.608979,69,5943.479205
3.334289,66,5943.609238
1.01876,101,5943.808313
3.071266,66,5943.942506
1.928578,66,5944.077307
102.916754,51,5944.17747
2.217522,60,5944.299598
3.815853,67,5944.431656
2.675913,68,5944.564776
1.957678,73,5944.709573
5.426337,69,5944.847199
101.6345,71,5944.989617
1.525377,67,5945.118094
101.245052,95,5956.561466
101.600897,67,5956.700654
104.48585,56,5956.815022
5.442625,67,5956.947438
-0.561177,114,5957.173661
103.558628,57,5957.28915
3.432987,174,5957.651638
3.4365,67,5957.792603
101.026811,68,5957.934384
101.074886,83,5958.107831
1.963776,70,5958.254252
102.931623,68,5958.396486
5.241779,63,5958.528712
3.408425,71,5958.670786
102.133165,47,5958.771641
101.316027,76,5958.922066
2.86172,67,5959.060562
2.981313,72,5959.201159
2.542957,70,5959.338259
4.384256,66,5959.467943
-2.746399,134,5959.732508
101.19389,112,5959.951637
100.597499,75,5960.098398
3.656552,70,5960.238532
1.347332,86,5960.408115
4.57923,77,5971.787399
3.915967,65,5971.917145
3.428506,76,5972.067989
0.907842,288,5972.634845
1.557717,91,5972.836828
104.655134,58,5972.95572
0.98414,105,5973.172826
4.184008,66,5973.304355
3.440904,71,5973.445589
2.460493,78,5973.603969
2.835215,76,5973.760344
101.543057,58,5973.875957
2.284504,62,5974.00123
2.536223,68,5974.136582
0.666617,92,5974.317949
3.068963,83,5974.483616
101.960448,81,5974.648397
2.871726,98,5974.845542
102.103092,61,5974.966534
2.065922,70,5975.109639
4.73971,68,5975.249316
100.423627,41,5975.333875
2.16528,81,5975.495559
3.218539,61,5975.61705
2.506386,71,5975.760346
1.388344,88,5987.113399
101.716531,71,5987.268687
100.849691,75,5987.419859
5.221961,72,5987.56149
4.566784,72,5987.703233
3.62582,81,5987.864491
4.474781,68,5988.001248
1.783652,79,5988.165608
3.116615,84,5988.326492
5.182044,90,5988.51094
1.459586,89,5988.692169
101.38716,70,5988.831151
5.118198,74,5988.980867
4.475659,61,5989.098609
4.410157,69,5989.237611
1.681428,87,5989.410942
102.451434,76,5989.562657
5.314387,89,5989.747792
100.489373,76,5989.895371
102.088645,70,5990.036101
100.787265,52,5990.14725
104.887783,64,5990.270034
1.273519,91,5990.45163
5.254694,79,5990.606126
5.426644,66,5990.738665
2.800382,100,5990.94528
0.545924,104,5991.147637
2.08498,64,6002.490965
2.125715,64,6002.616764
105.518626,76,6002.764839
0.726295,87,6002.937549
4.479165,71,6003.081289
3.771908,84,6003.246956
103.443098,57,6003.372095
3.56759,73,6003.532232
1.583698,74,6003.678429
5.369644,92,6003.858735
2.34037,106,6004.064017
2.973604,70,6004.197204
105.297175,62,6004.321172
3.286296,89,6004.496222
100.122127,68,6004.629981
1.181199,78,6004.783256
2.140649,67,6004.918556
1.407439,79,6005.07601
100.511223,70,6005.213374
101.033043,45,6005.298664
-1.92718,102,6005.504654
2.540839,83,6005.671386
1.191778,77,6005.826483
2.496692,88,6006.001892
2.570549,69,6006.136339
2.083065,83,6006.29964
3.065972,94,6017.77769
0.269078,89,6017.968888
102.434974,57,6018.082354
4.51666,75,6018.227738
102.359473,47,6018.322668
1.019855,110,6018.546473
0.752611,88,6018.718125
4.92908,61,6018.840683
2.937775,75,6018.991857
102.503007,48,6019.089532
1.831944,71,6019.232794
2.43572,68,6019.364642
3.65357,64,6019.492012
4.902133,82,6019.653555
3.20817,69,6019.790564
100.823149,61,6019.918487
101.168848,75,6020.07175
105.118475,66,6020.201105
101.415413,72,6020.342999
4.947254,64,6020.469193
100.890422,84,6020.629504
101.206303,75,6020.775844
0.261289,98,6020.972682
102.017241,58,6021.089675
102.006385,75,6021.236358
1.977202,66,6021.366767
2.803632,89,6021.546247
1.371631,103,6021.74632
102.519303,75,6033.117629
4.983644,77,6033.269077
2.360789,67,6033.39757
100.706843,82,6033.560783
4.349602,66,6033.690244
5.216519,73,6033.835887
2.912661,63,6033.96965
101.521977,87,6034.15132
2.595279,63,6034.272381
4.984835,63,6034.397306
101.734817,89,6034.570844
101.334378,89,6034.744342
1.046165,100,6034.943714
105.282124,63,6035.074188
1.923117,70,6035.209109
5.611731,81,6035.367362
103.839108,67,6035.500084
4.25927,70,6035.634925
1.457329,85,6035.804265
2.557327,86,6035.973304
102.821497,58,6036.085954
101.257001,60,6036.205266
104.362264,69,6036.345065
2.010074,79,6036.498753
0.869818,107,6036.709188
103.579431,64,6036.830921
2.207818,74,6036.979208
101.060714,43,6037.066476
-0.982031,96,6048.500674
1.302931,74,6048.65709
101.038184,81,6048.814888
105.641815,66,6048.941321
2.180643,101,6049.137416
5.213819,74,6049.278802
3.727332,64,6049.414619
103.510402,63,6049.548084
-0.037945,79,6049.701434
1.453913,67,6049.832131
100.66016,88,6050.003372
3.666654,68,6050.138793
0.155744,124,6050.376823
100.579972,52,6050.476934
102.638444,80,6050.635932
100.303824,67,6050.778902
101.791569,67,6050.914738
2.372156,68,6051.056294
1.807705,80,6051.224025
4.035416,62,6051.356381
103.261632,65,6051.491854
0.939294,163,6051.828848
3.409529,77,6051.988103
4.656002,66,6052.127146
4.121954,62,6052.257456
101.072114,53,6052.368896
2.142182,88,6063.896605
4.352043,65,6064.037669
3.129627,69,6064.178818
2.06868,64,6064.311426
102.12587,58,6064.44875
1.905269,103,6064.668289
100.370748,26,6064.722794
1.958245,96,6064.931609
4.598718,68,6065.072251
101.424721,91,6065.266665
-0.773182,89,6065.450817
1.153211,64,6065.580842
102.100611,69,6065.722239
1.884179,69,6065.868693
2.717932,62,6065.997775
2.704367,76,6066.159635
5.284564,72,6066.310131
103.16771,61,6066.43724
4.237884,71,6066.584986
1.72661,87,6066.76283
102.405715,62,6066.890475
100.820026,76,6067.046952
3.567052,62,6067.174796
3.97725,63,6067.303957
0.461176,89,6067.482869
-1.649512,261,6068.021847
2.945704,64,6079.72355
4.573115,148,6080.029753
1.105039,74,6080.18436
3.820797,71,6080.331324
4.818159,76,6080.487701
1.519535,96,6080.691623
101.735958,56,6080.81192
2.429043,66,6080.94817
3.48181,69,6081.092803
-0.221277,125,6081.362969
101.4772,83,6081.534471
4.903318,63,6081.668672
3.310762,67,6081.808162
101.426307,134,6082.084779
3.493887,65,6082.214671
4.103207,86,6082.388943
0.961259,97,6082.594786
2.928656,61,6082.720331
3.310178,166,6083.067257
2.748483,72,6083.216862
2.696988,60,6083.338977
3.195536,91,6083.521578
2.051268,70,6083.666183
103.424719,62,6083.791275
103.389952,53,6083.915819
3.61435,62,6095.215152
2.359089,84,6095.387682
101.501733,80,6095.551209
4.571648,107,6095.772187
103.749507,61,6095.898934
4.744011,67,6096.037026
101.110749,91,6096.226099
3.012755,62,6096.368469
4.367964,61,6096.494695
2.842549,62,6096.625993
5.595833,65,6096.764713
1.032999,89,6096.958257
4.211557,71,6097.104307
4.4364,137,6097.390127
102.184776,50,6097.494292
102.38239,67,6097.63291
2.619235,63,6097.760673
1.306538,85,6097.930611
4.491886,78,6098.083719
104.984705,76,6098.233466
5.062696,62,6098.363137
3.131638,67,6098.49552
0.830315,106,6098.707702
100.883345,60,6098.832488
1.419962,71,6098.975909
1.302916,72,6099.117393
4.861216,74,6099.267932
2.954259,75,6110.624288
-0.699221,105,6110.846638
100.625623,74,6111.002927
102.971473,64,6111.133303
2.84227,70,6111.284874
2.060595,89,6111.468332
-0.530628,91,6111.661244
3.023869,79,6111.835133
100.791336,78,6111.994514
3.68291,64,6112.123506
2.751528,84,6112.292086
4.670588,69,6112.428956
2.174853,67,6112.560009
103.162352,52,6112.664934
101.624329,51,6112.766208
3.797037,63,6112.891704
3.971282,92,6113.077471
4.175296,63,6113.205215
101.267523,105,6113.416096
100.973031,61,6113.53845
101.649002,102,6113.739925
4.690865,62,6113.86199
103.638316,54,6113.971087
2.718466,76,6114.12494
101.239164,83,6114.299024
2.58446,83,6114.463918
100.842868,84,6114.631439
102.31589,76,6126.011312
4.527001,70,6126.145228
3.584258,70,6126.282689
2.549453,67,6126.418799
2.977688,71,6126.562881
2.396584,61,6126.687738
103.080032,50,6126.783985
2.678562,71,6126.940682
102.216363,77,6127.097259
2.196942,65,6127.230843
100.957332,75,6127.380553
101.111556,116,6127.609095
101.668445,85,6127.775898
1.493937,71,6127.91785
100.790822,53,6128.023233
5.058245,64,6128.156623
4.113265,66,6128.289627
0.056029,110,6128.508649
1.328141,71,6128.650127
104.090786,56,6128.761458
2.191581,66,6128.89343
101.444409,68,6129.031041
103.055894,66,6129.163657
103.937353,69,6129.298936
4.922594,124,6129.542448
4.328944,80,6129.703286
3.301538,80,6129.862793
-0.430104,108,6130.081182
0.40954,171,6141.614594
3.910407,84,6141.800219
4.565435,75,6141.948787
2.035817,160,6142.262993
100.978631,87,6142.433714
4.813367,62,6142.557572
-2.804975,268,6143.087254
2.89283,64,6143.214566
3.143315,96,6143.406696
100.603829,75,6143.552805
102.840275,49,6143.644632
3.653953,64,6143.77589
-0.778282,173,6144.117229
0.780349,153,6144.435118
5.162852,67,6144.563397
103.185983,72,6144.705411
0.706236,94,6144.895596
2.02911,94,6145.08086
3.359278,96,6145.27258
101.689234,66,6156.667946
104.039109,62,6156.806581
101.11114,80,6156.967887
100.47034,58,6157.083159
4.135739,65,6157.209573
4.062855,66,6157.340807
4.537314,79,6157.496017
4.780678,102,6157.697134
2.433789,61,6157.817751
0.587523,168,6158.145708
2.92882,110,6158.36772
3.146978,69,6158.505303
102.927489,62,6158.62709
3.802746,68,6158.761433
0.417743,95,6158.95246
101.392067,77,6159.102753
2.52288,88,6159.275023
3.904382,87,6159.44746
1.83547,60,6159.567232
102.064306,66,6159.697867
3.001563,164,6160.024629
3.121124,74,6160.17355
5.682954,83,6160.344026
3.325642,71,6160.48435
3.062308,76,6160.634936
2.574137,64,6172.0148
2.667768,82,6172.17604
2.744092,67,6172.311409
102.984534,76,6172.461081
1.17458,109,6172.688613
104.039903,57,6172.799508
0.834858,76,6172.964117
5.330765,64,6173.09066
5.419271,70,6173.225603
1.520117,72,6173.383819
1.072996,109,6173.608102
4.165616,63,6173.733053
101.773439,66,6173.861379
4.337748,71,6174.002043
5.482398,63,6174.126642
4.493991,64,6174.255879
0.547568,112,6174.475846
2.438311,68,6174.615396
3.32158,82,6174.775079
2.83006,94,6174.963132
102.605522,67,6175.096646
101.860919,81,6175.256458
0.263226,229,6175.708674
1.15288,79,6175.86705
4.66475,64,6175.994509
100.863883,89,6187.370979
1.629865,87,6187.540033
4.359016,69,6187.67557
4.61939,63,6187.823494
104.311332,66,6187.951533
1.778735,93,6188.136103
2.440888,61,6188.256803
-2.067496,128,6188.522192
100.961023,59,6188.635424
3.826349,62,6188.756604
1.822443,66,6188.889964
101.55235,70,6189.029341
2.051514,80,6189.190437
3.779809,92,6189.372429
102.871804,70,6189.508346
100.587749,79,6189.66716
1.110672,130,6189.926227
0.539737,100,6190.125206
103.505392,72,6190.267075
2.738637,79,6190.427804
4.686984,67,6190.56082
1.074015,92,6190.740839
101.761522,62,6190.86416
4.609282,68,6191.000706
4.95253,62,6191.127946
103.798641,55,6191.247425
100.536978,50,6191.355338
0.961832,105,6202.759265
101.513965,73,6202.905156
101.049108,72,6203.049593
3.989248,67,6203.185925
101.876303,63,6203.327862
2.639802,69,6203.463228
100.896637,81,6203.62566
105.656449,70,6203.765564
3.7959,61,6203.884818
4.375241,92,6204.065862
2.333191,132,6204.327857
101.311828,61,6204.449108
103.43922,69,6204.584707
3.035851,71,6204.734896
2.458884,74,6204.879521
4.089722,68,6205.014002
102.907512,75,6205.162591
103.249968,51,6205.264782
3.572875,66,6205.391644
103.176765,52,6205.495842
3.741779,83,6205.659148
4.121015,81,6205.819991
5.115654,81,6205.980752
100.22402,56,6206.090871
101.11823,71,6206.229524
101.240384,100,6206.426913
100.483975,63,6206.550595
1.580952,66,6217.884891
2.724707,67,6218.020546
3.296485,93,6218.218709
2.707012,68,6218.35103
100.683116,82,6218.521535
1.174566,102,6218.720704
4.803106,66,6218.852684
3.241887,79,6219.019191
1.072746,72,6219.160919
3.506924,202,6219.564098
5.152966,72,6219.707121
1.132955,73,6219.853671
0.714752,116,6220.085841
2.948025,65,6220.215613
104.253944,58,6220.328971
101.116138,80,6220.48813
3.050194,66,6220.620741
2.663906,75,6220.771511
4.275749,76,6220.921179
105.281714,62,6221.04425
3.682573,69,6221.189735
2.203185,79,6221.34784
102.357505,65,6221.476414
1.745027,66,6221.609563
1.303071,85,6221.777574
0.59957,119,6233.259386
1.2065,71,6233.400465
4.199833,61,6233.5231
3.021795,76,6233.67736
4.43874,69,6233.824893
0.755115,123,6234.076677
3.499506,105,6234.304564
101.267841,79,6234.471581
100.89026,96,6234.672961
104.765006,56,6234.786787
101.749729,103,6234.993376
102.021299,51,6235.094248
4.309996,100,6235.294462
5.368376,80,6235.460933
101.803692,62,6235.586905
1.530261,97,6235.789158
4.861397,74,6235.942362
3.308816,63,6236.076588
2.979401,90,6236.260926
100.853497,53,6236.37478
0.938796,106,6236.593846
1.115078,103,6236.80165
1.847287,71,6236.939559
1.433767,77,6237.089024
1.911353,60,6237.209201
5.205818,66,6237.340061
4.436949,66,6248.696523
101.704152,57,6248.802428
102.958874,72,6248.948109
4.253029,92,6249.144947
2.392839,84,6249.309998
103.898063,55,6249.419088
4.044293,61,6249.537814
2.55929,70,6249.674561
101.218812,109,6249.886856
4.244588,69,6250.027415
-0.276682,230,6250.517107
3.338993,86,6250.684984
101.846325,44,6250.774239
3.090747,70,6250.911227
1.5775,111,6251.141105
101.023615,86,6251.319422
103.207318,62,6251.450352
-0.14775,146,6251.752583
101.969732,79,6251.916033
103.073923,55,6252.034149
4.061038,76,6252.190703
100.739912,74,6252.342797
101.552095,43,6252.433256
1.059064,83,6252.606632
102.828016,72,6252.753633
-0.961726,116,6264.262379
1.577587,159,6264.600275
101.254787,64,6264.731781
3.307955,100,6264.940073
-0.919959,57,6265.056812
-0.150101,81,6265.225248
101.69888,58,6265.344674
2.026626,80,6265.513933
-1.799616,123,6265.765615
101.641705,94,6265.958898
2.353866,75,6266.103454
2.036582,77,6266.25741
-1.412045,96,6266.445917
4.515979,78,6266.604026
0.517375,107,6266.819259
4.457144,69,6266.954148
101.977836,62,6267.080349
2.990409,85,6267.250811
1.813813,89,6267.427786
102.188101,57,6267.542962
1.014706,73,6267.684593
101.38658,72,6267.828068
3.094158,69,6267.967186
1.039428,86,6268.1375
