#{"t_start": 1759995047.1907415, "env_id": "CustomLunarLander-v0"}
r,l,t
0.73626,111,0.806356
-0.106374,99,0.989289
-1.687522,113,1.203872
-0.294903,101,1.390942
-2.057473,117,1.610021
-1.573159,90,1.792194
0.526908,105,1.999705
-0.233519,108,2.208413
-0.469741,112,2.421439
2.651121,127,2.667073
0.077826,100,2.86631
0.118322,358,3.567847
-0.595638,108,3.802818
0.479149,108,4.011168
-0.94299,97,4.199572
-1.756826,102,4.393478
-1.736024,107,15.653185
0.534704,96,15.860582
1.551701,105,16.06897
0.378956,102,16.268736
-1.24071,121,16.50513
2.630826,99,16.699554
2.34337,106,16.902063
0.255689,105,17.107185
-1.19719,119,17.335403
2.845052,115,17.555707
-0.526742,121,17.788612
2.133205,111,18.002482
0.064261,103,18.200118
3.049048,88,18.367492
1.468903,84,18.531155
0.607875,123,18.766517
1.850041,92,18.943352
-1.950058,105,19.147713
2.969627,109,19.36524
-0.786756,103,19.569928
2.262402,111,30.765869
3.093345,87,30.938032
2.837354,93,31.122784
0.481503,82,31.287437
-1.322526,108,31.507259
0.768027,93,31.694487
2.939396,91,31.895178
2.843295,85,32.064751
-0.152616,95,32.259297
-1.087421,112,32.483527
-0.703575,107,32.698061
2.638579,98,32.90009
2.471551,103,33.108184
2.45552,98,33.306189
1.965253,95,33.494829
2.032271,80,33.653698
3.712544,95,33.843032
0.488037,103,34.052873
1.952407,92,34.229873
1.125053,80,34.379734
0.03399,104,34.580126
1.097291,114,45.859916
3.491646,88,46.053106
0.47952,129,46.310624
3.125964,86,46.484361
3.485524,92,46.671652
-0.422673,89,46.84845
2.574099,80,46.999536
-0.308791,105,47.199532
1.248862,95,47.382699
4.479304,82,47.539753
2.242901,85,47.701866
2.60344,88,47.867984
-0.904274,88,48.036319
3.187343,88,48.204517
4.136392,90,48.377345
2.821201,81,48.530478
0.891366,88,48.698722
0.178163,95,48.88315
3.82181,75,49.029905
4.375644,78,49.180354
0.766937,86,49.345858
0.389121,87,49.509391
1.172634,98,49.694893
1.658875,83,60.850373
2.696277,77,61.004214
0.748617,84,61.167482
0.234699,80,61.326659
2.540273,80,61.484854
2.461352,80,61.639945
-0.660014,86,61.808673
0.861134,97,62.013929
3.822999,75,62.159966
4.201911,75,62.305871
4.229769,90,62.482812
2.254153,90,62.659655
4.094845,93,62.84204
0.856602,83,63.006571
2.596724,79,63.161467
0.519947,101,63.36567
2.194897,76,63.5144
-0.068065,116,63.754074
-0.026365,93,63.938352
-1.072348,126,64.187202
3.077787,75,64.331863
1.059854,87,64.503886
0.503346,89,64.677666
3.104857,88,76.084563
1.300468,70,76.220356
4.048909,88,76.391375
1.916174,79,76.545262
3.962089,82,76.703117
0.995256,86,76.871114
4.642903,77,77.023164
1.295885,80,77.180541
1.896906,81,77.348332
0.902099,85,77.516702
1.554219,73,77.66125
1.123598,97,77.846915
4.315876,79,78.000427
-0.970152,120,78.233165
3.383647,87,78.402694
1.0413,79,78.557343
3.159568,75,78.699802
3.662233,78,78.853663
4.19572,77,79.018404
0.25266,80,79.170461
1.240629,97,79.356874
2.730823,73,79.499707
4.735585,83,79.660672
4.174853,84,79.823479
5.346877,81,79.981028
0.193031,108,91.19521
4.028738,78,91.346707
4.340618,83,91.507778
0.438925,79,91.667704
3.470995,74,91.815743
1.059833,84,91.979378
2.64389,77,92.135161
1.274567,81,92.297449
0.342696,87,92.470373
3.619231,80,92.629361
4.865546,90,92.802803
1.30073,87,92.974814
3.192052,77,93.12803
3.516761,74,93.273642
4.608251,77,93.42297
2.168828,73,93.570983
3.495368,75,93.723497
-0.899467,131,93.981807
2.918656,81,94.146266
-0.031145,96,94.335413
3.860518,79,94.490901
-0.17973,104,94.697977
-0.916245,124,94.944297
2.001168,81,106.140674
3.131412,70,106.290709
2.915468,72,106.433879
3.870985,72,106.576813
2.901155,69,106.7157
4.48443,72,106.85946
1.720151,91,107.0427
2.283226,80,107.202743
-0.102951,106,107.421311
0.743205,97,107.611115
1.432709,84,107.779394
-0.364074,100,107.975622
0.426028,96,108.171454
4.227751,75,108.321949
3.904292,79,108.482371
1.91659,81,108.646035
5.011943,85,108.814471
100.201539,47,108.909661
4.572479,74,109.059452
2.118095,77,109.210132
0.889466,80,109.368914
3.881276,77,109.524351
3.958704,73,109.670991
0.839981,115,109.910815
0.669537,77,110.066829
1.076249,103,121.278352
1.956209,79,121.437182
1.337117,79,121.594805
4.443936,68,121.726616
3.649321,70,121.879802
1.470121,95,122.073139
-1.191482,128,122.333493
0.839514,76,122.484356
4.271688,82,122.649904
3.849846,69,122.787902
1.247531,72,122.934485
3.424851,70,123.073331
1.80802,88,123.251728
4.233661,76,123.404324
2.49111,70,123.540878
3.548657,74,123.704897
0.956208,91,123.888489
4.217256,83,124.059337
0.753635,86,124.233089
-0.033376,99,124.434772
0.986534,88,124.612172
3.647654,76,124.766148
105.48651,78,124.92887
1.426459,81,125.106008
3.145643,91,125.287449
5.871215,74,136.490051
3.561308,71,136.634066
1.348985,108,136.852403
1.585043,96,137.058159
0.775498,81,137.219653
0.578811,81,137.382335
2.682995,70,137.518402
1.854508,75,137.66773
3.926041,90,137.841188
-0.517803,119,138.076499
1.654825,84,138.245131
0.71007,86,138.416235
3.030367,81,138.591201
-0.531472,109,138.8159
-0.151863,98,139.007238
4.682291,76,139.157422
3.75886,85,139.321416
0.519189,95,139.503812
-0.276803,98,139.696563
1.526591,80,139.859658
4.206417,73,140.011946
2.918604,74,140.158245
3.68717,68,140.296907
0.283904,77,140.446998
1.967324,83,151.647887
-0.577865,119,151.895192
1.050789,90,152.069192
3.974526,76,152.216144
1.363525,76,152.362847
100.098512,19,152.400956
4.911041,78,152.55133
0.390879,113,152.779752
1.809464,68,152.913957
3.033356,71,153.051813
0.793512,108,153.26338
0.253247,82,153.430457
3.065632,72,153.572319
1.936751,92,153.750214
4.130823,608,154.943632
-0.530043,87,155.115019
4.100527,78,155.26942
3.894579,79,155.426367
1.288071,103,155.633573
3.995913,85,166.801594
4.338521,78,166.956499
1.803999,82,167.117829
2.103503,74,167.268123
1.70247,75,167.417728
2.525526,81,167.57676
-1.080781,150,167.880943
0.543714,99,168.078007
0.499084,77,168.232296
1.531082,74,168.395418
0.843552,92,168.579694
2.018819,79,168.736942
-0.406028,100,168.93606
3.058905,65,169.064854
3.062589,74,169.210177
1.528026,70,169.354535
4.122445,76,169.505496
1.420601,70,169.644045
2.815358,92,169.82816
3.200024,85,170.008662
1.028669,84,170.178667
0.748646,80,170.335465
3.537989,82,170.497819
2.203145,71,170.637448
0.293819,96,181.86356
2.379107,78,182.014576
2.995705,74,182.158401
1.737118,78,182.312484
4.015077,72,182.452548
0.048435,152,182.750764
0.711063,85,182.919661
2.373291,69,183.05249
2.19664,75,183.197173
100.923879,44,183.299277
-0.424902,131,183.554923
4.876675,77,183.706146
4.244775,68,183.83918
0.515221,113,184.065375
5.305984,70,184.209009
-0.074264,145,184.489838
5.417803,72,184.630805
4.138718,89,184.806814
5.031756,72,184.962094
2.661381,71,185.101431
0.870755,92,185.283021
3.022129,71,185.421589
3.763267,94,185.604869
-0.439237,142,196.870705
3.998786,73,197.013877
0.32174,108,197.227468
2.029516,69,197.365601
1.193958,76,197.516122
2.79162,68,197.652604
3.084979,74,197.800744
1.047501,133,198.066262
1.367344,76,198.219444
3.538825,86,198.40274
0.883863,107,198.619654
1.46031,85,198.787156
2.3178,73,198.932075
4.436197,67,199.071179
3.973873,71,199.212278
-0.232859,90,199.39096
101.482854,49,199.489702
1.709751,79,199.646187
-0.043416,114,199.888937
1.911677,83,200.057494
3.873518,85,200.22492
4.126176,68,200.355054
0.856455,72,200.500669
3.891824,69,200.635537
0.972487,89,200.812543
1.899923,73,211.962836
3.561875,79,212.120939
3.052417,82,212.283266
4.497331,71,212.42302
3.568587,68,212.561268
0.655089,116,212.789408
3.152043,66,212.915982
0.995479,94,213.102818
2.778847,80,213.258718
1.176855,104,213.473963
1.840547,84,213.645952
1.928124,70,213.783692
4.311528,79,213.941792
2.208085,71,214.084703
5.240688,73,214.227474
2.439717,75,214.378211
-0.609442,145,214.674986
-1.013978,107,214.887632
2.464842,79,215.048592
3.43015,89,215.247826
1.419105,73,215.395396
2.76668,78,215.551448
1.575948,73,215.696162
2.783756,77,215.850921
2.80888,82,216.016384
3.947561,80,227.361978
0.441309,107,227.575225
2.392386,73,227.719877
2.666635,69,227.85586
1.805091,78,228.013272
4.483725,75,228.166224
2.266808,70,228.306187
0.491805,96,228.500503
5.150824,67,228.633808
0.722453,98,228.829203
-0.895389,529,229.886708
0.891373,82,230.049612
4.819426,72,230.193114
103.229267,58,230.306898
4.838301,67,230.442373
1.12744,83,230.608459
2.829455,71,230.753028
3.584022,81,230.914061
2.858935,90,231.088053
2.545914,76,231.239564
2.873802,66,242.477029
2.229593,71,242.616813
2.901017,68,242.752947
4.078691,94,242.941226
2.945672,79,243.097594
2.412167,74,243.242281
0.1646,96,243.439922
2.771951,69,243.589892
1.48749,130,243.84973
1.262256,84,244.013038
102.869986,57,244.124239
3.318051,79,244.276018
3.332566,66,244.404865
3.501295,65,244.532092
4.865151,72,244.674234
4.060257,66,244.804832
-0.737395,135,245.064013
6.039898,76,245.227533
101.139046,99,245.426121
1.744274,70,245.563469
3.247752,77,245.71339
0.041048,89,245.888771
1.930549,68,246.024575
1.374803,98,246.22196
1.665126,72,246.364145
0.689892,77,246.521214
0.219788,90,257.76175
4.092422,74,257.910455
3.535079,78,258.065724
0.731076,93,258.252135
0.281944,80,258.412348
3.404466,69,258.548977
2.863352,71,258.693763
0.743258,81,258.861491
0.691961,113,259.097139
4.101676,68,259.235853
4.382169,70,259.376028
3.091463,70,259.516299
2.049648,79,259.675023
3.372963,69,259.812533
2.663359,66,259.94564
2.21578,71,260.088137
5.697824,68,260.225547
-0.3561,105,260.43715
3.237597,79,260.604897
0.323446,106,260.824841
2.005724,70,260.960958
-0.388893,94,261.145359
1.198509,73,261.284156
2.770677,68,261.418197
103.278261,62,261.540486
4.547672,76,261.702892
1.292777,120,273.026812
101.279385,93,273.211019
103.5065,61,273.330483
4.93824,74,273.49226
3.914226,68,273.627153
3.504977,78,273.783934
0.958282,93,273.971915
1.491633,82,274.135203
-0.36524,112,274.360388
4.355939,76,274.516206
3.876715,67,274.649672
2.974844,67,274.785656
0.850567,75,274.936352
1.403033,74,275.099994
3.077058,68,275.237136
4.057969,74,275.382083
4.400964,76,275.537255
1.87037,75,275.689565
0.653639,114,275.917374
1.118933,79,276.074968
5.090193,77,276.227196
1.409817,82,276.404785
2.310109,67,276.539143
4.329972,71,276.680546
3.933365,71,276.825468
-0.170595,377,288.642034
0.228749,121,288.88221
1.931439,76,289.030069
-1.133102,362,289.755847
-0.104675,94,289.940131
3.093624,79,290.099339
0.7183,82,290.27585
4.719058,74,290.43644
3.00454,71,290.589541
3.992648,76,290.745261
4.495233,69,290.882174
4.734115,67,291.014538
-0.19549,96,291.221647
3.892874,68,291.359711
0.170916,95,291.553582
0.919317,246,292.047899
3.809991,69,303.680606
3.468322,74,303.826876
1.979325,72,303.967571
1.258486,93,304.145776
2.426486,68,304.281767
4.531377,68,304.417677
2.635555,66,304.555492
0.201716,79,304.718456
101.597458,56,304.826892
3.049863,72,304.973482
1.520064,67,305.107209
3.421934,75,305.254412
0.206419,105,305.465747
2.586312,71,305.607214
5.500332,68,305.74219
-0.244046,84,305.902327
2.519047,67,306.03553
4.191751,70,306.17556
1.884338,72,306.339342
4.184539,74,306.493216
1.625707,75,306.669303
3.421011,64,306.797314
2.590225,65,306.928583
104.050801,60,307.049859
-0.488806,111,307.276442
4.23648,68,307.415196
3.130291,65,307.541341
1.774405,76,307.701828
5.79844,67,319.505941
2.537235,77,319.679619
3.702455,72,319.821783
5.134611,73,319.967645
2.319476,72,320.111116
2.331029,70,320.258449
4.586145,72,320.400537
4.381143,69,320.539083
2.363861,73,320.682252
0.833991,96,320.873235
0.647033,91,321.052314
101.393248,53,321.172009
2.049845,76,321.322305
0.741086,82,321.483416
0.559004,92,321.663424
0.989972,77,321.810528
2.506569,71,321.948757
1.438948,89,322.124278
1.649208,71,322.264122
-0.136073,83,322.442196
0.749129,92,322.624268
0.834771,93,322.807502
0.628525,90,322.981672
2.605752,74,323.125051
2.395323,71,323.2635
-1.121023,121,323.517266
2.070234,69,334.767512
3.794204,75,334.926695
3.70757,69,335.060562
-0.825612,114,335.282434
1.615146,66,335.40996
2.219813,74,335.555525
0.12042,97,335.743138
1.7303,74,335.88774
2.587127,73,336.031404
1.33187,80,336.186133
3.603751,72,336.330321
5.390324,71,336.468528
5.435428,67,336.612251
4.133969,65,336.741243
4.290792,72,336.885504
0.08943,108,337.092498
5.762014,71,337.23299
2.989715,69,337.364038
3.929885,71,337.501381
2.151196,76,337.650146
3.612214,66,337.782108
0.127669,85,337.951909
2.737913,63,338.085155
4.557928,65,338.206723
3.370611,63,338.329687
4.007062,67,338.461845
3.857373,75,338.60915
1.535298,68,349.75463
2.881432,74,349.898623
3.676789,69,350.034338
2.613578,69,350.169393
3.464859,66,350.303913
-0.699895,91,350.509702
1.065896,106,350.723362
4.717746,71,350.867318
4.125883,67,350.996393
3.969204,72,351.136208
2.239022,71,351.276949
1.743321,72,351.418513
0.448839,82,351.580606
3.939203,66,351.709502
-0.550438,80,351.866216
2.087781,73,352.020451
3.012625,67,352.154803
2.90332,73,352.296551
1.357246,83,352.455959
2.069683,70,352.593339
1.881378,81,352.749816
0.433296,110,352.966618
3.707428,71,353.10588
3.553156,72,353.247525
4.575394,73,353.406299
-0.552812,106,353.614125
1.831383,74,353.761223
2.884729,67,364.923163
5.581817,67,365.055129
1.048023,72,365.19665
4.250463,69,365.3326
5.100079,289,365.923605
0.198583,101,366.130073
4.082101,68,366.263351
4.080037,76,366.414925
5.233407,67,366.548364
4.649939,68,366.682264
-0.399326,100,366.879069
5.05416,72,367.025817
4.705581,72,367.175762
0.462248,84,367.349505
1.749642,71,367.492332
1.578632,76,367.662729
1.002283,80,367.826421
-0.486064,629,380.165572
4.113611,73,380.313566
100.862643,58,380.430955
1.195866,78,380.588345
2.946505,69,380.726755
5.396302,70,380.865423
5.309941,79,381.025193
0.316399,97,381.230325
1.961194,69,381.380878
3.438941,67,381.513058
101.429517,83,381.676155
0.088774,98,381.868106
1.210817,75,382.013888
1.801718,70,382.150753
1.549785,72,382.293179
2.343393,68,382.425621
104.589872,80,382.584352
5.129155,67,382.722108
3.827804,68,382.856634
3.065569,69,383.004398
0.8421,106,383.215045
0.256453,1000,396.284062
1.846786,71,396.423861
3.69291,64,396.552567
0.508751,85,396.72018
2.499889,92,396.905461
2.035901,70,397.048388
2.572682,68,397.1874
1.462543,98,397.396753
4.818379,71,397.537496
3.83504,66,397.673714
5.463959,68,397.809301
3.86238,67,397.942494
3.942672,69,398.080179
3.732223,80,398.234697
1.010387,96,398.432302
-0.6056,159,398.751076
2.269989,81,398.908089
0.641372,100,399.105738
5.216942,76,399.255313
1.713117,86,410.956308
0.827012,95,411.159361
101.490834,60,411.273913
-0.511835,122,411.537173
4.372312,69,411.681394
4.66562,77,411.839375
3.740864,83,412.011944
3.360815,88,412.196884
1.735099,73,412.348754
2.959153,75,412.499884
3.6714,69,412.637342
1.458301,69,412.771984
3.358821,67,412.904001
1.035465,79,413.079591
-0.239839,93,413.270742
1.532396,73,413.420777
100.427364,59,413.543996
-1.029529,102,413.753108
1.407059,71,413.896545
0.290742,88,414.068592
1.161361,206,414.468879
1.351305,71,414.611042
2.976935,67,414.757386
0.253424,81,414.916894
2.564733,72,415.058965
3.407261,65,426.329392
2.966114,67,426.468976
0.357668,81,426.642706
2.801014,70,426.801999
1.501919,79,426.959661
0.843139,75,427.108399
4.24594,68,427.250624
1.885277,83,427.455907
3.431996,78,427.629013
-0.057725,81,427.806265
1.774141,73,428.013337
2.428217,66,428.160517
3.615986,69,428.30939
-0.93109,94,428.510161
3.919051,105,428.764065
1.070841,72,428.926924
2.27669,79,429.090511
-0.32468,114,429.327121
2.900682,70,429.48191
4.774676,67,429.615572
3.934383,100,429.817973
4.776402,65,429.963321
3.568987,84,430.131246
1.62159,96,430.344875
0.064015,78,430.500553
1.678989,73,430.643559
0.452964,89,442.624815
0.624862,107,442.833797
3.600891,82,443.010174
0.851877,79,443.172813
3.973105,64,443.302639
1.958113,72,443.448812
-0.078228,112,443.684558
2.938848,68,443.824135
1.826318,85,443.995787
1.963776,67,444.132842
2.843002,73,444.284023
2.594807,73,444.434172
0.704737,68,444.580392
-0.548775,133,444.862347
4.500397,68,444.995446
0.588738,209,445.411025
4.128288,65,445.5393
2.276411,73,445.68286
3.38218,69,445.816269
4.082045,69,445.955037
2.908948,73,446.10056
1.012426,85,446.272055
2.936333,70,446.427104
100.829559,45,446.52204
101.701464,78,457.891348
4.205918,70,458.035205
-0.201374,104,458.252463
3.891448,76,458.408888
0.968809,147,458.723676
0.838103,74,458.875087
5.181478,64,459.003058
2.643476,72,459.14959
4.831469,65,459.284051
3.112296,68,459.423485
4.284684,75,459.57967
1.8361,73,459.729305
1.590952,78,459.883094
2.038438,67,460.017303
2.319352,69,460.159762
3.946156,63,460.284553
4.09705,67,460.426028
3.154277,72,460.572706
3.453734,102,460.775631
3.640619,63,460.896235
1.720951,90,461.071191
1.862934,68,461.203846
101.042148,67,461.334059
3.373356,68,461.466841
1.303606,99,461.659669
2.599686,69,461.793584
4.996169,65,461.931201
4.227876,69,473.075694
-0.995579,126,473.336166
3.609005,72,473.481101
2.824687,70,473.624113
0.8353,92,473.811475
0.379218,106,474.031424
1.039879,88,474.214895
-0.129322,86,474.392308
0.839272,74,474.541433
101.316252,91,474.740362
1.784017,72,474.884175
-1.097348,100,475.078461
3.134014,72,475.222225
3.856676,74,475.364854
2.950925,66,475.492023
2.219441,66,475.620846
1.577999,68,475.752144
2.877584,69,475.887264
1.737922,68,476.026147
3.558749,71,476.166283
4.846549,70,476.304778
4.149485,89,476.497135
4.30921,68,476.627023
1.629619,89,476.798807
2.797134,68,476.930466
1.121611,73,477.073213
-0.046773,78,488.845854
5.020808,69,488.97888
2.778767,61,489.097531
3.267791,67,489.227812
5.458326,66,489.358173
3.458096,86,489.522309
1.816962,73,489.679639
1.554491,76,489.829803
3.583432,66,489.958083
4.545146,64,490.087027
104.006728,57,490.197595
1.618355,70,490.333541
5.358912,67,490.466306
5.187282,66,490.594977
2.470004,69,490.726584
2.258971,70,490.86422
-1.268545,159,491.172322
4.42853,63,491.301959
-0.647928,156,491.615661
2.720898,83,491.779084
1.607795,96,491.970625
0.515823,75,492.120067
101.981275,78,492.27264
2.073097,87,492.446272
101.1142,58,492.559917
0.33753,112,503.812929
4.010116,64,503.939822
1.998584,65,504.066107
1.524568,71,504.209951
5.137935,69,504.348387
0.820794,75,504.497067
2.309616,75,504.645098
0.267372,81,504.803656
4.791716,66,504.937673
-0.137297,94,505.121019
0.953275,150,505.43389
1.193273,74,505.578846
100.921234,94,505.761574
-0.405154,128,506.010581
5.432345,65,506.137619
-0.50739,92,506.321554
1.057508,76,506.471038
-0.405966,95,506.657578
4.9091,75,506.805021
4.92298,73,506.95065
0.562356,111,507.165954
1.241248,73,507.310537
4.100208,68,507.443593
2.921312,71,507.583019
102.056397,69,507.715718
0.616232,108,518.971969
2.277879,76,519.122241
2.791651,69,519.283092
102.40314,71,519.424626
0.825287,83,519.58881
-0.642799,188,519.96599
2.302297,95,520.152372
-0.367377,151,520.451001
1.092155,91,520.633199
2.084144,75,520.783064
4.408858,69,520.918277
105.619155,65,521.068751
1.944106,73,521.217367
-0.921295,90,521.398755
0.250169,74,521.54752
2.005148,72,521.686917
0.648599,73,521.828145
2.220212,80,521.986412
0.925374,89,522.161881
1.058207,82,522.323765
1.594269,70,522.463534
0.708682,104,522.666108
0.738031,72,522.822415
1.431271,75,522.967864
-0.780477,121,534.253367
3.571896,66,534.386508
4.535659,67,534.52291
4.303944,68,534.661659
3.55123,72,534.80187
0.255152,114,535.04226
-0.959612,161,535.3725
2.060382,71,535.509319
2.581855,65,535.637426
1.154345,82,535.80499
4.055318,67,535.936793
1.514228,67,536.066336
-0.703892,100,536.259132
1.692768,110,536.474644
3.756401,65,536.600852
1.853821,75,536.749891
3.479187,70,536.890364
1.44192,69,537.028519
1.915526,92,537.208627
1.421545,96,537.398057
4.149101,72,537.542378
0.887158,74,537.686841
0.7074,88,537.857614
0.831612,93,538.04087
3.725811,70,549.18724
3.146306,73,549.327569
5.031379,69,549.474935
3.088433,67,549.609846
0.781715,78,549.765301
-0.228767,105,549.978758
0.721349,84,550.144896
3.240334,93,550.338247
3.938104,65,550.466854
102.247974,74,550.614815
4.321479,65,550.746566
1.422525,76,550.901623
1.600527,72,551.046491
2.805949,72,551.206977
0.286552,81,551.372581
-0.200137,82,551.539394
3.820304,70,551.678732
101.449831,65,551.81184
3.212908,69,551.951174
2.452294,77,552.104843
3.883521,86,552.278586
4.053138,75,552.428469
2.717602,68,552.56953
1.527862,77,552.724239
3.316774,67,552.873714
1.646984,71,553.019576
2.181271,66,553.153688
5.733569,75,553.3041
2.711349,66,564.497266
3.331457,72,564.636785
5.356394,69,564.768576
3.721556,70,564.905918
2.901178,77,565.05819
4.057409,68,565.205917
3.641153,65,565.338414
1.742454,67,565.471751
1.577613,72,565.612005
1.337495,99,565.811508
2.829542,79,565.965639
0.079252,78,566.123001
0.516012,83,566.289382
3.367122,67,566.425632
1.508919,71,566.575
5.148093,70,566.716393
5.293539,63,566.855
2.60867,68,566.998137
3.589043,70,567.139986
2.947825,67,567.274341
1.994194,70,567.414075
3.774766,69,567.553116
4.844222,66,567.687697
1.190982,78,567.843878
2.060209,68,567.980885
4.393123,69,568.117199
1.171155,72,568.259502
102.164055,68,568.394101
5.247262,71,579.633316
0.684102,96,579.824194
100.919014,87,579.995643
4.14323,70,580.138149
2.032235,77,580.29009
4.093494,68,580.421813
0.14703,83,580.592293
2.584276,75,580.758157
4.794431,68,580.897885
4.213921,65,581.027574
0.679028,85,581.196373
1.846529,78,581.356847
1.224988,67,581.491046
4.71217,65,581.620331
103.037063,57,581.738218
1.53318,71,581.881886
-0.261484,99,582.081143
0.065041,126,582.331795
0.319241,110,582.545781
3.782538,71,582.687741
1.310716,100,582.89361
1.9032,74,583.045036
1.968064,77,583.201669
4.844771,67,583.336546
4.556928,64,583.466601
0.96567,117,583.70487
1.085867,98,595.298999
4.442062,72,595.444572
0.849598,77,595.616078
4.472134,73,595.764092
1.286661,71,595.908805
0.817642,76,596.060082
3.224634,72,596.206182
4.107903,65,596.33762
-0.966679,114,596.567167
3.671789,64,596.695998
2.424528,69,596.83498
3.065445,79,596.991922
4.225198,70,597.13062
0.320572,105,597.363003
4.267116,66,597.495942
5.693983,64,597.623886
3.045991,76,597.779131
4.481415,82,597.947383
3.361366,69,598.084646
3.096605,71,598.229987
1.607412,76,598.385296
0.687677,88,598.561979
2.351506,83,598.727933
4.548876,67,598.86248
2.341368,69,599.012473
1.93643,79,599.185747
3.391045,71,610.484381
2.881336,68,610.625546
2.32592,69,610.776494
4.873099,64,610.915225
4.474996,68,611.05597
1.139674,75,611.206384
4.367992,64,611.351953
0.616594,1000,613.434221
1.579968,80,613.600597
3.590611,81,613.761961
0.353349,82,613.93474
3.241294,75,614.087081
-0.07795,83,614.26374
2.247229,72,614.409348
3.243504,69,614.5513
0.383349,103,626.159247
4.939172,66,626.312544
1.249482,71,626.463971
3.874604,66,626.599385
3.784136,69,626.744264
1.727498,76,626.898022
-0.735948,106,627.109331
4.731971,66,627.248041
-0.617294,137,627.523718
3.148597,65,627.660611
2.426555,66,627.797359
1.159084,77,627.957361
3.782885,73,628.123755
2.441353,76,628.277972
3.450732,79,628.439449
5.134231,63,628.577778
3.836249,67,628.716184
2.517877,80,628.880039
1.879688,73,629.023526
1.983712,68,629.159883
3.559286,69,629.296361
4.521993,74,629.441019
4.535171,70,629.58196
1.148645,76,629.728774
0.543734,99,629.934387
4.899061,68,630.091037
2.511755,66,630.226257
4.176596,76,641.682824
1.186603,75,641.836746
4.694073,64,641.96929
4.078021,67,642.100519
2.355409,72,642.241244
0.198791,89,642.432703
4.056455,65,642.559458
1.821294,72,642.710905
2.221109,78,642.867217
2.40835,72,643.007895
1.097198,97,643.202217
1.97169,71,643.348917
4.564964,71,643.496288
2.406219,75,643.651047
2.773958,72,643.805653
0.760193,83,643.97456
0.449269,87,644.148982
-0.229355,89,644.327276
-0.662092,270,644.887576
1.543286,84,645.060509
0.929043,68,645.2075
0.55045,75,645.34901
3.610251,68,645.483768
1.467694,86,645.652453
3.614024,72,645.796384
5.178587,76,657.364322
2.620909,70,657.501696
-1.001679,122,657.737381
-0.083012,134,658.015552
3.646763,65,658.142839
4.172161,71,658.282226
5.509095,65,658.41033
5.059005,66,658.538536
3.010016,69,658.677138
5.44801,67,658.810139
0.834777,99,659.009197
3.575021,73,659.161068
3.814928,77,659.323346
3.27839,65,659.456024
3.057852,68,659.597709
2.561024,68,659.732198
1.196339,76,659.880975
1.806736,87,660.049814
3.968519,69,660.184543
1.799941,81,660.346719
0.389129,82,660.50897
0.707035,84,660.67955
3.490751,72,660.818732
4.903091,67,660.950608
3.12226,66,661.081524
4.591262,68,661.215092
-0.069401,91,672.774976
-0.407558,121,673.020496
4.81284,71,673.16866
101.57521,76,673.325145
4.12516,66,673.465089
3.225036,69,673.606315
3.661041,71,673.752599
1.175913,82,673.928393
0.715277,79,674.08233
1.876259,71,674.224486
2.943869,68,674.360201
-0.510333,153,674.662381
2.654008,65,674.794503
-0.099171,90,674.975047
3.750461,87,675.147336
1.469991,74,675.298961
4.532933,69,675.434961
3.833729,66,675.560258
2.746516,65,675.68882
4.460686,69,675.826461
0.568524,96,676.012221
3.392665,73,676.153534
1.038411,73,676.293601
1.339777,76,676.438652
1.389388,95,676.622536
2.342397,80,676.778758
1.244367,69,688.447973
0.27186,129,688.710214
4.9316,68,688.845356
3.894021,68,688.992405
-0.659878,95,689.183517
2.259001,69,689.32223
3.985803,70,689.462044
2.637988,72,689.606668
5.38107,64,689.736007
3.486347,69,689.874714
2.294042,66,690.006355
3.683247,69,690.14227
3.970812,68,690.276434
2.353486,68,690.412492
5.720714,72,690.55901
-0.685179,101,690.762601
2.476868,74,690.907958
-0.585842,100,691.108425
3.656269,68,691.245912
0.814877,76,691.404053
-0.29445,85,691.582264
0.989356,86,691.748286
5.143444,65,691.882223
3.695016,68,692.027981
0.677986,76,692.178674
2.293152,73,692.322757
1.233474,79,704.138587
4.370735,64,704.275358
-0.409282,85,704.448788
2.727662,75,704.600395
100.420741,74,704.764217
-0.159718,90,704.971614
2.152301,70,705.116217
3.078126,79,705.308693
3.880937,74,705.467695
3.708703,90,705.661538
4.141563,73,705.821173
2.203497,78,705.978598
3.926181,80,706.140019
5.446157,71,706.28669
5.284516,68,706.428433
3.91521,75,706.583378
1.685734,79,706.739974
1.182475,97,706.932903
3.768977,73,707.077129
4.290626,70,707.221367
0.01672,105,707.437562
3.812833,69,707.576525
1.345446,71,707.716282
0.210955,81,707.882443
2.028399,71,708.021572
2.878521,68,708.156517
2.80914,84,708.323144
0.020492,84,720.016316
3.951425,65,720.148578
0.882505,103,720.359648
3.690285,86,720.53904
-0.464223,109,720.762805
3.850682,66,720.899403
2.756576,66,721.03485
101.249432,68,721.171048
1.005582,108,721.389164
-0.541585,113,721.618352
2.34538,89,721.794772
4.937712,68,721.944358
2.06975,79,722.099526
1.197046,73,722.241605
4.486142,65,722.371286
1.460916,71,722.511678
5.099995,69,722.651938
0.982646,70,722.789989
0.301974,77,722.941308
0.601003,576,735.799992
3.944442,71,735.949372
3.298241,64,736.084964
-0.065674,175,736.454842
1.571474,80,736.642514
5.460521,77,736.802075
0.74104,73,736.950159
0.857311,75,737.099536
102.358547,70,737.235662
1.629752,70,737.373471
0.758939,75,737.523318
2.660804,79,737.682191
0.258587,78,737.83774
0.494627,80,738.010813
1.203824,93,738.213581
102.713822,74,738.37845
0.618202,1000,752.424828
2.530432,74,752.572638
1.054046,79,752.7355
2.325571,72,752.879194
2.785462,78,753.043496
4.527633,74,753.202554
-0.201428,90,753.37831
1.76929,73,753.522045
0.254822,119,753.758265
-0.546898,94,753.942112
0.602502,151,754.240677
3.539926,67,754.371475
1.091822,91,754.551813
4.799692,71,754.696486
0.83907,76,754.856279
1.573622,75,755.00942
2.552176,73,755.155463
1.356148,78,755.313895
1.67068,77,755.466104
3.757558,71,755.608045
101.413406,82,755.77476
3.511555,69,755.925735
0.618607,97,756.136773
-0.816242,126,767.827718
3.900395,79,767.983833
4.357087,64,768.13308
4.663085,89,768.307353
3.644148,72,768.449842
0.8126,78,768.604619
0.611807,80,768.766493
1.335374,77,768.924109
4.293145,68,769.068034
1.074411,92,769.250057
2.479689,62,769.376178
3.563409,73,769.522205
3.524568,70,769.662598
3.226717,65,769.791293
3.574074,65,769.917249
2.855744,69,770.05542
3.411176,79,770.215649
3.900826,67,770.34938
2.539402,68,770.485888
1.351625,72,770.627577
2.808739,72,770.76679
2.525609,66,770.896188
3.338603,86,771.065751
102.719337,62,771.185395
4.152792,66,771.314283
3.165648,78,771.465904
5.205181,69,771.600377
3.264626,72,782.939118
101.806176,86,783.104203
102.226999,61,783.237686
-0.775516,128,783.49566
4.32458,67,783.624928
101.166547,57,783.738546
0.973415,71,783.875146
1.06941,74,784.020449
2.865294,70,784.151762
0.807263,75,784.298226
1.886601,74,784.440403
106.092123,70,784.575685
2.493328,67,784.70217
0.655324,71,784.837109
3.107063,76,784.981749
5.151252,63,785.102358
-0.765369,152,785.396272
2.976101,82,785.558225
-0.297286,115,785.781186
4.214259,95,785.964468
2.2753,75,786.111046
2.954829,69,786.24402
4.14797,88,786.414317
1.725756,69,786.545714
3.81176,84,786.705862
-1.044112,640,799.091704
1.072632,77,799.249315
1.289543,75,799.42276
2.019972,85,799.599867
103.592647,61,799.728533
-0.986955,118,799.969236
3.634232,78,800.122896
4.299556,69,800.25902
4.934297,64,800.382735
101.224632,68,800.51367
3.860558,78,800.663361
1.785401,68,800.797078
1.153436,111,801.017512
1.318817,76,801.173411
1.003359,71,801.315948
4.902343,65,801.446899
0.180576,1000,815.054111
4.330808,77,815.206487
1.067841,71,815.346166
0.955512,72,815.486753
1.203337,87,815.662022
2.42243,68,815.810242
3.610254,69,815.947521
1.47955,98,816.139651
4.963604,70,816.279815
101.706156,72,816.419599
0.730749,158,816.72762
1.360218,72,816.871039
1.873334,79,817.030152
1.794509,70,817.162401
3.526179,95,817.348663
2.556165,73,817.490434
3.660743,69,817.637905
0.502061,91,828.983661
-0.884457,134,829.24707
1.733184,81,829.404965
5.81692,69,829.537826
3.004516,68,829.669401
101.534803,67,829.801018
4.660844,84,829.982552
2.031238,72,830.124649
2.455464,71,830.270823
2.200889,72,830.423385
3.166633,76,830.589231
0.644624,76,830.758703
103.017534,73,830.917805
2.765072,87,831.105962
1.104229,74,831.256743
2.096548,82,831.422362
2.448936,76,831.577451
104.682135,72,831.720844
5.298052,68,831.852473
0.228998,86,832.023631
4.160441,105,832.235376
2.979111,73,832.377754
1.894985,82,832.544081
3.516712,69,832.683425
3.215767,65,832.816771
1.370478,80,832.975601
-1.025965,120,844.341826
1.882543,95,844.528567
3.106247,71,844.683599
1.852037,75,844.827859
0.711907,78,844.983757
2.529726,75,845.132671
3.582436,83,845.296398
2.489108,84,845.463633
3.857175,74,845.606883
-0.675512,112,845.821075
5.321788,63,845.944806
4.35541,89,846.120114
4.271828,82,846.278405
1.448457,75,846.426103
1.834069,71,846.578601
4.621084,92,846.76207
1.632663,103,846.966316
4.267254,64,847.094249
0.928073,77,847.244418
2.482994,73,847.395844
2.193863,79,847.555441
2.299529,67,847.689667
1.418295,78,847.846628
6.032796,117,848.083647
0.186643,1000,861.491143
-0.474676,85,861.660553
2.802981,91,861.846541
2.066533,75,861.995656
0.97801,70,862.137734
4.480532,75,862.288677
3.917336,68,862.429109
0.210031,1000,876.005479
1.789806,71,876.14782
102.159969,71,876.289598
2.447434,84,876.451318
1.174979,108,876.662125
3.886262,65,876.789404
-0.250794,91,876.965581
102.603135,82,877.122114
105.220135,69,877.257749
4.36669,74,877.40353
5.374854,64,877.529723
4.833984,66,877.659141
2.266359,66,877.790752
3.373593,64,877.916423
4.958882,90,878.092927
3.433406,75,878.236612
5.059516,74,878.381696
0.912753,81,878.539837
-0.825139,400,879.317879
4.093108,86,891.027454
0.360121,203,891.425186
100.42844,533,892.485201
3.742266,82,892.644946
5.699869,76,892.814586
1.044743,76,892.99327
-0.774425,263,893.573138
4.277988,95,893.764377
2.879484,74,893.913319
3.076061,66,894.040603
4.020575,67,894.179124
2.323915,69,894.317376
5.268999,75,894.467115
3.795743,71,894.624477
3.664041,107,894.837062
0.430272,75,894.984894
2.16634,72,895.130462
2.422439,65,906.440285
2.938832,70,906.573817
4.109584,68,906.706177
3.356631,101,906.899395
4.007963,68,907.028986
0.224855,96,907.231766
0.774334,85,907.438104
2.698892,71,907.574701
3.547658,100,907.769299
1.334386,81,907.934465
3.484783,68,908.066255
5.058686,73,908.208186
-0.240992,89,908.382829
2.322269,71,908.531026
5.580024,64,908.666207
2.316848,79,908.826495
5.138179,74,908.981522
100.93393,51,909.098719
4.197431,77,909.253875
2.737752,69,909.386631
2.401744,70,909.531093
3.451005,73,909.677794
3.411804,75,909.832024
0.462584,83,909.998285
2.315541,70,910.139548
2.228638,70,910.284533
1.511129,69,910.426118
0.820302,102,922.116029
0.264418,110,922.334164
2.018419,78,922.491473
1.684268,78,922.647956
1.659385,74,922.799358
1.228452,106,923.015824
5.190328,66,923.158398
0.563768,92,923.344574
0.65311,68,923.479855
2.294785,68,923.620179
101.486136,76,923.776424
2.613079,66,923.906348
3.013752,68,924.037494
0.787563,71,924.180878
100.420583,662,925.516602
1.2862,75,925.672244
0.5093,91,925.855472
2.769712,66,925.987899
-0.048209,80,937.459755
-0.959259,98,937.669103
2.83526,71,937.806866
1.178274,74,937.955547
2.859513,74,938.100064
3.493456,71,938.242317
4.08291,91,938.430583
0.466988,84,938.604487
3.624762,90,938.784905
0.631315,72,938.931262
101.283141,76,939.08833
4.01956,75,939.271569
3.4594,79,939.438074
1.22312,77,939.591925
4.724049,69,939.726961
1.948031,67,939.860461
101.759736,68,939.994701
1.939268,71,940.135415
1.735898,71,940.273654
2.001735,87,940.445464
2.98327,71,940.605379
4.864226,74,940.751373
2.986966,67,940.883628
1.561296,72,941.02628
0.188214,127,941.289271
0.043594,112,941.522548
1.0481,92,953.173243
4.255723,69,953.310668
1.431331,112,953.531029
1.70269,94,953.723484
3.319736,74,953.870303
2.86375,91,954.05341
2.601166,82,954.231587
0.55087,121,954.473856
3.878362,63,954.597641
5.168564,71,954.738958
4.410243,65,954.8694
1.446472,69,955.009131
1.639943,76,955.161036
3.863356,82,955.324946
0.514802,83,955.48596
1.07443,74,955.630985
-0.095578,89,955.820444
1.090288,80,955.98069
-0.202606,87,956.157142
-0.373057,90,956.383117
1.669364,91,956.603255
2.551175,66,956.738603
102.966383,57,956.852378
-0.052778,107,957.06191
3.198808,70,957.200206
100.944059,59,969.007733
1.484527,84,969.180392
4.573206,87,969.353706
0.5908,84,969.521579
2.458892,91,969.700586
4.429087,66,969.833935
0.820516,73,969.994313
4.026427,64,970.129963
1.29573,72,970.276026
-0.119159,93,970.461257
1.444835,73,970.62526
100.237444,66,970.76146
1.092468,79,970.922463
0.780773,86,971.112636
1.936665,72,971.26001
5.15834,79,971.420116
2.821756,89,971.625502
1.363411,74,971.786985
4.026531,67,971.923734
1.737028,89,972.097759
2.965919,71,972.239913
0.36394,100,972.453245
1.595393,74,972.63464
4.239896,68,972.790029
1.244455,88,972.978413
3.372396,66,973.116176
2.002482,73,984.932297
4.324765,89,985.130736
2.656573,74,985.292896
100.325109,69,985.437159
3.984853,67,985.583185
0.895028,80,985.756099
-0.05915,92,985.946384
0.130723,84,986.109783
101.819825,72,986.257457
3.812288,79,986.41284
5.675023,76,986.563966
1.587171,71,986.710003
3.349162,70,986.849534
4.629517,70,986.990468
4.784844,72,987.142374
3.93562,67,987.284897
1.053414,75,987.441998
4.782965,74,987.595198
2.993986,66,987.728004
101.755308,67,987.869122
0.391932,106,988.097467
1.774868,71,988.244653
3.369307,66,988.381
1.727017,76,988.534808
3.760537,70,988.677712
3.140011,72,988.819484
4.245941,68,988.950924
1.742835,66,989.079423
3.302642,65,1000.831309
0.783169,93,1001.014321
1.210694,76,1001.163764
1.073104,83,1001.326707
5.391757,65,1001.456121
3.486903,75,1001.602187
5.787218,70,1001.744642
1.523039,95,1001.93471
4.287276,74,1002.077856
4.907346,76,1002.238518
1.484119,71,1002.395497
4.037046,90,1002.589634
0.12708,125,1002.85011
2.834567,84,1003.022688
3.85183,69,1003.166202
1.402998,105,1003.376025
2.13016,74,1003.527121
4.800291,66,1003.672802
0.44267,120,1003.911445
1.895117,75,1004.059264
2.248898,69,1004.196564
1.876212,71,1004.333778
4.29276,103,1004.549508
105.574008,67,1004.683109
-0.348133,105,1004.892241
3.045674,93,1016.342268
1.224679,73,1016.487701
3.031371,64,1016.612158
4.294452,64,1016.735057
1.121185,75,1016.882242
2.757928,65,1017.010168
103.103289,62,1017.131705
2.327243,69,1017.272199
4.006595,68,1017.407223
1.494694,77,1017.560758
4.264076,99,1017.753795
0.952982,98,1017.965798
102.816027,76,1018.115625
3.592739,69,1018.250487
4.31825,89,1018.426365
2.432754,65,1018.555746
0.22341,76,1018.7066
1.929967,73,1018.854131
101.10623,93,1019.039524
2.014126,70,1019.175958
1.769142,68,1019.310464
0.455298,85,1019.495719
-0.23148,90,1019.678787
0.931882,98,1019.876062
4.047285,73,1020.025007
105.818206,70,1020.169541
2.966955,67,1031.900181
103.123202,66,1032.036655
2.615498,68,1032.17456
0.9786,84,1032.340127
1.999287,91,1032.523752
2.191936,94,1032.715083
3.107015,69,1032.851688
2.865999,76,1033.026191
0.468706,84,1033.192146
4.820382,73,1033.340343
103.290492,69,1033.472895
0.159502,80,1033.629549
-0.33322,104,1033.835506
1.013416,73,1033.985746
2.638916,76,1034.14686
102.090291,51,1034.257345
1.575277,79,1034.422323
1.518928,69,1034.562856
-0.206077,110,1034.791366
1.416812,110,1035.033073
1.485021,75,1035.187089
2.985454,88,1035.368692
2.108043,79,1035.534707
2.868636,69,1035.677261
4.370545,67,1035.81291
103.214754,77,1035.96458
3.066395,67,1047.335189
5.358573,67,1047.469373
3.999274,71,1047.611705
5.142584,78,1047.773276
0.735249,80,1047.931496
3.356622,92,1048.130312
3.46834,65,1048.2564
4.463932,68,1048.395954
-0.181656,93,1048.585779
0.914157,78,1048.741137
-0.446977,182,1049.118005
4.25123,68,1049.254826
1.60161,73,1049.403831
1.689882,81,1049.569338
3.871405,84,1049.742256
2.106105,85,1049.910948
101.391808,72,1050.055727
100.784737,79,1050.212725
2.400701,77,1050.366496
4.926395,87,1050.539808
3.534955,66,1050.672318
3.099002,64,1050.797439
1.439516,90,1050.993985
0.809017,71,1051.13378
4.511972,69,1051.269283
5.23516,66,1051.398563
100.62454,89,1062.829876
1.847348,71,1062.974869
1.448711,77,1063.134716
-0.414166,99,1063.355599
0.362032,74,1063.502178
1.408099,74,1063.650886
5.690622,63,1063.779752
3.701176,65,1063.911995
5.452858,64,1064.03526
0.375285,82,1064.19946
0.035279,89,1064.38142
0.364994,94,1064.572318
4.595145,67,1064.705424
2.709964,76,1064.8608
3.662309,68,1065.005606
1.678724,77,1065.169261
101.675201,103,1065.383867
101.649294,67,1065.523695
4.124142,90,1065.708835
101.339163,59,1065.823366
105.864249,67,1065.955157
100.437246,33,1066.01983
3.208972,70,1066.155272
1.067566,87,1066.324911
-1.319717,181,1066.706885
101.559321,94,1078.175513
105.35231,68,1078.316533
3.039509,78,1078.470487
2.232528,78,1078.627857
2.746885,76,1078.788448
0.743749,73,1078.942217
4.790495,70,1079.085623
2.865539,68,1079.224208
3.381531,71,1079.369311
1.324123,69,1079.508659
2.394134,74,1079.662121
2.968505,70,1079.804051
2.710334,68,1079.94585
-0.466865,83,1080.119686
3.035731,78,1080.276916
3.096928,75,1080.426024
2.076049,86,1080.610577
2.463321,68,1080.746263
2.311516,66,1080.878881
1.63849,86,1081.053083
3.464641,110,1081.274686
4.607739,77,1081.431349
4.409798,75,1081.583235
2.29836,80,1081.740109
4.155228,65,1081.869939
2.911744,69,1082.006541
2.300132,67,1082.143254
0.088697,87,1082.317494
1.415791,74,1093.898128
3.986101,66,1094.033848
4.904638,63,1094.161513
4.877511,72,1094.307661
3.226236,78,1094.46549
2.440241,70,1094.61145
1.085598,73,1094.778943
103.64991,84,1094.951301
4.158494,63,1095.08066
0.836852,82,1095.248729
1.109722,121,1095.492815
101.927202,70,1095.633029
-1.78698,96,1095.829023
2.639358,67,1095.96515
1.934749,71,1096.105761
2.261289,71,1096.247724
3.753838,81,1096.424217
4.608222,67,1096.556051
102.62122,80,1096.716725
-0.62371,115,1096.950272
4.932211,84,1097.11329
2.619155,69,1097.248004
1.368985,71,1097.386977
1.751918,74,1097.534229
2.029598,75,1097.681091
100.982734,60,1097.797201
4.46479,71,1109.18635
1.511313,66,1109.315426
1.612152,80,1109.473092
0.896472,79,1109.626833
4.432303,69,1109.762193
104.469897,63,1109.885797
5.406477,62,1110.008382
1.209188,83,1110.176457
3.113989,67,1110.311312
3.199705,66,1110.454925
2.639984,77,1110.604537
1.88561,73,1110.748771
1.856647,95,1110.942664
3.388102,66,1111.073489
3.021187,81,1111.229845
4.288848,65,1111.358639
-0.588636,134,1111.623897
3.182693,77,1111.775387
4.245419,67,1111.908226
1.940132,74,1112.050548
4.001702,66,1112.1818
3.285585,68,1112.315181
0.495242,82,1112.471482
-0.680092,90,1112.666792
5.900471,73,1112.817234
101.853389,58,1112.926519
-0.17243,111,1113.145577
0.181285,75,1124.883502
3.508708,67,1125.018937
3.053073,82,1125.183427
5.275818,79,1125.346568
4.595157,69,1125.487044
-0.041568,91,1125.678404
2.955156,69,1125.821967
5.476912,72,1125.975814
4.140375,68,1126.10784
1.555916,100,1126.30144
4.323577,69,1126.48582
102.791218,58,1126.641297
0.562932,83,1126.82584
0.577192,132,1127.076146
104.164153,80,1127.231697
1.714349,69,1127.365398
4.423578,66,1127.491373
103.279163,61,1127.610834
101.455877,61,1127.729067
1.747482,68,1127.864618
4.984399,64,1127.992198
3.577438,65,1128.116618
1.960911,76,1128.279164
103.509466,74,1128.425685
0.802187,1000,1141.947195
2.903228,71,1142.086494
100.84967,80,1142.246233
4.459271,80,1142.408602
1.886241,69,1142.543268
3.478022,64,1142.674428
101.753409,61,1142.795197
3.059391,84,1142.958051
0.056117,74,1143.103091
5.444953,64,1143.22953
3.497314,70,1143.366696
104.890712,65,1143.494528
1.287915,80,1143.653662
4.791442,63,1143.782249
101.325443,66,1143.913656
3.298257,67,1144.047305
103.162014,73,1144.200544
1.149178,1000,1157.72398
101.077314,65,1157.864867
3.476709,69,1158.018104
101.208548,99,1158.244914
0.499667,75,1158.401171
102.078669,52,1158.504981
2.414641,77,1158.674939
1.316511,74,1158.832529
4.192908,63,1158.957967
0.126932,88,1159.140833
4.48472,62,1159.280221
2.516016,78,1159.447302
-0.30696,92,1159.647826
3.547245,71,1159.803209
5.178169,71,1159.944477
103.570981,70,1160.086246
0.986178,77,1160.242086
2.34959,77,1160.40503
3.747576,66,1172.193565
101.406528,94,1172.386717
4.876548,68,1172.528992
4.72356,71,1172.676745
3.86399,68,1172.816644
101.165545,144,1173.128238
1.455896,70,1173.280375
1.357476,119,1173.534876
3.517768,88,1173.722461
3.235909,71,1173.871932
102.663326,68,1174.021972
5.195145,91,1174.209789
0.263767,1000,1176.305603
3.358706,78,1188.065762
4.379099,71,1188.208709
-0.260971,83,1188.371614
3.929966,86,1188.536831
102.831793,78,1188.695355
3.156903,90,1188.880878
5.357841,85,1189.052129
2.563029,87,1189.229463
1.841516,89,1189.406385
3.096362,64,1189.531574
4.668526,64,1189.677634
1.0277,97,1189.87641
0.539686,111,1190.100172
1.767426,72,1190.245924
4.268951,68,1190.381189
102.52443,61,1190.499175
100.595085,53,1190.604338
4.572156,66,1190.733277
0.844401,71,1190.874301
101.489477,76,1191.034423
0.763327,70,1191.183312
5.015709,65,1191.316281
101.149862,65,1191.449945
4.949936,67,1191.587933
105.952637,72,1191.732394
100.929227,91,1191.918869
2.062699,73,1192.066171
5.671113,74,1203.722532
5.638062,77,1203.873673
1.490312,96,1204.066355
-1.091252,122,1204.304063
4.826992,94,1204.492707
2.784807,75,1204.641775
3.656433,82,1204.803642
2.767001,70,1204.939095
1.756191,80,1205.100899
1.895264,77,1205.27343
102.078116,75,1205.426858
4.310375,64,1205.558972
0.476357,78,1205.719336
4.247214,66,1205.850656
1.535524,101,1206.048625
3.337229,75,1206.191539
0.642085,83,1206.352403
3.663556,67,1206.485874
3.107334,65,1206.621054
100.957455,102,1206.81987
0.138859,93,1207.005101
4.620895,67,1207.136028
2.038965,74,1207.283155
1.742489,80,1207.439911
-1.0759,649,1220.406578
1.500341,89,1220.584223
0.377011,79,1220.762161
2.620318,67,1220.905628
4.544619,74,1221.069818
1.825721,69,1221.210319
3.607527,70,1221.360217
4.528901,84,1221.540898
2.114811,68,1221.68056
3.983741,66,1221.814057
1.812488,75,1221.962002
1.345732,73,1222.106148
3.830666,70,1222.247327
1.963029,71,1222.390326
1.47487,68,1222.523717
0.152431,102,1222.723186
4.624772,74,1222.869501
3.702015,90,1223.055463
4.349544,72,1223.220232
-0.091966,176,1234.942662
1.099814,105,1235.151222
0.148429,89,1235.329433
101.743537,55,1235.442322
3.918892,65,1235.574904
0.80207,80,1235.731823
3.122585,67,1235.868405
2.262135,69,1236.007598
4.320444,69,1236.145447
-0.297388,100,1236.34776
-0.39998,204,1236.779185
5.392037,65,1236.9171
2.7473,70,1237.0628
2.906979,69,1237.199511
1.99081,70,1237.339365
4.821618,62,1237.464997
4.402474,70,1237.610628
5.064885,66,1237.756352
0.227251,79,1237.91527
2.796732,81,1238.075714
3.641482,64,1238.200154
-0.184871,112,1238.419352
3.369067,68,1238.554311
2.965117,73,1238.700402
3.473569,64,1238.832935
103.595715,62,1238.957409
1.214822,128,1250.634062
1.899624,82,1250.79658
3.560076,71,1250.935698
3.581777,78,1251.09033
2.382736,66,1251.228378
2.553697,68,1251.363906
4.059838,65,1251.496409
4.855088,70,1251.640409
2.901114,72,1251.782932
-0.263326,84,1251.950339
101.350362,127,1252.197842
0.401707,84,1252.36331
0.822663,85,1252.531836
2.360818,69,1252.683593
-0.233887,90,1252.858929
4.804789,85,1253.026035
5.896402,68,1253.160655
3.624973,77,1253.313176
0.656288,95,1253.497692
2.268719,77,1253.650845
4.099399,65,1253.781231
2.505789,79,1253.938301
3.66351,77,1254.091112
2.353375,64,1254.216244
-0.31461,92,1254.398263
100.460557,41,1254.477114
0.295924,99,1266.002692
0.250687,81,1266.165499
3.819899,196,1266.554521
3.9574,69,1266.693326
4.726311,69,1266.834703
2.46132,83,1267.016015
2.060791,74,1267.163257
4.47958,88,1267.339705
3.049284,69,1267.475991
4.466431,101,1267.681001
101.45167,73,1267.827621
102.516359,59,1267.944609
3.687454,75,1268.098947
102.56903,56,1268.216915
1.743728,78,1268.373591
1.207018,76,1268.526265
1.458237,88,1268.715245
1.545769,81,1268.879608
4.690705,64,1269.006024
1.34057,81,1269.169344
3.241819,65,1269.29483
0.453341,71,1269.43345
2.109074,70,1269.568027
2.17179,72,1269.710774
-1.66616,119,1269.944722
3.99358,64,1281.481548
100.822129,35,1281.558344
0.119007,79,1281.722467
3.961661,72,1281.870998
3.196212,67,1282.006553
1.474285,72,1282.173666
100.873989,82,1282.338547
0.781241,1000,1284.369573
3.409819,94,1284.55647
2.453816,82,1284.722517
2.436854,69,1284.863194
3.265501,67,1284.991498
2.480385,74,1285.141536
101.786534,64,1285.271731
4.879909,75,1285.437728
3.921252,65,1285.567291
0.530726,130,1296.97353
100.523303,93,1297.174425
1.161493,87,1297.348394
3.613027,65,1297.475637
2.443666,70,1297.612959
1.061309,95,1297.797928
4.602082,64,1297.929627
4.391635,63,1298.055453
2.367209,70,1298.195813
0.933596,114,1298.421116
101.54182,82,1298.589303
2.619138,68,1298.727922
102.576572,53,1298.834821
1.183115,69,1298.986415
0.787927,74,1299.130498
1.06234,123,1299.37416
0.629955,88,1299.552339
1.22263,70,1299.694994
3.280117,71,1299.838379
4.905314,67,1299.972694
3.176022,75,1300.123246
2.146284,77,1300.274841
3.550704,63,1300.400988
102.478404,56,1300.531209
101.474577,100,1300.732424
1.701345,77,1300.885056
0.870404,70,1312.456404
0.62765,115,1312.685483
3.599844,71,1312.832898
4.5004,93,1313.021953
1.874776,69,1313.162405
100.783173,58,1313.276989
2.568436,68,1313.416142
2.128982,73,1313.561351
4.047174,74,1313.707509
3.592763,66,1313.834649
1.231384,75,1313.988878
-0.534862,406,1314.805968
0.432813,74,1314.955398
2.000885,68,1315.093112
1.10257,81,1315.256325
0.267367,107,1315.478828
4.327324,84,1315.650628
5.823125,63,1315.782669
101.37942,50,1315.885394
1.816288,74,1316.039075
0.929778,73,1316.183261
5.213288,69,1316.319045
4.422411,66,1316.451112
0.857819,83,1328.032133
1.803258,85,1328.201694
1.308002,70,1328.340149
2.73371,69,1328.474459
100.832899,54,1328.580396
100.615139,104,1328.801444
3.94193,98,1328.998347
2.675442,75,1329.152697
4.332857,79,1329.309992
101.4315,103,1329.514415
-0.122656,84,1329.679322
4.18613,64,1329.801282
0.427236,93,1329.985746
2.037504,79,1330.138197
0.917911,93,1330.321725
2.164347,80,1330.476351
4.531215,67,1330.609915
1.606641,74,1330.758357
3.796291,76,1330.907388
3.512795,74,1331.052899
100.719565,62,1331.177166
101.227642,96,1331.366396
0.206979,84,1331.545251
2.268037,73,1331.694622
0.905251,70,1331.835495
100.277565,94,1343.318818
0.50046,73,1343.468401
2.045795,76,1343.618721
3.288015,68,1343.753294
2.412296,72,1343.895789
4.411273,74,1344.043604
-0.335885,87,1344.219821
2.825136,65,1344.350814
3.952812,121,1344.593626
101.794482,71,1344.749609
3.170502,67,1344.884655
3.923274,65,1345.019571
0.263723,74,1345.169589
4.596913,69,1345.307537
102.766106,54,1345.420798
2.890279,76,1345.569393
4.275084,66,1345.702414
100.966642,88,1345.882796
1.140687,86,1346.071128
5.566718,67,1346.202329
4.377943,120,1346.44105
4.088007,69,1346.578696
0.683237,190,1346.945293
4.44669,65,1347.072809
0.499107,1000,1360.25188
101.594186,109,1360.494778
3.654546,73,1360.646949
102.279073,58,1360.768276
101.066398,53,1360.875457
4.020505,63,1361.006217
3.060352,67,1361.142762
4.889222,68,1361.28552
4.991678,86,1361.462855
101.424222,67,1361.601846
101.563179,71,1361.761402
101.642068,79,1361.92409
4.638963,87,1362.095587
2.796683,69,1362.232526
2.007563,77,1362.384795
0.481312,80,1362.539369
2.586164,79,1362.696117
4.496001,65,1374.168829
3.187565,66,1374.296654
1.16697,87,1374.468076
3.023824,78,1374.618685
1.636473,78,1374.772769
0.460836,81,1374.935006
1.868907,68,1375.067118
4.663236,76,1375.220567
1.450186,74,1375.364335
1.421157,73,1375.50899
2.903845,82,1375.679832
4.413337,70,1375.81807
0.895765,73,1375.959771
0.946486,93,1376.139991
3.994846,69,1376.293822
100.581073,60,1376.411427
4.778693,76,1376.569623
1.949238,70,1376.721407
5.255188,70,1376.863139
4.39218,67,1377.015213
1.015363,83,1377.183302
2.770168,74,1377.332804
3.219736,75,1377.479778
1.39256,84,1377.647543
4.319705,74,1377.79293
2.193964,77,1377.950156
4.814325,85,1378.123492
2.775167,68,1389.734898
100.852517,126,1389.981082
101.049232,64,1390.11008
5.467193,77,1390.259649
102.885187,48,1390.353903
2.367358,77,1390.504545
101.770136,74,1390.652667
1.81548,71,1390.79415
2.157545,67,1390.923101
102.148145,82,1391.097402
3.902057,66,1391.224849
5.406594,69,1391.364674
4.427818,65,1391.490647
1.00882,79,1391.6463
5.56698,65,1391.772049
0.832764,74,1391.914884
0.898778,68,1392.048322
0.708828,154,1392.367633
1.016634,83,1392.537522
4.46217,71,1392.684064
1.804226,61,1392.811631
3.771327,63,1392.93487
5.961726,65,1393.064038
3.658428,65,1393.194124
2.857367,68,1393.329648
0.525734,73,1393.47475
1.817001,79,1393.630046
2.48207,82,1405.133662
0.943251,83,1405.303791
1.334845,76,1405.458443
0.73479,71,1405.602688
102.127404,70,1405.746715
104.583094,60,1405.866652
102.323345,61,1405.992881
3.746078,71,1406.141297
4.874696,72,1406.30445
102.002116,64,1406.439752
1.814397,72,1406.587605
3.22173,98,1406.794814
2.867464,73,1406.935615
3.058006,65,1407.060211
101.456361,81,1407.215046
1.630605,68,1407.349929
3.028866,65,1407.477139
1.419776,85,1407.649544
0.6731,183,1408.008688
1.441598,85,1408.181014
-0.757265,110,1408.395269
102.800474,63,1408.51517
3.817245,109,1408.72985
-0.374885,1000,1422.295942
1.375145,81,1422.458888
0.998652,74,1422.608033
2.782998,71,1422.753264
102.521509,72,1422.898066
0.727817,86,1423.072623
2.954841,65,1423.218345
2.11805,90,1423.397812
2.474053,68,1423.53673
2.447812,70,1423.68114
101.283833,102,1423.880887
0.817491,77,1424.035082
100.157098,189,1424.427147
0.840448,76,1424.576133
1.621645,70,1424.710099
-0.114525,139,1436.327699
1.609164,76,1436.499609
2.840698,69,1436.644741
1.908972,83,1436.814062
-0.404379,103,1437.024226
2.506448,70,1437.167191
0.806239,84,1437.330149
1.218091,91,1437.51356
2.354245,68,1437.647033
2.445063,69,1437.784843
-0.193804,1000,1439.705205
100.696576,98,1439.891855
0.525753,105,1440.093313
4.644959,64,1440.21915
3.075394,71,1451.863314
1.487475,68,1451.995572
4.006009,64,1452.122324
3.893318,265,1452.651995
0.17227,83,1452.815696
0.484016,1000,1454.859109
1.006607,70,1455.01409
2.52013,68,1455.146504
0.28381,89,1455.319437
4.357796,63,1455.446063
3.313696,102,1455.642749
2.696587,79,1455.794861
102.186388,84,1467.260989
1.965366,69,1467.411105
0.351934,74,1467.554239
2.081683,74,1467.69695
1.727787,89,1467.872215
4.633097,69,1468.009907
100.942108,122,1468.255769
0.647029,84,1468.427871
1.045372,73,1468.578598
1.452778,78,1468.737102
0.488397,85,1468.909415
2.049437,67,1469.043986
0.031043,87,1469.220874
-0.389128,85,1469.394518
4.258259,64,1469.525403
4.882461,65,1469.658743
3.780717,76,1469.811484
3.317659,65,1469.944527
-0.236267,91,1470.127231
1.560671,69,1470.269121
101.022659,65,1470.402972
4.514787,69,1470.540882
102.707929,75,1470.694146
3.432111,64,1470.828405
4.571189,65,1470.956547
1.111935,76,1471.103024
1.384408,72,1471.239478
2.305606,80,1482.926605
2.738916,74,1483.095567
1.523319,67,1483.237934
3.284359,70,1483.378476
0.403804,108,1483.594498
1.519791,68,1483.731375
2.499147,66,1483.861525
1.084844,112,1484.093341
1.731182,80,1484.25292
3.584048,69,1484.390573
4.986256,63,1484.513104
1.136683,80,1484.669469
4.111633,64,1484.810091
0.321231,76,1484.965276
104.523991,60,1485.079513
0.290698,75,1485.22949
1.762344,73,1485.374738
2.435296,76,1485.531747
4.638395,72,1485.680284
103.138413,85,1485.871059
2.625815,64,1486.001273
103.437145,55,1486.130154
5.516752,66,1486.268819
4.825746,78,1486.431251
6.064525,63,1486.56811
1.722126,70,1486.712194
0.035076,104,1486.945441
1.627306,68,1487.09869
2.049791,78,1498.797839
1.812052,82,1498.963826
0.878339,70,1499.105363
2.91155,65,1499.239181
1.436846,94,1499.4343
4.144155,70,1499.580981
2.665128,82,1499.746943
1.353652,77,1499.903619
3.165076,66,1500.036633
1.645052,66,1500.170909
102.351508,68,1500.316406
1.332235,95,1500.519858
2.692475,74,1500.675788
1.896,64,1500.811318
4.924764,66,1500.946116
0.07448,114,1501.175539
3.929196,73,1501.327701
3.674069,67,1501.467398
-1.055683,81,1501.632907
102.586365,83,1501.803444
2.073731,77,1501.968706
3.201974,89,1502.157191
3.800425,86,1502.334001
1.280925,128,1502.596038
4.481057,63,1502.727164
4.097708,67,1502.86614
5.257085,65,1514.410278
1.759333,86,1514.601373
4.475543,64,1514.728923
1.188996,103,1514.930439
1.799613,71,1515.070762
5.592556,94,1515.256818
4.927608,61,1515.380624
100.456559,100,1515.579512
1.002757,69,1515.717291
3.846099,76,1515.861798
100.698692,59,1515.979485
-0.206091,161,1516.293556
1.841058,88,1516.468079
-0.459811,179,1516.819389
4.174352,63,1516.946192
3.167791,82,1517.110722
5.402134,61,1517.240726
4.288074,65,1517.37791
2.855842,79,1517.549812
2.217291,69,1517.692528
103.157852,58,1517.811419
2.686058,67,1517.947276
103.231819,52,1518.055553
1.635856,75,1518.201746
3.786081,65,1518.330423
4.833156,85,1530.0843
3.528545,64,1530.21717
101.061751,86,1530.386166
103.100974,62,1530.512601
102.878957,82,1530.680896
3.498825,66,1530.817253
103.262908,72,1530.96626
1.13343,112,1531.211798
2.694362,78,1531.368222
3.489238,69,1531.521173
2.149508,68,1531.664671
0.541073,1000,1533.772295
0.366109,1000,1547.543054
1.200608,74,1547.697043
4.459637,68,1547.835304
5.502961,66,1547.973189
2.966827,68,1548.117746
4.784863,62,1548.244595
4.504754,67,1548.38297
2.958356,83,1548.556584
4.420932,62,1548.683697
1.60728,73,1548.834362
2.565175,86,1549.0183
2.753132,68,1549.163408
1.055279,80,1549.327331
3.353383,83,1549.498029
3.323888,69,1549.640434
2.701915,68,1549.780636
2.693245,63,1549.912848
1.680639,76,1550.066975
1.947723,77,1550.226492
5.20803,85,1562.060609
2.333247,68,1562.195209
0.642824,1000,1564.237497
2.836398,64,1564.371566
2.804943,65,1564.509747
0.688694,71,1564.671512
0.808328,74,1564.826399
4.530766,69,1564.971527
104.954739,70,1565.118047
1.239891,67,1565.256352
-0.472281,125,1565.503065
4.521906,62,1565.630123
3.006068,66,1565.764946
4.437805,64,1565.898415
3.026908,72,1566.046541
5.396239,63,1577.77711
100.423893,61,1577.89996
3.965861,71,1578.042382
101.205459,91,1578.231899
2.623239,77,1578.393162
104.115532,73,1578.539968
101.526906,87,1578.714266
1.768149,72,1578.869828
0.05174,1000,1581.009822
101.388337,68,1581.147974
4.415935,65,1581.273755
102.715182,65,1581.403881
4.854125,65,1581.53251
3.782147,97,1581.721048
3.697407,67,1581.850932
102.708921,56,1581.961693
4.11436,63,1593.810475
2.310461,69,1593.949245
2.719829,79,1594.106371
2.124627,71,1594.2472
0.581509,90,1594.434754
2.783903,66,1594.572972
100.866478,80,1594.739778
4.444207,78,1594.90353
101.393221,67,1595.037369
2.032326,69,1595.174181
4.263207,65,1595.306331
-0.268681,1000,1597.312897
3.840985,74,1597.464251
4.751567,66,1597.613661
3.879698,93,1597.795441
4.096483,71,1609.132044
5.292242,70,1609.266628
1.503095,74,1609.411282
5.35829,107,1609.615561
1.593774,96,1609.81841
3.233297,66,1609.946012
1.977311,75,1610.092775
2.712762,63,1610.216139
1.428076,70,1610.354751
2.834647,70,1610.493067
5.300493,63,1610.619761
1.946158,78,1610.771235
5.439356,67,1610.902417
4.004493,82,1611.061852
2.030851,84,1611.22491
0.630319,167,1611.57045
104.726467,59,1611.684377
4.840097,72,1611.82773
3.463266,82,1611.99138
101.877225,77,1612.144555
5.5187,74,1612.294063
2.380749,69,1612.432935
2.739432,68,1612.56973
3.257116,72,1612.712215
3.564032,64,1612.839663
0.155535,1000,1626.443744
1.893261,94,1626.636576
3.511946,84,1626.805562
3.786521,65,1626.935392
1.993953,92,1627.122269
2.869976,65,1627.256337
-0.015385,113,1627.485037
3.707687,63,1627.630868
4.839678,64,1627.75605
3.145358,66,1627.891773
1.308127,76,1628.045926
2.035732,70,1628.18819
2.756031,68,1628.326969
-0.83408,264,1628.859636
3.973125,66,1640.354824
0.509385,103,1640.563523
100.531413,261,1641.09052
3.706349,62,1641.211863
0.3829,1000,1643.280234
2.626169,68,1643.41556
-0.151489,137,1643.686606
0.605544,123,1643.934983
3.334932,66,1644.065792
1.171426,91,1644.253213
3.768269,90,1655.969946
0.868418,75,1656.121653
4.534937,62,1656.249837
4.514509,65,1656.380703
2.482774,63,1656.506794
3.356553,74,1656.661705
100.762582,154,1656.980744
-0.580518,98,1657.18259
-0.290192,93,1657.373785
3.910593,75,1657.544617
1.036815,98,1657.751651
2.720961,64,1657.881525
4.63548,64,1658.014842
3.624595,69,1658.157432
0.77355,77,1658.312422
3.615088,63,1658.439022
4.103864,103,1658.6506
3.832581,65,1658.798921
2.132713,69,1658.934095
1.414197,80,1659.097002
1.39255,85,1659.269919
3.085683,62,1659.391947
2.395184,70,1659.533371
4.2152,91,1659.717526
1.336928,79,1659.884571
4.632987,64,1660.013377
0.698783,81,1671.637836
104.086561,80,1671.801754
4.615569,69,1671.941019
1.294095,77,1672.100388
3.011851,68,1672.237806
0.719028,74,1672.384302
1.662104,75,1672.536004
0.119758,1000,1674.54646
-0.457085,96,1674.731068
2.424445,73,1674.873594
3.311653,65,1675.001732
1.810778,69,1675.139858
101.266368,50,1675.255866
100.655892,55,1675.376181
2.538185,72,1675.533316
2.984024,66,1675.680749
3.377611,66,1687.215994
2.665241,64,1687.347191
3.667886,69,1687.498961
-0.013624,90,1687.68315
3.381514,68,1687.820749
2.794286,76,1687.975636
4.788188,69,1688.118262
2.332823,70,1688.263725
4.226146,66,1688.396764
-0.823748,104,1688.614316
-0.919641,86,1688.794827
3.487113,71,1688.945065
2.596364,81,1689.113143
2.836041,67,1689.249545
4.069486,79,1689.413405
1.543849,79,1689.575636
101.152164,93,1689.761364
103.509049,76,1689.917368
0.898981,72,1690.062815
4.547488,71,1690.2193
-1.63797,107,1690.43935
101.467682,80,1690.601311
3.315371,60,1690.731459
4.268426,66,1690.869144
4.225373,64,1691.002385
1.901232,74,1691.153642
3.392968,89,1691.336659
3.670023,66,1702.935222
1.947006,82,1703.098659
0.556812,75,1703.247233
2.373478,78,1703.402913
-1.796668,105,1703.615976
4.72229,92,1703.808673
0.053968,186,1704.184835
6.128898,76,1704.33318
2.341531,82,1704.495946
1.888326,80,1704.655674
4.204774,66,1704.785485
103.64406,57,1704.897829
0.761955,102,1705.100356
3.13655,83,1705.265149
4.574252,64,1705.393003
3.622711,65,1705.523275
4.459981,63,1705.667631
5.904277,73,1705.810258
2.269131,82,1705.979079
1.223392,91,1706.171542
3.405852,68,1706.309831
2.626783,85,1706.482302
4.471739,65,1706.63004
4.47007,70,1706.771202
1.916078,67,1706.901295
2.279365,70,1707.037901
1.779272,69,1718.455082
2.369453,74,1718.597884
100.531563,203,1719.014558
3.082604,62,1719.137677
102.548134,56,1719.249184
4.445015,65,1719.382774
0.770837,99,1719.583075
1.75307,69,1719.722703
0.887664,85,1719.889201
2.616173,77,1720.046497
3.784931,64,1720.177436
0.585886,122,1720.422886
1.182378,74,1720.572408
4.27134,65,1720.704884
2.181385,71,1720.847544
1.876418,70,1720.989043
1.3926,78,1721.147616
4.658405,64,1721.276872
101.770876,91,1721.45882
1.432624,90,1721.642258
104.408716,91,1721.836466
0.848151,68,1721.967641
5.058716,63,1722.092645
101.625019,48,1722.184006
1.959427,69,1722.318973
4.225308,65,1733.694655
0.307217,79,1733.850052
102.295572,62,1733.96938
4.280824,64,1734.100527
101.459551,69,1734.231308
2.105222,74,1734.380663
3.184487,74,1734.525499
4.698037,63,1734.652248
101.244655,70,1734.79359
2.998803,62,1734.919014
4.416421,64,1735.049758
104.379062,67,1735.195471
2.258926,78,1735.35232
1.183431,85,1735.518721
5.05753,63,1735.645172
102.764966,66,1735.775618
3.950238,67,1735.90749
100.481995,68,1736.04242
1.682875,71,1736.183068
101.372474,85,1736.358886
3.963899,62,1736.493593
0.283977,1000,1749.864206
1.287283,71,1750.008241
0.639493,104,1750.215192
0.994138,82,1750.385133
0.63103,96,1750.573018
6.130563,65,1750.715484
1.069198,105,1750.930472
101.702216,53,1751.044219
-0.414129,165,1751.373243
2.611824,68,1751.511789
105.258818,64,1751.638808
3.173293,67,1751.777951
2.103531,70,1751.922456
0.841818,86,1752.116647
3.885198,61,1752.238406
1.605109,83,1752.404439
-0.299698,110,1752.62445
1.361394,74,1752.772884
2.487899,73,1752.918693
0.588511,74,1753.069348
105.435811,66,1753.198531
3.07146,67,1764.651772
0.438659,83,1764.818173
2.167673,68,1764.953884
0.096415,1000,1766.952471
2.716929,61,1767.073514
4.820705,75,1767.221159
0.653232,73,1767.365085
2.65167,79,1767.519912
3.241062,63,1767.641657
5.258052,71,1767.784267
1.855333,70,1767.936229
1.35659,67,1768.067929
-0.042312,77,1768.217576
3.116939,71,1768.364338
0.625579,154,1768.666926
101.273249,63,1780.12529
2.649276,83,1780.305364
2.072864,74,1780.452998
0.076409,93,1780.641852
1.574243,69,1780.779415
0.432034,1000,1782.817586
3.503672,67,1782.955974
100.930136,68,1783.093107
3.901729,67,1783.226198
1.727961,70,1783.363266
4.006246,65,1783.489397
-0.503104,93,1783.674187
0.010823,1000,1797.035363
1.509365,69,1797.184784
1.248004,70,1797.341009
103.363162,68,1797.486971
0.885292,97,1797.686584
3.187124,82,1797.851723
101.486155,71,1798.001539
0.852842,71,1798.145932
0.485167,1000,1811.554748
103.368026,85,1811.733894
5.373795,67,1811.874244
5.372201,63,1811.998144
4.097216,64,1812.13152
0.938142,90,1812.321717
5.839544,74,1812.469946
2.013282,80,1812.647146
4.587569,71,1812.791902
-0.505645,120,1813.04253
2.924315,63,1813.166198
4.525578,63,1813.295138
0.381957,81,1813.455772
2.04913,88,1813.635027
104.336967,71,1813.778382
2.474812,68,1813.935652
2.40141,69,1814.073991
2.388483,65,1814.202351
101.447166,77,1814.355485
103.391018,85,1814.52424
-0.947625,93,1814.713382
1.351309,86,1814.886867
2.441396,79,1815.041925
5.160394,64,1815.167792
4.642572,92,1826.906111
-0.396561,142,1827.187818
0.513732,85,1827.353165
4.491726,78,1827.513597
4.337698,65,1827.646992
3.354141,64,1827.777844
2.027522,69,1827.930031
3.929503,90,1828.124453
-1.606686,95,1828.308139
1.828645,68,1828.440153
-1.115723,309,1829.047811
4.069695,65,1829.173767
-0.210321,103,1829.375243
2.916126,68,1829.50849
1.669888,69,1829.641123
100.87918,84,1829.80502
2.657986,75,1829.951527
0.342738,1000,1843.20711
100.704704,71,1843.351526
1.790123,68,1843.482581
3.002456,71,1843.623293
2.247141,68,1843.757532
4.770116,75,1843.906717
0.61861,71,1844.048027
0.840741,65,1844.179764
4.364,73,1844.32799
104.635434,64,1844.459105
4.045677,63,1844.585607
0.352651,85,1844.756351
-0.460639,85,1844.933439
1.290718,74,1845.084167
1.959577,65,1845.230409
4.998167,69,1845.367219
1.414827,64,1845.49531
0.264528,102,1845.699673
100.399787,41,1845.782522
2.838835,71,1845.925775
103.460961,57,1846.040556
4.908307,75,1846.19204
0.789356,82,1857.651537
2.728942,66,1857.787018
3.182823,63,1857.917523
1.788506,74,1858.068754
2.633952,70,1858.207308
-1.966431,126,1858.459063
100.185352,63,1858.589777
3.096359,64,1858.722844
2.67309,69,1858.859223
-0.242503,204,1859.294022
4.142662,72,1859.438627
4.321183,74,1859.587911
-1.946073,104,1859.800336
4.790038,63,1859.925955
-0.411007,116,1860.163574
1.898634,71,1860.326397
3.267259,64,1860.455532
-0.069472,99,1860.6583
1.364958,83,1860.827034
3.634351,77,1860.982937
4.274898,70,1861.125492
3.535846,65,1861.256573
4.231718,64,1861.385653
2.501233,75,1861.536053
101.252577,90,1861.714227
101.507527,85,1873.21067
4.683576,64,1873.338989
1.68635,79,1873.49655
101.607963,77,1873.649246
101.106387,59,1873.766583
4.790225,77,1873.922154
-0.901263,92,1874.103124
2.805337,91,1874.303231
3.061242,67,1874.434638
3.725401,90,1874.61447
105.570721,68,1874.753234
2.875252,67,1874.890705
2.340117,63,1875.018044
4.380259,90,1875.199729
1.133062,70,1875.340235
1.528898,76,1875.490927
2.832604,77,1875.64388
1.521936,69,1875.7945
102.640133,58,1875.911425
3.553041,64,1876.040464
3.01613,67,1876.174997
4.340811,76,1876.329564
102.832656,71,1876.473569
2.359535,63,1876.599366
2.736228,68,1876.733953
0.957659,84,1876.90111
1.729839,80,1877.0586
3.578811,64,1877.187516
4.624998,62,1888.689139
1.383192,106,1888.904042
100.127137,60,1889.02248
101.257294,91,1889.205555
3.967298,67,1889.350906
-0.456675,99,1889.55225
0.155848,81,1889.719909
4.165923,64,1889.851211
-0.087395,1000,1891.886445
0.365003,1000,1905.235952
5.575046,73,1905.376655
4.265843,75,1905.523468
1.606479,70,1905.660368
2.077093,64,1905.787609
1.643867,78,1905.944136
2.945818,70,1906.081415
1.485787,70,1906.220324
103.635421,90,1906.401945
4.327432,66,1906.541043
2.594948,71,1906.698909
0.408317,70,1906.841689
100.628603,52,1906.950363
3.867931,65,1907.081212
3.069562,95,1907.280546
100.405982,32,1907.343918
0.255217,83,1907.515747
4.080609,171,1907.872889
-1.399565,103,1908.083099
-0.012521,109,1919.820902
101.688515,44,1919.92612
3.280726,64,1920.050957
4.680509,69,1920.186471
1.509683,71,1920.324488
5.066808,88,1920.503119
101.2312,66,1920.638668
102.457638,52,1920.744026
2.993618,74,1920.89589
2.427965,91,1921.074727
3.151433,66,1921.208019
0.298014,138,1921.480115
101.393073,71,1921.620749
4.701363,66,1921.75325
2.15146,78,1921.908351
4.95843,71,1922.051735
1.941715,66,1922.180477
1.281941,66,1922.307484
3.862322,61,1922.432662
1.196386,78,1922.589452
3.173776,65,1922.720403
3.298081,69,1922.860503
103.990081,69,1923.000931
3.589571,67,1923.132551
4.745633,64,1923.25858
5.692538,70,1923.402839
1.403339,144,1923.689256
5.359849,61,1923.810265
102.645322,64,1935.657449
3.673992,69,1935.804937
0.569717,91,1936.008303
0.60813,79,1936.211646
4.051996,67,1936.353261
4.153949,64,1936.494612
100.87503,66,1936.628848
0.781172,94,1936.819271
-0.554459,82,1936.984714
3.371567,70,1937.134826
3.834664,64,1937.273886
3.346423,78,1937.464823
101.555046,75,1937.614347
3.823692,67,1937.740819
4.222601,64,1937.869995
1.734047,70,1938.011234
100.654291,57,1938.14172
1.6604,71,1938.301968
4.734941,81,1938.48158
-0.422324,1000,1952.36472
2.444528,72,1952.510579
1.57829,82,1952.679647
4.456352,64,1952.806026
4.629528,64,1952.933496
2.007495,74,1953.080545
3.024805,70,1953.224239
101.102445,114,1953.480966
-0.156485,110,1953.710922
102.005078,64,1953.838205
0.63511,75,1953.986098
3.210329,74,1954.133918
2.007628,80,1954.293429
102.686082,64,1954.420027
0.338979,81,1954.580077
2.886935,68,1954.713922
2.24934,69,1954.853493
3.595809,76,1955.02992
1.864114,70,1955.17075
3.169863,70,1955.308097
-0.061668,1000,1968.713336
101.404653,97,1968.902047
3.85067,66,1969.049077
4.260229,65,1969.178911
3.949247,60,1969.302035
0.909818,85,1969.478914
1.050914,72,1969.633194
2.504713,67,1969.764119
3.158686,66,1969.892982
3.526216,66,1970.019095
2.077109,87,1970.202547
4.568137,64,1970.32857
1.535808,85,1970.496077
1.515557,72,1970.649088
101.919509,53,1970.755651
0.788368,81,1970.913747
0.836444,73,1971.055338
103.739674,59,1971.169563
4.790246,62,1971.288824
4.389887,74,1971.427822
3.1043,77,1982.856974
2.54383,88,1983.029072
-0.135718,83,1983.190146
102.086488,50,1983.289834
5.240759,85,1983.459332
5.172439,63,1983.585019
4.146474,91,1983.75871
4.217608,64,1983.885898
6.059748,82,1984.04532
2.022297,69,1984.180415
2.916843,65,1984.307885
2.55537,74,1984.471769
4.744718,66,1984.603676
5.272487,69,1984.737248
3.648631,64,1984.864367
0.311282,1000,1998.36955
1.966866,72,1998.514936
4.040481,64,1998.644639
1.383091,71,1998.78567
1.638224,75,1998.932851
4.322013,77,1999.082012
3.566882,81,1999.238487
103.677088,60,1999.371493
0.832781,76,1999.522077
3.415448,65,1999.651379
3.346799,65,1999.783143
-0.224909,1000,2001.808261
100.740816,85,2001.99199
1.490726,70,2002.131077
3.857267,64,2002.261635
4.951334,89,2002.446802
100.588793,81,2013.92826
4.007721,65,2014.0581
2.200889,78,2014.218074
4.013178,64,2014.348835
0.491828,80,2014.518751
0.897496,99,2014.721944
-0.150053,87,2014.900091
5.237226,63,2015.025916
0.94903,77,2015.178255
5.368332,63,2015.302902
2.617796,65,2015.439244
2.085606,69,2015.577866
100.400025,88,2015.751393
101.326843,97,2015.951941
1.535679,74,2016.098141
101.788791,72,2016.243713
2.551735,66,2016.374729
0.889398,118,2016.612715
0.765762,95,2016.800401
1.844487,65,2016.932091
3.147245,94,2017.115315
3.908777,68,2017.251486
1.228656,74,2017.401188
1.816271,68,2017.53972
3.272053,77,2017.694811
4.394491,64,2017.826351
101.323913,86,2029.492432
105.516796,64,2029.621523
4.628644,68,2029.75576
2.288727,68,2029.890496
102.375457,51,2029.993412
0.508827,82,2030.156815
2.795027,63,2030.284489
1.952019,72,2030.424305
3.194271,64,2030.561108
100.612699,84,2030.739578
2.750378,67,2030.870408
4.411228,74,2031.016639
2.740331,71,2031.158435
0.503257,81,2031.31672
1.689923,80,2031.473613
105.303613,74,2031.622956
0.694141,79,2031.778966
1.256062,71,2031.920969
1.231425,75,2032.07076
0.03981,77,2032.239571
1.530844,71,2032.37978
-0.261008,98,2032.576022
3.375895,62,2032.699117
5.088176,67,2032.83292
3.143975,81,2033.003027
2.2194,66,2033.135786
3.99269,64,2033.264293
0.53503,120,2033.504941
4.154424,64,2044.894128
1.960128,68,2045.041644
-0.00425,1000,2047.045501
4.024838,95,2047.238075
3.938906,63,2047.363318
2.367256,89,2047.548791
1.928302,81,2047.714947
100.925243,65,2047.850592
2.815105,67,2047.987978
5.434211,63,2048.115537
-0.434928,155,2048.431798
-0.982167,86,2048.618501
1.485907,73,2048.763611
0.631226,76,2048.914722
0.912151,82,2060.383162
1.109535,69,2060.527349
5.747121,70,2060.666098
101.333743,83,2060.836657
102.602201,68,2060.975505
-2.321945,161,2061.310888
4.733317,72,2061.456996
3.322036,75,2061.604469
4.940848,64,2061.730904
5.502693,63,2061.85809
4.132788,61,2061.981814
2.773366,74,2062.129144
3.811184,72,2062.274081
2.169728,69,2062.416054
3.187791,78,2062.573094
4.503446,78,2062.731906
2.50755,68,2062.870161
4.327172,74,2063.022772
0.865313,244,2063.509553
2.824499,67,2063.644282
1.55373,86,2063.8144
5.363424,66,2063.945385
103.074261,68,2064.077151
102.499345,72,2064.218701
4.421637,66,2064.351032
104.470683,58,2075.881726
2.23533,66,2076.011638
104.331772,65,2076.138115
-0.315935,101,2076.336719
4.980788,67,2076.481486
2.513571,95,2076.670174
3.787253,67,2076.803387
101.509976,94,2076.991809
100.769939,57,2077.104893
1.340122,80,2077.267489
1.305235,78,2077.432107
3.582862,65,2077.562829
1.034451,67,2077.695505
4.657531,69,2077.830285
2.957282,98,2078.031296
5.013027,77,2078.189245
2.10118,73,2078.333117
1.165311,72,2078.47838
102.241251,61,2078.599769
4.499064,61,2078.720433
5.073743,71,2078.875515
2.084699,73,2079.020175
2.48841,66,2079.155295
4.585174,68,2079.290866
103.704757,57,2079.404799
1.476888,78,2079.564089
1.6459,104,2079.773695
0.916688,170,2091.525381
3.174813,67,2091.663193
0.545308,78,2091.818897
100.594643,61,2091.935224
4.312936,63,2092.062033
4.01391,64,2092.191317
100.872882,86,2092.363797
101.231543,75,2092.518962
2.369982,65,2092.648039
0.836859,83,2092.81354
100.762056,87,2093.004086
3.044159,63,2093.1295
3.681629,65,2093.258016
5.643334,71,2093.399468
4.85306,68,2093.536771
4.668899,64,2093.66481
101.349565,84,2093.832314
4.283985,64,2093.963448
0.331637,1000,2107.354082
2.516053,74,2107.504887
2.55258,68,2107.639169
101.24867,81,2107.797727
100.484667,53,2107.904775
101.67825,66,2108.047106
2.565601,82,2108.210502
4.465123,64,2108.34185
1.539253,86,2108.516948
101.708993,66,2108.652521
101.745931,53,2108.759081
101.263311,63,2108.882706
3.008936,80,2109.042768
104.859855,63,2109.169035
3.842786,70,2109.307209
2.650845,69,2109.439191
1.976802,68,2109.572254
3.599235,66,2109.700053
4.844471,64,2109.825973
3.07922,68,2109.958257
0.845199,1000,2123.254518
2.621983,68,2123.405771
0.394454,83,2123.581612
2.790251,68,2123.716606
0.146647,1000,2125.695595
101.574423,58,2125.809557
101.668854,89,2125.982622
3.262509,75,2126.129545
101.779362,59,2126.243134
4.722573,67,2137.618327
3.117473,64,2137.744215
0.848287,146,2138.018772
1.003603,1000,2140.025074
4.068533,76,2140.182262
4.515798,73,2140.331222
2.155617,65,2140.463948
1.123189,90,2140.64729
101.635195,71,2140.789408
2.213085,84,2140.971989
1.745329,69,2141.116606
-2.964921,142,2141.40636
101.432734,92,2141.59227
4.097296,81,2153.0678
0.906345,72,2153.229335
3.155009,64,2153.355502
0.006345,98,2153.552278
3.600636,64,2153.676831
4.68238,79,2153.831535
5.205156,84,2153.996273
104.334739,65,2154.126379
101.463967,61,2154.245037
4.445454,67,2154.376027
101.380115,69,2154.509742
3.636412,66,2154.638943
2.422838,81,2154.796501
2.368301,68,2154.926053
105.86361,68,2155.059201
4.47011,64,2155.182698
-0.826627,151,2155.479715
0.500791,127,2155.72949
1.342199,69,2155.864208
2.083439,64,2155.993731
2.045164,74,2156.141801
2.40312,109,2156.363038
-2.202373,147,2156.659143
102.745658,70,2156.801419
2.153963,65,2156.932808
5.450841,72,2157.07394
2.74451,64,2168.471035
-1.737407,104,2168.678183
101.139464,82,2168.841432
3.030279,83,2169.005393
0.401427,72,2169.147631
-0.06172,93,2169.332345
3.955832,92,2169.518572
2.0397,112,2169.747587
4.344521,71,2169.891874
100.618817,55,2170.003906
2.324714,63,2170.130561
2.616519,72,2170.286781
4.626691,87,2170.459599
3.559702,74,2170.607543
101.082008,59,2170.722435
2.29425,67,2170.856586
1.199873,69,2170.998341
3.770802,65,2171.128835
4.085779,60,2171.249063
2.774625,67,2171.39226
4.71943,74,2171.547231
2.674269,68,2171.68079
102.517264,74,2171.825953
101.945925,67,2171.959384
105.017936,71,2172.100405
2.490523,68,2172.234716
0.667273,73,2172.38034
103.022345,78,2183.813512
4.589394,77,2183.96271
4.678098,72,2184.103093
3.747119,64,2184.227374
3.659099,64,2184.353824
0.004691,1000,2186.373134
2.759766,64,2186.517821
104.017232,65,2186.65249
101.518619,63,2186.782103
105.907042,76,2186.934932
6.235875,65,2187.067119
1.169929,86,2187.244831
1.992717,70,2187.385427
101.705442,69,2187.52078
2.468476,84,2187.686753
3.24626,77,2187.844739
0.368349,77,2199.336111
4.767015,84,2199.505978
4.60822,80,2199.667618
4.359689,64,2199.793004
-1.174069,90,2199.9774
0.469064,76,2200.130393
-0.588626,105,2200.344938
5.397684,65,2200.477944
3.114674,63,2200.607065
3.572686,60,2200.729988
-0.509148,86,2200.915626
-0.03955,83,2201.080435
1.574194,69,2201.22297
3.954887,66,2201.358146
100.768987,66,2201.497113
3.153324,67,2201.642493
1.858966,72,2201.818842
103.147592,59,2201.946297
3.447844,78,2202.11581
3.295497,77,2202.274354
100.79381,75,2202.426824
101.616291,70,2202.567229
0.316561,98,2202.765056
2.907397,67,2202.900662
3.832144,64,2203.031514
1.273228,71,2203.169849
0.43967,108,2203.407318
2.943951,95,2215.050006
3.736903,75,2215.199116
2.411477,81,2215.364477
3.42235,64,2215.49246
1.405395,83,2215.670645
5.463138,67,2215.81667
0.768902,93,2216.010826
101.418053,84,2216.190158
101.827197,65,2216.31811
2.761502,76,2216.466199
3.642312,62,2216.59117
0.539115,82,2216.750171
5.315278,62,2216.874606
1.066214,103,2217.075384
0.404618,113,2217.300976
1.840696,68,2217.442069
3.002399,86,2217.603733
0.385247,82,2217.760934
4.401781,64,2217.885829
-1.883968,112,2218.101289
4.054532,66,2218.231048
1.649445,70,2218.373404
1.493802,92,2218.553348
1.540671,80,2218.71432
100.545222,57,2218.834018
0.959869,151,2230.495643
101.441181,89,2230.672349
2.791523,74,2230.820517
4.252786,69,2230.957057
4.689788,59,2231.07659
3.624917,78,2231.260988
3.260018,66,2231.406192
2.692796,65,2231.552022
1.889229,65,2231.68479
100.169537,58,2231.801297
2.624752,85,2231.974039
100.858083,60,2232.096674
2.003154,83,2232.265478
3.410697,77,2232.420326
1.137121,88,2232.599628
101.040988,101,2232.810021
1.12588,71,2232.955667
102.358283,67,2233.091104
3.249508,77,2233.270346
2.11382,66,2233.406504
1.725163,73,2233.551093
4.79019,81,2233.710823
3.869404,87,2233.886342
3.226478,65,2234.01586
0.332364,95,2234.206949
3.588806,70,2234.349068
3.234808,64,2234.479514
3.018157,72,2246.128316
3.20865,66,2246.25944
4.252362,79,2246.413774
0.804617,99,2246.60529
-0.020727,89,2246.78475
4.267325,98,2246.990008
1.355389,73,2247.136693
2.470071,66,2247.26831
1.988493,77,2247.41918
101.176172,59,2247.538821
4.680805,63,2247.666614
1.03859,82,2247.827742
2.470929,66,2247.95865
3.019485,72,2248.100942
0.216326,79,2248.268401
4.136515,64,2248.414277
6.095832,99,2248.620086
3.012611,71,2248.765483
2.601703,68,2248.902694
-1.722243,122,2249.151329
1.424353,74,2249.298663
0.466799,76,2249.45331
3.357023,89,2249.634381
102.53417,70,2249.774279
0.409169,83,2249.945188
-0.927044,96,2250.140763
4.258638,64,2261.642337
102.996464,62,2261.770155
102.228984,44,2261.85816
3.506907,65,2261.989337
3.684527,62,2262.112494
2.478314,91,2262.306353
1.092357,96,2262.496082
5.914714,65,2262.629641
0.401867,133,2262.898121
1.388254,72,2263.042813
4.267431,66,2263.176652
2.394243,64,2263.307491
101.677063,87,2263.482267
3.206117,75,2263.633754
100.819765,75,2263.782863
3.581028,66,2263.912624
3.593935,65,2264.043113
3.966528,64,2264.167609
3.406401,64,2264.311397
3.945845,63,2264.435832
2.54626,76,2264.585586
3.205678,78,2264.73756
1.991995,72,2264.879428
-0.601122,94,2265.065818
4.276388,73,2265.21122
2.249231,86,2265.380904
1.731569,72,2265.524372
1.332411,84,2265.693199
1.36821,75,2277.296489
2.920847,68,2277.434062
3.650985,83,2277.600192
4.161026,63,2277.728014
4.0826,66,2277.863214
2.47263,64,2277.991616
0.798016,83,2278.155891
4.863232,63,2278.293658
2.663544,88,2278.47684
0.5944,67,2278.607554
4.67563,64,2278.736351
0.090869,75,2278.882822
104.977959,66,2279.019959
3.014203,92,2279.198837
2.58129,70,2279.342331
-2.322188,117,2279.591128
4.53301,63,2279.710232
4.207111,75,2279.860089
3.519171,66,2279.988636
3.679907,94,2280.174951
105.605675,68,2280.308553
101.885178,64,2280.431509
2.076221,70,2280.574246
3.170035,78,2280.730059
1.895442,75,2280.879427
2.357838,85,2281.050133
4.425701,63,2281.175869
4.261644,107,2292.678077
1.728268,69,2292.824925
4.353993,64,2292.9579
1.108205,85,2293.123911
-1.492927,112,2293.346525
1.875962,70,2293.482481
5.979185,66,2293.613021
101.791222,65,2293.746339
-0.267998,81,2293.90702
2.70663,66,2294.045032
4.143731,65,2294.171535
2.996572,85,2294.340372
3.90175,67,2294.470703
0.27035,87,2294.645776
101.668353,79,2294.800998
5.857216,70,2294.94042
0.541209,76,2295.089349
1.152943,71,2295.236618
101.483437,75,2295.391066
4.269219,62,2295.518642
104.813914,75,2295.668639
-2.140735,105,2295.873862
4.948265,79,2296.027838
0.56444,1000,2309.772331
3.012863,78,2309.923381
6.083708,63,2310.04557
2.760385,81,2310.220304
102.242025,73,2310.370501
5.274605,63,2310.49862
1.767713,74,2310.645192
2.599199,81,2310.806064
3.81736,66,2310.936416
-0.498064,116,2311.185283
4.072086,64,2311.313179
102.041884,45,2311.400943
5.605946,228,2311.854579
1.96119,68,2311.995325
3.661894,62,2312.118322
4.606853,65,2312.248451
4.722366,86,2312.417103
3.129171,93,2323.989921
3.808944,106,2324.214921
2.902664,64,2324.339041
100.930272,82,2324.498182
5.49555,64,2324.62021
2.751472,65,2324.745478
-1.384316,728,2326.183881
1.944088,80,2326.361892
101.272065,68,2326.499351
105.142885,64,2326.630544
1.149854,82,2326.795988
3.678513,86,2326.964413
-0.243049,96,2327.159081
2.036986,84,2327.329138
1.599477,70,2327.507385
3.847553,64,2327.678375
102.208716,55,2327.82436
0.94252,74,2327.977519
1.321612,70,2328.118009
102.823365,66,2339.744461
3.89964,99,2339.963486
0.76856,71,2340.111126
4.73298,78,2340.278322
3.002961,64,2340.413463
1.955403,62,2340.540223
1.989095,70,2340.680141
4.106062,63,2340.827998
4.194878,62,2340.959433
1.253353,73,2341.10999
-0.126831,1000,2343.149404
1.795332,75,2343.297031
3.015289,67,2343.430082
4.933255,63,2343.555408
4.124452,64,2343.686901
100.982342,34,2343.756028
3.482711,65,2343.889589
3.241384,68,2355.475646
1.574099,76,2355.630057
0.016979,1000,2357.687197
0.761882,74,2357.840488
102.744144,65,2357.976755
5.047847,61,2358.108178
1.610304,84,2358.280919
2.827787,68,2358.421865
102.363159,68,2358.562982
5.384987,61,2358.689315
4.842171,72,2358.840504
1.566675,69,2358.98536
2.585871,72,2359.131993
2.360123,69,2359.276478
-0.346938,105,2359.50137
3.153811,60,2371.007504
3.863903,71,2371.153229
2.033374,81,2371.315384
4.144025,72,2371.461574
4.629886,81,2371.62766
2.168782,77,2371.781831
4.937392,63,2371.904656
3.221425,65,2372.04049
2.475989,79,2372.196056
4.839147,69,2372.351284
102.445545,73,2372.498926
102.632845,51,2372.600843
4.616404,71,2372.739803
1.441135,86,2372.909579
101.569181,98,2373.098107
-0.566238,96,2373.285903
1.605336,91,2373.465716
101.559038,46,2373.559143
1.476752,81,2373.717976
2.960122,74,2373.860945
1.344644,71,2374.005573
103.404285,56,2374.115673
3.640838,64,2374.235843
2.758882,75,2374.385473
2.454025,74,2374.532872
104.641038,71,2374.673694
2.888526,62,2374.794693
2.920635,67,2374.928802
2.874753,89,2386.501958
4.219931,71,2386.658743
1.352071,81,2386.814328
1.821576,87,2386.985236
5.346993,69,2387.122574
104.892529,72,2387.263686
4.224517,78,2387.416114
101.452781,94,2387.613733
0.483705,104,2387.82113
4.665775,65,2387.949864
100.673205,53,2388.063176
4.271209,84,2388.22712
2.58621,90,2388.402941
3.445393,72,2388.54249
101.435039,76,2388.692559
4.297266,65,2388.822821
100.367501,602,2390.010145
1.226766,92,2390.196341
3.050142,75,2390.341402
3.239629,71,2390.481987
3.896002,66,2402.035727
101.623801,66,2402.163491
100.992962,49,2402.257442
3.229732,67,2402.389858
1.669906,68,2402.525665
101.943376,65,2402.657809
2.566477,68,2402.790807
-1.285899,120,2403.032514
4.708546,90,2403.210912
-0.007705,114,2403.4389
-0.187677,1000,2405.46471
4.32322,78,2405.622964
5.178864,77,2405.781233
101.705832,66,2405.912029
104.403402,71,2406.050893
1.365218,73,2417.800044
4.309077,66,2417.934061
100.858175,85,2418.101326
3.531053,67,2418.232563
1.440621,80,2418.395278
2.063673,74,2418.540869
101.344142,44,2418.628944
1.625107,80,2418.788305
3.6681,84,2418.955061
2.728852,71,2419.0959
5.822455,64,2419.22307
0.326913,75,2419.387957
3.225727,81,2419.553206
3.962111,74,2419.699853
2.438362,68,2419.834212
2.491399,74,2419.98311
2.293558,67,2420.120016
5.070898,62,2420.238843
0.763266,76,2420.393853
1.454928,84,2420.559921
4.948651,67,2420.689658
-0.715424,1000,2433.990822
5.800093,69,2434.132628
4.355206,68,2434.269998
1.964468,75,2434.425306
101.986772,84,2434.596658
1.843229,81,2434.763622
101.740748,114,2434.994561
4.479743,65,2435.124594
0.430099,1000,2437.130936
3.059068,89,2448.563421
1.401449,69,2448.697034
2.092171,69,2448.832786
0.65643,89,2449.00999
3.394337,72,2449.150991
0.966881,88,2449.325604
4.225923,66,2449.46376
100.39866,75,2449.613631
3.959355,84,2449.793399
4.558562,63,2449.916206
105.063511,66,2450.049686
103.965728,63,2450.176759
1.433567,82,2450.338627
0.728988,77,2450.492241
101.383268,84,2450.661207
4.178581,162,2450.988146
1.335377,89,2451.168499
-2.456687,103,2451.381648
0.82928,78,2451.542853
1.966509,69,2451.687008
0.981929,96,2451.887422
102.151919,49,2451.988645
100.888577,101,2452.198698
2.487949,69,2452.346864
4.112878,71,2452.4987
1.825398,84,2463.920025
3.972241,64,2464.063777
1.718741,71,2464.208865
101.547368,89,2464.387784
4.973544,71,2464.531932
1.793324,84,2464.704242
1.191844,70,2464.846117
5.270239,142,2465.134765
3.177455,66,2465.267798
101.109952,60,2465.387798
1.895051,81,2465.545914
4.394883,64,2465.673827
101.485136,66,2465.803962
102.50921,68,2465.938199
101.849575,51,2466.042971
1.633892,69,2466.178358
102.67178,62,2466.306632
3.510321,65,2466.437995
4.478153,88,2466.610361
5.020319,64,2466.738502
2.179276,75,2466.887014
3.213212,83,2467.058616
102.869046,71,2467.203025
2.29571,69,2467.342428
-0.303546,155,2467.655767
5.568841,79,2467.818465
102.829437,66,2467.961157
5.720441,62,2479.345093
1.638622,64,2479.474123
100.959815,83,2479.648084
101.481312,71,2479.798698
2.129877,67,2479.935231
2.805668,67,2480.069412
4.285387,70,2480.217926
2.357693,65,2480.346666
5.226518,71,2480.488634
2.798765,75,2480.634764
101.163999,56,2480.747798
101.426193,68,2480.885808
-2.049242,105,2481.099162
2.902091,68,2481.232308
0.526437,74,2481.38259
0.904494,74,2481.529915
2.396508,69,2481.663027
1.161138,71,2481.803031
0.34139,163,2482.144699
4.755142,82,2482.308533
-0.009717,135,2482.577107
2.21761,78,2482.732942
4.405185,65,2482.858094
4.199703,78,2483.015608
101.305832,87,2483.186157
104.438488,69,2483.322028
103.649402,71,2494.732228
1.346615,75,2494.882541
103.120961,69,2495.024961
104.619628,74,2495.179014
1.163395,80,2495.342466
3.885831,81,2495.524397
-0.115539,96,2495.713812
3.813745,65,2495.842982
102.831723,80,2496.000169
2.768825,84,2496.165412
0.182448,1000,2498.179618
3.783108,66,2498.313601
101.263929,80,2498.474907
5.326153,73,2498.619737
0.482292,278,2510.4998
-0.546816,126,2510.75782
1.167474,69,2510.898892
2.172979,67,2511.032117
4.503879,60,2511.153085
100.952702,79,2511.315651
3.648798,92,2511.502741
4.392407,67,2511.648985
-0.406523,188,2512.029185
4.331752,61,2512.150564
1.004136,71,2512.292323
2.466819,82,2512.450287
-0.623521,84,2512.621038
101.174985,76,2512.77315
1.081853,74,2512.941814
5.49061,97,2513.135288
0.845945,125,2513.386255
0.885903,75,2513.537149
1.711985,70,2513.676401
4.177627,71,2513.816954
103.139691,59,2513.936662
1.994703,70,2514.077433
3.778929,69,2514.214695
101.728411,49,2525.675634
3.454557,86,2525.859553
100.424988,39,2525.936714
3.943096,60,2526.057371
1.446249,73,2526.20377
100.281659,65,2526.334787
101.275124,81,2526.499002
3.869994,66,2526.631721
101.228057,58,2526.754721
0.47542,89,2526.937494
0.556272,102,2527.144113
3.235456,76,2527.301602
1.010447,75,2527.451524
102.631085,56,2527.564979
4.622943,96,2527.762423
103.077378,64,2527.891826
4.800782,63,2528.019353
102.449934,80,2528.181434
5.50551,65,2528.316135
1.261257,83,2528.484439
-0.638852,87,2528.664965
2.593048,65,2528.796975
2.783739,79,2528.957221
-1.191007,86,2529.129701
1.902695,71,2529.277229
4.211013,89,2529.458289
4.820054,72,2529.605176
4.40764,64,2529.731937
100.779518,56,2541.226067
101.106637,69,2541.366539
100.557784,42,2541.448305
3.238477,71,2541.589175
3.888929,83,2541.75622
5.80789,77,2541.929341
4.315235,67,2542.066586
2.257699,69,2542.204852
101.018548,59,2542.326926
0.441581,73,2542.474616
0.349923,73,2542.619917
2.61875,67,2542.754365
2.939669,67,2542.885456
0.803397,101,2543.092305
1.117888,71,2543.231848
4.448579,82,2543.393454
2.372742,66,2543.535088
101.147327,66,2543.666544
2.409897,69,2543.799914
3.0569,67,2543.93317
3.756557,69,2544.070107
3.562159,66,2544.202508
4.649605,79,2544.370856
104.459711,75,2544.522938
3.086259,79,2544.682493
101.816516,69,2544.816127
1.091204,94,2545.003588
4.173377,59,2545.137751
100.587906,83,2545.302879
2.727416,64,2556.667502
5.745046,65,2556.79558
5.886164,85,2556.97647
2.480789,64,2557.102377
3.182814,66,2557.23187
1.718439,68,2557.367085
2.067463,67,2557.502553
4.433173,64,2557.632945
1.618381,70,2557.768982
4.460726,62,2557.897645
0.278981,87,2558.069602
2.966777,61,2558.192095
2.904928,70,2558.328613
100.775001,50,2558.425789
4.312079,69,2558.564067
105.222462,72,2558.710181
4.121743,61,2558.831847
2.565237,82,2558.995261
1.205182,76,2559.149016
1.39329,79,2559.304327
1.937719,64,2559.432435
101.332604,83,2559.604137
3.120919,68,2559.743272
1.140151,85,2559.912639
3.701351,67,2560.047869
102.93403,59,2560.172179
1.326142,96,2560.372447
3.677171,59,2560.489801
2.181761,72,2560.633623
3.442286,68,2572.063041
3.036348,70,2572.206145
2.227802,70,2572.351195
1.984566,69,2572.491055
1.171656,65,2572.624103
2.232537,72,2572.766424
0.17486,279,2573.345163
2.535692,76,2573.499822
1.489741,72,2573.646509
0.995154,90,2573.826252
101.516314,94,2574.013573
3.293664,79,2574.19562
2.334308,61,2574.32301
3.545563,74,2574.470187
-1.301746,90,2574.650662
-1.964201,129,2574.906724
102.863815,52,2575.009879
-0.33111,1000,2588.303705
3.134634,89,2588.480232
3.261101,72,2588.624381
2.547238,74,2588.771304
4.571568,65,2588.900084
0.523608,80,2589.057323
-0.166545,81,2589.218672
2.9949,84,2589.387927
3.870822,61,2589.509628
4.280853,70,2589.649057
101.254874,45,2589.735799
101.049464,94,2589.926431
4.348816,68,2590.065302
1.417894,71,2590.206311
100.931959,80,2590.36233
4.522318,77,2590.509724
3.204876,60,2590.63033
100.885865,81,2590.786981
2.685404,81,2590.948612
5.162335,91,2591.131417
100.691335,81,2591.290839
1.622739,62,2591.415339
3.570443,70,2602.905349
103.336464,63,2603.037513
2.309353,80,2603.200643
101.685027,90,2603.383425
0.902403,75,2603.538324
4.714273,81,2603.702118
101.079383,51,2603.809659
102.760605,77,2603.989362
4.297663,65,2604.119598
1.288465,70,2604.260855
-0.011177,83,2604.427667
1.434515,97,2604.624068
2.310804,69,2604.762395
5.516286,67,2604.896922
4.559563,66,2605.034593
4.373806,63,2605.16135
4.661051,72,2605.3111
100.630326,47,2605.420478
101.636221,59,2605.541016
-0.01897,83,2605.709049
4.857264,60,2605.830586
2.159298,69,2605.965284
100.854441,86,2606.144917
0.717813,72,2606.287701
1.957629,66,2606.4339
1.836991,68,2606.573716
0.95282,93,2606.75983
5.342972,60,2606.882485
105.227529,73,2607.034186
5.531221,75,2618.534093
1.179931,87,2618.709183
2.675388,61,2618.830053
3.732488,65,2618.960082
105.407981,63,2619.08584
4.016431,86,2619.262737
0.851656,76,2619.410769
1.020254,72,2619.56276
3.091406,65,2619.696058
4.185341,63,2619.822787
4.134934,79,2619.97943
4.098042,76,2620.13599
0.942109,78,2620.294029
3.654146,72,2620.435832
1.73873,77,2620.592093
100.803335,107,2620.804367
-1.865317,153,2621.10628
1.607014,82,2621.271055
0.907464,95,2621.464108
1.446743,76,2621.615509
104.327791,79,2621.773917
4.392513,61,2621.897352
100.563743,33,2621.963962
4.570505,76,2622.114219
3.04234,68,2622.243985
-2.291501,121,2622.497892
4.273021,65,2634.028413
101.709627,73,2634.183943
3.847499,85,2634.361798
-1.198732,91,2634.558876
3.951879,96,2634.760855
5.031224,65,2634.896592
4.11353,65,2635.035412
4.38907,83,2635.213886
2.372264,76,2635.371156
101.15867,77,2635.531404
1.526354,72,2635.681266
103.195763,79,2635.844948
3.083677,88,2636.024832
0.506356,113,2636.272496
1.790012,61,2636.399199
101.119879,74,2636.559433
1.364931,101,2636.771042
0.928873,90,2636.960979
2.015152,81,2637.131614
3.869103,65,2637.268084
3.504153,58,2637.397879
4.495103,64,2637.527505
1.079839,72,2637.672277
2.960486,77,2637.830015
4.541136,70,2637.975081
2.185294,67,2638.117702
104.468682,66,2649.47809
0.856346,82,2649.660051
3.1075,62,2649.786949
101.446946,59,2649.909917
101.027053,71,2650.059376
105.631574,68,2650.202981
4.875354,63,2650.332705
0.802625,76,2650.49381
2.120012,72,2650.643601
2.080475,76,2650.800134
-1.761269,108,2651.022232
1.837363,80,2651.187304
1.823671,69,2651.332554
0.97158,102,2651.541102
3.343698,70,2651.682657
2.804943,62,2651.809058
2.137999,82,2651.976688
2.530065,70,2652.117948
1.903669,71,2652.2649
5.769978,66,2652.400384
5.054955,60,2652.527835
101.832501,100,2652.736519
101.561564,52,2652.844173
2.455495,68,2652.984303
101.852031,71,2653.125023
102.607196,66,2653.259952
100.462639,42,2653.347559
2.031684,72,2653.491331
0.996706,66,2653.631538
2.148499,72,2665.233357
1.104623,71,2665.379156
1.913376,82,2665.555932
1.369605,105,2665.785161
102.612493,76,2665.947778
100.426605,46,2666.042226
101.267342,70,2666.193609
1.791194,72,2666.345835
1.29748,77,2666.504183
0.573345,79,2666.66648
1.509241,70,2666.810869
101.271057,86,2666.98573
5.141597,85,2667.15825
2.675379,68,2667.301259
3.498865,69,2667.454547
102.21127,61,2667.582469
3.905262,79,2667.747292
1.445445,74,2667.900956
102.974861,78,2668.061929
5.727545,76,2668.215697
3.402468,67,2668.349405
0.502188,84,2668.524675
5.262688,137,2668.806151
0.436634,69,2668.946614
4.402009,64,2669.078932
2.376122,77,2669.239834
2.189319,71,2669.38587
0.69842,92,2680.804923
101.518895,60,2680.928428
100.875504,58,2681.047124
3.99973,85,2681.22172
100.702222,77,2681.382584
5.538021,90,2681.569091
1.103039,85,2681.743716
4.415954,63,2681.86997
4.159094,64,2681.996146
102.610197,71,2682.134413
0.959299,96,2682.323262
3.985224,68,2682.467044
101.719945,101,2682.673992
4.657961,64,2682.803989
103.082983,68,2682.936237
2.866509,66,2683.069084
4.56881,75,2683.219491
3.747001,66,2683.353823
1.874601,100,2683.54888
4.235014,64,2683.67177
3.134305,67,2683.803271
100.755384,59,2683.920672
3.640249,67,2684.053063
4.312649,62,2684.175087
4.432735,71,2684.313066
2.703761,65,2684.438748
1.007948,76,2684.583433
2.227909,67,2684.730356
3.654774,79,2696.126564
4.25261,60,2696.250276
4.387344,78,2696.408411
103.001363,53,2696.512758
3.161425,65,2696.660047
104.964115,78,2696.829414
3.028681,69,2696.97573
1.609942,69,2697.123791
1.501496,68,2697.265238
0.252306,1000,2699.296874
0.883798,66,2699.42722
101.412417,67,2699.555094
1.91238,68,2699.687088
3.661143,67,2699.816963
-1.624467,116,2700.046084
3.856219,89,2711.484194
4.108244,64,2711.609396
4.622055,66,2711.738627
2.814543,64,2711.862428
2.427906,73,2712.008721
5.816247,79,2712.182028
4.819857,85,2712.35359
101.483265,62,2712.482916
4.229494,62,2712.605839
3.085863,85,2712.778829
1.248152,72,2712.922432
1.035734,72,2713.064994
0.940817,73,2713.206261
-2.097533,109,2713.420744
3.9966,62,2713.54205
0.830102,75,2713.690138
2.928059,65,2713.816863
100.899559,55,2713.921054
100.20091,58,2714.032094
101.021914,76,2714.177959
3.909555,66,2714.304621
101.755844,66,2714.43363
4.480784,77,2714.585457
1.056718,81,2714.742458
4.756967,66,2714.870196
1.395414,72,2715.007954
3.612183,91,2715.183012
2.645495,64,2715.309765
1.412091,75,2715.478148
0.311695,78,2726.922076
2.531559,69,2727.060298
4.310154,64,2727.18652
-0.841354,428,2728.083184
104.98097,62,2728.214349
3.899233,87,2728.390753
3.962764,65,2728.524599
101.330241,90,2728.705435
3.286099,60,2728.828153
0.437734,83,2729.004353
100.865718,95,2729.187788
1.651901,71,2729.329171
3.478755,59,2729.44776
2.30077,65,2729.574876
-0.084569,77,2729.729638
104.379366,61,2729.847485
1.223903,79,2730.001925
1.565672,71,2730.143081
2.140726,69,2730.283482
0.571521,596,2742.884415
4.26341,64,2743.009868
3.655334,63,2743.134352
3.682079,84,2743.303008
2.691586,70,2743.445046
3.322283,72,2743.586357
3.042543,69,2743.72333
0.845935,76,2743.870515
0.592377,77,2744.018074
5.286509,68,2744.152489
2.985302,68,2744.289371
4.45713,79,2744.455423
3.813999,64,2744.586563
4.488862,64,2744.712479
2.675084,71,2744.851122
0.601602,96,2745.041361
4.126818,89,2745.218348
100.432211,21,2745.262167
0.387966,122,2745.510096
2.345778,67,2745.642238
102.40899,70,2745.782357
0.159941,1000,2759.168904
3.228514,81,2759.327567
1.785791,96,2759.515619
1.832117,77,2759.667805
101.000822,49,2759.762883
0.547997,79,2759.91566
3.767914,72,2760.060635
4.436814,84,2760.233136
5.103992,63,2760.374602
101.570929,92,2760.565391
3.954334,63,2760.692441
0.830796,76,2760.849566
4.107033,60,2760.976172
1.739253,84,2761.153365
0.539035,78,2761.324219
1.694961,79,2761.486044
0.940295,63,2761.620197
0.143284,102,2761.826908
2.2921,61,2761.945869
3.33279,61,2773.216077
1.569028,67,2773.354605
0.838406,93,2773.538984
0.182954,77,2773.694577
101.625096,84,2773.861212
0.344806,1000,2775.811292
1.264393,84,2775.972543
-0.176059,83,2776.145764
0.205136,100,2776.344849
0.519521,75,2776.497732
4.547699,63,2776.630037
3.603367,65,2776.76598
4.421333,72,2776.913909
104.397656,61,2777.037334
-1.709862,140,2788.658953
1.670968,81,2788.822814
4.027664,67,2788.955437
2.355671,70,2789.095784
3.809806,67,2789.223215
1.373962,83,2789.392548
1.682267,97,2789.584624
4.810016,79,2789.738976
2.394649,71,2789.881862
0.769454,89,2790.053154
2.553077,90,2790.230076
2.592109,65,2790.372784
3.585794,66,2790.500015
3.655523,64,2790.625489
1.000186,88,2790.798849
101.227463,71,2790.93233
4.681391,61,2791.049281
1.951247,71,2791.187353
4.341863,64,2791.310265
2.33293,69,2791.44466
102.309604,51,2791.542932
2.118654,73,2791.687923
1.685156,70,2791.828842
4.003042,67,2791.96117
101.516356,66,2792.089971
4.531236,63,2792.216182
0.275632,76,2792.384167
5.080503,63,2792.509557
102.042629,75,2803.981993
2.449426,67,2804.10944
1.864224,73,2804.261875
103.958585,73,2804.404529
102.742605,55,2804.51411
3.638646,91,2804.701854
4.826811,86,2804.873847
3.739521,64,2804.997608
101.665055,74,2805.14664
100.690294,74,2805.299951
3.865356,65,2805.432121
0.856339,81,2805.59821
1.312688,87,2805.777336
2.235087,67,2805.912421
4.702978,64,2806.042269
0.539287,81,2806.200206
3.41495,79,2806.359583
3.688164,61,2806.481142
2.116163,72,2806.626227
104.691981,76,2806.774846
1.477286,75,2806.922504
3.67356,65,2807.049454
2.813829,89,2807.232219
3.44708,67,2807.361326
102.788818,73,2807.502303
4.229207,62,2807.625562
0.536574,73,2807.776766
101.218288,79,2807.943463
5.619421,84,2819.617447
1.48753,76,2819.769001
3.143126,60,2819.890871
100.869738,89,2820.072454
3.786913,89,2820.256793
2.249554,70,2820.397343
1.41441,83,2820.569714
2.220019,85,2820.74774
0.64108,109,2820.964288
100.965741,78,2821.117901
102.602765,72,2821.276211
2.007358,70,2821.41813
-0.713441,245,2821.923638
100.464801,37,2821.998943
1.341426,73,2822.150256
3.593654,75,2822.305575
103.681849,69,2822.44699
3.979607,68,2822.587076
2.497632,71,2822.734768
2.438318,69,2822.886487
1.142125,73,2823.029346
-0.571746,91,2823.208042
2.47451,66,2823.335405
4.933576,83,2823.498702
-2.069817,96,2823.682724
1.202629,78,2835.069073
3.936039,67,2835.19847
4.328521,64,2835.31888
2.227857,65,2835.445953
3.749331,62,2835.568214
0.64683,97,2835.758231
-0.055595,89,2835.934888
2.455256,77,2836.094133
100.425535,65,2836.220686
0.522615,80,2836.380022
0.209758,87,2836.552516
2.842519,62,2836.67412
102.444347,62,2836.796533
4.409209,64,2836.926347
4.27416,59,2837.049727
2.010656,64,2837.173099
102.707797,61,2837.294913
3.480302,88,2837.469411
104.067264,68,2837.608529
5.398894,66,2837.739938
3.031708,68,2837.875468
5.140769,106,2838.090744
-0.214612,111,2838.323739
4.39831,64,2838.455161
5.209015,69,2838.597748
1.039278,73,2838.746305
101.13258,100,2838.978453
1.441974,72,2850.305248
1.42409,72,2850.454158
2.102949,72,2850.611605
100.542473,95,2850.804737
103.652968,76,2850.963166
102.079075,42,2851.048918
2.663849,71,2851.195756
1.639054,78,2851.355285
102.111134,46,2851.449607
1.042592,83,2851.618395
5.370492,62,2851.748509
101.058331,34,2851.816373
0.097102,1000,2853.845033
3.9151,65,2853.968167
100.877172,75,2854.117118
2.643568,90,2854.291113
0.265483,90,2865.899516
3.497744,65,2866.031661
2.656492,69,2866.169268
2.193943,72,2866.313645
0.137845,180,2866.68325
100.970573,92,2866.86049
4.005725,63,2866.98928
4.216707,70,2867.122509
1.842694,88,2867.293761
3.506494,63,2867.41597
2.016778,80,2867.577219
2.268574,71,2867.7148
2.980155,66,2867.875289
2.841684,88,2868.104645
101.204711,87,2868.299956
3.421806,71,2868.439488
3.909379,84,2868.603825
0.560772,78,2868.758512
101.245452,87,2868.92694
1.271431,83,2869.087981
2.755192,71,2869.228993
1.177013,133,2869.489403
3.311986,71,2869.629635
4.542869,63,2869.752242
-0.626455,238,2881.810736
101.273212,82,2881.969101
4.529407,62,2882.090929
1.704101,74,2882.250971
104.364624,67,2882.382926
2.231074,70,2882.52191
2.103584,76,2882.675243
0.743952,103,2882.895085
1.416569,72,2883.047868
1.514211,74,2883.20032
2.949244,61,2883.322948
4.361435,69,2883.465397
1.046876,79,2883.629591
101.298588,132,2883.89598
2.208971,72,2884.057293
1.358464,128,2884.317777
2.466823,68,2884.455047
2.416302,73,2884.602744
3.41538,78,2884.768766
2.507223,63,2884.90438
101.983,72,2885.055247
-2.414156,127,2885.313326
1.848344,70,2885.453496
4.148363,91,2885.638819
100.200924,66,2897.033467
0.945545,79,2897.19442
0.816664,87,2897.369605
4.153194,67,2897.508592
101.521169,93,2897.710593
100.783712,61,2897.829233
3.617116,73,2897.970846
1.906542,100,2898.165809
0.963563,82,2898.326671
4.086776,64,2898.453428
4.570728,75,2898.599389
3.853117,65,2898.729732
3.526662,83,2898.897138
4.544287,65,2899.02448
101.162198,53,2899.127159
0.088724,105,2899.353004
0.50832,90,2899.527731
1.198206,94,2899.717234
3.93389,66,2899.844321
3.108593,96,2900.032493
102.752121,64,2900.156355
4.152749,89,2900.332153
3.983481,65,2900.460322
2.172172,70,2900.596371
3.055558,77,2900.746799
101.569555,67,2900.876065
5.289766,70,2901.030123
4.279492,62,2912.414336
1.408166,63,2912.541437
102.154662,112,2912.765522
2.257031,70,2912.91442
2.135425,62,2913.041877
3.627055,65,2913.168125
103.575159,73,2913.313637
0.532343,108,2913.533043
103.06429,65,2913.661803
100.326218,69,2913.796135
1.081122,83,2913.96096
3.325644,86,2914.139542
101.393054,88,2914.318542
2.403973,93,2914.509595
1.84032,94,2914.70172
1.349272,84,2914.869578
101.237028,75,2915.037163
4.537382,84,2915.206487
4.20841,64,2915.335247
3.982274,64,2915.462072
105.085881,66,2915.594505
101.401813,60,2915.711622
3.866534,72,2915.855985
5.084061,63,2915.978597
1.541736,86,2916.16953
1.413661,81,2916.331081
5.405599,62,2916.455699
3.131861,65,2927.77405
3.975951,65,2927.946277
101.881818,71,2928.137789
4.447593,65,2928.286042
3.446919,74,2928.428819
101.278516,70,2928.563905
101.456127,77,2928.716065
3.65273,62,2928.840594
2.039274,83,2929.00333
100.871179,60,2929.116504
3.496844,75,2929.260193
100.70442,64,2929.38818
-1.180216,116,2929.617792
102.557106,66,2929.747055
0.810545,69,2929.88195
1.938035,73,2930.025833
1.60984,73,2930.167577
101.063309,86,2930.336708
3.612164,97,2930.52246
3.787772,64,2930.647175
-0.411979,77,2930.794798
2.39928,73,2930.935415
3.733643,76,2931.081843
103.984803,69,2931.216235
102.829189,78,2931.373001
4.239019,65,2931.502341
2.345889,70,2931.636766
1.860067,88,2931.806727
4.03342,61,2943.184393
-0.595144,489,2944.188646
2.187289,77,2944.33847
2.934503,72,2944.479216
102.703116,56,2944.590299
1.451581,91,2944.774978
100.998458,101,2944.985326
2.986531,62,2945.114088
2.258662,77,2945.2755
5.28703,66,2945.408736
-1.573578,108,2945.62876
4.821607,64,2945.76222
2.754062,60,2945.89158
3.134364,72,2946.041344
4.561712,59,2946.165058
2.817303,66,2946.303421
4.05352,87,2946.478644
1.16434,112,2946.711122
1.773556,89,2946.887589
4.989005,63,2947.010979
101.697875,98,2947.202582
3.347425,81,2958.531294
100.988229,57,2958.643029
1.459891,96,2958.830242
101.819836,76,2958.990444
4.341022,72,2959.133819
101.439695,110,2959.350661
4.257623,65,2959.476054
4.003532,63,2959.600609
2.877955,62,2959.724884
0.215967,93,2959.909098
-2.075231,132,2960.167782
3.952298,88,2960.339677
4.457715,70,2960.475547
1.065834,127,2960.725017
5.203833,62,2960.854576
3.094874,65,2960.992029
0.60195,301,2961.579803
2.555973,66,2961.709217
102.067308,70,2961.843863
100.530627,142,2962.121659
2.738032,68,2962.256186
2.639362,70,2962.39215
5.676776,83,2973.851886
1.995092,71,2973.990275
104.162889,77,2974.140803
4.768575,60,2974.258267
-0.6502,97,2974.445647
1.061256,95,2974.631505
5.280931,64,2974.769847
3.428599,71,2974.912086
2.466596,72,2975.058172
100.699006,53,2975.164565
-0.512424,95,2975.356787
2.389364,61,2975.484258
4.200502,63,2975.611697
1.818566,64,2975.743525
101.50707,98,2975.933952
0.446634,90,2976.110194
5.010694,66,2976.236073
3.376781,61,2976.353134
3.807865,68,2976.508735
0.970433,81,2976.670611
1.905756,69,2976.80877
1.176814,65,2976.934324
5.102725,81,2977.09108
0.856153,74,2977.249956
102.339927,71,2977.386234
0.7814,89,2977.563306
3.823894,62,2977.684986
-2.030521,134,2989.127424
0.485113,91,2989.324278
3.409499,61,2989.447149
103.911799,80,2989.608579
101.049916,69,2989.748862
5.05942,103,2989.96111
101.279205,87,2990.134377
2.877858,79,2990.289238
100.327005,22,2990.33321
1.512494,125,2990.586067
1.59255,88,2990.767898
3.52075,67,2990.905206
2.056541,61,2991.029044
0.885783,85,2991.204799
103.380969,59,2991.32406
-0.741932,100,2991.526686
4.025543,65,2991.6583
4.719854,154,2991.967482
101.216402,64,2992.099055
4.183535,64,2992.223629
100.727659,78,2992.372271
4.433197,60,2992.489344
1.735058,73,2992.630417
1.070844,82,2992.796126
0.34029,1000,3006.159051
100.451056,23,3006.204756
100.265137,57,3006.316908
101.338125,766,3007.83558
0.514252,109,3008.057698
103.151472,59,3008.183051
100.427111,58,3008.295309
1.263037,74,3008.448226
104.232694,63,3008.572287
101.289453,85,3020.037263
3.565083,77,3020.185833
1.86956,79,3020.339172
4.60791,64,3020.463251
4.788544,63,3020.587974
3.067411,69,3020.724122
1.91295,94,3020.908098
1.360249,71,3021.064945
2.350479,69,3021.207099
1.832604,110,3021.428396
3.71685,73,3021.579853
0.510939,168,3021.929478
5.449802,77,3022.084961
1.952862,77,3022.256685
0.912825,78,3022.411319
2.887572,62,3022.53185
1.138252,70,3022.670375
-0.527001,107,3022.887449
2.8202,82,3023.051784
4.684862,63,3023.177214
3.135641,66,3023.305465
1.669952,72,3023.450028
3.805714,89,3023.629627
100.949985,87,3023.795947
4.750007,81,3023.956817
102.959209,69,3035.422043
3.550054,80,3035.583823
0.757104,120,3035.834618
4.502177,63,3035.965984
-1.047308,108,3036.190593
0.518702,99,3036.396606
5.040598,63,3036.528557
-0.012502,144,3036.841955
104.104877,59,3036.959146
2.949345,80,3037.116973
5.385944,63,3037.239148
3.220572,64,3037.369235
1.268457,76,3037.521927
3.381482,67,3037.65437
3.644777,61,3037.775499
4.04785,78,3037.929298
2.927769,75,3038.077724
5.680623,67,3038.209291
100.682058,53,3038.313559
4.353678,114,3038.540642
4.405824,67,3038.671346
3.549522,71,3038.815846
2.207571,59,3038.931342
5.266104,67,3039.085186
5.437809,82,3039.242795
3.174735,74,3039.394166
3.235607,70,3039.53388
-0.155622,111,3051.134236
3.297294,90,3051.316016
5.264213,75,3051.47349
1.844756,70,3051.616118
3.456582,91,3051.796223
0.33975,83,3051.958596
4.389863,84,3052.129025
4.761004,62,3052.257983
101.394327,80,3052.4269
2.706883,63,3052.552737
1.507427,72,3052.695539
3.973754,80,3052.856297
4.139021,68,3052.994163
103.094588,77,3053.145039
3.700283,91,3053.322839
3.580632,80,3053.481747
0.754229,1000,3066.664202
3.535006,62,3066.807959
0.272897,129,3067.074584
1.594756,71,3067.222063
4.440023,61,3067.351251
104.425948,75,3067.505387
5.147583,71,3067.65624
100.563375,72,3067.806251
4.996199,66,3067.958817
102.170995,69,3068.102116
4.071991,64,3068.233513
2.050532,68,3068.373506
4.424045,65,3068.505559
102.234668,43,3068.593008
101.283476,92,3068.771815
2.029339,71,3068.914981
3.273074,67,3069.048073
0.896158,81,3069.204116
2.84518,81,3069.362376
3.8538,87,3069.537414
3.933382,62,3069.662746
-0.564456,101,3069.870267
101.54193,101,3070.078891
5.515593,87,3070.260367
-0.678046,119,3081.724454
2.185361,99,3081.925781
100.990768,105,3082.145778
100.777437,78,3082.30355
3.43129,69,3082.449471
0.224942,82,3082.621145
2.75948,76,3082.77889
-0.242159,91,3082.968881
3.119252,79,3083.124615
1.148706,66,3083.255655
103.971442,67,3083.389804
4.577925,78,3083.539084
3.287062,94,3083.721028
0.410036,105,3083.926852
3.323984,90,3084.103759
102.88262,75,3084.256204
0.843366,85,3084.44306
2.647099,90,3084.617829
3.129158,67,3084.748031
0.632352,1000,3098.005047
0.960793,85,3098.171572
4.962496,171,3098.501826
3.335948,68,3098.64079
5.210098,79,3098.805774
0.361985,125,3099.047555
5.490638,66,3099.177199
1.14613,69,3099.307124
101.173928,103,3099.513974
104.465056,69,3099.653641
2.512972,71,3099.795144
3.873076,79,3099.952049
3.873585,62,3100.074851
4.13952,62,3100.221133
-0.583214,124,3100.461246
2.390214,59,3100.575574
1.689891,109,3100.791347
2.44819,68,3100.922778
5.751372,63,3101.063576
106.012215,68,3112.499877
1.936266,69,3112.643589
2.777555,66,3112.792072
1.459729,159,3113.120408
100.946484,117,3113.370001
5.151964,83,3113.545998
2.704735,70,3113.695673
0.813032,1000,3115.771271
0.335693,263,3116.319927
4.010771,87,3116.501372
2.131939,73,3116.643313
3.980308,85,3128.019351
-2.457193,790,3129.665775
101.600808,87,3129.845903
2.767764,70,3129.984402
1.957095,69,3130.133469
3.264948,91,3130.316573
1.76483,118,3130.545408
0.750567,1000,3143.821274
3.324728,67,3143.961606
2.725466,64,3144.093424
3.516341,86,3144.270285
4.464272,178,3144.634011
3.457234,75,3144.781171
4.652492,134,3145.042461
100.060882,231,3145.523041
103.981978,55,3145.636523
0.487925,73,3145.782699
4.34773,61,3145.90924
1.127676,71,3146.055025
2.603674,83,3146.237056
101.969477,57,3146.350174
3.800431,70,3146.495897
4.385044,85,3146.672809
4.211386,80,3146.840152
1.634046,64,3146.9733
4.431861,69,3147.112126
4.373018,82,3147.295699
2.940384,64,3147.428487
0.5238,64,3158.802341
3.091304,74,3158.947932
0.78245,71,3159.099482
4.377429,64,3159.223145
100.288956,47,3159.314463
3.814767,67,3159.447275
4.41182,65,3159.573133
0.767449,80,3159.731245
3.443686,81,3159.890915
103.158832,63,3160.014161
2.214217,87,3160.185752
1.222822,71,3160.328149
2.459609,70,3160.465172
3.930219,73,3160.610727
0.686224,94,3160.795689
-1.360665,239,3161.280292
1.594916,69,3161.422644
5.07809,64,3161.5504
4.456178,67,3161.685545
103.729152,55,3161.797289
0.790273,75,3161.951694
101.655786,62,3162.080649
100.879304,49,3162.180974
103.500639,57,3162.300578
103.775361,67,3162.438202
2.680651,68,3162.577224
3.353053,65,3162.726352
1.403585,87,3162.904123
3.304867,59,3174.24138
3.966618,73,3174.39075
0.587627,88,3174.57508
4.421002,65,3174.717907
3.753594,63,3174.844637
101.072442,76,3174.992876
2.775389,69,3175.128501
4.917566,75,3175.280539
3.890764,69,3175.417906
3.024166,66,3175.548975
101.090717,49,3175.643872
1.952264,68,3175.778966
5.699915,69,3175.927087
104.158169,80,3176.09453
2.128522,68,3176.24883
1.263476,92,3176.424847
101.506274,83,3176.586145
101.332465,77,3176.731187
1.734824,112,3176.9483
5.112617,63,3177.07366
5.645632,66,3177.202946
1.761998,79,3177.357799
100.960578,82,3177.51571
101.723252,66,3177.645817
2.032987,77,3177.797386
4.287559,83,3177.961231
-0.43353,115,3178.189008
2.407592,75,3189.70126
2.320289,70,3189.848225
100.701611,64,3189.98141
3.654724,89,3190.162321
2.571904,63,3190.291048
3.961642,84,3190.463017
101.913973,70,3190.607238
103.424539,54,3190.731143
1.136047,83,3190.903061
4.943951,66,3191.03942
101.081856,102,3191.259786
2.18653,69,3191.398932
0.132179,76,3191.555619
0.640053,86,3191.736244
4.243825,67,3191.873874
0.953734,72,3192.028961
4.836317,68,3192.167631
4.527722,68,3192.306482
3.797211,69,3192.447295
3.227792,65,3192.58559
2.007444,70,3192.733469
-0.725172,115,3192.980932
4.259249,66,3193.117779
1.757328,72,3193.267273
2.71286,67,3193.406487
101.463884,35,3193.478054
0.231179,83,3193.649084
1.72334,104,3205.068435
4.966532,62,3205.196661
2.068715,63,3205.329717
4.063468,99,3205.525035
5.259377,70,3205.665722
100.7413,315,3206.303085
2.908233,67,3206.439121
100.861879,77,3206.597472
4.296769,74,3206.750544
1.757278,70,3206.895561
3.097946,66,3207.033021
-1.395361,440,3207.948322
1.78101,86,3208.125439
2.700056,75,3208.279974
101.108917,63,3208.406216
100.699859,89,3208.584067
1.201725,88,3208.765353
102.449211,57,3208.885697
101.206522,79,3209.051975
5.032028,72,3209.198948
101.733722,119,3220.621636
2.201386,71,3220.768279
100.0,1,3220.770853
1.467332,87,3220.947936
2.370389,77,3221.115181
2.644643,67,3221.253007
4.418735,88,3221.439256
4.120179,64,3221.571521
3.302808,82,3221.74004
3.822391,98,3221.944071
100.520389,317,3222.590671
2.289697,72,3222.734826
104.388797,68,3222.877405
100.888935,87,3223.056431
103.788116,66,3223.194965
3.358762,74,3223.341222
-0.942331,200,3223.740566
2.305126,72,3223.881453
3.359933,65,3224.008452
0.647516,115,3224.235303
1.755552,73,3224.379242
0.846142,84,3224.56566
2.083186,68,3235.912783
2.715823,78,3236.076899
3.735591,80,3236.251807
100.689287,57,3236.36377
101.426146,71,3236.502594
3.272954,91,3236.682585
4.721145,65,3236.810724
5.07892,82,3236.977911
100.703455,24,3237.027425
4.956884,113,3237.246156
1.061464,72,3237.388643
2.900993,63,3237.514132
101.24823,59,3237.628054
2.424501,72,3237.769701
102.82289,76,3237.91711
1.962066,63,3238.044921
1.844337,68,3238.194007
0.732568,75,3238.347918
101.614415,66,3238.48811
101.322464,94,3238.683594
103.659279,78,3238.845352
3.362519,66,3238.984783
101.974952,70,3239.130017
3.709783,90,3239.320922
101.343599,66,3239.458115
0.768663,73,3239.607415
2.332357,73,3239.758264
101.154931,43,3239.843523
1.022503,73,3239.989038
102.433228,67,3251.500655
4.285205,72,3251.646472
2.004384,61,3251.768222
2.038619,75,3251.919795
2.591766,69,3252.061123
1.689171,79,3252.221113
104.384731,79,3252.383521
4.186555,65,3252.519879
106.023522,64,3252.663321
3.619448,72,3252.806857
4.871651,86,3252.986471
2.830752,70,3253.131343
5.214455,80,3253.297377
1.13563,76,3253.451332
103.133651,75,3253.605778
101.344629,67,3253.741303
4.330806,85,3253.908467
100.743249,73,3254.054332
2.351311,61,3254.17343
3.585335,100,3254.367526
3.127162,66,3254.49726
3.572634,73,3254.641521
2.828829,68,3254.77266
3.336591,67,3254.903784
4.414552,63,3255.026833
100.360289,43,3255.109704
3.04083,71,3255.249341
-0.610106,97,3255.439221
2.813821,78,3266.877142
5.688272,61,3267.000594
5.057935,63,3267.125851
3.806309,64,3267.252497
103.278387,74,3267.402801
102.022897,42,3267.494074
2.684793,72,3267.645097
2.466718,69,3267.797322
105.642986,65,3267.935372
0.446834,153,3268.249156
103.413406,72,3268.399744
2.915853,66,3268.532079
101.365628,90,3268.722673
1.494138,85,3268.897225
100.697879,48,3269.013535
4.599952,60,3269.139361
100.392086,40,3269.217765
100.84738,62,3269.344956
-2.2007,130,3269.619301
2.402827,70,3269.762884
101.772065,66,3269.892999
3.044942,66,3270.025903
-0.816647,84,3270.196332
101.213498,95,3270.396026
101.749003,43,3270.486765
2.12079,68,3270.641794
100.784882,42,3270.726522
2.413144,69,3270.870572
3.354876,83,3271.039377
1.039221,68,3282.442409
4.307871,65,3282.587572
3.33188,72,3282.737951
3.551394,60,3282.858454
1.01518,79,3283.025121
101.69704,42,3283.113341
2.787746,62,3283.24434
2.360453,69,3283.386866
1.505695,81,3283.553568
4.954536,88,3283.734524
2.416813,65,3283.870726
1.996782,71,3284.018353
3.562099,67,3284.158917
0.190284,79,3284.322848
5.411233,61,3284.447266
100.918591,84,3284.617995
100.537018,73,3284.771521
100.562089,83,3284.929701
105.386288,76,3285.080235
1.993771,74,3285.223773
1.025682,75,3285.366403
102.081742,64,3285.490606
4.122884,59,3285.608714
2.94927,69,3285.741648
101.967776,70,3285.87623
-0.335875,159,3286.205549
103.403915,74,3286.349282
1.342042,90,3297.805673
-0.436911,79,3297.966918
4.522815,66,3298.099927
101.05586,93,3298.288664
105.452772,62,3298.432315
2.16095,69,3298.577454
101.364097,85,3298.752061
4.802157,74,3298.904655
3.298538,66,3299.030871
100.824483,84,3299.192393
5.676564,64,3299.320147
4.7012,69,3299.465029
3.073769,65,3299.592156
101.361591,47,3299.684584
104.617209,58,3299.795206
105.600452,66,3299.929829
0.493706,1000,3313.210594
3.543848,60,3313.330755
5.058154,66,3313.465248
1.427184,117,3313.705009
3.199725,61,3313.829727
3.319689,69,3313.974392
5.191587,88,3314.15059
1.319741,100,3314.349329
2.460701,76,3314.50419
102.168221,68,3314.652604
0.110904,116,3314.888437
2.391303,72,3315.035529
5.214986,66,3315.168647
3.051519,63,3315.29713
3.409057,60,3315.424334
100.881205,75,3315.583711
101.026819,107,3315.802219
1.124641,121,3316.051798
3.626135,62,3316.176744
101.770314,41,3316.26296
100.627136,71,3316.407121
4.410856,102,3316.614996
2.765429,72,3316.764309
-1.77288,147,3317.06572
3.168321,61,3317.191575
-0.086453,1000,3330.509015
2.148836,78,3330.678587
100.692485,73,3330.829517
-2.048223,110,3331.058925
102.866991,63,3331.187206
2.768525,81,3331.355668
0.976703,78,3331.515968
100.98577,54,3331.626003
104.653283,60,3331.749138
5.068497,66,3331.886204
5.026444,64,3332.017156
2.405383,84,3332.188767
102.699233,75,3332.363456
0.435097,78,3332.524038
4.825739,62,3332.65385
3.953397,78,3332.817419
1.944837,132,3344.378233
0.786639,104,3344.581698
1.919742,64,3344.716813
100.378894,67,3344.855245
101.11969,43,3344.940372
3.251601,62,3345.070404
0.88806,100,3345.271391
2.345382,77,3345.42793
103.537989,61,3345.55156
106.139668,67,3345.690147
3.01741,67,3345.831045
3.873064,64,3345.959586
0.045449,85,3346.136935
3.131413,59,3346.26059
5.204459,71,3346.408851
0.317075,87,3346.589411
3.634728,68,3346.726632
103.489151,72,3346.880051
2.633795,66,3347.015606
1.892064,77,3347.174489
-1.688092,92,3347.369102
102.173601,71,3347.519938
3.996851,69,3347.662312
1.136545,97,3347.866807
103.55827,69,3348.009844
100.756885,74,3348.162585
1.371578,87,3348.343099
0.232421,80,3359.730343
3.352226,61,3359.860353
4.648294,61,3359.984955
3.76477,68,3360.12379
5.941579,75,3360.278917
5.680429,76,3360.435411
100.262831,48,3360.532452
2.962116,73,3360.68129
2.497088,69,3360.819062
102.056923,44,3360.90924
101.944983,50,3361.014006
2.405095,69,3361.155058
0.843162,87,3361.334815
4.878165,62,3361.462318
3.120794,74,3361.615013
2.221572,65,3361.748819
100.807103,121,3361.994375
2.454366,79,3362.152253
4.426626,67,3362.291323
4.007633,73,3362.440443
4.092502,70,3362.583165
3.651112,64,3362.710226
5.057323,75,3362.866547
3.578686,95,3363.060913
2.879565,67,3363.197375
3.615148,104,3363.409122
4.332719,70,3363.553591
103.951166,66,3363.689732
101.177145,36,3363.768895
0.866674,71,3375.18293
103.471361,72,3375.329795
3.11653,69,3375.475329
4.673412,61,3375.609426
1.34588,88,3375.798404
2.257772,77,3375.953891
4.444839,68,3376.093494
3.869769,60,3376.217446
1.608545,70,3376.364118
102.777189,80,3376.533096
1.347697,94,3376.725088
5.288641,112,3376.954648
3.622974,78,3377.113986
4.565346,61,3377.253525
0.336724,86,3377.428046
4.153188,80,3377.590253
2.439819,69,3377.729812
4.351047,68,3377.867356
101.090379,111,3378.091761
103.207579,51,3378.196336
4.719989,63,3378.32519
5.305441,152,3378.637791
1.215534,83,3378.805386
4.964559,78,3378.977886
4.323568,70,3379.12327
1.141069,84,3379.29836
3.900909,64,3390.65469
-0.667533,84,3390.819075
105.850006,66,3390.946146
101.0515,68,3391.081587
1.747415,69,3391.234688
2.753483,68,3391.374602
2.185073,71,3391.524142
0.161183,83,3391.699885
102.357724,77,3391.856537
100.695359,80,3392.02418
2.601117,71,3392.165754
-2.421613,112,3392.397341
1.916698,77,3392.558237
100.636889,82,3392.729529
101.225042,101,3392.933534
2.796212,75,3393.083648
0.59652,78,3393.253772
1.982401,87,3393.439374
101.507513,87,3393.615263
100.858961,60,3393.740505
3.051883,73,3393.887366
2.834162,85,3394.061451
105.38591,74,3394.211898
103.557619,77,3394.372802
105.079177,81,3394.538456
101.648993,80,3394.703364
0.040235,1000,3407.962112
104.104076,58,3408.099427
1.926709,83,3408.276368
1.884892,75,3408.427213
2.75282,72,3408.573286
-1.577389,103,3408.780003
4.60952,68,3408.920758
1.905016,72,3409.068685
0.871485,80,3409.229783
100.257457,52,3409.337555
2.042952,70,3409.481596
3.389521,78,3409.638267
2.519074,107,3409.870777
2.313609,72,3410.014286
0.592591,80,3410.185637
2.799927,65,3421.448231
4.696505,90,3421.621396
4.415263,66,3421.750196
3.080908,68,3421.882632
1.593907,111,3422.1218
100.640318,86,3422.298735
104.035753,72,3422.446938
1.390801,80,3422.611975
3.595085,65,3422.744428
2.541784,69,3422.887344
4.426357,73,3423.043465
3.708098,61,3423.170185
3.698977,65,3423.306566
2.737555,71,3423.454165
5.248686,62,3423.57952
2.365751,89,3423.758646
1.137757,70,3423.899789
-0.658138,92,3424.088138
1.770183,63,3424.214922
101.596499,70,3424.357358
3.264611,74,3424.507351
1.252376,81,3424.673548
2.728496,71,3424.818118
0.877287,72,3424.964378
4.144495,72,3425.118624
102.858839,51,3425.220742
3.007872,73,3425.366472
103.909595,73,3425.521442
4.662416,61,3436.902272
2.849189,70,3437.046094
4.338217,66,3437.194648
5.102571,61,3437.316886
5.948451,66,3437.452173
4.986927,85,3437.62874
4.641445,64,3437.762345
100.231259,68,3437.904104
2.547063,67,3438.039351
0.735611,71,3438.176828
2.23726,80,3438.333112
4.489979,64,3438.466826
3.677351,74,3438.613393
102.286861,67,3438.745846
1.828107,61,3438.862595
3.946824,71,3439.001457
3.723651,61,3439.120564
104.571972,64,3439.247605
102.374613,62,3439.371261
2.977003,79,3439.529634
1.765313,84,3439.694439
2.516439,70,3439.82837
5.4271,65,3439.95811
102.158071,69,3440.093157
4.39386,63,3440.218283
0.843029,86,3440.387811
4.887545,62,3440.509593
1.098202,70,3440.647338
2.447342,75,3440.79688
3.960232,102,3452.233495
1.746072,79,3452.384423
100.530174,99,3452.582606
4.334607,86,3452.758101
5.284898,91,3452.942152
101.018767,55,3453.054068
3.918949,86,3453.228298
3.019633,72,3453.373889
103.739617,58,3453.489381
2.605413,77,3453.646868
100.985345,81,3453.80914
4.781532,76,3453.964205
103.936885,72,3454.11264
104.131254,70,3454.26827
5.877739,63,3454.39935
3.53853,62,3454.52546
4.938832,154,3454.843942
0.761705,88,3455.025961
103.2621,65,3455.15352
2.63402,76,3455.305631
101.725605,69,3455.440001
2.614047,74,3455.585557
1.01913,71,3455.722182
0.902805,64,3455.882464
3.34598,60,3456.006615
1.988496,77,3456.166816
2.959735,68,3467.458292
100.692197,77,3467.607413
100.947256,80,3467.763475
5.303782,88,3467.937772
2.3133,70,3468.093425
0.73942,87,3468.288921
1.696754,72,3468.433459
4.703859,64,3468.557129
1.737498,94,3468.740301
1.81388,61,3468.863236
4.50133,64,3468.991355
3.845762,60,3469.115555
2.831044,78,3469.26986
4.43352,63,3469.392084
1.427132,85,3469.560241
5.203819,61,3469.680576
2.960142,61,3469.804192
-0.007598,82,3469.963054
2.418536,69,3470.104894
100.502389,48,3470.199925
5.061214,66,3470.32722
5.544519,86,3470.497648
2.192033,58,3470.611341
3.822349,62,3470.734178
102.209392,61,3470.858444
3.077257,88,3471.031335
100.80614,86,3471.208102
5.518137,73,3471.359555
4.468264,95,3471.551297
1.997611,81,3482.954962
3.260701,60,3483.073945
1.376597,68,3483.222647
3.533838,76,3483.374427
104.027988,72,3483.515013
103.471198,70,3483.653482
100.320558,38,3483.731225
2.147212,69,3483.872343
101.276347,75,3484.028821
5.326711,81,3484.187897
102.278579,57,3484.30117
5.136544,70,3484.436092
5.039149,88,3484.611229
101.247773,85,3484.790509
4.746493,75,3484.959275
100.44257,74,3485.112039
4.418085,89,3485.294076
5.198368,63,3485.424972
4.468813,60,3485.551163
4.244896,77,3485.705083
101.346223,67,3485.835426
0.115562,115,3486.058855
2.989021,62,3486.185304
0.486993,84,3486.360633
1.580372,68,3486.513507
1.906097,70,3486.656993
3.844515,101,3486.863454
4.861744,69,3498.244993
0.601819,451,3499.160158
0.056407,85,3499.328298
101.467573,113,3499.547963
5.330819,71,3499.685545
102.030336,71,3499.824594
1.889525,84,3499.992813
0.461564,89,3500.177227
3.704957,69,3500.320133
1.292871,108,3500.543712
104.226942,65,3500.694852
101.659411,72,3500.842735
5.350967,65,3500.974941
3.179803,70,3501.117855
3.558475,64,3501.24983
5.401387,68,3501.39049
3.049911,80,3501.554782
0.871832,76,3501.710243
103.701921,78,3501.870415
101.219697,79,3502.030405
1.209604,74,3502.179746
102.019204,45,3502.269042
1.708228,86,3513.683807
103.376519,79,3513.843582
2.988978,70,3513.989444
4.001823,69,3514.130987
3.100406,69,3514.273218
2.159179,67,3514.407205
1.995764,75,3514.561446
4.664871,67,3514.700824
1.519186,80,3514.882583
3.187815,84,3515.063033
104.839981,66,3515.196995
3.682464,79,3515.369814
2.293618,73,3515.519357
4.635159,65,3515.653732
2.411456,85,3515.83391
2.800899,92,3516.025186
104.71757,64,3516.159777
1.328125,110,3516.387081
5.206102,66,3516.523436
-0.197617,164,3516.857292
3.790122,128,3517.118689
104.302079,79,3517.282057
4.558589,93,3517.469567
1.310215,82,3517.639598
1.822169,82,3517.810869
1.633124,88,3529.355471
1.654452,77,3529.524547
1.104452,79,3529.689736
3.868307,70,3529.834507
4.346278,86,3530.013596
101.063011,75,3530.164037
1.80807,84,3530.347185
102.122203,72,3530.494841
4.450865,67,3530.631577
102.319905,46,3530.727088
104.287718,56,3530.843471
2.357966,111,3531.08313
1.574816,65,3531.217264
1.591531,101,3531.425087
-0.655045,108,3531.652641
1.728885,66,3531.785382
1.975418,97,3531.987683
-0.031727,111,3532.218034
100.966988,59,3532.340999
3.496073,64,3532.472645
3.381702,68,3532.613138
2.279395,68,3532.755046
4.50424,93,3532.945698
2.082527,82,3533.114311
100.207686,60,3533.237589
101.264055,62,3533.370315
1.581059,69,3533.520596
4.949358,72,3544.915735
104.094506,74,3545.07489
3.51999,84,3545.239641
5.588707,87,3545.416916
3.012683,61,3545.53858
2.803625,76,3545.690421
4.887121,68,3545.826201
101.282795,82,3545.987023
-0.303558,88,3546.158179
101.60842,48,3546.249093
4.096526,69,3546.382674
100.843768,83,3546.543944
103.111925,61,3546.670506
3.853292,59,3546.793731
2.340066,69,3546.934664
3.281707,85,3547.102641
4.132846,66,3547.236389
0.793406,60,3547.356929
102.976398,70,3547.495743
3.552393,65,3547.622992
-1.196209,451,3548.522951
5.502372,101,3548.7241
2.325057,62,3548.848248
0.807766,84,3560.225665
100.874123,92,3560.415463
101.2909,100,3560.621215
4.217138,79,3560.793334
4.01439,61,3560.92186
101.82192,79,3561.083447
1.050091,84,3561.259277
103.489689,72,3561.406684
101.234015,91,3561.592466
3.404005,60,3561.716606
101.676867,92,3561.897974
2.371088,70,3562.035512
4.594034,82,3562.194295
3.630293,72,3562.33846
1.558249,75,3562.490567
3.891281,72,3562.632395
101.149302,94,3562.819224
2.560737,80,3562.978098
104.622122,70,3563.116602
3.74166,65,3563.248372
5.728652,63,3563.368854
102.195464,68,3563.504923
5.585857,63,3563.629637
3.174194,75,3563.773719
3.471974,66,3563.904626
0.285022,88,3564.079031
100.829422,60,3575.390427
3.045082,62,3575.510661
101.414536,122,3575.748868
101.133705,74,3575.897953
1.564681,81,3576.063223
2.616154,74,3576.206016
102.264969,71,3576.347878
101.44174,68,3576.48596
5.547605,61,3576.625176
3.758322,60,3576.747857
102.511659,75,3576.890664
3.40748,72,3577.030545
0.825617,82,3577.190766
1.949638,75,3577.343662
3.174726,79,3577.494323
101.367921,85,3577.660909
5.144183,63,3577.784614
101.458289,85,3577.950124
101.641709,90,3578.130148
5.360294,61,3578.248734
2.620764,67,3578.380598
4.917473,71,3578.520863
0.856034,73,3578.666597
3.266822,68,3578.803036
101.111156,71,3578.944453
103.718466,71,3579.087735
104.117976,58,3579.199065
3.954668,70,3579.334417
100.89048,73,3590.6984
2.968118,80,3590.86004
1.280847,79,3591.031247
2.275068,72,3591.172893
4.420836,86,3591.344403
-0.165918,88,3591.514721
101.327777,94,3591.697783
0.089675,1000,3593.764131
4.597307,69,3593.903033
1.417487,130,3594.155495
3.714208,67,3594.291294
3.74123,70,3594.446643
3.620075,72,3594.590693
101.669132,70,3594.729446
102.230501,71,3606.145108
2.403799,68,3606.278711
3.008089,65,3606.408771
102.098538,69,3606.547778
3.624178,78,3606.698418
4.237695,84,3606.880582
1.405669,86,3607.052807
102.957007,63,3607.176256
104.429378,60,3607.296487
3.631181,65,3607.424116
3.000191,72,3607.566497
101.548096,74,3607.71184
4.180052,60,3607.829596
4.202396,69,3607.963903
1.829207,72,3608.10678
101.373317,76,3608.27396
2.028454,83,3608.441016
102.799971,71,3608.579422
3.526785,74,3608.723699
101.377064,63,3608.845754
4.620115,74,3608.988363
101.300127,87,3609.155442
104.607975,71,3609.298032
100.296372,70,3609.434289
2.1191,88,3609.604537
4.552273,74,3609.752172
102.3554,65,3609.879978
0.332108,87,3610.078508
101.953443,72,3621.480599
4.634742,66,3621.617541
3.165137,134,3621.893467
4.110483,60,3622.021365
5.336354,81,3622.198332
3.751734,67,3622.335665
100.907919,128,3622.616517
1.91315,155,3622.932634
2.323631,65,3623.067088
0.646487,1000,3625.09008
-0.300314,106,3625.299601
3.936553,104,3625.506341
3.767746,68,3625.642239
2.700447,58,3636.915273
5.702149,64,3637.042857
4.12036,63,3637.166875
100.827575,61,3637.299687
105.406117,63,3637.428771
3.662071,83,3637.588993
2.831364,68,3637.721012
3.37804,90,3637.898227
1.063505,80,3638.05449
2.690793,87,3638.224375
102.073552,63,3638.34845
-1.910345,131,3638.602572
3.98042,86,3638.785645
2.126106,60,3638.905163
4.599586,64,3639.029915
4.493463,63,3639.151516
0.672239,77,3639.300704
2.469409,84,3639.464814
-0.253833,1000,3652.611264
101.019563,54,3652.723472
100.574028,61,3652.842171
4.697642,86,3653.009089
2.169746,99,3653.210053
105.254295,75,3653.359707
4.34691,66,3653.491523
1.999839,71,3653.630219
3.909364,65,3653.755833
3.059683,94,3653.941526
4.998199,67,3654.072418
4.427241,83,3654.250057
3.974145,67,3654.378823
103.132195,51,3654.482835
4.557694,75,3654.62999
2.381249,70,3654.770554
101.851127,68,3654.904387
101.207291,86,3655.0712
3.619654,60,3655.187908
4.026082,67,3655.317332
3.555792,90,3655.492445
102.381383,68,3655.620724
101.275532,65,3655.749288
-0.070949,136,3656.014202
0.87712,153,3667.451253
3.471794,67,3667.588802
1.2989,88,3667.778778
3.875471,64,3667.916297
3.809808,70,3668.062479
100.650831,78,3668.218349
103.705385,74,3668.376221
1.806483,61,3668.503762
4.642248,77,3668.662492
101.319936,80,3668.825227
100.932074,67,3668.965307
2.762811,68,3669.099653
101.408016,58,3669.21327
3.013405,70,3669.351819
2.069668,81,3669.522136
2.320001,83,3669.691283
100.986996,65,3669.82289
4.191424,73,3669.971752
3.712661,91,3670.159594
4.087708,69,3670.304274
105.070229,62,3670.42917
2.431085,72,3670.577634
4.437308,62,3670.704875
0.485276,90,3670.887036
105.915539,67,3671.020482
3.023432,67,3671.150426
3.98525,66,3671.279836
103.506317,59,3682.602668
101.913777,62,3682.732685
1.433956,63,3682.874739
4.857791,64,3683.007138
3.144586,69,3683.149095
-1.135552,96,3683.349502
3.317988,79,3683.511222
3.064403,72,3683.659466
103.203028,68,3683.803653
3.414326,68,3683.942779
100.597946,49,3684.04504
100.554772,95,3684.237851
103.455147,68,3684.37775
3.740855,72,3684.526592
100.220662,129,3684.789788
101.344266,66,3684.921147
1.068128,82,3685.085071
2.150896,70,3685.224167
100.843229,78,3685.381193
1.855168,80,3685.542653
2.474711,85,3685.72143
101.091748,65,3685.858368
1.222004,85,3686.034773
3.39324,67,3686.175268
101.446992,51,3686.279115
101.429231,66,3686.418595
101.371716,61,3686.545919
105.100419,73,3686.694407
100.388156,70,3698.164133
-0.282309,558,3699.32385
3.642449,73,3699.472587
2.762388,67,3699.606608
2.275678,73,3699.747607
101.268811,90,3699.938808
2.0128,81,3700.097687
105.856724,64,3700.225162
1.825037,77,3700.373482
-0.657985,85,3700.542919
4.405691,65,3700.67025
2.25682,75,3700.82078
-1.047946,98,3701.013372
2.982761,67,3701.146594
2.83148,68,3701.285999
0.931995,72,3701.433369
3.831867,75,3701.589124
101.537517,81,3701.756903
103.6044,54,3701.880453
101.586125,90,3702.065613
101.24891,84,3702.237157
1.011807,75,3713.585058
2.453718,72,3713.730187
2.663485,68,3713.865491
0.840764,71,3714.008822
0.70603,93,3714.209697
0.382732,75,3714.36516
1.513795,65,3714.50411
-0.978799,87,3714.685868
100.766484,86,3714.861582
1.928768,71,3715.012193
1.023335,82,3715.185122
0.974373,81,3715.35534
104.169699,72,3715.513814
2.387766,71,3715.663103
0.97606,93,3715.855549
5.384506,69,3716.010871
102.062948,43,3716.099995
2.405991,69,3716.242391
2.593646,74,3716.398008
4.289389,63,3716.527939
3.843869,73,3716.680112
2.231006,71,3716.824
2.903819,99,3717.017993
102.078959,72,3717.156731
100.961862,89,3717.337192
105.494752,62,3717.459333
2.23498,89,3717.638027
102.734156,65,3728.949115
4.391587,69,3729.095471
101.130305,61,3729.221671
4.738409,64,3729.355501
3.198056,68,3729.49943
0.63263,74,3729.654208
3.639958,73,3729.805851
1.299172,62,3729.95247
3.056036,66,3730.095312
3.681181,60,3730.220597
0.425343,79,3730.38501
100.705914,72,3730.534863
5.098693,61,3730.660832
1.862665,65,3730.790176
103.50658,65,3730.916472
3.458477,58,3731.031714
4.984333,76,3731.178982
0.866026,70,3731.317636
4.764363,73,3731.462983
101.366543,35,3731.530162
2.327116,83,3731.69271
3.941078,70,3731.833664
102.029912,72,3731.985603
1.21516,74,3732.127872
106.01851,70,3732.266257
4.93844,74,3732.415088
2.780605,58,3732.52904
0.446765,104,3732.735033
3.460582,70,3732.871437
0.963986,80,3733.027649
0.167987,86,3744.437643
102.097037,75,3744.595123
103.127063,73,3744.745815
3.5866,71,3744.896102
3.95013,74,3745.054398
1.17735,80,3745.215671
3.75491,68,3745.358507
4.693129,71,3745.505632
4.417917,63,3745.635272
-0.328898,80,3745.802993
101.35814,84,3745.965704
1.304576,84,3746.12679
3.819571,62,3746.247979
100.990211,61,3746.371344
100.961408,61,3746.501817
0.64182,151,3746.810085
102.790129,60,3746.937374
0.652907,81,3747.096124
0.752684,82,3747.260978
1.994204,90,3747.442982
4.878523,71,3747.591955
3.743221,63,3747.721079
1.360257,80,3747.88299
2.080062,80,3748.047278
101.674655,53,3748.152414
1.970894,75,3748.308622
-0.413954,86,3748.491186
2.299731,71,3759.907384
101.311467,90,3760.095397
2.495151,87,3760.275594
4.233624,70,3760.410107
4.004804,78,3760.562816
101.852949,96,3760.75426
0.122189,91,3760.934635
103.035801,63,3761.057634
1.609838,71,3761.203015
4.653844,64,3761.331396
2.489028,64,3761.456801
2.062535,76,3761.60387
100.436044,69,3761.736576
3.629362,65,3761.864836
101.138629,78,3762.028605
2.290828,72,3762.177866
100.871672,61,3762.30614
3.877347,72,3762.453728
1.735846,60,3762.578397
101.563418,70,3762.731899
2.087967,73,3762.878767
3.177265,59,3762.993325
4.423287,62,3763.116651
2.212225,69,3763.255107
0.554876,83,3763.416819
4.132817,92,3763.60827
3.873192,88,3763.79162
0.875511,90,3775.215371
1.612363,67,3775.369802
101.22548,73,3775.514159
0.877039,72,3775.659101
0.495128,74,3775.807687
102.967489,51,3775.907601
4.819639,61,3776.026317
102.272645,61,3776.148239
2.866608,70,3776.294532
2.806923,62,3776.416654
4.220623,64,3776.543428
0.431441,83,3776.703935
5.183594,66,3776.835383
-0.103506,81,3776.999328
3.976155,99,3777.192949
102.311385,63,3777.314041
5.429995,64,3777.440767
0.411466,72,3777.588624
2.045741,59,3777.704024
2.247849,64,3777.828568
0.386625,79,3777.987561
3.698437,88,3778.15701
0.403805,72,3778.297267
101.223469,54,3778.412177
2.207824,74,3778.556984
3.682786,81,3778.715861
-0.535004,1000,3792.067138
2.866888,68,3792.197026
3.198873,61,3792.317771
4.605469,63,3792.442193
102.719606,66,3792.567439
4.840366,87,3792.738946
3.335571,86,3792.906066
1.225827,80,3793.064295
102.164486,57,3793.174973
4.030037,68,3793.309995
5.984762,84,3793.473629
3.90164,60,3793.593957
100.730071,111,3793.817766
3.52103,61,3793.936747
102.24088,54,3794.044249
102.641809,62,3794.163779
4.05691,87,3794.332401
1.540197,70,3794.470087
4.147509,69,3794.604624
0.870748,81,3806.004853
4.577187,63,3806.122879
3.443509,74,3806.267113
100.399193,56,3806.373106
0.805134,76,3806.520422
2.675283,66,3806.6454
100.788742,70,3806.782975
0.330599,1000,3808.736252
4.191751,69,3808.872582
101.421088,85,3809.043472
4.448607,60,3809.169406
100.874518,59,3809.291934
104.329374,64,3809.42485
-0.273126,176,3809.774535
-1.615782,101,3821.246848
3.948704,77,3821.395388
5.292505,71,3821.535175
1.19379,71,3821.673035
5.056953,61,3821.79305
103.639401,75,3821.938861
0.963425,84,3822.101626
101.719534,60,3822.219084
0.909661,115,3822.453754
1.618055,76,3822.605724
102.409142,74,3822.749733
2.877744,77,3822.897917
2.386919,66,3823.027395
101.825137,42,3823.112269
1.530141,60,3823.229478
3.694117,93,3823.410557
1.223689,104,3823.615159
1.15845,166,3823.941383
102.003423,71,3824.079733
1.746096,80,3824.237401
103.065039,58,3824.358136
106.058484,65,3824.482919
0.166544,107,3824.68849
3.411327,60,3824.806614
3.99322,92,3824.987278
0.134619,74,3825.130949
101.46898,86,3836.494198
103.88842,54,3836.598694
100.944228,44,3836.686674
2.92989,59,3836.806028
101.397127,80,3836.973329
102.879451,46,3837.063699
104.762835,70,3837.201946
0.488976,89,3837.378444
2.172348,69,3837.516168
101.725878,50,3837.617452
1.052189,83,3837.78419
1.14266,79,3837.943544
3.695472,59,3838.060892
3.535399,60,3838.18193
101.845858,78,3838.336138
104.058548,63,3838.462117
0.481103,126,3838.713326
3.600304,82,3838.877066
-2.069456,195,3839.258045
100.72423,50,3839.355849
101.405811,76,3839.52144
105.727146,66,3839.651018
100.964505,68,3839.783566
1.877824,113,3840.00469
5.60751,64,3840.130455
102.182628,73,3840.276946
101.76409,125,3851.708405
3.289052,73,3851.848722
1.507907,87,3852.032426
1.921989,70,3852.170389
1.641865,66,3852.300528
2.002508,70,3852.436239
0.561828,86,3852.608052
2.963595,62,3852.733796
2.470838,73,3852.881783
4.087616,60,3853.00359
103.300237,73,3853.1509
2.769822,62,3853.275233
4.7947,100,3853.47939
4.750006,114,3853.704264
100.510463,68,3853.839303
0.644833,76,3853.993023
100.369792,36,3854.059688
0.338679,70,3854.199505
102.562683,68,3854.342675
101.65152,69,3854.478339
5.660232,69,3854.615015
-0.778062,106,3854.83366
1.528668,74,3854.983369
4.027691,82,3855.154574
100.842362,57,3855.269785
0.276928,86,3855.442159
104.219174,74,3855.592063
-0.89427,116,3867.208407
2.152554,59,3867.345619
2.786061,74,3867.492366
1.661789,71,3867.628648
1.781732,58,3867.742935
4.698045,83,3867.909483
0.588741,73,3868.056023
3.293516,69,3868.193213
105.233114,61,3868.316358
3.19712,68,3868.446972
0.275318,81,3868.604998
4.448361,59,3868.723081
-0.256386,96,3868.914775
5.006598,71,3869.058336
1.273836,83,3869.220261
103.274574,56,3869.328863
102.217697,57,3869.442573
2.838513,152,3869.747523
0.348091,73,3869.89401
3.071557,67,3870.02463
5.243656,81,3870.185179
2.199751,64,3870.310783
4.273783,64,3870.438293
100.430488,141,3870.719267
101.523467,80,3870.874282
1.992235,88,3871.050475
2.143279,82,3871.204885
2.719738,77,3882.639862
102.236844,68,3882.774724
1.769898,83,3882.953087
4.260386,97,3883.142854
-0.638952,115,3883.36806
2.383557,69,3883.504594
2.566935,78,3883.659671
3.868059,72,3883.801723
2.738198,64,3883.924027
0.191566,80,3884.081632
102.463926,66,3884.214258
4.404495,65,3884.340998
2.317802,61,3884.464017
4.285097,68,3884.599267
2.677339,62,3884.725363
1.581214,73,3884.86494
-0.294422,92,3885.04408
101.541649,60,3885.16034
0.715261,76,3885.307334
2.211886,70,3885.443269
0.988564,80,3885.59848
2.149583,59,3885.71123
1.656265,68,3885.843939
2.839829,67,3885.974116
2.594271,67,3886.102125
4.276952,60,3886.22116
101.401429,63,3886.349479
2.763876,82,3886.513726
3.155935,71,3897.931177
2.571182,62,3898.057926
4.958531,102,3898.268429
101.514028,49,3898.36807
3.465833,87,3898.549356
-0.295708,97,3898.746058
102.472258,69,3898.887909
104.674198,78,3899.047453
100.589923,80,3899.211769
-0.176124,1000,3901.223348
1.533502,76,3901.371417
2.673547,61,3901.494105
1.293747,114,3901.737534
101.343954,76,3901.889215
102.988972,65,3913.278629
104.715953,65,3913.408851
101.261016,59,3913.528488
2.183796,90,3913.710238
0.664427,100,3913.925392
5.863859,69,3914.060893
2.425285,71,3914.200644
101.80316,105,3914.406581
5.344727,74,3914.553369
101.617753,67,3914.686654
0.409004,78,3914.837875
100.724769,53,3914.943157
2.047687,89,3915.120636
2.233852,63,3915.244823
1.757646,61,3915.366906
2.683399,71,3915.507044
102.384472,51,3915.610906
0.653803,79,3915.766167
2.607307,64,3915.900619
102.549567,57,3916.02418
101.67286,57,3916.137902
102.002833,69,3916.28081
0.179197,99,3916.484228
1.032984,94,3916.678496
3.105958,72,3916.826855
4.519602,61,3916.95313
4.834076,68,3917.091408
5.569098,66,3917.229683
-0.433631,138,3928.690218
1.470657,78,3928.848406
1.362754,75,3929.01307
2.03352,77,3929.177476
100.931488,76,3929.336561
2.980202,65,3929.471632
2.654497,60,3929.595211
3.249621,97,3929.794347
4.507513,66,3929.925114
102.027138,60,3930.046147
101.196525,85,3930.214465
104.081715,77,3930.36712
0.075271,87,3930.5384
1.315894,95,3930.725063
-0.232135,282,3931.274326
4.976295,75,3931.423772
2.562155,68,3931.554473
4.647247,67,3931.686779
2.703937,61,3931.807514
4.822766,66,3931.944169
1.052839,82,3932.109093
101.694818,89,3932.307749
2.598655,67,3932.444746
102.747883,68,3932.58493
-1.621674,106,3944.130268
2.018251,71,3944.278139
3.891096,60,3944.406449
4.587691,61,3944.534737
1.309711,77,3944.703227
102.055622,72,3944.852851
4.349615,65,3944.98208
1.416168,86,3945.151782
-0.662582,1000,3947.133733
3.856425,83,3947.29783
6.071983,64,3947.423731
4.805236,65,3947.550843
3.188759,76,3947.699956
2.538451,72,3947.841042
104.489609,60,3947.960146
4.989687,61,3948.080346
101.815313,95,3959.432612
5.295132,81,3959.591239
102.990523,53,3959.695622
106.12171,71,3959.854978
3.799288,61,3959.975152
0.609269,75,3960.120168
2.04955,61,3960.241894
2.887278,87,3960.418452
2.734731,70,3960.554814
2.960004,67,3960.683207
2.987104,73,3960.825953
4.242435,64,3960.951668
2.873942,86,3961.120425
1.355958,78,3961.275495
1.132892,70,3961.412472
4.030022,64,3961.535939
3.804808,147,3961.827581
2.276232,73,3961.973264
0.096645,109,3962.191047
103.821591,74,3962.334624
101.713145,92,3962.519615
1.626314,93,3962.702456
-2.457061,159,3963.013383
3.78736,66,3963.142733
4.392469,65,3963.26697
3.343342,121,3974.730221
3.801695,69,3974.865567
0.64055,225,3975.321772
0.015177,79,3975.491763
103.94571,60,3975.608312
4.381365,78,3975.766535
103.253652,70,3975.90355
3.742497,87,3976.076318
3.374701,64,3976.202481
100.957223,66,3976.333545
102.798617,55,3976.445217
-0.656844,101,3976.64342
103.50184,56,3976.75232
2.3349,64,3976.876029
101.783872,59,3976.992241
1.518111,80,3977.148027
102.598797,67,3977.27994
0.183439,83,3977.442675
2.531582,73,3977.58783
5.141912,84,3977.75683
0.475239,70,3977.89873
2.905107,80,3978.059933
3.429879,68,3978.198601
103.439092,63,3978.333841
4.086985,67,3978.467933
3.28575,60,3978.587422
101.32623,86,3989.941943
3.128332,65,3990.075497
100.754807,83,3990.245194
0.870304,69,3990.394198
5.453854,66,3990.549804
4.191545,62,3990.678985
102.17041,47,3990.779319
102.726416,71,3990.924289
3.514958,111,3991.158447
-2.096834,104,3991.372864
1.634736,92,3991.567582
1.104324,87,3991.749908
4.770662,65,3991.881746
2.890411,65,3992.017903
1.782896,99,3992.221324
102.106861,66,3992.360912
100.428525,23,3992.409096
105.255505,62,3992.543702
100.67365,38,3992.621488
3.463523,92,3992.809016
104.481473,70,3992.949186
4.562724,64,3993.083609
5.040649,82,3993.258132
103.87931,72,3993.406651
1.194155,99,3993.607803
101.355474,68,3993.741898
3.244254,86,3993.920191
-2.422694,139,4005.418293
105.374037,80,4005.580925
0.615925,74,4005.735122
0.70956,91,4005.939726
101.682449,59,4006.061556
1.374758,83,4006.227826
3.725241,79,4006.385566
6.178749,65,4006.516036
3.176507,69,4006.652992
3.318949,70,4006.788731
5.703162,77,4006.945505
3.008701,78,4007.099677
-0.669343,451,4007.998508
104.961679,67,4008.130835
3.425693,71,4008.271817
4.22343,89,4008.462491
0.403168,66,4008.589567
103.089621,72,4008.72702
-0.522295,1000,4022.080407
-0.463525,102,4022.285857
2.613937,61,4022.408897
4.602709,61,4022.53278
102.331649,76,4022.687719
104.729742,59,4022.80576
1.22287,75,4022.951632
103.345987,74,4023.095794
102.537107,74,4023.245932
3.15615,70,4023.387841
4.713787,63,4023.514407
3.143922,73,4023.660082
101.196592,89,4023.838874
102.334898,75,4023.996343
2.39614,60,4024.114163
4.668503,93,4024.303995
101.752328,89,4024.489993
0.446665,77,4024.65525
100.788483,47,4024.754356
102.311981,78,4024.918648
100.712165,94,4036.39033
101.351248,84,4036.556285
1.586183,60,4036.672396
4.337443,66,4036.800931
2.277167,81,4036.960542
2.704184,76,4037.116225
3.929805,62,4037.242331
1.658826,88,4037.427408
2.968257,63,4037.556023
3.123529,86,4037.727208
103.586902,65,4037.859379
5.197229,82,4038.042666
3.706607,64,4038.173783
1.306891,71,4038.312191
2.891312,105,4038.529849
3.187536,65,4038.665817
4.69427,75,4038.816111
100.779836,51,4038.919764
4.633022,64,4039.043857
100.683659,67,4039.172917
2.818957,73,4039.312865
2.716001,72,4039.456133
0.121241,79,4039.61286
100.813501,74,4039.755052
1.920557,69,4039.890128
2.616041,65,4040.035198
4.884247,62,4040.154229
1.503498,81,4040.315841
2.104994,84,4051.723721
100.890212,70,4051.863314
4.588204,119,4052.095153
2.468296,86,4052.275427
0.932501,76,4052.426733
3.229522,81,4052.5952
100.647361,83,4052.76934
104.35649,74,4052.921748
1.732043,77,4053.077255
101.462547,50,4053.17911
101.259678,109,4053.407364
5.45105,65,4053.538396
102.662806,48,4053.632154
101.022591,57,4053.741644
4.15376,76,4053.901612
2.009485,80,4054.065531
1.595461,77,4054.218166
4.187638,65,4054.347405
4.958154,64,4054.474409
1.835044,86,4054.647251
2.959725,87,4054.821798
3.325337,66,4054.955798
5.536696,67,4055.088383
1.473574,84,4055.25791
1.91879,61,4055.377043
2.089475,65,4055.508701
2.338853,69,4055.650193
3.137831,71,4066.998023
5.750937,63,4067.135966
2.746027,70,4067.297908
2.289234,81,4067.466388
4.822775,62,4067.602035
2.548647,82,4067.773929
4.453469,92,4067.955652
0.63831,78,4068.125965
1.539908,70,4068.26763
1.04839,95,4068.479838
102.303867,74,4068.634557
102.158191,68,4068.776334
1.646677,78,4068.927122
100.690032,29,4068.985739
-0.958317,168,4069.319322
103.287967,67,4069.455324
2.129858,99,4069.650837
4.010791,70,4069.787207
101.242593,71,4069.927249
2.419309,68,4070.059308
102.517687,59,4070.187014
2.158117,90,4070.362407
101.761117,99,4070.554873
5.266907,86,4070.723616
4.77279,96,4070.914493
102.661492,71,4071.064071
100.64863,37,4071.146615
3.212156,66,4082.658928
4.701461,80,4082.827552
3.741848,64,4082.956832
1.307772,104,4083.19019
100.665112,92,4083.380283
2.713755,67,4083.519704
2.2878,73,4083.668964
100.818488,103,4083.880266
3.582785,95,4084.075595
2.009795,76,4084.230907
2.358634,69,4084.369788
2.147318,71,4084.51921
102.53215,79,4084.683387
100.52896,69,4084.823053
3.755958,74,4084.96946
1.205364,70,4085.107387
3.788338,63,4085.233459
102.475336,63,4085.357465
1.7031,81,4085.518241
102.870235,66,4085.648355
0.802723,87,4085.820598
2.200784,68,4085.971512
100.880066,89,4086.147033
4.520118,65,4086.275097
1.540316,66,4086.407164
101.35925,121,4086.649801
0.749236,104,4098.12933
2.362474,78,4098.289202
4.237569,65,4098.425296
5.455141,83,4098.59583
3.657397,76,4098.751364
101.540141,67,4098.88853
102.965221,59,4099.011269
0.238708,119,4099.259921
0.865916,112,4099.491664
0.55878,66,4099.640604
102.070716,76,4099.798316
5.538046,62,4099.928586
0.261399,81,4100.096977
3.677361,66,4100.23061
104.959071,68,4100.367295
0.667439,80,4100.531186
1.467912,76,4100.689258
2.026928,85,4100.86109
1.423462,80,4101.018143
100.183456,19,4101.057086
1.856156,78,4101.211222
101.301542,75,4101.356897
1.362728,89,4101.534486
4.759518,63,4101.664097
5.777488,67,4101.798292
3.750638,76,4101.947486
2.58902,65,4102.077015
103.69655,52,4102.181626
3.909372,63,4113.513352
1.096531,102,4113.7202
3.706278,69,4113.874128
2.079422,72,4114.024729
3.802429,82,4114.191206
101.047395,86,4114.367803
2.613189,84,4114.542639
102.225253,67,4114.678778
4.335691,64,4114.810571
3.430379,72,4114.955388
3.175935,67,4115.087802
103.985824,58,4115.197792
1.235818,89,4115.374712
2.672587,65,4115.511443
3.64713,60,4115.638769
2.973878,62,4115.768583
1.50607,86,4115.954085
-0.473922,251,4116.47775
6.070422,67,4116.618779
101.345956,96,4116.816305
0.855108,62,4116.934332
3.307379,81,4117.096378
104.452311,59,4117.21398
105.522185,62,4117.350067
103.027306,65,4117.474187
5.160794,64,4128.883205
104.151725,58,4128.99814
3.844739,91,4129.176883
3.326177,84,4129.337618
3.826632,74,4129.491227
3.444653,70,4129.641331
100.153794,58,4129.758017
102.867681,64,4129.887498
2.952527,103,4130.094687
1.229937,75,4130.240402
2.01405,71,4130.380289
105.968079,76,4130.529101
101.363588,63,4130.653519
104.428264,73,4130.800843
100.848065,69,4130.936442
1.460971,75,4131.081824
1.862424,72,4131.222586
102.906637,65,4131.352612
1.255621,93,4131.539647
3.53958,69,4131.673102
2.679923,66,4131.804132
104.495058,62,4131.930052
1.833931,83,4132.099762
3.50701,62,4132.227353
2.155929,62,4132.354728
105.021974,70,4132.499815
101.78876,50,4132.601176
4.129408,67,4132.733381
0.983274,70,4132.872336
101.659539,38,4132.946416
2.906813,68,4144.32648
1.911133,71,4144.475891
0.327547,100,4144.693719
4.329352,67,4144.841169
2.810739,62,4144.969728
101.332456,68,4145.110502
104.450722,60,4145.235628
102.439781,73,4145.388861
2.099289,76,4145.544449
103.890843,70,4145.687942
100.381182,72,4145.834196
3.335033,67,4145.969494
0.629345,1000,4147.988191
103.419827,66,4148.118068
3.52377,97,4148.307342
3.738356,69,4159.766739
105.263535,63,4159.891404
1.053761,101,4160.101896
1.506611,70,4160.235684
3.034685,76,4160.386169
1.574652,94,4160.567293
103.605339,71,4160.70526
3.719745,66,4160.83105
4.136089,73,4160.973186
4.916175,68,4161.113827
101.026318,114,4161.340043
2.464315,85,4161.513383
101.691438,122,4161.754737
-1.319942,106,4161.970314
102.189589,74,4162.115746
4.93836,63,4162.237549
100.416614,28,4162.297307
0.332597,92,4162.477196
3.100076,69,4162.618048
4.567266,67,4162.754318
101.94177,73,4162.899794
101.02182,94,4163.088892
0.463156,80,4163.247329
4.748212,71,4163.389826
4.569071,78,4163.547525
4.454736,97,4163.754643
3.693432,62,4175.142984
2.064732,60,4175.269947
102.369334,64,4175.399821
3.355578,77,4175.558094
3.97655,76,4175.715621
105.291407,69,4175.85782
3.623557,61,4175.97731
1.392848,80,4176.134481
5.430208,67,4176.266429
4.4876,64,4176.390959
1.208645,85,4176.558547
4.134119,76,4176.716033
100.822728,54,4176.829372
2.125566,71,4176.970776
101.73779,72,4177.113885
100.789292,85,4177.281161
103.967764,69,4177.419655
4.397355,70,4177.557393
102.403604,52,4177.661238
3.306269,76,4177.810514
101.872215,83,4177.978025
101.515888,43,4178.065996
101.06804,80,4178.230096
2.960663,60,4178.354096
5.994604,68,4178.495433
0.067741,86,4178.673499
101.868139,63,4178.803658
101.835808,71,4178.946305
100.905628,63,4179.071404
1.343818,77,4190.508456
3.254525,67,4190.645833
102.001333,62,4190.773078
2.385066,65,4190.920732
1.918321,70,4191.060049
4.033453,69,4191.198564
5.286755,71,4191.33856
103.197837,71,4191.478859
4.241237,63,4191.604233
2.689378,84,4191.770737
5.874578,73,4191.91488
3.192929,67,4192.054737
3.538524,78,4192.214411
105.89521,65,4192.361383
-0.405259,95,4192.556011
5.214643,65,4192.692849
103.703138,53,4192.801175
101.09907,66,4192.928763
101.974491,57,4193.041818
102.404069,71,4193.18294
3.015247,69,4193.319271
101.464654,78,4193.472287
1.883893,78,4193.627616
5.043918,66,4193.761369
4.62924,85,4193.927188
101.184897,51,4194.026525
1.429799,71,4194.166137
2.422799,68,4194.29811
2.473205,67,4194.426136
2.647042,68,4194.559838
4.478972,75,4206.00278
1.91372,63,4206.13444
4.143137,69,4206.281825
101.250526,85,4206.455625
102.165931,62,4206.582415
104.522458,56,4206.696087
1.64699,74,4206.843263
101.113527,84,4207.01648
3.687182,61,4207.151201
104.616411,68,4207.306484
0.885322,89,4207.492616
104.094395,57,4207.612562
1.331777,95,4207.808815
2.986789,68,4207.948723
2.708471,73,4208.100493
3.076002,71,4208.247203
1.04628,62,4208.375193
105.48474,63,4208.513642
101.504604,153,4208.840011
101.786301,65,4208.975761
-1.796605,133,4209.249147
0.981502,91,4209.435223
4.567339,65,4209.573705
101.214065,39,4209.651235
-1.897245,252,4221.376332
2.220979,72,4221.524018
1.918358,75,4221.680569
4.046198,65,4221.811943
2.197343,86,4221.99309
105.252948,59,4222.114622
5.410379,73,4222.266121
3.641483,79,4222.431236
5.04642,89,4222.613988
3.235312,70,4222.759945
2.429079,89,4222.934553
100.56332,63,4223.074237
4.045012,63,4223.200365
-1.320606,94,4223.383844
2.089626,97,4223.577688
101.113093,76,4223.728668
103.952662,68,4223.862335
104.589657,65,4223.995547
104.782933,66,4224.127504
5.900128,65,4224.25597
4.726004,67,4224.384507
0.888789,64,4224.514939
1.954346,85,4224.684834
104.054238,56,4224.792844
2.445472,71,4224.932264
-0.329879,88,4225.108202
1.617472,70,4225.247353
3.708965,71,4225.389167
4.350778,70,4236.795488
1.998567,70,4236.932112
4.795361,66,4237.063444
3.032514,63,4237.184945
2.909457,75,4237.342376
2.430199,84,4237.502349
1.880513,71,4237.638939
104.726082,73,4237.779578
0.910376,77,4237.933824
0.567144,114,4238.156194
2.611349,70,4238.294801
3.978456,68,4238.428384
-2.032948,414,4239.238219
101.226891,73,4239.379459
100.733722,80,4239.534811
3.194757,66,4239.663715
102.863092,67,4239.80316
101.311191,183,4240.164572
4.166741,67,4240.296556
104.587073,67,4240.429214
4.94255,96,4240.618671
5.477954,66,4240.750627
1.314013,91,4252.192145
5.067147,82,4252.36092
2.177525,73,4252.510597
3.375986,63,4252.658026
3.755538,80,4252.825816
103.216738,65,4252.971467
3.625378,90,4253.157437
101.077319,50,4253.265389
4.564411,62,4253.392642
101.687297,39,4253.473022
3.870417,90,4253.650625
4.841384,75,4253.797989
3.850266,74,4253.941373
103.071875,69,4254.081741
104.442113,74,4254.233596
3.26722,74,4254.386252
101.598912,65,4254.522474
4.355192,65,4254.653788
-0.407641,1000,4267.879569
1.439882,83,4268.042466
103.219292,69,4268.176846
2.579627,71,4268.32167
1.745603,61,4268.450207
102.064042,79,4268.619597
101.707456,47,4268.714708
2.778234,92,4268.896702
100.399806,395,4269.696335
3.679261,76,4269.844774
-0.19059,91,4270.018984
101.332483,45,4270.106101
3.396793,69,4270.243083
1.628137,69,4270.378642
4.769171,66,4270.507363
105.205205,63,4270.634812
3.777246,74,4270.777263
2.606934,94,4270.963323
101.556158,109,4271.175513
4.876138,70,4271.313223
100.897807,60,4271.431135
1.68231,72,4282.816039
4.60017,87,4282.986032
3.830436,72,4283.148546
3.470102,62,4283.27688
101.266209,58,4283.400161
3.923571,69,4283.542829
4.035808,86,4283.720948
101.260378,69,4283.869814
2.406847,71,4284.015105
4.004875,75,4284.171056
4.577712,65,4284.308233
3.044972,61,4284.442786
2.603403,62,4284.569907
4.996078,70,4284.717503
-0.118123,84,4284.889668
4.199263,60,4285.007864
101.509367,72,4285.150607
102.639103,51,4285.254745
1.361528,94,4285.441442
3.119666,76,4285.590612
3.198087,79,4285.749029
-0.065992,1000,4299.170218
1.321566,97,4299.355646
100.634119,70,4299.491384
101.655425,58,4299.604241
1.978697,73,4299.745805
4.061763,71,4299.885427
101.820992,67,4300.03017
100.420839,43,4300.118497
0.220381,1000,4302.143776
4.8521,79,4302.30686
3.431832,66,4302.443907
2.550377,80,4313.915391
-1.933264,227,4314.374848
-0.654187,100,4314.572559
2.33026,79,4314.723011
105.274229,66,4314.855458
105.886043,65,4314.98742
2.440157,73,4315.131758
-0.321371,280,4315.686596
3.61385,66,4315.820262
2.097919,76,4315.982097
1.64929,73,4316.132918
2.659988,62,4316.262857
-0.465039,80,4316.429193
0.466226,85,4316.600977
101.200381,85,4316.768675
102.072837,68,4316.903894
4.654366,60,4317.024539
0.988387,85,4317.192984
4.969833,69,4317.331607
2.121572,76,4317.489287
1.016914,93,4317.675041
4.374531,78,4317.824157
0.3016,136,4329.276846
2.894127,71,4329.425647
100.837939,65,4329.558125
102.811683,69,4329.700859
4.137022,66,4329.834594
3.943462,67,4329.964336
101.15105,95,4330.151632
103.02003,55,4330.262585
2.601341,87,4330.434154
101.326607,94,4330.618037
102.643896,74,4330.780915
103.616205,59,4330.899738
101.428501,55,4331.007043
2.763977,59,4331.120687
100.445443,75,4331.267617
101.08095,68,4331.40056
3.309773,66,4331.534643
103.502472,63,4331.661824
4.587125,74,4331.812675
102.639838,58,4331.929195
4.222926,76,4332.099906
5.375593,74,4332.256612
101.463767,113,4332.487054
103.511156,72,4332.63732
-0.831018,91,4332.826738
3.764548,73,4332.969319
101.622933,48,4333.06233
2.948939,66,4333.193545
0.478622,1000,4346.531203
103.655834,66,4346.6603
4.774591,73,4346.814355
102.198483,45,4346.908763
4.061481,81,4347.07593
102.446389,69,4347.215161
2.971431,84,4347.387456
3.085067,70,4347.532308
101.433926,85,4347.7038
1.40393,82,4347.871599
101.356178,106,4348.090657
100.79189,89,4348.268298
101.295614,124,4348.518791
0.320677,99,4348.724047
0.932947,83,4360.113537
102.062009,76,4360.260262
102.024518,57,4360.368927
3.669121,60,4360.48696
5.114304,68,4360.620975
101.616565,80,4360.779049
0.570711,99,4360.976138
2.219367,75,4361.136189
3.332629,81,4361.302674
2.055492,84,4361.467764
104.950485,64,4361.594994
2.354409,93,4361.785586
1.058244,100,4361.985888
100.50836,67,4362.117426
0.613731,77,4362.269405
0.560039,76,4362.416486
104.311005,59,4362.532353
2.917326,81,4362.693241
2.314248,98,4362.887221
3.603669,69,4363.023065
4.08481,69,4363.159186
0.851924,93,4363.34803
5.631539,78,4363.505906
102.382552,68,4363.641372
4.833328,67,4363.774806
2.817637,59,4363.891886
4.815357,82,4375.244691
0.658684,87,4375.417274
101.030655,198,4375.824576
100.952239,139,4376.098659
0.440915,96,4376.294177
100.88353,122,4376.534235
100.995396,110,4376.751592
103.327225,71,4376.887505
100.873553,88,4377.063001
4.89432,71,4377.204331
1.893471,70,4377.344295
102.029646,65,4377.472526
-0.583892,90,4377.65204
1.563384,98,4377.854241
4.346482,72,4377.999365
1.489038,82,4378.162281
3.827699,98,4378.363396
4.011959,100,4378.564528
102.826974,72,4378.714119
101.835391,49,4378.814004
-0.759647,78,4378.968407
102.539771,59,4379.086192
0.688818,72,4379.231148
101.288576,81,4390.589158
3.892014,74,4390.735094
1.28416,66,4390.865953
105.581096,71,4391.00258
2.138694,87,4391.177735
102.318362,81,4391.336917
4.318057,88,4391.510777
5.524754,75,4391.66351
3.595202,62,4391.796148
100.610633,69,4391.936245
2.383917,71,4392.079988
3.896192,95,4392.264986
1.907406,90,4392.443267
2.05659,99,4392.644279
3.368171,98,4392.836322
101.692503,57,4392.950762
101.636837,100,4393.150899
2.493165,67,4393.279161
0.142328,327,4393.928495
1.549844,70,4394.067936
2.56538,65,4394.194156
100.999607,81,4394.349848
102.595943,62,4394.475745
2.778029,95,4405.953913
-2.008536,155,4406.26394
3.347332,69,4406.411947
2.7782,204,4406.811517
100.757707,75,4406.958477
5.058736,78,4407.116696
3.638427,140,4407.39186
4.715509,65,4407.521169
5.175231,73,4407.671177
104.625714,68,4407.807279
2.526038,84,4407.975775
3.050105,78,4408.131513
1.19489,92,4408.307118
103.684887,59,4408.423342
4.330239,62,4408.552385
1.181419,969,4421.693211
5.096394,71,4421.835497
1.330992,72,4421.972585
101.586319,56,4422.084422
2.976803,73,4422.229479
2.828141,65,4422.358744
5.145518,82,4422.519809
5.130059,89,4422.693655
101.177282,51,4422.7933
0.820826,179,4423.145301
4.119034,88,4423.322544
0.447555,69,4423.458294
1.65064,91,4423.635417
103.497589,61,4423.767762
101.171539,42,4423.853205
2.820066,67,4423.98796
100.697882,27,4424.042497
101.718376,76,4424.191133
1.5064,61,4424.312176
100.807603,95,4424.502581
3.414206,65,4424.628814
1.762053,79,4424.784513
100.713322,62,4424.90674
1.922264,76,4425.055611
3.415433,77,4425.216803
1.744321,75,4436.617587
103.135942,70,4436.756331
2.207763,84,4436.919266
2.264776,75,4437.06911
2.731432,69,4437.204557
100.39003,20,4437.246486
2.924891,78,4437.399981
5.895417,74,4437.558822
3.147622,90,4437.735992
2.523508,66,4437.863489
104.99131,70,4438.015158
101.426279,84,4438.180564
1.902357,82,4438.336223
103.84747,73,4438.479975
102.690189,70,4438.615364
101.358166,65,4438.748506
3.321251,77,4438.900708
3.321187,62,4439.023124
103.102728,69,4439.157809
4.498488,87,4439.32727
-0.365208,92,4439.50475
100.933217,107,4439.724355
0.689768,83,4439.886838
5.944703,70,4440.024493
101.305838,49,4440.12074
101.39803,64,4440.245402
4.148012,68,4440.379892
4.246683,76,4440.527289
100.333224,44,4451.822918
104.850098,66,4451.966269
1.638823,76,4452.120515
103.509039,58,4452.234595
3.125134,99,4452.442524
4.05622,75,4452.589309
102.281068,65,4452.716795
2.992254,90,4452.897124
4.393899,73,4453.048718
105.024324,60,4453.168747
4.211315,60,4453.290902
104.031296,67,4453.420912
-0.668885,139,4453.69784
4.900428,64,4453.822881
100.984733,99,4454.015955
0.897329,95,4454.203736
4.316378,84,4454.366928
3.660277,74,4454.51216
3.517137,103,4454.715311
0.761666,111,4454.930748
2.12626,86,4455.098813
105.408859,68,4455.230953
3.611335,76,4455.376778
102.207832,61,4455.495568
2.260893,92,4455.675762
105.436274,65,4455.803255
-0.2289,88,4467.1568
2.820724,67,4467.290512
101.443104,75,4467.437541
104.170966,66,4467.578977
101.613593,56,4467.692576
4.082964,65,4467.818461
2.258343,65,4467.945401
101.453879,55,4468.05527
101.133517,76,4468.20698
100.847444,72,4468.348174
101.660759,75,4468.497545
0.626924,97,4468.692019
2.641029,68,4468.825288
0.217536,114,4469.047624
101.464689,66,4469.1782
105.383776,67,4469.310535
0.968536,63,4469.434648
4.606519,65,4469.56249
101.634646,84,4469.730998
2.800657,93,4469.910659
0.097588,97,4470.101147
3.602534,81,4470.262877
100.727244,65,4470.392766
1.385316,72,4470.535015
102.963645,64,4470.657951
0.506295,84,4470.825342
2.700041,62,4470.94587
3.245451,84,4482.384696
4.461853,90,4482.569657
1.988535,141,4482.855357
101.187844,74,4482.998174
-0.255019,87,4483.168374
4.60893,83,4483.335174
4.965402,72,4483.475498
0.972927,65,4483.606787
103.162595,66,4483.736653
101.060423,52,4483.848163
104.282086,60,4483.962413
4.690809,63,4484.088013
3.214373,71,4484.231053
3.997275,69,4484.367843
1.929634,63,4484.491753
102.031945,67,4484.625654
104.308131,58,4484.744216
3.641044,95,4484.93775
3.777158,69,4485.076226
100.963002,51,4485.176957
101.145627,81,4485.349832
101.34307,80,4485.519821
4.587082,86,4485.696797
103.254772,63,4485.822624
4.123613,93,4486.016903
1.481708,86,4486.195041
2.362506,69,4486.33986
2.993652,70,4486.490179
0.920488,1000,4499.693347
102.369911,52,4499.79184
-0.118691,81,4499.949696
100.717023,116,4500.171989
2.020686,60,4500.289357
1.289559,77,4500.439083
4.486162,60,4500.555563
3.60803,89,4500.73996
4.627028,63,4500.872452
1.330473,87,4501.055676
2.654105,61,4501.182637
3.851082,74,4501.342593
1.786362,86,4501.522775
-0.446783,101,4501.73173
102.091786,81,4513.2614
4.219974,66,4513.393758
102.029742,68,4513.53255
1.316307,90,4513.724041
101.601683,82,4513.896488
-1.95413,126,4514.152704
0.582666,111,4514.39476
2.721703,59,4514.51809
104.904978,60,4514.641646
3.330818,65,4514.786186
4.541633,108,4515.014546
102.144224,60,4515.139115
4.040591,71,4515.282644
100.572232,65,4515.41871
100.490446,76,4515.576137
4.096686,62,4515.706446
100.131808,328,4516.384997
103.880669,72,4516.530753
4.593477,64,4516.657094
103.274265,52,4516.760436
100.479903,74,4516.910809
101.397833,48,4517.00359
3.02877,75,4517.150593
3.922095,79,4517.304124
101.565624,66,4528.789484
101.775433,65,4528.924565
1.2696,124,4529.203085
4.312899,62,4529.337653
2.956915,84,4529.505944
4.046248,84,4529.68062
101.757637,38,4529.761513
1.312218,70,4529.906187
1.124522,70,4530.045807
101.817109,74,4530.18926
-1.143768,209,4530.604782
4.659663,66,4530.733012
2.214542,69,4530.869016
101.319402,77,4531.021044
3.970992,99,4531.216641
4.064515,70,4531.352718
4.277012,61,4531.47285
2.908698,82,4531.636513
103.923954,65,4531.76253
101.013165,47,4531.851848
1.068486,78,4532.008054
101.836445,55,4532.123379
100.806417,92,4532.313554
1.966909,77,4532.47138
100.926415,76,4532.624723
4.309824,60,4532.748492
2.549072,68,4532.886708
103.910946,74,4544.378565
3.632148,61,4544.510138
2.651752,58,4544.628259
2.344348,63,4544.756481
4.09907,63,4544.885921
5.621541,76,4545.039251
4.528484,68,4545.178239
5.53397,81,4545.340232
4.015212,88,4545.512739
4.140894,83,4545.67537
5.078672,76,4545.826657
2.739686,79,4545.982448
3.395379,72,4546.121979
4.372225,66,4546.255957
4.455742,101,4546.467952
1.090514,103,4546.675403
1.40976,96,4546.860149
3.792019,79,4547.024788
4.520219,63,4547.147579
4.88044,60,4547.267613
1.336178,86,4547.443359
2.171703,68,4547.582505
102.513834,56,4547.70147
-0.218674,119,4547.936358
4.794632,63,4548.064361
104.851229,66,4548.200104
101.149903,60,4548.317342
3.840558,63,4559.625714
1.753722,89,4559.808183
101.679468,98,4559.998865
1.521553,78,4560.154311
2.860182,61,4560.27632
1.755555,91,4560.455467
0.331919,75,4560.637138
3.441253,70,4560.778188
4.172536,68,4560.91125
4.062796,98,4561.106407
3.927635,66,4561.23855
3.768413,65,4561.369995
3.069807,72,4561.512826
3.204663,69,4561.648364
101.331755,85,4561.812846
4.343859,89,4561.986008
1.288318,88,4562.160539
102.304618,67,4562.29558
2.86629,87,4562.46303
4.473953,66,4562.595555
102.446045,68,4562.733714
104.41254,57,4562.845298
4.920825,60,4562.964207
3.47523,78,4563.117365
3.427755,63,4563.240425
1.510855,74,4563.384646
0.679052,102,4563.586502
1.882809,86,4574.942133
1.351844,70,4575.094613
4.909987,62,4575.217238
2.383613,60,4575.337103
102.997167,48,4575.432403
105.394656,66,4575.568825
101.527275,76,4575.718057
100.960495,88,4575.892791
2.242741,82,4576.054582
4.20959,61,4576.176982
2.834757,83,4576.341771
1.602366,62,4576.467727
3.38832,75,4576.615241
102.814681,58,4576.731428
0.912522,76,4576.880305
1.913771,77,4577.029898
1.712227,81,4577.194258
0.928634,98,4577.388203
1.955578,70,4577.528069
1.23912,89,4577.700967
0.564788,108,4577.912073
3.686714,62,4578.035736
2.099811,62,4578.159669
2.503439,61,4578.28128
1.10575,101,4578.4806
1.137263,83,4578.645809
1.957813,100,4578.843752
1.208433,66,4590.225974
2.199538,122,4590.468216
3.4271,94,4590.65427
103.154971,59,4590.775116
101.220552,87,4590.95004
2.208633,62,4591.079099
2.188599,69,4591.216288
5.857985,72,4591.360699
0.033171,97,4591.55708
0.575615,126,4591.816065
101.822787,63,4591.943076
4.130645,67,4592.078483
0.742538,78,4592.230593
4.696475,63,4592.353817
101.025166,73,4592.497684
4.699527,76,4592.645158
101.461383,66,4592.77557
4.313904,60,4592.892717
-0.225934,83,4593.053078
4.203066,77,4593.203794
2.481213,73,4593.348212
2.056364,76,4593.498361
3.50403,82,4593.659393
0.189806,76,4593.816324
1.599188,61,4593.938179
3.741181,73,4594.078738
102.904789,53,4594.184365
3.533078,74,4605.560885
4.648163,60,4605.68247
4.470815,62,4605.818658
101.131291,80,4605.975519
3.981545,72,4606.120264
1.611725,74,4606.269954
3.025998,76,4606.419548
3.052959,70,4606.559563
3.67221,67,4606.698778
3.803398,77,4606.849473
101.498075,56,4606.962328
4.689862,67,4607.094132
0.423991,102,4607.291733
0.35115,1000,4609.280068
-0.485878,145,4609.56524
1.644539,81,4620.9192
104.648488,63,4621.042482
2.560614,96,4621.231336
3.728663,62,4621.356292
101.670813,67,4621.488656
3.016839,69,4621.624297
1.666174,88,4621.80532
2.674656,76,4621.956819
1.927908,73,4622.098015
103.382553,61,4622.214413
100.790801,71,4622.372626
3.995697,85,4622.540775
4.776711,66,4622.668968
4.301355,84,4622.831361
1.628199,68,4622.965504
101.661008,76,4623.11593
101.757595,67,4623.24942
101.594375,61,4623.37286
101.969539,103,4623.570835
100.875957,67,4623.703068
2.066317,62,4623.828055
4.600354,69,4623.970149
1.139531,71,4624.11184
3.499893,67,4624.246398
3.122103,72,4624.39139
1.51034,68,4624.524115
3.565562,61,4624.642501
3.186057,76,4624.79625
1.426963,81,4636.125082
101.672469,71,4636.271713
1.969764,69,4636.416491
4.402724,70,4636.559796
2.878327,65,4636.684962
0.65418,100,4636.884697
1.961378,76,4637.032178
5.670518,79,4637.189789
3.929602,76,4637.342951
104.311018,59,4637.461536
2.638192,80,4637.621073
102.588097,67,4637.753114
3.738629,73,4637.899766
2.16424,69,4638.039895
-2.039962,664,4639.36304
3.834011,104,4639.566064
102.193364,66,4639.699166
0.719517,85,4639.865882
4.049254,88,4640.045907
100.704412,68,4651.460807
5.260074,90,4651.639772
5.104895,76,4651.789729
0.911579,78,4651.941225
101.13708,59,4652.059721
4.844807,74,4652.208325
3.048171,64,4652.339506
4.900491,62,4652.462385
1.433194,75,4652.611831
103.530208,69,4652.748011
2.401495,98,4652.958462
102.275067,72,4653.102932
100.624021,71,4653.245931
3.203202,73,4653.387565
0.424121,82,4653.548177
102.172078,64,4653.676339
101.8434,74,4653.823563
105.613729,64,4653.955419
1.207162,68,4654.093827
2.66789,63,4654.218854
2.423573,75,4654.368795
103.331677,65,4654.497309
1.083611,72,4654.643234
2.424457,75,4654.794099
1.120123,84,4654.960535
4.789182,67,4655.09266
1.242067,85,4655.277077
1.181728,71,4655.417589
4.308909,73,4666.741476
3.572232,92,4666.932786
3.274043,69,4667.070743
2.488078,62,4667.189234
102.696965,61,4667.324502
3.394639,91,4667.505615
1.474619,82,4667.665157
100.625533,58,4667.784393
100.292678,53,4667.888252
3.266909,62,4668.012669
-0.330683,978,4670.070203
105.134666,72,4670.212819
103.277412,50,4670.311087
3.562873,70,4670.4452
3.361341,67,4670.57401
3.60351,65,4670.700967
2.853073,76,4670.85182
5.509639,66,4682.187993
0.435904,92,4682.368249
4.752771,65,4682.496119
2.473717,68,4682.64503
2.033751,67,4682.78302
2.680956,60,4682.910178
0.315801,226,4683.378718
101.423536,77,4683.539034
2.428194,67,4683.675919
101.909333,126,4683.934306
0.422102,83,4684.108881
4.212956,96,4684.308059
3.835355,78,4684.469048
4.970307,73,4684.621748
2.130099,101,4684.830454
100.95496,36,4684.901965
105.026858,64,4685.029109
3.358514,72,4685.169362
100.564833,22,4685.214214
100.711505,56,4685.320499
2.939256,88,4685.496697
3.311683,80,4685.673449
4.054417,65,4685.802347
1.249108,82,4685.961697
1.427937,69,4686.095596
0.522324,107,4697.500966
100.825737,93,4697.70707
101.244656,180,4698.063206
2.063196,65,4698.190867
0.865607,107,4698.40338
102.119398,45,4698.502966
1.119764,102,4698.705924
101.057207,95,4698.894493
1.303387,87,4699.074782
4.205045,62,4699.197427
4.428247,96,4699.387891
2.523559,60,4699.507877
1.977466,76,4699.6594
1.015508,96,4699.848108
105.986157,68,4699.977038
3.925051,70,4700.117598
0.077605,104,4700.322085
100.700121,80,4700.47795
3.089631,95,4700.675597
2.595226,78,4700.830418
1.90073,124,4701.07015
103.81889,67,4701.199317
4.282438,83,4701.368504
3.245189,65,4701.495608
101.749871,79,4712.831703
100.888159,81,4712.998349
2.789635,65,4713.127402
2.79595,89,4713.303735
100.789309,48,4713.396195
100.489705,248,4713.886787
3.135468,72,4714.029996
2.422574,67,4714.161335
2.533232,71,4714.300217
0.657654,68,4714.450636
3.929208,65,4714.578338
0.600357,125,4714.825558
5.366975,68,4714.957539
4.512962,150,4715.255016
0.3261,79,4715.419922
104.470098,61,4715.543718
102.874865,53,4715.648899
4.438241,81,4715.806935
0.577264,67,4715.937166
-0.40462,133,4716.200784
3.145671,68,4716.339196
1.362428,76,4716.492699
100.908322,88,4716.664565
1.029276,79,4727.991044
103.31729,72,4728.138195
1.161423,93,4728.320935
0.390887,128,4728.587707
3.938732,88,4728.777492
1.776577,72,4728.974301
102.794129,59,4729.134521
3.881113,74,4729.281325
3.262118,72,4729.419363
1.384614,101,4729.622118
4.191388,65,4729.749781
1.159828,78,4729.907741
106.156083,68,4730.04124
5.779507,72,4730.185435
100.427137,74,4730.330692
4.07745,66,4730.463284
1.996396,87,4730.656182
3.351759,67,4730.790926
1.408224,117,4731.024021
3.192771,63,4731.145925
100.808436,82,4731.311212
103.902781,73,4731.456387
1.90318,77,4731.615185
3.150359,61,4731.732871
2.518146,58,4731.847336
1.397983,68,4731.983031
4.508855,87,4732.164447
101.277029,68,4743.492812
103.063524,59,4743.612466
4.341111,69,4743.760257
4.582435,80,4743.918122
104.161049,68,4744.055423
1.014407,62,4744.17395
102.268255,67,4744.306486
0.095901,79,4744.470998
2.073408,64,4744.599919
1.51175,152,4744.899124
5.108077,62,4745.024653
2.070115,84,4745.190153
100.666749,26,4745.240476
100.521699,75,4745.387248
100.989312,95,4745.57339
100.75124,86,4745.744342
4.111776,74,4745.888163
106.165801,66,4746.018379
2.407573,83,4746.181355
101.559604,70,4746.320534
101.625433,93,4746.509777
2.858394,67,4746.642539
100.335481,47,4746.734861
2.293501,73,4746.876315
2.632268,73,4747.020276
101.656817,50,4747.119905
4.020877,65,4747.248142
4.257889,69,4747.387585
3.335151,82,4758.837533
3.129428,61,4758.95682
3.991506,81,4759.115139
103.608325,71,4759.254918
4.24154,65,4759.381156
101.210624,69,4759.516912
0.340848,106,4759.728615
100.476558,57,4759.84669
2.35535,60,4759.966315
0.889753,232,4760.425673
-0.298598,300,4761.013152
4.286404,61,4761.137184
101.941912,70,4761.275057
2.598994,88,4761.452588
1.874662,73,4761.598429
102.550042,47,4761.691564
5.274151,66,4761.820502
103.290836,58,4761.936102
1.507721,92,4762.114351
101.080239,77,4762.265092
4.811885,78,4762.420374
102.464171,50,4762.516156
4.555122,65,4762.645717
0.948968,1000,4775.884028
2.516604,71,4776.024181
4.484947,76,4776.177928
5.244451,74,4776.323944
3.310593,60,4776.441823
1.952189,83,4776.603008
104.812545,75,4776.750777
101.038034,93,4776.936767
4.383383,74,4777.084198
2.220631,71,4777.227867
0.058719,137,4777.507719
106.052758,70,4777.646848
0.488566,92,4777.828366
4.185864,63,4777.952036
0.916135,116,4789.457661
4.765255,72,4789.601322
105.713271,66,4789.733454
103.94419,72,4789.879336
1.122842,75,4790.035105
3.849496,80,4790.195786
2.462735,74,4790.34974
1.151953,67,4790.487745
2.990474,64,4790.613322
0.026819,116,4790.848295
101.043412,35,4790.915789
3.519802,70,4791.070958
101.960524,107,4791.284028
2.506747,69,4791.418564
2.613309,91,4791.599395
101.389298,69,4791.736102
3.16474,69,4791.874929
102.058165,72,4792.016804
2.433595,69,4792.15335
2.232081,86,4792.321521
3.769494,64,4792.447188
104.093365,73,4792.592741
1.436799,74,4792.738255
101.000902,70,4792.875847
105.453372,65,4793.015837
104.946745,72,4793.177611
-0.821068,65,4793.308609
2.262826,86,4793.482853
1.355099,96,4804.836566
5.617965,65,4804.963555
2.715926,58,4805.080026
0.851228,75,4805.225414
3.476516,82,4805.402619
0.134405,93,4805.59107
2.163255,74,4805.737094
4.513196,67,4805.870066
101.754574,47,4805.964478
5.176098,78,4806.117279
1.51669,119,4806.361361
1.839665,98,4806.55602
100.642046,63,4806.680567
1.504063,74,4806.828959
1.380683,94,4807.005944
3.947574,95,4807.189239
0.961762,95,4807.375107
3.9483,65,4807.502321
104.624901,67,4807.635108
4.387852,68,4807.772002
2.429538,72,4807.911529
2.313196,70,4808.048554
102.540429,62,4808.169954
1.428928,69,4808.306138
1.867446,72,4808.451085
101.201535,81,4808.61255
5.395995,62,4808.736574
101.866837,54,4820.123963
1.636946,84,4820.293009
0.297367,84,4820.482737
103.976194,53,4820.597864
5.650764,67,4820.737924
3.899144,67,4820.870787
2.70632,60,4820.986457
4.587991,65,4821.116741
3.66512,66,4821.247665
5.043302,69,4821.383067
104.995684,65,4821.512833
0.977288,85,4821.68372
2.789125,61,4821.801733
4.149955,82,4821.964003
3.862848,70,4822.101659
101.46384,55,4822.213575
4.818679,98,4822.402752
1.470576,75,4822.548456
1.690171,73,4822.692391
0.697383,76,4822.839409
0.11451,1000,4836.104647
3.594566,62,4836.229528
104.594064,58,4836.342063
2.252446,73,4836.48733
101.806891,109,4836.695904
2.266935,94,4836.88191
2.076648,62,4837.00672
3.824353,82,4837.168803
101.133352,59,4837.282597
4.358115,77,4837.43125
3.127285,73,4837.573799
104.846104,62,4837.696771
5.591609,70,4837.837209
100.342212,90,4838.014564
3.848766,90,4838.18979
100.265501,307,4838.799213
4.001048,104,4839.005699
0.656246,74,4839.155696
100.611963,85,4839.326074
1.871377,68,4850.655396
2.829934,76,4850.805794
102.170571,63,4850.93174
3.046777,67,4851.088334
1.927978,73,4851.233308
5.38376,64,4851.360677
1.030188,91,4851.541669
4.455427,70,4851.679608
0.440776,1000,4853.640297
2.34238,70,4853.778446
4.24928,100,4853.975754
100.762351,61,4854.097309
2.648487,70,4854.233965
3.298875,85,4854.400723
3.505329,75,4854.550318
0.943207,76,4865.860793
5.768589,70,4866.000795
0.811484,86,4866.191814
103.779358,72,4866.338444
2.404477,84,4866.507425
2.642299,64,4866.63663
3.398305,65,4866.765073
2.013551,91,4866.947685
3.189605,84,4867.111765
4.346118,62,4867.235945
5.684821,76,4867.389823
2.19654,81,4867.552039
2.105687,85,4867.721967
0.623814,77,4867.871677
1.691895,87,4868.042217
103.339033,66,4868.168731
-1.91178,176,4868.520352
103.287662,56,4868.627948
5.230519,70,4868.764616
3.824701,106,4868.979654
1.152264,77,4869.133543
1.618962,77,4869.286134
100.641724,72,4869.430994
1.67787,104,4869.633667
101.260781,77,4869.785659
2.680964,90,4881.184703
1.748684,95,4881.366625
3.661202,83,4881.53656
4.819367,70,4881.67913
0.107054,135,4881.945999
0.300331,95,4882.126819
1.608425,88,4882.302583
100.723904,61,4882.427618
4.406409,74,4882.572608
2.8193,75,4882.721361
4.34232,61,4882.861403
102.912253,72,4883.003133
100.867786,67,4883.137283
0.497639,112,4883.358593
0.394237,109,4883.58027
103.597745,61,4883.702025
4.912542,85,4883.870149
0.608915,75,4884.018584
3.914095,68,4884.155298
103.871768,59,4884.270179
2.386113,82,4884.429777
4.790413,64,4884.557357
1.493637,72,4884.703603
5.023647,83,4884.869215
1.741268,66,4885.002534
-0.503635,90,4885.181703
4.096695,67,4896.605848
100.913514,77,4896.757928
2.08576,72,4896.90092
1.736298,78,4897.053574
3.558256,70,4897.206078
-0.046433,101,4897.396067
5.759908,66,4897.523896
3.152543,61,4897.643037
1.220116,76,4897.791161
3.382493,67,4897.918638
3.121506,73,4898.058933
-0.773569,78,4898.212672
3.045702,59,4898.329532
3.116705,69,4898.463714
6.013173,64,4898.586716
1.886509,80,4898.745828
3.353219,71,4898.885287
3.773915,65,4899.011003
-2.124988,384,4899.764028
3.525437,65,4899.893697
2.885207,66,4900.02166
104.740323,67,4900.153039
3.665016,72,4900.293971
1.991634,72,4900.435046
101.396941,78,4911.937501
3.589396,71,4912.076828
4.155533,69,4912.210567
-0.10461,150,4912.504461
104.918799,67,4912.634964
2.254761,80,4912.793858
104.545739,61,4912.912796
2.910017,75,4913.095243
3.560361,81,4913.256539
3.192246,79,4913.414538
2.584597,68,4913.547899
4.592579,158,4913.860851
3.817725,65,4913.992288
1.451828,79,4914.148643
1.473581,72,4914.290308
3.188925,89,4914.467297
101.544747,68,4914.610521
-0.210193,128,4914.863808
3.985053,69,4915.001137
4.283299,60,4915.118902
1.922602,101,4915.323834
101.037904,33,4915.387655
2.185269,69,4915.524104
0.928923,78,4915.680445
2.767134,70,4915.820291
2.193408,131,4927.263437
5.391058,83,4927.430353
0.58251,105,4927.637575
0.897539,99,4927.846038
2.99817,66,4927.97456
3.271656,61,4928.094324
4.240352,77,4928.256886
105.878516,66,4928.384043
2.204768,69,4928.519367
103.715995,55,4928.62996
3.595677,75,4928.777866
3.771774,110,4929.002376
3.264112,66,4929.132688
101.524596,77,4929.28553
5.049268,86,4929.45323
4.412124,63,4929.580011
0.238976,124,4929.826993
4.610181,79,4929.985847
103.030511,73,4930.127951
2.460462,83,4930.28906
1.218272,72,4930.428535
1.431803,70,4930.56489
1.982576,86,4930.753941
0.940225,82,4930.923532
3.821132,63,4931.046603
5.450428,66,4931.173492
3.365007,97,4942.537482
5.666595,62,4942.65796
2.523823,70,4942.795921
0.339595,106,4943.016562
101.384447,79,4943.16952
1.171478,71,4943.306497
1.405145,83,4943.466921
3.130336,83,4943.63594
1.782057,66,4943.763788
100.65167,80,4943.919142
4.156656,68,4944.053422
3.142426,87,4944.224827
2.83524,59,4944.343136
102.694309,70,4944.482375
2.065211,84,4944.648173
4.421601,66,4944.77801
100.306837,18,4944.81703
5.658839,71,4944.959196
-0.059584,1000,4958.112386
5.372647,63,4958.250024
-0.00945,1000,4960.240549
3.48427,82,4960.407554
2.653892,73,4960.554324
3.439821,68,4960.687652
106.063535,70,4960.826105
102.862117,49,4960.925301
3.142106,86,4961.094609
1.70134,65,4961.221053
3.405057,78,4961.377381
3.330361,69,4961.51494
101.69881,74,4961.660729
1.681573,70,4973.080655
0.808493,102,4973.277632
2.107351,96,4973.465122
1.439778,87,4973.653321
101.426763,77,4973.806927
101.934636,62,4973.930315
101.806579,92,4974.118237
1.207058,66,4974.250474
5.511077,64,4974.375546
103.998353,64,4974.50057
3.262405,68,4974.634068
102.816506,48,4974.732172
3.997623,101,4974.928476
0.48824,113,4975.155969
2.715346,97,4975.353419
101.445484,91,4975.532837
0.421357,128,4975.787549
4.26967,88,4975.964328
1.450647,113,4976.189277
1.285577,93,4976.374517
103.995631,55,4976.483804
3.644149,84,4976.646661
1.092149,78,4976.798862
1.82799,73,4976.946033
2.084558,61,4977.065561
2.398682,69,4988.376757
101.310449,77,4988.527027
3.088617,65,4988.655297
2.621456,96,4988.863276
-1.92383,268,4989.384433
103.684538,53,4989.495237
-0.446725,207,4989.902471
2.197062,95,4990.092832
3.274598,93,4990.289234
100.509094,219,4990.719715
101.342893,90,4990.899321
4.986793,61,4991.020971
5.589136,76,4991.171412
101.959132,53,4991.279525
0.70746,96,4991.466528
3.168876,59,4991.587346
-0.269232,100,4991.784868
4.891221,78,4991.938878
1.524825,68,4992.072569
1.324433,92,4992.257914
5.354652,161,5003.789119
2.059516,87,5003.959499
101.22563,78,5004.114872
2.414214,65,5004.242883
102.495097,66,5004.367864
1.32808,71,5004.505951
101.55911,75,5004.663217
4.308508,72,5004.806283
4.153846,66,5004.934425
102.485916,64,5005.060603
3.402504,87,5005.233832
101.698323,61,5005.35321
102.746977,57,5005.469107
1.514874,70,5005.60649
1.833904,69,5005.743198
2.516941,80,5005.902932
100.78788,45,5005.989245
1.472376,80,5006.144063
101.558864,87,5006.313124
3.592399,65,5006.43956
4.067795,70,5006.578003
4.364005,71,5006.72102
101.833076,59,5006.837929
2.086298,69,5006.976172
5.954259,65,5007.102988
2.28541,75,5007.25577
4.093106,83,5007.415332
2.079447,69,5007.55028
102.842328,52,5018.843992
101.226109,70,5018.980571
2.762627,98,5019.175645
2.178519,100,5019.374686
3.994584,67,5019.506943
101.512127,62,5019.632005
4.021343,75,5019.780932
100.903152,66,5019.913879
3.460419,68,5020.048569
3.787052,90,5020.228129
4.048401,78,5020.398343
2.347813,77,5020.547526
4.360414,65,5020.674677
105.089036,61,5020.798913
3.272904,71,5020.937752
2.574438,193,5021.314231
2.149865,90,5021.498714
1.80475,95,5021.685402
1.804174,76,5021.834509
0.444314,86,5022.003865
1.450109,74,5022.147325
3.764708,73,5022.294402
101.014419,81,5022.453321
5.330336,62,5022.575726
3.079316,69,5022.71665
4.269321,62,5022.841332
100.650608,47,5034.158561
1.731072,70,5034.294538
4.967058,75,5034.459534
4.466539,59,5034.580451
2.834933,57,5034.692994
103.318115,58,5034.808844
101.240066,93,5034.993441
4.512217,66,5035.121801
4.094431,70,5035.261965
1.135774,96,5035.453444
104.879884,61,5035.579995
101.651006,68,5035.713294
103.515534,71,5035.859022
101.657032,62,5035.980252
100.936256,69,5036.118943
3.222921,81,5036.27847
2.619458,70,5036.417832
0.863516,89,5036.595226
3.597575,73,5036.742223
101.482861,85,5036.908082
100.880953,77,5037.062836
3.883178,62,5037.185709
2.525231,68,5037.316529
2.790512,70,5037.451944
4.650496,138,5037.722646
100.832797,77,5037.876437
1.116218,69,5038.012239
101.302857,78,5038.164094
3.385486,89,5049.529233
3.253008,82,5049.692084
3.798528,77,5049.844982
104.89377,77,5050.001291
101.551897,72,5050.149961
1.833354,74,5050.301433
4.067316,69,5050.441082
1.244998,69,5050.579967
4.790679,62,5050.705596
3.579032,74,5050.867098
5.519661,63,5050.993505
5.453296,78,5051.143481
6.026333,62,5051.263734
3.79325,102,5051.465232
3.07138,75,5051.615205
2.560319,69,5051.754014
102.178243,70,5051.892491
2.77166,67,5052.02292
100.957504,81,5052.183159
3.69767,62,5052.30837
0.153776,91,5052.486581
1.835257,69,5052.618773
1.245706,99,5052.813044
1.271831,92,5052.990635
3.368951,60,5053.111427
101.296083,53,5053.216585
1.497881,62,5053.338387
1.822684,82,5064.691591
2.80034,65,5064.836286
104.321417,57,5064.948618
2.0868,69,5065.083259
3.020962,69,5065.215237
2.916417,92,5065.396865
2.885547,67,5065.527641
3.248013,88,5065.706014
101.091206,77,5065.858696
103.640908,53,5065.962164
2.759186,59,5066.078342
3.898693,82,5066.235725
1.620624,79,5066.39318
3.333843,67,5066.527631
100.480216,65,5066.656808
2.095542,91,5066.835886
1.925705,70,5066.971849
1.827347,80,5067.126339
101.289779,84,5067.292829
2.216511,75,5067.442893
4.033774,72,5067.584171
2.5951,70,5067.724425
102.894763,56,5067.838054
5.825239,62,5067.959481
1.367075,62,5068.082734
1.102934,105,5068.288205
100.676862,43,5068.374308
1.018608,75,5068.52312
1.47463,67,5068.65394
2.525952,69,5079.979126
0.677112,69,5080.113489
4.538987,61,5080.234107
4.531345,68,5080.378245
2.497604,76,5080.544487
103.53064,71,5080.689018
3.516643,65,5080.825494
4.379892,68,5080.968608
0.139173,70,5081.114371
4.597779,82,5081.278062
3.952032,61,5081.397615
101.129558,96,5081.586443
101.240542,88,5081.758669
1.688193,99,5081.951696
103.340729,53,5082.058872
2.545208,62,5082.176403
3.746637,67,5082.308115
0.597334,122,5082.542074
3.046143,64,5082.667571
101.209687,75,5082.830123
101.841355,61,5082.950098
-0.932012,107,5083.160329
2.22997,68,5083.294452
2.948197,71,5083.433541
101.771555,89,5083.608044
1.67687,75,5083.7572
4.992162,62,5083.879187
3.995501,71,5095.212149
2.775227,64,5095.340561
103.78731,70,5095.480023
1.647163,71,5095.622249
103.524554,69,5095.758641
3.381561,66,5095.884202
1.410912,103,5096.087325
4.555133,69,5096.226099
4.779646,79,5096.393429
2.942448,70,5096.531093
3.088719,68,5096.665492
2.482512,79,5096.830296
101.333661,83,5097.004929
1.490114,86,5097.171985
1.859404,75,5097.320145
5.613899,62,5097.438877
103.672554,54,5097.549451
2.548857,66,5097.675823
2.552,68,5097.808056
102.257517,64,5097.934162
2.22625,70,5098.072182
0.883009,91,5098.253494
5.392053,60,5098.39304
0.75854,68,5098.533202
2.527248,75,5098.684033
4.691408,64,5098.809443
4.542882,60,5098.926468
4.91634,85,5099.096702
5.331406,63,5099.220341
3.137397,98,5110.574457
105.16391,67,5110.706073
101.628926,68,5110.836073
2.206422,83,5111.021447
1.358812,60,5111.154954
103.56424,52,5111.268583
2.243503,68,5111.416727
104.671218,63,5111.546318
3.831176,67,5111.680871
3.064491,60,5111.800757
3.972581,61,5111.926739
3.346357,66,5112.06219
0.799187,90,5112.242968
2.480237,71,5112.384176
100.543776,53,5112.493294
105.183246,68,5112.632884
101.11349,63,5112.754512
103.29817,62,5112.881309
3.382959,100,5113.078069
0.044756,90,5113.268845
100.98484,86,5113.435863
0.89277,80,5113.585789
3.324808,82,5113.746114
3.024534,86,5113.911469
3.886436,75,5114.052911
0.728655,91,5114.235644
2.477125,70,5114.372562
3.671921,72,5114.512782
2.064482,80,5125.82864
1.029941,70,5125.96405
1.630474,75,5126.108323
1.580763,93,5126.31161
3.998261,62,5126.434437
101.241359,64,5126.564586
103.336378,70,5126.701404
0.736255,68,5126.847466
101.207134,89,5127.021446
2.276922,69,5127.155155
2.856964,141,5127.435449
1.785621,71,5127.57507
-1.852731,254,5128.074534
101.797118,70,5128.212458
3.121696,61,5128.334007
104.188577,64,5128.459105
101.820198,70,5128.600913
4.84653,65,5128.730762
105.794919,65,5128.860108
101.169558,79,5129.016027
1.50036,69,5129.153964
101.8134,69,5129.289069
2.929441,88,5129.466114
0.66228,79,5129.618997
4.322875,68,5129.753996
0.980611,87,5141.135406
4.231719,62,5141.275273
4.920258,76,5141.430056
3.883022,75,5141.581884
4.975591,65,5141.720354
101.726894,77,5141.871461
102.587501,73,5142.015159
2.56035,72,5142.166223
103.601612,63,5142.294972
4.628405,60,5142.414384
2.228891,74,5142.564586
0.198874,88,5142.742956
101.519152,76,5142.892098
103.086297,66,5143.020327
5.177866,77,5143.177726
101.456784,71,5143.322549
3.290759,81,5143.481932
4.760453,67,5143.615822
100.850929,86,5143.785349
2.214919,64,5143.911709
2.506539,70,5144.051002
3.742955,60,5144.167181
105.635156,70,5144.308268
2.376046,80,5144.467474
3.982967,83,5144.627953
2.457994,66,5144.766136
3.099795,69,5144.904838
102.625464,62,5145.029303
5.320659,68,5156.382957
2.886036,67,5156.515523
5.062108,71,5156.65854
5.113239,63,5156.785332
0.708291,91,5156.968445
1.510161,79,5157.130975
101.803109,90,5157.30877
102.201691,77,5157.46665
101.92232,65,5157.595384
2.494355,72,5157.740256
103.964258,72,5157.895033
4.322637,76,5158.047955
101.228844,51,5158.150862
1.918667,76,5158.298541
1.298737,85,5158.466566
3.105071,66,5158.598032
105.788976,70,5158.735564
0.225545,78,5158.886739
1.394722,86,5159.057156
4.00922,67,5159.19132
2.400761,90,5159.370169
0.914499,69,5159.511702
100.967688,93,5159.693705
104.667376,58,5159.808858
2.534471,62,5159.931927
1.037148,96,5160.132055
4.389624,63,5160.255286
2.803108,92,5160.437604
-0.62528,104,5172.017319
102.216502,100,5172.221503
0.93854,70,5172.360408
1.219038,64,5172.485412
2.179121,75,5172.633276
1.604969,79,5172.788038
100.752481,45,5172.879772
4.352883,68,5173.02002
3.713669,81,5173.186625
-0.813231,103,5173.398477
102.291347,74,5173.558493
4.878094,85,5173.73145
1.368879,75,5173.883402
1.187309,74,5174.032033
101.28807,69,5174.168715
103.717151,57,5174.284027
-0.603413,89,5174.47103
1.842828,72,5174.616943
1.215171,95,5174.811883
5.179313,78,5174.978648
3.656937,84,5175.153509
101.926466,66,5175.29213
4.710124,75,5175.446673
3.587008,70,5175.591311
103.756672,53,5175.702595
4.521888,62,5175.830384
1.421074,76,5175.988334
100.44178,65,5187.348151
0.330968,100,5187.552282
103.813446,70,5187.695547
100.891562,95,5187.890735
1.863062,84,5188.065751
3.022199,61,5188.204868
1.921715,84,5188.381042
101.577949,79,5188.54198
-1.290039,98,5188.743121
3.577902,68,5188.877517
103.57736,55,5188.984142
101.246972,74,5189.129743
104.456418,64,5189.255392
2.050792,69,5189.390126
4.905407,76,5189.543192
100.79417,79,5189.701868
-0.159514,137,5189.978595
2.326941,64,5190.111694
1.411404,81,5190.274095
101.433893,47,5190.372938
1.017223,77,5190.531634
2.553716,74,5190.685508
4.033891,82,5190.845461
0.03952,75,5190.990313
2.087464,73,5191.129086
100.815614,79,5191.286328
5.182284,65,5202.687922
3.653902,78,5202.847738
101.682064,91,5203.033786
3.683053,68,5203.184537
4.925253,68,5203.334154
-0.859051,139,5203.619145
4.804806,113,5203.868667
101.170472,84,5204.045705
2.4441,78,5204.207711
4.267719,62,5204.337073
2.921475,60,5204.458668
-1.438779,120,5204.709907
5.270314,65,5204.843443
3.281131,93,5205.022452
2.785801,66,5205.149564
2.061351,68,5205.281137
0.598782,91,5205.458428
100.936969,70,5205.598964
2.792115,67,5205.728505
1.442683,68,5205.864442
100.769953,49,5205.964861
104.431786,72,5206.106306
5.14347,61,5206.226737
3.459921,65,5206.354646
3.996804,87,5206.53578
4.718874,82,5206.700068
104.139204,61,5206.820971
103.782353,72,5218.229581
1.620535,93,5218.414186
2.198921,73,5218.557389
3.676761,65,5218.689898
101.345741,63,5218.829329
1.390981,61,5218.949949
4.366379,60,5219.06903
4.176375,71,5219.209351
-0.73624,115,5219.446609
100.725703,49,5219.549064
104.509931,67,5219.687361
4.074587,109,5219.914186
0.836359,62,5220.039957
2.764395,69,5220.18346
101.958489,43,5220.273142
1.356757,77,5220.430279
3.709327,68,5220.569047
2.126221,70,5220.711246
100.860175,84,5220.880719
4.28144,69,5221.018541
103.045185,59,5221.135958
100.9563,92,5221.322166
2.451718,74,5221.467803
1.607109,77,5221.623101
100.254241,53,5221.724719
4.33182,78,5221.878536
3.792038,94,5222.064388
-0.286077,687,5234.716651
2.946477,66,5234.852574
3.939139,69,5234.992606
100.675639,64,5235.1154
4.050068,73,5235.268175
0.533661,77,5235.420755
3.682644,66,5235.547036
4.239168,66,5235.679569
103.781434,62,5235.800342
101.1495,78,5235.953278
4.796598,63,5236.072048
101.193833,89,5236.246993
3.301393,61,5236.367141
101.390237,87,5236.541335
-1.051596,128,5236.79946
104.430133,57,5236.912318
2.611707,68,5237.047721
101.437625,39,5237.125209
104.759485,59,5237.244361
1.500241,65,5237.374904
103.947433,65,5237.50417
1.470607,81,5248.97312
1.975393,72,5249.11809
0.960785,92,5249.311772
3.02203,103,5249.532065
105.31561,62,5249.663826
2.23208,70,5249.808143
4.428369,62,5249.933002
1.019992,99,5250.147671
2.828252,60,5250.272546
3.392784,64,5250.417027
-2.222441,135,5250.699469
5.829319,68,5250.83694
3.511801,69,5250.973745
103.637969,66,5251.098282
0.8609,79,5251.256512
1.19136,71,5251.392155
3.048504,68,5251.527889
0.595969,70,5251.664295
-0.592151,95,5251.845849
3.650136,67,5251.981025
1.15761,76,5252.135733
103.149823,71,5252.284063
2.926533,80,5252.448572
3.693117,66,5252.587004
4.297571,82,5252.761276
100.551039,68,5252.897259
4.499713,65,5253.023226
0.791482,94,5264.473743
103.62437,63,5264.600218
4.763369,65,5264.73998
102.439085,66,5264.869263
-0.099425,123,5265.11364
1.262629,62,5265.233195
102.586931,64,5265.366758
1.138822,95,5265.553271
101.272124,73,5265.698429
-0.4282,95,5265.882107
102.44235,69,5266.017216
5.693282,64,5266.142534
4.210003,66,5266.271569
4.306774,73,5266.416113
4.058668,69,5266.549419
100.61905,77,5266.700948
101.967308,105,5266.907229
4.790349,81,5267.069909
102.553229,64,5267.1984
4.573434,70,5267.337257
100.928567,84,5267.502249
-0.780779,105,5267.711813
101.822783,69,5267.860631
5.249686,71,5267.997121
1.744033,71,5268.141814
3.22832,70,5268.283202
101.198169,73,5268.426353
105.027468,66,5280.005565
104.143414,63,5280.140271
4.831536,74,5280.291408
1.43581,109,5280.510252
4.00181,71,5280.648675
-0.440179,182,5281.006151
2.324003,65,5281.13372
-0.466208,111,5281.359476
2.754386,85,5281.533834
1.923205,82,5281.693198
2.159044,68,5281.825948
1.070201,75,5281.976494
4.416477,135,5282.24603
2.239163,81,5282.406347
4.829365,64,5282.541572
5.266427,64,5282.672791
2.353003,72,5282.812291
100.827791,48,5282.908591
3.371434,90,5283.085045
101.581538,61,5283.205845
0.684742,84,5283.367044
1.888739,71,5283.50638
4.086097,60,5283.626766
3.529218,60,5283.748654
4.850409,73,5283.893095
4.587456,62,5295.270338
3.064971,76,5295.444848
101.598971,83,5295.612582
-0.018722,148,5295.906022
1.491964,74,5296.053099
2.593679,76,5296.198223
0.143324,77,5296.350982
4.499678,76,5296.494044
3.786646,67,5296.630049
4.353821,61,5296.751117
3.48238,70,5296.882646
1.316273,103,5297.081907
4.856734,73,5297.224986
101.329375,74,5297.37041
2.177468,95,5297.565447
105.00967,69,5297.702365
4.282383,64,5297.83264
3.949268,80,5297.994447
4.985202,65,5298.12671
2.400492,78,5298.278371
4.430747,69,5298.423099
2.208467,94,5298.610437
2.644636,59,5298.723923
103.235816,54,5298.830764
3.635604,61,5298.961787
2.838591,68,5299.098796
0.450679,113,5299.322921
102.603528,66,5310.839819
100.489703,75,5310.984058
5.674216,70,5311.1199
1.661812,91,5311.300822
0.839335,92,5311.482988
0.741294,105,5311.686177
3.90244,64,5311.813694
101.829289,74,5311.961977
3.064673,71,5312.102716
2.693621,69,5312.250302
5.238645,65,5312.379374
101.720242,44,5312.468924
1.320284,69,5312.603855
2.901555,69,5312.739668
105.340448,63,5312.869277
0.004657,104,5313.081369
101.988675,47,5313.179
-0.205151,84,5313.353461
3.877991,72,5313.501706
0.68722,64,5313.634431
103.074514,71,5313.780057
2.339314,79,5313.93863
1.424661,92,5314.123765
2.330418,68,5314.258657
0.623567,100,5314.45806
-1.961426,283,5326.275443
-0.83213,172,5326.613963
0.663459,230,5327.098573
3.856047,61,5327.221393
2.136063,75,5327.365844
4.729492,75,5327.514497
104.893326,61,5327.63775
3.314222,67,5327.77689
4.685446,81,5327.948968
1.405203,81,5328.118031
4.172369,66,5328.255095
103.058753,68,5328.398437
2.888982,65,5328.532374
2.896668,69,5328.673141
5.43866,61,5328.802414
4.741503,62,5328.930705
-0.293897,84,5329.130118
101.100529,50,5329.266918
105.468492,69,5329.452992
102.914238,63,5329.581631
-0.139368,73,5329.732637
101.194992,103,5329.933697
2.53467,80,5330.094602
4.104015,62,5330.216716
1.552093,117,5341.707266
2.490421,72,5341.854818
103.602652,53,5341.979726
1.972303,75,5342.134317
101.532756,77,5342.293572
103.756014,70,5342.438099
2.441617,69,5342.576854
-0.361863,85,5342.754958
3.728378,67,5342.889084
2.188754,66,5343.016459
3.497635,108,5343.227543
1.239311,90,5343.417165
4.530752,72,5343.559321
2.809738,66,5343.690649
5.861895,67,5343.823703
3.469743,78,5343.978296
100.90919,77,5344.135855
1.727198,70,5344.285032
2.579368,64,5344.415191
101.966715,60,5344.53997
1.240315,89,5344.723109
2.189816,68,5344.862079
1.597065,73,5345.012443
5.680729,66,5345.154749
100.936176,79,5345.320708
101.090786,89,5345.510337
0.901576,79,5345.671535
4.168222,64,5345.802849
0.743096,93,5357.266316
2.511398,66,5357.397777
4.520147,64,5357.531399
4.136086,68,5357.680181
4.642362,68,5357.816508
3.077567,60,5357.936395
2.232422,73,5358.082622
101.293533,81,5358.24345
101.187874,79,5358.401538
0.887259,117,5358.639527
-0.662919,91,5358.825721
101.886942,73,5358.97104
1.521611,93,5359.155237
-0.561145,146,5359.446636
0.934966,88,5359.62462
4.289618,92,5359.816886
2.705922,67,5359.950566
100.596475,24,5360.003596
101.29191,81,5360.166502
2.693238,69,5360.298502
1.708488,86,5360.471824
101.830669,40,5360.553916
4.119712,71,5360.69839
4.197208,67,5360.853985
3.733541,61,5360.983413
5.490605,83,5361.15622
1.031044,90,5372.592724
102.482165,61,5372.7125
2.478098,74,5372.856538
4.483276,64,5372.978433
3.996895,81,5373.150786
101.617159,54,5373.259906
101.594325,69,5373.396498
2.98906,175,5373.747369
4.768551,66,5373.875036
2.99248,76,5374.025173
3.752808,86,5374.194454
105.550254,72,5374.333755
2.410719,92,5374.512338
4.128466,73,5374.650414
102.766977,58,5374.759944
2.4744,82,5374.921752
4.211776,72,5375.063113
101.739138,98,5375.256311
1.325004,123,5375.517672
105.216533,71,5375.658883
103.942048,69,5375.791272
0.578833,64,5375.915079
2.261907,105,5376.1264
102.491879,65,5376.254757
3.19185,65,5376.384401
1.111915,93,5376.565452
4.316596,62,5387.907346
3.386286,59,5388.022746
103.462701,59,5388.141096
4.258883,68,5388.277661
3.166847,68,5388.411974
3.210633,62,5388.541183
5.050424,62,5388.668457
0.611799,107,5388.884542
1.124041,89,5389.063376
4.43087,63,5389.184973
5.293123,64,5389.326472
1.232084,95,5389.526454
3.975333,78,5389.688027
4.202341,73,5389.83828
1.864017,63,5389.963928
101.181219,78,5390.114376
101.353292,87,5390.287961
4.347,66,5390.420349
-0.092606,93,5390.605413
102.117881,68,5390.741705
1.309094,90,5390.920787
4.405131,68,5391.052224
0.901539,76,5391.204943
4.106498,81,5391.361789
2.298305,79,5391.519131
1.073127,74,5391.663435
2.467459,92,5391.841467
103.338932,72,5403.188157
1.837949,65,5403.322392
3.882777,156,5403.656232
4.263454,71,5403.805375
0.977334,66,5403.94333
2.971828,63,5404.073857
2.099176,58,5404.193877
1.600161,77,5404.35323
1.607121,80,5404.521122
2.278801,158,5404.845849
4.21864,66,5404.98042
3.144401,90,5405.1587
1.109209,64,5405.284023
101.670145,62,5405.40537
3.31878,76,5405.557343
3.413864,72,5405.700337
1.015826,91,5405.883737
102.101113,62,5406.010103
100.830721,81,5406.177213
2.860385,83,5406.353055
0.829981,94,5406.54825
4.225187,77,5406.709033
2.441548,69,5406.856153
100.619738,76,5407.012774
4.896899,75,5407.170783
1.188495,71,5418.732398
2.180967,82,5418.894
5.332037,62,5419.019581
1.184387,95,5419.206971
101.203882,67,5419.338413
4.279424,89,5419.514188
2.403783,74,5419.662847
3.14057,70,5419.814923
101.042177,74,5419.966532
1.188692,70,5420.118639
103.917071,73,5420.272598
4.702619,96,5420.47603
4.788613,83,5420.646225
3.214238,60,5420.766944
100.463702,30,5420.827091
0.625165,106,5421.043678
1.449364,101,5421.253346
3.068059,65,5421.386389
3.597525,74,5421.539081
1.707707,69,5421.682697
0.708061,81,5421.849788
101.86139,45,5421.94214
-0.002322,99,5422.143276
3.323796,98,5422.347498
101.363167,126,5422.617448
3.327499,73,5422.760983
101.770618,45,5422.853439
100.287708,164,5434.585426
0.897858,75,5434.742201
100.890714,69,5434.885452
4.103234,73,5435.05408
0.924021,92,5435.24105
3.733739,88,5435.434499
4.692653,87,5435.617772
5.751854,64,5435.750008
102.838152,54,5435.861107
0.808722,95,5436.056777
103.928864,60,5436.183074
2.73881,88,5436.367435
2.141966,82,5436.537946
1.089328,76,5436.693966
2.955818,94,5436.892115
100.84973,96,5437.095383
5.680755,76,5437.253796
3.950653,64,5437.385592
2.324162,72,5437.54447
103.260393,64,5437.678294
0.571167,1000,5451.020405
104.365371,68,5451.161476
100.203737,56,5451.27871
101.120707,101,5451.508411
4.415766,204,5451.936073
4.790159,65,5452.065721
2.364734,78,5452.232749
6.033148,77,5452.394763
2.528577,95,5452.59653
103.201888,72,5452.744839
1.373682,71,5452.892838
0.007248,74,5453.054885
4.14883,68,5453.197069
101.201202,79,5453.376638
5.706769,78,5453.5396
2.404495,73,5453.696094
105.623235,64,5453.831127
1.642681,77,5454.020862
3.26128,100,5454.232087
1.425326,72,5465.655578
3.175443,81,5465.811619
4.768594,76,5465.96184
1.987173,86,5466.14223
2.401376,74,5466.285396
101.358722,75,5466.429249
1.223635,100,5466.626113
0.497925,87,5466.794762
101.516075,100,5466.993082
1.562242,83,5467.156461
101.125257,84,5467.317788
0.156802,77,5467.466207
1.433503,71,5467.607176
2.389504,81,5467.774457
1.293973,74,5467.929138
4.954187,86,5468.104521
102.986078,67,5468.237768
0.736384,74,5468.384912
100.25287,67,5468.529892
101.022858,76,5468.685094
104.054933,69,5468.831114
103.74327,53,5468.930761
104.587388,66,5469.062658
3.22529,104,5469.270732
105.559631,66,5469.400195
1.678261,66,5469.535133
2.242405,88,5480.934992
2.51884,68,5481.082812
105.240908,72,5481.231186
2.956399,69,5481.373029
2.35441,100,5481.576619
101.003986,78,5481.735415
2.952534,70,5481.883067
2.112353,69,5482.030248
100.625306,79,5482.193501
0.28316,86,5482.370126
101.748346,72,5482.514743
3.419066,71,5482.654914
100.773459,74,5482.7971
4.741533,73,5482.939096
103.916362,68,5483.071389
1.111142,71,5483.211722
2.996199,65,5483.338688
102.901013,70,5483.474698
4.212673,71,5483.614234
3.651834,81,5483.772041
4.948197,88,5483.952342
1.357442,79,5484.108983
6.018664,72,5484.250226
101.394698,78,5484.40245
3.899669,65,5484.531393
5.843014,66,5484.661419
3.802066,86,5484.829132
1.287335,78,5496.290747
102.106486,52,5496.397648
3.957128,63,5496.528488
102.016704,85,5496.719561
101.362863,90,5496.899098
3.01292,67,5497.032242
101.596824,82,5497.191864
2.100886,80,5497.352908
2.937642,59,5497.46734
102.14044,71,5497.605806
4.396813,63,5497.732041
4.218101,94,5497.915038
102.111455,80,5498.070446
4.443806,67,5498.202878
-2.513987,229,5498.64985
101.61502,90,5498.825111
3.012262,78,5498.988095
0.997787,118,5499.223494
5.434404,68,5499.354177
-0.574517,129,5499.61929
102.662958,79,5499.778852
3.918809,74,5499.928054
4.186611,62,5500.051509
101.210984,84,5500.215114
100.870326,82,5511.70978
102.781207,73,5511.85258
5.184887,76,5512.00535
100.930479,36,5512.076132
101.314926,68,5512.21165
1.503443,84,5512.385935
3.128552,61,5512.50591
103.763782,55,5512.614316
3.374605,60,5512.735028
5.507827,64,5512.870953
101.354789,83,5513.037077
104.57277,74,5513.183398
3.365129,60,5513.298592
105.281605,64,5513.441538
1.308948,88,5513.617716
1.595263,95,5513.80451
1.056985,102,5514.013611
103.320017,70,5514.151156
1.952308,69,5514.289911
100.868234,80,5514.455345
4.415745,64,5514.58722
101.084114,88,5514.759579
0.762986,99,5514.958138
3.574206,84,5515.125279
1.972784,94,5515.308537
104.56643,61,5515.429467
1.10017,90,5515.605065
101.825822,80,5515.757873
2.147343,106,5527.13106
101.004509,66,5527.2638
1.109627,92,5527.45946
2.34863,63,5527.584307
1.769676,62,5527.709369
-2.745337,130,5527.966799
2.687924,67,5528.103429
3.0869,71,5528.248005
101.60722,89,5528.424987
4.371626,76,5528.580114
4.775083,129,5528.840479
105.677404,71,5528.982872
3.453387,65,5529.110063
3.394358,70,5529.252404
100.377523,63,5529.377247
4.208056,62,5529.499498
1.671878,99,5529.696172
1.4006,84,5529.889713
3.452735,87,5530.060268
102.576108,73,5530.202543
-1.236752,1000,5543.359093
0.753499,103,5543.561342
4.582797,66,5543.691621
100.113204,26,5543.744888
2.021187,83,5543.923855
4.712678,80,5544.083124
3.25465,96,5544.274494
0.48517,77,5544.428033
100.634691,81,5544.590385
104.654528,57,5544.703343
4.708055,63,5544.825356
100.630161,67,5544.958923
101.696614,88,5545.134799
1.722535,70,5545.269265
101.485936,86,5545.448028
4.273836,109,5545.664513
4.183946,63,5545.788325
3.362596,68,5545.929582
0.829628,76,5546.082133
102.706683,56,5546.193941
1.433231,70,5557.529153
4.028913,79,5557.682783
1.703237,88,5557.856182
5.603158,63,5557.998361
1.72624,62,5558.122652
2.925609,80,5558.281965
0.897849,74,5558.431713
2.13146,72,5558.575398
4.469437,72,5558.719111
102.750221,53,5558.825747
105.088909,63,5558.948899
103.265205,65,5559.075114
1.479539,68,5559.208522
1.267189,74,5559.355238
4.603978,86,5559.525614
4.199431,65,5559.661475
-0.680711,317,5560.297409
0.521288,210,5560.716902
4.701168,65,5560.845794
0.702902,95,5561.03502
105.120378,66,5561.169093
1.747917,62,5561.293285
2.747861,73,5561.440354
4.593339,62,5561.56562
1.368508,90,5572.969534
5.263012,64,5573.09881
3.924471,63,5573.224537
105.066751,61,5573.348152
104.68807,63,5573.473227
0.560099,108,5573.682719
103.606276,66,5573.816677
0.599223,70,5573.957297
-0.603452,111,5574.192773
3.026779,79,5574.348019
1.154908,62,5574.473076
2.819595,96,5574.662309
4.45081,68,5574.794026
0.655627,88,5574.967827
5.544552,61,5575.090365
102.452108,54,5575.198202
101.236596,75,5575.347873
1.050036,90,5575.524755
101.429613,81,5575.688663
5.274765,67,5575.818971
1.032055,97,5576.013956
3.754466,82,5576.176957
102.116053,77,5576.332716
100.392958,62,5576.454912
2.877963,74,5576.601599
104.32205,58,5576.719647
3.553322,90,5576.896935
103.409014,55,5588.193932
104.007516,57,5588.307027
4.812049,77,5588.471592
0.135462,223,5588.916697
104.03362,60,5589.036056
0.820664,90,5589.21594
6.002523,67,5589.347569
2.810085,67,5589.475424
4.584076,66,5589.605053
1.938402,77,5589.759815
100.744015,61,5589.876188
2.930582,66,5590.012103
3.146492,83,5590.173753
6.017896,76,5590.333019
1.410665,161,5590.648739
4.743811,77,5590.800104
103.190623,79,5590.954289
3.549827,76,5591.105943
3.053684,72,5591.249152
3.877272,72,5591.395159
103.328907,62,5591.521114
104.115688,69,5591.658966
0.7314,68,5591.794892
103.251966,54,5591.897783
1.41101,81,5592.062648
2.455295,68,5592.202496
105.772592,73,5603.570281
100.670788,80,5603.730021
3.977366,81,5603.888536
5.285553,81,5604.055194
3.535467,72,5604.196948
105.051939,61,5604.319837
3.477666,69,5604.461395
101.863579,74,5604.623354
105.482581,67,5604.754548
100.880967,75,5604.903385
0.191705,1000,5606.902584
102.450779,68,5607.038143
104.986567,72,5607.17924
2.650003,66,5607.312178
101.320875,81,5607.475092
5.211693,64,5618.829249
-0.530799,244,5619.324766
3.880536,65,5619.454879
4.196615,65,5619.586768
5.792683,68,5619.72328
100.83507,50,5619.82133
104.742917,70,5619.958749
4.294362,83,5620.130696
1.414184,69,5620.268447
1.996052,62,5620.391545
102.999988,67,5620.524528
3.897785,70,5620.664994
5.819351,64,5620.795083
105.552026,65,5620.924691
3.21772,88,5621.096886
101.311265,87,5621.273637
1.362737,82,5621.445751
3.177228,98,5621.643565
101.361051,41,5621.725344
101.206423,59,5621.842168
101.082194,65,5621.974601
104.734066,60,5622.094304
5.51614,78,5622.249964
1.165389,68,5622.383161
-0.00838,81,5622.545721
4.367906,67,5622.690801
1.908308,68,5622.822884
3.144786,67,5634.140553
3.936255,73,5634.282235
5.209356,77,5634.434484
106.151121,66,5634.563308
2.246555,75,5634.726879
2.917816,118,5634.957515
4.328058,72,5635.105044
100.547281,81,5635.262673
102.892258,53,5635.369033
4.536106,65,5635.499674
5.026661,71,5635.643686
2.531434,87,5635.813423
103.695088,71,5635.954756
100.792492,43,5636.043348
4.752898,71,5636.182919
101.588824,70,5636.327314
104.519457,73,5636.473008
1.837746,72,5636.615416
0.685545,96,5636.80562
2.9095,70,5636.942104
2.427384,74,5637.086373
1.459807,83,5637.258785
101.03703,55,5637.366251
4.711026,74,5637.512123
2.346188,72,5637.655058
101.512071,96,5637.843466
100.501372,48,5637.937184
2.782655,67,5638.067612
0.770535,143,5649.602891
102.659899,52,5649.703003
1.99083,86,5649.874393
1.18578,123,5650.120368
0.884851,82,5650.283118
101.33935,70,5650.420491
1.321177,71,5650.560965
103.442612,70,5650.699711
102.734294,56,5650.812314
1.25154,65,5650.939597
0.049059,96,5651.129606
-0.923201,111,5651.34675
2.325001,65,5651.474721
4.4134,78,5651.632054
100.595983,47,5651.724285
3.230866,64,5651.847314
1.221629,71,5651.990384
-0.484674,87,5652.164134
104.633688,61,5652.286158
-0.321249,145,5652.570927
-0.391145,148,5652.86451
3.189109,74,5653.014512
0.471277,115,5653.24482
6.03485,67,5653.376517
101.547778,89,5664.767272
1.909345,75,5664.915123
3.456443,65,5665.044115
2.608822,77,5665.197836
3.670297,84,5665.363838
3.386688,68,5665.5021
2.009282,89,5665.673471
2.990534,75,5665.82677
3.012981,70,5665.979552
4.55949,78,5666.131551
3.533257,70,5666.277255
1.58395,66,5666.410174
2.365685,69,5666.54699
102.171121,67,5666.680978
3.330401,72,5666.82527
-0.277255,86,5666.996055
105.317305,61,5667.118899
4.457047,66,5667.249088
1.506911,89,5667.420855
-0.608732,95,5667.614647
105.851546,64,5667.740398
103.802343,67,5667.866313
3.150706,84,5668.032284
2.273587,74,5668.176811
4.689069,82,5668.339897
4.801667,73,5668.48858
3.83347,86,5668.66632
-0.30903,94,5680.091461
5.283714,144,5680.375627
2.367237,62,5680.496742
3.971201,69,5680.631976
1.850566,68,5680.771947
0.714393,119,5681.014371
0.381762,78,5681.169779
3.784946,70,5681.311847
4.378352,62,5681.432889
4.047428,62,5681.553877
4.501852,154,5681.865747
103.691427,55,5681.973149
2.55959,65,5682.101454
3.513448,67,5682.23547
101.430743,85,5682.400949
4.603791,103,5682.611426
0.688368,108,5682.8233
2.451131,91,5683.003523
0.851281,97,5683.194532
0.359675,77,5683.351444
102.295732,48,5683.449264
0.281922,119,5683.686191
5.62769,77,5683.835048
4.04785,66,5683.965948
105.038205,69,5695.33227
0.796369,1000,5697.348714
3.768145,68,5697.481466
-0.28732,169,5697.817817
0.53129,71,5697.957126
4.436108,73,5698.098656
2.294876,70,5698.237793
1.11051,73,5698.386002
101.014222,51,5698.495369
4.813556,68,5698.628426
4.763613,64,5698.756485
1.213263,85,5698.924094
101.964624,66,5699.057596
4.191443,80,5699.216561
-0.495574,174,5710.830741
1.66521,100,5711.026037
1.460804,63,5711.153784
4.408441,64,5711.283114
101.696003,41,5711.367589
100.970531,64,5711.49719
101.73438,69,5711.633871
104.008727,63,5711.770871
101.34073,86,5711.939197
5.972097,71,5712.076643
5.330285,65,5712.210141
103.736559,72,5712.359778
-0.454474,107,5712.570795
3.979024,125,5712.829318
0.759386,127,5713.085272
3.816376,67,5713.225055
101.262238,81,5713.395909
2.614313,110,5713.630597
3.16448,68,5713.776442
-0.335667,78,5713.937696
3.374679,70,5714.081529
101.491554,53,5714.189337
4.188991,83,5714.353456
2.836192,62,5714.480987
3.427076,65,5714.610982
5.355994,71,5714.752326
101.437971,141,5726.223248
5.467913,77,5726.377096
-0.138824,99,5726.575151
4.797299,152,5726.884831
4.883408,64,5727.012881
102.334232,67,5727.161914
100.574652,59,5727.288131
1.353315,79,5727.446643
101.501343,73,5727.593304
5.020149,70,5727.734199
101.532159,66,5727.865896
2.783051,67,5728.002481
2.036491,85,5728.1662
3.296379,99,5728.363189
3.314533,66,5728.491839
3.393542,67,5728.624872
103.93464,73,5728.771909
1.883586,67,5728.90817
2.62481,72,5729.05073
2.802386,208,5729.475442
105.073893,66,5729.612902
102.264747,65,5729.747831
0.925763,63,5729.878762
1.86712,65,5730.014633
104.823602,59,5730.135901
1.089356,85,5741.560513
101.421917,87,5741.755037
4.977587,75,5741.901385
4.678011,79,5742.067858
100.586702,28,5742.122807
4.251461,66,5742.252479
100.590603,91,5742.434581
3.240203,67,5742.579799
100.868434,63,5742.704405
104.767193,72,5742.847388
2.431362,71,5742.988872
100.577006,76,5743.14247
1.754278,83,5743.307372
4.760239,67,5743.441672
1.134001,87,5743.608748
1.012221,87,5743.780719
4.548835,65,5743.911918
4.679617,74,5744.063114
-0.261593,267,5744.594949
1.945143,70,5744.731957
104.539522,58,5744.848529
3.329316,77,5745.004869
103.122726,78,5745.155032
102.148286,107,5745.371087
3.129019,67,5745.507108
1.812455,97,5756.899446
102.352079,66,5757.029667
0.102834,87,5757.199039
0.58751,93,5757.380635
3.105754,68,5757.513746
4.080902,75,5757.66208
0.853075,70,5757.801289
1.875963,69,5757.934031
4.921256,78,5758.083301
2.674548,64,5758.225902
4.559645,62,5758.350452
-0.171962,78,5758.505026
1.525946,72,5758.644261
1.639949,76,5758.793726
3.559721,66,5758.921684
103.191585,63,5759.044611
101.973863,49,5759.144099
101.101781,57,5759.258193
1.460359,63,5759.380156
1.68358,70,5759.517892
101.023372,53,5759.621016
2.716254,79,5759.774816
5.71082,67,5759.906091
101.250665,68,5760.039722
2.827168,66,5760.168236
5.266328,66,5760.294184
1.692181,71,5760.443027
0.594267,102,5760.64284
2.519832,95,5772.09243
4.979134,78,5772.267968
102.636999,67,5772.404534
1.673296,71,5772.550504
101.487333,78,5772.712686
4.978072,71,5772.854416
104.157195,68,5772.98828
4.618931,66,5773.120176
104.975755,61,5773.238217
1.631838,75,5773.394197
1.808586,121,5773.637347
1.50091,71,5773.781008
101.303947,64,5773.914366
101.974876,43,5774.004312
1.056211,77,5774.169294
4.934909,66,5774.307885
1.507155,87,5774.489626
101.653742,39,5774.568454
2.358085,65,5774.704869
101.532054,73,5774.851533
101.516445,66,5774.985105
100.775978,64,5775.113513
103.500555,64,5775.24376
2.765105,66,5775.377258
1.174484,88,5775.548439
1.128564,104,5775.761019
0.955857,72,5775.910474
101.21644,48,5776.009075
5.143678,72,5776.160976
104.838583,64,5787.541179
101.891558,62,5787.669767
2.486375,70,5787.816114
100.773684,72,5787.966709
1.71541,96,5788.160672
3.63137,66,5788.309738
4.193812,70,5788.455594
3.590045,89,5788.642275
4.500537,111,5788.86239
102.146893,50,5788.959731
1.066833,83,5789.13585
100.06957,10,5789.158877
1.411149,69,5789.30208
101.156128,50,5789.405924
105.443205,63,5789.536265
102.453004,54,5789.645829
3.217455,67,5789.787162
3.731959,76,5789.945826
4.145199,70,5790.09057
1.626352,69,5790.232066
5.564151,63,5790.35499
103.839441,61,5790.475417
4.640612,83,5790.640751
1.458156,118,5790.867868
0.426078,113,5791.092037
1.422442,91,5791.272697
4.001965,80,5791.433486
3.726867,66,5791.566173
101.732153,88,5802.936949
4.356866,64,5803.062944
1.459457,83,5803.239214
104.407994,65,5803.365986
0.486144,104,5803.574802
2.174331,90,5803.757435
106.036645,69,5803.901468
103.214609,63,5804.031341
0.128961,234,5804.494607
5.161935,63,5804.643878
100.223909,132,5804.912645
3.287902,62,5805.034076
4.964982,65,5805.162845
100.271252,77,5805.315699
102.063913,78,5805.470886
101.56477,85,5805.640558
103.539379,53,5805.747684
100.934186,86,5805.91929
103.526388,60,5806.038374
2.429536,62,5806.162026
5.215515,73,5806.309839
2.698891,75,5806.461916
5.268813,76,5806.616279
100.087816,60,5806.735738
1.367568,90,5806.91458
1.059162,91,5818.555063
3.63995,63,5818.684079
102.238534,76,5818.832427
3.164698,95,5819.037269
-2.100326,113,5819.260369
1.090625,76,5819.415988
5.265637,73,5819.568261
103.85499,54,5819.675488
100.424508,31,5819.738908
1.400705,83,5819.902397
101.114977,90,5820.07992
102.223055,43,5820.166476
106.033076,65,5820.294015
1.111325,100,5820.497566
3.802709,80,5820.654613
103.680169,72,5820.796002
1.053528,89,5820.969475
3.154931,75,5821.129434
100.880597,81,5821.291142
101.092202,79,5821.445862
-0.830407,101,5821.644179
4.200004,88,5821.821368
1.230083,63,5821.949044
-0.170586,86,5822.118796
1.924052,71,5822.263272
102.159014,54,5822.372524
1.293234,93,5822.554761
4.63728,66,5833.890079
2.971384,69,5834.025082
3.770213,72,5834.165796
2.479621,82,5834.326828
1.511481,147,5834.619658
2.416329,68,5834.755685
100.930786,79,5834.9362
102.11306,78,5835.091021
1.839407,97,5835.282981
101.019055,61,5835.412107
1.459998,83,5835.580344
1.614887,102,5835.782333
101.374359,78,5835.937541
100.58844,77,5836.088815
3.439455,62,5836.214308
100.641695,86,5836.386637
101.229447,79,5836.542294
3.405771,76,5836.695636
2.541034,70,5836.836176
101.393273,65,5836.964614
2.514831,87,5837.138787
101.556942,79,5837.297028
4.462879,68,5837.43972
5.528229,72,5837.580712
103.450285,63,5837.705181
3.882016,75,5837.85258
0.030613,167,5849.485858
106.204766,73,5849.640057
101.438197,84,5849.804312
3.58976,79,5849.959141
3.656842,68,5850.093545
100.996512,94,5850.287589
101.836546,65,5850.421002
4.803374,116,5850.653417
2.209293,68,5850.7875
-0.424143,111,5851.011099
103.108226,78,5851.168493
1.834256,70,5851.305046
2.70543,77,5851.456549
1.057188,74,5851.605198
1.614595,81,5851.761118
0.316698,117,5851.994891
-0.5561,64,5852.122575
2.111305,85,5852.287557
103.683729,55,5852.396927
100.508301,26,5852.449138
0.356891,75,5852.598686
1.841923,98,5852.791957
100.528574,68,5852.922463
102.254462,59,5853.037229
100.78243,90,5853.220924
101.033249,54,5864.558811
2.396471,68,5864.693672
2.628257,73,5864.837178
3.706573,76,5864.991909
5.273364,86,5865.160239
2.960984,68,5865.297984
4.02748,79,5865.454602
4.28222,67,5865.592807
100.685288,29,5865.653143
4.339076,70,5865.787395
4.086571,65,5865.918947
2.711964,64,5866.058921
1.009556,90,5866.236441
2.704564,95,5866.424958
4.602693,63,5866.548645
5.059158,62,5866.673885
102.957441,67,5866.809117
1.363874,63,5866.93179
1.466776,78,5867.08744
5.207754,63,5867.213468
1.507268,83,5867.374402
101.34059,156,5867.680631
5.215885,79,5867.834685
2.527833,79,5867.988258
102.131455,126,5868.234527
104.15122,67,5868.370624
1.190332,101,5879.804214
0.595387,77,5879.973588
2.057088,69,5880.109447
4.278322,68,5880.245116
103.532588,61,5880.364969
2.490697,61,5880.486749
2.379472,68,5880.625474
104.119167,73,5880.774455
102.016122,61,5880.90187
100.795081,85,5881.070155
3.137748,66,5881.201949
2.544254,152,5881.508743
106.017364,69,5881.649563
3.962491,65,5881.782075
103.62198,58,5881.895809
102.445834,76,5882.049107
100.668276,74,5882.197823
3.85002,115,5882.4244
1.732624,104,5882.63838
2.563089,89,5882.815652
0.962123,76,5882.967814
104.756957,71,5883.108118
2.193439,62,5883.233471
101.70541,39,5883.311079
0.680608,111,5883.537866
100.863733,81,5883.701601
100.71093,85,5883.870952
100.640484,82,5895.257774
3.332693,67,5895.393196
0.844052,87,5895.565158
104.029039,64,5895.692491
5.77739,74,5895.8431
102.119388,76,5895.994333
1.981721,70,5896.147835
104.505869,63,5896.279289
4.535968,65,5896.406249
101.137844,91,5896.584802
4.84099,164,5896.913715
100.575055,64,5897.042589
2.389593,68,5897.17739
3.154145,95,5897.3664
104.839042,63,5897.49286
100.812153,81,5897.658893
1.553428,94,5897.846235
101.023588,59,5897.964234
3.89856,81,5898.125676
1.185089,71,5898.266478
103.488571,57,5898.382369
3.06547,64,5898.506176
101.820891,66,5898.637273
103.712394,66,5898.766276
2.916502,91,5898.945936
2.256887,72,5899.090851
1.654262,60,5899.210631
3.387921,100,5910.610393
101.445364,75,5910.758052
1.306067,87,5910.942052
100.419191,61,5911.062814
4.866646,77,5911.215638
0.443265,68,5911.353057
3.18166,88,5911.532468
1.811181,90,5911.718578
2.255936,81,5911.880145
4.426028,72,5912.021136
103.618421,61,5912.14376
1.056596,107,5912.361965
4.357243,63,5912.492029
105.006077,61,5912.612838
103.37442,55,5912.717434
-0.070725,194,5913.105382
4.373936,81,5913.278577
4.292615,63,5913.403467
1.370002,71,5913.54753
104.123823,68,5913.686034
103.989859,56,5913.796562
102.075151,97,5913.989324
1.540577,103,5914.209832
5.142451,63,5914.33544
1.652074,113,5914.55248
3.922301,95,5925.921277
103.269495,66,5926.048817
3.707007,66,5926.182337
3.645307,75,5926.32564
2.432889,62,5926.462421
1.577128,111,5926.685542
2.115914,63,5926.809593
3.704621,189,5927.182123
2.664449,78,5927.337799
3.072152,85,5927.511222
101.448985,81,5927.67326
0.325517,76,5927.825183
-0.357303,152,5928.14343
4.561523,83,5928.308592
1.952004,65,5928.437764
3.360485,103,5928.641875
3.053434,83,5928.810322
4.768679,68,5928.948128
3.838357,62,5929.074904
4.115676,70,5929.212346
1.871411,102,5929.417726
103.314647,68,5929.553591
104.238405,63,5929.68865
103.721548,55,5929.799215
105.686558,70,5941.109589
100.854384,115,5941.340078
4.697773,65,5941.465909
3.596051,66,5941.611398
1.767551,71,5941.763652
1.539312,106,5941.969517
2.407031,73,5942.112538
-2.272379,166,5942.439598
101.203952,84,5942.603442
-2.679948,394,5943.392785
101.550142,62,5943.514559
5.770359,63,5943.637729
2.417811,91,5943.819418
101.686907,46,5943.912577
102.843845,63,5944.040514
1.107932,77,5944.196117
1.355664,73,5944.341094
-0.748934,133,5944.603789
3.900393,89,5944.779538
2.595793,113,5945.007314
4.018544,63,5945.128406
3.290897,62,5956.501993
3.111291,71,5956.649334
3.943435,62,5956.777293
5.2983,69,5956.913128
2.515879,72,5957.058521
3.620588,63,5957.183711
5.004535,67,5957.319408
2.486264,85,5957.487783
0.806256,71,5957.644764
2.700714,65,5957.780795
2.879987,86,5957.960956
5.180428,90,5958.148787
100.635137,79,5958.313706
4.105396,62,5958.442745
104.739761,76,5958.6016
100.865268,71,5958.746449
101.675388,69,5958.884544
101.275864,83,5959.054799
3.899614,88,5959.227522
1.406629,67,5959.360361
0.85279,69,5959.49739
-0.974558,209,5959.906541
102.792264,66,5960.035522
5.637514,74,5960.181583
102.130099,65,5960.313012
3.006641,73,5960.457395
3.300259,66,5971.813655
4.844708,89,5971.988194
4.314594,87,5972.161181
102.916281,49,5972.259953
2.93495,65,5972.386269
3.644803,69,5972.522978
1.10611,103,5972.746076
102.964043,47,5972.840399
101.378332,56,5972.955707
100.425081,79,5973.1237
3.194684,105,5973.33
101.578862,118,5973.566015
4.281529,66,5973.69855
4.241439,82,5973.86605
3.222759,184,5974.232472
1.771257,87,5974.407178
2.571485,92,5974.59207
102.525525,51,5974.694273
5.855343,82,5974.861578
1.797237,64,5974.989186
2.300665,80,5975.152631
2.662395,70,5975.293568
4.007005,71,5975.434231
2.537871,68,5975.573677
4.402054,65,5975.70665
4.215656,94,5975.894688
5.108819,66,5987.215557
-0.228866,86,5987.389132
1.901884,65,5987.517991
2.76844,69,5987.652166
2.320456,69,5987.789312
2.189195,82,5987.952709
4.54765,61,5988.071152
4.617465,66,5988.210848
101.406953,87,5988.382792
100.701256,77,5988.541025
3.975339,65,5988.670268
100.732497,227,5989.124666
101.060305,57,5989.239276
101.080496,68,5989.373359
3.458099,69,5989.510509
4.571808,64,5989.639233
4.636943,63,5989.773335
2.542591,74,5989.919782
4.892132,81,5990.079012
104.744122,63,5990.213046
100.79698,52,5990.310934
0.186398,97,5990.506708
3.04668,63,5990.63008
104.117394,58,5990.747476
100.556536,107,5990.964494
2.43496,65,5991.091047
101.420901,42,5991.174757
101.238678,73,6002.535057
2.64604,61,6002.653904
3.683004,65,6002.780901
3.490418,78,6002.934276
106.030565,63,6003.06254
1.927441,75,6003.205554
3.146216,100,6003.429774
101.939198,43,6003.520434
3.340059,72,6003.661466
101.452861,71,6003.801858
2.95715,65,6003.93075
1.310022,89,6004.099927
101.196929,65,6004.22448
101.562884,70,6004.364972
4.147407,180,6004.721285
104.971796,66,6004.853739
101.95757,76,6005.004122
-1.297009,96,6005.192826
103.878391,68,6005.326357
0.910262,69,6005.4632
102.205883,76,6005.61313
101.833666,78,6005.773167
3.326532,67,6005.907685
2.332916,68,6006.042775
4.508435,66,6006.172735
100.711999,81,6006.328115
3.37624,81,6017.783087
2.758371,81,6017.958162
-0.483144,185,6018.324581
3.515282,82,6018.488915
0.645094,94,6018.676598
103.432775,57,6018.789445
1.583655,73,6018.936814
3.735265,67,6019.070417
3.864593,62,6019.196186
-0.984788,111,6019.416421
2.131043,70,6019.552162
102.838224,74,6019.699858
4.212011,63,6019.82533
3.985178,65,6019.959287
105.437649,69,6020.099919
5.419841,73,6020.247039
-2.142756,231,6020.696177
101.143472,62,6020.816463
4.396799,65,6020.947902
100.973867,71,6021.092482
5.115546,94,6021.272295
3.38699,65,6021.405953
4.089066,89,6021.581687
5.915087,75,6021.7286
4.696174,115,6033.178245
0.86595,85,6033.342584
0.486934,92,6033.52511
4.414195,64,6033.651994
101.292293,78,6033.804457
4.407334,67,6033.9368
1.666235,92,6034.140013
1.429741,90,6034.309938
0.239867,102,6034.514738
2.516812,68,6034.648709
0.809926,127,6034.899015
101.001025,33,6034.96294
1.519418,90,6035.143707
102.487052,66,6035.27188
101.716564,99,6035.467025
3.954509,65,6035.592972
2.493187,188,6035.963822
101.056493,97,6036.155247
4.766822,99,6036.354158
1.464015,81,6036.513277
105.659539,68,6036.64792
0.722964,101,6036.841499
5.73161,69,6036.979085
103.870984,64,6037.109028
1.930408,113,6048.587091
1.166329,95,6048.773388
4.950518,101,6048.964811
104.306031,62,6049.085551
3.769223,65,6049.211448
1.90412,78,6049.363488
-0.565667,101,6049.582211
102.44292,47,6049.669774
4.368392,64,6049.796888
0.964297,133,6050.055986
101.045874,60,6050.175133
103.210776,52,6050.275615
101.113257,73,6050.417189
0.928913,107,6050.623087
101.136325,64,6050.760168
3.426116,77,6050.920034
3.921191,73,6051.07141
102.340115,60,6051.196051
4.166951,66,6051.336033
103.351499,52,6051.443019
1.614614,96,6051.642897
101.429913,83,6051.815324
102.213283,63,6051.947539
4.252615,65,6052.080761
103.450647,67,6052.2257
2.242684,201,6063.989071
0.888625,85,6064.167979
100.517344,81,6064.335905
2.52548,70,6064.498893
2.068291,69,6064.647041
100.647731,72,6064.800212
2.312079,74,6064.961172
4.113463,70,6065.107022
3.505924,64,6065.241668
3.748686,66,6065.377388
2.001043,70,6065.521832
100.139534,61,6065.649014
5.135612,64,6065.783303
3.900717,69,6065.925255
4.589294,67,6066.067366
4.172386,77,6066.228673
3.772591,63,6066.361942
101.081776,56,6066.479264
6.185604,71,6066.625084
3.995594,64,6066.755476
0.511477,81,6066.924531
3.003543,65,6067.055908
1.534807,74,6067.209763
105.320852,63,6067.33651
1.048408,89,6067.518203
4.113734,65,6067.651322
5.052871,66,6067.785527
3.76329,61,6067.910738
-1.073224,229,6079.954305
3.314757,68,6080.097219
-0.671804,126,6080.359724
5.634776,68,6080.50313
3.853301,74,6080.655965
3.843923,69,6080.803196
3.648253,100,6081.014123
2.133712,76,6081.174169
5.551607,67,6081.321822
1.085951,85,6081.495811
3.688642,80,6081.664831
3.818438,84,6081.841957
0.965745,92,6082.029732
1.742764,68,6082.168325
4.128377,81,6082.333344
102.72262,68,6082.476764
100.747953,72,6082.626539
5.801886,70,6082.770081
2.28495,72,6082.918756
-0.035332,126,6083.181977
105.202347,75,6083.334957
2.231909,76,6083.488067
104.385974,68,6083.628587
1.452215,90,6083.811349
2.379059,61,6083.950372
4.765029,66,6095.260165
2.978841,62,6095.387609
100.615853,83,6095.557561
0.449937,106,6095.775758
0.813928,102,6095.98744
2.505815,68,6096.126011
1.850566,96,6096.339892
4.74785,117,6096.583255
0.847655,72,6096.736586
4.829227,80,6096.909961
101.820823,56,6097.027403
6.188558,72,6097.18118
3.059775,63,6097.315378
103.719679,70,6097.455538
102.697312,50,6097.557363
5.407898,62,6097.685515
105.493685,68,6097.826256
102.91423,63,6097.950157
1.878289,100,6098.144854
5.290696,69,6098.289596
6.044324,72,6098.431359
1.751779,133,6098.695715
100.257499,38,6098.775666
104.77612,63,6098.905236
2.841339,101,6099.104253
102.983583,49,6099.203516
4.446716,69,6099.341983
101.09776,63,6110.672534
2.533632,66,6110.820666
-0.607817,59,6110.944866
100.653666,72,6111.09416
3.035169,64,6111.229383
105.076876,65,6111.364085
1.182431,97,6111.567635
1.184877,83,6111.748761
1.382292,77,6111.91366
101.464608,65,6112.042523
104.729494,65,6112.173016
4.446933,81,6112.336018
101.223318,124,6112.581625
100.887143,82,6112.743062
101.711846,88,6112.918346
2.868497,72,6113.063291
101.730606,61,6113.187067
2.501352,83,6113.354116
101.602878,76,6113.508834
3.742754,106,6113.716573
103.273457,54,6113.825752
101.89376,106,6114.036426
0.609091,66,6114.171133
102.866666,52,6114.281276
3.829664,83,6114.447843
2.059684,69,6114.584661
103.996872,64,6114.710386
1.313667,81,6126.098837
100.539608,91,6126.275153
3.591673,77,6126.432185
1.366102,122,6126.681286
3.830185,76,6126.830815
4.8285,65,6126.974129
2.98784,82,6127.142453
2.256564,62,6127.266384
3.534074,68,6127.403309
0.932386,95,6127.591092
4.45458,63,6127.715842
5.987571,73,6127.860373
4.281524,83,6128.024956
2.798708,61,6128.151792
101.639119,136,6128.426883
1.480012,146,6128.713995
102.491218,45,6128.805007
4.262033,62,6128.930707
3.891888,61,6129.052973
101.016395,84,6129.218975
4.010455,68,6129.354317
101.242993,76,6129.504166
3.028319,63,6129.630414
0.381794,76,6129.779402
1.210539,69,6129.916754
3.258549,90,6141.295073
0.441473,169,6141.629976
101.008053,67,6141.779388
4.427584,73,6141.924358
4.014619,68,6142.06132
106.191273,66,6142.187799
2.401198,71,6142.329686
4.87733,65,6142.45727
3.129364,67,6142.589776
3.745684,108,6142.802393
2.229499,71,6142.943029
4.478754,66,6143.075163
0.026997,71,6143.216323
104.006763,54,6143.324405
1.460473,119,6143.558178
1.355491,72,6143.697644
106.053697,64,6143.824543
4.188573,61,6143.944877
102.490887,60,6144.063786
2.024875,72,6144.220472
101.343263,33,6144.285285
3.573926,72,6144.429617
2.333688,78,6144.581886
102.059852,65,6144.710408
100.884314,76,6144.863208
2.788439,61,6144.984856
4.247527,67,6145.115203
105.133812,66,6145.246552
2.272383,69,6156.650042
1.108454,94,6156.851699
0.923614,141,6157.133798
-2.77566,365,6157.854963
2.639677,75,6158.00141
1.133734,81,6158.157347
100.660881,56,6158.269742
101.706229,49,6158.369561
3.079663,64,6158.495292
103.644355,72,6158.638372
1.522639,68,6158.773772
3.81216,74,6158.919239
1.163978,101,6159.120443
4.310557,63,6159.244102
5.00923,72,6159.386738
4.002806,70,6159.524278
2.595437,72,6159.665677
102.457071,83,6159.832949
4.498549,100,6160.033123
103.871134,58,6160.148111
2.805479,67,6160.286174
1.900261,70,6160.424749
3.538366,73,6160.569296
1.798203,126,6172.071331
4.947775,63,6172.196827
2.047054,73,6172.344489
102.874378,69,6172.481059
-0.008061,128,6172.742676
5.068507,68,6172.880154
2.295613,70,6173.029474
105.04328,62,6173.152439
2.984082,83,6173.329389
2.355733,78,6173.483004
100.599157,42,6173.571445
101.642398,94,6173.762804
2.99995,63,6173.886547
101.169491,108,6174.098191
100.45891,38,6174.172484
103.579022,54,6174.282813
104.72878,70,6174.421162
3.997336,85,6174.592021
0.220006,161,6174.911353
100.966058,79,6175.067428
3.896774,78,6175.22425
0.269414,117,6175.451956
2.104693,69,6175.586429
105.42163,71,6175.728034
3.410687,105,6175.93937
101.179703,65,6187.269776
3.227421,102,6187.468272
2.839692,66,6187.596452
101.752368,80,6187.75249
0.762523,96,6187.966429
4.533157,101,6188.167542
3.828533,66,6188.309427
102.5156,58,6188.423464
3.806567,73,6188.566667
3.475967,70,6188.703181
103.033613,57,6188.816817
0.434902,110,6189.037749
1.379565,74,6189.184922
3.314074,96,6189.375883
101.25447,93,6189.560298
101.167932,86,6189.731025
3.409337,79,6189.886906
4.072078,82,6190.048128
4.016345,67,6190.182871
-0.39614,95,6190.375156
4.391857,105,6190.583819
101.46026,87,6190.753707
3.509419,69,6190.890797
2.521512,79,6191.047037
4.157114,67,6191.185247
0.863629,75,6191.355275
105.000796,68,6202.688955
102.909826,66,6202.820033
3.264455,94,6203.003829
1.950038,83,6203.172433
3.682758,73,6203.334564
5.199985,69,6203.471082
-0.037691,109,6203.68671
101.207254,34,6203.756407
1.272826,103,6203.95852
0.607913,74,6204.107016
101.728493,75,6204.255572
3.379534,86,6204.424691
-0.023075,1000,6206.404919
101.27628,77,6206.559537
2.961628,87,6217.936103
2.005841,82,6218.10363
1.523722,75,6218.261493
3.840035,68,6218.397225
1.464958,104,6218.609196
0.211971,86,6218.774752
100.990425,89,6218.953225
2.303361,104,6219.168886
102.570074,50,6219.268586
3.063885,62,6219.389467
3.456026,68,6219.526157
2.709981,69,6219.662643
3.195277,67,6219.798424
2.50033,80,6219.957203
1.881242,62,6220.082673
2.785209,117,6220.313286
2.695344,100,6220.512311
4.906738,93,6220.700192
101.259489,77,6220.850816
100.845391,53,6220.957983
4.555529,91,6221.146007
1.516792,83,6221.309124
101.048353,85,6221.481643
3.378061,63,6221.609579
2.384088,91,6221.788884
4.533907,63,6221.914859
1.095668,84,6233.32563
101.149336,81,6233.48794
101.297467,92,6233.674
102.653211,74,6233.83282
3.751483,84,6234.004202
4.839246,68,6234.144027
103.308483,74,6234.308169
2.90351,65,6234.446458
5.446981,81,6234.616323
1.50664,127,6234.875676
4.487981,85,6235.044077
2.474212,70,6235.182363
101.217002,88,6235.360533
100.878533,76,6235.517192
1.709694,94,6235.715433
101.98029,60,6235.842954
100.769065,82,6236.012203
2.601519,69,6236.154506
4.523188,64,6236.284662
101.115763,81,6236.455925
2.44741,65,6236.58949
-1.031296,155,6236.89872
2.040337,85,6237.065501
102.205021,64,6237.192075
-0.457533,137,6248.688825
2.822531,86,6248.854295
1.5822,79,6249.01354
101.236448,117,6249.258445
1.823852,67,6249.390348
3.193931,81,6249.549317
3.896485,62,6249.669749
101.137042,53,6249.772577
102.003172,80,6249.930919
102.25619,70,6250.072743
3.771888,85,6250.255012
102.190126,78,6250.418578
100.913508,84,6250.593486
105.031349,66,6250.723132
2.407034,96,6250.914593
101.317675,54,6251.023961
3.985227,67,6251.16381
100.699517,86,6251.344257
2.500887,68,6251.486506
101.022897,44,6251.577326
4.459899,76,6251.732858
101.858706,75,6251.891216
4.240911,66,6252.030965
101.333191,77,6252.190561
2.20579,83,6252.361803
5.845016,70,6252.507475
1.425248,106,6252.723815
100.596333,71,6264.141068
0.059799,146,6264.45035
5.554622,66,6264.589014
-0.847541,119,6264.837261
1.900976,69,6264.979192
0.482588,69,6265.124374
2.217241,62,6265.250012
4.422463,61,6265.378909
1.299348,76,6265.535181
105.874107,65,6265.669492
3.691967,97,6265.868802
2.960178,65,6265.997331
2.568598,67,6266.129526
2.393141,80,6266.287926
101.648758,99,6266.488036
101.197241,66,6266.618555
4.78386,66,6266.749822
1.087809,69,6266.888896
3.145882,78,6267.045033
2.473749,61,6267.166625
4.222971,66,6267.298204
104.73908,63,6267.422873
103.536152,66,6267.555437
101.583375,90,6267.733203
3.155362,70,6267.872933
2.676978,122,6268.115813
