#{"t_start": 1759995047.19674, "env_id": "CustomLunarLander-v0"}
r,l,t
0.684712,102,0.77877
2.848249,122,1.012156
-1.898256,105,1.210995
0.619097,125,1.442363
-1.886697,104,1.637499
2.10667,149,1.935212
0.737913,98,2.124444
2.314631,97,2.310269
-1.72573,132,2.561806
2.340605,100,2.762555
3.026204,122,3.006567
-0.767222,120,3.24227
-2.16612,89,3.413399
-1.561304,138,3.699955
-1.10457,105,3.913132
3.129135,102,4.109662
1.07403,104,4.308835
0.204356,121,4.549068
-0.613151,117,15.841012
-1.223074,127,16.093994
0.614026,107,16.304035
1.864194,94,16.487327
-0.528801,101,16.682991
-1.345386,120,16.91737
2.260784,125,17.15904
2.364758,109,17.367235
2.049584,107,17.57191
1.826331,128,17.819673
3.764388,104,18.01904
2.351202,96,18.204383
0.87106,99,18.39131
1.628493,95,18.574931
1.109029,101,18.770441
1.926897,112,18.982332
1.380503,104,19.187185
0.990015,96,19.381893
1.754781,114,19.608581
1.898693,92,30.764935
3.496705,100,30.96267
2.793638,103,31.167061
2.004734,108,31.385745
-0.844117,106,31.600516
-0.237939,85,31.780426
2.642742,105,31.999744
2.686182,105,32.21138
2.760183,98,32.409143
0.48126,85,32.580599
-0.437624,93,32.770107
2.140629,92,32.956004
1.904967,85,33.131442
0.547655,94,33.319679
0.141499,100,33.517238
0.857187,87,33.692018
-0.356915,130,33.956253
1.965919,90,34.128903
3.719419,110,34.335011
0.482092,106,34.54133
3.930454,93,45.776293
1.070021,89,45.969647
0.744589,82,46.136484
2.823442,87,46.311586
0.469806,92,46.4977
0.881462,91,46.682216
0.759752,98,46.876813
2.57502,74,47.01562
0.981123,95,47.196444
3.247753,84,47.357436
2.549901,94,47.538354
0.751033,107,47.743958
1.92883,87,47.90736
1.02163,80,48.059945
3.368262,90,48.231127
1.40723,91,48.405764
3.416244,73,48.545489
-0.945887,105,48.746573
2.133158,87,48.915407
-0.729108,104,49.114919
3.048309,85,49.27934
-0.093831,92,49.453002
0.332973,92,49.628723
2.662251,83,60.781361
0.354584,92,60.965533
2.780498,79,61.120432
1.722266,89,61.296047
3.770672,83,61.45891
103.427098,73,61.600313
2.521314,78,61.75495
3.664139,78,61.923492
-0.419287,110,62.136453
-1.14227,142,62.414214
-1.230307,109,62.627874
4.621716,78,62.781451
-0.537239,85,62.949145
3.647258,89,63.124033
-0.515927,103,63.331012
1.126111,88,63.503896
0.543035,96,63.697368
3.764615,91,63.88704
2.479226,78,64.041318
3.972987,78,64.193859
3.117985,89,64.36661
1.033144,109,64.582228
-0.700637,116,76.042747
3.995455,84,76.205451
0.589691,84,76.367021
5.083537,81,76.524091
0.735732,97,76.715833
3.549534,83,76.875435
101.368866,99,77.07002
1.023634,96,77.25875
1.039244,87,77.442904
-0.397183,89,77.61449
-0.262208,104,77.818524
0.561713,83,77.978894
2.865247,103,78.178413
-0.507019,111,78.393052
0.068822,106,78.597542
1.155933,84,78.761076
3.632879,84,78.926965
2.010443,83,79.100467
4.183888,77,79.247479
3.512132,95,79.433141
-0.493835,106,79.632918
4.208502,81,79.792745
4.059182,83,79.954936
-0.447256,99,91.152336
1.716551,78,91.302306
1.962708,91,91.479512
3.597738,76,91.634711
2.190936,77,91.788417
4.113225,84,91.953214
2.076962,69,92.091094
2.749967,78,92.246716
3.72351,75,92.396394
1.546474,82,92.556251
4.320984,78,92.711149
4.11518,72,92.854014
2.320155,85,93.018913
3.937893,76,93.172303
0.604376,99,93.364301
1.074854,89,93.541145
0.392593,99,93.746001
1.253935,79,93.90054
1.997064,78,94.052989
0.106197,81,94.216135
2.627994,77,94.369394
1.704622,72,94.512749
-0.13579,100,94.711991
2.57345,77,94.861885
0.823143,108,95.073325
2.313294,91,106.304801
-0.423259,123,106.548319
1.778144,74,106.69714
2.707234,74,106.8459
4.060616,75,106.994581
3.690661,77,107.150076
1.479416,79,107.314796
2.700711,82,107.479068
2.193996,75,107.628987
4.487605,80,107.78685
3.599463,101,107.986262
2.582612,80,108.14793
1.711153,80,108.307161
0.612161,90,108.49193
2.712788,79,108.651164
3.782645,87,108.82327
1.227022,83,108.987977
4.173618,80,109.146351
4.090361,75,109.296171
3.896238,76,109.448994
2.93447,81,109.610175
2.858042,87,109.783757
4.876676,73,109.943623
-0.185582,99,110.142793
2.058767,86,121.321146
2.86658,86,121.495557
0.631457,104,121.697081
3.048206,90,121.892632
3.382296,79,122.050302
-0.574523,114,122.282779
0.748546,102,122.487511
4.864615,74,122.635318
2.252757,78,122.792839
0.436695,107,123.004303
3.655557,75,123.155378
5.086853,77,123.31149
1.721073,77,123.466837
1.72685,70,123.622511
2.036944,73,123.766336
3.758566,73,123.917531
1.227694,93,124.10525
3.595359,73,124.253017
0.57482,92,124.441759
0.625988,98,124.637844
2.813492,77,124.795668
4.576854,69,124.940247
0.372392,88,125.130781
2.13286,81,125.292426
2.332403,75,136.497857
1.920284,72,136.642189
-0.59062,93,136.827272
2.638623,71,136.985452
1.333314,76,137.138427
-0.695937,109,137.356552
2.647765,75,137.502867
0.409606,102,137.707051
-0.921075,129,137.958084
-0.708027,124,138.204903
0.090444,113,138.43124
3.751171,85,138.615527
2.481996,72,138.76112
1.889553,83,138.922594
1.904904,74,139.067731
2.294432,80,139.223873
0.551399,98,139.41855
-0.870536,121,139.650568
4.338658,77,139.802744
1.940654,79,139.972641
0.829922,73,140.11965
3.763335,69,140.258002
-0.166427,107,140.464668
4.624802,85,151.676641
2.059561,74,151.83179
2.847225,69,151.965014
1.480324,84,152.128799
3.365352,73,152.269946
3.449099,69,152.403903
3.723774,71,152.539386
0.960407,73,152.683352
2.104068,71,152.827837
1.142058,114,153.052793
-0.590257,98,153.243269
1.397642,90,153.427665
2.662149,91,153.605124
0.888125,77,153.757571
2.838717,69,153.893558
1.199897,82,154.051835
2.06099,1000,167.024223
1.375099,73,167.171379
4.959978,78,167.326451
0.120096,145,167.616073
1.063023,89,167.795365
3.782103,72,167.941312
0.973719,72,168.084698
1.209731,79,168.242669
0.890262,80,168.416843
-0.866935,94,168.606367
0.481815,88,168.78277
100.424107,30,168.844315
-0.139028,108,169.054248
2.822562,88,169.229722
3.599026,72,169.377487
3.121605,90,169.553352
3.481569,68,169.691164
102.599292,63,169.815759
1.29271,114,170.055255
-0.170775,104,170.259122
1.598878,75,170.40893
2.363961,85,170.577926
2.438679,70,170.716259
4.244604,68,181.889165
-0.413149,141,182.160956
5.478229,75,182.30935
2.477816,73,182.451431
3.362009,94,182.633895
0.759957,95,182.821918
3.232353,80,182.976956
1.701153,72,183.116099
0.317609,109,183.344123
2.1685,87,183.51754
3.366516,83,183.681001
0.834578,108,183.893274
3.660056,83,184.057505
4.127352,82,184.223049
3.531106,97,184.409775
2.33518,71,184.55202
2.489565,71,184.69271
3.240617,79,184.846275
1.047811,85,185.029065
1.20889,87,185.199723
1.026816,74,185.344316
0.244122,85,185.50996
3.915483,73,185.651222
3.427221,78,185.801347
-0.631275,112,197.013411
2.704329,87,197.184399
2.96469,82,197.34815
101.727503,68,197.484378
0.555821,126,197.735608
3.186973,77,197.889444
1.595339,86,198.06192
4.333462,82,198.2273
3.562612,75,198.386564
6.204327,72,198.534525
0.48952,99,198.732432
102.056985,77,198.886873
1.50119,81,199.050259
6.186535,73,199.195104
3.631091,76,199.343324
103.372954,65,199.476075
1.431122,98,199.675078
4.582058,80,199.84656
3.780155,84,200.015464
0.20506,82,200.175666
1.827541,81,200.335115
1.28377,86,200.506839
5.005971,71,200.645461
2.664301,74,200.793312
4.741515,77,211.950537
1.387421,85,212.121333
4.382342,73,212.264178
4.078382,74,212.411372
3.251349,71,212.55655
0.977668,79,212.714419
1.471599,73,212.853983
4.523452,83,213.016687
3.16835,80,213.174878
-0.632537,110,213.388651
-0.384239,96,213.594942
3.886352,70,213.734422
4.407191,81,213.89332
0.692399,102,214.098427
0.647352,83,214.260556
0.38924,106,214.474229
3.358277,73,214.625428
101.365017,68,214.762602
2.749188,72,214.906056
2.922893,75,215.059421
4.178819,69,215.21831
4.327826,75,215.370718
5.518024,68,215.509412
0.04952,114,215.736018
1.269407,73,215.883892
4.085559,72,216.027851
0.380767,117,227.443585
2.161612,69,227.582502
1.706897,71,227.722838
0.943364,86,227.895514
2.149884,69,228.033073
4.484285,72,228.178081
2.814328,70,228.3182
0.670868,87,228.495759
3.399193,75,228.643165
0.614125,105,228.855251
2.435172,90,229.038851
2.732219,70,229.178902
0.402847,80,229.335817
1.284377,84,229.502926
2.168025,75,229.651011
4.600349,76,229.799968
2.222656,76,229.953328
1.679248,78,230.108276
3.043904,78,230.264392
-0.919569,102,230.467542
4.219631,81,230.632687
2.913586,87,230.804123
3.479916,72,230.948893
1.490424,76,231.097553
3.967692,85,231.264621
4.260166,83,242.536624
3.220497,74,242.686555
2.703149,67,242.818098
3.725865,78,242.972698
0.123998,87,243.143281
-0.077462,108,243.359449
1.636998,108,243.593285
3.599646,68,243.726259
4.371659,71,243.869412
2.266975,85,244.035052
2.589504,75,244.180275
1.896601,70,244.315668
1.282454,96,244.504182
-0.115223,89,244.679023
3.409315,67,244.810788
0.15288,85,244.977515
4.673752,70,245.127639
0.893616,87,245.297427
1.171853,86,245.467063
0.307134,97,245.656224
3.640141,78,245.811071
0.807856,81,245.969042
0.717771,82,246.135657
3.114296,80,246.295802
1.977167,75,246.442797
3.263776,88,257.685947
1.31431,94,257.873679
0.424732,84,258.041812
2.319832,72,258.183746
1.101192,85,258.354895
0.9577,104,258.561365
1.516241,73,258.710399
5.137823,68,258.849159
5.077756,68,259.000522
0.769914,86,259.171884
0.549832,121,259.419189
1.617708,100,259.615435
1.183648,82,259.77746
5.212694,71,259.921638
3.123277,73,260.067557
2.858924,72,260.213664
3.542134,69,260.353887
-0.778593,116,260.593451
1.284663,75,260.752233
1.351548,80,260.908314
1.927957,80,261.067015
1.920103,70,261.202418
2.303435,74,261.347032
2.53891,67,261.478992
3.127651,69,261.626358
0.398568,99,272.9073
2.627559,72,273.049877
101.857714,82,273.215034
1.088384,73,273.356083
1.948796,76,273.522107
1.129837,81,273.685231
-0.127233,92,273.86899
0.916802,80,274.029241
0.261974,87,274.201544
4.551488,70,274.344752
2.167209,68,274.483464
3.435975,88,274.662524
3.920748,71,274.804034
0.499109,88,274.981631
1.711717,81,275.157571
3.68668,71,275.299031
3.981738,73,275.449352
4.384618,72,275.593143
1.33123,83,275.761225
100.444077,48,275.856279
-0.571019,130,276.114399
-0.368877,100,276.311067
2.761065,76,276.482178
1.351614,83,276.645984
1.405962,86,276.82062
2.704652,72,288.025626
3.710707,75,288.171729
5.337525,75,288.332698
3.460883,78,288.485437
2.496209,70,288.621545
3.79181,69,288.759197
4.515043,84,288.928698
3.851348,65,289.063772
0.614855,79,289.216033
4.012841,70,289.349042
4.019773,65,289.480664
0.96906,118,289.720433
-0.107998,87,289.890905
1.453256,76,290.041211
5.699554,71,290.187184
0.220726,84,290.371036
-1.028979,105,290.602019
2.958398,69,290.740642
0.876735,78,290.895842
0.796726,94,291.095377
1.061879,101,291.301026
1.213465,75,291.451089
3.388092,71,291.596176
2.984668,73,291.739533
3.912279,124,291.991414
3.307856,83,292.155442
2.193785,72,303.793306
3.335011,74,303.939964
2.335314,73,304.082319
-0.002353,86,304.249255
2.28318,68,304.386632
0.160748,82,304.55803
1.545762,82,304.726645
1.665222,79,304.885967
-0.564933,159,305.198571
3.160756,85,305.367868
2.488062,68,305.503875
1.963084,82,305.667326
1.6793,67,305.798385
3.653224,83,305.960803
0.4105,109,306.176737
1.551044,72,306.341381
1.68821,68,306.480542
3.579704,70,306.644725
3.570438,76,306.800517
5.42431,64,306.929996
0.830843,82,307.096398
4.872927,69,307.235894
2.596411,75,307.387582
-0.97884,154,307.70384
1.9999,73,319.524309
0.882965,80,319.700068
0.832861,126,319.947357
3.097971,71,320.087879
1.405818,95,320.289855
1.057399,81,320.445834
0.256926,102,320.649764
3.629017,63,320.774322
3.931031,74,320.920542
3.100068,80,321.077208
2.754917,69,321.228513
3.515497,73,321.3747
1.24279,94,321.553351
0.195678,94,321.740737
2.937939,76,321.887327
3.209171,89,322.061677
2.736254,70,322.200799
3.295322,66,322.338123
0.089183,124,322.585662
4.468566,66,322.717884
2.389983,77,322.869538
1.379777,82,323.028929
0.057058,86,323.192164
4.19486,72,323.341469
-0.316727,92,323.534719
2.809526,71,334.785899
0.813,77,334.949832
2.153036,71,335.087858
2.558202,76,335.237115
0.013848,93,335.416353
4.461931,65,335.543653
3.54396,69,335.675575
4.287273,66,335.806207
0.234749,79,335.959107
0.52634,110,336.174183
2.030435,67,336.308276
0.749383,86,336.477304
2.708722,64,336.616357
1.365591,69,336.751812
2.918508,84,336.916471
-0.44266,101,337.111511
0.430986,73,337.253453
4.343758,66,337.383633
2.592152,67,337.511827
-0.787316,361,338.228494
2.00604,69,338.363614
3.322819,78,338.517055
4.832418,65,338.646471
2.79507,70,349.795128
1.360894,76,349.942847
3.231748,70,350.080271
4.435973,80,350.239647
5.429078,74,350.401908
3.953532,73,350.563066
1.715484,69,350.696645
3.674604,68,350.831874
104.712404,67,350.965206
4.071583,66,351.095141
1.624051,74,351.240114
2.868653,67,351.371279
2.231768,76,351.52217
1.207148,78,351.674752
4.679739,74,351.819662
2.62685,78,351.973671
2.608623,74,352.131385
2.076047,71,352.269727
1.919606,73,352.413983
1.011098,78,352.564708
0.761813,79,352.716368
0.828858,92,352.896312
3.194057,64,353.023592
5.022879,71,353.160161
1.669704,67,353.29467
0.680526,78,353.460015
0.625921,113,353.685001
-0.721853,132,364.977716
1.159209,77,365.127891
0.930082,76,365.274699
2.011225,71,365.412617
-0.850952,201,365.814377
2.861903,73,365.981729
3.186078,64,366.109845
2.298955,66,366.240105
3.913901,67,366.374604
4.416304,66,366.507975
-0.640517,83,366.668585
3.518686,74,366.81289
1.084785,74,366.960458
5.721059,64,367.094466
3.542461,65,367.229476
3.62061,67,367.37045
0.794631,98,367.574475
0.027105,85,367.757327
0.93846,117,367.998599
2.961366,70,368.140829
1.520785,72,368.286678
1.762152,72,368.430274
5.032295,67,368.569559
0.637962,74,368.720792
0.888514,80,368.89135
-0.174389,92,380.125263
3.521604,71,380.269955
0.238396,110,380.492628
0.592556,99,380.691373
1.154291,74,380.837248
0.464704,91,381.021943
0.555328,75,381.182301
2.712073,67,381.318785
2.630796,69,381.464865
102.600626,70,381.601997
2.580334,69,381.740654
0.676754,515,382.758569
-0.23678,100,382.968375
3.474997,70,383.106009
5.933126,126,383.356527
3.33437,67,383.489013
4.633437,67,383.621061
1.332235,69,383.759073
2.218606,90,383.934836
3.797253,66,384.065923
0.339237,93,395.31067
0.417405,100,395.519745
3.147969,73,395.666426
1.64136,87,395.846583
3.942733,66,395.979842
3.483918,70,396.121715
1.182814,91,396.301473
-0.163811,108,396.516297
0.527912,75,396.665174
-0.734703,97,396.862266
2.91177,65,396.991873
1.856289,79,397.151529
0.208429,81,397.326917
2.256716,69,397.466208
2.098554,65,397.601179
2.435672,72,397.742155
-0.449644,104,397.952766
5.796349,68,398.087136
0.884717,74,398.229921
4.127199,67,398.36222
1.470584,76,398.524037
0.7135,75,398.672015
3.705552,68,398.805507
1.829895,73,398.950236
4.649721,80,399.107653
-0.874294,221,411.085772
1.68935,71,411.225146
3.452533,71,411.369633
3.956992,67,411.519234
3.616049,65,411.653886
5.445361,81,411.822089
0.084727,155,412.146791
2.635908,68,412.289622
3.385884,74,412.440573
3.6979,79,412.596956
2.524684,77,412.747167
3.849321,83,412.910455
1.992198,67,413.059486
3.944139,80,413.226402
4.506411,66,413.3626
4.906463,72,413.510869
2.079775,66,413.645826
2.732836,76,413.80311
3.438322,76,413.956656
1.175129,76,414.104629
3.119564,66,414.230945
0.884937,75,414.3763
4.050953,69,414.512505
2.791279,74,414.660822
2.033788,72,414.815916
1.848327,71,414.956397
2.140122,73,426.23214
4.928064,68,426.379579
0.729323,73,426.530083
4.479242,72,426.690081
1.221194,85,426.871118
1.831472,68,427.008
4.246329,67,427.143277
5.699169,65,427.2797
-1.209643,98,427.531203
3.578595,70,427.676288
0.946847,80,427.859387
5.291776,69,428.056766
3.442989,72,428.216775
1.234486,87,428.393484
-0.016654,129,428.692078
0.22112,94,428.909801
1.569335,72,429.056885
2.720556,68,429.202929
6.138768,71,429.350692
-0.553486,122,429.603502
3.929203,68,429.739006
6.042609,74,429.905493
0.76256,76,430.058125
-0.5119,147,430.376229
2.512287,79,430.532053
1.358711,89,442.511114
1.344183,77,442.661307
5.709394,69,442.797107
3.125196,67,442.940451
0.67501,112,443.17155
2.520976,68,443.310666
1.012397,197,443.718146
1.066513,76,443.873246
3.274564,70,444.012827
4.098236,69,444.156215
2.117167,79,444.319154
3.531023,81,444.4876
-0.833347,146,444.801758
4.552006,66,444.932858
1.078535,72,445.078483
2.550353,70,445.216912
3.99425,95,445.403178
2.823,73,445.549159
-0.286497,637,458.055957
-0.199733,102,458.26703
0.915004,97,458.468956
2.482331,86,458.656138
3.80057,68,458.79563
3.972323,66,458.9306
-0.697803,96,459.124211
5.205118,64,459.255733
0.806668,111,459.483471
3.113061,72,459.63456
2.197644,98,459.829666
4.713431,76,459.982464
3.999344,78,460.142054
3.535625,68,460.27663
0.869422,76,460.442217
4.576605,67,460.573349
2.621076,66,460.702838
4.663793,71,460.842016
-0.671564,110,461.055403
5.045985,70,461.192453
3.448787,69,461.326186
0.309609,118,461.552762
0.590227,298,473.164558
4.68728,69,473.306031
0.6793,80,473.466909
0.625103,80,473.631598
1.051469,72,473.776765
4.381472,108,474.002486
3.122749,66,474.140075
3.008246,68,474.279151
4.614838,62,474.407272
-1.129173,101,474.611852
2.666502,68,474.763431
1.472657,73,474.907041
-1.182575,111,475.121627
3.168881,73,475.265341
3.171091,71,475.404817
4.481841,70,475.539334
0.475642,80,475.69507
4.932278,69,475.829263
2.354327,85,476.000834
2.378872,69,476.138537
3.113013,68,476.275069
1.281293,77,476.442674
3.164627,64,476.565268
2.621451,68,476.698385
4.153256,69,476.833188
1.524053,71,476.969806
0.65134,99,488.783433
2.837467,69,488.918017
5.129435,68,489.049115
5.463798,78,489.199564
5.18167,69,489.332874
0.455248,83,489.494806
3.065972,70,489.645484
0.193908,87,489.814815
2.767366,64,489.939402
2.696125,72,490.086412
1.687437,72,490.225493
2.926594,71,490.361408
3.168911,69,490.497495
-0.538802,111,490.713183
3.715945,66,490.840802
3.480167,69,490.975878
2.926351,63,491.097557
0.727763,93,491.283785
1.033934,74,491.438502
101.765913,38,491.512146
-0.178244,154,491.820116
-0.408951,112,492.041752
3.000481,68,492.174146
1.854946,73,492.31817
4.617965,69,492.458266
4.8808,68,492.590013
2.339465,75,492.736776
2.892721,73,503.914097
3.107386,83,504.078806
0.79691,94,504.267171
4.890523,65,504.395821
1.529662,93,504.578282
4.34017,68,504.714313
4.390093,70,504.852121
0.776216,80,505.011452
3.93078,69,505.148522
2.325551,67,505.295228
4.988887,67,505.429154
4.641476,66,505.556669
1.26051,88,505.726622
5.472975,70,505.861629
102.250928,69,505.997509
4.740036,69,506.134923
100.804526,60,506.253371
1.63972,80,506.408857
2.111461,70,506.546645
3.492392,64,506.67531
1.179341,78,506.827107
-1.165446,116,507.059618
1.402988,88,507.233026
-0.190737,110,507.446635
1.776739,68,507.580033
-0.252158,99,507.76995
4.297971,97,519.004909
3.281939,65,519.134809
-0.69563,150,519.456524
1.949946,79,519.614725
2.84273,65,519.743603
0.701709,109,519.963157
2.685515,65,520.091427
0.961171,142,520.367068
3.863008,67,520.503676
4.035382,71,520.644776
0.353384,83,520.812103
4.341246,68,520.946789
3.754698,96,521.160492
3.586327,69,521.298059
2.56218,80,521.460105
2.983795,72,521.603451
-0.853534,104,521.800868
2.757368,74,521.947886
2.176089,90,522.126801
2.180344,63,522.252206
2.793191,82,522.413275
1.250283,114,522.638947
2.53989,83,522.813724
101.068112,116,534.087812
0.236322,93,534.272917
3.295937,67,534.406266
2.288368,66,534.541699
-0.202634,123,534.787036
5.217031,65,534.914071
3.268632,72,535.074617
1.365921,68,535.220579
3.458138,66,535.349855
2.062282,73,535.490337
101.854073,63,535.613709
2.023309,74,535.766955
1.224363,70,535.903614
3.085759,63,536.026391
1.132957,108,536.233762
0.608544,77,536.386169
4.162472,70,536.523278
4.346574,69,536.66118
0.674071,88,536.834574
0.895626,78,536.989392
3.939367,67,537.124058
0.321574,83,537.282121
1.168082,87,537.457721
1.38935,74,537.602539
3.203547,85,537.769998
1.577058,89,537.940692
0.433113,84,538.106316
5.0864,66,549.245525
4.114759,104,549.456718
4.51836,69,549.597917
1.145257,83,549.764799
2.743657,72,549.910542
3.727453,70,550.054269
1.975128,103,550.263518
1.267939,86,550.432163
3.979698,72,550.577066
1.511529,70,550.719161
1.351986,73,550.866766
4.631651,68,551.007402
0.542076,80,551.177531
2.16139,86,551.35492
1.912124,79,551.516667
2.391994,75,551.666549
1.12769,70,551.810923
-0.424348,101,552.015679
4.199761,85,552.183244
1.997579,66,552.31726
3.50377,69,552.456262
0.695073,84,552.630043
1.033133,67,552.761407
0.382746,100,552.978905
0.623918,77,553.138244
1.218944,82,553.302781
-0.596193,130,564.619209
4.526296,80,564.776435
2.053053,69,564.910403
0.94469,84,565.076402
1.120299,70,565.230923
2.984018,77,565.383152
1.292673,90,565.560977
4.577407,64,565.68628
1.231527,94,565.876615
2.470463,67,566.012981
1.122879,78,566.163968
3.149947,70,566.305273
1.129401,85,566.478873
-0.761446,130,566.747038
3.32011,69,566.899083
0.522539,81,567.066315
-0.448677,90,567.246854
3.561117,66,567.379355
4.207313,66,567.509113
-0.04832,107,567.72884
3.467278,66,567.860936
1.320149,70,568.001592
1.120118,75,568.148813
0.273834,109,568.363997
2.720417,80,579.621721
0.0719,96,579.812939
1.989452,81,579.972988
3.064015,71,580.116665
101.441417,77,580.2688
3.20557,66,580.395847
1.244699,73,580.546402
1.837316,76,580.713856
2.352495,71,580.86185
0.751874,78,581.014713
4.830284,68,581.150278
3.395219,69,581.292017
4.038376,68,581.426943
3.454395,67,581.563268
3.907204,66,581.69595
1.39326,70,581.837153
0.162961,390,582.616009
4.413113,77,582.772591
4.624824,71,582.916986
101.775538,64,583.048387
-0.310103,130,583.309107
0.39537,80,583.474539
1.577147,75,583.625699
2.887313,64,595.148906
3.488436,67,595.287295
0.479055,85,595.459418
-0.041404,88,595.652097
1.700825,86,595.828742
3.163433,66,595.961813
5.19996,70,596.103786
3.996861,65,596.235199
3.027713,69,596.373307
1.00433,74,596.520924
2.0507,71,596.664125
1.992713,71,596.809052
3.16179,90,596.987066
0.270934,84,597.153057
2.471308,75,597.323799
5.595761,66,597.460185
3.026371,74,597.605234
0.467984,93,597.795672
0.934264,72,597.944816
1.954505,71,598.085932
3.306544,73,598.235382
-0.511942,93,598.424879
5.041676,68,598.56067
0.782844,95,598.752042
-0.328653,124,599.014035
2.963029,67,599.159261
2.152337,76,610.467601
2.314863,67,610.606639
3.182547,67,610.754657
2.28528,72,610.91085
0.364091,77,611.068803
2.07812,65,611.198551
2.956336,69,611.354153
1.449749,72,611.530334
4.268429,65,611.667954
1.945274,85,611.84387
-0.643692,119,612.088154
4.354796,77,612.244888
-0.356784,93,612.439469
0.531024,105,612.656503
1.311155,71,612.801135
3.220981,73,612.949384
-0.680851,100,613.155281
4.937437,66,613.285488
0.967912,90,613.468131
1.456199,83,613.642057
0.811899,93,613.832223
0.291477,95,614.02506
3.994917,64,614.159118
2.964752,68,614.303536
1.14112,73,614.449844
-0.561979,90,614.634619
-0.777613,108,626.271229
1.696908,84,626.449636
2.11619,69,626.591162
1.619386,77,626.75226
2.665293,88,626.930146
1.721855,69,627.06783
0.857398,81,627.235809
2.055732,72,627.38094
1.023378,69,627.52176
3.695176,65,627.658343
1.284373,119,627.907085
0.82427,110,628.145886
4.405906,72,628.293031
2.470653,74,628.444367
1.844714,84,628.626162
4.658118,72,628.778495
3.14595,68,628.912409
1.948277,86,629.08143
4.907177,71,629.222757
5.147712,65,629.350967
4.24089,67,629.481636
3.204933,65,629.613541
1.714015,85,629.786328
-0.252195,95,629.997058
4.004923,85,630.170352
0.611824,71,630.318014
0.244261,76,641.777255
2.839444,79,641.935987
0.747485,79,642.091033
1.534663,86,642.259276
2.262221,72,642.416509
2.287863,73,642.559892
-0.490003,99,642.764114
2.52498,71,642.905465
-0.773588,94,643.090665
2.201422,98,643.290608
5.030322,67,643.431226
5.045305,73,643.58239
1.970509,65,643.719025
3.881054,73,643.872384
1.88064,71,644.015354
1.357098,98,644.211299
0.958892,78,644.367442
-0.344952,93,644.55776
4.64661,63,644.692248
-0.835997,259,645.235258
2.922935,68,645.363641
2.218188,87,645.537066
0.834147,81,645.695474
3.766489,66,645.825963
4.498679,70,657.380356
1.0529,72,657.522368
5.247544,65,657.645181
4.609367,70,657.782378
3.996968,76,657.947542
101.600001,65,658.074295
1.594757,78,658.227708
3.547824,68,658.359916
4.268582,64,658.484267
3.777628,79,658.641528
3.526866,71,658.782299
2.6841,67,658.917348
104.145816,60,659.040364
2.547943,84,659.213936
3.163335,67,659.35955
3.242967,74,659.50689
0.120181,96,659.705444
-1.133843,100,659.897363
1.736376,72,660.038666
0.672667,77,660.18902
102.501118,75,660.3388
2.788552,79,660.493844
1.348652,73,660.643036
1.358909,71,660.782157
0.901138,77,660.933969
2.775208,78,661.087961
0.529348,88,661.260292
3.198442,71,672.782052
1.449058,73,672.931146
3.778872,69,673.074859
2.284839,90,673.257279
1.797129,70,673.404661
2.585624,71,673.551256
2.793021,71,673.696983
103.112563,66,673.844855
1.827502,77,673.99674
4.065521,66,674.124732
1.282456,76,674.277654
4.328954,69,674.413618
1.654884,77,674.563386
1.077381,87,674.7396
5.22192,66,674.874939
5.297466,64,675.000901
1.670279,72,675.144621
5.474764,72,675.29102
3.149075,68,675.425048
3.998681,70,675.558851
0.811001,74,675.706662
3.599382,68,675.842366
2.403299,87,676.009686
0.961094,78,676.161929
0.127206,81,676.315459
1.452714,76,676.459495
2.109768,77,676.60823
0.360813,94,676.794161
0.962206,89,688.503653
4.004093,69,688.64743
0.038167,89,688.822072
2.24599,82,688.99788
3.493105,69,689.13548
2.229378,77,689.291449
2.250088,80,689.450189
2.224731,70,689.591272
4.597989,64,689.719571
5.765043,72,689.864349
3.364338,92,690.046324
4.876238,69,690.184916
0.189452,80,690.345331
1.823871,77,690.499918
3.071135,67,690.636965
2.945213,72,690.780167
5.095414,71,690.919416
0.661841,77,691.070741
1.985303,69,691.210637
3.222549,66,691.344727
4.111584,66,691.483247
-0.999591,271,692.040527
3.287888,69,692.178117
2.735061,70,692.313969
1.218794,97,704.169515
1.251611,85,704.348778
100.459992,55,704.460688
3.608774,70,704.602561
5.177253,66,704.746624
3.82615,71,704.90956
4.560097,74,705.069475
2.463594,71,705.242977
1.253665,79,705.413226
3.989222,67,705.555594
5.136393,64,705.696354
2.731836,75,705.856432
3.872364,68,705.992283
2.10696,80,706.154892
0.143474,110,706.380884
3.045171,387,707.161149
4.078761,64,707.295192
3.843967,84,707.467506
0.096045,77,707.622344
4.189341,74,707.772355
5.191196,69,707.909547
2.261288,67,708.041014
3.080751,73,708.184388
0.064094,80,708.346818
4.278339,72,720.014786
3.532608,67,720.149992
5.424189,76,720.304714
2.655183,74,720.456783
0.840876,77,720.616944
1.815208,67,720.754803
-0.684907,108,720.975294
3.272126,70,721.1183
104.069961,61,721.241326
1.698,77,721.398484
5.298808,73,721.546371
5.480852,68,721.682571
2.158591,68,721.81859
5.840236,66,721.965267
0.193308,159,722.278154
4.194496,66,722.407259
1.889491,73,722.548364
3.536295,78,722.706108
0.226277,82,722.870464
2.338261,68,723.004168
2.737716,69,723.143294
5.079321,76,723.29684
1.846717,67,723.429321
-0.465355,113,723.673972
3.530487,65,723.797382
1.836102,80,723.957072
4.329701,73,735.797924
-0.13671,84,735.974276
0.159551,80,736.145004
1.402354,74,736.299053
3.868788,68,736.44109
2.342812,68,736.60378
2.324207,70,736.750626
4.450318,74,736.90239
2.277158,82,737.065802
1.125563,73,737.208855
1.655307,100,737.404822
1.098865,73,737.55282
3.918529,74,737.700809
2.126249,68,737.838349
2.650959,67,737.979186
1.330041,71,738.129972
3.413866,69,738.289145
4.461378,70,738.43443
2.623311,69,738.570493
-0.004716,130,738.831182
2.443943,75,738.983389
101.21704,105,739.197933
0.833766,103,739.419338
1.878298,82,739.590654
2.629922,67,739.730758
5.896811,67,739.861252
4.113346,66,752.008593
2.260769,72,752.150473
4.206919,73,752.298615
6.046711,73,752.447256
3.447449,64,752.575635
0.217421,91,752.763779
2.576471,70,752.900797
0.641316,86,753.082202
2.418063,72,753.233851
0.81683,73,753.379077
5.705206,70,753.517206
-0.27145,107,753.728586
102.061913,71,753.87053
0.571029,123,754.112622
-0.951252,122,754.348855
3.572554,68,754.484407
1.549596,78,754.643931
0.994152,77,754.803281
1.445224,82,754.971819
3.751372,75,755.121807
2.147063,76,755.275665
3.310966,67,755.410914
2.194427,71,755.549686
0.893129,80,755.712814
0.244095,78,755.877194
1.93901,73,756.031103
105.210936,65,767.615859
-0.363369,90,767.793396
1.257733,79,767.950148
5.484627,77,768.125088
1.858396,71,768.263461
4.699525,65,768.392501
1.147025,71,768.531169
0.851126,76,768.683837
100.634496,59,768.804245
1.280804,99,769.009935
3.587243,241,769.495531
1.207297,75,769.646235
2.002729,90,769.826046
2.893886,68,769.957148
3.688878,64,770.08728
1.988852,68,770.226577
5.054802,77,770.37891
0.854881,80,770.537098
5.454911,76,770.684711
3.397745,66,770.816078
3.865567,67,770.943815
2.961086,71,771.08569
-0.978629,210,771.49399
2.594913,69,771.631181
2.268291,89,783.000075
1.141196,75,783.143921
5.116533,68,783.291392
3.263402,65,783.418845
2.319668,70,783.559855
3.4494,64,783.685704
4.862921,75,783.833801
103.378542,59,783.948729
2.383678,83,784.106973
0.941765,78,784.257558
0.818379,79,784.411914
0.296,79,784.562416
2.846506,92,784.736763
2.982139,71,784.87277
0.14506,83,785.030111
2.522323,71,785.162694
2.793402,71,785.297596
4.43375,72,785.443935
0.019066,167,785.769834
1.358744,73,785.910508
1.001071,77,786.061508
3.762436,82,786.219381
3.329327,76,786.365962
3.185864,67,786.49469
3.717849,105,786.693238
4.323236,73,786.833899
4.512209,77,798.122315
4.333934,70,798.255211
4.091473,80,798.411869
0.85166,81,798.571282
5.004115,81,798.730458
4.592762,75,798.877889
2.513732,71,799.017484
3.154235,82,799.186657
3.155989,70,799.339134
-0.859465,93,799.537626
1.02864,79,799.703331
3.606978,70,799.849515
4.469619,65,799.980071
1.384799,73,800.123034
1.816779,69,800.259071
1.438123,71,800.396758
2.613815,71,800.532305
4.971462,80,800.687939
2.176006,73,800.83305
4.795118,69,800.968303
5.064181,72,801.113645
1.465786,76,801.269066
0.407653,80,801.428602
2.366469,68,801.563243
2.198128,69,801.700777
104.027045,60,801.818153
3.061786,64,801.941209
4.090059,84,813.68607
0.536736,76,813.842691
0.137028,150,814.155603
4.015931,67,814.291042
0.069739,448,815.206938
2.44399,78,815.361521
4.281028,76,815.510728
3.930664,84,815.679055
0.106941,108,815.904914
103.522609,72,816.046504
0.629718,77,816.1946
0.507874,241,816.675739
4.271012,64,816.797892
0.889767,74,816.944955
4.791115,65,817.073107
1.497276,99,817.262384
4.693577,70,817.399722
0.361449,79,817.56784
0.427876,76,817.71675
4.476013,63,829.008209
-0.9715,114,829.230063
3.066437,68,829.364027
1.781704,75,829.507529
4.589781,68,829.638689
1.296643,71,829.779782
5.431915,78,829.947975
3.417771,70,830.089884
4.607463,63,830.217627
4.552289,69,830.363823
4.803797,68,830.508342
100.180621,46,830.609483
3.110298,66,830.756131
101.391291,79,830.928823
0.745393,75,831.089712
3.74217,67,831.225824
0.285737,294,831.813737
0.827976,85,831.983165
1.126826,120,832.225911
-0.602114,97,832.416486
3.479274,65,832.55014
2.283762,78,832.705414
-0.157242,152,833.012826
1.451678,92,844.321951
1.753121,69,844.456195
2.892226,70,844.609627
4.39326,62,844.732799
2.702308,72,844.874144
101.700684,44,844.958921
0.922914,76,845.110363
4.132471,71,845.248282
2.543653,67,845.384428
3.864428,66,845.512156
3.279993,97,845.700497
0.86464,87,845.87043
4.264153,85,846.032028
4.34456,64,846.160573
3.733739,65,846.288918
-0.916007,590,847.476405
3.096606,71,847.616248
0.452771,77,847.769078
-0.634598,144,848.062989
-0.28354,93,848.254794
4.332943,66,859.756543
2.680536,68,859.88909
1.485926,69,860.023326
3.176523,67,860.164616
1.537074,77,860.322513
2.473887,93,860.517736
102.134892,84,860.69123
4.17343,73,860.855264
4.339207,69,860.994606
3.598944,69,861.135283
2.364455,70,861.270002
-0.011999,93,861.455229
2.013543,80,861.614764
-0.301603,86,861.78641
2.94138,71,861.929632
0.387372,77,862.084256
2.534897,73,862.234441
2.661547,65,862.365175
1.09909,78,862.521233
0.9336,78,862.679467
3.5962,73,862.829791
0.902291,90,863.009299
0.155202,82,863.176665
2.611675,73,863.32475
5.105181,64,863.452412
0.109118,81,863.617037
3.696396,71,863.759324
5.22254,74,875.466903
0.584653,76,875.61257
4.42299,63,875.741008
1.963756,73,875.897784
4.201308,85,876.065041
4.94033,63,876.189736
3.844605,71,876.33276
1.936292,67,876.462854
-0.77141,125,876.703892
3.942967,95,876.889493
4.111338,74,877.034765
3.312553,74,877.175949
3.804064,92,877.357492
0.741589,95,877.54498
4.717003,63,877.670378
3.057155,64,877.79722
1.8825,86,877.965188
3.269366,69,878.100613
-0.914804,108,878.308606
5.043739,73,878.451236
3.305269,70,878.585877
2.973246,68,878.718756
0.720865,70,878.855038
5.783686,70,878.99017
1.14969,70,879.126131
2.814079,94,879.309294
3.39965,65,890.976722
1.148258,72,891.119992
-0.195786,87,891.291596
4.097546,65,891.417035
100.815401,46,891.511718
2.706874,68,891.647113
3.044052,66,891.778787
2.991206,71,891.918762
0.077745,82,892.081914
2.972842,81,892.242577
0.528738,74,892.389151
0.176152,79,892.542633
0.531653,82,892.719025
4.383537,71,892.882986
2.743038,73,893.045621
4.24478,69,893.198485
4.465264,64,893.341297
2.797598,85,893.528223
1.137941,71,893.674136
0.256967,80,893.82749
3.390685,82,893.993087
3.658911,69,894.133008
0.177502,147,894.429516
0.951112,78,894.591785
2.557961,67,894.733944
103.961329,64,894.8575
1.035465,72,895.002429
0.749167,73,906.330587
2.163049,70,906.467064
1.425989,97,906.653563
3.041708,66,906.782969
4.436433,63,906.90251
4.686082,70,907.035612
4.943562,63,907.155838
2.934994,72,907.351393
1.342452,71,907.492193
4.041238,70,907.626196
3.530248,66,907.755482
3.890846,68,907.892001
3.454939,69,908.029225
3.549951,70,908.163283
0.332266,92,908.34669
4.791331,85,908.521211
-0.256289,91,908.709395
4.132538,96,908.905243
1.662037,89,909.106004
1.877685,72,909.250934
3.54883,74,909.394207
2.251042,72,909.545778
4.820917,86,909.718599
2.676588,92,909.905258
0.310086,111,910.12587
1.936057,75,910.28161
0.925128,93,921.953857
1.08266,73,922.101124
2.739293,73,922.249495
-0.078885,101,922.448495
2.608718,68,922.587034
4.34444,64,922.716988
5.40983,69,922.857071
3.418471,68,922.995288
3.361303,82,923.171796
3.848069,66,923.304138
1.714178,72,923.446618
1.589645,71,923.589454
1.815121,72,923.743582
6.265071,68,923.878625
-0.696937,126,924.1285
101.143627,118,924.361507
2.352141,73,924.505303
3.351806,64,924.636755
3.372274,106,924.86561
0.528677,86,925.037421
3.915937,70,925.176635
4.103437,65,925.305115
2.11308,72,925.445215
3.120177,87,925.624344
3.768932,77,925.782243
102.843602,66,925.912451
3.77886,65,926.03924
3.116906,72,937.502904
5.52769,160,937.828917
1.416156,81,937.989665
3.359494,66,938.119223
-0.214555,92,938.304058
2.3682,92,938.497779
101.362504,48,938.594523
4.229909,70,938.736489
3.43302,66,938.868838
2.947901,80,939.036325
0.558508,88,939.240887
1.332985,79,939.405544
0.949284,75,939.560027
3.578531,67,939.692169
1.82032,71,939.832456
3.530575,67,939.966123
2.631879,82,940.127587
3.057765,66,940.255815
3.185015,71,940.39834
2.581739,65,940.541315
2.482746,66,940.673045
-0.283379,98,940.86728
1.547382,96,941.060508
0.825315,80,941.223822
0.98104,97,941.428635
3.633128,68,941.568859
1.343301,107,953.247947
4.421797,93,953.432788
-0.413271,85,953.600061
4.684918,76,953.757074
0.344643,81,953.914739
3.444153,82,954.091795
3.952091,87,954.270992
101.564169,92,954.453892
4.065047,70,954.592883
3.713357,232,955.055382
3.696781,66,955.189768
100.804909,86,955.358599
0.178553,83,955.522528
1.387777,72,955.668576
1.621009,72,955.819743
1.16173,78,955.975816
5.285518,66,956.106907
2.967627,87,956.296488
0.14606,106,956.579219
2.791515,66,956.712401
4.825269,62,956.83791
0.785603,92,957.017691
5.306807,64,957.143685
4.561317,66,968.962957
1.498913,68,969.103534
2.548669,77,969.261132
2.591801,98,969.453592
0.968997,77,969.606363
0.053617,96,969.800874
1.205678,82,969.977531
2.88558,64,970.113541
3.949331,64,970.242288
3.665371,72,970.387199
-0.983393,117,970.641388
3.951877,69,970.785385
2.429613,87,970.959083
1.996469,73,971.124009
-1.121193,125,971.377156
4.595014,67,971.540692
2.894223,73,971.698972
3.22818,63,971.826519
1.126781,93,972.01586
2.514993,69,972.149712
1.821633,87,972.322044
1.180736,120,972.592211
100.363432,97,972.826141
3.138849,68,972.970393
101.327627,64,973.104946
-0.123835,1000,986.846378
104.055518,64,986.973179
100.644856,61,987.101214
102.304497,83,987.280148
2.684308,73,987.431359
2.972309,99,987.63794
2.633463,71,987.782947
2.910635,68,987.925255
3.06951,64,988.065011
3.029451,73,988.217201
5.039655,69,988.359263
3.027623,71,988.503621
1.09921,105,988.71664
2.209468,69,988.850875
3.54594,70,988.986893
3.497412,65,989.115046
3.312784,91,1000.917012
4.693761,64,1001.042169
2.530176,74,1001.187347
2.87599,69,1001.323987
101.086386,79,1001.480089
0.865002,1000,1003.535765
0.220442,80,1003.710027
0.720905,218,1004.143121
3.369454,69,1004.276766
0.520154,89,1004.453855
2.686606,68,1004.598129
2.555965,79,1004.754981
103.700865,68,1004.892338
2.344346,67,1016.289311
-0.048463,97,1016.48281
0.777155,107,1016.690008
103.356388,54,1016.792884
2.417551,75,1016.940216
4.311352,77,1017.093323
3.441833,68,1017.230787
0.31562,90,1017.410551
101.246382,73,1017.556537
3.806299,70,1017.692315
0.811493,70,1017.827776
0.958546,122,1018.089629
1.960317,88,1018.260787
2.045792,78,1018.414797
-0.060476,101,1018.613718
3.094553,70,1018.754075
3.517561,75,1018.905111
1.522191,70,1019.04543
3.336719,67,1019.176504
1.399348,90,1019.372523
2.40099,69,1019.509738
4.693413,73,1019.658285
4.502081,73,1019.805165
3.700794,90,1019.988195
0.774068,82,1020.156444
2.354402,79,1031.91037
2.153932,72,1032.058532
4.341786,81,1032.220713
1.446516,69,1032.358754
102.021837,87,1032.534977
103.443211,63,1032.661082
101.097578,61,1032.786278
3.780021,68,1032.93095
101.293249,67,1033.076801
3.331291,80,1033.234818
1.26502,90,1033.415168
2.529322,76,1033.562303
101.14097,75,1033.70891
104.545501,64,1033.837527
3.129209,69,1033.97774
0.845568,164,1034.32416
2.550352,65,1034.460992
4.080182,64,1034.592438
3.748291,64,1034.725358
4.150125,75,1034.883321
5.378383,84,1035.068159
-0.387864,91,1035.258057
3.587308,64,1035.389497
4.967473,66,1035.526767
102.9376,75,1035.682013
1.855199,80,1035.841092
3.134262,78,1035.994963
5.318747,66,1047.36594
-1.318176,104,1047.574438
3.465985,66,1047.710284
1.787539,71,1047.854098
5.214811,64,1047.98162
3.470354,100,1048.192486
4.07162,66,1048.323342
-0.253557,87,1048.5011
4.782901,67,1048.63504
1.313458,95,1048.828907
1.704898,73,1048.982968
2.312661,89,1049.164479
5.30773,63,1049.291353
1.579352,71,1049.438113
1.639188,66,1049.572299
1.285857,70,1049.715852
-0.315119,96,1049.908149
4.018406,65,1050.037019
1.550832,71,1050.179602
3.34945,66,1050.312719
3.050209,106,1050.522445
2.989921,73,1050.669853
4.10749,66,1050.80093
100.333808,83,1050.980874
1.183025,71,1051.119081
2.581399,65,1051.249274
1.238152,119,1062.738323
2.388022,80,1062.895718
3.850405,76,1063.059428
101.094368,58,1063.176557
2.839723,74,1063.344086
2.032558,83,1063.509516
2.18445,83,1063.675122
0.6379,120,1063.92004
1.055855,85,1064.085594
1.000097,75,1064.240036
2.976205,80,1064.400625
104.38135,78,1064.557362
4.086754,69,1064.695184
2.903405,70,1064.836293
4.034609,70,1064.988528
0.598659,85,1065.168071
1.334121,81,1065.337458
1.631393,72,1065.484568
2.186675,66,1065.626525
1.426061,69,1065.762004
3.725643,82,1065.922559
4.120162,78,1066.075224
0.972204,75,1066.221924
3.753785,65,1066.351496
2.930195,77,1066.508086
1.729189,80,1066.681133
1.941277,66,1066.810446
101.357636,79,1078.258296
2.549953,70,1078.395823
5.414748,76,1078.551642
1.130704,97,1078.742851
101.099658,123,1079.009593
3.415956,69,1079.148896
0.81955,78,1079.305119
0.736153,79,1079.465907
3.693585,69,1079.610448
1.219663,111,1079.837281
4.09525,66,1079.974494
0.933686,113,1080.205498
1.062647,72,1080.349755
100.686875,75,1080.510586
1.114396,107,1080.727386
104.665392,67,1080.861307
1.113127,82,1081.02684
3.008583,78,1081.183547
1.320129,70,1081.324595
2.120961,71,1081.468219
1.72844,75,1081.618211
1.595957,72,1081.764025
2.192441,73,1081.909272
3.826368,70,1082.04711
101.355906,80,1082.208579
3.821987,64,1093.77064
3.505807,72,1093.918015
1.865233,77,1094.07359
101.986299,62,1094.198996
0.048093,294,1094.818562
3.033776,70,1094.962896
6.102171,68,1095.102334
1.090742,73,1095.251762
3.138398,72,1095.395566
0.161806,79,1095.556139
101.695614,90,1095.736335
-0.456539,110,1095.962267
4.024268,67,1096.093575
2.206184,73,1096.239859
1.310449,78,1096.408118
-0.279499,869,1109.375977
0.520173,82,1109.534648
100.600733,71,1109.676622
4.165686,117,1109.906855
3.330208,72,1110.050074
4.848229,65,1110.1809
101.481706,79,1110.336652
2.352823,76,1110.49999
4.07226,65,1110.625882
4.143917,68,1110.763073
5.69707,67,1110.90175
0.51219,90,1111.07833
2.115467,72,1111.216526
0.257098,87,1111.388398
0.954104,81,1111.544929
4.296005,75,1111.696556
0.787555,72,1111.838255
1.138536,76,1111.985293
5.193014,66,1112.114832
4.323334,75,1112.26496
-0.349432,1000,1125.884036
0.744685,94,1126.072418
5.190745,64,1126.198188
0.078419,1000,1128.267314
0.62641,75,1128.415591
2.07052,70,1128.556025
5.834209,68,1128.687634
3.20613,81,1128.846886
101.524671,64,1128.97711
1.339446,94,1140.681922
0.673733,81,1140.843818
102.257894,68,1140.978388
0.207336,1000,1142.982611
104.169741,62,1143.103566
2.276502,72,1143.246925
103.108772,72,1143.389292
5.097032,68,1143.521112
100.665631,83,1143.686869
1.572139,76,1143.837976
101.95755,87,1144.011169
1.031497,96,1144.214789
2.1481,75,1144.36367
101.349542,60,1144.483727
2.979155,70,1156.177451
0.673021,97,1156.372983
4.668778,91,1156.547451
101.158398,73,1156.691512
1.04923,84,1156.851323
5.166985,71,1156.991834
102.304424,71,1157.13126
4.327717,72,1157.273266
5.12327,80,1157.4246
-0.294852,90,1157.597818
100.847838,71,1157.75243
0.426166,95,1157.956079
5.771747,69,1158.116121
2.789866,67,1158.2655
-0.071276,94,1158.45632
-0.332603,92,1158.65471
101.176833,36,1158.734086
1.590926,103,1158.944443
3.851967,62,1159.071004
1.94096,70,1159.228303
2.859667,76,1159.391072
3.964608,96,1159.598131
2.82968,64,1159.734758
4.085647,79,1159.898649
4.598505,71,1160.04271
0.296099,1000,1173.801625
4.317363,63,1173.936812
3.382123,74,1174.092989
3.417244,84,1174.271005
-0.46057,235,1174.771874
1.933812,76,1174.937988
3.698568,65,1175.085979
0.511586,1000,1188.714935
0.003305,1000,1190.735274
101.165318,89,1190.912225
2.763252,69,1191.066213
4.366194,98,1191.267829
1.17551,72,1191.413361
100.595337,556,1204.040121
1.960192,64,1204.16881
2.729828,63,1204.289992
2.796426,95,1204.480304
-0.776167,97,1204.675677
0.457026,1000,1206.687444
0.916635,94,1206.867386
3.399003,71,1207.010644
101.12394,86,1207.177471
3.132389,83,1207.345501
3.834244,85,1207.510064
0.212511,1000,1221.23186
2.759812,69,1221.380582
3.933768,95,1221.581545
2.450524,68,1221.721238
0.249897,92,1221.903583
104.367425,58,1222.019373
4.632714,91,1222.197671
103.015542,76,1222.351567
1.901035,67,1222.482079
0.560788,76,1222.634395
0.332246,93,1222.816816
-0.146353,88,1222.995536
4.745257,72,1223.162258
0.180625,87,1223.341399
103.689669,86,1223.515829
101.74344,73,1235.025132
4.841623,91,1235.206551
1.35183,101,1235.411078
1.274269,126,1235.660877
-0.203904,80,1235.821895
1.713163,73,1235.967197
0.640474,98,1236.170061
2.478504,70,1236.309036
101.646486,76,1236.481287
0.905243,73,1236.632139
1.279745,72,1236.776977
5.111158,76,1236.934364
5.17276,76,1237.091433
5.911045,66,1237.22438
101.53045,80,1237.383922
4.673837,68,1237.52158
2.002624,81,1237.693758
4.108156,86,1237.871403
-0.014453,96,1238.06558
4.585477,87,1238.234824
0.017824,163,1238.556693
104.382098,62,1238.681233
0.833432,98,1238.881972
2.50517,84,1239.048464
2.266441,66,1250.600486
4.864762,66,1250.732726
3.628717,75,1250.880994
2.096974,67,1251.015069
3.392235,74,1251.16647
1.695527,101,1251.369783
3.734037,67,1251.505955
100.924605,142,1251.791769
3.085477,96,1251.983027
1.335038,71,1252.119088
2.954309,69,1252.255711
4.885812,69,1252.393189
1.542761,72,1252.534384
3.472494,67,1252.682877
2.60599,66,1252.813325
1.022053,134,1253.075774
2.287875,73,1253.221631
3.381727,67,1253.351003
2.044337,80,1253.504885
5.251705,63,1253.628823
1.972524,69,1253.768799
2.730839,70,1253.908108
2.121863,72,1254.049034
1.741377,75,1254.196926
1.763461,69,1254.335188
102.171917,67,1254.465071
0.617239,80,1265.949984
102.4578,69,1266.09115
103.483179,56,1266.203373
5.287781,68,1266.338192
2.616818,75,1266.486145
104.009394,69,1266.625307
5.395903,70,1266.762208
1.409083,83,1266.946938
4.036663,99,1267.146325
2.533297,68,1267.286493
1.33846,67,1267.419466
1.527202,72,1267.562479
2.35078,71,1267.704181
102.180889,76,1267.856955
-0.365057,91,1268.044525
101.000305,76,1268.201169
0.9832,82,1268.36565
0.331651,74,1268.514202
1.210529,72,1268.659086
0.863999,182,1269.03583
1.132053,91,1269.216777
0.987661,75,1269.366092
3.200675,63,1269.489191
2.601823,81,1269.643877
0.872306,75,1269.791467
3.897468,90,1269.971586
0.549082,99,1281.584403
5.65306,66,1281.721528
3.356339,68,1281.860708
1.559991,78,1282.018002
2.364004,73,1282.188326
2.129939,65,1282.31798
4.739152,75,1282.468205
3.644533,64,1282.596808
0.338399,85,1282.767637
2.767217,82,1282.935284
103.010019,62,1283.062259
100.857329,57,1283.179908
3.293599,89,1283.372867
4.536283,67,1283.506259
3.975992,91,1283.687811
4.70192,87,1283.865568
3.417042,66,1283.996711
3.931796,86,1284.171333
4.326457,93,1284.358163
1.079257,82,1284.521153
101.214494,70,1284.662347
1.180578,70,1284.803824
5.064935,97,1284.996516
3.496271,71,1285.139189
2.875474,67,1285.274484
4.594187,69,1285.427092
3.900656,78,1285.584284
1.475586,78,1296.890156
100.922282,76,1297.038772
4.743019,67,1297.1892
2.775915,65,1297.316231
1.177594,96,1297.505408
4.476038,65,1297.632665
4.02975,68,1297.764669
0.460467,78,1297.924819
2.912783,71,1298.065989
1.557811,65,1298.196595
2.522202,70,1298.33256
102.355166,78,1298.488925
4.953831,88,1298.671698
2.372778,78,1298.830525
4.911886,72,1298.987521
3.882869,75,1299.134877
100.0,1,1299.137476
0.927618,153,1299.44124
3.107575,90,1299.624491
1.559714,87,1299.799423
1.017711,92,1299.98361
101.290353,46,1300.076782
1.792033,79,1300.234616
-0.132049,1000,1313.689175
2.337489,65,1313.815842
1.914469,85,1313.989994
4.319977,64,1314.114861
1.179266,81,1314.281776
0.141063,96,1314.475462
2.064164,77,1314.627115
5.105847,69,1314.767492
-0.929098,94,1314.959331
3.684211,65,1315.090485
2.505639,88,1315.268823
-0.528975,126,1315.529979
-0.578084,97,1315.730739
1.99662,68,1315.8679
3.530121,65,1316.003146
102.052283,72,1316.146303
3.322235,79,1316.302655
4.276483,89,1316.483258
1.009684,72,1328.043438
4.854628,66,1328.172446
1.536194,76,1328.32325
2.50233,77,1328.474195
2.91556,66,1328.604762
2.623096,63,1328.742473
5.919474,64,1328.87132
4.056654,64,1328.999487
4.241865,71,1329.144773
2.926864,61,1329.268095
2.718418,78,1329.423076
3.074429,67,1329.554789
1.693947,73,1329.697427
3.467998,90,1329.871437
103.247087,54,1329.977902
1.231257,79,1330.130364
3.638425,74,1330.27757
5.091972,66,1330.408693
4.06067,93,1330.586464
2.759336,80,1330.748442
2.89976,73,1330.891416
5.052407,63,1331.015799
1.748951,102,1331.219249
105.455426,64,1331.345333
0.646879,79,1331.511926
2.47818,63,1331.640084
3.036402,64,1331.770958
2.614252,73,1331.917234
101.440762,89,1343.389786
4.499736,64,1343.522094
1.960664,84,1343.689274
100.090419,38,1343.764198
3.855383,69,1343.8994
101.377659,66,1344.032119
102.650148,75,1344.184667
4.119941,64,1344.311696
1.91184,107,1344.528318
4.316435,65,1344.657767
102.546475,58,1344.786026
101.113516,83,1344.959026
4.211308,79,1345.118457
1.372662,69,1345.25955
2.087349,71,1345.404382
2.854574,68,1345.539068
4.860423,84,1345.7069
1.376684,83,1345.877963
104.60885,63,1346.017792
3.680661,71,1346.159523
101.302238,51,1346.259636
1.485262,79,1346.413017
3.571443,67,1346.550008
3.713002,77,1346.700978
0.852019,74,1346.844109
3.905237,70,1346.983296
100.486054,58,1347.09485
-0.690583,118,1347.328043
4.587471,80,1358.681796
3.515406,65,1358.810007
4.168414,78,1358.96243
0.983319,108,1359.171068
4.594925,65,1359.302218
2.012049,63,1359.428313
1.892028,75,1359.575347
5.501519,62,1359.695993
5.702182,63,1359.818841
1.541051,107,1360.032313
0.208045,108,1360.257524
4.751674,62,1360.401685
105.819775,64,1360.536535
103.608892,60,1360.660559
5.417318,65,1360.79494
1.129448,84,1360.966786
100.73923,78,1361.127025
1.630509,65,1361.262525
100.203625,65,1361.397526
3.343262,66,1361.533049
4.053231,69,1361.677995
0.29648,72,1361.841488
5.188896,67,1361.973856
4.19507,72,1362.117201
4.498986,65,1362.246779
-2.370489,221,1362.678644
0.698382,72,1374.165773
2.36744,69,1374.300196
101.630382,74,1374.443327
0.90378,72,1374.583245
0.5293,87,1374.753708
3.546915,68,1374.88783
4.998686,88,1375.064061
1.678345,81,1375.226138
1.956134,84,1375.390082
101.60589,71,1375.532205
100.841872,45,1375.617105
1.874912,81,1375.787814
102.297638,52,1375.887829
3.002365,73,1376.029402
1.276887,83,1376.197819
2.439255,64,1376.338453
1.032156,85,1376.511348
102.282542,66,1376.648323
0.609599,76,1376.80856
2.936414,75,1376.970858
102.343476,77,1377.132998
103.819552,64,1377.262119
0.582469,123,1377.507182
4.690617,63,1377.632675
4.563505,67,1377.763839
1.876179,70,1377.905262
3.062656,65,1378.038897
4.861768,67,1378.175468
2.661978,68,1389.788513
2.068897,67,1389.917705
1.216551,69,1390.052017
4.639687,87,1390.224206
103.461952,68,1390.357482
104.406388,67,1390.488078
3.928364,79,1390.644763
4.837011,63,1390.771053
1.015141,98,1390.974521
0.024776,72,1391.113198
3.594155,98,1391.306935
4.124586,63,1391.429994
101.104526,82,1391.590435
4.177287,65,1391.7182
3.654668,74,1391.861481
3.084481,69,1391.996131
3.350388,71,1392.138266
5.25056,72,1392.27858
-0.04023,1000,1405.646116
101.647535,83,1405.81669
0.507626,121,1406.071609
4.811578,70,1406.216111
103.114511,50,1406.334201
103.113967,61,1406.461702
2.639487,68,1406.601236
3.027071,86,1406.782633
0.805498,71,1406.919202
1.370107,117,1407.14461
1.020225,97,1407.333459
5.854218,68,1407.467395
2.959441,72,1407.613002
102.10112,77,1407.763911
1.464638,72,1407.901897
1.757537,64,1408.040972
100.963654,88,1408.211427
4.968455,63,1408.333006
2.361262,88,1408.500818
-0.530941,1000,1422.066922
1.537977,70,1422.205043
1.575565,68,1422.342133
3.255456,66,1422.478703
4.182327,67,1422.61051
101.078013,108,1422.82777
1.313768,78,1422.984864
1.938045,67,1423.134342
0.322156,1000,1436.504642
1.109294,71,1436.655047
102.867205,73,1436.802138
101.769996,60,1436.926106
4.258691,65,1437.057616
0.200274,72,1437.201981
-0.494974,101,1437.402748
2.204505,75,1437.549942
4.785185,78,1437.706123
4.15275,65,1437.835618
102.072554,59,1437.950411
1.327002,94,1438.134624
1.102603,76,1438.284688
2.854808,75,1438.428145
3.934299,95,1438.608613
100.708016,93,1438.784142
4.589751,68,1438.912045
3.298371,67,1439.036929
2.606667,69,1439.170168
0.834293,76,1439.320143
2.626459,65,1439.442674
4.054883,64,1439.56304
2.869768,70,1439.697391
2.997603,69,1439.830883
4.671797,104,1440.027781
0.176851,86,1440.19495
3.216462,67,1451.829629
2.080159,72,1451.972528
3.807936,65,1452.100539
4.037744,67,1452.241918
1.962962,75,1452.390758
2.75187,68,1452.523396
4.307196,64,1452.6489
1.470185,85,1452.81971
0.9264,72,1452.965327
4.883874,63,1453.090017
2.967101,66,1453.218805
4.230002,80,1453.375474
0.395022,74,1453.540297
2.090041,80,1453.706643
1.012315,90,1453.891485
-0.184135,88,1454.071986
0.302885,1000,1467.390017
0.763483,93,1467.570926
0.911514,125,1467.814148
2.236393,84,1467.981651
1.654363,70,1468.125045
-0.331434,118,1468.361567
0.241491,79,1468.522594
3.278153,64,1468.654739
4.428199,63,1468.782452
101.441453,78,1468.940282
1.317734,70,1469.082056
4.599969,80,1469.24399
1.662932,70,1469.386461
102.813302,81,1469.552716
4.103584,70,1469.693504
0.817858,74,1469.844003
3.638177,80,1470.006503
4.580017,64,1470.136871
1.840416,74,1470.287809
102.299468,47,1470.385079
2.888876,79,1470.543998
0.970792,134,1470.820501
1.593482,76,1470.96961
4.135006,93,1471.14689
1.884842,69,1471.278091
-0.262065,82,1482.990795
100.733699,66,1483.129991
-0.626273,227,1483.589897
104.419389,61,1483.711332
3.007216,70,1483.848777
3.98899,75,1484.008598
1.048943,83,1484.175657
103.346289,86,1484.348914
-0.574264,92,1484.524941
3.955798,85,1484.691214
0.222535,153,1485.011235
101.159098,100,1485.206015
2.263669,64,1485.333946
3.952375,65,1485.466255
3.322201,65,1485.598889
0.196294,100,1485.827031
3.593053,65,1485.955487
-0.567673,182,1486.356369
6.00228,65,1486.490925
102.152766,72,1486.642692
2.320069,89,1486.832462
-0.058903,1000,1500.459399
0.437284,79,1500.624149
2.531345,74,1500.778747
2.505537,77,1500.936076
0.540499,1000,1514.415471
2.202116,71,1514.574952
2.350899,69,1514.712179
2.517708,68,1514.846679
1.146626,73,1514.992191
5.465608,62,1515.115018
-0.2755,100,1515.311895
3.678587,66,1515.446305
2.882639,68,1515.58056
3.494203,74,1515.726835
1.840505,84,1515.887152
3.268748,78,1516.039334
2.133192,69,1516.174344
102.496529,67,1516.305875
2.800242,75,1516.456923
3.286691,85,1516.623308
5.590106,64,1516.750389
3.324185,63,1516.875072
3.260771,68,1517.008546
3.793757,67,1517.146584
3.859075,66,1517.288183
-0.465258,85,1517.469538
3.427217,66,1517.608178
5.13492,62,1517.739262
2.154919,65,1517.874152
101.628176,68,1518.010978
2.209502,70,1518.145764
105.035948,61,1518.266676
3.653699,85,1518.432575
4.473629,66,1530.155182
2.698018,63,1530.285691
2.618861,70,1530.426665
3.540615,67,1530.56249
2.15835,71,1530.710004
2.022191,69,1530.85045
2.827106,66,1530.987492
1.086206,84,1531.165413
-0.76318,120,1531.415387
3.779641,74,1531.583022
-0.372786,85,1531.762112
5.283562,63,1531.896008
1.681429,82,1532.069085
101.352296,63,1532.196336
0.854132,100,1532.401062
1.439798,72,1532.547796
102.036303,63,1532.679388
3.461103,65,1532.822813
1.331122,84,1533.018842
3.079348,68,1533.156462
1.569895,63,1533.283902
-0.199105,82,1533.454607
4.084075,70,1533.601863
-0.041195,90,1533.794714
0.38257,70,1533.942981
-1.601258,116,1534.183982
0.006806,109,1546.043742
2.719149,78,1546.216666
1.458262,85,1546.407381
0.792966,80,1546.580284
-0.618369,1000,1548.680723
1.118948,72,1548.829562
3.016339,67,1548.966324
0.616084,72,1549.128638
101.097489,64,1549.260224
2.015991,70,1549.406054
-0.261705,1000,1563.086904
2.562453,77,1563.245069
2.634184,90,1563.436801
2.489477,66,1563.577435
2.130954,97,1563.777573
3.77941,68,1563.917204
3.059992,65,1564.052122
0.265299,91,1564.240558
101.916896,88,1564.424107
1.094734,71,1564.573322
2.536859,74,1564.74317
1.600234,96,1564.944571
1.736509,69,1565.089639
104.080024,63,1565.21993
1.080462,74,1565.366535
1.951828,68,1565.501828
102.164951,64,1565.633285
5.769519,85,1565.808658
0.759468,129,1566.075198
2.851973,71,1577.821069
1.943115,74,1577.968456
1.345818,79,1578.130862
2.259136,65,1578.264024
4.425575,106,1578.48067
2.310449,68,1578.619055
2.547735,91,1578.806873
103.391692,72,1578.9687
1.76828,99,1579.192543
101.198557,48,1579.29615
3.830474,62,1579.436891
3.054694,78,1579.604182
103.467904,65,1579.750069
4.860712,65,1579.886612
1.944806,77,1580.043587
5.724715,64,1580.180378
3.02709,73,1580.333095
2.086331,69,1580.484466
101.616728,88,1580.672933
2.347178,76,1580.824409
1.504072,70,1580.966284
100.789743,85,1581.137362
3.059337,77,1581.28912
2.486456,75,1581.437618
102.036105,56,1581.548151
3.566684,75,1581.693443
3.728903,62,1581.812884
4.151563,70,1581.951839
1.497612,68,1593.811566
4.366841,64,1593.938907
1.855539,69,1594.07643
101.408695,57,1594.188618
-0.232859,94,1594.384307
4.105261,72,1594.532873
102.655305,64,1594.66163
101.303357,83,1594.841885
0.530867,84,1595.01069
1.063917,88,1595.188081
0.636609,84,1595.357307
3.909729,93,1595.543081
3.701405,87,1595.722081
3.008749,80,1595.884672
1.4992,67,1596.016246
4.569815,64,1596.141148
0.803211,74,1596.290236
3.221435,67,1596.428482
3.163555,66,1596.556998
2.173472,68,1596.692337
105.040985,66,1596.824951
0.784622,77,1596.979676
101.736265,62,1597.103125
4.110625,80,1597.264215
100.759312,40,1597.34692
2.81552,65,1597.486899
1.37117,82,1597.66053
2.013534,72,1597.800778
100.41095,94,1609.182957
5.201485,70,1609.318165
2.702762,61,1609.434729
3.317954,162,1609.761835
3.990791,75,1609.910786
100.896745,40,1609.985135
1.674644,66,1610.1161
4.014894,65,1610.243606
3.911374,64,1610.370101
1.933658,73,1610.513838
2.472807,60,1610.636625
3.810028,63,1610.756432
3.505424,63,1610.877951
3.057239,74,1611.024548
102.144259,63,1611.143721
1.641571,65,1611.272593
1.605228,77,1611.442749
4.730618,66,1611.571373
2.363948,71,1611.710156
1.108891,98,1611.903783
101.28349,56,1612.017197
1.064444,88,1612.192781
5.549974,74,1612.34095
102.128795,69,1612.477712
2.817137,76,1612.628734
5.017486,84,1612.795842
4.6161,82,1612.960742
4.579657,63,1613.084855
0.56423,76,1624.804911
2.597304,79,1624.962989
101.047748,107,1625.176931
4.401062,70,1625.317491
1.058213,73,1625.462666
2.147502,93,1625.644997
3.325233,65,1625.780991
103.116559,57,1625.905631
1.608341,77,1626.064492
101.082393,59,1626.186537
101.916924,63,1626.327143
3.461695,68,1626.467031
3.803885,72,1626.61263
3.059999,75,1626.765348
3.161207,74,1626.913449
3.559921,64,1627.043448
4.096661,74,1627.196443
3.596032,94,1627.389113
2.091618,69,1627.527103
103.521134,66,1627.67684
100.76706,59,1627.794383
5.041194,63,1627.92136
0.873838,117,1628.16085
0.223533,91,1628.346069
3.720113,67,1628.485061
2.800513,64,1628.613459
3.781632,71,1628.755128
6.225494,71,1640.261528
1.252358,98,1640.457516
4.950102,67,1640.594838
0.827268,80,1640.752484
5.847551,72,1640.897232
2.746801,67,1641.034371
0.841188,72,1641.176071
3.647187,78,1641.337192
1.280206,69,1641.47409
3.803136,81,1641.649989
0.536918,78,1641.805422
3.014072,66,1641.937585
2.141694,72,1642.07963
5.801366,72,1642.223156
0.639245,80,1642.382281
2.386695,67,1642.522382
0.660115,86,1642.704509
2.874153,83,1642.912422
3.483059,71,1643.055479
4.635507,64,1643.183108
0.013434,1000,1656.733757
1.463966,71,1656.887589
4.616843,65,1657.01843
0.94454,76,1657.173016
1.77545,75,1657.325858
4.696595,66,1657.477772
5.400741,72,1657.628885
100.360004,63,1657.764222
3.978385,63,1657.890778
5.210753,70,1658.035899
0.779017,84,1658.204872
0.276815,1000,1671.709957
4.798408,63,1671.837692
4.679583,65,1671.973846
2.406206,68,1672.113526
3.796158,75,1672.265533
2.05991,77,1672.417909
3.611819,92,1672.603595
4.384788,66,1672.73738
0.573298,141,1673.019852
0.371273,73,1673.171278
4.099484,67,1673.318652
3.207726,65,1673.451777
-0.336501,104,1673.660108
4.478498,64,1673.791267
4.38324,64,1673.915521
4.775404,108,1674.125213
0.104934,182,1674.482082
2.088293,69,1674.617795
4.205202,68,1674.748296
101.023646,84,1674.915056
2.236679,71,1675.053076
102.162938,56,1675.172809
4.005986,65,1675.316607
101.725014,93,1675.518182
100.746544,54,1675.636239
0.144769,103,1687.253803
4.088122,64,1687.39435
4.364676,88,1687.576121
100.549576,266,1688.119083
2.233693,69,1688.262547
4.133981,64,1688.391994
5.42777,93,1688.583977
1.547021,79,1688.752416
4.056788,61,1688.88043
-1.13987,135,1689.159907
1.189163,73,1689.309696
3.710553,63,1689.441119
100.348114,85,1689.615044
101.437746,57,1689.728987
0.682088,73,1689.877796
-0.526274,117,1690.114558
3.491074,62,1690.251197
4.933025,73,1690.400851
4.408088,81,1690.568188
0.888513,73,1690.723368
2.480794,90,1690.914653
5.452674,78,1691.075477
2.845894,78,1691.235507
1.607251,69,1691.386872
2.178683,69,1702.981037
-0.090877,1000,1704.979549
1.627818,77,1705.134911
2.141425,75,1705.284562
3.8905,72,1705.424794
0.917348,75,1705.59966
102.102679,95,1705.78386
3.012475,71,1705.927648
3.702575,70,1706.077647
-0.02628,106,1706.291742
0.887705,70,1706.433917
101.355565,98,1706.651237
3.946869,63,1706.779067
0.522821,74,1706.922351
0.257136,80,1718.358141
1.237652,80,1718.514092
3.997317,86,1718.695781
3.5776,63,1718.821948
1.468602,69,1718.958647
103.559972,62,1719.083297
3.802772,94,1719.269372
-0.373904,86,1719.445907
100.761346,87,1719.621354
2.956085,77,1719.777896
2.791916,74,1719.923802
-0.306438,74,1720.072676
1.38569,84,1720.242675
3.183772,85,1720.414912
101.698476,87,1720.593969
102.087813,85,1720.767177
4.411979,65,1720.89836
3.504393,66,1721.030103
4.048266,72,1721.174124
3.419977,63,1721.302483
4.747861,84,1721.471161
-0.057982,1000,1734.704637
0.983377,95,1734.896773
4.019034,78,1735.056157
103.066495,69,1735.208028
100.65143,40,1735.287948
1.467187,71,1735.427288
2.939495,68,1735.560274
4.600182,63,1735.686291
103.802243,55,1735.796417
2.263752,76,1735.949758
104.873149,60,1736.065405
3.753542,65,1736.195409
101.55231,84,1736.370874
4.414101,75,1736.529319
1.413925,84,1736.694541
100.429049,60,1736.813983
2.002341,73,1736.959766
3.040617,64,1737.084763
3.239523,95,1737.274393
2.547437,69,1737.415583
2.402747,68,1737.548346
1.812236,72,1737.691186
0.849964,81,1749.238569
5.296299,63,1749.363407
2.206971,68,1749.496865
102.38852,84,1749.661691
-1.476174,920,1751.530571
3.771504,73,1751.675435
1.334588,72,1751.827268
0.268737,71,1751.97254
3.362159,64,1752.121607
5.833462,67,1752.256841
4.075678,64,1752.382286
3.537064,86,1752.55418
2.98235,68,1752.690658
1.821885,69,1752.831158
3.733399,78,1752.983975
100.254343,44,1753.075979
2.338072,69,1753.211215
0.902347,69,1764.670598
3.842077,65,1764.799011
4.602988,75,1764.949296
4.358377,67,1765.079961
0.05655,1000,1767.081296
1.559558,92,1767.262022
2.094193,65,1767.388084
4.575899,64,1767.51505
4.192736,64,1767.639402
3.847476,66,1767.769537
2.798056,73,1767.928378
2.373548,81,1768.087292
4.226825,62,1768.207981
0.115024,90,1768.39327
4.21382,64,1768.518359
2.324963,81,1768.677981
-0.488574,93,1780.212193
4.014988,69,1780.349964
105.97136,65,1780.480179
100.551021,58,1780.593654
4.805112,73,1780.742005
4.933884,65,1780.873409
3.952289,71,1781.015637
100.367593,54,1781.123971
4.056947,66,1781.258551
102.353625,67,1781.395673
3.44739,68,1781.536152
1.386249,91,1781.725679
2.260622,82,1781.892732
2.500789,66,1782.027339
0.29732,1000,1784.038617
0.373003,1000,1797.431329
1.905868,68,1797.578073
102.58291,67,1797.714258
3.320176,66,1797.843704
1.955536,83,1798.019613
5.539213,74,1798.171404
-0.792525,132,1798.452603
0.280438,100,1798.660566
5.179367,73,1798.811079
1.886026,84,1798.976228
0.750632,72,1799.123308
0.945102,92,1799.309798
100.71962,71,1799.446134
0.356101,76,1799.596815
4.465106,65,1799.724056
2.49844,74,1811.261018
3.641615,65,1811.390021
101.271997,98,1811.582033
0.58007,90,1811.777892
3.458335,80,1811.935073
0.340186,90,1812.118878
3.117779,64,1812.254632
0.721532,71,1812.399123
3.232965,72,1812.560688
0.265069,87,1812.735345
2.324434,74,1812.890599
3.059839,78,1813.05403
3.90331,82,1813.216665
0.571027,88,1813.392876
3.404876,87,1813.567317
2.421423,68,1813.706055
1.598373,70,1813.863385
4.09967,82,1814.030998
-1.576339,106,1814.245212
1.57448,87,1814.416647
3.729284,64,1814.542219
102.141138,65,1814.676474
1.444674,77,1814.8301
2.095188,73,1814.973807
3.180656,77,1815.125905
3.90236,71,1815.266059
102.280698,47,1826.916657
3.832935,64,1827.042759
2.778373,67,1827.175176
2.02684,69,1827.310488
102.627896,54,1827.418896
101.068268,51,1827.526134
101.395009,83,1827.694587
2.236767,69,1827.835485
101.474303,84,1828.031068
0.613128,73,1828.174032
2.022805,69,1828.308685
3.616766,70,1828.445524
102.115086,59,1828.564896
101.177,73,1828.710862
2.712109,67,1828.841138
1.457638,69,1828.974674
102.014372,63,1829.094515
1.740013,94,1829.27554
0.510785,1000,1842.514875
0.21764,1000,1844.516902
102.153956,80,1844.680283
3.746176,64,1844.808716
0.759256,79,1844.97002
4.472465,73,1845.120516
1.07426,74,1845.281005
5.233486,88,1845.457131
4.413787,67,1845.589296
1.176267,101,1845.795055
101.288733,97,1845.989041
2.025273,80,1846.149069
0.511033,83,1846.318734
1.71839,80,1857.777339
4.418897,62,1857.904863
2.797421,76,1858.060726
4.011466,73,1858.207155
2.662964,68,1858.345016
101.463578,87,1858.521321
1.330838,74,1858.671577
3.315998,69,1858.811494
1.758746,64,1858.947832
3.004978,73,1859.106697
-0.082778,88,1859.286052
1.844383,75,1859.437243
3.103419,68,1859.574113
3.511962,70,1859.714526
3.206379,83,1859.88477
0.637319,77,1860.043037
1.125822,90,1860.224775
3.687436,77,1860.398787
2.703728,79,1860.55983
4.562317,103,1860.772346
3.581566,63,1860.901324
4.669202,79,1861.060387
0.536111,165,1861.391557
0.988523,69,1861.531177
1.422159,95,1861.718859
102.285897,72,1873.190544
5.126516,63,1873.316502
-0.141564,94,1873.504601
2.691474,62,1873.624523
4.73501,62,1873.747442
100.06432,68,1873.88542
3.710803,63,1874.007287
101.225575,61,1874.129466
5.087442,65,1874.276905
0.864077,89,1874.45659
0.679954,86,1874.628205
3.725509,71,1874.773276
101.463009,68,1874.912199
100.955074,74,1875.062968
1.967098,88,1875.239178
1.504297,70,1875.37766
3.731541,85,1875.544669
105.120443,66,1875.686457
101.472241,79,1875.845504
100.213118,20,1875.888827
2.036052,65,1876.020931
2.516656,71,1876.162194
2.490297,69,1876.303219
2.266544,66,1876.435447
2.066676,66,1876.569827
4.134984,65,1876.698755
3.974699,72,1876.843386
2.832082,81,1877.003084
5.558321,62,1877.128566
0.939099,98,1888.700032
4.074645,64,1888.828482
105.106722,59,1888.948101
0.3388,165,1889.274383
103.514831,55,1889.400626
105.57385,76,1889.555333
1.988528,69,1889.69629
4.537891,68,1889.837887
0.952872,73,1889.987222
0.975262,87,1890.162868
0.735666,71,1890.31217
3.816079,63,1890.440163
5.465696,72,1890.585678
4.927356,64,1890.710883
101.21933,83,1890.880553
2.579353,70,1891.021078
1.918848,68,1891.168066
-0.212118,114,1891.397563
101.049034,86,1891.569659
3.21763,64,1891.69982
0.323539,80,1891.862657
4.163849,90,1892.044038
4.950089,63,1892.170397
3.078382,64,1892.297854
2.878277,81,1892.458346
1.604768,80,1892.620652
3.520276,64,1892.762589
3.373479,69,1904.218273
-0.031016,203,1904.62359
3.017107,64,1904.750087
0.737596,72,1904.890882
0.685443,102,1905.103919
102.521685,78,1905.268409
101.673747,74,1905.413569
4.471214,69,1905.550639
100.472942,119,1905.784563
3.08978,60,1905.904787
2.158554,90,1906.082917
100.282442,66,1906.212408
2.799324,67,1906.348277
3.003944,68,1906.488288
2.657599,65,1906.626247
2.619445,69,1906.777249
2.872949,75,1906.931833
4.168003,64,1907.060342
4.493682,64,1907.192345
5.277193,78,1907.354563
1.360015,74,1907.507768
3.687018,71,1907.649314
4.388995,64,1907.77587
3.111929,70,1907.932471
3.244761,67,1908.070625
101.614935,66,1908.206893
103.547522,56,1919.835815
101.180323,78,1920.007031
3.694461,79,1920.161913
1.73873,71,1920.300202
4.790739,67,1920.435526
1.915805,83,1920.604586
1.264617,71,1920.750963
3.791177,65,1920.881098
4.677637,65,1921.01054
0.953038,91,1921.192722
3.951068,64,1921.320859
0.049659,126,1921.5686
3.770499,60,1921.686628
0.203606,133,1921.953209
2.0797,68,1922.08954
2.356156,60,1922.20611
3.115927,64,1922.333172
0.4503,103,1922.539342
2.503294,70,1922.679096
3.985721,67,1922.816404
1.776768,67,1922.951766
0.121824,1000,1936.769109
101.571849,72,1936.915311
103.928772,65,1937.049007
4.425123,67,1937.196051
1.572561,65,1937.333979
4.216396,87,1937.539378
2.141722,68,1937.670829
1.278574,74,1937.820386
3.117835,65,1937.946944
0.176457,83,1938.131819
4.333631,69,1938.286996
3.595527,64,1938.428919
1.752718,69,1938.582728
0.534881,88,1938.785085
0.469491,90,1938.9756
2.03595,68,1939.119878
101.170024,38,1939.198678
4.76828,70,1939.351496
4.583815,63,1939.484896
0.992961,77,1939.648479
4.901097,96,1939.851989
101.010087,128,1951.866447
2.356721,69,1952.017653
3.408779,67,1952.162173
2.070077,88,1952.339423
4.73843,68,1952.478157
3.048559,65,1952.610937
103.778514,64,1952.738686
3.888189,64,1952.866119
1.353146,67,1953.000192
-0.786128,103,1953.207302
2.901776,67,1953.342842
1.354261,131,1953.641728
4.262017,63,1953.771607
0.302713,73,1953.911702
3.222924,66,1954.044931
-0.512633,1000,1967.467644
3.332983,65,1967.594695
4.050504,64,1967.722634
1.434031,80,1967.880653
3.793069,68,1968.022349
2.481816,68,1968.15469
-0.935378,97,1968.351233
1.71804,64,1968.482965
-0.012663,85,1968.651324
-0.356703,83,1968.813844
1.168909,79,1968.984015
4.240552,63,1969.111045
104.41474,61,1969.232372
2.535178,65,1969.367012
4.182024,61,1969.494946
100.628676,59,1969.620156
2.748124,70,1969.760181
4.096433,87,1969.930017
2.240455,72,1970.069619
4.373476,89,1970.251838
100.502011,58,1970.367862
4.358166,66,1970.498999
0.984074,78,1970.663177
0.325792,75,1970.813374
3.65536,66,1970.942384
4.64656,71,1971.079485
4.365075,62,1971.197019
2.323699,78,1971.348581
4.463969,63,1971.468652
3.809369,71,1982.885085
5.468177,73,1983.02882
101.351041,92,1983.209281
4.08914,73,1983.351054
4.081579,74,1983.500959
2.022308,78,1983.652596
4.768514,66,1983.778651
1.645099,66,1983.91122
-0.166616,179,1984.259632
-0.54795,81,1984.436486
100.591629,63,1984.56173
4.369918,90,1984.737824
101.439459,88,1984.912965
0.704071,86,1985.080144
0.911159,84,1985.244788
0.15531,91,1985.422523
2.113996,65,1985.551282
2.848493,77,1985.705372
3.398856,66,1985.83756
100.880816,62,1985.976962
3.700477,81,1986.142298
2.672448,65,1986.269948
2.478948,70,1986.407366
3.782881,65,1986.534162
3.870045,65,1986.66204
102.452633,75,1986.806929
0.970949,113,1998.550989
3.020771,74,1998.697176
1.354267,102,1998.900883
1.365571,75,1999.046197
2.077012,69,1999.179239
2.185282,84,1999.358456
5.604336,63,1999.481932
102.811504,61,1999.604185
3.669998,98,1999.805804
4.066865,80,1999.968332
4.035571,65,2000.098982
3.208716,62,2000.224198
0.49037,77,2000.378066
-0.100578,89,2000.555819
1.363232,77,2000.707829
2.03694,69,2000.846854
4.407056,92,2001.048727
1.796605,88,2001.222053
2.971399,67,2001.357167
2.548627,62,2001.478742
4.562961,91,2001.665224
101.403238,71,2001.808649
1.233217,70,2001.959339
3.991378,66,2002.091934
3.733678,62,2002.218172
5.075611,62,2002.344934
2.604266,85,2013.818211
2.178726,69,2013.976652
-0.312154,80,2014.137772
1.664163,72,2014.285422
2.996378,65,2014.424928
102.060899,58,2014.546106
5.016096,68,2014.683606
3.736899,65,2014.818089
5.132931,60,2014.940497
2.815885,89,2015.114774
4.812143,66,2015.247966
3.476188,68,2015.387383
4.183587,65,2015.51916
1.8963,70,2015.658658
102.227781,68,2015.791894
2.958866,63,2015.9227
2.823211,61,2016.044564
2.811987,72,2016.18849
101.865069,62,2016.313756
3.218903,70,2016.454624
102.201983,74,2016.602978
4.180762,70,2016.741743
4.750057,69,2016.878817
1.993872,70,2017.019437
101.516173,73,2017.163242
2.329995,69,2017.299888
-0.808197,99,2017.503007
1.976929,69,2017.639127
0.475849,1000,2031.14877
103.244522,73,2031.292251
4.682059,63,2031.416123
1.899544,75,2031.566626
2.715644,68,2031.701344
1.131254,72,2031.844475
4.543521,66,2031.973569
1.059902,151,2032.290557
101.270882,77,2032.44259
2.844811,78,2032.599482
4.606562,76,2032.753623
2.471985,62,2032.878592
101.150895,85,2033.051455
4.052433,81,2033.217558
5.44204,63,2033.344254
1.426828,69,2033.482075
103.088189,68,2044.873826
2.654846,81,2045.051512
1.420306,80,2045.211018
4.416612,71,2045.353604
100.502833,51,2045.456029
0.410454,1000,2047.468875
0.639319,89,2047.651552
103.88378,60,2047.778972
3.492934,93,2047.966305
2.049968,69,2048.104583
0.792567,73,2048.254284
4.825758,63,2048.383802
3.376116,71,2048.528162
3.539911,65,2048.673737
100.646471,67,2048.806018
2.769886,65,2048.933161
100.909115,57,2060.34522
0.858182,123,2060.603808
4.096048,64,2060.733317
4.113801,63,2060.861183
1.641621,70,2061.009071
3.950442,63,2061.139128
5.543606,87,2061.318082
3.189309,64,2061.447181
4.249663,71,2061.586866
1.472369,78,2061.743173
0.425039,92,2061.925758
5.160288,74,2062.072694
0.802533,76,2062.226858
4.908851,64,2062.35826
-0.616263,87,2062.535511
-0.368604,90,2062.718151
2.381705,68,2062.855353
0.050431,101,2063.06389
4.493824,68,2063.198141
2.782971,74,2063.344749
0.435168,1000,2076.754887
101.281958,69,2076.892412
4.389237,65,2077.021097
2.516153,69,2077.159101
101.061046,90,2077.351696
0.650409,128,2077.601573
1.627663,80,2077.761709
3.245147,72,2077.907887
2.646073,86,2078.083394
101.093179,61,2078.207099
3.428859,68,2078.342958
1.109285,77,2078.495479
1.732749,68,2078.630237
2.796588,68,2078.782583
1.202238,109,2078.996088
101.139544,63,2079.125425
104.001824,58,2079.242526
-1.097238,100,2079.439409
4.172103,66,2079.576645
-0.246122,170,2079.914872
1.050515,72,2091.470903
3.678833,64,2091.601492
3.901573,80,2091.761164
1.01077,84,2091.927081
0.303669,94,2092.118728
5.03462,69,2092.256706
4.689448,65,2092.38937
3.174065,65,2092.521409
103.217651,52,2092.626002
103.215734,84,2092.790308
2.657245,65,2092.92153
101.675779,50,2093.041272
1.341671,69,2093.177057
2.036474,71,2093.318062
1.501413,87,2093.492339
5.302479,63,2093.617728
3.36491,74,2093.767744
3.597917,64,2093.895722
101.210744,67,2094.033527
2.206551,69,2094.172043
4.265756,84,2094.340574
1.446595,139,2094.643695
2.760925,88,2094.819203
3.936932,80,2094.979702
2.092477,67,2095.118246
3.444728,80,2095.274926
5.904543,77,2095.424903
103.264544,57,2106.890974
5.833442,66,2107.039429
101.297654,54,2107.150182
101.225194,77,2107.29608
2.532322,67,2107.431289
4.615147,62,2107.560056
4.41694,65,2107.684317
3.917684,87,2107.857527
2.388988,71,2108.010587
0.838968,91,2108.189445
101.173263,77,2108.349114
2.996811,79,2108.509032
102.720399,59,2108.628466
4.627276,63,2108.75857
2.055808,70,2108.89598
101.425964,90,2109.074997
1.012472,83,2109.23746
4.177487,72,2109.379343
-0.211418,85,2109.544149
4.608036,69,2109.678742
101.012194,174,2110.02138
-0.633901,120,2110.258415
3.92668,64,2110.388315
0.924345,97,2110.579282
100.614309,85,2110.743019
4.320125,63,2110.868819
1.816799,84,2122.339144
3.593093,79,2122.502614
101.538483,51,2122.600791
4.990172,62,2122.726617
0.553921,73,2122.880655
2.118766,69,2123.017048
4.279126,64,2123.144325
3.015261,68,2123.282051
-1.058058,85,2123.471479
2.185615,66,2123.59988
1.200264,90,2123.778759
2.927944,67,2123.915669
101.172259,53,2124.026332
3.994094,76,2124.176234
5.873948,70,2124.311461
1.343117,72,2124.450456
102.350286,48,2124.545664
-0.590957,82,2124.707558
0.423641,85,2124.878453
0.530939,84,2125.059551
1.946005,71,2125.193434
3.441455,89,2125.366553
4.860382,65,2125.493168
3.533702,67,2125.621029
0.17175,86,2125.788139
4.070411,74,2125.931722
4.127553,65,2126.05908
-0.245977,127,2126.305403
5.243797,78,2137.703803
1.057958,73,2137.843395
102.907802,70,2137.975029
5.436162,61,2138.091636
100.30156,153,2138.380002
103.055939,52,2138.482509
3.351389,82,2138.642275
5.258918,72,2138.782903
4.431016,64,2138.909996
3.566562,64,2139.038563
101.112896,82,2139.206694
100.810742,69,2139.346863
4.478136,96,2139.554917
3.228806,83,2139.727915
2.980304,64,2139.857719
2.224666,69,2139.998394
3.400682,64,2140.130284
101.050592,73,2140.278259
0.410809,146,2140.57721
4.107837,92,2140.762766
-2.157361,106,2140.994231
1.430132,72,2141.138562
4.510836,69,2141.279808
1.655247,87,2141.45792
101.61098,71,2141.602958
2.871861,64,2153.043018
4.082038,64,2153.189699
0.187764,82,2153.353209
5.558669,77,2153.50674
1.501398,94,2153.690913
4.95904,63,2153.814062
0.418445,78,2153.967647
4.137459,64,2154.095593
2.483244,68,2154.228205
3.694395,75,2154.374732
4.041648,99,2154.565831
101.456464,98,2154.757451
3.845082,64,2154.879742
4.452431,71,2155.016081
3.276313,60,2155.133254
4.859948,78,2155.285238
0.572391,69,2155.420199
4.141682,80,2155.578962
2.075624,70,2155.716862
101.423861,85,2155.885509
3.546211,66,2156.01846
105.250907,61,2156.140355
0.238211,77,2156.297264
3.233336,67,2156.436773
3.398509,69,2156.572462
2.994277,83,2156.737055
2.087859,65,2156.869064
1.008933,70,2157.007792
0.156168,88,2168.451639
3.4147,67,2168.586839
0.462701,78,2168.742364
5.254117,63,2168.870485
101.528368,63,2168.991654
3.828536,77,2169.144659
101.178718,94,2169.330963
102.59423,73,2169.480768
106.203997,74,2169.630491
1.005234,147,2169.929167
0.519011,76,2170.083784
102.297945,61,2170.204579
3.315839,66,2170.351263
100.879816,62,2170.474037
3.201685,67,2170.606302
100.815009,87,2170.77617
0.093378,93,2170.965997
105.744385,66,2171.097662
5.025296,64,2171.226612
2.374977,65,2171.361145
4.964155,64,2171.498895
1.931598,69,2171.637292
101.063718,86,2171.805479
0.082377,88,2171.981128
4.280625,65,2172.11076
1.877714,75,2172.260093
2.625128,68,2172.395311
2.576331,74,2183.82003
1.644262,74,2183.963923
102.686485,54,2184.065474
2.861947,68,2184.199097
5.114892,70,2184.338206
3.535484,64,2184.470992
4.028824,65,2184.599413
1.142825,98,2184.795901
104.162787,66,2184.923511
1.62944,75,2185.073665
101.459216,82,2185.251816
0.187544,82,2185.414361
2.194842,80,2185.57452
3.609925,79,2185.738632
-0.336564,1000,2187.76846
101.350916,57,2187.885658
0.405376,99,2199.422983
4.862912,60,2199.544687
1.898327,71,2199.688296
2.854373,65,2199.818213
0.10043,101,2200.022774
2.746939,69,2200.16286
1.704857,81,2200.327456
4.686351,64,2200.456352
3.954648,65,2200.591069
4.921538,84,2200.762162
3.202003,68,2200.912779
0.294681,78,2201.067137
2.633729,89,2201.250666
3.529894,82,2201.421492
4.730836,63,2201.554383
3.72263,72,2201.717322
3.199858,60,2201.855998
1.067736,91,2202.062699
4.030466,72,2202.211985
101.40936,44,2202.300828
2.336757,68,2202.438355
103.460001,60,2202.556977
3.993352,64,2202.686802
4.202235,88,2202.863768
5.150222,67,2202.999485
4.788444,66,2203.131852
0.558859,144,2203.440486
1.260684,71,2215.032838
106.25676,78,2215.187839
2.413852,66,2215.321693
2.770403,64,2215.451562
-0.150159,80,2215.626162
4.091452,96,2215.831258
101.236118,83,2216.00302
3.087428,63,2216.136291
4.132508,64,2216.265155
-0.636785,156,2216.576105
5.950325,63,2216.697586
1.108337,71,2216.839285
2.978401,64,2216.965129
4.986805,93,2217.147461
2.221554,64,2217.270182
1.555326,87,2217.453262
3.827396,79,2217.602785
103.160506,68,2217.732969
5.123741,63,2217.855513
2.80323,83,2218.012335
0.604106,71,2218.150594
3.608865,79,2218.309857
104.063356,57,2218.424065
100.827109,114,2218.646435
1.706034,80,2218.811036
1.177892,93,2219.009174
4.535956,67,2230.496182
4.978662,63,2230.621132
3.395834,66,2230.752599
101.530857,50,2230.854376
1.227166,78,2231.012296
2.390868,63,2231.142831
4.39434,87,2231.345317
-0.010977,1000,2233.425603
0.917845,91,2233.604658
3.147623,76,2233.75459
0.78534,83,2233.922999
4.272129,65,2234.050259
0.878499,102,2234.257837
2.483657,77,2234.415778
3.552006,74,2234.565481
4.253552,63,2246.193975
3.855391,64,2246.318741
1.696083,68,2246.452661
105.381842,64,2246.576567
1.889928,70,2246.71503
4.131128,65,2246.845834
2.986831,65,2246.987019
1.453405,71,2247.128548
-0.63557,89,2247.303839
4.662369,62,2247.429747
2.319828,65,2247.559866
2.645577,88,2247.736542
3.535396,61,2247.854903
0.774168,71,2247.994282
2.921703,64,2248.122257
3.748722,72,2248.281524
102.612915,57,2248.409475
103.935691,60,2248.533084
0.667514,92,2248.723143
1.354211,93,2248.912844
4.374465,73,2249.061424
2.091726,70,2249.204441
1.751404,71,2249.346728
4.131562,64,2249.475642
3.557654,78,2249.633057
4.99489,63,2249.757985
4.800252,89,2249.943698
105.509088,74,2250.095706
4.947172,98,2261.663825
3.059481,87,2261.839208
100.880146,52,2261.944877
2.115129,69,2262.083703
0.783828,85,2262.267243
4.419585,64,2262.393173
1.451516,101,2262.593803
3.912736,79,2262.755925
1.49806,74,2262.904232
3.899134,95,2263.093695
-1.659175,113,2263.324872
3.493074,99,2263.525104
101.434891,63,2263.652
5.043133,64,2263.779907
0.242611,89,2263.955002
101.797587,50,2264.055375
2.129766,69,2264.199743
1.216093,71,2264.348603
1.809718,65,2264.475513
2.727944,71,2264.612612
1.438891,85,2264.780581
4.226285,65,2264.908877
3.667179,87,2265.083513
102.662441,72,2265.225996
1.520921,85,2265.393638
2.473437,69,2265.531224
3.539746,81,2265.695478
3.560875,64,2277.273094
5.042899,63,2277.40206
2.368075,69,2277.545031
0.19032,86,2277.713784
-0.356701,1000,2279.741282
0.796665,90,2279.920648
0.19343,202,2280.316916
4.847155,65,2280.441993
3.892493,78,2280.601958
1.096793,84,2280.770477
103.576772,66,2280.901489
2.316667,68,2281.036101
101.550166,98,2281.231937
3.150576,61,2292.636776
1.846967,69,2292.791043
4.941458,73,2292.939488
4.113122,79,2293.094515
4.414547,83,2293.259387
1.079462,71,2293.398662
3.060583,65,2293.527612
1.13065,108,2293.745744
2.016193,68,2293.880132
2.945703,67,2294.020105
4.664963,79,2294.174708
102.186617,67,2294.307293
4.057836,163,2294.629897
3.091207,88,2294.803051
0.653475,72,2294.94744
101.251115,91,2295.125509
4.240312,98,2295.331902
2.833516,66,2295.464049
3.050911,66,2295.599014
3.403362,65,2295.726788
0.180241,101,2295.924839
101.26593,89,2296.101697
4.48642,68,2296.237597
1.921991,66,2296.36816
100.777203,43,2296.456756
5.477258,70,2296.598044
101.434644,95,2308.502828
1.844885,68,2308.638608
1.774109,92,2308.829817
3.221715,70,2308.966905
-0.60684,91,2309.150177
3.801724,65,2309.281606
102.872992,60,2309.407635
4.327282,68,2309.547489
4.032443,65,2309.687593
-0.243985,82,2309.850573
101.297776,76,2309.996108
0.983478,71,2310.139563
104.018549,57,2310.266473
1.773362,71,2310.409223
101.069669,55,2310.521197
3.615697,80,2310.680095
5.06445,74,2310.826543
5.797038,64,2310.954231
101.875649,64,2311.080686
3.877015,65,2311.224619
0.860479,122,2311.467258
102.755791,58,2311.585347
3.274245,74,2311.732768
4.252677,66,2311.864206
3.51032,69,2312.006082
5.096612,70,2312.14705
4.792761,70,2312.285277
5.516097,76,2312.433937
3.256411,61,2312.557464
100.756723,82,2324.119798
1.860074,70,2324.259
2.201237,69,2324.391139
3.864388,63,2324.513041
5.426598,63,2324.633781
1.427513,68,2324.766923
1.360421,84,2324.933599
0.404231,80,2325.091724
2.347249,82,2325.252707
2.905016,83,2325.41679
4.006299,86,2325.585972
2.020217,65,2325.711345
1.264523,72,2325.856363
1.681277,70,2325.992714
0.393767,76,2326.142537
-0.821345,89,2326.339606
2.475665,65,2326.471214
0.252756,102,2326.678208
102.621165,61,2326.80352
4.731014,84,2326.967545
0.409882,1000,2340.635296
2.774862,70,2340.796371
3.07131,67,2340.940151
3.792279,64,2341.072195
4.17376,64,2341.201952
1.460693,67,2341.338463
2.115543,72,2341.491868
103.950026,55,2341.604507
2.452975,80,2341.768493
2.158795,91,2341.956277
4.252979,65,2342.088574
-0.816114,85,2342.258034
1.968749,63,2342.383043
2.585268,63,2342.516056
102.495887,54,2342.62693
4.406441,82,2342.792677
4.023761,81,2342.958417
102.415375,75,2343.104451
2.088663,88,2343.278705
101.846905,65,2343.408409
-0.438104,1000,2356.90425
-0.870349,122,2357.156056
4.307101,64,2357.287593
6.090141,65,2357.423632
1.137382,62,2357.549809
3.894147,65,2357.682434
4.990941,64,2357.815963
-1.49111,88,2357.99881
102.032273,72,2358.148757
102.298008,74,2358.304492
-0.047927,74,2358.457586
1.328973,96,2358.655826
5.062042,63,2358.789822
2.038774,74,2358.939996
4.26734,86,2359.119337
5.827897,63,2359.251739
100.802415,69,2359.395259
4.267245,62,2359.53366
0.957062,74,2371.070519
4.361478,66,2371.201711
3.474541,71,2371.343821
2.237103,67,2371.478173
2.322849,66,2371.614493
2.187857,70,2371.754083
100.959889,75,2371.901657
0.458943,85,2372.075082
5.253611,67,2372.211889
3.068542,96,2372.417893
5.934876,67,2372.55395
100.503931,35,2372.624408
3.805742,63,2372.746365
0.325464,75,2372.892628
3.904067,69,2373.029575
2.049125,71,2373.169397
3.943544,80,2373.322145
2.806922,69,2373.457885
4.323678,64,2373.586808
3.48666,89,2373.760132
5.11155,69,2373.894216
2.376945,61,2374.019013
-0.043016,133,2374.276949
4.932583,70,2374.414761
4.252459,73,2374.560946
-0.560125,78,2374.713509
2.772264,70,2374.853175
0.619105,93,2375.037869
2.058086,69,2386.572716
3.365115,66,2386.715555
4.387231,65,2386.842842
2.940479,68,2386.975492
4.060474,64,2387.102811
101.378708,36,2387.174184
3.524956,61,2387.293988
5.088279,63,2387.417964
2.471881,69,2387.56203
103.812259,63,2387.691279
2.055121,62,2387.813081
-0.083574,92,2388.004279
1.007781,73,2388.145843
5.332568,66,2388.275736
101.527338,56,2388.385664
101.368944,69,2388.517465
4.607231,84,2388.684599
2.0382,71,2388.82723
1.516862,77,2388.981744
102.240591,54,2389.087586
100.214437,55,2389.194625
100.711147,58,2389.303507
3.548963,78,2389.459951
4.195453,64,2389.587515
3.532498,91,2389.768841
0.603992,68,2389.902411
3.053821,76,2390.051643
3.024702,71,2390.198814
0.570266,73,2390.33831
4.064246,64,2390.463259
2.309035,68,2402.021727
3.286272,66,2402.149627
0.565244,1000,2404.161423
4.638952,63,2404.288984
3.57372,120,2404.530434
2.20493,73,2404.680083
2.248515,64,2404.81503
1.890454,63,2404.93919
1.68367,70,2405.080092
4.207308,73,2405.228455
2.429026,67,2405.359893
101.082049,74,2405.505001
100.259568,345,2417.799264
1.977673,71,2417.943925
2.882642,88,2418.114366
101.791771,59,2418.232803
1.080701,120,2418.47109
100.149635,18,2418.508482
1.649588,75,2418.657593
3.649934,86,2418.828285
4.694363,61,2418.95026
4.34667,73,2419.094782
-2.492954,130,2419.367966
5.091176,79,2419.529735
2.29047,68,2419.662824
-0.536077,91,2419.843825
3.978833,64,2419.973254
103.807692,63,2420.102031
-0.381046,1000,2433.391784
3.564764,70,2433.532487
4.389845,81,2433.695903
1.539823,83,2433.861964
-0.316022,159,2434.188552
0.756404,80,2434.351412
4.555865,76,2434.50518
1.000173,75,2434.661117
2.43283,68,2434.79767
3.67101,72,2434.945546
6.044886,62,2435.068788
2.686056,75,2435.221594
4.214303,92,2435.41193
4.617648,64,2435.539736
0.054727,1000,2448.785985
5.748642,65,2448.91665
1.405143,83,2449.081933
1.710487,65,2449.21042
-0.476728,91,2449.394403
4.212617,63,2449.521396
1.892107,75,2449.668732
101.384635,87,2449.856771
2.131534,64,2449.985197
-0.133148,107,2450.196136
5.900293,71,2450.337297
1.087313,114,2450.569813
4.56441,68,2450.704167
102.508945,77,2450.856381
3.006053,78,2451.017111
101.868856,54,2451.124456
-0.6549,226,2451.594342
1.792072,74,2451.745719
-0.390278,141,2452.038869
101.71402,64,2452.172403
101.904194,72,2452.3231
3.353936,62,2452.457468
101.369602,68,2463.842711
100.176889,68,2464.002299
3.384269,66,2464.135206
0.336812,83,2464.302374
3.012542,82,2464.470275
2.935595,63,2464.596935
4.301967,64,2464.728727
4.630068,66,2464.865217
4.219643,66,2464.997086
1.099084,76,2465.151757
2.407984,68,2465.289555
4.528717,68,2465.424936
4.736043,65,2465.552586
4.183921,67,2465.685198
3.627521,71,2465.825305
102.32398,58,2465.939285
104.325201,63,2466.064619
4.41532,63,2466.191944
105.448732,63,2466.320293
101.538206,65,2466.452477
-0.592316,100,2466.650782
2.131582,77,2466.801666
2.836742,61,2466.92607
100.874358,36,2466.999853
4.467672,61,2467.123811
3.296696,70,2467.267097
1.350687,72,2467.413055
3.007967,67,2467.547718
-0.048546,92,2467.731733
5.141276,63,2467.874548
2.232736,83,2479.301779
4.047837,66,2479.434427
3.995703,60,2479.552355
105.524312,73,2479.714662
0.733458,92,2479.899575
4.16761,65,2480.029621
5.170763,63,2480.166358
4.81468,72,2480.309252
2.816877,68,2480.446631
0.096532,183,2480.806397
1.960429,71,2480.953163
4.970826,60,2481.073608
1.89749,73,2481.218533
4.091373,61,2481.3414
4.119039,88,2481.51782
3.320069,74,2481.663129
1.507875,86,2481.832318
101.189089,86,2482.016951
4.699253,69,2482.156102
102.942048,72,2482.30076
3.437819,68,2482.439276
6.0756,75,2482.584988
4.706476,65,2482.714773
4.997935,73,2482.857957
3.519892,66,2482.990332
101.167211,130,2483.245527
101.962206,59,2483.361324
-0.690051,106,2494.843493
1.847207,74,2494.992805
1.468162,90,2495.183251
0.529636,76,2495.338214
1.782516,96,2495.549921
3.239524,67,2495.6774
0.751558,84,2495.84753
2.115072,85,2496.01513
3.883954,64,2496.140516
2.975145,65,2496.272387
2.911127,66,2496.401889
4.04196,64,2496.529228
-2.321125,107,2496.740474
1.233961,87,2496.91377
4.393641,63,2497.039727
3.031652,71,2497.18248
3.873342,67,2497.315366
2.646892,70,2497.47309
101.181189,77,2497.629807
101.007331,80,2497.789676
3.611349,67,2497.922722
2.855447,74,2498.072453
0.030451,102,2498.275591
4.588951,63,2498.404975
2.79649,64,2498.532075
102.994784,59,2498.650994
3.817703,69,2498.791457
3.812539,82,2510.271082
3.363606,77,2510.426273
100.585224,81,2510.590374
4.387477,59,2510.711198
1.642082,86,2510.889199
103.095851,64,2511.015063
0.297514,113,2511.249024
4.346175,61,2511.372827
3.699773,66,2511.506336
0.479803,103,2511.725546
1.801001,84,2511.895352
-0.488637,348,2512.58714
4.199499,72,2512.733344
100.59666,47,2512.840918
3.954851,63,2512.974551
0.448788,88,2513.146158
2.260253,68,2513.286274
4.385387,61,2513.40559
4.029424,67,2513.542048
100.68015,71,2513.683363
3.517405,66,2513.814746
1.587267,71,2513.956942
4.799644,70,2514.099628
2.932812,67,2514.231777
4.886942,85,2525.777348
-0.087907,74,2525.922473
103.785638,56,2526.035328
3.105137,64,2526.163829
1.392778,97,2526.360985
1.577868,67,2526.496201
3.456589,66,2526.629163
3.536846,61,2526.760806
2.200132,63,2526.887689
103.843927,62,2527.014583
0.789844,78,2527.170369
0.432871,97,2527.371238
2.19784,65,2527.504028
2.776559,80,2527.666045
5.72098,72,2527.811125
2.069834,74,2527.96053
4.269047,64,2528.091395
2.998746,78,2528.25038
3.515168,64,2528.383595
1.998986,78,2528.541215
1.003731,68,2528.681942
4.503625,65,2528.817174
2.387001,76,2528.968806
105.298102,71,2529.111038
2.790779,66,2529.247367
3.172154,80,2529.411374
2.63971,79,2529.571737
2.788177,71,2529.712601
1.761308,69,2541.232817
101.144052,96,2541.423754
101.059308,75,2541.573372
3.54059,69,2541.711997
0.519277,76,2541.867934
5.642197,73,2542.033036
0.424302,84,2542.201893
101.167012,125,2542.456971
2.94995,86,2542.631008
4.484376,68,2542.765806
4.229175,109,2542.984094
-0.149882,76,2543.137269
100.929554,60,2543.253914
4.224592,65,2543.381828
4.109617,75,2543.541078
2.079304,80,2543.700243
4.580192,70,2543.835996
2.64318,66,2543.968956
100.571419,73,2544.110621
3.511349,62,2544.236688
2.426081,68,2544.385278
4.062793,63,2544.510878
105.832335,69,2544.650336
2.295005,82,2544.811326
4.852757,61,2544.933627
-0.578313,88,2545.124442
2.587963,95,2545.316695
100.784191,80,2556.711271
2.52413,81,2556.872667
1.736005,82,2557.044055
101.109562,58,2557.161955
3.829954,66,2557.293229
4.136143,68,2557.426511
3.129094,79,2557.585817
102.442657,61,2557.706531
3.093335,60,2557.82311
3.208962,66,2557.957885
0.210445,81,2558.122076
1.259852,74,2558.264528
101.159146,75,2558.412322
2.797345,67,2558.545831
1.368236,78,2558.70569
1.23919,66,2558.838561
1.831093,73,2558.981832
3.186811,71,2559.124808
1.962479,70,2559.264399
1.622576,70,2559.4032
-0.45515,82,2559.573949
4.515296,72,2559.719308
4.791535,74,2559.867291
102.617161,75,2560.01745
3.470314,66,2560.15325
101.145894,64,2560.294306
102.145695,56,2560.403782
100.906639,86,2560.577252
0.86512,74,2572.016934
1.786495,70,2572.159076
1.656645,65,2572.294283
0.937897,66,2572.427844
3.20431,79,2572.587697
1.012573,75,2572.737491
-0.343251,90,2572.91912
3.31452,74,2573.067879
1.054373,74,2573.234285
4.008361,65,2573.367531
4.578849,64,2573.497532
103.512736,60,2573.617546
1.713978,70,2573.756774
100.619227,49,2573.857788
5.091726,68,2573.991767
3.964305,67,2574.147948
101.706864,79,2574.311581
0.520702,77,2574.467258
4.241459,63,2574.591734
5.380842,115,2574.822045
0.535318,105,2575.032105
4.362473,64,2575.161608
101.867929,62,2575.282374
-0.689972,87,2575.456631
102.678605,53,2575.563278
-0.372992,171,2575.923101
4.19747,79,2576.089741
0.741443,77,2587.517478
101.351695,61,2587.639896
0.934739,81,2587.798432
101.407764,60,2587.915146
2.959752,85,2588.087759
4.323929,61,2588.204992
3.753485,66,2588.33741
101.493388,96,2588.529391
0.540671,1000,2590.515134
4.347683,66,2590.646598
0.795497,76,2590.794623
102.669719,79,2590.950897
4.859659,63,2591.074751
101.230555,77,2591.230734
104.05762,72,2591.373933
2.099613,90,2602.905003
4.032271,66,2603.043059
104.54759,59,2603.162056
6.167137,73,2603.310819
3.732133,61,2603.433599
4.704623,63,2603.564027
0.820551,76,2603.718501
-0.401065,96,2603.940252
3.729566,68,2604.078221
3.287338,71,2604.220553
103.524035,59,2604.340257
3.885044,65,2604.473476
100.741914,54,2604.580739
101.323462,94,2604.77057
3.986095,61,2604.892158
0.980783,73,2605.042443
4.217001,66,2605.177609
2.324406,74,2605.329885
3.590686,63,2605.476197
3.209749,70,2605.616827
4.726288,66,2605.752212
4.258125,64,2605.878033
1.718871,96,2606.073203
102.283721,58,2606.18987
104.301942,70,2606.341661
0.126599,92,2606.531891
2.177599,66,2606.66405
101.127413,55,2606.774758
4.508577,65,2606.905424
0.113992,107,2618.461111
3.059893,64,2618.60578
0.948541,81,2618.766146
4.488698,79,2618.921676
5.344815,71,2619.064708
0.810897,79,2619.22389
3.615479,102,2619.429849
5.16877,90,2619.616338
-2.691845,102,2619.823967
3.135584,64,2619.95094
2.980437,99,2620.153001
0.401607,115,2620.382541
0.487061,87,2620.555958
1.542069,73,2620.703985
105.95937,70,2620.843366
1.733783,134,2621.106863
3.173634,58,2621.224222
2.513905,69,2621.361123
5.435652,77,2621.517215
1.751687,64,2621.645265
0.949097,93,2621.834171
2.34136,65,2621.965022
100.901489,78,2622.119235
3.770772,69,2622.254529
1.948897,103,2622.465035
3.998695,69,2634.005643
0.026653,1000,2636.107754
2.101076,70,2636.263899
2.744066,62,2636.394426
1.723455,69,2636.540743
100.878783,65,2636.680384
3.104257,90,2636.868276
0.952502,73,2637.022108
-0.810781,800,2649.924113
3.730586,68,2650.067193
1.636511,71,2650.217957
3.513959,64,2650.34818
1.630747,65,2650.485852
3.718817,67,2650.626551
1.619254,76,2650.781229
4.957164,84,2650.953227
1.000367,68,2651.095021
3.426119,83,2651.268768
101.460134,131,2651.538734
2.019194,96,2651.731305
3.685091,64,2651.863191
1.444106,87,2652.041296
0.946037,74,2652.192778
105.989827,67,2652.329568
101.177624,70,2652.475832
0.630148,95,2652.674316
1.371753,67,2652.81501
101.446339,69,2652.956952
2.755123,90,2653.138995
3.786999,68,2653.274435
1.968218,70,2653.417899
2.830475,65,2653.55257
1.856908,70,2653.712182
2.17721,77,2665.31308
101.344359,79,2665.482118
0.883122,66,2665.618824
101.673476,61,2665.743394
1.114815,77,2665.919063
4.096539,189,2666.31613
5.644289,73,2666.470329
0.902233,142,2666.761702
101.640148,73,2666.911612
0.852581,103,2667.120034
2.651377,70,2667.26575
0.442509,94,2667.471201
3.979262,69,2667.615116
3.98339,70,2667.763303
4.156818,67,2667.901852
4.652613,69,2668.04459
2.221952,75,2668.195158
101.423684,54,2668.304273
3.48818,71,2668.449527
1.555954,77,2668.609446
2.055599,73,2668.760276
4.131958,69,2668.899948
101.595758,61,2669.025005
101.288133,67,2669.166726
4.538702,60,2669.292058
101.439863,94,2680.714974
4.31595,64,2680.843807
2.541659,83,2681.013885
2.972191,69,2681.15781
101.124375,77,2681.31826
1.018321,84,2681.489346
105.765195,67,2681.626229
105.328146,76,2681.784099
1.133664,102,2681.985459
2.973112,83,2682.150112
4.337603,90,2682.32638
3.910893,62,2682.457094
4.790849,86,2682.634056
5.427293,78,2682.792402
1.099519,80,2682.950203
101.452291,47,2683.042597
1.362438,69,2683.182546
2.074323,84,2683.353628
101.036158,94,2683.535315
1.843439,71,2683.672918
4.313294,70,2683.810462
1.717102,75,2683.956803
5.713104,79,2684.11311
101.035763,79,2684.269257
5.266673,67,2684.399471
1.905732,71,2684.534414
101.57021,68,2684.681853
3.356205,78,2696.075124
3.323454,59,2696.194828
4.698298,96,2696.391028
4.054875,64,2696.519314
0.906291,83,2696.710068
100.918165,81,2696.880454
1.511401,72,2697.028053
100.845944,79,2697.194846
3.894019,60,2697.324112
2.92314,89,2697.507511
105.650109,67,2697.643625
2.080603,75,2697.79742
4.21945,91,2697.988257
1.550371,63,2698.120358
3.348714,62,2698.249624
4.949956,60,2698.387898
1.450202,79,2698.541789
104.941049,71,2698.683266
-1.150214,100,2698.877782
5.820555,77,2699.033102
101.483928,54,2699.136561
1.826281,91,2699.311489
2.245559,65,2699.438701
3.283938,70,2699.572901
0.842095,88,2699.742769
0.335924,71,2699.883477
2.729917,68,2700.016339
101.632618,49,2700.111024
5.044723,79,2711.52918
2.08233,92,2711.710844
2.859052,61,2711.829946
4.544927,60,2711.947401
4.574479,64,2712.076993
2.407067,74,2712.24095
3.188494,69,2712.382342
104.153511,73,2712.5323
1.846602,68,2712.664917
3.129221,72,2712.814079
3.872826,69,2712.95019
1.35574,70,2713.091624
3.491871,81,2713.247951
101.196221,68,2713.380056
1.660972,72,2713.519386
101.379891,82,2713.682274
102.700863,59,2713.796948
6.004639,75,2713.940773
105.563157,64,2714.065879
4.098835,62,2714.184124
4.028232,97,2714.371095
0.761636,88,2714.539439
101.907545,48,2714.637909
4.579374,71,2714.775449
3.705599,68,2714.905863
4.228794,64,2715.029081
101.949989,70,2715.162536
1.893915,70,2715.299945
102.261271,79,2715.477404
100.978267,103,2726.975376
2.673879,67,2727.106199
0.93208,73,2727.25279
0.629439,87,2727.427372
0.210122,76,2727.578311
4.103876,64,2727.725459
2.70358,69,2727.871564
0.36523,85,2728.050398
4.85396,82,2728.223666
-1.008296,95,2728.41644
2.85707,64,2728.546584
3.917003,86,2728.721134
0.170742,1000,2730.70583
101.052714,85,2730.887103
4.775069,75,2742.441211
3.422042,68,2742.584784
2.847005,76,2742.738934
2.050548,71,2742.875976
1.619879,88,2743.04906
3.771437,61,2743.173488
0.509382,81,2743.333108
4.578453,73,2743.480878
-0.229724,164,2743.803488
2.419589,63,2743.92663
4.683002,67,2744.055212
1.191216,73,2744.198213
5.031223,63,2744.327624
5.353351,73,2744.481786
101.236433,88,2744.658594
3.360125,89,2744.831935
5.119646,80,2744.992586
4.016387,70,2745.130292
4.110678,62,2745.254218
0.557656,71,2745.397387
1.638403,70,2745.540916
2.201031,75,2745.688566
1.880036,89,2745.862879
1.031181,76,2746.017759
4.792663,65,2746.145723
3.850194,68,2746.286115
3.416267,69,2746.430439
1.782072,83,2757.945851
-0.023616,86,2758.120301
0.760961,102,2758.326786
2.247315,70,2758.471693
0.804697,103,2758.692333
3.37924,67,2758.835704
1.692987,92,2759.017277
1.771649,80,2759.176081
3.633955,65,2759.301653
103.856361,61,2759.424249
3.728835,68,2759.556329
103.023288,58,2759.670743
-0.118935,221,2760.106362
100.742742,51,2760.209108
-1.002374,90,2760.409882
4.663762,65,2760.543041
1.401113,73,2760.6915
3.826256,73,2760.841549
3.69857,62,2760.973222
101.853257,62,2761.099725
2.104772,83,2761.286688
100.756829,40,2761.365876
4.885655,64,2761.499151
4.016345,65,2761.636774
1.990315,68,2761.775775
4.081513,63,2761.900724
4.170573,64,2773.166029
1.30672,84,2773.346459
101.167409,63,2773.474386
2.431984,69,2773.610511
2.765612,69,2773.750257
1.692592,111,2773.973052
0.960105,70,2774.1095
3.977019,64,2774.231232
-1.417698,117,2774.451195
0.4122,77,2774.599754
0.246521,1000,2776.582044
3.136117,71,2776.730106
100.927054,78,2776.893223
1.217964,93,2777.082322
4.004599,99,2788.621121
4.881151,78,2788.778651
2.027024,82,2788.938562
-1.707356,107,2789.151482
3.801603,67,2789.283786
3.078463,83,2789.448359
4.389644,63,2789.574952
3.201363,76,2789.721851
1.20016,72,2789.866961
100.963939,49,2789.961988
3.087213,71,2790.100313
3.241537,68,2790.233975
100.209081,15,2790.271305
103.897875,61,2790.396591
3.980718,64,2790.521237
-0.456933,543,2791.571987
2.360442,70,2791.713076
-0.280831,106,2791.922076
4.565062,63,2792.045244
101.643535,68,2792.179918
101.281513,82,2792.356125
-1.136102,131,2803.942597
4.061089,69,2804.074449
2.598916,80,2804.242957
1.829003,80,2804.401538
2.627883,66,2804.534498
2.97414,69,2804.675367
1.091241,74,2804.824104
101.339508,65,2804.950882
4.326792,103,2805.158231
0.486049,82,2805.330028
2.404815,90,2805.513254
0.549568,75,2805.665868
4.18286,79,2805.826653
102.483454,53,2805.934127
103.762014,68,2806.070893
0.510548,80,2806.226896
3.383019,64,2806.357069
2.067468,71,2806.498285
0.568847,1000,2820.006062
2.816897,77,2820.165882
2.424864,65,2820.301359
2.142737,73,2820.449459
3.013029,61,2820.574782
3.945971,72,2820.727128
4.091213,64,2820.851839
100.910303,96,2821.044162
4.022762,59,2821.159768
3.665999,64,2821.303101
3.392454,69,2821.441993
3.62374,61,2821.565991
4.100647,105,2821.783412
3.0234,85,2821.9612
103.908006,62,2822.086861
0.95073,80,2822.252699
4.990761,79,2822.41797
4.342406,70,2822.560482
2.866544,62,2822.690626
2.126284,72,2822.849828
2.718376,62,2822.973035
2.54687,87,2823.140828
3.577267,67,2823.272156
3.207987,59,2823.385497
101.400347,112,2823.603711
102.21719,109,2835.050343
1.698489,68,2835.180644
2.463825,60,2835.293983
100.985304,76,2835.442803
102.629642,64,2835.568547
3.6831,60,2835.685369
1.153958,83,2835.845771
101.424918,76,2836.002018
3.474258,65,2836.136212
4.091531,83,2836.296976
5.944662,78,2836.452233
1.815792,71,2836.59427
1.051964,92,2836.773522
2.629399,74,2836.925342
4.824399,70,2837.068791
3.223817,84,2837.23426
103.909435,73,2837.38097
0.030189,87,2837.555255
2.893644,87,2837.72797
1.897968,90,2837.908562
2.220054,76,2838.062666
2.97906,84,2838.237367
4.813508,67,2838.377414
1.397462,94,2838.569279
3.852008,100,2838.774583
1.152321,71,2838.94858
1.906293,98,2850.32929
1.1252,71,2850.476197
3.6733,89,2850.671219
1.064503,1000,2852.715143
3.969718,65,2852.845162
4.606932,121,2853.107997
102.143888,72,2853.253224
100.563197,82,2853.418885
4.12803,68,2853.549544
3.233276,63,2853.672233
-1.270918,101,2853.870309
4.583443,62,2853.98914
-0.761201,1000,2867.399879
3.903629,72,2867.548423
102.73044,65,2867.673033
3.975166,64,2867.814105
1.118057,70,2867.99949
0.842902,165,2868.374199
102.727977,70,2868.509037
3.420718,69,2868.645141
1.112859,1000,2882.199721
101.62411,62,2882.327281
100.997447,66,2882.458234
1.3652,75,2882.608848
2.398034,77,2882.768146
4.099072,60,2882.902695
5.046279,84,2883.077088
2.712935,72,2883.226201
4.250731,66,2883.362224
2.807082,74,2883.515581
-0.925147,102,2883.720817
1.799785,79,2883.880823
103.394471,74,2884.045673
101.439714,112,2884.271973
101.878781,63,2884.400039
101.648834,49,2884.500875
2.75411,75,2884.651549
2.186194,67,2884.797345
105.510947,73,2884.954035
2.440624,61,2885.080698
3.965905,65,2885.21357
101.507658,91,2885.394061
3.006382,86,2885.569323
0.280764,273,2897.386897
2.184623,60,2897.50945
101.526426,89,2897.702527
1.008733,64,2897.828793
3.099097,68,2897.959613
4.629738,66,2898.08928
0.379164,72,2898.2298
101.176644,109,2898.443754
105.067851,83,2898.606294
0.27359,85,2898.775797
4.301856,71,2898.918344
104.593313,75,2899.063225
1.004412,74,2899.232291
0.205923,290,2899.798964
0.699158,86,2899.966578
0.701277,119,2900.201566
-0.157656,103,2900.403977
0.966272,82,2900.563092
100.921884,82,2900.721431
1.725798,71,2900.859754
0.249745,176,2912.488809
2.498543,69,2912.625744
100.170928,58,2912.739373
2.118658,71,2912.893308
4.189685,90,2913.075646
1.440109,87,2913.247938
5.209659,68,2913.383244
102.936247,66,2913.516859
101.595161,73,2913.661995
0.856446,1000,2915.692595
100.835121,67,2915.825833
2.694509,65,2915.950866
102.005075,70,2916.113227
4.991678,71,2916.252783
3.568201,62,2916.376014
2.592729,74,2916.528952
3.89586,62,2927.86088
1.614382,66,2928.03716
3.308442,58,2928.193228
102.051747,44,2928.284546
1.945254,68,2928.414705
0.700411,117,2928.644066
3.927209,65,2928.773849
4.187943,62,2928.899956
100.916713,85,2929.063872
0.241182,84,2929.219702
3.10824,58,2929.336832
101.640266,124,2929.581134
2.843871,70,2929.718635
2.38,68,2929.850597
3.46444,60,2929.967288
2.801543,66,2930.098591
-0.461617,105,2930.302858
1.304459,71,2930.439327
103.455216,69,2930.573258
3.01652,66,2930.700139
3.147447,61,2930.818849
-0.310664,104,2931.020414
-0.430726,126,2931.261386
100.710372,33,2931.324812
1.85241,70,2931.47148
101.367194,93,2931.653177
0.821888,81,2931.807982
100.729068,538,2944.16681
4.053706,76,2944.312795
103.504323,60,2944.430725
1.180764,62,2944.554074
0.766064,76,2944.703304
2.482387,66,2944.844339
101.058904,102,2945.055135
3.955755,77,2945.215503
1.794314,69,2945.356799
100.619464,67,2945.494092
4.215168,64,2945.624005
101.33025,82,2945.799196
0.410997,1000,2958.989759
3.861913,60,2959.110537
3.414168,65,2959.238297
101.447288,84,2959.399655
0.099342,75,2959.54933
4.542221,77,2959.701546
4.212852,64,2959.829064
3.347757,87,2959.999314
1.607238,75,2960.147136
3.931767,66,2960.275464
100.865681,102,2960.474356
101.617032,61,2960.595102
3.450737,97,2960.786621
2.219257,87,2960.972857
100.907916,60,2961.089421
3.406403,66,2961.219724
2.951413,68,2961.350228
3.819611,92,2961.528443
5.567008,78,2961.682292
0.740873,86,2961.849946
4.100955,64,2961.973743
6.077943,62,2962.097767
103.929615,70,2962.234989
100.779095,492,2974.491277
103.698052,72,2974.633291
4.422023,65,2974.773657
100.919237,73,2974.918973
2.324625,66,2975.053365
104.304086,66,2975.185781
1.882717,69,2975.323978
2.506414,69,2975.468133
3.897843,101,2975.673375
5.37693,98,2975.871163
1.350096,73,2976.011111
102.487133,59,2976.126375
4.150959,65,2976.251259
1.803079,71,2976.391494
2.735349,77,2976.560637
103.528334,78,2976.719357
101.648903,72,2976.859622
3.317992,67,2976.988096
4.848216,63,2977.109855
103.297689,75,2977.271861
105.215041,62,2977.391699
2.278248,65,2977.5204
2.447646,93,2977.702597
6.073051,75,2977.85003
0.168349,297,2989.640653
3.138108,71,2989.786397
2.332323,71,2989.930276
3.917511,78,2990.087154
4.360908,69,2990.225007
0.033044,82,2990.385612
1.062204,140,2990.671819
2.850638,73,2990.823338
3.888034,64,2990.954546
2.332864,72,2991.097579
2.661169,86,2991.275631
101.399284,58,2991.39298
2.387006,70,2991.535039
0.029239,94,2991.726407
-1.581699,80,2991.884344
4.743124,68,2992.022483
4.23602,67,2992.156766
4.39304,86,2992.324201
5.274377,79,2992.476148
4.843729,66,2992.603941
3.116971,70,2992.742676
4.149967,68,2992.882784
1.456081,71,2993.026738
0.754725,70,2993.16859
1.696212,104,3004.740726
2.378647,62,3004.863933
2.934621,86,3005.031979
3.620716,69,3005.168116
104.542904,72,3005.310782
-0.714104,119,3005.543542
5.236328,65,3005.667356
0.951391,88,3005.856811
1.411293,71,3005.998832
4.633592,62,3006.121271
4.312624,62,3006.244804
101.845824,74,3006.389657
0.748537,80,3006.547818
4.634538,81,3006.710906
101.519678,44,3006.797192
3.949309,62,3006.921595
-0.901916,99,3007.116352
1.190503,91,3007.29716
0.892743,71,3007.438462
101.640346,93,3007.619702
3.058655,69,3007.758817
1.997483,81,3007.917301
3.946559,70,3008.070276
5.929961,69,3008.207675
4.421367,65,3008.337372
100.993485,89,3008.51789
3.053402,70,3019.952635
-0.059348,112,3020.17087
103.929967,79,3020.323029
104.041026,80,3020.480532
3.956806,97,3020.670994
101.895182,71,3020.812424
103.725621,62,3020.943
4.241287,70,3021.08881
3.911367,82,3021.255505
2.330379,59,3021.375649
2.60642,71,3021.522207
2.743513,69,3021.663219
101.403958,80,3021.832349
1.140069,85,3022.004489
3.755269,67,3022.156524
1.830841,70,3022.296358
101.121111,61,3022.416839
102.676002,51,3022.516736
104.774776,74,3022.662514
1.429998,88,3022.844987
4.128412,65,3022.972704
102.518948,56,3023.08405
102.002163,44,3023.172466
102.192326,71,3023.310561
3.107946,65,3023.440423
1.864256,78,3023.598206
2.254569,63,3023.721279
1.778698,72,3023.862011
101.460809,108,3035.40217
3.196236,67,3035.536959
2.217864,71,3035.686675
0.185817,88,3035.868721
3.743778,76,3036.024792
2.403379,66,3036.165002
2.472566,73,3036.316651
0.036411,88,3036.498241
4.585368,63,3036.642988
1.191372,78,3036.805785
3.578437,74,3036.956209
5.172194,61,3037.074862
5.701985,78,3037.22751
2.603538,72,3037.37366
2.446443,73,3037.521473
1.991687,72,3037.662005
3.986817,83,3037.827991
1.658386,82,3037.987676
2.05053,74,3038.134869
5.26298,69,3038.269968
2.12719,77,3038.423465
1.145482,79,3038.577659
3.712153,67,3038.708744
3.728815,62,3038.8378
2.160785,69,3038.971809
100.945491,69,3039.128369
3.332495,61,3039.246995
1.4567,158,3050.928233
5.193178,61,3051.066118
104.088641,57,3051.184557
4.176749,86,3051.355268
4.70077,80,3051.524594
2.917105,62,3051.647509
4.119792,71,3051.787766
105.927812,64,3051.914082
4.76717,63,3052.041775
104.484076,57,3052.155988
2.241469,62,3052.285975
5.822594,67,3052.427456
3.622375,69,3052.566131
1.951795,76,3052.718773
1.296701,94,3052.90512
0.932351,80,3053.067363
3.417801,83,3053.226912
101.124124,66,3053.357584
101.959564,48,3053.453735
-0.224626,84,3053.62219
3.625289,77,3053.774219
3.256039,97,3053.96693
3.483049,65,3054.098971
101.892908,100,3054.293789
100.627777,54,3054.404265
103.883884,53,3054.504344
5.237371,73,3054.646789
2.35569,69,3054.783547
3.52368,65,3054.926644
102.259016,68,3066.232349
3.532253,69,3066.373626
2.400966,92,3066.564213
4.800957,67,3066.708085
102.841701,67,3066.855423
4.880172,73,3067.007556
3.659732,69,3067.148481
4.850294,77,3067.310641
0.005872,299,3067.950277
3.690929,68,3068.092386
0.841403,78,3068.251525
4.346243,70,3068.39561
3.883373,67,3068.534305
3.015912,91,3068.712121
100.518091,88,3068.887358
101.306843,64,3069.012491
0.824895,81,3069.172116
3.673695,64,3069.296876
1.35258,80,3069.456792
3.548741,80,3069.617674
101.193519,74,3069.769538
0.929975,81,3069.935479
2.787188,95,3070.133137
4.753807,80,3070.300535
4.445586,63,3081.65032
101.058987,65,3081.779787
2.784801,68,3081.917506
-1.172976,100,3082.12678
3.20005,88,3082.306533
2.395813,67,3082.450004
4.55667,66,3082.586381
3.638444,60,3082.711353
-0.900111,96,3082.915968
3.944533,65,3083.042543
2.091258,72,3083.182823
102.329175,71,3083.323311
2.58712,67,3083.453909
0.312577,82,3083.614305
3.373675,64,3083.738481
3.742476,68,3083.873021
3.499991,67,3084.004505
2.557024,61,3084.124131
5.99767,62,3084.251364
101.056002,61,3084.375367
102.713837,69,3084.526
3.808066,65,3084.651064
2.353297,83,3084.817253
3.652645,84,3084.982002
2.198506,70,3085.119714
2.596137,59,3085.235587
100.265465,81,3085.397659
100.950439,80,3085.556031
2.472678,69,3085.690214
2.601495,68,3097.109266
5.31974,64,3097.23021
3.508312,68,3097.367238
5.127706,81,3097.527727
2.926369,97,3097.719185
0.967868,74,3097.863374
102.049498,81,3098.021661
101.609999,64,3098.147196
101.589931,100,3098.338745
3.129827,92,3098.52082
1.502668,64,3098.658618
102.120361,63,3098.784151
3.972272,67,3098.91395
2.206972,79,3099.068783
-0.093623,90,3099.239306
0.040106,91,3099.418485
2.823032,83,3099.587106
103.020099,56,3099.703727
4.596768,64,3099.826824
2.563471,61,3099.949192
5.516054,68,3100.084213
-0.229469,90,3100.283835
2.915338,66,3100.41072
0.353757,83,3100.572553
2.353086,82,3100.735282
3.609271,72,3100.876587
3.868947,59,3101.003254
4.670912,92,3112.489876
6.120783,77,3112.651057
3.176539,63,3112.793154
103.444247,59,3112.916363
4.134332,70,3113.057146
3.195093,113,3113.297603
3.259007,68,3113.444414
2.577289,77,3113.607138
5.49347,89,3113.795979
4.432022,65,3113.932881
4.156992,64,3114.070778
100.903406,75,3114.22506
100.737987,66,3114.36284
1.892833,65,3114.496138
2.456679,64,3114.633974
3.884269,65,3114.765564
101.878988,61,3114.888963
100.812213,125,3115.149029
4.146179,67,3115.288384
2.809951,69,3115.429674
0.792105,82,3115.599112
3.813178,60,3115.719235
4.684656,86,3115.900847
2.303761,61,3116.024961
4.145457,71,3116.175807
101.470501,101,3116.382589
1.951153,87,3116.560021
3.035634,65,3127.892479
0.144577,99,3128.094584
101.969566,70,3128.238768
100.492161,74,3128.391881
5.007263,65,3128.540312
2.474854,90,3128.726586
4.645065,84,3128.900371
102.887555,77,3129.060091
0.99115,74,3129.215869
3.888464,65,3129.349451
2.4735,61,3129.474867
1.848929,85,3129.650206
1.439997,69,3129.791789
-0.893148,107,3130.018285
0.689807,273,3130.559316
4.972743,66,3130.688334
100.982712,63,3130.812449
3.831008,67,3130.962019
4.429653,82,3131.129063
1.292642,71,3131.276843
0.449926,76,3131.433176
3.613059,65,3131.568318
1.228492,117,3131.809144
2.534672,59,3131.930148
102.260301,55,3132.042578
103.398605,55,3143.368798
3.948977,60,3143.494973
3.442667,89,3143.678564
103.643136,53,3143.789826
4.173968,65,3143.92508
3.471834,65,3144.058631
-1.498026,451,3144.965306
102.390406,71,3145.111421
2.238947,68,3145.250639
101.404151,66,3145.3883
4.275496,74,3145.543758
2.440248,73,3145.690102
0.985452,77,3145.846319
100.460845,22,3145.89265
3.745779,60,3146.016567
4.414244,65,3146.151126
4.840325,86,3146.333653
3.18928,67,3146.474089
4.181313,79,3146.63517
104.21598,58,3146.760084
105.569449,66,3146.897143
1.80446,122,3147.155559
3.326212,64,3147.292756
2.927689,59,3147.413997
4.774602,61,3158.781109
2.725896,76,3158.931993
100.493481,76,3159.094605
2.277174,78,3159.245948
3.830479,62,3159.369273
1.474604,91,3159.545373
4.120192,76,3159.695021
2.872995,61,3159.817693
3.156933,66,3159.947031
4.898835,85,3160.110337
0.999783,73,3160.254063
1.707555,67,3160.389384
2.111197,74,3160.534143
1.891195,65,3160.665514
1.292667,73,3160.807211
5.120351,69,3160.948693
1.274449,75,3161.101081
102.870256,81,3161.263911
4.355532,67,3161.400699
3.393167,70,3161.541849
5.478719,61,3161.664651
1.047538,71,3161.811737
1.757595,84,3161.986763
102.070777,112,3162.215097
3.817891,63,3162.346329
1.285226,65,3162.480687
103.460475,52,3162.586557
5.947045,78,3162.760619
2.926411,73,3162.913766
4.13157,80,3174.293758
3.796785,63,3174.421673
102.054545,58,3174.540396
-1.480333,155,3174.868815
4.592454,68,3175.000078
0.120139,1000,3177.002191
2.478294,90,3177.179457
101.78724,85,3177.344595
0.320052,66,3177.469986
101.446182,63,3177.596584
3.122747,70,3177.731314
3.163333,62,3177.855066
4.004317,66,3177.985288
0.908882,1000,3191.41636
102.135337,53,3191.523839
0.849617,73,3191.676637
3.045981,69,3191.821068
3.9792,60,3191.947005
2.560738,70,3192.093951
1.067743,98,3192.29415
-1.003433,118,3192.538123
2.514476,71,3192.686079
0.876902,136,3192.983849
1.607915,73,3193.133509
100.898432,59,3193.255484
1.858107,64,3193.387702
1.759547,65,3193.519035
103.095144,57,3193.638562
1.723298,81,3193.804551
3.580345,63,3205.136716
1.659555,93,3205.336078
4.445694,64,3205.465111
2.187122,75,3205.613954
100.503421,76,3205.763864
-0.827878,210,3206.18846
3.592718,62,3206.316421
4.119112,83,3206.484838
101.11023,83,3206.65334
100.643307,79,3206.819738
104.009879,79,3206.985332
100.942976,81,3207.150179
4.414481,79,3207.312155
1.987075,70,3207.452901
2.974654,67,3207.588786
2.631159,63,3207.720328
106.023012,76,3207.890039
105.99277,65,3208.024174
5.011975,68,3208.163747
1.315542,74,3208.314516
2.938388,88,3208.494731
5.091869,64,3208.622545
4.232618,73,3208.772831
1.530978,76,3208.932813
100.967738,85,3209.11081
3.915318,62,3209.239242
103.543415,53,3220.52037
2.160774,80,3220.685588
100.952434,150,3220.999247
4.182428,67,3221.145813
1.869162,65,3221.280658
101.80368,70,3221.424241
2.104228,64,3221.555436
5.96174,62,3221.684165
102.95962,58,3221.805784
102.206237,55,3221.917972
4.859583,67,3222.055368
5.055303,65,3222.186354
1.169481,70,3222.328946
1.958055,77,3222.4871
-0.762765,93,3222.674991
2.87578,69,3222.818175
0.869802,144,3223.117895
2.632394,74,3223.268509
100.890874,79,3223.425728
2.912586,74,3223.57377
3.499227,68,3223.707798
101.335336,78,3223.860588
101.206947,72,3224.003529
103.602386,64,3224.128242
102.247988,73,3224.275719
4.815289,69,3224.418828
4.427707,64,3224.556104
4.924494,68,3235.902738
104.949152,59,3236.025326
1.975097,63,3236.157061
3.199963,68,3236.305701
2.589465,68,3236.440418
2.688942,94,3236.623758
4.861152,87,3236.795835
4.033479,64,3236.925877
2.564783,84,3237.091775
4.076602,61,3237.207558
4.69295,71,3237.349871
4.21431,67,3237.483913
101.373872,81,3237.643354
3.823353,74,3237.789064
4.237031,84,3237.95359
1.757919,81,3238.1133
3.252325,79,3238.290652
2.956588,80,3238.458652
4.285735,102,3238.669931
4.359856,64,3238.801127
2.047301,69,3238.945411
101.25052,111,3239.179
3.710821,60,3239.305823
5.91793,69,3239.450095
3.292432,83,3239.624315
5.373676,63,3239.750283
3.262604,104,3239.956595
4.640603,81,3251.497789
3.207714,97,3251.695595
1.06355,63,3251.822233
2.278014,73,3251.970689
2.376659,65,3252.098554
100.752693,50,3252.201322
3.594496,86,3252.378669
3.216247,66,3252.517095
103.11809,76,3252.681984
101.542667,55,3252.792777
0.750034,76,3252.951956
101.364422,79,3253.115329
3.573876,75,3253.2728
3.185581,66,3253.403541
2.523841,85,3253.580534
4.756127,62,3253.70424
2.380506,105,3253.913343
4.298816,65,3254.042281
101.711201,85,3254.208347
2.293804,69,3254.342807
101.340637,89,3254.51749
3.388603,100,3254.713517
101.39093,84,3254.87658
100.879951,56,3254.983413
101.208206,96,3255.173001
5.053387,144,3255.454632
101.969013,84,3266.906211
3.220079,68,3267.042461
1.938167,71,3267.184425
100.524426,79,3267.341258
4.820079,65,3267.47935
2.205864,68,3267.622511
100.79349,66,3267.769638
1.621283,78,3267.935048
2.563968,73,3268.083971
103.271663,53,3268.191636
6.173802,82,3268.36275
4.303593,63,3268.491265
103.541514,68,3268.633373
2.40201,104,3268.845749
102.971873,51,3268.971978
4.93531,66,3269.107408
101.217159,66,3269.242643
1.617552,77,3269.399675
4.426948,76,3269.560493
4.952412,64,3269.692513
3.621194,65,3269.823
2.102705,99,3270.022904
2.173351,80,3270.183938
3.316354,67,3270.324988
3.037785,72,3270.477065
5.031416,64,3270.62301
0.821569,80,3270.787484
100.480268,85,3270.962197
105.323788,63,3282.357909
4.36697,61,3282.493645
101.469736,65,3282.626865
5.631666,62,3282.755874
1.324921,69,3282.89427
1.168203,101,3283.108478
2.364434,90,3283.294861
-0.274425,101,3283.506018
4.90164,75,3283.661467
102.750943,72,3283.810488
5.035166,64,3283.941819
0.153021,77,3284.10441
105.535678,80,3284.265754
2.483931,74,3284.417628
2.643928,68,3284.557246
1.882754,66,3284.692489
1.534167,107,3284.90676
105.168271,72,3285.048451
5.906588,64,3285.172247
4.287178,69,3285.30829
2.034291,62,3285.427572
3.176485,74,3285.57211
3.225721,66,3285.700755
101.500589,88,3285.868445
0.552503,81,3286.033813
104.415106,69,3286.179091
-2.338073,99,3286.372905
102.26337,75,3297.801524
0.800698,64,3297.93007
101.135673,137,3298.208985
0.987158,80,3298.376956
2.644216,69,3298.528887
4.160685,158,3298.859228
4.565334,79,3299.011578
0.301761,140,3299.282986
102.727771,51,3299.392751
1.687738,86,3299.562066
101.016333,69,3299.6987
4.742905,99,3299.896282
3.642936,61,3300.018815
103.869591,53,3300.125055
1.439348,124,3300.373319
1.589462,71,3300.51492
101.959695,67,3300.648311
3.836055,72,3300.78947
1.711084,80,3300.952851
101.096319,76,3301.104833
3.190777,59,3301.22791
5.744834,63,3301.354192
3.223041,68,3301.493108
2.031738,74,3301.646537
3.950812,71,3301.79049
1.655706,82,3313.217505
3.227382,67,3313.351974
3.629472,76,3313.510813
101.603861,70,3313.652914
2.896464,70,3313.793051
0.829301,68,3313.930267
3.75205,84,3314.104012
5.102851,63,3314.23263
3.603657,66,3314.365369
100.88699,128,3314.630333
5.162306,67,3314.769205
2.641807,60,3314.891025
2.967785,70,3315.034445
4.470683,70,3315.177911
1.472635,65,3315.310477
3.720651,60,3315.43688
2.058126,68,3315.58072
3.356113,66,3315.715207
4.784242,63,3315.846728
104.063542,80,3316.010639
5.620291,65,3316.14342
101.195224,75,3316.295152
3.091413,69,3316.435601
1.337079,63,3316.566081
5.844205,72,3316.712011
3.466085,63,3316.844971
101.943586,74,3316.993421
101.043577,49,3317.094598
4.13944,64,3317.23395
1.470732,122,3328.727767
2.553717,71,3328.877988
2.467539,60,3329.004042
-0.332343,91,3329.1899
103.186114,58,3329.312503
104.279236,65,3329.443138
100.893539,81,3329.605188
101.921702,66,3329.743758
100.858278,82,3329.911104
4.818797,79,3330.077069
0.306138,90,3330.264112
4.48073,81,3330.429945
102.513403,80,3330.60849
0.336699,106,3330.826747
100.557646,41,3330.912445
1.670823,58,3331.034204
103.336976,76,3331.188015
3.575033,62,3331.314515
3.273509,206,3331.739291
0.685877,78,3331.902396
-0.461324,112,3332.131125
4.638129,64,3332.283067
1.37865,75,3332.437782
3.594604,79,3332.599427
5.036734,151,3344.211826
4.216266,99,3344.40657
4.623018,64,3344.530842
0.54001,83,3344.698164
3.803808,66,3344.840223
4.593101,67,3344.976358
101.380748,42,3345.062406
4.560191,67,3345.198616
101.83937,92,3345.383276
4.695314,64,3345.512287
2.988115,72,3345.661086
3.389688,61,3345.789182
3.186837,67,3345.925708
2.476235,77,3346.086838
4.418878,81,3346.255771
2.559046,72,3346.405907
1.082318,73,3346.556261
4.064031,81,3346.721823
104.372115,81,3346.893288
100.888777,155,3347.214655
1.949244,65,3347.349692
5.028041,88,3347.538845
2.932236,64,3347.672672
101.302286,76,3347.830313
101.539466,66,3347.966897
3.920065,67,3348.107033
4.131509,91,3348.286996
2.35106,88,3359.693228
3.098711,72,3359.84992
4.457411,69,3359.991119
4.587422,88,3360.170281
4.11768,66,3360.308195
2.808727,70,3360.453497
1.408258,78,3360.610539
101.606103,176,3360.967907
4.134272,71,3361.113926
100.648527,82,3361.281795
3.190219,70,3361.428128
5.297543,78,3361.587557
4.028442,66,3361.72559
0.958931,75,3361.877446
1.189553,78,3362.034616
102.8468,64,3362.164903
5.435671,73,3362.312992
2.962281,61,3362.439312
5.469885,81,3362.60342
101.846357,77,3362.761289
2.119862,60,3362.884625
1.019579,71,3363.029586
4.681098,94,3363.220365
2.910391,59,3363.342035
2.22269,67,3363.480091
102.059862,74,3363.632775
3.106316,73,3363.787971
1.967906,69,3375.197852
100.707438,61,3375.320027
1.81339,73,3375.4768
5.931077,64,3375.614748
104.406399,80,3375.786551
3.476375,78,3375.943346
103.754698,68,3376.083386
3.208563,64,3376.216257
4.790388,67,3376.356126
3.904086,77,3376.517808
1.641165,71,3376.660557
4.815317,65,3376.797404
101.350765,82,3376.965122
1.4553,94,3377.157205
3.028582,64,3377.301564
3.240446,69,3377.442379
4.51508,61,3377.565782
100.820174,69,3377.705997
3.270315,89,3377.885113
5.901284,63,3378.013817
-0.615023,161,3378.342955
-1.840865,109,3378.568461
2.299056,62,3378.697048
2.429466,71,3378.83964
-1.960436,171,3379.202431
105.484293,71,3390.577059
100.507025,66,3390.708469
3.09513,63,3390.83085
3.81062,67,3390.960636
0.799537,63,3391.086951
103.702545,80,3391.26048
-0.846777,120,3391.510375
2.36014,76,3391.674886
1.875358,59,3391.793079
2.666522,75,3391.949992
-0.093739,163,3392.282823
3.307647,72,3392.432212
4.519002,70,3392.576961
101.834248,57,3392.696879
3.623761,82,3392.865206
1.152435,80,3393.028934
0.927454,88,3393.212056
1.3337,87,3393.394958
3.985899,90,3393.583015
2.423083,62,3393.709404
-1.619251,360,3394.446321
5.170022,67,3394.586432
-0.307055,108,3405.992922
103.824826,52,3406.098472
2.92664,72,3406.264558
101.651899,93,3406.453447
2.127434,58,3406.572065
2.937743,72,3406.718971
3.025035,75,3406.874295
3.083123,67,3407.016339
2.261513,67,3407.15938
101.339719,83,3407.329602
4.011101,61,3407.455873
3.965682,64,3407.586511
4.373047,71,3407.73054
100.933293,73,3407.87901
3.905979,70,3408.022775
105.350776,67,3408.181933
100.991697,57,3408.300726
5.759908,78,3408.456149
5.030743,74,3408.606591
4.761393,62,3408.731901
2.487798,61,3408.853269
1.7361,65,3408.988443
1.530028,76,3409.143971
1.262869,91,3409.329569
1.584768,75,3409.484059
1.069787,78,3409.640822
2.3599,67,3409.778859
1.313979,65,3409.922778
3.441668,87,3410.104368
4.962111,155,3421.547261
1.837495,63,3421.670423
2.558718,70,3421.804891
4.929378,68,3421.935909
1.171222,68,3422.092635
4.490994,94,3422.284465
4.907165,66,3422.421345
-0.133228,95,3422.617345
2.960982,66,3422.752712
-0.226522,101,3422.967704
101.105851,80,3423.132607
102.847968,49,3423.234733
2.586931,64,3423.365394
1.077905,79,3423.528305
1.506845,84,3423.697794
-0.560196,120,3423.940037
0.833926,80,3424.104836
-0.372317,105,3424.319453
0.744651,78,3424.477101
3.522026,82,3424.643289
102.229064,79,3424.804531
4.812154,74,3424.953686
4.459562,64,3425.09014
3.509705,77,3425.245957
1.970634,104,3425.461715
101.2472,79,3436.880519
5.359067,69,3437.021984
0.757295,94,3437.227206
4.276508,61,3437.350668
0.891903,86,3437.52719
3.463246,62,3437.656528
0.156443,83,3437.826616
100.496774,81,3437.994031
3.144704,90,3438.17203
1.539223,105,3438.379057
-1.518975,131,3438.645106
1.685845,71,3438.782389
1.553026,67,3438.91244
104.339799,61,3439.029621
4.532168,81,3439.188692
4.500002,65,3439.321997
4.398357,79,3439.480575
1.147041,62,3439.605953
1.16102,72,3439.742398
1.717921,59,3439.857105
2.6176,61,3439.977843
3.979631,77,3440.126011
101.588972,75,3440.275137
0.977993,68,3440.409591
4.744559,60,3440.528142
3.042482,59,3440.64504
3.637297,75,3440.793899
2.569462,72,3452.169505
3.781889,95,3452.353354
2.297077,73,3452.499803
2.54374,86,3452.673365
102.288148,73,3452.822434
101.53319,65,3452.953166
0.810688,86,3453.129583
3.20009,69,3453.268764
2.135662,75,3453.419047
1.053607,67,3453.555051
3.545197,77,3453.708745
1.15072,74,3453.857521
2.999453,77,3454.015738
104.732709,61,3454.140934
2.383596,75,3454.306836
3.259167,78,3454.468762
2.146861,69,3454.611851
101.091431,45,3454.7023
2.012113,69,3454.847162
101.46292,92,3455.038332
4.083416,75,3455.187224
1.661195,63,3455.310302
103.658432,74,3455.456281
-0.239208,945,3468.558438
100.979013,80,3468.71479
2.079555,72,3468.858387
101.78356,41,3468.939936
1.921448,61,3469.066278
2.914815,74,3469.211285
3.603068,68,3469.344568
3.925289,71,3469.484069
100.820761,83,3469.649633
3.144049,61,3469.772931
-0.261351,122,3470.011951
3.29093,67,3470.149123
3.711821,60,3470.264006
101.255035,89,3470.44069
1.21592,78,3470.592732
101.365582,42,3470.677951
2.58157,72,3470.822748
1.029112,78,3470.975239
102.135974,74,3471.127409
100.923318,55,3471.240359
2.5481,90,3471.425326
2.058976,84,3482.839954
2.88203,83,3482.997397
4.505044,72,3483.14328
2.04885,78,3483.313388
-1.791053,120,3483.549313
102.834703,71,3483.690584
2.555055,60,3483.80946
100.898866,92,3484.004473
102.219446,58,3484.116804
4.827576,77,3484.272935
3.893681,64,3484.39514
105.723444,67,3484.527986
1.74496,82,3484.695464
2.960665,76,3484.866464
1.548534,70,3485.014492
4.911583,66,3485.14942
-0.278342,83,3485.319931
-0.029605,84,3485.495412
101.276233,78,3485.653512
101.774291,66,3485.784921
-0.399102,527,3486.865171
1.55782,73,3498.255046
1.680286,77,3498.404633
-0.518035,85,3498.573051
101.777157,67,3498.707677
0.156475,100,3498.93104
101.499253,68,3499.063369
101.740742,95,3499.249298
100.99307,69,3499.38357
2.422824,99,3499.579044
3.53758,69,3499.711524
1.979937,72,3499.85164
1.664703,59,3499.969233
-0.415804,270,3500.529394
0.564922,84,3500.718733
3.55982,95,3500.917563
2.853624,81,3501.08042
101.231205,81,3501.246778
-0.369964,94,3501.441135
1.953094,82,3501.609156
0.490035,121,3501.85583
3.991567,79,3502.016896
3.457769,65,3502.149192
0.934933,76,3502.301617
4.687402,70,3513.68378
5.00671,60,3513.802408
105.832726,71,3513.949875
-0.023046,73,3514.101654
3.90452,67,3514.237349
4.674388,64,3514.365191
3.526843,73,3514.519188
-1.360743,90,3514.703604
3.601088,113,3514.961886
100.983009,84,3515.133181
2.233281,76,3515.296222
1.29121,72,3515.44482
2.279273,61,3515.573414
1.356501,95,3515.767014
105.907166,74,3515.921051
4.193295,62,3516.055319
-0.214497,122,3516.310097
0.394142,76,3516.466957
102.50122,103,3516.673839
101.958926,61,3516.800976
102.866637,60,3516.925662
2.530612,73,3517.073159
100.873699,88,3517.252318
5.289512,71,3517.396856
5.012354,67,3517.536932
1.599834,71,3517.681055
2.938698,59,3517.807206
105.778688,70,3529.311538
2.65657,73,3529.477027
1.310221,86,3529.650899
103.732353,58,3529.773468
5.990843,66,3529.912193
101.937981,62,3530.038997
4.350644,61,3530.161893
101.673853,74,3530.322505
2.587425,80,3530.486961
101.001639,51,3530.591583
100.539199,27,3530.647526
103.993411,54,3530.758278
-0.431747,95,3530.967159
101.480751,71,3531.117021
1.868058,73,3531.264297
3.470676,86,3531.439589
3.709939,92,3531.634703
2.365499,72,3531.780552
103.180369,69,3531.92439
3.679267,71,3532.070402
4.339843,71,3532.218759
101.356505,72,3532.369279
3.415295,76,3532.522927
5.729566,80,3532.691051
101.850891,57,3532.80819
3.114679,63,3532.937719
101.777833,73,3533.089028
101.232697,98,3533.289286
101.602139,91,3533.489062
1.212105,81,3544.903421
102.1401,59,3545.032709
3.454706,81,3545.193517
2.125518,75,3545.338988
100.807452,88,3545.520545
2.405573,78,3545.676283
4.619542,67,3545.810676
5.53054,76,3545.959019
3.708038,69,3546.095005
3.412697,69,3546.227492
1.518916,71,3546.363711
1.387259,91,3546.54109
100.872215,73,3546.697567
104.304292,78,3546.852197
1.571354,90,3547.0331
101.629596,62,3547.157383
3.15816,74,3547.305939
0.069003,247,3547.798278
0.937196,79,3547.951341
100.820956,58,3548.064372
103.216083,55,3548.175065
1.782117,61,3548.29573
4.11591,71,3548.440824
101.071617,83,3548.607197
0.82702,79,3548.767138
2.053246,70,3560.117668
1.266097,84,3560.288489
5.690302,64,3560.41958
4.400204,91,3560.606126
105.482559,63,3560.74718
102.220798,59,3560.867923
2.108382,73,3561.021078
3.747792,68,3561.16065
102.317454,51,3561.266387
102.862916,66,3561.402543
102.506333,66,3561.537871
0.822773,70,3561.678872
2.568126,73,3561.82521
1.651061,80,3561.982769
4.144664,62,3562.105235
2.51601,80,3562.262218
1.41715,86,3562.433145
2.230851,83,3562.59974
2.504916,64,3562.726567
5.066497,92,3562.908163
0.3258,80,3563.066622
-0.286818,86,3563.240514
105.310584,73,3563.380885
5.155223,76,3563.533334
1.359718,84,3563.69444
1.809974,70,3563.834004
2.060165,67,3563.968397
102.943153,63,3564.09198
1.347226,78,3575.438692
4.352322,73,3575.578456
101.415938,85,3575.746702
4.081163,74,3575.894826
3.730597,75,3576.047393
3.112822,62,3576.167938
101.819363,60,3576.287656
103.793005,71,3576.428537
2.376657,69,3576.585105
3.649859,75,3576.738022
1.318601,79,3576.889181
3.67083,60,3577.006054
102.115391,71,3577.144979
4.1229,66,3577.276262
2.630509,74,3577.418777
1.743974,60,3577.536436
1.319818,105,3577.745002
4.238228,66,3577.873927
0.674368,78,3578.028721
1.050988,69,3578.16504
1.819211,59,3578.28028
5.348097,60,3578.398392
105.94083,64,3578.523052
101.174766,84,3578.691921
102.647289,73,3578.836926
2.186161,85,3579.009774
2.403129,80,3579.165799
5.406904,81,3579.319914
1.609836,139,3590.818146
2.861893,72,3590.97505
103.616007,62,3591.099093
1.247223,83,3591.264351
4.201531,63,3591.387583
0.752666,87,3591.556086
3.325472,78,3591.710485
1.725632,85,3591.879143
100.531361,42,3591.963922
3.821293,65,3592.092694
2.827645,76,3592.241518
4.78772,67,3592.378341
103.668285,78,3592.540398
0.540227,85,3592.713001
100.46483,72,3592.873577
1.359186,81,3593.047455
4.014911,85,3593.223431
2.369605,69,3593.37246
102.025038,74,3593.525075
4.227482,77,3593.6829
1.986163,69,3593.825488
2.842845,75,3593.970283
3.97562,67,3594.100981
2.508177,81,3594.263392
-0.03032,91,3594.461971
1.24189,68,3594.600075
4.384608,67,3594.73177
5.006172,61,3606.128427
3.33708,68,3606.261029
4.289341,67,3606.395813
4.220892,79,3606.553781
101.488562,69,3606.686259
5.560221,71,3606.843525
2.562612,60,3606.96314
4.836238,63,3607.088515
1.757292,70,3607.22989
5.90212,64,3607.356785
5.493038,68,3607.487994
100.986221,61,3607.609462
2.268522,73,3607.752669
104.854474,78,3607.903055
101.158957,78,3608.057469
0.760879,1000,3610.058468
-0.475028,96,3621.514041
3.016665,80,3621.679118
101.345901,62,3621.807693
102.078696,53,3621.919619
4.478017,69,3622.067415
4.966935,68,3622.212937
102.214548,67,3622.352137
4.078454,62,3622.482792
100.901003,60,3622.622
-0.387528,188,3623.003149
2.710311,62,3623.126228
100.372254,74,3623.274491
4.858939,60,3623.387433
2.263426,63,3623.508986
1.48418,60,3623.633836
100.544672,79,3623.79348
101.153503,61,3623.92028
3.219024,66,3624.055383
3.460756,67,3624.194496
3.437502,89,3624.377148
102.218379,60,3624.503733
2.787936,68,3624.6434
1.011445,93,3624.835303
2.954697,67,3624.965794
102.623474,68,3625.103106
0.733274,87,3625.273905
101.181673,82,3625.435908
102.380531,70,3625.578602
1.464781,72,3636.879303
106.17461,69,3637.015102
3.675767,71,3637.155591
101.380805,105,3637.376997
2.796283,178,3637.725505
102.084611,80,3637.882707
101.119185,73,3638.025542
4.934119,64,3638.150702
3.335147,67,3638.280981
2.99629,65,3638.408604
102.491194,66,3638.535353
102.54881,75,3638.680905
1.860016,72,3638.83686
101.728877,91,3639.018414
103.570352,68,3639.150477
101.260577,58,3639.26389
104.882529,62,3639.384031
4.43375,113,3639.601047
6.048646,63,3639.723692
1.953251,81,3639.87856
3.043679,63,3640.004074
0.629365,74,3640.150195
4.250413,70,3640.290581
1.961155,83,3640.458496
105.514849,72,3640.600759
-0.740997,85,3640.769787
1.592577,75,3652.080889
104.659726,60,3652.194924
1.35387,82,3652.371709
0.53289,90,3652.550851
3.723086,67,3652.688924
2.397402,70,3652.825586
-1.206681,115,3653.051461
3.303567,70,3653.193379
0.388966,110,3653.410665
3.961778,87,3653.581778
101.112177,176,3653.927959
101.220663,64,3654.052139
4.506252,101,3654.266594
2.5586,73,3654.407092
0.761219,68,3654.543888
3.296333,78,3654.699822
102.409535,62,3654.822059
4.345046,91,3654.998375
2.472526,75,3655.143062
3.847339,65,3655.270919
106.043441,68,3655.40474
3.823862,60,3655.519583
104.110329,67,3655.649734
0.003254,1000,3668.826711
2.378786,100,3669.028409
2.821899,83,3669.192213
2.411345,68,3669.326918
5.434744,63,3669.45929
100.542922,85,3669.632417
1.013504,92,3669.824095
2.692371,59,3669.943233
4.297198,88,3670.122732
101.677864,59,3670.24432
3.440317,89,3670.427969
5.852231,65,3670.561685
4.558846,61,3670.686008
3.929066,71,3670.831993
2.072903,70,3670.970409
-1.893392,121,3671.209351
0.873725,79,3671.363738
5.748893,64,3682.699782
1.940948,82,3682.884591
0.045885,95,3683.081801
102.336286,73,3683.231521
101.130386,71,3683.37945
0.117484,82,3683.546733
3.658635,126,3683.810891
4.859271,87,3683.98932
105.170098,65,3684.122286
5.440677,63,3684.249689
100.819311,90,3684.434403
3.17605,76,3684.591547
4.060872,65,3684.722734
4.267337,76,3684.875247
2.608623,71,3685.018226
5.083467,61,3685.142269
3.767882,88,3685.317583
5.402472,71,3685.460424
101.861002,61,3685.582159
3.883997,65,3685.724443
3.743098,66,3685.861589
1.07438,72,3686.009864
100.813284,83,3686.185872
5.041212,85,3686.361644
103.749646,60,3686.488104
102.192386,73,3686.636932
101.797821,104,3698.177475
101.346894,74,3698.329064
-0.033558,87,3698.509184
2.925041,60,3698.636872
1.639907,115,3698.875897
2.927074,60,3698.99966
104.487245,82,3699.16864
101.563614,77,3699.330356
1.702407,147,3699.624997
4.900856,64,3699.748974
3.548579,66,3699.891197
101.920717,48,3699.987067
1.46918,77,3700.138396
0.897293,80,3700.292562
4.087166,68,3700.425076
2.110459,67,3700.560081
4.177141,61,3700.68133
0.402957,211,3701.100089
1.470784,84,3701.269738
101.155655,65,3701.401793
101.055409,80,3701.566066
105.801493,67,3701.706843
5.66817,65,3701.854573
4.152006,67,3701.99135
100.5551,52,3702.097511
101.440217,80,3702.265392
2.893947,79,3713.61859
101.670755,86,3713.795371
-0.660803,195,3714.19493
4.621925,64,3714.329626
102.590157,82,3714.503067
101.165532,94,3714.697458
4.827535,60,3714.82267
-0.219181,88,3715.007576
100.941164,73,3715.161109
1.497346,60,3715.28782
3.397328,91,3715.480612
101.200461,87,3715.6686
2.788456,69,3715.810554
3.78295,67,3715.961382
3.587854,61,3716.086811
105.741807,72,3716.237637
2.869076,67,3716.378189
4.776172,66,3716.514341
3.54318,64,3716.646153
2.403736,78,3716.806034
3.43424,62,3716.928588
4.59884,76,3717.075229
102.17598,58,3717.189744
4.112216,73,3717.337806
0.7074,75,3717.485656
102.004445,56,3717.595783
2.779075,68,3717.738565
100.853708,150,3729.230007
4.312412,61,3729.356879
0.196845,120,3729.609884
1.029595,84,3729.783972
105.280152,68,3729.942533
5.326917,66,3730.08522
2.613149,65,3730.222773
1.751901,72,3730.371628
2.41936,68,3730.512552
5.737233,62,3730.639233
1.294297,75,3730.79361
3.813891,90,3730.965338
4.730345,59,3731.084061
101.346973,77,3731.232549
5.821749,76,3731.383657
102.659221,69,3731.518024
100.84368,91,3731.69795
101.250216,82,3731.865344
4.162268,61,3731.993237
102.624678,63,3732.11226
3.980663,119,3732.349578
101.068442,92,3732.532506
1.486657,66,3732.660501
5.520338,62,3732.781435
100.668259,66,3732.911097
-0.72756,83,3733.076726
100.56353,33,3744.36396
1.852161,73,3744.533283
4.548041,60,3744.657698
3.201588,63,3744.788177
1.060563,80,3744.961752
1.939179,70,3745.103051
-0.791002,85,3745.276142
4.869764,79,3745.442072
3.537618,67,3745.579457
3.659701,65,3745.718468
102.018611,78,3745.873728
3.84014,89,3746.041843
1.795481,82,3746.204073
3.98511,67,3746.337811
3.327861,66,3746.477786
1.337038,92,3746.665733
2.52502,70,3746.808854
3.380477,59,3746.935185
3.781336,92,3747.113071
3.339979,77,3747.269696
5.519951,84,3747.440815
-1.750689,407,3748.27529
100.689636,84,3748.449702
1.419417,93,3759.914135
5.350566,66,3760.046966
2.450552,85,3760.233336
0.142563,135,3760.494842
105.6812,66,3760.625699
1.338044,79,3760.782548
1.153711,84,3760.946928
102.181392,62,3761.068419
103.666108,77,3761.225778
2.220326,70,3761.364969
104.632699,83,3761.528825
101.140125,57,3761.639297
4.250966,72,3761.777193
100.779789,44,3761.864987
4.315353,67,3762.004631
-0.514617,93,3762.198173
2.696958,59,3762.320925
101.165812,143,3762.62269
101.874047,98,3762.82452
2.344274,69,3762.96245
3.25518,61,3763.081168
3.765859,74,3763.227845
-0.558592,87,3763.398548
100.790368,95,3763.595387
5.008628,61,3763.720301
101.67734,66,3763.85597
3.508173,70,3775.241495
105.551763,62,3775.385118
1.756847,92,3775.566497
-0.145271,85,3775.739717
105.411358,63,3775.86295
4.070018,73,3776.008176
3.353932,76,3776.159244
2.942162,58,3776.280862
1.831824,88,3776.456587
102.298404,48,3776.550001
4.156728,62,3776.669556
4.199509,72,3776.813185
3.120701,77,3776.968612
1.52507,77,3777.120972
-0.362253,102,3777.317725
4.257442,68,3777.452311
2.347813,60,3777.574603
101.005176,81,3777.732128
100.296435,68,3777.868069
3.99597,70,3778.007383
5.763368,65,3778.133118
100.620176,85,3778.297614
2.378393,69,3778.442311
102.363446,64,3778.566945
106.027125,71,3778.705783
0.619883,84,3778.886301
1.728742,75,3779.032819
103.385134,55,3779.143937
100.897042,50,3779.238477
4.391345,61,3790.696944
0.402494,86,3790.864532
3.291156,61,3790.997859
4.063398,60,3791.127472
0.147286,1000,3793.096652
1.854612,68,3793.232171
1.500192,71,3793.366173
0.107662,86,3793.53649
101.029411,100,3793.740545
3.590437,81,3793.899334
3.285844,77,3794.051297
4.035801,60,3794.168285
100.2906,73,3794.310718
101.265587,74,3794.454937
6.026964,68,3794.5874
4.843879,68,3805.957821
0.4809,1000,3807.891929
5.833146,71,3808.029854
1.607997,73,3808.174811
3.114006,66,3808.300912
5.093478,89,3808.475364
100.7303,80,3808.645778
103.502308,68,3808.777449
3.834666,59,3808.893008
0.006669,90,3809.077104
100.789362,73,3809.227975
2.936792,92,3809.42012
2.126093,90,3809.59833
101.08732,82,3809.759768
5.972714,84,3821.203223
100.50687,75,3821.346435
105.341681,61,3821.464035
4.698601,65,3821.5919
101.621283,81,3821.749313
103.459818,70,3821.886912
3.330573,59,3822.000546
-2.235094,157,3822.30761
101.521225,68,3822.450728
101.931559,75,3822.600829
3.191564,65,3822.725799
100.519152,45,3822.81405
6.161979,63,3822.936305
0.894221,71,3823.078222
3.009591,91,3823.254495
1.237883,85,3823.421417
0.539266,89,3823.59592
101.482369,55,3823.702335
3.046076,80,3823.859952
5.449567,65,3823.987698
101.0764,85,3824.155931
2.626215,68,3824.290214
1.687475,85,3824.458868
3.016206,71,3824.595405
1.28199,93,3824.7773
4.302109,70,3824.915502
103.353389,72,3825.057046
5.128079,61,3825.176196
2.239912,59,3836.484083
1.70442,62,3836.60679
1.502641,78,3836.759848
-0.980632,108,3836.986486
101.384105,64,3837.111632
101.768081,100,3837.308082
100.895582,139,3837.586232
-0.162151,90,3837.767732
3.579704,61,3837.893001
104.911237,77,3838.045323
2.725568,97,3838.239375
1.093173,81,3838.40001
2.799018,71,3838.54276
1.956241,85,3838.712136
101.726789,78,3838.866457
2.102182,75,3839.014615
4.352375,60,3839.130726
103.664608,74,3839.27571
5.392355,68,3839.424925
2.605671,68,3839.561857
101.540275,77,3839.709169
5.259728,83,3839.870811
-0.463465,84,3840.036221
5.151674,91,3840.215026
5.406256,62,3840.340025
3.477768,82,3851.684951
4.455489,64,3851.808147
100.749773,86,3851.992404
100.39238,75,3852.138043
2.603465,69,3852.277189
1.957654,70,3852.411044
3.349275,65,3852.540853
2.526425,70,3852.677829
5.109256,70,3852.823844
3.816194,64,3852.952719
101.616623,95,3853.146108
105.202646,68,3853.28358
5.496841,66,3853.416769
101.079869,96,3853.609973
101.527517,95,3853.795525
3.268872,67,3853.928389
103.008478,70,3854.066095
2.949953,64,3854.19474
1.338091,68,3854.337847
3.163662,92,3854.518228
100.879329,42,3854.601265
1.768854,61,3854.726257
3.880361,68,3854.864002
3.50291,76,3855.029385
3.79533,60,3855.146664
1.936739,81,3855.308331
5.099098,75,3855.461352
1.392663,87,3855.638258
102.097844,73,3855.783517
-0.687839,660,3868.493555
2.649804,90,3868.669748
1.32361,104,3868.876506
101.942874,41,3868.961282
3.431386,63,3869.086734
100.557703,83,3869.249878
1.381689,83,3869.410663
2.151145,68,3869.549935
4.111403,61,3869.669544
102.007058,62,3869.791245
4.186906,75,3869.941192
4.312479,66,3870.070279
102.024184,66,3870.203734
0.683967,82,3870.369284
2.191736,71,3870.510816
102.22035,55,3870.619202
2.02934,74,3870.763643
2.037165,67,3870.893576
4.204666,84,3871.059624
-0.570206,81,3871.214055
3.909726,90,3882.674691
4.107134,60,3882.794528
1.094423,79,3882.964097
3.920098,72,3883.104417
5.053513,72,3883.244468
4.017989,67,3883.375516
102.316679,63,3883.501416
105.639062,62,3883.624657
4.597631,60,3883.739447
1.86133,62,3883.863052
2.514692,75,3884.012244
2.263585,79,3884.169381
101.089107,60,3884.285746
4.137428,63,3884.412585
100.5846,87,3884.584101
4.84557,75,3884.737525
102.790586,73,3884.875897
-2.073301,109,3885.085964
3.780625,65,3885.213172
1.706377,78,3885.362984
105.173661,61,3885.481725
2.756519,61,3885.600759
3.344174,75,3885.746406
4.339707,65,3885.87337
4.621532,66,3885.999741
3.92439,61,3886.117459
1.780041,71,3886.258796
5.286568,84,3886.427092
4.995433,63,3886.553044
1.334557,77,3897.984941
1.765754,72,3898.134187
2.804381,67,3898.271868
3.839521,71,3898.41777
5.117658,67,3898.555874
1.614507,78,3898.712108
2.146413,88,3898.894815
-0.380199,70,3899.036766
2.05801,67,3899.176352
100.846739,72,3899.325198
3.643819,68,3899.470436
3.671827,66,3899.606463
3.01131,85,3899.794052
0.914314,64,3899.921727
-0.752822,249,3900.403558
104.445513,63,3900.527904
101.21169,92,3900.70774
2.266952,59,3900.825442
2.408164,62,3900.948695
-0.659953,85,3901.116184
1.368606,97,3901.3099
4.660517,68,3901.443774
100.910421,94,3901.649915
5.144305,60,3901.765427
101.400944,79,3901.925539
101.88202,76,3913.337791
101.420532,83,3913.50287
3.824485,61,3913.626582
1.46071,72,3913.773174
4.220749,63,3913.91245
100.940902,51,3914.01345
100.542072,31,3914.076148
-2.551128,146,3914.361905
2.390051,70,3914.499177
4.718812,87,3914.672819
4.356967,71,3914.811494
4.680988,64,3914.938371
2.146427,71,3915.076935
3.574754,85,3915.247395
3.437199,60,3915.369023
5.147644,144,3915.653199
1.739674,70,3915.792397
2.097546,68,3915.941831
4.553102,84,3916.112223
5.251813,65,3916.247128
1.576836,87,3916.424285
4.351983,69,3916.567561
2.440222,70,3916.710471
1.272825,73,3916.860784
2.844324,61,3916.989084
102.047055,71,3917.133236
1.894363,72,3917.283235
104.461707,75,3928.612254
1.040584,84,3928.785472
101.113259,84,3928.95822
3.712369,65,3929.108235
4.524566,63,3929.237886
1.86448,69,3929.38327
104.029312,59,3929.505767
5.474657,77,3929.664986
2.381627,69,3929.805204
106.237178,65,3929.934047
-0.795113,91,3930.116671
3.823503,65,3930.246302
1.836773,74,3930.391974
100.649265,66,3930.52038
101.863985,79,3930.675648
4.14684,69,3930.81112
100.282809,69,3930.944162
2.043089,74,3931.087296
105.551827,63,3931.211016
102.928624,74,3931.358479
5.996412,66,3931.489578
-0.083671,91,3931.664793
2.104141,79,3931.823577
3.785851,64,3931.954232
101.396627,73,3932.101112
-0.129432,145,3932.414268
2.722449,59,3932.537726
2.667675,70,3932.682471
4.066081,70,3944.15385
1.214322,66,3944.290286
2.716084,65,3944.42695
3.989856,70,3944.572324
5.341292,65,3944.723822
2.385178,85,3944.892209
103.225654,71,3945.030027
3.722971,74,3945.180065
2.034026,78,3945.333023
1.749894,73,3945.483002
0.503547,226,3945.922085
3.04587,63,3946.046983
3.591667,60,3946.167059
1.221887,75,3946.313993
2.835196,66,3946.446231
1.841286,75,3946.59177
0.37153,1000,3959.736236
1.047369,1000,3961.721433
-1.755687,141,3962.002124
3.372712,84,3962.16818
2.74919,68,3962.302889
2.175516,91,3962.483017
3.137113,90,3962.663077
2.548979,69,3962.795462
101.375685,98,3962.98858
101.936737,70,3963.125471
1.567106,69,3963.25728
3.680427,97,3974.674308
1.566768,87,3974.844264
2.281808,92,3975.026352
103.543738,79,3975.184167
4.128032,63,3975.318876
103.927589,60,3975.451987
1.775185,85,3975.618018
0.306899,97,3975.813247
3.582684,63,3975.937325
5.79379,66,3976.066571
101.028294,43,3976.151801
1.316075,71,3976.293433
103.77225,68,3976.428778
1.966427,107,3976.640485
3.965807,63,3976.764236
3.536032,77,3976.911302
3.29684,98,3977.105207
3.924465,79,3977.259712
2.355909,66,3977.387582
4.040953,61,3977.51047
2.408552,74,3977.658028
100.367613,65,3977.789981
3.075104,71,3977.934835
3.351397,72,3978.077979
100.553159,25,3978.131047
4.346113,66,3978.268823
102.136875,43,3978.356416
0.746203,188,3989.913291
100.227367,16,3989.946971
2.728806,63,3990.076975
103.075637,79,3990.237304
2.491886,79,3990.415904
4.613642,81,3990.596873
4.329526,61,3990.723698
2.41949,65,3990.85506
101.364676,93,3991.049562
3.230522,61,3991.180529
2.510212,74,3991.333836
3.234886,72,3991.481342
3.350594,95,3991.68418
1.398169,60,3991.807637
100.433643,65,3991.938006
2.50181,80,3992.105339
3.718704,73,3992.259289
4.984449,73,3992.414386
5.89901,73,3992.569069
3.355288,77,3992.727601
1.172419,90,3992.909526
4.572534,75,3993.064208
1.635962,74,3993.220766
0.361486,75,3993.376666
4.798478,61,3993.500942
-0.472056,108,3993.718
1.68335,87,3993.894812
4.401413,80,3994.060992
0.19117,84,4005.445175
2.359333,81,4005.611142
105.015339,64,4005.745117
-0.75772,98,4005.964858
-0.068653,74,4006.113848
3.803145,89,4006.289692
2.24042,68,4006.425959
100.629996,83,4006.589387
2.630814,74,4006.736077
2.729537,88,4006.914184
3.721535,65,4007.044194
4.22831,69,4007.182902
102.380313,71,4007.323032
102.801644,56,4007.446224
3.212793,64,4007.571152
4.656557,65,4007.695106
1.689074,76,4007.844145
101.411324,67,4007.976914
100.543628,73,4008.120623
0.754011,83,4008.284431
5.110241,69,4008.439073
3.356904,73,4008.57821
4.693124,80,4008.731346
3.982955,70,4008.871268
3.533026,73,4009.017125
4.133035,75,4009.16603
3.03772,85,4009.332726
3.100042,78,4020.823363
100.852066,102,4021.034882
4.826036,80,4021.202009
1.485361,85,4021.37598
101.162065,67,4021.514869
1.202475,88,4021.698228
4.26669,64,4021.830024
2.871145,73,4021.969162
2.798907,74,4022.114491
3.095281,64,4022.244182
102.64238,71,4022.384338
102.042594,55,4022.497104
102.872942,71,4022.642214
5.752406,73,4022.788408
2.230311,69,4022.922659
3.815589,64,4023.048082
4.498963,63,4023.177033
3.919337,61,4023.298091
100.632335,86,4023.473993
4.552728,66,4023.60244
3.47723,67,4023.733962
1.334346,95,4023.934891
0.829933,90,4024.11315
3.156696,94,4024.306098
2.492077,69,4024.449616
1.880234,71,4024.597502
3.603536,65,4024.739178
4.885404,68,4024.882362
103.604447,67,4036.30256
0.876862,70,4036.4394
3.36161,86,4036.607783
1.203206,126,4036.85517
3.760381,67,4036.987317
101.409193,88,4037.168754
3.059279,62,4037.295654
1.528646,88,4037.481584
2.56142,69,4037.620731
104.897283,59,4037.737826
101.123691,71,4037.88481
2.564126,82,4038.062164
101.953557,42,4038.147714
102.948021,51,4038.247324
3.057513,73,4038.398233
3.063751,64,4038.530735
4.132459,64,4038.664677
-0.429749,84,4038.835373
1.230128,62,4038.956353
1.449203,91,4039.13186
3.766029,65,4039.257766
105.673844,72,4039.399072
100.873788,56,4039.510623
3.927554,65,4039.638294
-0.014942,89,4039.809837
5.737134,68,4039.958219
103.626118,72,4040.100534
3.982222,73,4040.243293
-0.965632,644,4052.789716
101.680214,95,4052.983334
101.163028,124,4053.23588
2.438612,69,4053.382092
5.076733,70,4053.522918
4.0639,68,4053.658238
102.778225,49,4053.751038
0.894917,81,4053.920737
1.212973,89,4054.103321
4.927823,66,4054.232179
101.189211,75,4054.38165
3.663548,66,4054.514369
3.243896,60,4054.633883
105.853654,63,4054.758335
4.049738,65,4054.88921
101.396511,65,4055.022737
0.958754,65,4055.15376
102.004812,74,4055.300337
4.301007,99,4055.497235
101.289284,108,4055.720258
102.66134,57,4067.037444
102.79466,70,4067.20644
4.097622,70,4067.352833
1.682068,73,4067.504736
1.463682,74,4067.66592
2.822963,70,4067.810981
0.733026,81,4067.970679
4.431782,64,4068.111066
4.138138,64,4068.240833
101.540092,77,4068.411301
102.877063,71,4068.562109
101.800587,41,4068.65124
4.577602,67,4068.790643
1.746751,91,4068.965426
100.615146,32,4069.028423
0.695936,92,4069.210608
103.973957,58,4069.327665
3.249014,78,4069.484147
0.840523,84,4069.651293
0.193512,83,4069.81306
1.851222,71,4069.951948
0.492154,78,4070.105242
1.972096,75,4070.263647
0.000424,93,4070.443949
101.278232,98,4070.636364
100.716917,247,4071.144703
4.499838,70,4082.664734
102.72924,75,4082.822767
2.037956,113,4083.067025
-1.26255,124,4083.326839
100.767629,86,4083.503191
-0.964815,117,4083.746832
4.932127,101,4083.951743
101.192911,44,4084.042809
100.704264,49,4084.142857
2.717491,80,4084.306901
102.900883,72,4084.456654
5.897826,63,4084.584124
104.157588,72,4084.734984
5.242612,70,4084.876336
105.172125,64,4085.000605
4.692465,68,4085.136243
1.691988,74,4085.281273
101.934732,66,4085.412537
-0.055653,146,4085.704125
104.149405,66,4085.833919
101.664449,105,4086.058555
1.103532,82,4086.220292
2.786216,76,4086.370066
3.062782,73,4086.517757
102.944699,69,4086.654583
101.226178,92,4098.109463
1.639101,73,4098.259372
6.243918,66,4098.396422
1.505671,85,4098.572778
3.339308,63,4098.701538
2.673004,60,4098.822116
2.672305,73,4098.972541
1.749658,81,4099.142915
101.607562,62,4099.272233
-0.591845,1000,4101.322594
2.428161,71,4101.464417
2.641995,62,4101.590575
3.623772,65,4101.716213
101.491927,74,4101.86631
1.090418,97,4102.058352
2.694935,92,4113.448724
3.263587,73,4113.598711
101.654202,69,4113.739092
2.401084,69,4113.891243
-0.673304,94,4114.086017
2.70964,66,4114.220667
2.034609,71,4114.366763
101.373173,63,4114.494732
2.080229,60,4114.619644
0.9441,71,4114.768154
1.963955,90,4114.94677
3.23908,86,4115.116616
2.353208,84,4115.281295
4.936938,65,4115.412415
-2.649428,448,4116.357269
3.095797,82,4116.527235
100.489491,60,4116.652038
1.504628,134,4116.919159
3.99015,88,4117.09622
2.967218,66,4117.227571
2.682779,77,4117.391451
4.47902,64,4117.517454
104.535494,69,4128.934844
4.454519,74,4129.079803
104.895644,67,4129.209245
100.763185,99,4129.402486
1.825554,83,4129.585227
3.136906,67,4129.721255
105.642072,72,4129.863098
2.580848,68,4130.005833
103.668152,74,4130.149657
101.943957,75,4130.297188
1.301983,80,4130.453941
1.292685,70,4130.589588
3.895677,77,4130.743805
3.060757,68,4130.876611
1.803576,71,4131.0161
4.093764,66,4131.144437
100.895758,74,4131.289776
103.360287,71,4131.430277
3.027402,87,4131.604173
4.764872,64,4131.728375
3.029615,68,4131.865927
4.187236,80,4132.03039
1.99203,61,4132.153433
1.88497,76,4132.31088
3.235416,65,4132.445974
101.293694,69,4132.586852
1.063713,76,4132.737808
4.1484,61,4132.858426
1.521199,75,4144.250266
3.0286,77,4144.410639
4.058466,70,4144.554494
4.227235,67,4144.705987
0.784071,82,4144.883642
0.868105,87,4145.06365
4.879253,70,4145.207564
101.827587,62,4145.338714
4.477852,101,4145.546983
-1.110395,181,4145.9127
1.336767,78,4146.068911
101.070527,110,4146.282851
4.572223,64,4146.411249
1.95402,82,4146.571954
-2.036165,410,4147.40362
4.053289,61,4147.528069
1.110073,77,4147.68605
2.601638,66,4147.832392
2.187562,72,4147.973467
2.702359,68,4148.108405
1.631104,66,4148.239937
2.557443,78,4159.712878
4.473041,69,4159.84794
100.690249,84,4160.030106
3.346401,66,4160.156764
1.33153,85,4160.323393
1.393542,76,4160.468362
1.445932,68,4160.599985
1.650544,92,4160.778818
3.619626,69,4160.911735
4.276045,67,4161.046357
3.043045,72,4161.190755
101.384868,83,4161.357765
2.056544,73,4161.505544
104.531459,59,4161.621616
103.944032,58,4161.737266
2.686804,64,4161.871119
100.999549,185,4162.232723
0.594734,1000,4175.526893
102.633783,58,4175.644834
0.956959,80,4175.813285
103.775235,71,4175.954625
101.706829,85,4176.121153
3.581315,142,4176.400195
0.635541,76,4176.548344
101.013911,85,4176.731939
0.050179,93,4176.914416
103.05778,75,4177.064772
2.189575,63,4177.18963
105.024516,61,4177.310642
1.024798,84,4177.47856
1.427429,90,4177.656339
2.326059,69,4177.791126
1.20145,91,4177.976663
4.71424,60,4178.098659
4.086998,97,4178.297863
101.356095,94,4178.492429
103.961026,71,4178.636215
102.007573,63,4178.767693
3.764503,72,4178.914634
2.865262,72,4179.055363
104.054851,66,4179.184365
1.242889,94,4190.666879
5.012549,61,4190.791806
104.532749,64,4190.935793
2.716406,75,4191.085161
-0.721767,88,4191.260709
3.662421,71,4191.398583
5.042485,79,4191.553741
101.080836,73,4191.701404
104.232868,65,4191.827319
3.559804,63,4191.955746
100.303944,58,4192.077476
2.569205,69,4192.220572
0.298601,81,4192.399835
1.541549,68,4192.537272
101.11072,57,4192.657467
102.091819,64,4192.787713
100.950885,88,4192.963969
0.752269,77,4193.112959
3.873905,68,4193.247354
1.062043,66,4193.377502
2.082808,70,4193.517558
1.962082,62,4193.639826
101.27661,114,4193.868251
2.241219,75,4194.012617
102.00305,47,4194.106095
101.526469,78,4194.257902
100.926333,73,4194.397787
4.078561,70,4194.536383
101.523529,51,4205.920887
103.455624,62,4206.059484
103.558552,66,4206.194874
100.680902,57,4206.31251
-0.170081,112,4206.54377
101.384201,83,4206.714825
4.523018,107,4206.925975
3.924559,60,4207.059501
-2.40654,130,4207.346742
1.393882,93,4207.542063
1.358737,97,4207.74277
1.992496,65,4207.878917
3.075902,84,4208.051425
3.021247,70,4208.189276
0.407524,1000,4221.480819
1.96297,65,4221.617553
101.107664,153,4221.930572
102.895853,57,4222.05297
2.043765,61,4222.179705
3.061751,77,4222.336386
3.74907,101,4222.550068
3.608785,72,4222.698303
4.815402,70,4222.839055
104.39179,72,4222.995114
102.228053,65,4223.122661
3.8,92,4223.304716
4.131558,69,4223.438093
102.993405,60,4223.559758
102.08565,66,4223.692479
105.162071,65,4223.819601
0.572622,83,4223.987195
2.017888,73,4224.134697
101.578147,104,4224.332925
102.611033,74,4224.484875
105.472619,68,4224.62033
3.987121,67,4224.7527
103.919231,54,4224.861328
3.159086,210,4225.276169
4.160499,91,4225.458323
2.37692,84,4236.890115
102.360315,55,4236.99838
1.810884,81,4237.154663
4.807685,66,4237.296033
100.69316,27,4237.348791
100.734888,55,4237.453717
4.100954,75,4237.597379
2.975729,92,4237.774731
102.488733,59,4237.89118
1.142087,88,4238.064493
3.745939,67,4238.193089
102.176523,47,4238.290018
5.074067,88,4238.461591
3.977639,67,4238.592063
5.130252,65,4238.720924
101.986611,62,4238.842422
102.140807,76,4238.992158
1.7504,74,4239.136228
2.756456,95,4239.320308
0.741493,65,4239.446703
101.786006,61,4239.56505
4.778518,63,4239.686598
0.509834,85,4239.859225
5.724967,65,4239.98976
3.968292,60,4240.106848
100.36596,75,4240.255127
2.623748,75,4240.403392
3.909545,71,4240.548614
1.710232,70,4240.686479
1.474267,78,4252.098716
4.041711,64,4252.230696
4.58404,76,4252.387589
100.946289,68,4252.534085
103.581566,74,4252.697014
105.226525,63,4252.829844
2.437799,91,4253.026643
3.682251,79,4253.19491
103.033448,71,4253.341976
101.066855,107,4253.560792
100.591485,43,4253.642163
4.210412,78,4253.797338
0.85426,86,4253.962265
3.037073,75,4254.1157
3.409857,74,4254.269252
1.229783,74,4254.422031
104.451564,57,4254.540364
2.869202,71,4254.6876
102.727205,75,4254.840856
3.577532,69,4254.978578
4.52733,74,4255.120332
100.98194,65,4255.249217
2.367388,73,4255.398772
4.604408,66,4255.528954
5.232895,72,4255.670411
4.336396,66,4255.803832
101.004356,102,4256.000365
101.225044,73,4256.142632
3.869368,69,4267.518401
3.871202,71,4267.659295
100.927374,51,4267.763632
2.488963,85,4267.928318
2.269128,88,4268.102839
3.884501,102,4268.307389
103.19678,65,4268.445459
1.853389,74,4268.602447
2.564869,79,4268.766635
2.492152,150,4269.079379
0.349081,1000,4271.04407
5.569461,92,4271.219103
101.414564,77,4271.371379
-1.880649,155,4282.91957
3.07418,75,4283.084405
1.665725,187,4283.475872
1.658594,68,4283.614255
1.17377,77,4283.772458
-2.547711,154,4284.099134
3.799666,66,4284.235827
1.677325,86,4284.422219
2.983315,75,4284.579584
3.180943,76,4284.740176
4.147245,73,4284.889053
1.339106,65,4285.017606
100.979747,81,4285.17944
2.346686,91,4285.358529
104.081366,72,4285.502296
1.557523,88,4285.678804
3.023664,67,4285.815981
3.823481,75,4285.972988
3.536228,101,4286.179325
2.27758,75,4286.333734
103.801557,73,4286.488716
1.306071,63,4286.619583
3.922415,79,4286.780373
2.610885,69,4286.913475
105.894735,68,4298.417303
102.981931,72,4298.564746
2.314453,92,4298.764634
4.735003,83,4298.928264
105.15838,62,4299.055059
100.530484,31,4299.117509
-1.818108,151,4299.41028
2.902436,79,4299.561468
2.269075,68,4299.694965
1.304078,85,4299.862031
101.134186,77,4300.027624
2.244595,85,4300.216799
1.659525,81,4300.383476
100.74244,74,4300.541699
101.310592,86,4300.711833
2.65203,88,4300.881879
3.684561,91,4301.067096
100.754287,51,4301.166568
2.217224,79,4301.320838
3.717087,66,4301.455022
101.741045,105,4301.66147
4.423416,77,4301.813654
4.457416,81,4301.975047
101.453651,80,4302.14375
3.313137,67,4302.280813
3.600034,73,4302.432064
3.477976,72,4313.886963
103.69744,74,4314.046023
2.234264,70,4314.18488
2.915052,70,4314.322193
3.134783,83,4314.485809
2.029531,61,4314.605329
106.232181,73,4314.746118
2.295953,86,4314.921426
5.006566,71,4315.059639
3.274894,62,4315.182837
105.739878,64,4315.309785
2.554873,64,4315.437957
105.937523,72,4315.578634
1.378482,82,4315.743525
2.63321,79,4315.912752
3.877481,73,4316.06194
-1.590435,121,4316.31668
101.59154,64,4316.448758
3.142914,63,4316.572196
4.06529,109,4316.788847
101.73899,75,4316.937589
1.786916,75,4317.087538
3.749678,72,4317.233814
101.811697,48,4317.328528
1.338448,69,4317.469301
100.494592,54,4317.580477
1.807874,70,4317.717484
101.159723,87,4317.884901
2.616165,71,4329.207757
2.768123,66,4329.342906
1.496518,71,4329.492154
100.622175,82,4329.660324
100.725357,83,4329.829819
100.879325,78,4329.979236
105.444647,64,4330.107173
4.374272,70,4330.246187
0.738615,113,4330.471033
100.902719,84,4330.634533
1.418946,81,4330.81223
2.378013,73,4330.959467
-0.065889,176,4331.297904
1.32648,69,4331.435675
1.713998,90,4331.618934
4.090766,64,4331.748909
2.640782,74,4331.899538
105.128744,69,4332.053639
4.107192,75,4332.210593
2.458542,98,4332.414254
4.384455,102,4332.623669
0.986807,146,4332.920168
2.660146,68,4333.05275
4.717423,83,4333.218491
1.357248,62,4344.703063
4.557872,73,4344.86113
103.666507,59,4344.974003
2.617285,89,4345.151189
3.705735,69,4345.284406
0.512161,92,4345.468095
3.038657,100,4345.662716
2.48937,64,4345.789589
2.313654,67,4345.919961
104.988526,73,4346.060138
1.444164,66,4346.189955
1.743833,75,4346.336773
4.247388,64,4346.463217
3.465616,80,4346.619516
1.997377,71,4346.766518
1.461088,128,4347.033564
1.888843,76,4347.186108
1.172224,77,4347.346519
101.351556,75,4347.499274
4.570067,83,4347.667539
5.314612,64,4347.797434
2.872386,70,4347.944489
2.940877,77,4348.100301
5.409821,61,4348.223446
100.88988,90,4348.404773
104.054962,62,4348.531251
101.664582,39,4348.609324
101.499981,58,4348.731167
-0.118318,107,4360.164625
104.633997,62,4360.286258
1.196959,79,4360.438052
101.081867,81,4360.597205
1.229223,120,4360.836269
3.719634,67,4360.968213
1.955452,92,4361.167824
101.621912,78,4361.32171
3.826713,65,4361.450573
100.757131,62,4361.573834
102.943815,68,4361.713222
3.829106,81,4361.877469
100.879309,72,4362.017998
3.106816,63,4362.144009
1.893892,70,4362.282061
101.384424,86,4362.449446
-0.838069,140,4362.725169
2.984323,63,4362.850179
101.660242,71,4362.989448
3.010515,72,4363.133316
2.59482,74,4363.28074
104.074104,71,4363.424396
3.890857,75,4363.573722
100.96972,54,4363.683234
104.283718,61,4363.805007
4.365475,67,4363.941488
103.409282,70,4375.268957
100.705661,78,4375.421371
104.940949,60,4375.542657
3.326655,61,4375.676461
105.550704,71,4375.816117
2.795347,83,4375.981913
4.789759,78,4376.139416
3.394016,170,4376.472727
102.055766,61,4376.596122
2.25791,71,4376.735965
-0.516952,91,4376.91195
100.718507,83,4377.077317
4.36572,61,4377.199476
0.013666,254,4377.706876
101.216642,78,4377.867172
1.83008,79,4378.024258
100.614873,87,4378.199458
2.07991,62,4378.320186
2.937563,96,4378.520914
0.556909,66,4378.655207
1.959213,64,4378.788125
101.679725,57,4378.897746
104.559133,59,4379.01552
2.069216,72,4379.15933
100.509693,73,4379.321523
2.578862,78,4390.65757
105.493846,62,4390.781625
2.680265,69,4390.917438
1.878881,78,4391.070294
101.084606,90,4391.249515
103.767072,70,4391.389088
3.904838,65,4391.518066
3.525926,69,4391.659235
102.353716,71,4391.808839
1.895076,86,4391.978465
101.346796,65,4392.112152
106.194901,71,4392.251894
1.68639,74,4392.397325
3.937619,63,4392.525104
5.077797,77,4392.680042
4.873133,80,4392.837395
4.78123,64,4392.965099
5.356189,64,4393.092495
2.04088,71,4393.230464
102.168715,57,4393.342145
2.317067,77,4393.495425
3.287723,71,4393.633858
1.776053,79,4393.791747
3.666286,65,4393.923651
1.514061,105,4394.130005
4.768691,60,4394.246984
4.118052,65,4394.372724
100.196374,61,4394.495484
-0.773801,105,4405.997134
4.344068,76,4406.147156
5.617099,76,4406.303527
4.646595,65,4406.437906
2.399113,69,4406.571233
4.606261,77,4406.722946
1.978512,63,4406.847853
102.550259,69,4406.984464
2.943654,73,4407.131876
2.063468,64,4407.258085
101.905355,76,4407.407687
4.780208,73,4407.555013
1.695241,97,4407.749468
1.524983,82,4407.914615
100.953069,61,4408.037064
3.684535,71,4408.175993
101.678992,87,4408.343138
4.982737,63,4408.467906
2.722633,60,4408.616503
3.079988,91,4408.789903
4.977757,68,4408.92282
1.461284,115,4409.146948
0.70797,82,4409.305805
2.985752,70,4409.445861
102.400161,70,4409.585649
2.408688,71,4409.724816
3.066949,62,4409.844093
5.182573,71,4421.191698
101.449364,75,4421.342661
1.555262,71,4421.482764
3.515926,70,4421.618221
4.800841,92,4421.811152
2.997403,63,4421.93276
100.465983,77,4422.08656
4.758971,66,4422.216027
4.217859,75,4422.364813
1.993361,77,4422.516629
4.359894,67,4422.649006
2.104403,74,4422.793338
101.462923,74,4422.936432
102.118811,57,4423.048955
4.376804,99,4423.24488
2.352151,62,4423.371263
-0.20655,268,4423.911223
102.028497,62,4424.037584
3.400252,78,4424.191626
1.200609,79,4424.349037
4.709773,62,4424.469579
4.21953,67,4424.602672
101.453928,73,4424.745538
100.363857,71,4424.886162
101.407567,82,4425.045929
4.815904,96,4425.248935
103.519883,71,4436.639282
1.710525,93,4436.822392
3.881959,66,4436.951173
102.472503,75,4437.100523
3.47556,68,4437.233921
0.591724,92,4437.426024
-2.079429,308,4438.048554
0.992424,1000,4440.013674
101.321166,52,4440.117617
2.711559,68,4440.252493
1.111867,72,4440.39143
3.920414,64,4440.515849
2.883382,86,4451.899116
1.488669,83,4452.076992
3.5068,81,4452.236044
1.548466,90,4452.424644
3.096124,80,4452.581419
3.738695,62,4452.703635
5.101982,76,4452.854238
0.846328,83,4453.025754
4.55825,67,4453.160649
101.99324,66,4453.295416
5.554935,88,4453.467988
-1.769441,851,4455.137932
100.973817,103,4455.334116
100.678328,82,4455.495902
4.176825,83,4455.657217
4.190378,74,4455.803202
103.399743,71,4467.120964
101.449572,102,4467.323903
101.473797,128,4467.590117
3.610246,70,4467.727257
1.145442,101,4467.92362
101.060002,57,4468.03778
5.440781,61,4468.159622
4.97992,150,4468.455164
2.463836,88,4468.631387
1.434655,73,4468.774345
102.626129,45,4468.86431
1.342968,92,4469.046042
100.06965,67,4469.17762
101.876338,69,4469.312905
101.344432,62,4469.435697
4.084803,63,4469.559425
2.570496,74,4469.70718
101.057084,70,4469.841948
101.552506,92,4470.022161
0.370739,83,4470.186265
102.494091,65,4470.317014
101.28455,123,4470.563862
3.281454,60,4470.677412
100.703544,60,4470.793755
1.989645,82,4470.956029
1.539755,124,4482.477168
4.919375,67,4482.614125
0.199483,172,4482.954978
-0.846592,97,4483.146204
1.6236,71,4483.286141
102.710238,73,4483.433935
106.107207,72,4483.576821
1.66882,68,4483.7112
3.533903,70,4483.8587
103.344513,54,4483.961758
4.305607,101,4484.167114
102.330822,68,4484.301459
1.346211,94,4484.483866
101.238247,105,4484.693167
2.589554,72,4484.838452
-0.707374,465,4485.799143
4.982151,61,4485.926083
4.415078,66,4486.063643
5.121326,75,4486.220775
4.448203,76,4486.378896
1.157915,79,4497.740667
100.563556,77,4497.908387
1.105206,82,4498.073009
4.034927,109,4498.287387
5.119597,71,4498.433214
1.672353,75,4498.579954
2.630167,74,4498.72624
4.113074,74,4498.876765
3.349594,90,4499.054541
3.911232,86,4499.228182
4.181439,74,4499.375497
101.716634,38,4499.451301
2.382869,68,4499.586914
2.352748,75,4499.730326
1.411002,88,4499.900812
101.877982,103,4500.100626
101.556262,68,4500.231707
4.904266,73,4500.374848
0.699996,107,4500.584193
4.838641,66,4500.720049
2.37301,77,4500.882325
4.325532,86,4501.064005
101.707128,78,4501.226519
0.319626,94,4501.426061
1.805185,81,4501.595456
5.0619,134,4513.233184
2.873095,81,4513.400105
101.146456,74,4513.549191
4.530455,69,4513.695377
101.979245,69,4513.841422
2.940687,94,4514.035158
-0.257724,101,4514.24608
1.720523,73,4514.406861
2.863452,99,4514.608333
2.727968,92,4514.816573
-2.076682,162,4515.153349
4.637248,69,4515.29221
103.116163,68,4515.433625
3.524087,72,4515.585124
1.651975,89,4515.770946
2.186272,75,4515.92631
4.449959,61,4516.050997
2.197705,70,4516.192489
3.324241,68,4516.329761
4.056687,61,4516.460936
3.740298,69,4516.595965
2.599933,69,4516.734759
2.812671,72,4516.87895
101.39691,87,4517.050923
101.707519,92,4517.234679
-0.651559,293,4529.204423
3.089937,74,4529.361141
2.212719,97,4529.558997
3.780184,85,4529.736811
100.1451,53,4529.84385
3.178742,75,4529.999673
2.392896,75,4530.146319
102.06038,53,4530.250169
103.747855,53,4530.355338
4.438463,71,4530.496781
0.920566,1000,4532.487051
100.87242,54,4532.593789
102.086966,64,4532.72756
2.279433,71,4532.870925
102.51851,65,4544.336321
-0.187685,137,4544.630895
101.476579,76,4544.783643
3.823635,67,4544.922137
1.411849,62,4545.048565
104.712538,62,4545.175778
0.477869,118,4545.415045
0.984748,504,4546.414966
100.964465,96,4546.609835
3.506031,65,4546.736348
3.393073,64,4546.861936
1.105874,77,4547.021662
0.40405,98,4547.215276
2.689913,95,4547.406512
2.092722,74,4547.554157
4.030748,94,4547.752511
3.268981,78,4547.905915
1.532518,84,4548.077152
1.196779,80,4548.239002
3.857201,70,4548.377872
101.983857,55,4559.672275
5.310279,87,4559.848791
5.22827,74,4559.990867
2.457243,74,4560.138775
5.777425,83,4560.303974
1.248959,80,4560.463831
3.758039,67,4560.627197
3.156654,93,4560.813195
100.756586,68,4560.945632
2.233963,82,4561.110597
4.816273,68,4561.248705
101.102362,55,4561.358395
0.609426,80,4561.519236
1.343358,92,4561.700391
4.16033,70,4561.834306
3.263975,62,4561.952946
0.226786,1000,4575.128467
5.206477,68,4575.265226
2.408586,69,4575.398248
101.33344,100,4575.603891
4.144899,67,4575.736709
3.5767,64,4575.86323
1.09791,78,4576.016644
1.029776,86,4576.19067
2.603149,72,4576.332014
101.326115,83,4576.499744
2.643027,73,4576.643351
3.022427,65,4576.772575
4.793486,72,4576.914528
-0.54423,287,4577.484725
101.778243,64,4577.609321
0.524842,103,4577.811039
4.271887,64,4577.936125
3.249078,72,4578.079836
2.22866,93,4578.265766
104.172551,60,4578.385249
3.832851,60,4578.5056
4.406268,65,4578.631852
1.167182,89,4578.807098
2.818521,85,4590.229406
3.158936,63,4590.355412
100.948891,113,4590.57839
0.470363,75,4590.729679
1.839826,103,4590.935887
101.557517,61,4591.062483
100.630281,74,4591.211484
1.61612,60,4591.331906
1.405495,92,4591.514554
1.854657,77,4591.666734
1.417118,74,4591.825722
3.714757,76,4591.978131
3.038724,68,4592.115736
1.41199,64,4592.240542
2.585006,97,4592.430925
2.167507,77,4592.581509
2.653021,67,4592.711323
1.354146,95,4592.899394
3.478964,73,4593.038587
0.257222,71,4593.178275
3.116452,74,4593.325038
4.097028,67,4593.458111
5.90152,64,4593.582474
2.067609,88,4593.75674
0.905623,72,4593.906481
1.863839,130,4594.160345
2.427954,65,4605.519335
0.279744,233,4605.998289
4.395974,86,4606.166876
2.715114,75,4606.316045
2.741962,76,4606.472557
4.225212,70,4606.615294
2.88343,86,4606.787509
3.364422,78,4606.939647
101.792882,56,4607.049995
5.17219,82,4607.210732
102.895774,66,4607.337762
5.048778,66,4607.4661
4.5805,75,4607.615687
2.501486,103,4607.823629
2.871334,72,4607.962727
3.690179,69,4608.096694
4.349609,70,4608.235621
5.731966,72,4608.377715
-1.688352,179,4608.749551
1.393941,61,4608.867424
4.742424,61,4608.987923
101.874519,66,4609.117153
3.886847,59,4609.235263
-0.01441,100,4609.434332
103.196628,65,4609.560322
105.861828,62,4620.874188
101.770909,43,4620.963106
101.480805,94,4621.144409
3.676626,70,4621.281927
3.747848,79,4621.439267
101.408977,69,4621.574057
100.554656,70,4621.712148
104.264616,73,4621.86808
3.307571,71,4622.008321
104.462607,58,4622.119841
0.647134,90,4622.307118
101.369506,88,4622.48393
103.331821,54,4622.589812
0.698212,74,4622.732997
104.900594,69,4622.869308
1.818101,71,4623.008851
100.821372,89,4623.188783
102.414897,56,4623.297452
102.509844,68,4623.432287
101.862238,102,4623.631532
5.314051,61,4623.755354
1.293919,69,4623.893883
100.932394,87,4624.067392
100.896992,73,4624.214852
102.312639,77,4624.36937
2.454055,92,4624.551084
102.317226,50,4624.647541
2.577298,70,4624.78827
1.271742,122,4636.198845
1.952507,67,4636.34836
102.914048,67,4636.481878
101.33178,98,4636.673431
102.453334,66,4636.805582
-0.034291,91,4636.984268
3.35273,68,4637.120297
103.230551,59,4637.235242
1.624631,70,4637.376644
101.499286,59,4637.497034
1.584572,71,4637.6376
1.646664,73,4637.783418
2.701389,139,4638.061236
1.207942,71,4638.203508
102.875921,69,4638.344439
103.983189,62,4638.468765
100.94513,94,4638.654913
100.90462,76,4638.805073
-0.364535,99,4639.00461
4.222278,71,4639.144158
2.902393,72,4639.285775
2.496974,70,4639.424637
4.09727,75,4639.572021
2.611185,91,4639.754011
0.828919,108,4639.967705
4.139376,79,4651.409828
100.189298,71,4651.548713
4.159442,76,4651.698951
102.651235,73,4651.842448
101.092145,58,4651.955287
2.230402,92,4652.141129
2.054891,73,4652.291927
103.769516,59,4652.410611
2.022721,76,4652.56216
1.955456,92,4652.739894
3.017249,66,4652.889102
3.271017,82,4653.052396
3.600454,66,4653.181839
1.458986,116,4653.411837
1.511861,97,4653.604671
5.196816,60,4653.722025
101.108902,52,4653.827444
3.882464,73,4653.977926
4.520571,85,4654.146907
101.775859,62,4654.271165
1.763986,78,4654.425959
1.430921,72,4654.571223
1.525401,100,4654.772659
4.183887,60,4654.894473
3.780299,66,4655.026989
101.047871,115,4655.265567
100.967366,76,4655.416224
0.280845,131,4666.862041
2.153338,92,4667.046455
1.156927,99,4667.239548
101.703855,78,4667.40949
101.070709,67,4667.54123
101.166022,64,4667.665748
0.302133,76,4667.820737
3.198,75,4667.970073
3.075535,71,4668.111108
-0.102913,100,4668.306892
100.988965,104,4668.515943
3.079462,69,4668.650962
103.011832,72,4668.838133
4.874262,75,4669.043617
101.09516,52,4669.158806
104.348789,64,4669.292924
102.461172,69,4669.43021
2.337343,67,4669.56097
4.086571,81,4669.723902
2.831278,71,4669.863098
2.0508,74,4670.011595
2.361737,68,4670.145467
0.29412,1000,4683.36383
4.258861,62,4683.494086
103.538919,70,4683.637637
102.641595,65,4683.772572
103.03494,50,4683.87338
101.927695,53,4683.984795
102.823397,49,4684.084395
101.345444,77,4684.247344
4.476743,71,4684.394859
3.323566,85,4684.570262
1.863286,59,4684.694113
-0.539303,103,4684.902964
-2.212816,272,4685.436707
3.416608,66,4685.580445
103.376648,66,4685.716517
100.146018,76,4685.867477
2.209609,71,4686.005507
1.513978,77,4686.156394
4.664166,80,4697.50751
3.910822,81,4697.684768
102.076604,75,4697.838118
5.065231,60,4697.958704
103.852331,57,4698.071708
104.932123,62,4698.192319
1.583578,70,4698.331778
1.079318,77,4698.492277
4.37902,74,4698.642474
1.325695,71,4698.784726
-0.645773,87,4698.955524
0.487305,547,4700.043306
3.271012,68,4700.175062
3.074574,66,4700.30583
4.153176,62,4700.428208
2.38601,72,4700.577102
3.940084,70,4700.717832
2.054137,69,4700.853898
3.720756,67,4700.98493
1.911775,69,4701.117496
4.254632,79,4701.274647
101.485964,60,4701.395643
1.168579,71,4712.711513
5.37124,77,4712.877321
4.021083,74,4713.019338
2.379912,77,4713.170712
4.608202,67,4713.304139
2.597151,74,4713.446423
2.253777,61,4713.567437
1.252026,71,4713.70666
5.334882,63,4713.832909
3.719166,86,4714.004546
-0.948317,200,4714.412017
4.674581,64,4714.539255
0.394842,74,4714.684908
1.264096,69,4714.822495
101.962137,85,4714.989444
1.974938,87,4715.161124
1.026444,64,4715.289909
5.10064,60,4715.415072
101.136064,140,4715.694752
4.702545,69,4715.827989
101.25628,89,4716.001232
2.870542,70,4716.14044
102.411725,65,4716.269895
101.202215,65,4716.401862
3.95763,89,4716.582834
4.096657,65,4716.709073
4.162211,64,4728.00728
101.235167,73,4728.154628
106.121792,70,4728.290521
4.274799,61,4728.412498
0.016075,295,4729.119626
2.738902,75,4729.271812
1.458021,78,4729.422668
2.097188,95,4729.612486
1.682168,75,4729.762046
1.845223,74,4729.910178
102.289943,69,4730.046204
105.519666,61,4730.167861
2.043686,76,4730.315841
2.611034,84,4730.484356
-0.631117,80,4730.667052
100.888442,100,4730.864499
3.526693,68,4730.997243
3.604334,67,4731.130789
1.252455,82,4731.294782
4.27806,73,4731.439156
0.853341,81,4731.607378
0.99852,63,4731.729799
4.313315,67,4731.863596
4.306049,62,4731.985523
2.781143,67,4732.126251
100.821057,80,4743.47866
4.177792,69,4743.623602
101.949521,48,4743.725297
100.817372,59,4743.84259
1.140226,82,4744.00328
3.964596,78,4744.155437
100.924059,76,4744.307482
4.14619,97,4744.507652
101.1904,84,4744.672339
3.320427,100,4744.872268
4.980548,82,4745.037843
5.713903,78,4745.191268
3.263786,69,4745.327349
-0.152946,152,4745.625685
2.419818,71,4745.76481
0.479144,75,4745.913845
-0.291627,176,4746.257842
2.726487,85,4746.428697
5.144352,69,4746.567427
-0.428335,167,4746.894951
4.763866,67,4747.027293
101.295364,65,4747.15787
103.779277,51,4747.258747
2.260248,71,4747.40129
2.740339,64,4758.812843
104.00989,70,4758.951937
2.484715,73,4759.093518
3.456219,65,4759.219952
3.761632,83,4759.385707
4.930235,76,4759.533353
2.003035,76,4759.68431
0.80025,73,4759.835357
1.77988,74,4759.987173
2.971469,78,4760.140744
1.23969,68,4760.271456
2.00395,120,4760.508235
5.316862,73,4760.654744
-0.046467,117,4760.881175
2.185275,93,4761.066235
2.907385,69,4761.202908
3.131472,61,4761.325829
0.887003,87,4761.499154
5.082133,61,4761.621729
3.658098,106,4761.828789
3.457951,60,4761.948616
4.074143,60,4762.065343
101.432227,49,4762.160123
101.735063,68,4762.293465
104.393005,62,4762.417342
3.692678,62,4762.536991
-1.201899,118,4762.767148
1.611309,87,4774.183071
2.709529,86,4774.352695
3.063019,90,4774.547051
102.092979,61,4774.668362
3.205612,60,4774.785107
0.385188,69,4774.919359
0.829184,107,4775.136438
100.556948,75,4775.28192
4.926398,79,4775.434996
100.93589,96,4775.627351
1.23626,73,4775.773053
2.459266,79,4775.933631
4.66646,64,4776.061713
3.585488,77,4776.214454
101.262447,128,4776.467408
-0.8328,86,4776.637708
101.279023,117,4776.863848
4.272429,69,4777.005705
2.796176,68,4777.142247
4.27285,61,4777.264978
-0.073366,97,4777.46138
2.923,72,4777.606321
3.895575,69,4777.744499
102.277571,80,4777.902188
1.22656,94,4778.088466
2.087033,60,4789.485545
4.500212,71,4789.626754
2.478404,69,4789.765239
103.251296,68,4789.902871
104.13713,55,4790.01324
1.981871,76,4790.167095
5.731569,62,4790.297342
4.355311,70,4790.443836
2.99053,68,4790.577991
-1.241655,98,4790.775207
3.503263,86,4790.94949
1.490539,96,4791.153963
102.287456,64,4791.279191
104.82768,65,4791.404867
0.590291,73,4791.550208
2.159413,66,4791.682338
4.188506,69,4791.819832
2.301892,64,4791.946609
3.155113,82,4792.109869
3.627513,98,4792.300455
101.306687,60,4792.417269
3.696411,64,4792.545135
104.976847,74,4792.692088
2.957483,66,4792.821453
100.573189,60,4792.953886
3.542957,61,4793.071755
1.250355,100,4793.29054
4.238565,69,4793.429503
0.824525,65,4804.727262
101.135063,75,4804.873101
4.358354,67,4805.004142
5.084866,87,4805.174592
4.974738,66,4805.304368
4.141795,66,4805.45169
0.607316,75,4805.602554
0.421286,72,4805.745609
1.149153,86,4805.917574
102.451817,72,4806.060134
1.213022,125,4806.312925
4.217302,66,4806.446449
103.209358,66,4806.577285
3.914408,76,4806.730783
-2.62811,310,4807.325689
0.396314,97,4807.517092
103.8679,70,4807.656951
3.195227,80,4807.813808
100.965136,84,4807.978249
101.16433,137,4808.246165
4.221198,65,4808.376701
4.23439,67,4808.51314
104.743449,61,4808.635587
3.698234,87,4820.085404
1.343873,71,4820.230573
102.925654,68,4820.385513
2.068504,130,4820.662799
2.714815,68,4820.798675
102.112451,71,4820.937344
1.631004,88,4821.112027
100.98358,59,4821.22739
4.687443,78,4821.381788
0.554416,1000,4823.351932
3.589801,84,4823.513419
5.205884,88,4823.692972
2.313817,89,4823.866619
102.28866,45,4823.958605
1.102003,94,4835.415619
102.453067,46,4835.533451
3.406421,80,4835.689278
105.838044,68,4835.819662
102.092917,80,4835.975136
101.767922,70,4836.111375
3.083343,70,4836.249416
-0.719593,856,4837.932876
101.492427,131,4838.189734
101.473236,54,4838.295955
101.537117,91,4838.474507
103.618938,58,4838.590424
105.132218,62,4838.712838
-0.137356,147,4839.006255
2.711788,65,4839.137703
1.925391,69,4839.276153
3.376146,66,4839.408104
2.814668,67,4850.737124
2.953282,64,4850.860537
105.257701,64,4851.007197
4.486362,64,4851.138616
2.28452,63,4851.265662
2.444233,68,4851.400465
2.985756,65,4851.528556
102.526918,56,4851.640909
3.487143,69,4851.779027
2.711612,61,4851.899903
-0.574556,1000,4853.85756
3.835727,83,4854.018964
1.467696,78,4854.174297
2.992651,63,4854.301387
0.941884,71,4854.44045
103.094971,71,4854.579909
4.980595,68,4865.877281
1.16423,74,4866.044993
1.351909,83,4866.210393
105.176932,68,4866.347453
101.047114,73,4866.492902
103.756412,57,4866.60692
5.148262,67,4866.740809
4.150098,67,4866.877055
0.997182,117,4867.106992
1.152434,79,4867.265955
1.811575,93,4867.455196
5.375259,63,4867.581218
101.646474,70,4867.718811
100.931879,103,4867.919776
103.098593,66,4868.049136
102.428336,71,4868.187157
102.508584,67,4868.319067
3.689097,72,4868.462164
4.089888,72,4868.603635
3.099074,69,4868.73776
0.370408,246,4869.228365
1.858918,70,4869.36861
3.440407,77,4869.518675
2.133934,84,4869.688261
1.943775,85,4869.858617
4.944701,88,4881.249052
3.174519,59,4881.361784
1.466601,79,4881.521837
5.332083,65,4881.65647
3.47989,98,4881.852867
0.794593,89,4882.022753
1.165652,92,4882.20162
1.21362,104,4882.41158
102.161843,59,4882.527659
3.738467,101,4882.730343
3.52987,89,4882.925489
0.543523,74,4883.068885
4.510191,63,4883.192043
101.655336,67,4883.327553
100.849911,61,4883.453375
1.370495,76,4883.605978
0.712431,131,4883.865355
102.931931,53,4883.96937
2.03904,64,4884.097528
1.190325,94,4884.283323
5.319334,64,4884.405353
101.54354,91,4884.589583
100.769105,49,4884.688375
2.950325,86,4884.858503
100.813692,114,4885.089515
2.226894,70,4885.228484
3.489202,60,4896.639879
2.77042,65,4896.767578
0.704761,1000,4898.726063
5.085817,83,4898.889601
3.237742,80,4899.046949
101.07472,73,4899.190172
-1.007976,98,4899.381627
3.909992,84,4899.543549
0.502586,86,4899.71571
1.158534,73,4899.859624
100.384931,54,4899.963868
101.857286,95,4900.149989
1.993456,70,4900.286091
0.719997,79,4900.443032
105.058797,76,4911.940619
1.308322,71,4912.079817
100.806583,81,4912.236173
101.077413,87,4912.409169
4.462538,77,4912.556361
3.15697,95,4912.744935
2.24151,85,4912.911443
1.036112,99,4913.144463
101.605038,72,4913.289299
1.755346,78,4913.440986
104.397429,74,4913.586338
4.233746,62,4913.705781
4.018153,66,4913.838717
4.99104,61,4913.960563
2.808708,69,4914.099835
1.759079,80,4914.256183
4.202709,78,4914.41357
103.674622,74,4914.565714
100.981683,87,4914.738677
3.640735,60,4914.859021
100.401199,71,4914.99988
105.376419,60,4915.118109
1.081191,76,4915.269779
5.25638,77,4915.425977
102.687362,50,4915.522795
1.051808,81,4915.685192
2.615973,198,4927.262589
4.280402,66,4927.396235
105.226484,64,4927.524066
101.161349,85,4927.701374
102.563186,70,4927.841152
2.917192,66,4927.969705
1.234672,70,4928.107894
1.877608,93,4928.300633
4.644728,70,4928.436693
2.891994,62,4928.560926
1.100858,82,4928.721895
4.719182,65,4928.854115
104.434052,60,4928.972905
102.087907,67,4929.106397
102.140538,142,4929.388094
104.124938,57,4929.501316
2.31154,201,4929.901202
1.650951,95,4930.086795
105.760446,68,4930.220177
4.242952,77,4930.369423
5.078263,75,4930.514556
4.474576,81,4930.691106
4.872543,86,4930.871124
101.156154,34,4930.94005
1.567281,99,4931.131636
102.366391,64,4931.257724
1.856182,76,4942.578753
4.062709,66,4942.709949
101.321261,83,4942.869484
-0.966235,132,4943.141659
102.345223,56,4943.248468
2.215462,65,4943.375501
5.1342,67,4943.512315
1.281139,127,4943.758938
1.331679,87,4943.927103
103.432657,51,4944.028292
2.91445,64,4944.157542
2.822775,81,4944.31525
0.991093,80,4944.473668
2.157082,92,4944.657553
3.556221,69,4944.794289
-0.58354,94,4944.983932
-0.37486,175,4945.339773
5.737383,75,4945.48909
0.499951,115,4945.718404
4.155586,77,4945.87254
101.084628,70,4946.010012
103.821846,54,4946.118167
100.594505,107,4946.325387
2.558699,77,4946.479314
101.650695,70,4957.783807
5.01082,63,4957.908317
3.927523,88,4958.079769
2.308927,61,4958.215003
2.953404,82,4958.375156
105.336325,66,4958.505878
0.669331,98,4958.697502
105.834446,68,4958.830907
2.813573,145,4959.122885
-2.93718,968,4961.056331
2.781761,86,4961.224174
4.886185,60,4961.345031
1.512117,91,4961.525448
3.257897,81,4961.683761
-0.814327,95,4973.152626
3.393991,65,4973.277976
5.326663,66,4973.407453
4.798348,65,4973.55175
102.781297,59,4973.66959
100.695332,783,4975.233795
2.925321,67,4975.365811
3.407656,68,4975.49772
3.806737,87,4975.667886
100.403984,61,4975.792834
101.233703,78,4975.949208
-0.147407,92,4976.133084
101.031488,72,4976.27372
5.109394,76,4976.427006
100.736486,71,4976.563921
104.668743,62,4976.685864
3.22932,72,4976.826661
0.159789,80,4976.988437
0.044435,119,4988.39769
3.385432,72,4988.539289
101.029709,60,4988.656163
3.142425,77,4988.826388
3.497633,105,4989.030932
0.484551,1000,4991.021927
0.600786,113,4991.24813
103.382136,56,4991.356856
1.284443,81,4991.517413
1.943802,68,4991.655259
104.372597,69,4991.790491
101.694156,76,4991.942827
104.318164,65,4992.070071
2.098665,73,4992.21713
1.048093,121,5003.650007
1.192068,80,5003.827843
3.99705,157,5004.134339
3.235838,74,5004.279414
2.855747,79,5004.432415
3.811556,66,5004.565134
3.333036,81,5004.73231
101.826562,38,5004.807132
0.362669,119,5005.038687
101.043614,50,5005.139852
4.106445,75,5005.286833
101.583296,83,5005.453848
1.820016,62,5005.576032
3.22147,59,5005.690805
4.686959,71,5005.833696
0.499602,1000,5018.992859
6.00322,78,5019.144439
4.27345,102,5019.348976
3.714618,79,5019.506185
101.065283,74,5019.654675
2.702862,87,5019.82542
0.313897,114,5020.055986
104.440631,70,5020.193129
1.302261,81,5020.37181
2.283041,67,5020.503964
2.72776,67,5020.635467
101.31616,75,5020.781392
3.185383,68,5020.915236
5.360357,61,5021.036392
1.892457,81,5021.196167
3.292316,99,5021.388473
-1.828799,111,5021.611901
4.324734,74,5021.757801
4.644239,65,5021.883993
2.878961,89,5022.060781
4.344561,83,5022.225081
2.924855,92,5022.405674
101.605794,92,5022.588311
2.167207,90,5022.77101
5.350114,62,5022.893256
101.139488,141,5034.410431
2.522314,76,5034.56728
5.325261,90,5034.74915
4.252014,103,5034.949788
3.033198,68,5035.083378
5.17426,73,5035.229127
3.008115,66,5035.361455
2.157238,81,5035.526033
1.958485,95,5035.715161
3.941388,91,5035.894358
2.282372,59,5036.014737
4.386771,83,5036.177897
5.36521,87,5036.353779
101.708483,190,5036.73222
0.719443,127,5036.987556
1.463047,98,5037.177819
-2.351981,634,5049.612737
2.808047,69,5049.749007
3.100142,65,5049.878327
2.079259,69,5050.018725
2.430026,74,5050.170847
-2.116194,247,5050.669136
104.67474,62,5050.796802
100.787062,68,5050.945429
101.731767,75,5051.091636
3.740223,60,5051.210277
0.686262,66,5051.341156
2.119971,71,5051.479453
4.800708,80,5051.638161
3.732402,69,5051.777761
2.733615,87,5051.945646
2.33636,68,5052.08358
100.831183,75,5052.230309
103.757286,61,5052.350596
100.694089,78,5052.505795
100.885964,97,5052.691533
0.993616,103,5052.89371
2.312406,59,5053.008187
3.706182,97,5053.200199
0.275625,1000,5066.37531
3.806458,89,5066.554609
4.742682,71,5066.69477
3.345883,68,5066.828022
2.336146,60,5066.945828
101.202416,42,5067.0281
100.860432,89,5067.199399
1.302256,81,5067.35938
3.457264,67,5067.495482
2.213277,62,5067.617539
3.920443,73,5067.764878
100.754025,85,5067.93263
100.986823,72,5068.074855
-0.378429,87,5068.246278
2.659495,62,5068.369473
-1.892143,146,5068.656865
101.602538,84,5080.012773
2.630712,64,5080.136958
1.282004,100,5080.336755
102.493628,73,5080.50156
0.181401,76,5080.658076
3.511297,68,5080.797751
101.358361,76,5080.95872
3.283741,65,5081.094676
2.500602,69,5081.232567
1.895842,112,5081.455766
100.838211,67,5081.585754
2.49687,69,5081.720075
1.355642,71,5081.859852
1.812116,97,5082.050954
105.348228,70,5082.184588
2.548448,78,5082.335999
4.844799,69,5082.466786
101.12913,75,5082.614234
4.623681,63,5082.737628
102.459422,72,5082.896416
2.32355,69,5083.030796
1.66842,73,5083.173398
3.06267,70,5083.314127
3.889358,67,5083.443365
2.29157,70,5083.580968
1.353824,78,5083.73463
2.767612,62,5083.85857
2.9812,82,5095.213917
4.22397,86,5095.387033
3.670096,97,5095.576611
101.043768,110,5095.794922
0.198826,116,5096.019079
5.549852,62,5096.140313
3.443764,70,5096.296047
3.266733,68,5096.430439
101.392975,78,5096.584843
2.749278,96,5096.774985
101.163667,111,5097.011178
0.290081,1000,5099.008965
1.212771,74,5099.153369
100.565854,77,5110.470342
5.007815,72,5110.611354
2.802011,73,5110.751459
101.306628,77,5110.902252
-0.702864,62,5111.044604
4.009884,68,5111.200124
2.602524,68,5111.346201
0.162491,95,5111.54642
3.21784,67,5111.680666
-0.213282,112,5111.907937
5.790088,75,5112.061348
3.181093,61,5112.186651
0.991583,91,5112.364554
3.231202,90,5112.545341
100.307723,71,5112.690056
100.696751,47,5112.784704
103.250543,71,5112.925806
0.259838,100,5113.134864
0.506878,79,5113.292628
101.345032,87,5113.460875
3.411445,97,5113.645804
101.402849,70,5113.779644
4.489118,67,5113.910482
2.523038,67,5114.03598
3.64426,92,5114.218036
-1.233403,104,5114.425537
101.556876,83,5125.743975
4.665106,80,5125.901657
1.892893,75,5126.048896
1.030689,114,5126.287052
102.152944,77,5126.441726
103.255358,53,5126.547148
105.32016,61,5126.66949
4.450554,64,5126.804648
100.703027,63,5126.931301
101.542072,82,5127.089802
101.087281,68,5127.226364
3.708934,113,5127.447789
0.749634,1000,5129.429017
0.898001,131,5129.686412
1.606247,64,5141.023469
3.137011,66,5141.153274
101.856298,73,5141.315481
2.711594,69,5141.454328
2.021182,96,5141.654714
101.770261,75,5141.804337
1.581856,82,5141.966503
1.268588,76,5142.118463
101.293136,69,5142.265967
105.706562,67,5142.397328
0.791118,85,5142.573112
3.899427,106,5142.785035
2.826318,65,5142.912079
104.689066,62,5143.032381
1.731462,69,5143.175292
101.628006,69,5143.314531
0.66139,141,5143.594962
4.786174,64,5143.722063
0.637997,78,5143.877032
1.88645,70,5144.013541
4.592788,79,5144.16811
3.576621,88,5144.3445
3.362786,66,5144.476064
1.920205,61,5144.594396
2.644799,89,5144.776632
104.170531,58,5144.89326
-1.831859,126,5156.361458
5.539841,73,5156.507425
101.421304,91,5156.695087
3.274552,77,5156.849896
3.346693,65,5156.979022
1.425376,68,5157.116998
4.420717,138,5157.392101
2.524566,72,5157.539019
2.329855,58,5157.654186
105.810673,70,5157.795327
-0.002603,80,5157.967122
4.506091,62,5158.091438
3.33577,73,5158.2346
0.916983,71,5158.371237
1.888572,60,5158.493055
-0.050414,85,5158.661727
-0.015947,130,5158.91697
4.51141,74,5159.065072
4.502958,61,5159.182667
101.067037,100,5159.385607
5.01914,80,5159.548692
3.582616,60,5159.663512
1.982036,73,5159.807509
4.604792,63,5159.934472
102.351735,67,5160.073856
105.963492,67,5160.205061
4.972872,78,5160.358049
100.302924,66,5171.853968
-0.713645,99,5172.06784
104.773991,62,5172.189396
3.856408,69,5172.324718
3.225158,105,5172.533806
101.272779,77,5172.685431
0.926751,120,5172.92646
0.929954,68,5173.069346
101.033506,69,5173.209225
101.23321,75,5173.363238
4.616949,60,5173.492796
102.342228,64,5173.623158
3.374652,68,5173.764063
4.266984,90,5173.946991
3.154108,67,5174.080463
101.906158,72,5174.223593
4.069134,74,5174.371465
101.531307,87,5174.553812
2.225644,58,5174.67351
-0.15646,163,5175.014934
105.71573,70,5175.164168
4.91802,66,5175.299669
4.669992,84,5175.476478
4.066344,65,5175.607604
3.740554,65,5175.743536
1.269804,104,5175.958205
0.294852,69,5187.324362
1.383997,77,5187.483191
100.990884,76,5187.640553
101.284456,48,5187.738936
3.269391,69,5187.878092
105.997108,67,5188.01911
2.109595,93,5188.223874
2.531401,78,5188.387374
4.186343,68,5188.526575
4.482549,82,5188.695597
4.448165,65,5188.825405
101.901846,79,5188.979261
100.70806,75,5189.126546
101.375174,68,5189.259955
3.402083,72,5189.402391
2.66562,83,5189.57023
101.665632,112,5189.79052
-1.144602,156,5190.113021
2.333336,59,5190.231119
2.498919,94,5190.426408
0.201673,83,5190.599192
5.234367,80,5190.758004
2.351324,68,5190.889161
2.073331,71,5191.024844
4.379993,69,5191.159614
1.264624,75,5191.312637
3.840335,63,5202.707215
2.809176,59,5202.827515
104.452367,61,5202.953488
101.55468,80,5203.117248
1.537154,76,5203.294631
2.095847,72,5203.440343
1.49285,94,5203.635054
4.553416,74,5203.79636
100.202028,17,5203.834059
1.464176,93,5204.033528
1.157603,91,5204.223109
-0.151017,221,5204.682461
1.596499,61,5204.805012
101.496931,86,5204.97414
1.514024,73,5205.114089
3.913622,66,5205.240499
4.093567,60,5205.359524
1.289837,68,5205.493703
100.8982,78,5205.647328
102.40298,75,5205.79589
1.632143,70,5205.936419
2.737593,110,5206.153333
102.842006,60,5206.271235
0.654242,74,5206.416051
101.87042,81,5206.592172
3.732087,69,5206.724177
101.429308,72,5218.135619
3.90223,62,5218.258347
2.175638,66,5218.388036
101.201381,47,5218.480239
3.040632,67,5218.615836
101.025988,86,5218.802905
4.023192,62,5218.924244
3.909664,61,5219.045194
1.826438,93,5219.235205
3.917248,77,5219.391386
2.054969,67,5219.530201
100.917597,72,5219.676696
3.203188,76,5219.834601
5.114053,66,5219.970611
4.013839,63,5220.102288
2.558581,95,5220.297351
2.46185,70,5220.441536
3.377888,61,5220.566124
1.874969,69,5220.706438
101.654422,65,5220.83735
0.866324,78,5220.993065
5.422632,65,5221.121537
6.209142,75,5221.273863
101.813411,90,5221.452136
5.091007,69,5221.589291
2.271611,74,5221.736841
102.635586,71,5221.875358
101.135355,71,5222.013206
1.768276,64,5222.139869
4.29614,73,5233.529046
1.580367,73,5233.687278
4.332104,63,5233.824768
1.678213,70,5233.966876
3.329742,67,5234.099625
103.887129,76,5234.251354
4.115883,67,5234.382473
104.346064,71,5234.528981
4.89599,78,5234.696579
103.079301,61,5234.821063
3.698378,63,5234.9472
102.399452,80,5235.104023
3.426138,60,5235.230839
1.739029,85,5235.400775
2.158475,77,5235.550666
3.430397,66,5235.682577
102.103839,57,5235.792414
3.839141,69,5235.928097
1.691075,86,5236.094425
2.270803,68,5236.22564
4.324748,68,5236.358874
1.297178,85,5236.529917
4.68059,66,5236.663429
1.295755,91,5236.846819
1.33523,76,5236.997985
103.693235,64,5237.123796
4.385522,86,5237.297245
5.006774,78,5237.453442
3.581491,77,5248.910986
3.020831,70,5249.05601
1.689275,70,5249.199156
1.288533,92,5249.391448
2.716327,83,5249.570054
3.950858,63,5249.700617
2.638472,65,5249.835867
0.59755,72,5249.985761
-1.797149,116,5250.234947
2.899217,83,5250.418025
101.546436,74,5250.573966
4.666294,97,5250.773529
4.658035,67,5250.906434
-0.265179,98,5251.095324
101.768024,71,5251.236335
0.340295,79,5251.389601
4.514058,61,5251.509844
4.25103,73,5251.652123
3.425822,72,5251.79088
3.264934,63,5251.914371
2.652398,67,5252.05089
102.311404,58,5252.167077
1.989194,96,5252.368268
3.039005,64,5252.501217
101.254967,63,5252.633932
0.710548,75,5252.792621
2.324035,70,5252.930537
3.241099,60,5253.049184
101.117126,53,5264.4171
103.9372,60,5264.536412
2.941389,60,5264.670459
100.962604,76,5264.819255
3.879439,74,5264.964711
5.187287,71,5265.103956
4.103053,115,5265.335145
1.219211,99,5265.53063
4.437116,68,5265.662764
4.936864,61,5265.784607
103.849102,56,5265.893563
101.460599,63,5266.016133
1.817788,61,5266.134678
5.64515,71,5266.275886
101.104155,62,5266.395466
0.86956,105,5266.602718
4.612168,81,5266.759907
3.032159,65,5266.88608
3.15565,107,5267.10209
3.821549,68,5267.236512
1.974776,70,5267.377415
1.001715,76,5267.527679
3.26051,74,5267.674991
0.075398,172,5268.027243
4.332309,70,5268.169091
104.330306,64,5268.297878
3.114468,80,5279.900703
103.971987,63,5280.027861
100.381198,59,5280.153618
1.980171,70,5280.298609
2.000252,73,5280.442679
102.913978,59,5280.557043
4.493977,65,5280.68555
-0.808059,61,5280.806149
0.974185,73,5280.951056
3.00028,61,5281.069474
1.168904,105,5281.277455
100.436464,69,5281.426313
103.262911,70,5281.564735
101.884944,75,5281.708705
3.197548,68,5281.845335
2.076904,77,5281.998744
2.680082,76,5282.151156
101.367904,80,5282.311917
-0.260278,109,5282.531412
2.385737,75,5282.685094
2.488939,74,5282.82919
2.999593,84,5282.992888
1.321043,88,5283.167401
102.395914,74,5283.311999
101.458121,74,5283.454927
101.321559,36,5283.526133
105.837094,64,5283.657926
-0.184064,119,5283.893543
2.016493,71,5295.288498
1.283999,94,5295.501338
4.538919,66,5295.630316
4.55968,76,5295.784797
-2.406475,397,5296.55978
101.474068,79,5296.715916
100.294778,53,5296.816624
4.527973,67,5296.948515
101.557154,75,5297.092679
1.560803,70,5297.229593
1.79883,101,5297.435085
100.769616,76,5297.588452
0.431071,164,5297.914813
5.33907,63,5298.042219
2.774071,76,5298.195821
101.909525,137,5298.471555
3.653778,65,5298.601184
2.370209,65,5298.732485
102.18222,67,5298.868248
4.418622,66,5299.00389
1.915436,84,5299.169718
102.384835,65,5299.299921
3.318197,71,5310.826579
3.004007,67,5310.955314
1.368744,71,5311.091146
101.265233,81,5311.251628
3.075534,73,5311.398385
-0.473022,102,5311.598472
102.143784,73,5311.741752
0.463403,95,5311.931215
101.505892,84,5312.098363
2.39793,85,5312.275718
1.420658,69,5312.411863
4.753664,64,5312.540409
2.226424,89,5312.715333
2.220631,78,5312.877452
3.078797,79,5313.034768
101.017602,94,5313.23472
3.322435,66,5313.371111
0.811295,76,5313.527184
102.651776,68,5313.667339
101.426885,86,5313.839722
3.533272,76,5313.991252
101.457042,69,5314.133635
2.373276,68,5314.268587
100.690838,241,5314.762333
3.135529,70,5326.140371
1.072606,75,5326.291156
0.365243,73,5326.432646
4.316577,72,5326.573671
2.734109,69,5326.72272
103.332063,63,5326.865726
101.696105,83,5327.028111
-0.166661,79,5327.188531
0.455769,76,5327.334082
1.984728,82,5327.495418
101.892444,65,5327.62774
3.17696,64,5327.76088
101.525238,80,5327.929817
100.813347,78,5328.092907
2.77097,59,5328.216391
2.80396,67,5328.354974
4.928388,80,5328.521821
2.64724,64,5328.654068
5.687306,65,5328.790071
101.527622,78,5328.954013
0.821365,100,5329.201449
2.260702,73,5329.399889
102.518519,61,5329.537301
2.761016,61,5329.661042
0.832286,97,5329.859752
103.826947,55,5329.964142
2.13193,61,5330.086668
100.600091,62,5330.208696
0.131929,94,5341.653583
5.079074,61,5341.779489
3.114416,68,5341.925516
3.827061,74,5342.084447
101.252177,61,5342.210234
101.251108,52,5342.319005
103.443906,70,5342.463295
0.838377,69,5342.601184
4.227411,68,5342.745107
2.277848,72,5342.889503
4.147247,78,5343.042098
102.907421,70,5343.176898
3.278857,59,5343.291571
3.682093,66,5343.435482
3.572263,65,5343.565321
103.683828,54,5343.669953
1.422874,82,5343.833798
102.674322,51,5343.933646
1.353173,79,5344.092092
1.762815,66,5344.235581
1.546826,94,5344.430097
1.174884,90,5344.614843
4.398633,65,5344.748567
1.888965,69,5344.890469
-0.19098,80,5345.059556
2.451359,64,5345.194368
3.162281,68,5345.337281
3.053867,66,5345.476149
1.955282,58,5345.598169
1.771156,84,5345.770227
101.730303,80,5357.207639
4.303719,62,5357.329768
0.020668,130,5357.609319
0.938076,111,5357.830443
4.618663,90,5358.012094
1.094246,70,5358.150584
1.244017,72,5358.294801
2.686774,64,5358.423833
5.105805,73,5358.572474
4.12354,74,5358.726027
101.872873,46,5358.815617
104.606637,61,5358.93782
102.363003,60,5359.057099
5.579121,70,5359.195453
101.104898,81,5359.357172
5.327098,82,5359.521236
3.51145,65,5359.652142
5.041551,67,5359.796175
3.831842,65,5359.926501
3.062669,64,5360.05823
3.143471,84,5360.22384
2.760689,62,5360.346339
4.354765,65,5360.478157
100.792042,73,5360.62745
3.352712,69,5360.781284
4.542994,67,5360.924519
4.660807,60,5361.049926
1.303771,85,5361.226903
100.946944,69,5372.621674
3.990702,69,5372.753557
4.668964,65,5372.878789
4.291687,80,5373.039156
3.415459,72,5373.191495
2.677841,70,5373.326942
4.991732,66,5373.45862
3.962584,63,5373.587005
2.411769,65,5373.718004
1.237966,93,5373.900463
102.831606,71,5374.040646
-1.668057,786,5375.592776
4.476314,65,5375.715657
102.204585,77,5375.866882
101.343767,67,5375.999595
101.728327,94,5376.189075
4.959025,77,5376.339658
3.472144,91,5376.517473
4.799829,82,5387.899309
102.115803,68,5388.034264
3.382957,62,5388.157325
1.670324,68,5388.294135
2.244784,69,5388.431284
102.034637,71,5388.576291
1.629368,70,5388.721238
0.926929,118,5388.957082
3.513099,69,5389.097388
3.093363,67,5389.227094
101.264062,79,5389.404498
1.372502,62,5389.533632
101.225227,84,5389.708844
0.72281,120,5389.950824
3.121343,62,5390.071911
1.954988,66,5390.199996
3.403148,67,5390.332936
101.942536,75,5390.484206
2.083067,74,5390.632276
-1.193041,174,5390.975901
1.829899,84,5391.142651
5.15071,64,5391.269185
4.351982,60,5391.38553
100.754293,75,5391.536825
102.794637,56,5391.643583
101.057035,79,5391.79915
4.450826,73,5403.142295
100.831175,73,5403.294086
102.691854,60,5403.430479
4.588424,66,5403.564738
4.249301,86,5403.748458
102.960839,56,5403.862301
100.902862,83,5404.03424
0.887218,98,5404.23976
102.46197,66,5404.374279
101.019826,60,5404.501255
5.711581,66,5404.635346
2.88737,66,5404.775804
4.535808,65,5404.904438
0.547982,81,5405.070216
5.205573,77,5405.220293
3.964364,62,5405.340531
105.636053,68,5405.478273
2.189313,69,5405.617296
3.363155,61,5405.737195
103.655802,70,5405.874978
1.3609,81,5406.042107
1.252991,85,5406.217091
100.568646,84,5406.394573
0.485854,129,5406.665199
-2.023416,131,5406.942293
1.730262,75,5407.098109
0.555428,99,5407.299799
2.3122,81,5418.876616
102.755461,66,5419.009958
3.773242,65,5419.137812
100.880395,80,5419.296544
2.641074,94,5419.480673
4.799562,63,5419.609349
1.451162,80,5419.776709
102.103121,66,5419.91611
4.41175,67,5420.048066
3.420331,66,5420.200194
3.432983,71,5420.350224
100.527546,80,5420.51535
5.637768,69,5420.657195
4.321708,68,5420.793216
1.509186,76,5420.948261
100.939138,80,5421.113405
-0.249382,94,5421.3064
3.049478,76,5421.462217
103.542105,69,5421.607985
0.900693,66,5421.743586
3.939842,198,5422.149711
102.192601,79,5422.311927
-2.272378,160,5422.65185
0.070145,71,5422.792419
2.803688,79,5434.358616
4.921436,72,5434.50416
0.557172,70,5434.642927
103.170552,59,5434.766516
3.036069,70,5434.911772
100.156342,318,5435.594646
1.899674,120,5435.844661
3.520043,64,5435.977899
4.719665,70,5436.123169
4.305785,78,5436.285995
104.305747,60,5436.411598
2.730124,81,5436.579481
102.098951,65,5436.715327
1.30795,87,5436.897606
2.196116,68,5437.044687
2.134336,88,5437.224862
-0.681032,93,5437.421722
1.126808,90,5437.613368
2.167614,78,5437.774828
100.810563,88,5437.955824
104.902017,61,5438.08048
102.462235,61,5438.206248
101.469942,70,5438.353922
3.023983,68,5438.4963
2.177029,93,5450.002732
103.812113,53,5450.109492
103.002686,54,5450.216202
3.656385,94,5450.400586
1.652921,130,5450.660566
3.317537,79,5450.817499
1.563601,75,5450.968003
103.175344,50,5451.07377
3.444659,62,5451.201303
0.951638,64,5451.333534
3.094495,88,5451.534205
2.713293,66,5451.678479
2.377814,70,5451.82367
1.71588,82,5451.988615
4.197606,121,5452.241775
101.200157,73,5452.395381
2.455954,62,5452.526103
3.043951,67,5452.66947
100.760315,82,5452.838455
100.624611,35,5452.912843
100.905675,86,5453.097628
1.543182,89,5453.287351
102.482871,61,5453.428117
104.671622,60,5453.550338
2.658368,65,5453.691309
6.059386,69,5453.841307
101.905767,72,5454.016105
2.890443,97,5454.219725
3.898263,72,5465.644319
1.681646,112,5465.86204
2.143532,69,5465.999093
1.164787,90,5466.184347
4.79532,69,5466.318472
2.287583,60,5466.435035
0.869801,112,5466.65414
0.898474,73,5466.795404
102.825875,68,5466.930986
101.497727,81,5467.090642
0.944469,75,5467.23492
103.232204,73,5467.374374
2.950195,67,5467.503775
3.330604,67,5467.640014
5.156233,80,5467.806207
101.577225,68,5467.947975
1.541255,78,5468.107976
105.013449,78,5468.262452
0.434032,107,5468.473039
101.264221,79,5468.646248
101.028812,84,5468.823326
3.357618,69,5468.956558
-0.070869,145,5469.242266
100.515717,80,5469.405384
2.171784,70,5469.546252
1.141106,86,5480.942047
105.118362,68,5481.089881
3.911886,77,5481.248599
102.647942,58,5481.368167
4.939256,67,5481.502694
-0.193961,1000,5483.510777
102.622484,50,5483.609329
1.162931,69,5483.744385
3.092149,91,5483.9254
4.705786,64,5484.056059
4.064799,66,5484.188294
101.212573,118,5484.418206
1.189275,69,5484.55463
3.839058,63,5484.679601
1.439398,113,5484.900275
4.496274,77,5496.361904
102.143728,70,5496.50541
0.651275,77,5496.674355
3.779873,70,5496.824079
1.530066,99,5497.019054
103.122051,58,5497.134238
2.017847,86,5497.301593
2.019556,99,5497.497978
101.38409,86,5497.666275
1.644621,120,5497.901972
2.384623,68,5498.032057
-1.843155,135,5498.30036
1.091574,74,5498.445647
100.338822,71,5498.579399
104.935267,69,5498.714281
4.651433,83,5498.880885
1.986791,62,5499.010266
0.897214,1000,5512.341954
2.699064,62,5512.463763
101.307108,104,5512.670105
103.649635,73,5512.823145
2.776449,62,5512.947909
2.902044,61,5513.069697
5.342484,69,5513.205385
102.222626,68,5513.351204
2.183167,65,5513.48599
6.015397,64,5513.613772
2.670928,70,5513.748745
101.599419,62,5513.874945
4.90486,62,5514.002176
3.553836,63,5514.126346
101.606961,75,5514.276332
101.383817,85,5514.452291
5.769624,62,5514.578965
5.735448,75,5514.726829
3.907553,77,5514.880499
103.205504,77,5515.034052
4.990186,62,5515.15874
0.139681,79,5515.311106
-0.806338,88,5515.482922
0.731511,69,5515.617878
102.077524,64,5515.741233
4.16023,86,5527.073261
3.284998,63,5527.198952
102.748929,67,5527.335581
101.618071,66,5527.477234
105.128456,62,5527.600772
103.552629,65,5527.729912
0.705231,119,5527.967429
4.82438,68,5528.106217
4.393948,85,5528.278335
4.995791,63,5528.403084
2.086628,77,5528.561149
2.542649,73,5528.706736
5.457073,62,5528.832643
101.547546,89,5529.009305
101.419404,77,5529.163302
3.089065,71,5529.305358
2.349138,88,5529.477694
4.101685,63,5529.607769
1.457094,62,5529.729241
103.797618,68,5529.890522
100.863909,74,5530.033735
3.665385,81,5530.192114
2.740464,92,5530.370633
-0.023122,83,5530.534991
3.756376,75,5530.682344
101.420583,55,5530.79145
100.912497,56,5530.902768
102.121067,55,5531.012748
4.014301,65,5542.312687
102.035212,65,5542.455281
4.965614,72,5542.595829
-1.208753,184,5542.95829
3.85855,69,5543.092038
5.178504,65,5543.220737
2.17939,65,5543.351036
0.566796,91,5543.528528
101.314922,73,5543.67489
0.123376,101,5543.882989
101.900065,75,5544.038846
104.880202,63,5544.164124
100.572638,61,5544.287966
3.754267,91,5544.467471
100.587081,72,5544.613103
-1.864852,428,5545.465478
100.334367,88,5545.639727
3.751326,79,5545.794969
1.381337,95,5545.990964
4.35272,67,5546.126634
4.148136,67,5546.261667
101.508023,81,5557.613533
105.285841,72,5557.755328
4.535254,71,5557.910405
102.128673,53,5558.015727
105.143068,61,5558.137859
4.973811,73,5558.285146
1.87027,82,5558.451885
-0.770518,96,5558.64192
3.211253,64,5558.772308
-0.414287,84,5558.935294
100.490688,73,5559.077673
5.807384,80,5559.234639
1.997622,66,5559.367283
2.939231,77,5559.517688
103.98443,66,5559.656582
4.148282,77,5559.809534
3.003292,102,5560.014371
-1.16424,295,5560.599236
100.783824,65,5560.736655
100.187112,86,5560.90879
103.74238,71,5561.049172
1.05239,73,5561.19515
2.430752,69,5561.335521
100.949254,78,5561.489165
4.114675,68,5572.847366
100.477921,79,5573.010505
102.160143,66,5573.142336
3.696159,79,5573.302003
3.269334,72,5573.443904
0.315458,80,5573.602204
1.491618,79,5573.754989
1.224407,161,5574.097076
105.850055,69,5574.234281
2.209716,68,5574.368831
3.664067,70,5574.507046
4.578764,63,5574.631097
104.503658,70,5574.767033
3.244957,79,5574.923856
101.402299,59,5575.04311
4.151146,72,5575.183651
5.516697,82,5575.349697
4.197854,64,5575.475724
102.874175,66,5575.605916
1.440135,78,5575.763426
2.63488,92,5575.941127
102.460246,62,5576.067792
3.492947,68,5576.206373
103.878535,69,5576.342757
2.44699,91,5576.523283
3.630608,62,5576.644866
104.552056,68,5576.78119
2.377967,77,5588.12552
3.877379,64,5588.251278
4.465626,61,5588.385125
2.248477,76,5588.534061
-0.262359,84,5588.700062
3.207728,62,5588.825036
1.249788,95,5589.013743
1.881959,71,5589.154929
101.350425,81,5589.314248
5.264578,80,5589.470644
102.338175,54,5589.573798
3.687023,73,5589.722097
-1.166128,94,5589.904985
105.843027,66,5590.037426
1.830975,69,5590.174181
4.651284,68,5590.31774
0.784838,98,5590.510274
4.162784,75,5590.656594
2.051228,99,5590.851173
101.803417,67,5590.984048
100.569135,53,5591.086542
102.046145,66,5591.219193
5.60688,68,5591.359837
3.049758,76,5591.511117
104.246001,64,5591.638285
2.418479,68,5591.774906
4.065649,102,5591.971243
1.769562,69,5592.11029
3.999774,84,5603.508883
-0.693973,185,5603.875376
2.424988,72,5604.020713
0.227753,96,5604.212159
104.999235,73,5604.362359
103.242726,53,5604.47176
4.516179,94,5604.674271
1.740259,87,5604.84636
101.843521,47,5604.938297
1.177923,121,5605.185517
5.069492,69,5605.326385
2.532964,61,5605.444344
3.314599,60,5605.56194
102.261315,72,5605.705281
0.983559,137,5605.981009
100.398993,42,5606.067269
0.437203,1000,5619.291648
1.859418,65,5619.422407
-1.225244,101,5619.623117
102.122732,67,5619.758537
2.890634,80,5619.917004
1.396961,70,5620.058712
103.186517,53,5620.168319
1.988429,128,5620.422834
2.39515,88,5620.594987
1.176951,68,5620.734173
1.817099,101,5620.937217
0.088194,104,5621.144352
101.632335,75,5621.294917
102.88838,62,5621.42453
102.081299,68,5621.560976
100.905792,80,5621.724873
104.986276,62,5621.848306
2.142999,69,5621.987673
103.732114,54,5622.094781
2.970504,84,5622.262867
-0.005741,83,5622.425637
2.180447,98,5622.636785
3.016243,73,5622.776757
103.603668,75,5634.109555
101.12191,64,5634.234632
101.001051,102,5634.434794
-0.4516,92,5634.615425
1.745824,68,5634.765634
4.937721,65,5634.890432
102.858931,54,5634.998668
2.177363,76,5635.152151
3.676341,68,5635.28575
2.688223,78,5635.441776
-2.114449,278,5635.996439
2.805282,72,5636.138324
2.958821,66,5636.273956
100.838714,68,5636.411582
100.876343,63,5636.5364
1.460905,78,5636.691891
103.451293,70,5636.830665
3.276647,70,5636.968245
3.294784,73,5637.110913
-0.491476,114,5637.341568
103.47589,68,5637.477162
1.369207,121,5637.713827
3.611905,76,5637.863887
104.541574,60,5637.978573
101.7595,60,5638.099903
105.189577,73,5649.477761
3.439392,191,5649.871642
5.035919,78,5650.025478
2.533876,68,5650.160882
1.68921,97,5650.352428
103.719779,76,5650.505932
101.703659,88,5650.677719
103.066577,51,5650.7813
-0.112806,156,5651.085744
-0.198442,82,5651.250299
2.979057,82,5651.410948
101.731466,93,5651.596514
3.919972,69,5651.734658
1.394283,76,5651.884545
3.335698,78,5652.038001
2.554676,61,5652.159367
101.135572,45,5652.249409
1.316769,78,5652.400772
102.083176,48,5652.496507
0.241965,78,5652.653775
1.287441,102,5652.853066
0.843922,108,5653.072073
101.445166,109,5653.287981
3.990883,65,5653.415235
105.821637,63,5664.755902
101.839353,91,5664.934424
101.435497,57,5665.04952
1.317746,142,5665.331084
4.701156,62,5665.457581
3.812154,68,5665.587092
3.939485,80,5665.749045
1.669204,78,5665.919392
4.491554,70,5666.059034
5.847509,67,5666.197236
102.084886,66,5666.325972
-2.764344,135,5666.597782
1.254097,90,5666.774015
4.256197,63,5666.901311
2.286943,69,5667.040124
2.681126,68,5667.173596
105.878106,68,5667.305907
2.260638,87,5667.482163
101.193681,84,5667.648707
2.41643,70,5667.784006
4.081371,76,5667.930476
1.267888,70,5668.0678
102.53584,70,5668.206676
1.950404,79,5668.362411
4.79422,137,5668.643044
3.826002,78,5680.03381
102.092779,74,5680.183664
-2.058867,210,5680.596771
101.523729,87,5680.774922
4.404968,66,5680.909678
100.948384,77,5681.063348
4.792127,74,5681.211357
102.128077,77,5681.36563
3.266485,83,5681.528157
-0.501891,217,5681.963477
-0.080396,75,5682.112432
100.713232,76,5682.262983
105.628636,67,5682.393099
2.586114,72,5682.538964
1.889621,69,5682.67755
1.611418,95,5682.867521
1.497546,70,5683.004513
2.913933,69,5683.138771
3.580522,65,5683.271742
5.273974,96,5683.464315
101.144825,71,5683.608136
2.115459,119,5683.842226
2.164379,68,5683.975269
100.890714,109,5695.422415
5.497231,65,5695.549062
101.882782,46,5695.641397
2.678999,66,5695.771593
103.384718,70,5695.913975
1.008706,69,5696.049441
1.342171,72,5696.195879
4.40097,81,5696.373265
-0.499204,80,5696.531277
2.915958,78,5696.690122
100.955526,78,5696.845828
100.7996,63,5696.981697
3.292112,68,5697.112669
1.616321,67,5697.241669
4.63834,68,5697.378197
4.944921,66,5697.508145
1.247241,73,5697.650974
1.316894,69,5697.790352
4.024705,66,5697.918665
5.085593,96,5698.108821
100.950499,85,5698.278731
2.21705,77,5698.436949
2.987979,72,5698.581882
103.754126,56,5698.692028
102.846848,66,5698.823124
4.969377,75,5698.972665
102.270569,52,5699.079767
3.19029,66,5699.208559
5.245363,67,5699.342755
1.311257,75,5710.745197
3.945163,71,5710.89996
1.273248,96,5711.0885
101.674767,72,5711.236554
104.351002,63,5711.365107
1.346132,117,5711.597199
3.411783,66,5711.739892
101.176987,83,5711.904598
3.911204,64,5712.030208
3.426384,66,5712.162081
105.15575,71,5712.308975
2.20604,66,5712.439872
1.11417,73,5712.591133
1.429977,346,5713.302601
0.318028,80,5713.467527
2.34585,88,5713.65356
101.12413,32,5713.727989
2.830128,92,5713.916512
3.452938,73,5714.066445
0.567456,152,5714.372673
-0.10427,113,5714.599678
4.298685,73,5714.744438
5.268642,62,5726.061336
0.842259,1000,5728.085758
2.688217,62,5728.209526
5.523398,72,5728.350545
2.517232,78,5728.505058
101.186068,60,5728.62364
3.608082,93,5728.813305
5.815545,64,5728.939837
101.804116,70,5729.077512
0.912591,73,5729.227003
2.272589,71,5729.374045
4.597479,66,5729.512277
4.098367,66,5729.646549
1.190582,104,5729.862265
2.19898,81,5730.030528
102.177289,47,5730.127976
1.331292,86,5741.556198
100.898916,67,5741.707272
104.04199,66,5741.839867
2.740254,75,5741.987878
2.805928,62,5742.119824
0.785011,89,5742.295237
2.31209,103,5742.5094
102.401162,49,5742.608502
2.794172,69,5742.743971
1.624486,80,5742.905632
0.460184,91,5743.088846
103.303363,57,5743.199814
0.947915,86,5743.373987
4.040596,69,5743.512117
103.567776,68,5743.642801
102.042329,49,5743.737118
1.575992,79,5743.895066
3.249271,75,5744.048787
102.133499,52,5744.153432
4.275737,69,5744.291759
3.083716,83,5744.455638
1.149665,75,5744.605781
2.366861,185,5744.971002
3.993287,94,5745.159745
101.112492,145,5745.451003
2.510384,124,5756.899322
-0.389407,136,5757.163869
2.88729,73,5757.307601
101.964436,67,5757.439409
-0.700989,124,5757.683096
2.517834,66,5757.813416
1.545691,65,5757.940383
1.506871,71,5758.073555
104.931211,69,5758.227583
101.166339,61,5758.349006
-0.6396,102,5758.549302
102.063174,78,5758.702345
101.519629,57,5758.814379
5.165107,64,5758.939078
6.198602,65,5759.066523
4.840901,74,5759.213536
-0.134656,112,5759.431261
5.796764,71,5759.570722
5.885243,70,5759.708665
-0.936621,202,5760.105552
5.483898,72,5760.24438
104.249191,59,5760.361968
4.404259,84,5760.527819
-0.826067,141,5772.071603
4.330846,68,5772.225355
3.800753,66,5772.361026
1.125326,105,5772.576451
100.982427,77,5772.735749
0.46921,86,5772.908783
4.845731,66,5773.037658
0.932774,81,5773.197371
1.963503,60,5773.311973
2.163206,64,5773.44892
3.450586,70,5773.591419
103.401956,75,5773.744038
100.248031,69,5773.885918
3.38273,61,5774.01323
103.523568,66,5774.150325
1.372928,91,5774.344961
104.114403,58,5774.46506
4.402792,179,5774.831856
3.1912,73,5774.980248
3.371056,77,5775.132774
3.255803,63,5775.262219
100.389372,85,5775.429121
103.271009,69,5775.566538
105.403905,66,5775.704834
100.910948,84,5775.876167
4.500718,74,5776.029249
101.079816,82,5776.199748
102.240079,134,5787.725604
0.262576,110,5787.957016
2.392243,63,5788.083364
101.17841,57,5788.197954
1.81586,63,5788.344265
104.063233,69,5788.487807
3.782136,62,5788.618127
1.853709,64,5788.749411
1.014032,70,5788.885873
4.372204,64,5789.012088
3.31927,62,5789.146836
2.392611,68,5789.288268
101.312952,78,5789.450542
1.932684,70,5789.59397
1.099828,84,5789.769473
2.851184,72,5789.918505
1.412967,137,5790.203454
100.987126,63,5790.324804
100.196236,53,5790.431024
100.710233,87,5790.599323
101.579921,64,5790.725446
3.684656,80,5790.883297
101.217081,100,5791.079773
4.359997,66,5791.212689
3.79031,68,5791.349834
4.795877,72,5791.494544
101.930091,63,5791.617955
3.407457,82,5802.977194
2.0651,122,5803.229622
2.59759,75,5803.37676
2.231413,76,5803.53081
1.414987,79,5803.686163
5.675837,82,5803.859831
2.387123,73,5804.007912
1.222915,87,5804.180492
1.378417,97,5804.369942
0.650562,99,5804.584649
100.903736,76,5804.750348
100.653566,28,5804.805305
3.554531,77,5804.958523
2.127318,69,5805.096709
4.104966,80,5805.254183
3.086491,71,5805.397465
2.028858,111,5805.617932
101.534235,81,5805.776336
2.78081,81,5805.941877
4.258358,82,5806.104915
3.479598,77,5806.260434
1.555041,104,5806.469744
101.170368,77,5806.627628
102.964756,49,5806.723528
1.665893,83,5806.889616
0.706999,109,5818.566112
101.610943,76,5818.718988
102.427737,63,5818.843911
102.490318,59,5818.975802
101.783422,65,5819.103126
1.089697,146,5819.398679
103.449226,68,5819.54072
2.675103,71,5819.682224
103.598838,68,5819.817284
2.662853,70,5819.956772
3.665841,72,5820.098511
0.972159,83,5820.263273
102.457884,57,5820.379976
4.791503,161,5820.697623
3.576136,118,5820.928786
100.879865,33,5820.995677
2.426429,77,5821.157079
2.878324,71,5821.300169
1.777704,87,5821.469187
1.770613,95,5821.65674
104.275686,57,5821.768998
3.020953,80,5821.932977
3.603784,97,5822.126265
101.385556,68,5822.264699
1.234979,85,5822.433122
104.351902,55,5822.541203
101.869577,74,5833.892702
5.824071,80,5834.048454
103.593,66,5834.17815
101.795822,57,5834.290143
5.405838,66,5834.420693
4.457252,69,5834.555573
4.13003,160,5834.887742
4.50362,76,5835.050712
0.797525,76,5835.205134
3.86425,67,5835.335963
3.461552,191,5835.727413
1.239178,76,5835.876923
100.640301,78,5836.031073
101.596793,69,5836.171476
1.965119,68,5836.303667
4.659064,100,5836.504072
102.728833,49,5836.601929
0.979374,72,5836.746097
104.803133,68,5836.882836
4.734022,107,5837.09374
3.403159,67,5837.229633
103.922808,56,5837.341259
100.690373,95,5837.53716
101.797417,149,5837.829522
3.233647,66,5849.259238
105.433036,69,5849.395014
101.188594,63,5849.535333
100.918516,81,5849.689978
2.207676,73,5849.835599
0.174995,196,5850.231552
2.450797,79,5850.393261
1.16592,107,5850.6051
100.660781,29,5850.662306
4.375475,116,5850.895517
103.864913,63,5851.021332
104.288901,54,5851.129068
3.073207,80,5851.287722
101.400833,63,5851.413386
1.154635,122,5851.656131
104.992264,63,5851.776508
4.220365,66,5851.908014
-0.455968,94,5852.096741
1.415671,93,5852.276223
2.487628,74,5852.423356
101.350439,88,5852.599905
-0.297494,77,5852.750439
105.411346,73,5852.893076
102.920891,65,5853.017754
100.851523,74,5853.166424
4.044054,91,5864.582734
101.376521,76,5864.730948
101.21307,66,5864.862586
0.290496,94,5865.05181
0.799739,78,5865.204491
0.628957,91,5865.386917
2.57247,68,5865.528215
101.344718,86,5865.698339
100.525913,82,5865.860945
101.635472,73,5866.018952
1.460189,101,5866.217253
1.264985,70,5866.360288
3.571674,74,5866.502364
1.555761,66,5866.635214
4.253904,72,5866.781405
1.572847,86,5866.951687
3.319765,92,5867.137499
3.935576,62,5867.257686
2.309601,66,5867.385922
5.113124,63,5867.509876
103.837353,69,5867.64506
1.824765,77,5867.791941
1.00978,84,5867.95821
103.956986,74,5868.101392
0.351037,82,5868.264237
5.842855,79,5868.418522
104.362548,61,5868.537975
100.601999,79,5879.945203
4.23485,69,5880.083919
2.636236,81,5880.249253
101.820445,76,5880.398366
1.244731,89,5880.579715
101.109346,60,5880.70274
2.453231,103,5880.912128
104.673312,66,5881.042714
2.078457,68,5881.178666
101.269017,67,5881.312401
104.147495,73,5881.460844
1.717912,103,5881.669274
105.763287,69,5881.807462
1.100472,87,5881.984203
1.448248,70,5882.123039
101.509085,105,5882.332887
104.864793,66,5882.465201
101.297536,99,5882.665148
103.97726,65,5882.794403
104.006789,69,5882.93279
3.802636,75,5883.083009
101.172637,122,5883.327952
3.470608,82,5883.494804
102.136439,52,5883.601374
0.955761,103,5883.804662
3.332676,60,5883.924237
2.867946,84,5895.319569
5.543416,66,5895.449821
2.357564,68,5895.586657
100.818623,67,5895.72221
104.231548,68,5895.856603
4.784274,72,5896.000066
4.671425,68,5896.150842
3.757736,92,5896.338911
101.057563,67,5896.470626
2.172823,82,5896.631803
2.298567,72,5896.775306
102.323039,47,5896.87082
1.68735,85,5897.041293
4.191376,71,5897.18303
5.290996,74,5897.329638
3.656596,104,5897.539565
1.270263,89,5897.714975
0.874254,88,5897.893126
2.127133,75,5898.044112
103.452675,69,5898.182445
1.198317,76,5898.335004
-1.849536,431,5899.186789
104.772971,71,5910.524526
4.203459,189,5910.916037
1.026286,100,5911.115019
101.595669,87,5911.28775
2.804105,89,5911.467839
2.820254,66,5911.605492
1.781137,118,5911.843335
100.850303,75,5911.988892
101.939943,49,5912.087924
1.869593,113,5912.31232
100.835975,60,5912.441794
0.305915,102,5912.642561
101.267077,74,5912.788365
101.115163,78,5912.941829
2.24687,97,5913.141011
102.807107,61,5913.270667
-0.760735,108,5913.487298
4.702805,71,5913.636257
3.921727,72,5913.77619
2.036797,72,5913.918091
0.704746,97,5914.119341
100.891286,76,5914.274264
2.557206,68,5914.407439
1.738387,94,5925.771339
1.946726,70,5925.910695
3.294142,69,5926.045905
4.992459,75,5926.195577
0.762692,92,5926.380093
4.698695,63,5926.515957
101.568106,56,5926.624121
102.004036,75,5926.774551
2.672264,64,5926.90356
101.922758,57,5927.013144
101.301795,112,5927.237044
2.058665,67,5927.37011
101.724307,69,5927.510081
1.201008,96,5927.703187
104.080345,60,5927.822018
0.820679,81,5927.993247
1.94057,64,5928.125678
4.935928,77,5928.278746
6.105728,71,5928.419767
1.648981,91,5928.596965
1.067371,62,5928.724057
4.941664,89,5928.905781
100.816742,38,5928.979346
104.383538,75,5929.132236
2.923361,65,5929.260367
3.718088,65,5929.393491
4.450768,77,5929.54936
100.038444,64,5929.686297
101.180409,68,5929.821782
104.887317,68,5941.129025
101.620245,118,5941.364266
0.480755,91,5941.542309
3.146784,95,5941.755785
102.486407,51,5941.850893
-1.576366,133,5942.115529
101.540773,74,5942.261954
1.624361,84,5942.425656
5.37029,86,5942.593243
101.66113,97,5942.790128
4.977777,92,5942.971927
1.373853,71,5943.114676
4.820772,68,5943.251196
1.884071,81,5943.413619
102.887435,57,5943.525751
3.397413,67,5943.656657
2.434855,77,5943.809807
102.738093,77,5943.966231
101.40774,91,5944.148056
105.257735,67,5944.284312
102.927731,59,5944.40142
101.936359,71,5944.541077
101.332156,104,5944.746487
1.018003,110,5944.965713
100.490428,23,5945.013341
1.919006,75,5956.406082
103.633618,55,5956.520661
102.875435,53,5956.629148
100.286036,72,5956.778754
5.683755,67,5956.910155
100.698439,71,5957.054237
5.098316,63,5957.178884
3.689427,62,5957.30213
4.708141,82,5957.467522
4.435694,74,5957.629247
4.075188,62,5957.756197
4.677462,65,5957.893972
3.752143,66,5958.032851
101.152937,86,5958.21406
3.358591,61,5958.341131
100.427512,81,5958.508
1.61715,115,5958.745983
4.594971,80,5958.904518
101.010983,80,5959.071103
101.680288,45,5959.160498
3.240465,68,5959.290957
3.13481,69,5959.426113
1.557938,88,5959.603456
3.656646,67,5959.732766
4.106167,88,5959.905536
4.801655,68,5960.038072
4.13376,61,5960.158409
4.408443,71,5960.300138
5.032364,75,5960.449461
101.247186,114,5971.900205
0.8009,95,5972.089052
101.314482,85,5972.259091
101.426814,90,5972.436107
101.827246,66,5972.563597
1.003513,108,5972.79824
1.536924,95,5973.000085
105.308024,65,5973.131172
2.950896,71,5973.27064
101.420544,86,5973.441863
5.342501,82,5973.607411
4.305669,62,5973.734315
4.464303,83,5973.904362
2.39069,63,5974.028846
4.889767,78,5974.182556
3.44096,70,5974.323672
-2.030533,139,5974.600698
2.955091,64,5974.731421
2.366823,68,5974.867623
4.847535,71,5975.010093
3.534785,61,5975.134718
3.74708,89,5975.31651
3.571471,66,5975.4465
100.839099,84,5975.619866
101.806677,49,5975.717568
2.289412,83,5975.88156
102.039606,72,5987.217519
102.870116,53,5987.323703
-0.501607,69,5987.460351
3.594589,79,5987.614769
2.864083,70,5987.754115
2.448398,60,5987.874532
103.511661,57,5987.988432
106.114544,66,5988.128323
5.410438,76,5988.275275
4.467867,69,5988.41257
3.258441,100,5988.613112
3.207122,96,5988.808932
101.064616,55,5988.919013
1.318801,63,5989.0439
3.410104,64,5989.168793
1.78056,63,5989.296204
2.975666,66,5989.428503
4.450848,67,5989.563106
101.845229,89,5989.747734
4.410841,154,5990.05317
0.63896,1000,6003.258205
101.37884,80,6003.438036
3.065427,87,6003.614425
1.596871,91,6003.79387
3.250891,68,6003.929373
3.147102,188,6004.29313
5.41335,66,6004.423378
104.206862,59,6004.538912
2.297706,66,6004.669443
102.280269,64,6004.797945
5.396502,63,6004.922552
102.717845,71,6005.063777
103.31511,68,6005.197066
1.027327,1000,6018.490463
4.611706,72,6018.634129
3.143862,68,6018.768481
0.899506,95,6018.959858
3.194486,66,6019.094106
1.957455,74,6019.241844
-2.352892,225,6019.683985
0.250556,78,6019.839404
3.391467,102,6020.05285
0.783508,99,6020.250287
2.833046,79,6020.406509
-0.09547,97,6020.588125
1.853383,72,6020.729945
0.604741,106,6020.943024
2.156849,70,6021.08449
2.858526,96,6021.269635
101.215344,52,6021.375706
2.350002,65,6021.50699
2.792769,92,6021.685991
100.886356,71,6021.823372
101.716647,83,6033.212951
2.375395,145,6033.495092
4.457068,66,6033.624038
2.970012,70,6033.763546
2.780658,69,6033.899195
1.575921,75,6034.059878
105.782531,70,6034.203014
4.408141,65,6034.329992
4.214504,73,6034.475562
3.04716,75,6034.621746
2.914757,63,6034.74517
3.814602,72,6034.889352
4.456176,70,6035.031435
3.365103,70,6035.16607
4.970989,68,6035.301769
101.378039,91,6035.479279
4.492474,95,6035.664399
5.360013,82,6035.827191
1.212788,85,6035.994574
4.429807,67,6036.123211
3.535656,63,6036.256345
2.813777,68,6036.390094
105.476041,65,6036.515766
2.235689,61,6036.635825
4.2585,73,6036.774745
4.555174,70,6036.911886
3.429055,90,6037.095335
1.742729,88,6048.519667
3.851237,66,6048.65328
105.563367,65,6048.781613
1.627936,66,6048.906145
-0.335246,95,6049.09081
102.101301,71,6049.226931
101.213134,89,6049.412021
2.487836,72,6049.563019
5.168492,85,6049.728235
4.966188,80,6049.881174
3.945941,79,6050.036253
1.974338,92,6050.2173
100.569,86,6050.381888
2.655557,77,6050.532396
104.883738,61,6050.661149
2.341258,71,6050.804236
102.383723,77,6050.963929
3.17613,66,6051.101222
104.873861,58,6051.222252
0.148426,148,6051.532922
3.463284,74,6051.685135
4.764884,70,6051.830752
100.558307,75,6051.986192
2.611951,71,6052.134947
1.22493,144,6052.437521
100.842764,91,6063.97388
3.784236,84,6064.15057
101.645274,93,6064.343786
0.855994,98,6064.566624
0.411943,77,6064.730633
101.496707,75,6064.888501
103.939062,55,6065.008769
1.657169,71,6065.160092
5.214889,69,6065.302705
101.870976,96,6065.500347
1.79412,121,6065.750617
5.037684,131,6066.028045
-0.073529,91,6066.216464
3.595767,67,6066.359189
0.811032,69,6066.50298
4.582767,87,6066.681599
2.782581,61,6066.805881
104.978567,70,6066.950675
-2.86129,114,6067.185294
0.419112,110,6067.406934
-0.097234,80,6067.573493
101.759696,64,6067.70226
3.980491,61,6067.827297
106.157191,67,6067.962339
103.478635,76,6068.124781
3.925422,87,6079.873373
102.760188,67,6080.013133
100.927557,60,6080.13774
101.033801,53,6080.250071
2.469355,66,6080.386978
2.966667,61,6080.514616
102.813803,73,6080.666119
3.803394,216,6081.1193
4.769318,61,6081.254677
5.251109,76,6081.413026
1.869181,97,6081.617074
2.157346,84,6081.793322
104.01288,71,6081.940504
100.989696,77,6082.098289
4.737721,67,6082.232104
100.587096,75,6082.386016
0.434481,118,6082.635236
103.136817,68,6082.77491
0.79837,97,6082.975545
0.970139,92,6083.168272
101.276959,59,6083.291178
104.76207,58,6083.409444
104.205573,70,6083.547817
2.831349,101,6083.755443
4.07437,66,6083.904329
4.147545,64,6095.209669
103.013712,60,6095.334956
102.018519,51,6095.436264
100.875744,105,6095.651069
101.203939,83,6095.822608
102.671317,71,6095.971108
1.903312,74,6096.123713
4.082828,73,6096.287911
101.366854,78,6096.449831
4.597675,80,6096.621099
3.991581,83,6096.800335
105.263678,63,6096.935133
102.737143,50,6097.036129
2.23121,100,6097.248333
-0.513293,201,6097.661991
1.13135,96,6097.857807
102.90509,54,6097.965828
-0.630573,147,6098.256041
4.754214,68,6098.395473
0.459829,103,6098.601059
102.198631,66,6098.733081
103.527381,62,6098.864582
101.04124,81,6099.024446
4.849298,67,6099.156617
100.617237,80,6099.3176
3.542826,76,6110.673664
4.818672,71,6110.830861
101.011078,103,6111.049026
4.11099,63,6111.177239
2.592786,85,6111.355745
102.456359,65,6111.491975
3.640158,92,6111.692644
5.293026,77,6111.85633
4.308463,66,6111.990952
101.471167,62,6112.114885
5.170577,71,6112.25663
-1.901728,132,6112.519237
4.144375,67,6112.652197
2.306406,61,6112.774123
4.091625,69,6112.910318
2.813251,68,6113.047235
105.67445,63,6113.173508
4.359842,66,6113.305453
0.848134,92,6113.495944
0.334393,101,6113.694571
-0.583922,103,6113.898557
106.084799,63,6114.023917
3.634315,62,6114.150301
3.864942,77,6114.312712
101.182985,76,6114.463584
103.843872,60,6114.583311
104.842849,62,6114.706135
3.190802,73,6126.078059
5.433964,69,6126.213784
3.283471,63,6126.339329
101.547398,65,6126.469032
104.170914,57,6126.586236
3.024878,66,6126.717304
-0.244276,85,6126.898894
3.562248,70,6127.044909
101.236018,72,6127.188
0.723588,72,6127.333094
4.656728,63,6127.460193
5.894287,73,6127.603783
3.650451,97,6127.794636
1.059026,70,6127.933321
-0.493132,152,6128.243033
3.187156,76,6128.395368
0.819641,63,6128.521922
2.118394,72,6128.662512
102.604425,58,6128.778588
2.390489,62,6128.905927
2.586887,70,6129.04513
2.236068,66,6129.1775
101.695644,107,6129.387039
4.246123,72,6129.528455
3.157876,76,6129.681413
3.776722,107,6129.893405
5.840957,64,6130.022341
0.657205,86,6141.392497
103.485538,68,6141.525281
5.180619,66,6141.657574
101.966282,55,6141.7827
0.012593,92,6141.965196
101.819087,130,6142.222433
102.299061,49,6142.318411
2.856612,93,6142.501053
0.77054,75,6142.648595
3.456317,85,6142.817608
101.237015,46,6142.906154
102.289433,70,6143.043643
2.320586,65,6143.174867
2.25847,174,6143.521141
5.594369,68,6143.650697
3.986086,68,6143.789041
-1.244225,161,6144.105562
100.874157,596,6145.300173
-0.634102,122,6156.823774
1.68643,114,6157.052869
2.65508,78,6157.207352
1.633013,90,6157.383073
1.145211,74,6157.529539
1.451081,94,6157.716393
101.687589,81,6157.87603
101.093632,61,6157.996502
1.299141,72,6158.132712
104.406024,71,6158.276646
101.841008,81,6158.437028
102.223552,65,6158.567911
1.100401,85,6158.735408
1.317647,145,6159.0255
5.674722,80,6159.182155
101.730946,93,6159.364669
4.414396,96,6159.554469
3.629764,67,6159.687554
2.923088,96,6159.876367
4.972677,110,6160.097087
101.63412,101,6160.305618
101.133213,87,6160.479797
101.300564,75,6160.626358
2.984194,103,6172.082412
102.402045,50,6172.18169
-2.129058,234,6172.657149
4.306833,74,6172.803577
1.072935,119,6173.050109
0.265176,117,6173.295029
4.61258,69,6173.435789
-0.953942,100,6173.639368
1.864103,94,6173.824189
103.436764,70,6173.959975
3.559276,61,6174.081321
0.636171,71,6174.223603
102.745146,75,6174.373076
1.941319,87,6174.546147
103.558486,72,6174.690445
4.071473,67,6174.824206
1.295621,87,6174.997103
4.372675,62,6175.11883
5.139477,73,6175.264191
1.64412,89,6175.43863
101.117663,101,6175.637659
100.810502,70,6175.776935
1.892493,126,6176.031685
3.67267,64,6187.356582
101.783972,72,6187.496887
3.599625,70,6187.633649
2.137415,76,6187.806951
102.741178,69,6187.940719
2.810902,62,6188.061378
0.717328,67,6188.196447
102.387597,72,6188.350786
3.114114,75,6188.498148
101.673155,53,6188.601004
1.233639,86,6188.771944
4.202066,68,6188.907828
4.525264,88,6189.08203
4.563411,66,6189.214669
0.107727,120,6189.453029
2.179138,95,6189.639808
3.729189,62,6189.764717
4.505377,87,6189.939494
104.390792,67,6190.068845
2.499215,83,6190.236539
2.790196,61,6190.360412
4.657198,69,6190.496057
3.283926,66,6190.627637
102.575505,73,6190.768955
1.03362,111,6190.992177
2.811657,105,6191.208216
4.761067,63,6191.350409
100.08092,47,6202.640334
2.716498,71,6202.781087
-0.09135,120,6203.019633
5.796436,68,6203.156706
2.377023,79,6203.332174
4.295159,75,6203.481936
4.761706,63,6203.605274
102.25613,54,6203.713666
-0.557339,92,6203.895101
3.051752,62,6204.017322
3.509765,62,6204.139594
4.74945,68,6204.274432
4.928419,63,6204.39872
2.125548,70,6204.536861
1.39133,98,6204.741825
-0.004273,90,6204.917546
5.087506,65,6205.047332
100.926755,63,6205.172052
102.311382,81,6205.328996
4.690148,69,6205.465736
1.750688,70,6205.605253
104.344477,58,6205.719863
4.32843,63,6205.844346
3.432584,62,6205.965629
1.30562,87,6206.137367
103.739187,74,6206.285285
1.40959,73,6206.42797
5.708452,75,6206.575483
1.667616,60,6217.8997
2.235931,84,6218.0631
4.76272,83,6218.244884
103.443172,66,6218.37358
2.114858,71,6218.521213
1.105293,1000,6220.518545
1.696878,78,6220.672323
3.187846,72,6220.816745
4.813415,97,6221.007114
102.843051,74,6221.166279
101.086845,80,6221.326388
4.153089,67,6221.458587
105.061477,67,6221.592624
-0.502052,138,6221.867306
5.725196,76,6233.263416
3.896847,75,6233.4122
102.111215,105,6233.626784
3.051224,63,6233.759022
2.749949,67,6233.898822
4.498446,61,6234.022336
3.581166,65,6234.162539
4.368577,66,6234.304005
0.002445,134,6234.586836
6.047396,72,6234.735148
105.073207,64,6234.864117
3.92951,60,6234.982944
3.386912,71,6235.124054
3.208504,92,6235.30967
3.05729,66,6235.446161
2.558436,71,6235.592605
-0.073673,78,6235.754031
101.2733,33,6235.824029
4.33915,71,6235.973129
4.633181,66,6236.109908
101.796643,63,6236.237159
100.693749,72,6236.391336
101.520612,94,6236.585243
100.92515,66,6236.718306
3.791114,78,6236.871387
101.231343,71,6237.011306
1.449072,65,6237.138835
100.32275,65,6237.267444
105.113642,60,6237.385231
102.193281,108,6248.821758
4.69219,63,6248.950485
5.770683,72,6249.105471
100.683457,114,6249.330948
100.987715,84,6249.496056
4.792317,64,6249.618715
101.246874,98,6249.810538
1.537517,86,6249.981835
101.279293,77,6250.138428
5.036398,65,6250.288051
4.675828,64,6250.416261
5.363957,69,6250.560364
102.514797,72,6250.701742
2.191227,71,6250.844581
4.695804,66,6250.976953
102.643967,72,6251.126961
4.717767,66,6251.266177
3.858685,70,6251.411253
4.22244,62,6251.539796
5.374867,67,6251.675524
1.732309,70,6251.823108
1.584672,72,6251.973668
2.772061,94,6252.169677
104.281409,69,6252.31437
2.562442,78,6252.473489
4.954449,76,6252.632602
4.85993,68,6252.77226
100.824109,94,6264.233425
3.546323,73,6264.395289
3.476748,67,6264.535915
5.020965,105,6264.749058
104.089138,71,6264.898932
101.151579,78,6265.059125
102.51737,66,6265.197432
3.540333,74,6265.350153
5.630083,62,6265.476363
3.602835,65,6265.611784
2.765368,74,6265.768447
4.601502,69,6265.907889
1.852959,66,6266.03784
2.030578,73,6266.180569
101.971027,76,6266.330754
4.105544,83,6266.500272
1.150963,164,6266.827124
1.286033,90,6267.005027
100.999554,57,6267.119628
101.280437,72,6267.264345
4.884899,67,6267.395141
2.593299,154,6267.701731
102.029927,51,6267.80371
-0.007703,112,6268.029538
2.444387,64,6268.158156
