#{"t_start": 1759995047.1974137, "env_id": "CustomLunarLander-v0"}
r,l,t
-1.90698,104,0.782897
1.565863,97,0.9649
1.587048,110,1.171972
-1.587036,89,1.336848
-0.524271,120,1.562165
-1.440322,94,1.742583
0.327667,111,1.970405
0.948871,105,2.174683
-0.286737,106,2.377539
-3.154271,97,2.558753
0.843176,99,2.757373
0.407453,97,2.952832
1.826497,115,3.178058
-0.346009,104,3.379668
-0.245764,110,3.596405
-0.734487,119,3.85246
0.923239,115,4.072657
0.291205,87,4.240828
-2.354458,107,4.447372
-2.718934,89,15.675137
1.945935,107,15.900238
0.354102,129,16.155594
0.409283,102,16.356899
1.518234,112,16.571559
2.038371,105,16.77709
-0.507027,89,16.951217
1.265903,98,17.139846
1.430404,100,17.331857
0.322845,106,17.535058
-0.788648,148,17.821649
0.731887,111,18.033525
1.463554,97,18.221976
2.676592,90,18.391287
-1.302211,148,18.677881
2.127695,115,18.896494
-0.831208,102,19.094199
-0.272057,137,19.368322
0.769315,146,30.629552
1.912816,92,30.813627
2.229987,106,31.024282
3.251281,86,31.19609
3.209037,80,31.35796
2.035733,95,31.551212
2.879904,99,31.751928
1.595205,78,31.923445
0.15454,89,32.103623
3.312192,104,32.314724
-0.818644,95,32.505331
2.495432,97,32.701997
2.48474,87,32.877063
0.993819,107,33.095736
3.128383,110,33.319673
2.204482,77,33.470959
0.291236,96,33.662817
2.255808,87,33.833831
-0.708134,94,34.028146
0.458336,100,34.21908
4.527245,89,34.38867
1.235368,88,34.555971
1.130053,93,45.790177
0.514802,95,45.999367
4.20343,81,46.161347
3.856874,79,46.32129
1.052152,91,46.504799
0.901089,103,46.71439
1.39917,82,46.876757
0.875931,83,47.033061
2.801769,83,47.189138
-0.604359,94,47.370443
0.085718,107,47.577716
2.893444,78,47.726032
0.770767,102,47.920985
2.76593,89,48.088647
2.265446,94,48.268335
-0.712099,98,48.458443
3.652717,91,48.629072
4.790831,114,48.847281
-0.483985,106,49.052687
2.80056,79,49.206624
102.435936,67,49.335136
2.854841,93,49.510895
2.842776,91,49.682321
2.49647,86,60.844899
1.857165,86,61.016724
2.482219,87,61.185739
1.865754,79,61.343594
2.141424,84,61.50826
1.304035,85,61.674387
0.999655,108,61.90212
3.811898,83,62.063701
0.591764,105,62.265691
1.834053,75,62.414214
2.523492,78,62.565892
4.402448,78,62.720911
0.927849,81,62.880031
1.713132,86,63.049486
2.094648,87,63.218697
-0.331342,110,63.43697
1.954404,81,63.598315
3.631643,78,63.765038
2.207905,73,63.911896
0.284601,81,64.073812
3.581085,80,64.228607
0.649059,84,64.394482
102.972657,75,64.540081
1.465524,92,64.719059
-0.251631,101,76.152691
-0.583944,94,76.332669
0.987226,78,76.484108
0.76059,79,76.637348
0.874356,71,76.77673
2.828425,85,76.938936
1.871769,79,77.099586
0.000444,93,77.280736
0.908335,83,77.456603
2.120083,68,77.586876
0.908309,86,77.754736
1.977074,84,77.917288
3.599796,87,78.086367
-0.987139,103,78.287607
3.822,80,78.441651
-0.333299,103,78.64146
1.15079,75,78.788447
1.063588,106,79.0081
0.596477,89,79.178655
-0.204672,107,79.38449
-0.690597,122,79.616825
4.211938,76,79.767283
1.358381,81,79.925322
2.122956,75,91.071505
1.903034,90,91.250728
0.978133,114,91.470861
-0.128842,87,91.647934
1.220628,76,91.799481
1.325945,108,92.012798
1.167727,99,92.209614
3.162495,77,92.363714
4.518603,103,92.566785
0.37481,129,92.822308
3.929751,77,92.973299
4.716736,82,93.135778
0.391871,77,93.28669
0.534282,77,93.439289
-0.865751,99,93.641246
4.30449,79,93.797424
0.336948,92,93.978997
0.527602,89,94.160625
2.53799,75,94.305591
5.52613,85,94.471988
1.762947,82,94.635856
1.164096,89,94.81159
5.180537,88,94.985547
-0.848966,116,106.265581
4.652983,78,106.419761
1.178248,80,106.579699
0.581146,91,106.76262
-0.911014,154,107.070987
4.377928,78,107.228877
1.247321,80,107.392509
2.277196,85,107.563137
4.100586,76,107.711156
4.162927,75,107.860954
4.916382,77,108.012272
1.562452,99,108.213339
2.774823,77,108.366745
2.111107,69,108.508285
4.387591,79,108.667595
4.034166,75,108.816422
4.733211,78,108.972002
3.392338,97,109.16461
3.987252,68,109.300372
1.768949,84,109.468725
3.044964,74,109.615593
1.117419,84,109.783959
3.387576,77,109.95359
3.230863,76,110.103234
-2.023142,132,121.375593
-0.320071,106,121.585626
2.108598,90,121.762978
0.475972,88,121.955276
-0.879478,129,122.213627
0.355482,93,122.402123
-0.33673,98,122.599957
4.955219,71,122.741473
4.767945,81,122.905737
2.893098,75,123.055371
1.707479,78,123.210673
3.872857,74,123.35766
4.284224,75,123.508687
3.63418,72,123.668058
3.82811,88,123.843489
2.365847,91,124.030447
3.981122,84,124.202084
5.518721,70,124.34043
2.096453,74,124.492232
2.188743,79,124.65327
0.826087,82,124.820819
-0.055101,80,124.999495
1.885164,76,125.156598
1.389241,87,125.327326
2.978739,79,136.541091
3.876526,75,136.691094
2.408854,82,136.863136
2.563483,70,137.011262
5.816853,71,137.152557
2.299649,80,137.310773
0.394046,97,137.504669
0.654755,90,137.683099
-0.649264,555,138.803625
4.76781,69,138.936955
1.245104,70,139.073578
2.412778,78,139.225986
0.068321,85,139.393372
4.345813,78,139.544981
2.035008,66,139.673263
4.140416,87,139.84749
1.653321,88,140.032617
3.072817,75,140.181368
3.247491,77,140.332875
3.756097,74,140.47759
1.12418,85,151.697065
3.742045,76,151.849593
0.407499,111,152.063714
0.330278,93,152.244572
2.124757,81,152.400921
1.616972,82,152.559687
-0.958611,95,152.751004
2.90959,73,152.894632
1.143236,81,153.055463
2.659017,77,153.204709
-0.220404,94,153.391869
4.689545,74,153.540791
2.854749,70,153.676606
3.562229,68,153.811609
4.261883,83,153.973031
0.187806,102,154.173092
2.162032,75,154.321194
0.734054,85,154.485115
4.480689,75,154.632972
3.132986,83,154.79519
3.183471,71,154.935208
5.050986,74,155.081695
0.818916,78,155.233963
2.829093,83,155.399153
3.920382,70,155.538552
1.783816,71,166.68288
4.089164,71,166.823692
2.368209,72,166.966497
2.073648,71,167.105672
3.736458,73,167.253145
1.350901,87,167.42774
3.662624,75,167.576202
4.355915,71,167.719035
1.429917,73,167.866313
4.574289,81,168.030272
0.781156,89,168.205132
4.714434,79,168.379586
3.564874,73,168.524004
5.123093,76,168.677013
0.097205,104,168.884342
105.423124,72,169.025469
3.573684,75,169.176356
5.19308,78,169.334128
5.543262,70,169.472521
4.767395,81,169.633629
4.64864,78,169.788337
0.44094,85,169.969802
2.690477,72,170.113026
-0.128966,88,170.288813
0.781562,96,170.479708
-0.054628,125,170.724961
1.402957,79,181.91693
0.525161,130,182.173076
0.140585,84,182.33964
3.780659,87,182.50745
2.175608,75,182.65143
2.948608,72,182.793764
0.944027,84,182.957659
1.703527,80,183.11145
5.312043,79,183.282239
2.695273,66,183.414416
1.209397,87,183.586326
2.663907,71,183.724997
4.158195,94,183.907895
4.237277,71,184.047594
4.141182,73,184.198591
3.181927,77,184.345213
3.643514,73,184.490831
3.066777,74,184.635782
1.022917,80,184.793144
3.369655,82,184.967508
4.130631,77,185.120293
0.121959,118,185.352726
5.354199,72,185.490797
1.19478,83,185.653131
1.550366,78,185.803249
3.571933,68,196.925153
1.300112,75,197.074756
4.107856,76,197.226355
3.152095,70,197.367615
0.293128,94,197.552116
4.16959,67,197.683092
2.104232,90,197.865469
1.04249,85,198.037749
1.722364,77,198.190226
1.671871,71,198.343981
4.055068,68,198.483187
1.01059,101,198.684686
1.890247,71,198.82622
0.374117,89,199.009287
3.7549,86,199.176576
-0.316633,100,199.375987
3.422781,68,199.511942
4.779009,71,199.654374
3.311076,67,199.804398
2.261683,71,199.947639
3.864438,75,200.096821
2.008096,75,200.243345
4.968883,75,200.386057
4.140741,69,200.526451
0.613604,81,200.686822
1.077128,90,200.869365
3.657425,70,212.012121
4.428662,71,212.149757
-0.116088,124,212.394239
2.615752,71,212.538101
0.140222,106,212.750548
0.133039,89,212.922108
2.066427,78,213.077264
0.141801,142,213.355145
3.203533,89,213.543279
4.433947,79,213.698913
3.857331,71,213.842587
4.191058,71,213.984099
3.843945,68,214.120303
4.579063,74,214.266218
3.986835,83,214.435616
1.109534,88,214.615101
100.793574,105,214.826261
4.789544,72,214.971771
1.768889,75,215.143234
1.070657,101,215.347385
2.578492,70,215.489932
4.111382,68,215.624265
2.967827,67,215.758514
1.29872,83,215.926462
0.134819,92,227.281191
1.276109,73,227.437071
1.265624,77,227.594343
4.359276,1000,229.597724
1.077182,100,229.791757
4.866349,1000,242.888792
5.084531,65,243.018211
0.204326,115,243.24559
-0.987119,132,243.524396
1.088199,91,243.707874
0.843059,82,243.873604
2.581702,71,244.012331
0.636838,84,244.174074
4.354338,71,244.310968
2.718706,77,244.463459
3.316018,85,244.629338
3.067668,72,244.770978
1.735296,78,244.92223
-0.099339,79,245.080829
1.52453,84,245.254462
4.143519,76,245.405265
0.882912,80,245.56324
1.015605,96,245.751143
2.166449,68,245.885514
2.090515,86,246.056347
3.309879,69,246.195467
0.032961,88,246.371395
-1.147992,118,257.669844
1.793029,79,257.827635
4.347552,68,257.964287
5.311496,70,258.104683
1.601286,79,258.263644
-0.587118,91,258.443309
3.459537,74,258.589103
2.356026,70,258.732319
-0.464785,140,259.03041
1.703887,87,259.204125
4.191692,75,259.355577
5.330486,72,259.499851
101.302758,89,259.678402
2.00883,71,259.821951
2.728917,70,259.962437
5.063032,75,260.112703
2.980026,65,260.24563
2.029116,71,260.387168
0.596896,126,260.652796
3.678838,75,260.804864
3.501679,69,260.939617
101.365519,73,261.086202
-0.374422,111,261.298319
0.923931,104,261.503071
3.455969,71,261.656582
3.066708,67,272.873121
2.939893,70,273.011772
0.096896,93,273.195447
2.114556,68,273.330727
3.006289,75,273.494247
4.604578,77,273.647646
1.422555,72,273.793518
5.122422,68,273.926198
3.310439,84,274.096719
-1.05904,120,274.337371
0.279379,82,274.505091
2.508665,82,274.671107
2.134611,73,274.818251
2.070676,69,274.956572
2.748925,67,275.107126
100.446146,79,275.264706
5.387818,70,275.405885
2.828624,79,275.563988
2.206535,69,275.704817
4.747391,71,275.844258
-0.87447,94,276.034334
3.215981,74,276.179295
1.36858,82,276.341989
0.004708,100,276.557376
1.227392,83,276.7233
3.941799,556,288.900233
0.991402,105,289.11495
2.691428,75,289.260032
1.69182,79,289.413693
0.854088,77,289.569196
1.78317,71,289.709495
-0.155309,179,290.065477
1.931479,75,290.223777
3.082744,73,290.381767
1.80951,74,290.546821
3.171877,70,290.691138
101.045239,71,290.83226
2.065757,69,290.970518
1.684463,73,291.130728
5.480268,68,291.263937
3.711757,68,291.401407
-1.155257,231,291.865622
3.822366,71,292.011364
5.097903,69,292.147042
3.822143,75,303.789722
1.521697,71,303.931348
2.190474,86,304.097496
0.802185,75,304.244298
3.34301,79,304.403951
-0.450933,162,304.73996
0.258223,627,305.982937
0.626683,87,306.153662
3.009132,65,306.293004
1.582572,74,306.455623
2.997097,69,306.617563
3.168013,69,306.760292
4.431365,77,306.912971
3.318012,69,307.05521
0.988444,96,307.251241
3.611106,71,307.393924
0.988594,88,307.571576
2.25365,76,307.72909
2.477126,70,319.562734
2.146382,65,319.689212
4.894142,72,319.831595
2.330614,69,319.968905
5.68073,73,320.1144
1.960945,72,320.265856
4.483423,69,320.401628
0.64122,85,320.569483
101.717266,80,320.72734
2.994763,75,320.876483
0.727436,71,321.014512
1.770218,77,321.184541
3.981993,67,321.316857
5.565941,66,321.444061
2.118132,74,321.590949
1.135168,108,321.798643
4.508793,68,321.931534
4.583645,71,322.071346
1.725616,71,322.211864
4.250846,75,322.374014
2.310567,69,322.509227
4.976209,70,322.648993
3.578286,65,322.775532
3.911059,69,322.909115
0.306264,230,323.364557
1.87388,97,323.566276
1.465432,71,334.817561
1.282714,76,334.980608
1.559421,99,335.170278
4.728031,73,335.312401
2.18059,90,335.487642
1.908571,83,335.646274
1.290127,76,335.797894
1.833052,72,335.93659
3.390954,63,336.063653
4.316881,103,336.261591
4.749089,75,336.412196
2.115399,80,336.57263
0.444194,117,336.810223
5.346933,75,336.959608
100.834029,65,337.08411
2.196981,66,337.212404
4.109638,80,337.367967
4.576791,77,337.517976
0.925514,104,337.719664
5.079747,71,337.862572
3.250178,68,338.008528
-0.607531,123,338.245337
2.921919,74,338.388564
1.071845,76,338.537286
4.141026,68,338.670883
3.823018,72,349.824557
4.125933,67,349.955781
-0.275578,103,350.15747
4.309985,65,350.288678
2.038341,68,350.448369
-0.762324,97,350.646231
3.582388,68,350.781232
-1.080214,128,351.032947
0.140299,75,351.180557
0.809394,104,351.38502
4.353324,72,351.52812
4.809267,72,351.668291
3.748114,69,351.803853
1.639494,79,351.9576
3.514486,64,352.098526
3.442864,65,352.224825
3.783484,68,352.356596
3.657614,79,352.511494
2.02778,66,352.6387
1.914233,71,352.777857
4.602939,68,352.910011
105.538931,63,353.034348
4.454009,66,353.161974
4.590029,64,353.290039
1.128098,78,353.455253
4.419764,66,353.585992
0.481583,77,353.737093
1.169201,76,364.920231
1.090309,84,365.086286
2.573857,70,365.219018
3.537499,72,365.363767
2.233599,73,365.506798
3.191558,67,365.637017
3.014218,64,365.764215
2.731618,68,365.922076
1.830583,70,366.065383
3.969546,71,366.209295
2.511357,65,366.338069
5.09717,67,366.471328
1.634732,83,366.635278
5.459684,72,366.77543
1.690092,72,366.918197
5.907045,67,367.057924
3.66001,68,367.196561
0.87308,79,367.361097
1.22805,82,367.525504
3.571801,67,367.676853
101.440576,77,367.835582
1.090648,84,368.010719
3.606677,79,368.169694
2.064074,73,368.320583
3.039088,76,368.472588
2.314444,68,368.612965
1.197701,129,368.881998
4.903723,69,369.034685
4.359715,69,380.209259
1.362049,155,380.524857
0.090046,94,380.712411
1.149405,74,380.859946
0.4304,100,381.064415
3.914057,81,381.234753
3.792288,67,381.382126
2.198129,68,381.514978
1.822569,67,381.646675
0.204623,117,381.875223
1.695867,73,382.017779
0.483145,87,382.187874
3.567794,75,382.335442
3.49529,69,382.470948
2.863315,68,382.605983
0.566687,97,382.805768
5.326666,67,382.947681
0.146686,1000,396.013327
3.375347,70,396.154586
2.27232,93,396.340534
2.089959,90,396.519355
-1.098089,125,396.762583
3.804388,71,396.910391
3.337427,72,397.055516
0.714007,78,397.224751
1.828964,74,397.376172
3.555897,65,397.505574
4.20936,69,397.648564
2.077449,77,397.8007
3.920109,71,397.943348
3.943791,66,398.074743
4.502207,88,398.244786
101.554211,55,398.353854
100.609742,93,398.552499
0.416122,81,398.708469
3.708325,100,398.905685
5.316187,84,399.068774
2.496313,72,399.21164
3.189957,70,399.348501
0.898174,75,411.040194
2.064889,72,411.184907
4.418482,76,411.337863
1.245417,71,411.483161
2.383446,80,411.660945
4.744698,63,411.789533
1.984702,71,411.934538
2.059552,70,412.083781
105.650176,71,412.234869
2.285961,65,412.371058
2.554778,75,412.51806
1.344305,99,412.711937
0.766324,71,412.850235
4.131388,71,412.994003
3.856208,73,413.157428
5.140483,68,413.29916
2.035967,79,413.46214
3.968956,65,413.598833
1.808194,76,413.754325
4.543872,68,413.892201
1.646028,82,414.048759
1.328676,100,414.246677
0.899992,75,414.393065
3.64605,67,414.524634
-1.151319,140,414.815954
4.300609,70,414.95344
3.6992,69,426.217002
0.839418,80,426.39555
0.805662,105,426.61122
4.671318,69,426.767376
3.923433,63,426.899374
0.613795,69,427.037509
3.866549,66,427.172899
2.81423,68,427.318279
3.583424,66,427.496966
3.906922,65,427.63119
4.149169,81,427.812234
3.370947,69,428.001595
2.041274,80,428.192988
1.220303,72,428.336177
2.822136,69,428.482429
3.109942,68,428.6447
0.90276,71,428.815175
4.614573,71,428.966372
2.131308,70,429.119061
2.05765,98,429.317893
2.280316,65,429.462914
1.67797,71,429.605359
2.205209,72,429.748789
3.757846,82,429.931034
5.249453,69,430.06987
1.857283,71,430.222726
2.655664,67,430.367803
5.991688,70,430.505738
101.976379,79,442.469437
3.318939,68,442.600035
0.51255,77,442.749619
1.397626,81,442.909633
2.368044,74,443.073627
1.169119,86,443.24887
1.048806,94,443.440129
0.956796,94,443.639652
2.306488,79,443.801777
3.971125,67,443.936964
3.957689,66,444.071055
-0.083856,110,444.299082
4.518272,75,444.45273
4.03009,71,444.611434
4.192772,68,444.755327
-0.034091,264,445.281138
1.98478,71,445.420297
1.602255,68,445.556288
3.011873,68,445.688771
3.790056,68,445.81976
0.330021,77,445.973361
-1.074443,132,446.239047
-0.256772,98,446.451755
0.522931,78,446.616858
3.398059,65,457.958624
2.52819,65,458.092099
104.559157,62,458.218478
0.80203,82,458.391247
4.284622,66,458.528002
4.017161,71,458.685016
3.314384,67,458.821523
1.641014,78,458.978286
3.036132,84,459.150276
0.722007,83,459.320395
1.055406,80,459.485284
2.642592,70,459.630079
4.612823,74,459.782548
4.267719,65,459.90956
4.585334,63,460.036483
3.370478,66,460.173388
4.327983,69,460.310408
3.052186,69,460.460213
2.730688,71,460.599391
0.081874,123,460.838834
2.036615,93,461.018563
-0.863993,146,461.301692
3.254597,69,461.435525
3.491137,66,461.565628
3.252689,65,461.69409
4.175454,69,461.826726
3.995399,67,461.969446
3.058751,66,473.112846
1.315842,72,473.261619
1.855045,79,473.419991
-0.352188,101,473.626745
1.502908,77,473.782834
-0.692786,90,473.968664
3.042448,72,474.118886
5.128509,63,474.248288
0.895481,112,474.47912
2.173848,72,474.626599
1.225096,76,474.793255
5.431107,67,474.925792
2.862167,72,475.064029
-0.459688,104,475.267277
0.780981,100,475.462081
-1.138414,201,475.852644
1.132239,77,476.00877
3.02353,98,476.203801
4.774707,69,476.344132
3.203096,78,476.509468
1.770435,73,476.65165
1.117474,102,476.851055
-0.905893,95,477.032898
4.226663,70,488.790978
3.135755,67,488.921534
4.314781,67,489.051525
2.320674,68,489.18167
0.325291,121,489.418698
0.945588,84,489.59704
-1.005143,143,489.875765
3.312299,68,490.012339
1.742059,71,490.15078
0.489955,141,490.422974
-1.273567,204,490.818275
5.319954,78,490.971172
1.645389,75,491.116953
2.41847,67,491.245445
1.823263,71,491.398527
1.594605,73,491.542437
0.606745,420,492.374927
4.355687,67,492.509674
0.499159,80,492.666107
4.355134,66,503.828327
0.428017,107,504.037559
2.47621,67,504.1745
3.485402,73,504.319845
1.060436,70,504.458723
5.410413,64,504.584417
2.161102,77,504.737304
3.062768,65,504.866867
2.752201,74,505.013767
4.028397,65,505.140343
1.018608,76,505.306591
4.85267,67,505.441035
0.815547,110,505.654485
0.541458,98,505.842711
2.50823,71,505.982253
4.071068,77,506.134877
4.529917,63,506.259771
1.852928,89,506.434114
3.522507,82,506.595941
1.63054,77,506.746854
4.82748,65,506.87504
0.238826,93,507.061785
0.025332,86,507.22904
3.328467,66,507.35765
2.056151,75,507.503259
-0.024157,74,507.645462
1.841401,83,507.805802
3.175677,75,518.999165
4.062522,75,519.151057
5.30361,84,519.33961
1.013052,90,519.520338
0.423516,95,519.708821
2.224775,79,519.865518
2.993558,74,520.015804
1.243608,74,520.160643
0.740051,75,520.309044
0.688731,79,520.46635
5.212756,70,520.605374
4.310797,63,520.730482
-0.214354,135,521.000366
4.531347,68,521.156686
2.566694,68,521.293165
-0.949153,224,521.734497
0.796672,81,521.894374
0.310837,87,522.066657
2.738603,65,522.194537
-0.93051,155,522.501594
0.590139,82,522.662385
2.069735,71,522.817002
0.645489,87,522.984463
3.210334,67,534.164361
1.413875,95,534.352356
2.843752,66,534.486641
2.775418,67,534.622194
2.170623,65,534.752784
2.494741,77,534.902715
4.650078,70,535.056463
4.239791,69,535.205732
4.667337,78,535.360278
3.951929,67,535.490327
3.969531,73,535.634561
-0.416688,320,536.263972
-0.561505,100,536.458162
5.60991,77,536.611621
3.776,70,536.74791
4.980871,69,536.886747
1.023224,76,537.038671
0.387308,91,537.215823
5.012826,65,537.343716
0.124997,1000,550.352314
1.05964,93,550.538913
4.461646,69,550.676089
2.576672,68,550.813543
1.850877,66,550.949843
5.05657,66,551.081329
0.422519,77,551.253619
101.519235,69,551.391914
105.777066,67,551.528358
2.245424,75,551.678956
4.68619,67,551.817445
3.3941,64,551.945735
-0.828426,115,552.173852
1.589843,67,552.310398
4.579747,70,552.450954
4.915443,64,552.584918
5.600537,68,552.720569
-0.056427,81,552.898237
1.312241,86,553.072442
3.036522,71,553.213655
3.564833,69,564.414583
4.046972,77,564.563879
0.187214,93,564.746971
102.991263,80,564.905434
3.547999,69,565.038822
3.378982,68,565.18124
3.427418,116,565.420763
4.740132,69,565.557957
4.748505,71,565.698365
0.960026,81,565.859828
5.311162,69,566.000918
0.36866,99,566.195589
2.371271,73,566.342135
5.383116,65,566.475701
1.212419,81,566.644579
2.949634,68,566.781158
5.71805,69,566.934516
2.594387,67,567.075083
5.494308,68,567.209322
2.505385,77,567.364232
0.714825,86,567.534359
3.638267,70,567.678434
2.241937,71,567.822773
3.007707,80,567.983336
2.961674,68,568.118115
2.465722,70,568.255941
2.964708,66,568.385479
5.264348,68,579.617783
2.730975,76,579.769971
2.678232,68,579.905447
1.794983,67,580.038948
2.28375,80,580.197669
3.067426,82,580.358897
-0.005794,79,580.518977
2.336109,74,580.683378
1.587541,75,580.839252
2.581013,76,580.98825
3.726306,70,581.126051
2.409733,69,581.26849
5.825979,73,581.414823
0.537395,75,581.566747
1.426329,70,581.709253
1.836048,66,581.840882
4.154891,68,581.979084
101.597005,67,582.112677
0.504456,82,582.276838
5.128287,66,582.405881
2.252353,69,582.542464
0.500128,159,582.863857
0.824895,81,583.030752
0.628402,116,583.266457
4.630584,69,583.407223
3.242057,65,583.538215
0.203701,127,595.188836
1.370931,72,595.33669
3.764074,63,595.465123
4.549598,66,595.614582
-0.477691,109,595.836069
101.020168,88,596.013809
1.344077,110,596.23829
4.305704,68,596.373337
3.214221,67,596.506568
4.419727,70,596.646813
5.540711,68,596.784809
0.773478,85,596.952086
1.942409,68,597.087897
3.882715,71,597.23024
3.537101,71,597.397166
1.264091,74,597.544234
0.524973,83,597.708825
-0.233997,74,597.863382
2.425576,71,598.006616
0.249557,114,598.23909
2.068384,76,598.393968
1.596598,104,598.599875
5.042373,66,598.735343
0.834838,82,598.901004
5.632012,67,599.057354
0.960752,96,599.258812
2.018601,72,610.55521
4.30238,85,610.737232
4.386758,69,610.889074
105.554562,67,611.028032
0.095919,90,611.211072
1.868309,74,611.373553
3.642427,73,611.554993
1.860975,75,611.710149
0.470168,1000,613.759026
2.056725,96,613.957727
3.299813,76,614.114293
1.349601,79,614.282636
3.894165,67,614.418104
5.892292,69,614.559152
102.195494,63,614.688812
1.284102,114,626.33517
3.788783,68,626.480674
0.769993,76,626.640883
4.38833,72,626.789191
2.383645,66,626.920919
0.391633,82,627.085106
5.128202,69,627.228149
3.171148,76,627.382743
2.388646,71,627.527469
1.326453,79,627.689563
0.070417,78,627.848065
3.144629,91,628.056868
2.30407,72,628.203715
0.62679,83,628.373132
3.456493,65,628.512537
4.914498,72,628.663821
101.563654,121,628.912361
101.882337,52,629.012549
1.878877,74,629.161731
102.378958,50,629.262022
1.885238,68,629.396623
0.051333,89,629.569841
0.547996,85,629.73617
-0.591239,169,630.10485
1.328875,76,630.26289
2.318707,70,641.70612
2.317084,85,641.878839
1.419459,72,642.026251
0.75161,82,642.18527
5.204208,69,642.321861
1.050347,79,642.488609
4.818571,68,642.62286
4.741628,63,642.757063
4.036928,68,642.892879
3.04661,69,643.029218
1.317908,72,643.174846
2.30313,68,643.314255
-0.119352,96,643.51372
5.662386,71,643.660537
4.829859,74,643.817906
0.855135,72,643.963522
3.430977,68,644.099117
2.303127,95,644.290711
4.151254,65,644.422967
3.375392,89,644.606494
1.26948,76,644.766985
-0.761415,120,645.014822
5.604316,64,645.144787
0.882445,123,645.396455
4.350306,66,645.524627
2.335625,68,645.657168
0.422789,86,657.245143
0.673918,74,657.392382
3.836094,66,657.522312
3.155047,73,657.661472
1.333514,75,657.814062
3.916379,70,657.961816
5.463779,73,658.104739
-0.026111,79,658.256924
2.60497,64,658.384559
0.918466,77,658.534853
0.51228,1000,660.544201
3.448904,75,660.69618
2.033191,69,660.829721
1.989045,71,660.969403
2.417433,73,661.113133
5.77239,66,661.241181
1.083676,80,672.78205
4.81666,67,672.918981
2.395323,73,673.069828
0.438603,100,673.272166
2.525915,70,673.422304
102.393469,73,673.572175
0.780948,75,673.725281
1.577644,83,673.905145
2.711156,67,674.036915
1.670491,69,674.175446
104.390312,73,674.320664
1.646143,72,674.459751
5.039705,66,674.588615
106.041406,65,674.719667
0.990897,73,674.86956
0.304349,103,675.07253
0.130334,85,675.246676
2.119546,65,675.375333
0.967829,73,675.516869
1.696374,91,675.695633
4.844093,71,675.836876
2.989686,91,676.013745
1.30526,91,676.190544
2.467003,71,676.323934
1.06448,73,676.463813
3.129628,84,676.62653
0.217783,164,688.480916
1.391317,78,688.644248
2.775326,66,688.770827
0.449266,95,688.975156
3.434893,78,689.130004
1.766067,77,689.285905
2.258356,76,689.436371
1.634818,85,689.609082
3.127809,76,689.759574
1.412721,86,689.932162
1.891253,96,690.12266
4.511339,75,690.273658
3.21628,84,690.439665
2.369364,67,690.576208
5.518068,64,690.704119
4.841444,72,690.846245
4.825283,65,690.975357
0.933927,74,691.125568
0.348437,99,691.327027
1.590211,98,691.533703
5.605934,74,691.680453
2.093704,75,691.831861
2.133026,79,692.00153
1.217482,93,692.185021
2.550024,66,692.314131
5.385755,68,692.453013
0.116554,160,704.440324
1.24097,75,704.591891
0.282685,115,704.843031
0.68373,79,705.025087
3.658973,68,705.190506
4.409792,70,705.340164
2.732155,67,705.484795
4.549501,69,705.632783
4.991567,71,705.791543
0.1548,95,705.982154
4.389721,64,706.111861
-0.15004,85,706.287802
5.032957,66,706.424894
2.117902,70,706.569101
3.013809,68,706.703064
101.389122,57,706.819525
-0.11889,92,707.001215
1.366563,70,707.140925
101.27389,54,707.252614
-0.304977,103,707.464484
4.123053,71,707.606778
3.881333,67,707.740514
3.625017,68,707.87878
3.297651,73,708.021796
2.130935,71,708.163387
3.451682,84,708.330922
3.267138,78,720.01104
4.205763,65,720.143162
2.860379,68,720.282005
1.662456,75,720.435677
5.201953,66,720.576183
3.030925,66,720.708424
3.086773,76,720.868304
3.505398,75,721.019926
2.772298,70,721.160839
100.990265,77,721.317451
2.395029,75,721.468716
4.5644,68,721.606249
3.816722,79,721.761127
0.718544,100,721.978524
5.842977,67,722.108228
4.640642,73,722.251014
1.159724,73,722.395433
5.149284,74,722.54021
3.674072,79,722.699517
-0.084926,235,723.168586
3.628885,72,723.313841
4.467742,71,723.454169
2.587405,70,723.611853
-0.808708,94,723.7944
2.117486,78,723.948937
4.676018,81,735.808186
4.232225,63,735.938915
1.597613,76,736.100503
103.955239,60,736.226836
1.381384,75,736.384565
3.298147,70,736.549889
2.21134,102,736.765065
2.427402,81,736.929584
5.425464,68,737.065779
1.768747,71,737.20382
1.159513,88,737.377421
1.926581,76,737.529529
0.635454,90,737.709917
3.755337,88,737.891222
1.278352,71,738.045092
0.905525,108,738.281402
0.319259,74,738.436338
0.251769,116,738.670053
-0.503131,129,738.921365
3.931211,71,739.064849
-0.984331,95,739.268803
3.318061,65,739.407187
2.730113,96,739.609828
0.561897,91,739.794479
2.709264,81,739.955817
0.631056,117,752.202844
4.609883,75,752.357455
3.406651,73,752.503548
4.875164,76,752.659978
3.967611,133,752.925638
1.968322,78,753.092501
4.103559,81,753.261605
0.37475,75,753.410433
2.750938,68,753.543659
0.562166,75,753.69434
4.581852,86,753.861393
3.952971,71,754.002082
4.238606,70,754.139666
0.943205,75,754.283577
4.5709,65,754.41262
0.508705,95,754.603214
3.158343,67,754.73667
0.549062,84,754.913901
2.282058,68,755.050412
2.365928,67,755.186397
1.621109,78,755.34417
4.83362,70,755.484382
0.134394,107,755.698854
0.523789,99,755.909913
1.81356,68,756.050251
0.20819,106,767.715431
2.173208,94,767.902825
3.839161,88,768.098796
0.413814,85,768.26536
101.001503,72,768.408088
5.752536,77,768.560863
-0.120122,89,768.739358
2.304342,70,768.882371
-0.758101,95,769.081188
1.287424,70,769.221268
1.135417,76,769.37508
2.813298,71,769.516707
0.988184,100,769.716089
2.296755,73,769.859694
1.209782,70,769.995838
3.795483,64,770.125861
3.169109,67,770.261303
101.382115,83,770.424737
2.899969,66,770.558254
3.64889,69,770.693103
4.473288,68,770.826328
2.675561,66,770.953234
1.813925,76,771.103841
0.116493,85,771.267975
4.661247,69,771.403443
2.268451,68,771.537669
3.557323,80,782.887657
0.484023,81,783.048734
3.166745,70,783.19095
100.865057,81,783.35514
2.045575,69,783.497837
-0.534795,111,783.714983
101.664602,63,783.837184
4.871663,65,783.962696
102.003358,79,784.114133
3.458517,74,784.257562
2.276146,65,784.385695
3.174241,71,784.519236
3.47114,85,784.679722
0.807773,92,784.855705
1.235614,118,785.080059
3.168427,66,785.206474
5.974294,74,785.349806
1.18254,68,785.483038
0.967777,139,785.754842
0.225377,109,785.966931
1.995636,72,786.107438
3.006311,84,786.271107
3.157783,69,786.402218
3.046452,89,786.573095
1.057974,80,786.725366
4.601591,84,798.02231
1.643222,85,798.188073
3.592224,76,798.332385
3.112553,66,798.460761
-0.294396,89,798.637396
100.261221,172,798.978131
2.148748,66,799.111682
4.737461,72,799.257404
3.677289,116,799.514509
0.227293,82,799.686102
2.282728,96,799.886136
2.564967,70,800.026182
1.865702,74,800.168146
0.440592,75,800.314754
3.749695,70,800.45053
104.81669,67,800.579407
1.644981,79,800.735229
1.123225,73,800.880449
3.925726,72,801.023499
-0.398,87,801.202383
-0.00662,86,801.372684
2.826485,67,801.505908
0.936694,73,801.651788
1.912919,90,801.827348
0.54355,1000,815.434137
3.105821,86,815.605659
4.878655,80,815.772779
0.704808,83,815.944253
2.364013,67,816.07183
4.184172,68,816.204064
1.480919,75,816.356223
4.971443,64,816.483622
1.774112,69,816.616358
2.155208,69,816.752478
3.954546,69,816.890288
5.323797,67,817.024794
4.605543,79,817.174696
1.130171,83,817.335953
101.21304,77,817.48672
2.331919,71,817.638464
0.143899,82,828.965959
3.311253,75,829.112453
-0.573045,102,829.310786
-0.13759,97,829.498365
1.194483,76,829.647143
3.694705,66,829.776724
2.990691,90,829.969275
2.587977,74,830.115835
3.439506,91,830.305786
0.677825,73,830.461631
5.466819,70,830.617376
3.883437,84,830.801791
0.425636,114,831.047744
0.268257,83,831.217685
4.765328,72,831.363646
1.261835,73,831.511595
4.749595,66,831.64727
4.31677,65,831.773875
1.282891,75,831.921926
104.014466,72,832.067747
2.089029,73,832.213617
1.39942,72,832.353584
2.983576,70,832.495852
1.547582,76,832.646608
2.910321,64,832.776965
-0.44649,91,832.960163
2.824905,87,844.262446
0.923768,76,844.413488
2.440661,73,844.565253
4.317311,72,844.712217
4.845365,63,844.833348
-0.898731,110,845.051555
0.383697,70,845.187771
4.449823,77,845.344251
2.257839,70,845.482532
4.743932,76,845.629432
-0.199099,94,845.807582
-0.438559,89,845.983948
1.756864,71,846.124426
1.048653,98,846.316881
4.034813,100,846.511836
2.855299,76,846.673304
-0.470652,102,846.876791
-0.253446,104,847.083112
1.592989,77,847.233868
1.005419,77,847.39486
2.251013,69,847.533907
-0.31018,98,847.726679
2.062735,77,847.882977
1.221798,77,848.04143
1.399513,84,848.209244
3.794237,73,859.730093
4.609766,77,859.878614
4.224968,77,860.031123
1.128073,77,860.192179
2.277705,63,860.322562
2.473158,74,860.479574
2.21865,68,860.620137
3.060659,65,860.755758
1.824033,66,860.90428
1.047322,79,861.063144
-0.03505,117,861.29187
0.24638,116,861.521596
3.746919,83,861.690579
2.596324,65,861.819153
-0.429034,104,862.027025
4.779455,75,862.179448
4.520304,69,862.318784
3.546092,107,862.536658
3.273478,65,862.665302
4.319957,68,862.802308
2.367543,84,862.975419
103.637535,64,863.104462
1.257528,74,863.255731
1.249163,71,863.398262
-0.2903,86,863.572505
2.880775,94,863.761707
0.845293,86,875.49152
-0.915957,87,875.660283
4.043633,67,875.794073
1.65668,81,875.968199
4.05305,79,876.122877
2.690409,66,876.256281
-0.072476,101,876.453533
-0.88297,155,876.754567
2.849151,75,876.901474
4.760929,71,877.040281
-0.417238,115,877.262497
4.979534,99,877.455825
1.391753,76,877.604515
2.425371,74,877.751339
3.80152,79,877.907943
1.317864,69,878.045898
0.256799,82,878.201631
4.448147,86,878.368661
3.684039,64,878.496672
1.880249,65,878.622283
1.729121,79,878.772731
3.66414,66,878.901822
1.115104,145,879.184979
3.222654,66,879.31433
3.047465,86,891.023796
3.524506,72,891.164052
3.286199,67,891.296935
1.282455,74,891.443664
3.011358,67,891.577815
4.044335,76,891.726013
5.112949,74,891.873399
5.112818,73,892.018657
2.722461,79,892.175593
-0.259527,87,892.348286
0.950315,71,892.488744
4.606117,84,892.65267
2.517536,104,892.898299
5.40715,75,893.066665
2.806569,86,893.256013
3.806563,65,893.406684
2.621139,96,893.601328
2.113473,73,893.749705
5.094686,71,893.890474
101.914643,93,894.076796
2.853167,101,894.281599
-0.69759,218,894.733942
3.933402,66,894.861141
0.97853,103,895.065282
3.461333,75,906.395526
0.799708,77,906.542787
-0.076622,122,906.784724
101.019262,76,906.928711
2.987857,89,907.099419
5.494054,74,907.276419
0.437739,154,907.595715
5.332001,63,907.719857
0.117302,126,907.973543
1.794922,87,908.140201
1.50964,79,908.298631
3.258784,83,908.465137
101.506064,100,908.674064
103.372133,68,908.812457
3.630304,64,908.943259
3.477853,64,909.08968
4.291017,72,909.233669
2.476361,66,909.361614
4.550105,76,909.518914
4.816391,75,909.668665
4.963733,67,909.807525
0.022221,151,910.111045
3.073211,82,910.281706
4.940426,65,910.412844
3.666021,72,922.044224
1.732464,71,922.185497
1.343464,73,922.330574
4.781779,91,922.513717
1.256165,101,922.71882
2.054789,84,922.888488
2.768106,103,923.097336
3.430209,76,923.257079
4.446946,67,923.393399
101.252768,84,923.558275
1.439789,82,923.736962
0.641667,85,923.905951
4.05166,69,924.037685
4.313283,92,924.224419
3.687566,68,924.358282
1.351193,68,924.491503
3.672962,65,924.624863
0.916117,74,924.784969
3.17576,77,924.946767
2.374322,71,925.08904
1.39678,103,925.289207
3.99161,68,925.423585
4.125816,74,925.571945
3.330363,77,925.733266
0.650331,85,925.900605
2.21288,72,926.042932
3.920341,66,937.489402
0.87276,98,937.697268
1.853595,70,937.836684
3.414546,66,937.966784
2.529255,84,938.132022
2.055616,68,938.269076
0.478098,73,938.417186
0.960734,79,938.582855
2.819339,66,938.717528
-0.280868,80,938.878482
3.097759,80,939.045812
5.452079,62,939.199662
2.355585,78,939.357981
3.164078,77,939.519671
101.375985,78,939.673806
6.001462,67,939.805726
4.501077,79,939.962374
-0.436305,173,940.301316
0.943364,74,940.450471
1.72098,83,940.630667
2.146732,92,940.810895
100.12343,26,940.864082
-0.006895,97,941.060567
3.882468,68,941.19892
1.236152,72,941.347902
4.031273,70,941.494827
-0.595755,117,953.198044
0.83376,93,953.382324
2.679545,70,953.518219
1.509645,94,953.711101
1.578156,70,953.851192
100.96067,59,953.969817
2.748455,68,954.115346
0.436763,80,954.28282
4.558879,91,954.461041
0.984339,96,954.651687
4.653829,68,954.784834
3.083117,73,954.931319
3.494085,68,955.067983
1.058528,91,955.250136
3.124849,68,955.384343
2.768613,66,955.514844
2.285593,91,955.703091
3.62632,67,955.841447
2.839549,72,955.984945
0.776548,73,956.132255
1.847356,75,956.297003
-0.689958,99,956.564088
1.774773,71,956.707179
2.979258,65,956.839685
1.949611,71,956.978209
2.787785,69,957.114823
1.510803,70,968.938761
1.896423,71,969.086408
2.589922,72,969.234902
0.473263,76,969.385619
3.919488,68,969.523253
4.472908,83,969.684446
2.343725,66,969.818506
2.973919,65,969.951981
3.279953,67,970.10169
1.869448,70,970.244001
2.321375,68,970.379709
3.743046,76,970.535561
2.495711,78,970.707248
1.022584,72,970.860359
4.186784,90,971.040499
5.162562,68,971.196739
4.166181,66,971.328815
2.558832,69,971.473124
1.310391,95,971.699203
5.009869,64,971.829206
0.053679,80,971.989
2.312928,66,972.118016
1.007958,83,972.283528
0.732195,128,972.559999
105.965863,70,972.739596
2.836667,67,972.88746
5.048248,69,973.034722
4.049818,67,973.167385
0.538185,135,985.13188
3.077838,70,985.284196
4.452754,86,985.465822
-0.058018,93,985.670078
2.263811,69,985.815456
1.664561,80,985.97967
0.273026,86,986.145813
4.725604,73,986.293448
3.882762,71,986.434199
4.759212,63,986.560548
0.889674,134,986.83121
4.696796,75,986.981826
2.745175,79,987.149915
1.812217,76,987.312155
2.970411,72,987.462159
2.830663,65,987.596168
2.827162,71,987.739341
0.771198,95,987.939375
4.963257,76,988.104449
2.266523,70,988.248585
4.718912,74,988.403322
2.240119,72,988.546463
3.378906,65,988.680147
1.32018,72,988.821288
3.214605,70,988.956735
0.363716,83,989.120731
3.474295,66,1000.873635
3.43095,70,1001.010504
1.755949,82,1001.170866
3.253114,104,1001.375694
4.098191,67,1001.506874
4.573863,71,1001.647277
3.201237,80,1001.811884
1.79442,78,1001.965557
1.3177,96,1002.15496
100.167101,70,1002.315917
4.340895,65,1002.452418
-0.12791,1000,1004.499576
1.044346,96,1004.692367
-0.325256,98,1004.886807
6.087918,64,1016.278415
101.299004,90,1016.45727
0.85836,85,1016.62261
4.8233,73,1016.763663
101.116367,88,1016.934456
102.110357,81,1017.09694
1.305406,81,1017.25919
1.642799,65,1017.389295
1.321682,97,1017.581964
3.911757,64,1017.70672
3.968576,99,1017.917705
5.179069,64,1018.047677
1.849568,71,1018.182427
2.153585,67,1018.316401
-0.519607,127,1018.568943
2.161343,72,1018.711962
-0.910514,131,1018.977308
3.315538,64,1019.103916
0.615286,89,1019.277319
1.361609,71,1019.434418
1.351518,73,1019.580502
1.172758,69,1019.721267
101.603928,50,1019.823571
2.30658,103,1020.032126
1.981995,83,1020.200691
1.012841,71,1031.939679
4.38766,83,1032.110361
-0.184118,84,1032.279003
4.213838,74,1032.424571
1.957008,68,1032.565694
1.355001,70,1032.706525
4.591977,97,1032.911283
3.972009,64,1033.050039
4.945436,68,1033.183552
4.08332,70,1033.32531
101.145674,74,1033.469287
2.813695,74,1033.613913
3.657061,65,1033.740996
1.845068,72,1033.886686
0.274196,81,1034.054402
4.638461,75,1034.217803
3.226907,71,1034.365251
0.853211,73,1034.515468
1.69231,70,1034.657734
1.256991,79,1034.826104
4.078153,63,1034.957033
5.228867,68,1035.108983
4.560022,66,1035.244493
1.474158,69,1035.38957
-1.198784,115,1035.630044
5.03884,65,1035.7627
2.969877,76,1035.911451
2.509904,70,1036.048211
3.850512,65,1047.418046
2.266333,72,1047.562513
0.198035,80,1047.726882
0.811141,84,1047.892755
3.718184,84,1048.075202
101.738678,65,1048.203827
1.623996,64,1048.331128
0.159682,106,1048.548498
3.618611,71,1048.689883
101.662773,60,1048.811276
1.917325,70,1048.959733
-0.243354,86,1049.136604
102.361465,75,1049.286287
0.915217,77,1049.44677
1.936278,69,1049.587031
1.158137,71,1049.732065
1.254898,105,1049.940125
100.542088,147,1050.235446
3.289333,73,1050.382437
2.893396,64,1050.506783
2.362713,79,1050.666826
3.20194,66,1050.797727
4.328115,100,1051.013689
1.219738,72,1051.154595
0.925909,74,1051.299374
5.215823,65,1051.428607
2.189902,67,1062.814115
3.305975,68,1062.950998
2.341419,70,1063.0993
0.748047,78,1063.277163
5.749866,69,1063.416257
5.358639,65,1063.546363
0.493001,81,1063.707361
3.081581,75,1063.859166
3.230122,66,1063.991069
0.260578,72,1064.130388
5.308248,76,1064.284348
1.286763,76,1064.437789
4.071244,63,1064.570384
0.166777,86,1064.742851
1.054921,75,1064.904559
1.132418,78,1065.062961
1.998986,70,1065.210927
101.045433,55,1065.325474
1.050816,81,1065.496968
2.620964,69,1065.640888
0.450409,1000,1078.945159
5.730634,70,1079.089591
2.005326,68,1079.226526
102.331849,62,1079.353065
3.972316,70,1079.493473
3.336304,82,1079.664581
101.975057,84,1079.837298
0.584833,94,1080.034204
1.222696,1000,1082.052752
4.227282,67,1082.186002
0.391467,73,1093.767413
2.408064,69,1093.908186
2.680906,68,1094.044834
102.237997,69,1094.186085
3.5416,80,1094.3482
4.001526,69,1094.486958
1.753386,73,1094.63946
3.086642,73,1094.807517
0.378901,150,1095.117606
4.080685,91,1095.303246
105.15097,69,1095.438802
-1.536068,105,1095.652781
1.737584,75,1095.803088
101.448627,70,1095.944838
1.614179,76,1096.096986
1.107728,87,1096.272158
4.194531,68,1096.422405
2.154121,71,1096.56278
3.430136,68,1096.697781
1.154873,86,1096.874919
0.898479,87,1097.046984
3.446669,72,1097.187735
3.164901,83,1097.345457
4.191119,65,1097.474378
3.355089,72,1097.61706
1.713165,72,1097.757583
3.003376,66,1097.890229
0.185812,73,1109.278702
0.050318,107,1109.489969
1.558326,78,1109.643626
1.850537,110,1109.858913
101.337482,102,1110.063161
4.757525,69,1110.202473
3.14808,72,1110.344536
4.318405,64,1110.484872
1.089468,72,1110.622442
4.673033,69,1110.76317
-0.077344,98,1110.961965
0.019746,96,1111.148873
103.673755,65,1111.278162
4.51092,67,1111.408909
1.431135,69,1111.53899
2.596363,68,1111.676705
1.873812,73,1111.822235
2.498866,72,1111.961828
2.128159,65,1112.089418
5.450559,69,1112.226271
3.024215,69,1112.359822
103.385062,59,1112.47297
3.984538,148,1112.785895
5.320027,66,1112.913854
3.310599,80,1113.071587
0.260727,87,1124.834665
4.19757,68,1124.971766
100.597072,563,1126.126014
2.803955,69,1126.257549
-0.647487,1000,1128.32994
1.238625,73,1128.477218
4.148186,69,1128.612049
-0.794938,104,1128.814169
2.604234,67,1128.950407
3.203711,74,1140.609868
0.343764,87,1140.790523
0.696354,72,1140.932137
101.401449,76,1141.085222
2.118843,73,1141.234535
1.002198,79,1141.393656
-0.926862,105,1141.609126
3.630195,81,1141.775453
4.976469,81,1141.933436
-1.295454,122,1142.176667
4.860629,67,1142.311912
3.532419,70,1142.450359
1.524083,90,1142.627854
5.167392,63,1142.754853
2.013277,68,1142.889837
4.069533,68,1143.021596
101.52105,73,1143.163386
101.316604,119,1143.400473
-0.654121,102,1143.599442
4.135096,68,1143.7386
101.650426,66,1143.866905
102.52427,91,1144.05135
0.656038,78,1144.216612
3.516263,83,1144.383695
101.96018,55,1144.491087
1.344063,74,1156.193673
-0.707164,106,1156.404277
2.114422,82,1156.562696
-0.179898,152,1156.856618
0.460547,96,1157.04567
5.204514,72,1157.188116
1.737323,72,1157.32535
3.284398,67,1157.453928
3.071424,66,1157.580725
103.502461,65,1157.71898
3.224811,67,1157.864916
2.258222,75,1158.032428
2.729783,91,1158.239808
4.973343,65,1158.375451
100.688923,152,1158.698127
-0.982277,225,1159.169941
100.921452,553,1160.331481
3.28855,63,1172.098971
-0.941083,184,1172.498314
1.295473,78,1172.655721
1.366372,82,1172.829261
3.095625,68,1172.974543
4.099571,98,1173.186151
0.96388,96,1173.395764
5.6505,71,1173.545745
102.512823,71,1173.696622
2.141614,64,1173.832684
100.602086,83,1174.012852
4.505642,65,1174.148076
103.182619,76,1174.307091
3.118814,69,1174.451339
1.355896,73,1174.600633
2.160308,67,1174.752826
-0.102396,319,1175.442071
0.717055,77,1175.601656
4.719918,63,1175.734571
4.433431,65,1175.866504
1.367276,69,1175.998404
101.918145,62,1176.123017
4.310579,69,1176.263882
0.520596,133,1188.132537
3.878911,64,1188.263101
2.767274,80,1188.417482
1.857751,79,1188.573755
2.33249,75,1188.727814
2.409397,71,1188.870623
4.906282,68,1189.006493
2.173727,77,1189.167487
101.937341,59,1189.283966
-0.027691,87,1189.457806
2.626417,64,1189.585974
0.439916,211,1190.029994
-0.870451,113,1190.258085
3.626733,64,1190.383352
3.105016,75,1190.529932
2.491924,71,1190.668692
3.972293,66,1190.795699
3.50892,68,1190.933693
5.493806,63,1191.075716
1.658878,72,1191.224323
1.853239,79,1191.385312
3.586776,67,1191.521987
1.3438,73,1191.671976
0.963081,76,1191.825855
2.874576,77,1191.982093
4.315322,65,1192.113073
1.720058,65,1203.749342
3.657654,88,1203.924853
2.379959,75,1204.074895
0.982076,74,1204.218827
4.669072,65,1204.346413
2.266471,69,1204.48423
2.742501,69,1204.621679
6.073247,68,1204.755905
0.257895,83,1204.91653
101.283905,90,1205.099186
100.818196,97,1205.312771
4.754543,64,1205.446455
4.855397,66,1205.580207
0.810424,76,1205.736193
3.190297,86,1205.9039
0.77154,74,1206.052797
101.977059,61,1206.164235
3.678933,71,1206.304438
101.091736,81,1206.462653
3.565865,71,1206.610858
0.236918,87,1206.779659
1.675286,73,1206.923181
5.058719,67,1207.055481
0.912181,76,1207.20757
1.923766,65,1207.336316
0.834063,100,1207.531792
103.256197,56,1207.64004
2.24361,257,1219.833722
0.315889,83,1220.000743
3.193257,64,1220.126848
4.737517,90,1220.304627
1.322812,85,1220.473638
1.332708,89,1220.669203
2.168168,67,1220.808444
3.716659,64,1220.952247
101.327101,43,1221.041191
4.798389,69,1221.182734
0.421596,1000,1223.228457
0.447397,106,1223.445878
101.112379,71,1234.953039
2.348514,71,1235.095125
4.598233,75,1235.24297
101.636868,70,1235.386222
2.472738,72,1235.532468
105.973785,71,1235.67162
2.051148,68,1235.806278
1.27818,88,1235.983427
4.453427,63,1236.111364
1.965539,67,1236.247351
4.32624,66,1236.382265
4.46118,69,1236.53978
3.848626,88,1236.72112
1.216491,77,1236.88169
4.345165,71,1237.027415
3.272555,68,1237.164367
1.864684,91,1237.347013
5.043818,68,1237.483297
3.580479,66,1237.620049
5.047819,69,1237.773042
4.357468,64,1237.898897
1.677785,69,1238.033818
0.814384,78,1238.188295
0.882696,72,1238.328225
2.12162,75,1238.479592
4.103253,70,1238.619051
101.3082,71,1238.766516
-0.722931,117,1238.999897
1.039426,82,1250.577592
101.38195,66,1250.713681
101.892964,72,1250.857238
2.201449,67,1250.989332
4.189119,65,1251.123247
1.973367,74,1251.275418
2.269857,68,1251.413819
-0.304647,94,1251.602332
3.841832,62,1251.727881
1.03633,88,1251.89882
0.563436,76,1252.048533
2.079328,70,1252.185393
3.024951,63,1252.309363
3.844416,66,1252.441259
1.205832,79,1252.61178
2.056885,69,1252.747757
4.577796,77,1252.899706
3.675361,63,1253.02245
1.131296,86,1253.193752
100.761758,132,1253.450416
1.682699,97,1253.641423
101.730953,66,1253.775799
2.406249,74,1253.922763
3.924382,75,1254.070582
4.315921,71,1254.210836
5.199009,65,1254.339749
4.599915,67,1254.46858
3.140065,69,1265.931507
1.042846,95,1266.124133
101.362374,51,1266.225488
1.305715,87,1266.397975
2.001441,70,1266.538758
2.897959,69,1266.676133
2.643317,68,1266.812489
1.58481,72,1266.976504
2.000666,72,1267.119302
5.088547,67,1267.252247
101.945441,62,1267.376679
3.22689,74,1267.525437
1.574534,69,1267.662709
2.034901,68,1267.801427
4.395729,82,1267.966721
2.351366,76,1268.125301
100.722704,89,1268.306886
104.044488,57,1268.420345
101.35301,65,1268.551056
4.551857,72,1268.706012
1.76932,75,1268.859099
3.342954,76,1269.010354
1.052734,70,1269.150265
1.951423,79,1269.305286
0.261942,79,1269.460166
-0.305881,96,1269.645814
2.7328,84,1269.812835
4.188191,68,1269.945419
0.304414,86,1281.530473
3.142838,79,1281.693294
0.059746,95,1281.892074
4.499259,67,1282.027031
-1.247227,109,1282.269133
1.503185,73,1282.416072
105.151262,69,1282.555271
0.462436,72,1282.70005
0.642696,107,1282.91395
101.212582,60,1283.036583
4.260785,66,1283.173326
3.473667,66,1283.302273
-0.599105,140,1283.59995
3.313754,68,1283.736554
1.158334,78,1283.895397
0.057509,96,1284.086843
2.507705,69,1284.225678
5.541822,64,1284.355115
2.445363,67,1284.488222
101.210251,176,1284.8426
1.889885,71,1284.980831
-0.585615,221,1285.444677
4.109473,66,1285.575699
2.512649,70,1296.866993
101.643183,93,1297.048475
2.188074,65,1297.194993
2.681811,66,1297.323913
2.693368,83,1297.487446
0.488422,92,1297.667814
5.559988,63,1297.789344
2.343157,69,1297.932047
103.539168,60,1298.05164
100.752554,75,1298.201741
3.964811,68,1298.334519
0.60429,75,1298.484192
0.577079,93,1298.677655
4.472466,65,1298.807192
2.062807,84,1298.991193
5.407862,65,1299.116755
2.716321,75,1299.264799
4.450002,94,1299.454735
1.750285,71,1299.598842
3.084057,71,1299.741034
5.625115,67,1299.87933
1.581974,76,1300.031235
2.547274,66,1300.163023
2.511263,89,1300.338817
0.17054,92,1300.540202
3.794364,71,1300.684093
1.851802,65,1300.813344
4.286377,79,1312.388239
101.953586,80,1312.562828
2.062834,71,1312.702626
3.734037,69,1312.845652
3.785449,68,1312.98365
0.416359,82,1313.149409
-0.011401,117,1313.385903
101.605323,49,1313.485592
0.767253,70,1313.624092
3.680191,86,1313.791129
4.210803,66,1313.925688
3.898464,69,1314.061698
3.958974,73,1314.20751
0.625417,90,1314.394336
102.814405,72,1314.535692
2.952558,70,1314.677719
101.685194,62,1314.803711
4.753672,62,1314.925328
100.288911,82,1315.094144
3.372884,66,1315.226133
1.870803,69,1315.369015
2.46683,67,1315.506642
3.430227,69,1315.649047
5.196991,72,1315.799031
101.066402,33,1315.864938
4.425852,73,1316.019321
102.797663,50,1316.115583
3.093402,81,1316.276973
4.496975,63,1316.403779
0.267781,80,1327.976295
1.033519,75,1328.128459
-0.683548,94,1328.313665
102.945748,74,1328.458868
3.559753,75,1328.608346
1.493449,110,1328.840515
105.83192,72,1328.98375
101.006138,63,1329.112909
3.438187,65,1329.243582
101.897927,86,1329.414388
104.003357,58,1329.530121
1.974994,70,1329.665874
101.467363,76,1329.813964
0.969012,71,1329.953725
105.116739,65,1330.078913
5.309193,72,1330.220114
102.448242,61,1330.340416
1.694411,81,1330.497229
101.730102,78,1330.653384
0.986619,97,1330.846512
4.482169,75,1330.995192
3.938509,71,1331.13844
-0.287085,92,1331.315236
104.543254,64,1331.453134
2.594161,62,1331.57945
2.774686,69,1331.722661
1.956416,68,1331.857411
2.116772,70,1343.290615
3.609384,69,1343.433894
-0.019883,117,1343.665873
0.10358,73,1343.810472
0.974651,92,1343.993619
101.057517,81,1344.159025
2.558309,83,1344.324775
2.063097,77,1344.477664
2.501404,65,1344.608857
2.436571,70,1344.762834
4.633127,83,1344.934494
101.454134,77,1345.08778
5.094399,67,1345.224432
103.26792,57,1345.338656
4.007171,71,1345.487474
4.519031,66,1345.619664
0.536831,80,1345.781049
0.118151,1000,1358.964305
1.165924,85,1359.128456
101.86589,50,1359.225507
5.928683,72,1359.368212
4.438858,71,1359.51059
4.668259,65,1359.639436
2.834282,69,1359.77235
1.331687,72,1359.913825
2.372185,73,1360.060206
3.577055,71,1360.21211
1.987862,82,1360.394863
2.18429,79,1360.564193
5.565277,69,1360.704393
101.932512,44,1360.796772
3.299258,76,1360.951506
101.674506,60,1361.074862
1.186072,73,1361.226032
1.736404,71,1361.372243
100.352693,41,1361.45953
102.679867,78,1361.620098
102.083469,73,1361.78914
3.878957,67,1361.922352
3.858544,66,1362.051308
1.648194,69,1362.190421
4.839001,67,1362.323496
3.744674,63,1362.443846
4.505669,72,1362.585748
-0.161458,80,1362.744754
1.025136,76,1374.235723
2.009429,77,1374.383353
104.480198,81,1374.542156
103.367525,68,1374.675027
0.312877,1000,1376.692958
-0.056131,138,1376.990163
0.131872,84,1377.161101
3.557791,69,1377.30114
2.943004,64,1377.428839
1.163007,91,1377.608127
2.229582,73,1377.751578
101.918022,66,1377.884339
5.401186,61,1378.009872
3.797248,75,1378.162618
5.031657,63,1389.763162
1.584979,84,1389.928684
2.867846,72,1390.069459
-0.545834,1000,1392.045297
0.601476,90,1392.221682
4.119165,68,1392.372446
3.77058,85,1392.546839
3.888109,64,1392.678653
3.150461,63,1392.809883
5.013973,63,1392.932906
4.587438,66,1393.065319
-0.443024,85,1393.234468
0.068176,80,1393.395567
2.453765,79,1393.548149
0.317726,1000,1406.947792
101.12682,92,1407.123902
0.496233,73,1407.264406
2.898957,76,1407.417366
100.172405,81,1407.576428
-0.025594,75,1407.725333
0.598618,86,1407.889125
0.556303,140,1408.175495
101.404141,84,1408.338912
1.513169,92,1408.517074
4.120267,65,1408.64081
101.719428,50,1408.74106
3.638189,81,1408.898095
3.148302,64,1409.025089
2.010079,66,1409.170047
4.023298,1000,1422.735445
1.609936,72,1422.879479
3.82114,89,1423.060376
2.456653,69,1423.21462
3.763489,63,1423.338521
104.713303,73,1423.488543
3.67743,83,1423.658715
0.727275,77,1423.811585
0.41538,104,1424.016058
0.560801,76,1424.167423
103.705973,60,1424.300281
5.451234,85,1424.472618
0.48048,85,1424.638684
0.117279,1000,1438.001112
1.948955,68,1438.134588
0.940686,81,1438.294249
1.332816,78,1438.442496
3.321776,87,1438.60874
3.171233,65,1438.731714
0.248991,1000,1452.165206
5.593723,64,1452.295929
4.48246,98,1452.488108
1.072758,71,1452.625391
3.241531,66,1452.756633
3.955656,93,1452.945476
1.536876,70,1453.084365
2.3532,75,1453.231056
3.060995,86,1453.403603
100.546455,66,1453.550108
0.657578,105,1453.766937
3.790393,99,1453.971545
2.379911,76,1454.129822
3.329491,68,1454.269087
101.902211,58,1454.384823
3.125844,74,1454.537619
3.724689,69,1454.67753
2.982627,66,1454.808804
3.004812,66,1454.958277
2.546391,67,1455.08605
4.434926,64,1455.208694
3.746984,66,1455.339715
1.118419,69,1455.479637
1.457347,88,1455.649474
2.266578,79,1455.805341
3.955293,73,1467.245648
101.286226,88,1467.43152
0.978936,75,1467.578287
4.049242,64,1467.701509
0.487469,77,1467.851681
4.789181,62,1467.976609
2.690851,66,1468.109788
2.694507,73,1468.256341
100.918814,75,1468.40905
3.219668,70,1468.552001
3.264681,86,1468.72852
101.474997,76,1468.882567
2.381704,78,1469.041133
1.448875,72,1469.188202
2.475839,85,1469.359602
105.481849,68,1469.498825
-0.379561,279,1470.065562
3.130221,67,1470.201293
3.187533,68,1470.33981
5.077133,64,1470.469807
105.401885,69,1470.611302
4.123531,67,1470.751598
1.316942,88,1470.925259
2.138588,69,1471.057377
2.743168,70,1471.192533
-0.513382,109,1482.940591
101.141869,77,1483.111949
4.435632,67,1483.255797
0.914125,72,1483.398559
0.024469,85,1483.565012
1.238172,70,1483.708351
101.394715,73,1483.852959
2.503157,62,1483.981887
100.316038,81,1484.148301
1.203071,69,1484.285661
100.858987,89,1484.461323
4.487556,74,1484.605071
0.290826,77,1484.758623
2.489182,73,1484.917201
2.932315,76,1485.064416
4.877633,65,1485.194106
3.603031,64,1485.320268
4.006735,65,1485.452042
0.897955,85,1485.629525
102.143423,64,1485.774825
101.819226,69,1485.918058
2.920804,92,1486.124766
3.966609,65,1486.260242
3.675491,70,1486.40819
0.25953,80,1486.579468
3.541691,65,1486.714724
102.266883,64,1486.851915
3.070824,77,1487.026824
2.193971,88,1498.75658
4.328187,72,1498.901902
1.98279,69,1499.040451
3.94883,64,1499.171276
2.572044,68,1499.311924
4.405622,65,1499.448547
5.242322,63,1499.579601
0.847785,79,1499.738393
4.580994,80,1499.90348
-0.108597,230,1500.382675
3.858039,71,1500.530868
1.279673,81,1500.702456
2.500168,73,1500.853443
1.478712,72,1500.999135
1.318184,71,1501.142239
0.509436,78,1501.301375
3.979058,68,1501.444532
1.866251,71,1501.593214
2.773115,63,1501.721463
1.535272,68,1501.858747
3.827393,65,1502.008388
1.365352,72,1502.155725
4.121146,66,1502.2914
2.730743,77,1502.449165
2.877877,80,1502.613803
4.233478,67,1502.75043
5.977974,71,1502.897493
4.496139,63,1514.441823
2.442518,73,1514.603444
101.530321,67,1514.736835
1.473813,70,1514.872297
4.413447,64,1515.002519
0.440768,87,1515.172523
3.585683,71,1515.313789
1.446241,85,1515.485265
4.05905,64,1515.610508
2.263521,70,1515.749141
0.492189,76,1515.894172
101.610751,82,1516.056247
4.819641,68,1516.188563
2.721562,67,1516.321141
4.1801,77,1516.475092
3.836174,67,1516.603611
103.986491,62,1516.72775
0.306272,78,1516.882162
0.056471,77,1517.033746
3.000144,82,1517.206884
1.285332,75,1517.363292
-0.698313,98,1517.577438
101.166898,100,1517.783818
101.264692,50,1517.888474
4.562041,63,1518.015172
3.760852,73,1518.155544
0.153906,163,1530.066845
105.558916,80,1530.230728
2.694032,66,1530.361527
100.838018,76,1530.514259
3.066142,78,1530.675715
0.679118,79,1530.838034
5.169921,89,1531.022243
2.866462,66,1531.165523
1.867054,72,1531.317866
2.248025,95,1531.523846
1.801186,84,1531.703285
3.738611,77,1531.865551
3.014444,68,1532.010339
-0.224054,339,1532.709222
5.491799,69,1532.870815
4.881408,69,1533.022662
0.569262,82,1533.189684
1.314215,96,1533.385484
2.777074,70,1533.53373
3.106239,67,1533.671874
1.612431,71,1533.826144
1.314339,78,1533.991823
102.130093,55,1534.103771
4.544123,64,1534.238244
0.580499,74,1546.023655
1.686301,70,1546.179564
102.264802,54,1546.299842
-0.218933,132,1546.588113
0.678526,69,1546.731957
102.305101,68,1546.876697
2.30297,79,1547.03959
3.626709,66,1547.178227
2.067333,72,1547.331853
100.875286,53,1547.458115
0.094609,76,1547.618899
2.564564,86,1547.794209
0.630839,82,1547.962782
3.933415,61,1548.094061
101.596937,67,1548.230444
3.2462,76,1548.387949
1.835334,72,1548.537517
0.506006,1000,1562.260641
3.908982,76,1562.411133
1.72028,96,1562.604078
3.019445,64,1562.730089
101.525253,70,1562.867356
1.059779,71,1563.008916
101.206699,70,1563.1558
1.644381,87,1563.342208
1.922789,76,1563.500209
5.085282,63,1563.62893
1.521942,82,1563.801149
2.212153,68,1563.939963
4.67095,62,1564.068058
1.804279,69,1564.211628
3.504256,74,1564.366196
0.143932,1000,1578.037252
101.357318,78,1578.199384
3.281784,69,1578.342836
4.782095,82,1578.510397
3.405483,68,1578.64508
4.421206,139,1578.944114
3.201784,75,1579.101999
4.929263,85,1579.301496
-0.777125,140,1579.610471
4.941626,84,1579.794105
0.675818,93,1579.985176
3.556658,79,1580.150675
101.656842,61,1580.279851
2.116496,69,1580.425914
1.074148,65,1580.579017
0.645031,106,1580.78844
2.200265,66,1580.922822
2.362326,75,1581.071591
2.761588,70,1581.212431
1.401597,84,1581.377964
1.844119,68,1581.511488
-0.663091,103,1581.712545
4.760942,63,1581.835294
3.139522,73,1581.980062
-0.078049,115,1593.931251
2.333998,69,1594.069683
102.830505,65,1594.198786
4.862654,61,1594.322902
5.689319,72,1594.473276
0.764682,82,1594.641192
4.081374,86,1594.82709
0.973719,72,1594.970265
4.855374,67,1595.104147
1.467548,68,1595.240737
0.062508,104,1595.452452
1.952475,66,1595.584151
2.849083,68,1595.728483
4.756249,72,1595.873058
2.375501,69,1596.007915
1.328046,70,1596.144879
2.703131,70,1596.28442
4.15996,63,1596.413746
4.370287,74,1596.560429
1.238986,72,1596.704169
101.557818,76,1596.857747
2.556104,60,1596.976661
3.106248,68,1597.112273
101.265949,107,1597.329652
100.84449,279,1609.098184
-0.506996,264,1609.607076
2.812166,63,1609.744913
3.241203,66,1609.877791
1.758859,72,1610.017177
0.381951,97,1610.203984
1.16557,71,1610.343771
3.790252,93,1610.530515
3.989102,66,1610.661815
101.018287,141,1610.933536
1.185483,79,1611.086529
-1.841593,159,1611.418413
2.034665,71,1611.554752
4.104279,64,1611.68126
3.06458,72,1611.824092
4.881119,61,1611.94561
3.57335,79,1612.102528
101.063746,54,1612.212849
3.362025,70,1612.352859
1.195686,92,1612.536251
-0.635803,105,1612.748287
3.95823,63,1612.870968
2.180654,78,1613.025956
3.305172,64,1624.722976
2.216198,68,1624.856246
1.152528,77,1625.012326
2.677543,69,1625.14732
3.69613,71,1625.290773
2.36144,107,1625.501382
4.010188,64,1625.629038
0.686226,80,1625.795816
-0.094151,89,1625.984376
4.587685,68,1626.122247
101.465262,93,1626.329052
-0.527539,99,1626.533627
5.86003,67,1626.669476
1.392801,67,1626.804407
103.089058,82,1626.964889
2.104457,74,1627.118704
103.607309,55,1627.232195
2.227408,69,1627.373217
3.819146,63,1627.4999
4.538789,64,1627.648265
3.211352,72,1627.788818
101.78225,78,1627.947354
3.180203,67,1628.085826
2.889333,80,1628.248261
4.981793,63,1628.375925
1.23125,74,1628.525999
4.153211,72,1628.670465
100.439246,66,1628.802525
100.40738,42,1640.250925
2.651843,87,1640.427118
4.509969,70,1640.568644
3.640028,66,1640.697076
2.275125,72,1640.844969
4.519659,63,1640.969445
3.313745,99,1641.168928
4.379497,66,1641.305311
101.443298,91,1641.487398
105.876599,66,1641.628533
4.571147,64,1641.759881
101.491995,96,1641.95321
103.739945,64,1642.079586
0.673434,72,1642.223208
2.173669,103,1642.428679
2.607621,67,1642.569558
0.13909,1000,1656.159841
2.01488,89,1656.340905
2.629639,70,1656.479042
0.653281,103,1656.696808
3.771205,65,1656.836671
0.845075,1000,1658.912994
101.198965,94,1659.104342
3.076719,72,1659.24856
4.385365,63,1659.373108
1.974979,69,1659.513457
3.753994,97,1659.70806
0.809396,90,1659.899868
1.21465,75,1660.05582
3.36119,64,1671.641682
1.588503,75,1671.792707
-0.799657,123,1672.044041
1.454868,71,1672.189192
3.743872,73,1672.334089
1.181506,103,1672.543229
0.619977,142,1672.831171
-1.895383,126,1673.082193
4.982246,63,1673.22606
4.211517,81,1673.389892
2.597651,94,1673.580138
4.220472,91,1673.766881
4.026567,72,1673.904572
4.444404,82,1674.062405
3.122891,68,1674.195791
101.305583,82,1674.35677
3.888799,69,1674.493311
3.229799,73,1674.636369
3.91575,67,1674.76545
3.402038,70,1674.9025
1.911239,77,1675.054802
5.175982,84,1675.237255
102.791664,64,1675.379542
0.955193,81,1675.556222
0.600776,80,1675.728427
0.949791,78,1687.287988
102.679767,82,1687.467118
4.188287,66,1687.602385
0.160207,113,1687.830633
0.883613,92,1688.021813
4.312005,66,1688.159609
-0.625305,92,1688.345382
0.224584,89,1688.527188
2.408301,66,1688.665758
4.485344,67,1688.808744
4.296856,64,1688.943933
1.727317,77,1689.10178
0.104937,1000,1691.169994
101.645819,73,1691.317511
2.926885,82,1702.952555
1.513429,94,1703.135551
5.582701,63,1703.260244
0.104071,133,1703.527659
2.435266,70,1703.666492
4.305103,80,1703.840811
3.933365,64,1703.970695
4.988675,88,1704.14387
3.095719,84,1704.309191
5.003702,66,1704.440639
3.04513,67,1704.577792
101.868222,62,1704.699638
100.966226,245,1705.184049
101.69113,78,1705.339599
3.199486,83,1705.502366
3.578702,74,1705.672155
0.65395,72,1705.812499
3.34014,80,1705.978363
3.443856,65,1706.114882
1.137456,77,1706.271186
101.241873,69,1706.412503
1.336125,68,1706.564255
1.246095,70,1706.707389
100.493568,248,1718.473968
-0.461851,90,1718.664705
102.282669,65,1718.792427
4.040121,74,1718.939715
101.537267,76,1719.093192
2.886362,65,1719.221003
1.17749,73,1719.370621
-0.484887,129,1719.630926
4.632963,64,1719.760383
4.179605,63,1719.883761
4.14211,65,1720.014521
0.243256,89,1720.198735
5.422138,88,1720.372365
101.240785,99,1720.576166
1.897749,73,1720.724149
-0.088358,1000,1733.969958
0.236903,267,1734.497763
101.492054,71,1734.638769
101.354204,69,1734.776731
0.946261,98,1734.980563
0.352973,73,1735.133044
0.877869,89,1735.317184
3.356055,82,1735.476186
2.035948,69,1735.613181
3.929546,66,1735.742387
2.933307,75,1735.893662
1.554086,78,1736.047669
1.613643,67,1736.182001
1.567226,79,1736.34457
4.417214,64,1736.48262
3.086207,76,1736.634131
0.02445,94,1736.821908
-0.715463,110,1737.03955
3.20703,63,1737.163115
3.590625,72,1737.30821
1.41189,89,1737.487718
5.06195,82,1737.647738
1.813205,69,1749.169764
4.347101,63,1749.295054
3.428682,64,1749.422825
101.821914,54,1749.531572
100.876197,81,1749.687263
0.829572,71,1749.829668
1.325703,71,1749.974293
101.251505,52,1750.076685
1.654247,74,1750.225353
4.244052,64,1750.357068
4.829144,76,1750.508159
4.236128,64,1750.636892
4.36187,74,1750.80305
5.096598,87,1750.979612
2.167707,81,1751.144697
102.41682,86,1751.313143
5.393639,79,1751.472506
104.86214,63,1751.599616
101.114579,75,1751.754199
100.988295,79,1751.918731
4.001658,65,1752.062176
1.798706,73,1752.216299
2.648839,65,1752.34636
3.841552,64,1752.473845
4.348979,65,1752.602972
0.569625,75,1752.753637
-0.617577,99,1752.95319
3.675944,64,1753.083639
101.744782,62,1753.204404
3.655215,65,1764.654517
-0.270766,1000,1766.660346
4.863301,72,1766.800601
-0.27115,106,1767.01012
2.740438,80,1767.165631
3.164388,69,1767.302472
3.658063,74,1767.447942
-0.098587,92,1767.625949
-0.16762,112,1767.862509
0.440178,70,1768.000036
103.635908,81,1768.15558
-2.196187,113,1768.388462
1.51747,97,1768.574304
3.397119,62,1768.700236
5.394344,71,1780.190772
3.068859,64,1780.318406
-0.217205,92,1780.504461
102.267853,62,1780.627593
0.642099,105,1780.836355
3.084106,63,1780.962412
3.689188,67,1781.09833
0.883428,92,1781.287766
5.019141,75,1781.441609
3.214106,90,1781.626197
3.771924,69,1781.768241
0.702451,88,1781.947435
1.019335,79,1782.108923
6.080765,72,1782.257141
2.39033,79,1782.41897
4.31283,72,1782.563136
3.849295,65,1782.693244
1.237841,86,1782.872664
2.078424,80,1783.035686
4.532134,87,1783.206841
0.226557,78,1783.362301
4.591205,65,1783.48767
2.379419,69,1783.621044
3.541365,64,1783.751821
4.866234,76,1783.904643
4.586846,72,1784.051217
4.441751,64,1784.175641
101.066737,80,1795.68545
0.342861,87,1795.857991
2.293865,65,1795.985292
-0.770806,94,1796.166676
102.145979,90,1796.339319
5.254561,61,1796.455567
4.110108,64,1796.588861
2.220037,75,1796.74154
2.349159,77,1796.915116
-0.160743,215,1797.381367
2.144715,69,1797.53003
1.436871,82,1797.701088
2.15354,73,1797.846392
2.016694,67,1797.987537
0.170631,132,1798.267602
1.540009,85,1798.443601
4.000228,71,1798.589576
1.985138,71,1798.740089
3.749136,71,1798.884154
4.147699,67,1799.014734
5.749084,64,1799.150319
2.279676,65,1799.276373
2.789812,82,1799.43602
3.307587,77,1799.586142
-0.591355,123,1811.220529
2.864279,69,1811.356964
0.700192,1000,1813.412487
1.78486,73,1813.558161
100.974108,85,1813.73065
1.280977,85,1813.922781
2.114156,69,1814.061405
2.37208,70,1814.200674
102.374295,79,1814.359705
2.812922,78,1814.511442
102.553639,55,1814.622784
100.400549,57,1814.741415
4.401026,69,1814.878285
2.332898,70,1815.016331
0.80795,97,1815.206998
4.126904,63,1826.887746
103.968931,74,1827.033585
-1.858421,106,1827.24455
3.179805,75,1827.393462
2.585092,60,1827.515855
1.643106,71,1827.661823
2.859797,94,1827.852765
1.101176,114,1828.107737
0.819568,85,1828.272289
3.604879,65,1828.401234
101.346411,80,1828.560117
2.803473,62,1828.685534
3.643298,67,1828.815486
4.775867,89,1828.987768
5.84912,80,1829.142137
3.823604,75,1829.286391
101.6462,109,1829.49974
4.516392,69,1829.632377
1.617802,75,1829.78018
2.44297,79,1829.933189
104.905226,65,1830.077855
1.436751,91,1830.254663
-0.183483,1000,1843.50098
3.094124,63,1843.624174
0.520605,83,1843.788708
101.406918,89,1843.964289
104.034314,90,1844.143227
3.602992,80,1844.308267
3.408205,69,1844.448927
101.37504,92,1844.637062
2.134941,69,1844.775174
4.534006,76,1844.933032
102.614353,69,1845.070672
1.930481,118,1845.321811
2.495889,67,1845.457281
5.654437,83,1845.623138
1.551652,97,1845.819124
101.040467,94,1846.005719
1.975831,72,1846.151006
0.970373,73,1846.297632
1.698988,74,1857.744841
4.878706,64,1857.876358
4.710276,74,1858.028262
1.619529,72,1858.174401
4.241368,62,1858.297436
3.67758,64,1858.425033
1.289717,73,1858.575122
4.36954,63,1858.704893
1.142364,72,1858.848467
3.736315,67,1858.990572
0.594838,92,1859.192172
3.062127,68,1859.329997
4.787057,63,1859.458086
-0.771556,251,1859.965873
3.900206,63,1860.09508
3.611923,68,1860.23305
1.070301,229,1860.718752
2.990051,61,1860.842723
0.427751,78,1861.000608
1.196156,103,1861.208835
3.975237,65,1861.341403
-0.868494,88,1861.515318
2.509903,85,1861.684348
4.652801,63,1873.13936
4.022377,64,1873.264019
1.742189,76,1873.416599
0.245316,90,1873.59524
2.124054,84,1873.764179
101.184595,64,1873.89184
3.227149,71,1874.030929
3.570442,65,1874.160873
0.346548,74,1874.327718
4.236613,177,1874.677822
2.404458,65,1874.812952
101.5495,106,1875.029811
3.358736,70,1875.17113
3.374979,69,1875.308583
0.968672,99,1875.504428
-0.275132,185,1875.885591
4.828043,75,1876.039693
-0.276064,75,1876.19018
1.522186,71,1876.334785
0.478613,77,1876.488759
4.354413,171,1876.829917
3.19771,96,1877.020437
2.152347,69,1877.159017
2.866091,87,1888.708883
3.3768,70,1888.848476
3.900315,73,1888.994356
3.703472,89,1889.175321
2.537426,74,1889.330249
101.160732,71,1889.478714
2.585892,67,1889.619504
0.408492,72,1889.767607
5.167459,76,1889.923944
1.370498,78,1890.080519
3.021001,61,1890.204453
5.308795,72,1890.354583
2.7459,71,1890.496897
4.43847,64,1890.627148
4.15379,63,1890.752893
0.230206,86,1890.926073
2.747172,69,1891.063518
101.340359,55,1891.186039
0.355609,76,1891.336721
3.479516,61,1891.460853
2.825246,67,1891.595065
4.312477,63,1891.724771
1.476238,82,1891.892416
5.041579,66,1892.02405
1.999393,90,1892.202893
101.94612,58,1892.31889
3.87403,79,1892.475878
1.837022,66,1892.609426
1.581308,69,1892.762759
2.755563,64,1904.205847
4.004151,63,1904.334842
2.662597,69,1904.473518
2.296945,71,1904.611077
2.127893,65,1904.739708
1.848643,62,1904.862488
3.05497,70,1905.01585
3.226317,96,1905.216669
3.796124,64,1905.339426
0.745856,104,1905.543976
3.800471,65,1905.669456
4.185993,90,1905.850937
3.883068,68,1905.986154
4.007871,122,1906.228635
6.192037,74,1906.376104
5.164551,81,1906.545148
0.84416,75,1906.711945
0.684592,79,1906.873344
102.435987,65,1907.005272
2.534337,72,1907.153584
4.578257,174,1907.514028
5.230385,64,1907.640442
101.339846,73,1907.78549
3.278732,65,1907.932474
1.289018,68,1908.072532
100.217701,42,1908.1577
0.28738,90,1919.865529
101.663461,95,1920.061532
3.056976,68,1920.194462
1.0023,79,1920.347282
1.974174,71,1920.492734
5.22036,69,1920.634983
0.386104,1000,1922.629569
0.533335,72,1922.777279
2.502148,72,1922.922487
4.394311,68,1923.059621
-0.793899,106,1923.269944
103.161376,61,1923.391993
1.918668,62,1923.516071
1.002862,72,1923.660494
1.289371,75,1923.809394
-0.266245,87,1935.705383
3.328147,69,1935.849093
4.89076,64,1935.997848
100.262789,22,1936.045168
1.865714,70,1936.230373
101.001581,85,1936.418986
3.314056,84,1936.589137
4.070366,64,1936.715437
3.838059,74,1936.870018
1.451307,68,1937.006311
1.363953,85,1937.188112
2.768094,82,1937.364773
0.04891,86,1937.563339
-0.866928,98,1937.759849
102.92639,63,1937.880955
105.07592,65,1938.016016
3.52931,72,1938.176604
4.382798,64,1938.32126
5.011269,71,1938.48018
4.839181,125,1938.752049
101.09667,68,1938.911701
3.834762,67,1939.051086
101.536515,85,1939.235171
101.421918,95,1939.438202
4.266288,73,1939.592872
4.435651,64,1939.728993
103.415447,72,1939.878587
2.293684,65,1940.015125
2.44932,69,1951.905479
100.769122,83,1952.089628
3.245245,83,1952.262104
100.807407,74,1952.411986
-0.258179,750,1953.951267
4.300432,90,1954.132591
4.454039,92,1954.313907
5.422681,69,1954.454027
103.24916,80,1954.609773
1.934702,83,1954.775486
3.390229,78,1954.944138
3.173305,61,1955.080676
-2.468544,548,1967.575122
4.293208,85,1967.743753
1.694771,70,1967.882397
0.238264,82,1968.051289
3.911211,82,1968.213599
4.240088,63,1968.339748
102.917043,69,1968.482978
106.148143,71,1968.622296
1.272933,72,1968.763525
100.778417,63,1968.88489
4.052497,68,1969.036879
4.611396,63,1969.163589
3.079961,67,1969.300959
4.328231,63,1969.428885
3.883241,72,1969.582062
3.188363,75,1969.732667
1.113881,68,1969.867606
100.823531,91,1970.044615
1.013135,91,1970.232686
5.850671,74,1970.378451
3.585629,79,1970.536826
1.401762,95,1970.735021
0.295793,173,1971.071991
0.752268,74,1971.214782
2.690466,82,1971.374347
3.487604,66,1982.781266
2.004677,69,1982.9171
3.763078,66,1983.045362
4.100281,90,1983.218839
3.365439,65,1983.343807
4.575557,63,1983.470398
101.582603,69,1983.607859
3.89272,68,1983.736485
101.006811,82,1983.898801
4.299417,72,1984.040687
100.916127,77,1984.189893
1.071132,69,1984.328396
2.954824,64,1984.470058
1.829683,77,1984.6247
101.809149,75,1984.771333
101.309308,66,1984.900598
0.261199,77,1985.049037
4.754147,61,1985.168648
0.945212,91,1985.348522
0.585036,75,1985.498383
3.990958,87,1985.667971
1.459094,70,1985.806286
102.077104,67,1985.945341
0.178521,87,1986.135725
3.794229,68,1986.270066
3.265224,71,1986.409504
3.771721,70,1986.545758
1.034551,106,1986.752362
1.422105,82,1998.434034
5.543482,63,1998.560032
2.579418,70,1998.697201
0.747318,87,1998.870089
0.910153,75,1999.017354
3.984293,64,1999.140422
102.021682,56,1999.247879
101.85602,57,1999.375128
1.537533,74,1999.523192
101.020189,80,1999.683847
4.81373,67,1999.821426
102.527908,71,1999.965271
-0.478494,75,2000.118841
4.512382,65,2000.247491
4.307246,62,2000.371495
101.568348,101,2000.572912
0.258092,75,2000.722333
3.34124,77,2000.877894
1.432923,86,2001.066394
104.776552,64,2001.19246
5.458785,67,2001.327005
100.377015,19,2001.364175
0.575804,1000,2014.731618
1.478635,73,2014.878022
3.284997,63,2015.006353
3.634978,95,2015.195024
101.259582,67,2015.328851
0.126922,110,2015.553527
0.943954,81,2015.714373
101.449629,73,2015.861427
102.681248,61,2015.987545
100.771906,78,2016.141562
4.687962,64,2016.272108
2.210688,89,2016.449759
0.990764,83,2016.617098
104.226983,62,2016.738674
3.121325,68,2016.87373
2.724793,67,2017.007732
3.808982,64,2017.134019
4.100785,66,2017.264504
3.686236,75,2017.417695
0.461615,101,2017.62036
0.396695,88,2017.80207
101.149071,54,2017.90857
0.248648,88,2029.579988
2.027127,88,2029.75738
101.959832,71,2029.896743
2.140787,70,2030.038571
2.684959,69,2030.173806
2.603456,70,2030.313156
4.984848,75,2030.462095
103.118191,85,2030.652983
0.181871,75,2030.799854
4.097568,67,2030.932217
3.500502,83,2031.095975
100.948013,112,2031.31685
102.025331,47,2031.408358
4.057935,76,2031.561632
104.970151,61,2031.682806
2.00855,73,2031.828148
0.072746,81,2031.987579
0.966762,83,2032.165908
5.160053,71,2032.310984
104.164568,68,2032.444354
1.8479,65,2032.576336
2.12175,71,2032.717607
1.691538,78,2032.875482
3.148745,64,2033.00847
3.17215,64,2033.13796
3.36322,62,2033.263959
3.773449,72,2033.408772
100.675041,84,2044.832707
2.105605,87,2045.021469
1.792835,70,2045.158366
3.542986,69,2045.298816
104.015881,58,2045.416283
1.231117,76,2045.568119
0.335656,1000,2047.58257
4.712088,74,2047.735554
4.762453,71,2047.88147
1.327486,65,2048.012823
0.724777,127,2048.271071
102.761091,48,2048.370997
4.737803,70,2048.513192
102.177437,59,2048.645191
0.500707,1000,2061.97314
5.291759,63,2062.096771
101.149314,64,2062.22681
4.462988,63,2062.354811
101.986839,68,2062.491826
101.990238,72,2062.639382
0.351159,1000,2076.050557
1.088199,86,2076.217807
104.178128,60,2076.340739
5.967136,82,2076.510219
4.956474,61,2076.633251
3.291314,63,2076.760169
101.646274,53,2076.866057
0.530629,1000,2078.888633
3.857082,64,2079.016673
101.145741,105,2079.229687
104.873087,71,2079.372078
1.830637,79,2079.531487
2.659842,68,2079.668965
0.824895,80,2079.830355
3.712896,64,2091.366215
2.732967,63,2091.49444
2.314524,68,2091.632378
101.769377,53,2091.736516
100.802001,87,2091.907688
1.970071,67,2092.042973
3.475688,67,2092.178668
2.243781,74,2092.328416
0.896743,88,2092.508394
2.422419,73,2092.653294
2.198791,68,2092.787353
100.694121,49,2092.88673
-0.081278,1000,2094.93373
2.329401,70,2095.078388
102.027236,69,2095.212807
1.887852,97,2095.403814
1.703324,77,2106.911095
100.941177,70,2107.066073
0.802547,74,2107.214751
2.704053,76,2107.362687
3.698524,72,2107.509135
3.082932,70,2107.646955
3.354675,65,2107.773756
4.328481,69,2107.914307
1.921415,69,2108.062502
101.063005,90,2108.24084
0.479253,73,2108.390589
4.002374,70,2108.53298
0.912191,107,2108.749943
4.877293,63,2108.874106
4.338877,69,2109.014018
5.328018,67,2109.14775
0.819511,74,2109.29261
3.910934,77,2109.440792
1.963002,105,2109.644038
105.283957,66,2109.776611
101.196172,73,2109.918798
4.641643,83,2110.082171
103.431508,54,2110.191887
0.034356,1000,2123.513195
4.914728,72,2123.653636
0.724898,92,2123.840599
100.761576,86,2124.015643
4.8683,63,2124.141952
2.517587,69,2124.273691
-0.076934,98,2124.464862
5.102349,71,2124.604204
1.970145,68,2124.737928
3.167247,64,2124.865384
1.840959,77,2125.026304
0.901298,91,2125.21146
-0.333447,1000,2138.380167
4.121141,66,2138.509089
3.499721,66,2138.637215
100.977336,72,2138.77787
-0.382312,82,2138.939678
3.2544,65,2139.070749
3.657436,66,2139.208533
0.882985,158,2139.542777
-0.833531,97,2139.745405
3.351818,74,2139.896367
2.379331,64,2140.025892
3.860357,64,2140.155712
5.589697,63,2140.285719
3.213196,84,2140.458611
2.695658,64,2140.588817
3.722163,86,2140.75966
0.657951,97,2140.970303
1.135776,96,2141.166872
1.607644,65,2141.300358
101.974655,61,2141.424537
1.533395,100,2141.630401
0.40173,74,2153.091727
3.812089,107,2153.319171
0.939164,80,2153.480133
4.701289,77,2153.632512
2.914458,75,2153.778313
0.3397,1000,2155.733918
101.529994,93,2155.920423
1.778467,69,2156.057258
-1.864674,153,2156.367537
102.049167,42,2156.453597
101.657296,57,2156.566067
2.700649,67,2156.699079
101.668129,72,2156.844786
101.479391,80,2157.003064
4.540621,70,2168.398093
-0.318427,205,2168.822489
103.621112,79,2168.976593
0.648503,75,2169.126698
4.252979,64,2169.250921
4.331079,64,2169.378988
4.227295,74,2169.531203
0.820554,76,2169.68623
100.474911,43,2169.775348
0.955603,73,2169.921575
0.939934,72,2170.067181
0.403301,191,2170.463505
102.553974,66,2170.593795
3.972119,66,2170.723019
2.32378,64,2170.851184
2.445685,65,2170.98406
2.03216,60,2171.104735
2.126709,69,2171.24365
4.718907,65,2171.381779
102.165843,67,2171.521162
100.947701,88,2171.696037
101.630789,77,2171.847747
2.011774,69,2171.985329
5.296746,71,2172.12715
0.641118,96,2172.318128
101.527426,79,2172.475805
0.691784,95,2183.936268
4.264042,64,2184.058977
1.120964,75,2184.206553
101.269771,81,2184.369919
1.412855,87,2184.54626
101.074881,78,2184.698809
0.900444,73,2184.845437
4.961936,64,2184.972086
2.803691,68,2185.106696
4.85031,62,2185.244373
1.166006,84,2185.411349
1.531581,66,2185.542006
-0.451301,246,2186.046591
2.565473,74,2186.192747
105.505031,67,2186.325985
3.903567,85,2186.512913
4.300488,63,2186.641402
102.103321,43,2186.731155
104.053504,81,2186.894963
2.84185,64,2187.024028
4.757024,75,2187.176665
0.402571,1000,2200.535643
103.991078,68,2200.67545
3.169935,67,2200.808769
101.070438,77,2200.975885
2.096868,70,2201.116878
0.228469,101,2201.322716
1.264711,70,2201.470214
4.279857,64,2201.608158
3.321741,77,2201.796205
4.587679,63,2201.931686
2.796851,67,2202.079409
0.793155,70,2202.224874
2.859607,70,2202.366867
4.95266,64,2202.496521
5.139217,62,2202.620476
2.083058,69,2202.759725
3.309843,67,2202.895441
2.090445,63,2203.023033
103.673326,73,2203.166645
4.264448,60,2203.29127
0.847695,80,2203.469321
1.954397,71,2215.061593
5.600825,66,2215.193743
3.822356,90,2215.377042
3.979363,72,2215.531361
3.623753,64,2215.659746
2.400803,80,2215.834725
101.088606,105,2216.055988
0.955079,86,2216.232399
-0.193723,1000,2218.193824
0.872094,81,2218.357067
1.826219,70,2218.492573
3.97479,67,2218.622642
4.876888,62,2218.749279
3.104303,62,2218.883452
2.259324,68,2219.028575
101.881566,73,2230.522173
4.119952,63,2230.648226
0.783292,82,2230.812061
1.608537,77,2230.966679
1.623869,90,2231.154876
4.603869,65,2231.310304
6.227685,67,2231.456831
3.626948,68,2231.605926
-2.533829,113,2231.836035
3.472591,65,2231.965412
3.375809,80,2232.130756
5.03537,78,2232.288084
3.456051,66,2232.420329
5.507797,65,2232.552911
101.747785,69,2232.701042
3.478949,64,2232.830167
101.313571,90,2233.014558
2.057697,69,2233.156629
6.183684,66,2233.311894
2.478946,80,2233.470093
4.555565,65,2233.599318
103.398771,61,2233.720617
2.809382,83,2233.888026
3.889468,81,2234.047194
3.580996,71,2234.192827
1.031071,80,2234.35555
101.289469,91,2234.537243
5.678719,68,2246.179107
-0.313526,103,2246.381356
3.253365,83,2246.544809
2.847582,64,2246.668149
2.07784,71,2246.811743
2.013036,82,2246.987013
4.843843,83,2247.151916
2.579823,65,2247.280431
4.171706,75,2247.431599
3.625665,65,2247.56246
4.156725,69,2247.697504
102.668815,64,2247.825662
2.923212,88,2247.997686
1.365398,78,2248.156482
0.979461,73,2248.323929
-0.019828,1000,2261.735218
0.414201,101,2261.938343
3.225209,64,2262.066439
3.737407,61,2262.202473
0.399873,78,2262.3553
2.363595,69,2262.492347
104.143321,76,2262.650487
104.19741,65,2262.782549
1.736891,72,2262.925988
3.971865,88,2263.099785
103.910123,68,2263.236762
2.551026,70,2263.379125
100.970965,69,2263.520041
3.486575,68,2263.658232
103.588739,72,2263.802904
0.120909,1000,2277.246065
2.750867,73,2277.397085
5.053169,63,2277.527723
100.86367,55,2277.636067
2.230895,83,2277.804375
3.573439,78,2277.961965
1.421207,73,2278.105797
4.250962,68,2278.243592
1.288,75,2278.412381
2.953704,61,2278.531422
-1.752419,128,2278.785
2.187174,83,2278.953545
-0.100296,117,2279.183292
2.480024,66,2279.31291
3.589131,64,2279.46165
1.427916,90,2279.638342
4.241176,63,2279.761822
4.567509,66,2279.89137
105.525088,75,2280.036249
-0.694221,104,2280.241831
4.496506,65,2280.369473
2.9876,69,2280.506763
2.385309,68,2280.646842
0.880849,77,2280.800553
3.172054,66,2280.929966
0.044357,1000,2294.229941
101.053343,88,2294.399633
-0.40059,107,2294.610075
3.465154,69,2294.747588
4.955141,63,2294.869351
0.74963,71,2295.011247
4.101878,69,2295.148841
2.645719,71,2295.297951
1.349013,84,2295.471915
4.151984,62,2295.595366
-0.377009,85,2295.763835
0.043131,84,2295.928877
4.818562,67,2296.058417
5.812329,70,2296.199965
5.385042,63,2296.328344
5.529969,63,2296.453592
5.265061,69,2296.593168
5.389569,62,2308.434897
3.120753,60,2308.554907
103.745339,60,2308.680857
3.238009,77,2308.833695
1.295191,84,2308.997936
5.211362,84,2309.167622
5.207638,68,2309.307502
3.894242,69,2309.447933
4.580471,64,2309.592579
4.331457,64,2309.71899
4.05954,66,2309.850668
3.396406,63,2309.971482
0.94082,75,2310.119596
3.978364,61,2310.255278
2.426866,83,2310.422059
2.230794,68,2310.560228
2.755545,79,2310.716739
3.423842,63,2310.843071
101.501972,61,2310.963729
105.09328,61,2311.085835
0.738559,72,2311.24241
2.14633,68,2311.376497
0.301118,88,2311.555212
4.394001,66,2311.688708
3.645759,80,2311.843452
5.156977,61,2311.970246
100.980241,57,2312.084365
3.064666,64,2312.213264
100.101737,64,2312.340908
2.245537,69,2312.476063
3.123112,65,2323.991413
3.82192,66,2324.13817
101.134766,82,2324.298716
1.5934,114,2324.518664
1.444826,71,2324.654268
100.90541,92,2324.836596
101.04389,75,2324.987241
3.626522,62,2325.108079
101.249514,76,2325.257579
100.098354,509,2326.263453
4.478843,64,2326.40744
101.576796,87,2326.584267
2.500358,66,2326.717804
100.507323,67,2326.852443
1.674378,74,2326.997428
1.861785,68,2327.135679
4.935518,66,2327.268593
2.315641,68,2327.429528
2.245103,69,2327.611701
-0.872283,322,2339.821705
100.911677,53,2339.931047
4.191379,65,2340.066691
4.505027,65,2340.198992
104.221154,80,2340.370656
0.338794,72,2340.522575
1.62719,70,2340.663944
2.779732,66,2340.817518
5.853843,64,2340.954057
103.333097,52,2341.061615
3.078225,82,2341.227968
1.918286,72,2341.374872
1.493385,88,2341.562215
3.876402,85,2341.735083
1.212616,73,2341.88364
4.998526,68,2342.026478
2.972677,65,2342.153063
3.752574,73,2342.301894
3.477254,67,2342.431544
-0.291098,199,2342.844675
103.136164,57,2342.962028
103.032371,73,2343.104451
4.966296,64,2343.230787
5.524027,67,2343.364996
4.471383,94,2343.551917
4.780978,68,2343.692793
4.389002,61,2343.816664
4.649764,62,2355.376385
4.675374,64,2355.52056
0.077499,75,2355.674672
1.431305,86,2355.849592
101.210896,55,2355.959555
1.924256,68,2356.100703
3.406823,84,2356.275449
5.134031,82,2356.446881
2.278523,69,2356.589271
3.574226,67,2356.726951
1.423132,89,2356.908548
2.665638,74,2357.064852
1.492857,70,2357.20559
3.212397,75,2357.360857
100.919999,57,2357.47927
2.219176,67,2357.617322
103.263983,78,2357.778039
0.656684,73,2357.931001
3.327892,60,2358.053435
1.458807,67,2358.195924
101.082996,78,2358.357547
3.054991,79,2358.521631
5.568581,68,2358.660071
101.195607,50,2358.762431
2.116334,79,2358.926654
1.99251,72,2359.078567
101.708941,84,2359.25387
3.406949,88,2359.441673
4.058612,64,2370.94837
2.306605,88,2371.139554
-0.478669,148,2371.437189
2.36646,74,2371.589504
3.73273,65,2371.719633
3.839187,68,2371.854166
0.635471,80,2372.019349
-0.915385,105,2372.235885
2.387765,70,2372.381706
1.705132,83,2372.550605
-0.118091,117,2372.782212
-0.389057,113,2373.004274
2.573454,75,2373.149741
1.414324,68,2373.28042
103.192631,65,2373.407849
4.340726,69,2373.546304
0.143645,71,2373.6852
5.505377,62,2373.806068
1.397696,87,2373.979803
100.415526,59,2374.096365
2.309062,76,2374.243148
1.124267,59,2374.358589
2.124592,68,2374.493712
2.933244,76,2374.644729
105.591106,69,2374.780218
101.168973,54,2374.888279
3.035045,64,2375.012991
1.050306,71,2386.552671
3.232439,65,2386.694589
5.028757,65,2386.821825
0.59591,1000,2388.810139
3.696392,90,2388.992393
4.605639,75,2389.138167
4.178233,64,2389.260935
4.406586,62,2389.382895
103.86228,67,2389.519463
103.212082,75,2389.672502
103.756055,75,2389.816764
3.494675,64,2389.941469
3.103851,65,2390.071134
2.261924,71,2390.214515
4.375074,70,2390.351328
0.973962,82,2390.512515
-0.649014,1000,2403.939026
1.996972,76,2404.09222
102.320496,60,2404.215973
4.491565,82,2404.379879
103.846739,59,2404.497852
4.561252,73,2404.640424
2.520171,67,2404.788271
4.416359,73,2404.932782
1.198444,87,2405.107853
5.123897,71,2405.25193
4.484408,62,2405.373111
101.3586,86,2405.540763
1.552685,63,2405.671624
102.23489,68,2405.808364
2.676259,68,2405.942927
3.106638,71,2417.669909
4.016971,114,2417.91534
3.923846,67,2418.046529
102.236913,55,2418.152792
-0.397179,91,2418.339712
2.818016,68,2418.473591
3.796427,64,2418.597834
0.87004,86,2418.772113
2.994534,61,2418.891718
5.228801,64,2419.018063
3.250845,83,2419.184975
1.55046,76,2419.348738
-0.046909,173,2419.699783
4.153797,89,2419.873889
100.412627,54,2419.985527
2.118739,72,2420.131021
4.424925,64,2420.260057
6.159987,70,2420.398647
3.21019,68,2420.532297
100.686773,297,2421.12481
101.682393,87,2421.301868
0.857443,85,2421.471167
1.6986,70,2421.613842
-2.383447,268,2433.438682
1.743454,70,2433.579893
0.858114,131,2433.841228
101.259614,82,2434.010538
0.787071,75,2434.162898
4.623318,66,2434.298714
1.167486,73,2434.44727
5.492415,63,2434.576551
2.472876,69,2434.718038
-0.465025,84,2434.88936
-0.026595,80,2435.050242
104.135567,69,2435.189525
1.917932,61,2435.319005
1.233294,65,2435.448741
-1.289161,97,2435.642034
2.028009,70,2435.780253
1.639828,109,2435.995086
101.797117,65,2436.126114
0.712622,90,2436.30784
-0.058323,1000,2449.55705
2.944249,69,2449.694129
100.20798,66,2449.839808
2.567001,63,2449.963807
3.869441,65,2450.09384
102.703521,57,2450.207851
4.230368,78,2450.365018
104.920064,81,2450.525191
4.80252,73,2450.671449
3.587431,80,2450.830995
3.194892,68,2450.969311
5.247995,71,2451.113338
4.659852,67,2451.249922
4.397381,64,2451.384911
0.888757,73,2451.534334
3.977184,64,2451.668586
2.695317,69,2451.810797
1.857507,70,2451.95632
2.064013,93,2452.149446
0.349791,82,2452.323154
5.112989,70,2452.474334
3.564909,66,2463.854165
2.952503,60,2463.997029
4.797286,63,2464.124373
1.604175,85,2464.295827
4.550352,64,2464.427369
3.71236,65,2464.560596
101.099437,88,2464.738581
-0.538023,151,2465.045561
5.303576,64,2465.176115
0.996005,102,2465.379371
1.8207,85,2465.54715
100.78544,59,2465.663524
105.688958,68,2465.798564
102.479797,70,2465.936115
3.635665,64,2466.064587
4.483897,66,2466.198092
4.549781,88,2466.376527
4.096913,78,2466.530667
3.098182,83,2466.696905
0.836225,78,2466.849694
4.318201,64,2466.982573
4.57455,68,2467.12051
1.197309,69,2467.262418
100.842388,93,2467.449555
102.568347,69,2467.58785
2.35337,81,2467.751827
4.332706,78,2467.922397
3.438955,87,2479.356534
1.771354,92,2479.541538
3.05329,69,2479.695329
2.590813,71,2479.838732
3.927949,64,2479.968439
-0.033105,102,2480.181829
2.50731,70,2480.320875
101.343784,73,2480.466159
0.500922,1000,2482.476155
3.848754,64,2482.604264
2.926598,68,2482.738805
101.233344,72,2482.881143
4.303342,67,2483.013745
-1.554772,98,2483.20432
2.524322,64,2483.331385
5.659371,63,2494.72674
-0.249496,104,2494.935051
2.127455,87,2495.114718
4.549217,63,2495.245953
4.313697,65,2495.378481
-0.242426,193,2495.783212
102.773958,65,2495.911822
-0.193886,99,2496.105261
1.434469,71,2496.248042
3.97507,64,2496.37417
2.937608,67,2496.505802
103.254725,53,2496.607367
5.341847,65,2496.740569
4.761322,71,2496.881152
0.732038,74,2497.027258
101.301745,84,2497.196708
4.534224,72,2497.36185
101.615824,70,2497.501127
101.13655,63,2497.626804
101.084772,41,2497.709973
-0.652399,115,2497.941498
4.704612,63,2498.064823
102.933286,68,2498.200747
102.337146,77,2498.356575
4.284237,67,2498.490278
1.059101,96,2498.684498
100.72538,79,2510.156593
0.540693,77,2510.314157
3.451585,65,2510.446066
106.131031,69,2510.584972
4.261434,68,2510.727484
4.978918,63,2510.856004
1.443594,84,2511.023513
1.943327,70,2511.165523
3.656065,64,2511.298239
5.976659,68,2511.435932
1.334998,89,2511.626408
3.49613,66,2511.76091
4.211867,80,2511.923517
2.54516,69,2512.060401
3.188952,69,2512.198209
3.225878,69,2512.334136
1.939262,86,2512.504607
103.867757,77,2512.66024
1.717481,75,2512.817688
4.034861,67,2512.96624
100.4033,73,2513.10914
2.222801,77,2513.265788
3.535676,88,2513.440747
3.423285,65,2513.572096
101.277636,73,2513.716241
1.891429,70,2513.8546
105.246065,65,2513.986726
4.191566,64,2514.116601
1.896729,70,2514.260755
102.728828,66,2525.763158
-2.625804,109,2525.979371
1.066612,131,2526.244285
5.56372,66,2526.375607
3.677566,64,2526.505754
101.735425,95,2526.69938
2.741714,78,2526.863986
105.067709,65,2526.997278
101.471338,81,2527.157767
3.901141,85,2527.334852
3.043259,67,2527.46869
5.239369,83,2527.637898
1.827671,84,2527.807736
3.553868,77,2527.964456
2.605878,68,2528.1026
-1.613981,113,2528.333433
2.345008,65,2528.466421
4.122385,73,2528.615162
0.592327,89,2528.800893
101.620586,99,2528.997647
104.90516,65,2529.130056
101.975725,48,2529.229898
2.814033,75,2529.381786
3.713723,64,2529.514133
100.013843,7,2529.527852
2.385001,81,2529.68931
3.386865,63,2541.195474
102.102682,67,2541.334362
-0.210843,101,2541.532633
0.72873,84,2541.701379
3.04585,68,2541.842003
1.133555,70,2541.998856
2.033444,73,2542.148516
-0.646539,84,2542.317981
0.001155,75,2542.471571
0.873674,71,2542.611407
0.159692,78,2542.76964
101.988395,60,2542.886075
2.543101,64,2543.0168
2.051332,59,2543.137471
3.672486,69,2543.269774
2.13201,70,2543.408319
4.208082,85,2543.588567
1.778303,64,2543.714546
-0.271023,99,2543.907841
0.30751,230,2544.379911
101.00224,60,2544.498879
101.462244,69,2544.63931
3.463182,63,2544.764137
103.57778,70,2544.903366
2.989428,63,2545.036876
1.380004,80,2545.20538
5.159466,63,2556.56787
103.674393,70,2556.706587
103.203328,61,2556.826581
100.753555,81,2556.999428
2.916004,62,2557.121413
4.919744,157,2557.433978
3.749009,64,2557.561047
2.430057,68,2557.697374
101.398664,77,2557.851285
2.098894,66,2557.983738
4.508621,95,2558.174253
101.154123,87,2558.345591
0.777723,74,2558.492214
1.400312,72,2558.635972
4.326404,64,2558.763958
1.144527,93,2558.94992
4.311674,69,2559.087351
101.94724,54,2559.194093
6.03543,64,2559.324331
105.376956,73,2559.472936
0.65062,86,2559.646561
101.101971,67,2559.781888
1.00709,96,2559.976394
3.899704,71,2560.117675
103.455547,66,2560.266883
4.23862,72,2560.40765
2.603919,73,2560.554299
2.784237,61,2560.674891
1.872214,76,2572.123482
-0.088667,78,2572.283051
3.570559,67,2572.418238
1.936728,75,2572.570051
3.599795,71,2572.712916
100.796042,86,2572.884804
2.513098,64,2573.015178
1.291685,71,2573.174343
1.685033,72,2573.320394
2.138209,69,2573.461454
3.381634,65,2573.593479
1.188528,82,2573.756749
0.360959,76,2573.91012
3.911084,72,2574.055285
-0.042537,93,2574.26608
3.705836,61,2574.390755
3.499792,67,2574.524729
2.258199,70,2574.665889
-0.288388,110,2574.882037
4.396316,67,2575.017205
1.438707,74,2575.167684
1.873104,73,2575.31075
-0.70969,111,2575.531346
3.834209,85,2575.719288
3.517071,66,2575.850864
2.691982,68,2575.986458
2.767105,61,2576.121122
4.197309,59,2587.508836
4.510189,180,2587.86513
5.469935,81,2588.029423
101.988232,56,2588.138451
3.976168,62,2588.263809
3.108545,67,2588.3947
4.746556,73,2588.541071
5.699797,87,2588.711359
2.698953,80,2588.870515
4.312584,64,2588.996222
102.002725,70,2589.137083
4.051084,66,2589.269625
5.827979,77,2589.425832
3.269247,66,2589.553328
2.31161,71,2589.694782
1.375201,73,2589.843689
2.53542,69,2589.982666
0.49077,1000,2603.326771
100.698617,86,2603.504405
3.449722,63,2603.631231
101.098429,88,2603.819458
3.134778,67,2603.972891
1.453797,82,2604.137987
101.08836,54,2604.245571
-0.152402,123,2604.495674
1.701771,69,2604.635804
4.991177,81,2604.797554
5.6386,60,2604.918756
1.352765,75,2605.07224
0.944271,103,2605.284125
3.310933,87,2605.48009
2.958602,77,2605.633793
1.607627,63,2605.764323
5.331135,79,2605.91787
1.21768,73,2606.068179
101.860655,65,2606.20028
3.091504,62,2606.331507
2.060218,69,2606.476183
103.160524,71,2606.61888
1.063382,73,2606.766514
102.900387,61,2606.891279
2.900437,106,2618.443769
0.169624,1000,2620.474882
2.92699,75,2620.625312
3.307645,65,2620.755891
103.067775,62,2620.876952
3.101729,69,2621.015033
3.826522,75,2621.164878
3.978875,60,2621.284713
1.024665,74,2621.432184
2.173028,61,2621.556648
4.86673,63,2621.682796
2.846053,61,2621.802712
2.529171,66,2621.935621
2.896946,71,2622.077853
-1.126802,98,2622.272067
1.693619,77,2622.421245
1.661213,77,2633.985937
-0.479676,190,2634.3875
3.225552,87,2634.581543
-0.041618,89,2634.7639
4.956313,63,2634.896199
3.326991,70,2635.048974
5.206412,72,2635.19894
100.832139,95,2635.396438
-1.063007,123,2635.651712
2.665722,74,2635.80449
5.114023,84,2635.978959
103.254797,62,2636.107743
102.015936,64,2636.247005
103.002322,55,2636.368004
2.602375,64,2636.503608
2.033242,76,2636.666068
4.485076,64,2636.799217
4.067939,77,2636.961613
101.43997,57,2637.082603
5.554733,75,2637.236086
2.626139,78,2637.411317
0.870373,121,2637.654447
103.915584,67,2637.78876
1.815287,81,2637.958341
5.669379,61,2638.089324
3.245599,67,2638.225821
103.491709,59,2649.58567
0.484239,84,2649.759442
102.209552,65,2649.892973
3.365542,67,2650.034335
0.169731,77,2650.197532
100.929095,56,2650.311478
101.188349,55,2650.427808
-0.135495,76,2650.590724
100.219409,74,2650.741334
1.402564,72,2650.888459
100.383202,45,2650.979745
101.910812,47,2651.076933
101.165382,83,2651.252506
4.639278,70,2651.39709
0.426016,202,2651.80778
0.581879,87,2651.986559
2.299648,63,2652.112537
4.5857,65,2652.246162
3.83171,62,2652.372427
1.038034,82,2652.547445
101.292621,47,2652.644343
2.394752,71,2652.794294
1.513477,73,2652.943943
2.825361,72,2653.086455
5.387454,62,2653.214973
2.997165,73,2653.364923
0.283242,78,2653.52317
3.106781,81,2653.704936
1.998153,73,2665.298326
100.672316,46,2665.389823
1.136283,70,2665.54193
1.97933,63,2665.673384
5.053886,79,2665.852435
3.012104,78,2666.011713
0.173318,83,2666.192243
1.409107,69,2666.336385
1.492788,98,2666.542469
2.022093,90,2666.723584
103.536399,69,2666.867416
2.042066,71,2667.010072
3.483114,85,2667.184339
103.369683,71,2667.332118
1.988007,72,2667.49365
0.574418,74,2667.646374
2.954891,75,2667.80389
1.606833,126,2668.064945
2.737325,69,2668.203289
102.001058,44,2668.291027
1.612482,63,2668.41936
104.230368,60,2668.546403
1.293335,74,2668.697064
102.139156,56,2668.812779
3.444019,61,2668.935422
0.909651,74,2669.08974
4.244524,64,2669.222817
5.322522,77,2669.382869
4.424504,67,2680.75341
4.615835,65,2680.881762
1.807604,60,2681.004253
1.114511,138,2681.29434
0.38327,1000,2683.310862
5.594583,67,2683.44363
106.286819,71,2683.581403
4.11552,94,2683.765395
4.384583,64,2683.891705
104.509196,58,2684.004176
3.493894,66,2684.135039
0.434128,78,2684.286921
0.837309,92,2684.465138
5.529391,89,2684.651081
2.364138,68,2696.023183
1.536533,71,2696.167104
4.953607,75,2696.318541
100.855366,106,2696.536551
1.059343,91,2696.745069
-0.1429,95,2696.942255
103.686391,57,2697.058261
101.327021,85,2697.239204
0.037516,85,2697.41863
1.881497,132,2697.688962
101.989495,83,2697.861392
2.490519,59,2697.983338
4.403984,89,2698.170502
0.908847,74,2698.339514
4.140667,77,2698.491003
4.514065,112,2698.712258
102.543923,55,2698.820326
100.745575,68,2698.95524
103.491011,61,2699.075952
100.692271,62,2699.196102
101.133557,125,2699.435666
1.71172,87,2699.602733
102.816088,78,2699.753455
102.13298,115,2699.978867
3.192398,84,2700.147564
3.803018,66,2711.536509
3.905586,65,2711.66352
103.945491,60,2711.781149
-0.383733,89,2711.957955
0.278986,86,2712.146529
-1.41956,128,2712.406138
2.59375,73,2712.553584
5.807568,65,2712.68151
0.165853,86,2712.858142
3.766471,62,2712.980154
2.237588,70,2713.120234
101.26536,92,2713.298784
3.855163,66,2713.428371
0.136228,1000,2715.384598
2.016495,71,2726.816263
3.955986,65,2726.949754
0.957245,94,2727.136679
0.482317,75,2727.287239
3.786162,93,2727.473824
0.891097,105,2727.700736
-0.500394,88,2727.889517
2.891969,81,2728.058027
0.666117,1000,2730.071141
-0.495596,92,2730.256176
0.953275,90,2730.431153
4.223723,72,2730.571588
2.194071,66,2730.697919
4.830625,66,2730.841792
102.341805,61,2742.348644
-0.483897,81,2742.532148
0.652857,76,2742.688156
100.815932,36,2742.764801
3.63462,81,2742.919373
1.523207,65,2743.04906
2.14298,69,2743.187998
101.540057,69,2743.324352
3.156208,67,2743.46043
105.303601,75,2743.608914
1.487505,73,2743.751974
4.657928,63,2743.873945
1.707717,65,2743.99899
102.295817,73,2744.142241
0.939534,72,2744.287462
2.041869,71,2744.433923
3.660656,90,2744.617984
0.40716,1000,2757.972841
2.360516,70,2758.115379
3.280316,61,2758.239207
4.390144,59,2758.359314
0.650677,179,2758.738528
102.102957,46,2758.837631
3.255431,63,2758.958214
1.238159,84,2759.12728
3.003898,89,2759.301669
101.04248,86,2759.471047
2.559808,74,2759.616799
0.059311,339,2760.305104
1.773632,66,2760.442786
1.541936,87,2760.617672
2.752982,60,2760.741687
2.363606,90,2760.929586
1.479226,86,2761.107294
4.012873,67,2761.259875
100.280956,30,2761.322499
3.96541,84,2761.494086
101.954849,40,2761.57802
2.351013,69,2761.724073
1.957539,67,2761.856829
3.082895,90,2773.176274
0.140233,79,2773.343228
0.38258,1000,2775.298668
2.229843,69,2775.435529
-0.606251,116,2775.667002
101.981791,69,2775.800956
4.30378,63,2775.920973
100.404983,94,2776.113003
0.893027,96,2776.30623
4.950293,68,2776.445266
3.979838,74,2776.59894
-1.832904,109,2776.826015
4.473426,82,2776.991886
100.688749,53,2777.103633
2.343695,62,2788.564783
1.895017,137,2788.8416
4.725887,70,2788.981647
3.334775,67,2789.113145
101.4154,94,2789.298727
0.375473,85,2789.464525
3.324227,65,2789.596934
5.208186,69,2789.730318
100.986258,69,2789.868798
1.014471,944,2791.722519
103.068727,56,2791.834294
0.539269,101,2792.028083
3.896925,65,2792.157861
2.20221,78,2792.313369
101.057001,77,2792.48493
2.205539,79,2803.963709
5.212672,83,2804.124962
2.026716,70,2804.272023
1.761644,87,2804.441865
5.204053,63,2804.573318
-0.329269,1000,2806.586451
100.763784,85,2806.75422
0.996058,76,2806.904976
2.024284,69,2807.038512
3.090654,73,2807.191217
1.993551,66,2807.318175
4.503133,62,2807.437665
3.831329,87,2807.609536
0.914799,72,2807.757712
0.672664,82,2807.930294
1.760123,82,2819.599084
1.566004,79,2819.75862
0.938655,76,2819.914535
101.264029,92,2820.101619
101.372846,89,2820.28579
1.969814,71,2820.429894
1.031065,73,2820.58224
0.774923,78,2820.744929
3.993836,60,2820.861863
1.180592,158,2821.180388
5.615526,70,2821.330118
1.012144,72,2821.47453
2.560269,59,2821.594523
2.713393,61,2821.723034
101.209469,74,2821.876133
1.34365,80,2822.044582
1.514979,70,2822.188533
102.350733,57,2822.305676
1.562145,92,2822.492877
-0.521684,80,2822.659551
4.549897,73,2822.824693
2.078353,71,2822.964799
5.472353,62,2823.084328
0.845988,65,2823.212239
101.413409,62,2823.331758
3.831463,67,2823.46219
1.773718,89,2823.634506
2.790963,66,2834.996164
102.678801,57,2835.107347
101.589108,114,2835.32634
0.422028,85,2835.490934
3.659176,64,2835.616996
3.711827,84,2835.781211
4.364813,60,2835.900587
103.617754,72,2836.050104
103.697076,74,2836.194447
2.81215,67,2836.325747
1.752711,95,2836.517315
1.144852,70,2836.655227
3.64621,69,2836.791167
1.829233,69,2836.931468
3.427693,68,2837.071177
4.448402,60,2837.187312
2.45631,67,2837.319166
100.72333,99,2837.519431
102.913134,49,2837.618953
103.378236,64,2837.746152
4.595313,67,2837.878961
1.422371,88,2838.05795
3.006148,69,2838.20149
1.141616,74,2838.354547
3.247146,68,2838.494634
1.734244,71,2838.640846
2.401764,69,2838.782629
100.856612,76,2838.965386
2.422209,71,2850.289623
2.428313,69,2850.434573
103.81114,60,2850.559403
100.091531,50,2850.673003
4.192455,75,2850.822473
103.498747,78,2850.983832
1.534534,68,2851.124034
3.128949,79,2851.284531
1.837596,94,2851.478321
102.922245,68,2851.616821
2.35736,59,2851.739328
-1.882596,140,2852.027818
-0.115609,115,2852.258476
3.234075,78,2852.416828
0.669869,132,2852.686209
2.23845,63,2852.814247
3.06422,67,2852.968831
2.399166,91,2853.153429
2.108097,71,2853.292104
3.924412,76,2853.447704
1.819302,70,2853.582786
2.049096,109,2853.791617
101.987806,69,2853.925931
2.647357,70,2854.062934
100.983871,57,2854.174048
1.658565,83,2854.334307
1.320803,73,2865.91228
2.829817,70,2866.053754
5.210544,83,2866.218521
0.730644,77,2866.37185
0.911706,126,2866.637738
3.226156,64,2866.762215
101.4579,57,2866.871227
1.180889,74,2867.019854
2.945666,72,2867.158603
4.455349,63,2867.278283
2.664521,76,2867.428444
2.230225,71,2867.571717
4.045798,65,2867.697809
4.380032,95,2867.92865
101.728487,95,2868.181382
101.959549,44,2868.268981
4.591724,64,2868.397997
2.360145,69,2868.532452
101.218676,104,2868.733317
4.327179,61,2868.853778
-2.213728,159,2869.161331
2.782948,80,2869.320621
4.781022,61,2869.437221
1.520036,63,2869.561343
4.81586,79,2869.715589
1.182009,78,2869.892604
101.942186,75,2881.604336
2.61101,69,2881.744255
3.804543,83,2881.907255
4.923432,63,2882.029253
101.054248,76,2882.178128
1.292612,90,2882.370323
3.069862,61,2882.489316
101.762059,49,2882.587365
102.49129,51,2882.692283
3.426539,107,2882.925143
-0.269359,1000,2884.995706
3.554108,68,2885.135634
3.904896,64,2885.266584
101.222227,53,2885.373213
-0.789211,85,2885.544538
3.632347,87,2885.734915
4.659255,95,2897.175536
102.336031,61,2897.298156
4.218083,91,2897.485536
3.211064,70,2897.64191
4.475537,62,2897.763109
101.076392,181,2898.116899
101.886416,61,2898.238275
-0.139991,205,2898.642756
1.667903,75,2898.789345
4.724049,71,2898.930715
1.567854,74,2899.074719
1.689969,67,2899.229254
4.591456,68,2899.361385
4.657763,68,2899.492568
101.192407,75,2899.640959
2.70347,68,2899.775572
0.592419,90,2899.949086
4.341757,97,2900.140207
3.088486,66,2900.267761
2.297255,60,2900.38977
105.914817,80,2900.545561
2.409114,71,2900.68476
3.794553,73,2900.82602
101.508607,65,2900.971414
3.468968,67,2901.103787
0.816495,74,2912.511119
101.075394,65,2912.640776
1.480836,715,2914.080439
-1.252553,909,2915.927253
1.903709,71,2916.082702
2.619686,66,2916.217425
1.56128,89,2916.396831
3.062802,66,2916.532827
3.793153,65,2927.873201
3.996795,64,2928.044586
2.265106,87,2928.2584
1.085066,73,2928.397839
4.343398,64,2928.522717
4.354177,63,2928.649614
3.005613,69,2928.786486
2.020073,71,2928.928664
3.483779,66,2929.057364
102.948191,49,2929.149379
3.314975,60,2929.263568
1.36152,82,2929.429657
3.927782,69,2929.561492
4.216669,71,2929.702717
2.361149,84,2929.865878
1.396957,79,2930.022233
3.133502,91,2930.201465
4.623709,88,2930.371125
2.288747,78,2930.521
2.679291,93,2930.700058
4.331141,85,2930.864674
101.794503,66,2930.993234
-1.563249,275,2931.534021
4.765714,70,2931.668916
4.868995,66,2931.793754
1.208535,63,2943.175936
2.679304,63,2943.316553
104.358434,67,2943.455202
1.497692,85,2943.632014
1.652865,78,2943.797004
2.848486,76,2943.94479
0.731493,76,2944.093508
105.236837,85,2944.260779
3.494222,64,2944.385121
101.61916,86,2944.555856
3.212057,67,2944.686652
4.038392,69,2944.833115
0.696838,1000,2946.895736
104.554054,72,2947.037599
1.611933,87,2947.207156
1.984419,64,2958.500747
1.624061,74,2958.646268
1.786861,71,2958.782313
4.570617,80,2958.954018
100.79796,51,2959.056534
5.225763,62,2959.177182
-0.340312,78,2959.330087
4.368481,62,2959.44952
103.580569,53,2959.557121
3.732247,60,2959.674855
2.218799,78,2959.830939
4.143094,92,2960.010742
2.589421,71,2960.150562
0.158057,74,2960.29525
101.668118,65,2960.420218
3.772368,63,2960.543394
3.865935,67,2960.677251
1.800845,72,2960.820236
5.590852,69,2960.969346
3.160984,65,2961.096484
1.77758,94,2961.281375
3.674806,60,2961.397413
3.236272,86,2961.565363
4.352423,69,2961.70073
0.6927,1000,2974.968366
4.866236,90,2975.148163
2.032382,66,2975.282564
5.541604,63,2975.416129
101.325881,64,2975.543981
0.704509,124,2975.798349
2.875768,70,2975.932037
2.539784,66,2976.060492
2.978169,72,2976.200567
2.3995,91,2976.374322
103.084103,65,2976.523737
1.202723,70,2976.665182
4.228905,62,2976.788558
2.324756,74,2976.93292
2.158224,61,2977.050542
2.771486,81,2977.222471
0.97401,81,2977.376629
1.029463,94,2977.566272
101.342049,88,2977.736564
2.805318,67,2989.045704
2.031085,76,2989.20543
5.008806,76,2989.365169
-2.452216,342,2990.059672
103.621402,54,2990.170877
1.378773,83,2990.332144
2.855729,80,2990.492065
101.402211,105,2990.708078
4.556556,64,2990.841103
1.580816,74,2990.9916
4.283686,68,2991.128123
101.19849,792,2992.709135
100.798886,71,2992.851113
102.408991,73,2993.001182
1.887336,71,2993.144072
0.221153,139,3004.787241
3.241463,60,3004.905332
4.52327,71,3005.044544
2.103436,70,3005.182482
2.437147,71,3005.323967
-1.975573,126,3005.569324
4.801523,82,3005.728534
4.770192,67,3005.877418
1.380057,72,3006.02055
3.888173,71,3006.161879
100.781724,54,3006.266292
2.725763,69,3006.40309
3.110688,62,3006.523741
-0.016278,87,3006.700389
4.843567,94,3006.887957
5.069834,61,3007.008885
5.626839,64,3007.134878
2.699209,70,3007.271891
3.825093,68,3007.405945
1.8235,69,3007.544823
3.39538,70,3007.682887
3.651411,65,3007.810912
3.277106,65,3007.937072
3.676009,76,3008.10783
-0.336544,90,3008.280865
5.831885,66,3008.412333
4.00789,62,3008.541693
4.256123,63,3019.963029
0.135213,89,3020.1368
4.278514,80,3020.291689
4.342883,82,3020.449131
105.689335,74,3020.594923
101.387878,81,3020.755863
2.313736,62,3020.876682
0.988391,95,3021.081917
100.879462,56,3021.195403
104.044558,81,3021.36151
1.592395,68,3021.498866
4.79604,80,3021.665302
3.23168,67,3021.803986
0.315756,72,3021.952522
4.483931,64,3022.083302
0.437692,100,3022.300642
3.876871,65,3022.428051
5.82174,76,3022.579593
2.880052,63,3022.704663
1.366883,153,3023.011079
3.918833,73,3023.156899
2.114715,69,3023.290399
4.974288,62,3023.414392
1.151906,67,3023.552152
2.887853,69,3023.687157
6.226038,79,3023.840315
0.5148,83,3024.004425
2.347187,76,3035.481293
2.962064,65,3035.616788
105.764151,72,3035.76833
1.39446,70,3035.912509
2.480848,81,3036.080126
100.84978,79,3036.248122
1.224014,93,3036.441309
1.055493,92,3036.645822
-0.295177,133,3036.918769
3.909562,89,3037.094675
1.899452,71,3037.234058
0.044342,77,3037.390706
5.625721,62,3037.513406
2.366728,69,3037.650656
3.832423,75,3037.800639
4.117585,71,3037.939684
101.018211,54,3038.045605
4.63033,64,3038.171764
103.043456,50,3038.269982
2.645942,67,3038.402469
-0.155945,183,3038.763013
103.450304,60,3038.885828
2.926842,68,3039.036449
3.183908,61,3039.159471
5.22972,65,3039.287112
2.294442,69,3039.429437
2.486728,70,3050.930568
4.209667,66,3051.078201
2.705446,65,3051.213235
1.60989,66,3051.342988
4.635701,63,3051.476153
1.386108,71,3051.619424
0.614204,72,3051.759591
102.958498,71,3051.899838
3.216912,62,3052.024234
1.055076,76,3052.181403
-1.996011,122,3052.437347
2.875215,60,3052.556515
3.028175,69,3052.693502
100.919191,28,3052.751734
1.403064,61,3052.871914
101.255816,58,3052.991056
4.844686,69,3053.12504
3.614603,63,3053.250271
3.871717,69,3053.387622
0.743077,96,3053.576193
101.78927,72,3053.720363
103.19952,58,3053.836866
3.381301,66,3053.966897
3.236766,78,3054.123832
5.146735,63,3054.245304
101.402641,60,3054.365644
3.926184,71,3054.504403
102.176718,46,3054.595542
101.108546,80,3054.751276
4.332244,99,3054.961382
4.518918,64,3066.260255
-0.83513,104,3066.474555
1.498369,66,3066.60899
101.4822,97,3066.825639
-1.840439,95,3067.024093
4.410886,63,3067.152269
5.109691,63,3067.283927
4.339399,65,3067.420479
3.725121,74,3067.574563
2.244389,94,3067.772618
4.71612,68,3067.927327
3.953461,65,3068.062192
1.842693,71,3068.211031
101.12842,66,3068.345102
100.806709,182,3068.712141
2.873227,86,3068.881858
1.738708,71,3069.022553
100.75632,72,3069.163748
1.781067,76,3069.314296
102.755235,73,3069.45928
101.470646,76,3069.611018
5.717282,63,3069.739244
1.903662,79,3069.901926
-1.870859,134,3070.180721
0.095045,79,3070.343663
104.049034,55,3081.677322
4.518885,78,3081.83363
1.072877,71,3081.980951
4.634118,68,3082.121799
1.839431,92,3082.31118
3.735867,70,3082.461608
1.649321,68,3082.601628
4.022202,67,3082.742437
102.162242,69,3082.890768
1.531084,101,3083.086185
3.714314,64,3083.211522
101.852258,63,3083.335428
1.94995,65,3083.46332
2.769646,88,3083.635309
2.591598,82,3083.795299
-2.698896,481,3084.763894
4.598567,80,3084.918464
0.301681,71,3085.060806
0.838664,89,3085.237753
0.876866,83,3085.403251
0.898099,64,3085.528301
104.067913,55,3085.635143
101.881557,79,3097.076324
-2.383981,106,3097.28211
2.879398,100,3097.476145
0.438325,101,3097.68121
2.07223,71,3097.820158
1.345472,73,3097.962803
3.963885,69,3098.096823
1.486694,63,3098.218491
1.859314,70,3098.353984
2.709842,93,3098.537711
2.288037,65,3098.68319
1.8145,80,3098.836691
5.921816,71,3098.971945
0.379936,547,3100.055541
105.044328,60,3100.19615
103.020403,79,3100.348186
-1.908783,174,3100.691085
2.190687,73,3100.835458
5.735872,73,3100.980799
4.585119,85,3112.45973
0.676441,117,3112.706371
1.896425,61,3112.843244
3.389928,66,3112.98008
5.178052,65,3113.111671
2.464791,61,3113.241084
3.127702,70,3113.39222
102.801055,67,3113.533733
4.891016,60,3113.662863
5.261181,66,3113.802734
5.120857,70,3113.950945
101.391172,40,3114.037336
0.869073,78,3114.197089
1.076563,78,3114.359656
2.022857,70,3114.503437
-0.360361,94,3114.70169
4.487246,87,3114.877233
1.914587,76,3115.038514
1.222861,70,3115.181348
-0.069031,81,3115.347991
5.46988,62,3115.475386
4.289293,73,3115.624644
103.117737,50,3115.7273
5.144281,67,3115.868637
102.158356,54,3115.977154
4.301987,68,3116.118886
101.50977,58,3116.242118
3.36961,61,3116.367592
3.284716,85,3116.541033
-0.143787,98,3127.94088
102.343549,80,3128.105827
2.402512,87,3128.282546
2.523866,65,3128.416727
3.313145,85,3128.607919
101.460128,87,3128.78919
102.346434,71,3128.936399
1.689086,91,3129.125345
101.78684,91,3129.312912
3.011913,76,3129.467885
5.038105,71,3129.616792
3.372366,90,3129.80088
3.795717,66,3129.933594
2.382613,70,3130.085317
1.987349,72,3130.228127
4.409878,85,3130.396838
0.526362,77,3130.548269
3.081505,66,3130.677959
4.246865,84,3130.86161
3.681672,98,3131.060843
101.434477,65,3131.193123
6.041494,64,3131.323368
3.686315,81,3131.492205
0.63171,80,3131.655697
100.80296,66,3131.79127
4.778245,70,3131.935706
2.912076,69,3132.077954
103.374234,71,3143.435967
3.523871,67,3143.577768
102.668882,68,3143.718583
4.535841,62,3143.848754
2.805675,63,3143.979577
1.766499,68,3144.119258
0.575375,90,3144.313585
103.140913,75,3144.463003
4.540078,67,3144.595546
3.215495,67,3144.724914
-1.001165,112,3144.942521
2.301875,60,3145.065398
-0.400818,94,3145.259856
5.199833,86,3145.438655
4.432073,60,3145.564368
4.784542,74,3145.711467
5.92292,84,3145.88373
3.767192,86,3146.062325
5.010335,86,3146.249265
2.320532,69,3146.387311
2.765655,62,3146.517076
5.377385,61,3146.641093
4.93668,70,3146.791203
3.327097,75,3146.946101
1.922084,103,3147.169877
5.905715,78,3147.334054
4.365443,71,3147.477338
-0.461756,91,3158.900211
2.023018,63,3159.026005
3.770789,60,3159.155758
-0.396558,86,3159.323413
4.474704,63,3159.448498
101.138948,71,3159.586488
0.260238,94,3159.76964
3.151959,67,3159.902772
101.442472,89,3160.078937
4.070968,64,3160.20275
3.493644,71,3160.344347
4.906597,85,3160.512247
3.51367,68,3160.64851
3.550176,68,3160.780751
4.993304,68,3160.920761
104.471154,57,3161.035381
1.614075,70,3161.176484
3.620043,97,3161.373031
100.730447,105,3161.585982
1.021833,73,3161.7338
105.932883,64,3161.865913
3.547552,92,3162.056823
1.051971,101,3162.26571
0.114741,82,3162.43477
4.977263,65,3162.566832
2.036851,98,3162.783504
102.652297,67,3174.141996
5.115475,67,3174.275484
1.893448,71,3174.421796
3.944419,64,3174.553758
3.385472,65,3174.695236
3.406297,73,3174.844722
1.89508,72,3174.984444
3.831376,68,3175.117556
2.433515,69,3175.258418
4.950404,63,3175.384796
0.696489,182,3175.741719
2.468766,69,3175.888596
4.761202,70,3176.038402
2.04592,69,3176.18681
4.767178,62,3176.314459
1.2235,77,3176.462643
1.82627,68,3176.594893
2.250494,71,3176.730722
101.49215,82,3176.889017
102.582045,48,3176.98238
101.330641,82,3177.146485
2.022738,76,3177.295225
2.523481,68,3177.42567
2.92362,62,3177.547441
3.525306,66,3177.675319
101.843586,86,3177.84416
3.161653,67,3177.975846
4.775751,65,3178.103148
3.875431,68,3189.597629
2.621843,61,3189.728514
101.46427,40,3189.810715
1.700819,90,3189.997278
2.477377,81,3190.164196
3.231399,60,3190.2862
2.605355,69,3190.425382
4.817308,63,3190.556161
2.368229,76,3190.725892
100.822738,274,3191.299664
102.433798,70,3191.443124
0.584606,84,3191.616313
4.391813,67,3191.759446
104.059409,57,3191.874892
1.123057,82,3192.048768
4.888897,66,3192.18527
1.776981,83,3192.350945
3.606043,64,3192.48336
3.92228,71,3192.632063
100.871541,73,3192.80167
104.066327,58,3192.921388
4.222333,68,3193.06231
2.544231,89,3193.245177
1.803695,77,3193.404678
2.153932,69,3193.543458
100.617865,65,3193.677924
2.998568,70,3193.822639
2.551807,65,3205.157711
1.430819,65,3205.303156
2.020328,69,3205.440225
1.416103,74,3205.586691
1.930939,68,3205.721795
2.948573,65,3205.851052
1.964304,89,3206.029289
100.70564,109,3206.253548
103.141048,72,3206.399567
2.731409,106,3206.616726
103.191257,82,3206.786323
0.948226,84,3206.961423
104.002781,72,3207.112565
0.697913,79,3207.271887
4.421114,68,3207.407848
2.364543,71,3207.551128
100.756785,77,3207.712188
2.783523,61,3207.84183
5.003425,69,3207.994659
-0.831898,102,3208.208164
3.335197,65,3208.339489
1.213272,78,3208.496583
4.194261,80,3208.656826
1.739872,73,3208.810116
5.964946,64,3208.943824
1.854129,70,3209.088876
101.716223,81,3209.257584
102.409107,59,3220.554625
3.337396,60,3220.674457
101.096393,68,3220.817816
2.10837,68,3220.957978
1.18187,65,3221.098513
100.782762,84,3221.275144
100.616604,110,3221.500571
4.860861,78,3221.662593
3.133929,68,3221.805838
1.608688,88,3221.983756
4.927664,61,3222.11131
1.627017,61,3222.232893
0.204747,86,3222.408711
101.934483,97,3222.609354
4.095521,65,3222.739693
0.842975,90,3222.926498
2.807552,68,3223.067729
2.364573,68,3223.208562
5.544249,68,3223.34381
101.086716,42,3223.427446
3.117372,69,3223.565607
100.183706,59,3223.680357
0.910364,70,3223.817362
103.391752,54,3223.924248
0.749655,300,3224.538026
4.414402,74,3235.895528
101.595911,82,3236.068325
2.133166,71,3236.223399
3.812066,75,3236.373775
4.636981,68,3236.506433
103.309547,75,3236.655838
5.418084,63,3236.777809
0.3752,81,3236.945288
0.460644,1000,3238.971115
101.100705,79,3239.137096
3.135178,61,3239.265705
0.257459,82,3239.435775
0.086195,88,3239.619528
-0.713059,392,3251.783701
100.661173,79,3251.944541
4.738127,84,3252.115595
100.227644,64,3252.247752
3.790273,68,3252.387396
0.141619,159,3252.722761
-0.367928,160,3253.053785
5.442658,87,3253.233178
3.956806,63,3253.360995
4.993222,79,3253.524861
0.163321,89,3253.706764
2.230121,70,3253.844723
-0.398841,106,3254.056808
2.911258,67,3254.186918
2.470464,60,3254.301912
100.991203,80,3254.459379
4.62882,60,3254.578048
4.454854,61,3254.695977
101.056863,89,3254.869176
2.846545,62,3254.989746
103.11212,66,3255.118979
3.297085,66,3255.250262
100.962761,58,3255.361881
1.497539,70,3255.499486
104.77314,75,3266.933745
0.193818,86,3267.104407
103.663861,76,3267.258471
1.198673,86,3267.434879
0.472348,78,3267.599613
2.471348,65,3267.742881
103.991427,76,3267.904331
100.727204,65,3268.036892
3.537512,77,3268.196531
101.226313,55,3268.308375
2.369031,63,3268.440387
2.096939,61,3268.56518
3.614034,70,3268.711731
1.463436,76,3268.865255
4.769541,67,3269.02445
104.793717,60,3269.148758
0.390732,92,3269.334589
101.612121,82,3269.506587
-1.557153,262,3270.039836
2.128084,73,3270.187786
101.225158,84,3270.362885
101.740083,64,3270.499053
-0.321884,120,3270.761048
3.191686,66,3270.899287
3.604829,65,3271.029043
1.372051,122,3282.552655
102.672013,74,3282.706411
1.633233,74,3282.85843
1.487796,72,3283.009742
6.030857,65,3283.148535
4.47104,71,3283.294861
3.509972,82,3283.466313
101.865883,64,3283.596091
1.857009,73,3283.749619
4.202876,71,3283.893416
3.535179,66,3284.034409
100.82104,46,3284.131627
1.433055,92,3284.321253
1.447774,72,3284.47014
3.656716,66,3284.600309
104.338093,69,3284.746976
103.300735,74,3284.88932
1.02099,83,3285.051948
103.983739,56,3285.160352
101.48194,65,3285.28761
1.238773,83,3285.448907
1.059622,74,3285.59143
101.151131,80,3285.747959
1.361745,73,3285.8876
4.15044,72,3286.036913
101.145487,78,3286.200035
5.049923,71,3286.336879
3.569355,65,3286.462153
1.119055,77,3297.899113
2.652828,68,3298.038965
1.313586,71,3298.181768
2.918757,68,3298.318995
101.032367,78,3298.495013
4.194037,64,3298.628163
101.992284,52,3298.737654
3.262054,75,3298.892702
101.936212,42,3298.973972
2.484081,68,3299.106475
0.580126,80,3299.259981
100.671492,81,3299.428033
3.370637,70,3299.565625
3.167785,91,3299.743336
101.324759,63,3299.868841
103.948958,59,3299.989311
0.341924,81,3300.152845
5.204534,65,3300.282387
4.657458,65,3300.41281
0.915081,70,3300.550033
100.576251,74,3300.696264
100.961107,81,3300.857586
3.212845,68,3300.998301
3.461713,61,3301.11973
4.244817,72,3301.267825
1.838453,61,3301.391188
-1.290036,89,3301.572647
101.13286,97,3301.774478
3.417853,67,3313.173281
0.852633,76,3313.321566
1.804372,71,3313.468757
2.756374,73,3313.616777
4.205236,66,3313.750919
4.431832,64,3313.883148
2.195092,65,3314.01834
2.179187,70,3314.159143
102.489616,72,3314.301044
4.625251,65,3314.432246
100.148538,11,3314.454952
0.890856,1000,3316.5169
104.199247,59,3316.640825
1.765061,90,3316.825135
1.679584,97,3317.022091
3.683963,72,3317.170597
1.213369,116,3328.648786
105.723071,64,3328.796084
4.651913,64,3328.926343
2.394228,75,3329.082765
101.145041,73,3329.236296
101.542671,64,3329.366516
103.584178,80,3329.527293
3.282287,81,3329.691797
1.923749,63,3329.823595
2.945322,70,3329.966536
3.174945,77,3330.12815
2.415186,86,3330.309301
-0.200724,81,3330.47484
2.391779,60,3330.611052
2.12987,71,3330.754842
102.82202,65,3330.889239
0.391855,207,3331.316565
1.996154,59,3331.439344
4.178405,66,3331.575383
5.298686,65,3331.709615
1.08878,69,3331.85168
3.879019,80,3332.015462
101.063342,82,3332.184248
3.154612,91,3332.389416
4.51125,74,3332.542274
100.744395,87,3332.724473
2.717711,70,3344.168367
5.296642,87,3344.342633
5.097127,60,3344.461053
0.79378,107,3344.664709
2.942668,78,3344.837178
1.328894,77,3344.99459
3.932343,66,3345.128823
105.666913,63,3345.25488
2.538755,74,3345.40528
2.58146,68,3345.542671
104.588557,83,3345.715966
101.955393,46,3345.810645
1.492188,63,3345.939381
4.616519,65,3346.072736
4.492421,68,3346.21569
5.163485,86,3346.395722
-1.159251,237,3346.88841
3.354783,65,3347.0234
102.352833,72,3347.171557
2.338642,81,3347.339637
5.15073,61,3347.470608
1.881944,84,3347.645394
4.324686,87,3347.830303
-0.782659,103,3348.043681
1.22145,60,3348.166814
4.365663,76,3348.325128
3.647495,62,3359.669882
5.657812,62,3359.808425
2.975399,67,3359.942586
-0.154527,104,3360.156086
2.852164,74,3360.310203
2.389856,71,3360.458077
100.741058,92,3360.640762
4.20384,70,3360.782786
1.371734,80,3360.94747
101.027842,56,3361.061819
0.630714,1000,3363.109673
4.896608,66,3363.244195
101.063925,107,3363.461611
100.564423,71,3363.607478
1.489645,80,3363.77796
3.862285,68,3375.187149
101.100254,90,3375.369452
1.724016,98,3375.582806
2.992855,60,3375.714034
1.456785,104,3375.924649
2.381115,84,3376.102228
4.242985,68,3376.239583
1.186187,84,3376.414146
2.729101,69,3376.558132
4.66865,64,3376.689104
4.396008,70,3376.835253
2.980028,68,3376.973925
2.372767,84,3377.144565
4.705463,64,3377.289028
103.103347,75,3377.442358
100.933838,81,3377.605776
2.113763,69,3377.744902
2.385214,74,3377.895032
105.796816,67,3378.035069
2.781877,74,3378.180612
4.40677,64,3378.312901
4.210129,74,3378.464819
4.107769,73,3378.615052
2.020575,84,3378.784283
2.131673,104,3379.01271
104.033515,69,3379.156353
-1.129835,104,3390.599813
101.926967,72,3390.74092
101.441246,75,3390.886572
1.35646,79,3391.039736
2.043674,72,3391.193414
2.727048,65,3391.330294
1.266509,80,3391.497104
0.707204,1000,3393.570544
3.214405,61,3393.696455
5.536554,81,3393.862685
104.586394,60,3393.983218
0.479991,86,3394.15819
4.83456,146,3394.461018
2.974605,78,3394.620694
100.975878,63,3394.748642
1.939134,84,3406.108633
1.504585,90,3406.312101
1.253768,77,3406.46932
2.069051,84,3406.634434
2.326067,70,3406.780557
3.659953,109,3407.010651
100.752099,57,3407.131641
102.000728,41,3407.21712
4.778432,68,3407.35869
103.372523,69,3407.499268
2.924997,61,3407.62515
102.135938,51,3407.727317
4.451249,66,3407.861624
100.5954,75,3408.015796
100.944944,522,3409.099042
2.26234,65,3409.231724
1.318223,89,3409.414115
5.722757,65,3409.547825
2.392807,68,3409.687557
101.003057,92,3409.885211
1.520746,65,3410.016229
3.0573,77,3410.182589
2.84316,80,3421.472634
100.392512,73,3421.612834
2.581308,73,3421.755662
104.408346,73,3421.896705
106.114186,68,3422.053108
101.889584,70,3422.190911
2.170846,59,3422.315462
2.892596,89,3422.500329
1.769839,81,3422.667643
100.245657,56,3422.786325
3.913641,61,3422.910318
2.347034,83,3423.083379
2.000447,73,3423.236762
4.217768,66,3423.372344
0.524239,1000,3425.411643
101.000964,31,3425.477037
4.325773,122,3436.983575
101.029443,73,3437.148005
2.666556,71,3437.290101
100.289733,32,3437.35628
2.649734,67,3437.495877
1.111021,77,3437.653408
4.19946,72,3437.801106
4.150529,66,3437.940446
-0.212266,151,3438.239115
1.593761,61,3438.357959
100.829341,30,3438.419802
100.845901,82,3438.586305
103.075521,71,3438.725861
5.652788,68,3438.857126
101.454991,94,3439.0411
3.726952,71,3439.177671
3.777314,65,3439.309744
1.51169,78,3439.467692
5.032766,65,3439.598712
1.302439,79,3439.749161
3.018684,73,3439.891363
1.397185,67,3440.024134
2.685606,68,3440.156697
0.174047,102,3440.35754
101.750395,64,3440.480834
101.950086,78,3440.636638
100.791033,75,3440.78559
102.644072,58,3452.136427
0.690528,85,3452.299246
3.000384,68,3452.432593
1.927856,62,3452.558428
1.74864,71,3452.701777
4.227778,65,3452.837114
4.980054,76,3452.988953
101.187877,90,3453.17225
2.215312,83,3453.338582
103.413328,64,3453.467619
4.902793,64,3453.597714
100.63457,80,3453.760586
-0.371201,81,3453.924998
3.884935,61,3454.048127
1.809202,70,3454.202652
103.817111,61,3454.329899
0.990957,59,3454.452816
3.63522,72,3454.599617
2.415448,65,3454.735275
1.065009,83,3454.906237
4.007836,73,3455.058872
1.749236,71,3455.198197
5.972033,64,3455.32553
5.380835,99,3455.51825
101.421407,79,3455.67135
2.274285,114,3455.926961
0.860636,76,3456.088468
2.972605,70,3456.237892
100.176835,61,3467.507948
2.52241,93,3467.68903
4.639783,70,3467.824857
101.153876,76,3467.975901
3.413876,63,3468.134384
1.036391,140,3468.418738
4.271091,62,3468.538661
4.219799,80,3468.695402
2.434246,72,3468.839996
102.497611,46,3468.931628
3.886186,73,3469.08154
2.012404,67,3469.213195
101.292342,82,3469.372923
2.92651,66,3469.502997
0.12239,90,3469.683785
105.339634,73,3469.829193
3.900666,64,3469.952847
3.63622,74,3470.10446
101.767805,66,3470.233337
5.308759,66,3470.365052
2.345973,87,3470.533876
2.919981,66,3470.665462
105.285896,60,3470.787551
4.623198,62,3470.907318
101.084761,81,3471.070292
4.016834,66,3471.207796
101.047228,51,3471.312691
1.229387,83,3471.482106
3.840203,66,3482.859635
0.53077,74,3482.999211
101.056974,68,3483.134881
1.173491,73,3483.296915
1.241474,71,3483.440568
0.941629,80,3483.596032
100.708189,98,3483.788113
101.035006,106,3484.011677
1.838189,68,3484.145424
3.104351,60,3484.265566
4.626483,68,3484.396967
5.108577,65,3484.524968
2.787203,86,3484.701121
4.339904,69,3484.854413
5.418701,83,3485.032679
4.949735,69,3485.17373
101.425516,51,3485.276054
2.186171,82,3485.448052
3.228675,78,3485.60578
3.606796,76,3485.759323
1.29593,75,3485.908308
100.078564,11,3485.92951
1.95055,78,3486.078729
3.882926,90,3486.263599
1.562826,81,3486.437223
3.278668,72,3486.592305
3.912649,93,3486.783034
104.434848,72,3486.932905
3.710553,66,3498.3048
4.252103,74,3498.449696
5.242036,61,3498.569479
3.284438,67,3498.704591
1.413222,83,3498.89186
-2.518801,501,3499.873031
3.057752,63,3500.004373
0.586649,87,3500.183923
0.383411,80,3500.348129
100.311427,63,3500.47794
101.570293,83,3500.665377
0.346115,466,3501.623755
5.38247,64,3501.753834
-1.095909,89,3501.936103
5.052499,62,3502.061717
100.615581,76,3502.214684
1.170527,97,3513.648304
3.072671,82,3513.814622
103.696209,77,3513.973688
5.63088,73,3514.12557
5.147686,68,3514.264669
100.830012,73,3514.412123
3.222352,73,3514.561755
0.938161,90,3514.757963
101.196834,82,3514.936611
101.007815,75,3515.096708
-1.704714,114,3515.336999
2.832828,78,3515.499719
0.690113,84,3515.674925
101.099369,65,3515.808664
3.547276,69,3515.952284
5.023491,69,3516.097239
100.711922,68,3516.237035
101.40457,63,3516.371011
-1.575643,477,3517.346129
-0.101271,80,3517.508801
0.229779,102,3517.721201
4.996319,73,3517.875983
0.417808,90,3529.432398
4.229798,63,3529.562693
5.782092,80,3529.729767
100.951967,30,3529.791209
1.670824,103,3530.005015
0.722122,1000,3532.086991
103.943581,66,3532.224125
4.251374,68,3532.366121
100.676961,63,3532.494921
2.227573,76,3532.652656
-2.463074,106,3532.870625
1.690143,81,3533.037685
3.516088,81,3533.204834
4.275836,72,3533.357018
1.964869,160,3544.939253
2.211484,70,3545.093528
102.751584,49,3545.188762
1.710055,78,3545.342151
1.418097,80,3545.506632
1.259255,72,3545.649349
1.618665,77,3545.801313
101.501257,104,3546.008303
3.825854,66,3546.134879
0.451429,77,3546.284631
5.104002,62,3546.403967
103.174312,56,3546.51417
4.049882,65,3546.643409
1.949978,72,3546.795408
102.231488,65,3546.929239
102.311194,69,3547.064959
2.85977,75,3547.215451
4.512879,71,3547.359363
3.647009,68,3547.494437
101.198711,75,3547.641987
3.571831,69,3547.778331
3.225804,83,3547.940755
103.290787,75,3548.088341
101.121026,79,3548.245742
0.088503,86,3548.413
-0.027887,77,3548.57657
0.79965,103,3548.783504
5.087487,93,3560.17862
102.275551,83,3560.346611
3.491988,66,3560.483102
-1.605149,162,3560.829143
1.435508,91,3561.017871
100.285404,73,3561.169022
3.75176,77,3561.329897
3.826281,60,3561.452031
3.224478,67,3561.587151
3.238592,72,3561.735868
101.162058,66,3561.864711
4.145781,71,3562.002659
1.157203,87,3562.173014
0.395963,1000,3564.153051
3.378454,67,3575.477334
101.05983,87,3575.645438
4.729418,82,3575.809242
5.133855,64,3575.938569
101.506903,77,3576.094448
1.469213,67,3576.225384
-0.639479,94,3576.412749
0.586314,1000,3578.400233
2.430668,89,3578.575098
4.008541,100,3578.776482
2.349329,60,3578.89393
4.85535,72,3579.041692
1.186567,92,3579.216757
1.209698,69,3579.350337
4.587533,61,3590.692941
1.321612,87,3590.868568
102.663445,45,3590.969157
-0.469764,83,3591.13582
4.540189,63,3591.260725
101.518712,78,3591.414703
4.253688,82,3591.573163
3.761771,66,3591.703002
1.423813,92,3591.887969
102.795087,66,3592.018878
0.406757,87,3592.189801
3.003019,92,3592.375016
4.155375,61,3592.501311
0.501555,85,3592.675743
4.702035,65,3592.823247
3.569356,68,3592.967813
101.527581,69,3593.110952
1.602158,76,3593.274503
4.149378,80,3593.438378
3.87501,65,3593.572839
5.257294,67,3593.712329
105.489965,71,3593.857779
100.7168,51,3593.954242
3.126605,67,3594.084881
3.43402,66,3594.217966
2.963714,75,3594.386571
6.162124,64,3594.514461
3.75799,71,3594.655204
1.410601,80,3594.811105
3.938503,76,3606.234869
105.454146,68,3606.372091
2.913642,71,3606.514862
1.740519,72,3606.655047
1.081791,71,3606.8103
0.776214,76,3606.963143
101.979853,74,3607.110024
100.881673,82,3607.273655
4.097923,81,3607.43119
101.379618,59,3607.548243
4.990718,62,3607.670817
100.965764,96,3607.858001
5.735378,67,3607.988442
3.394898,92,3608.175755
102.300761,75,3608.340448
104.800576,63,3608.465506
102.827888,60,3608.581475
3.538004,85,3608.746557
101.461692,61,3608.867747
4.225203,80,3609.01926
101.609603,43,3609.10195
100.739487,56,3609.208282
2.200086,131,3609.469381
5.105191,67,3609.59908
3.536789,76,3609.751305
2.635501,63,3609.874717
103.764071,53,3609.978831
2.319087,81,3610.169226
3.618149,65,3621.556322
4.792436,69,3621.697993
3.03839,66,3621.836236
4.719091,70,3621.985063
2.015332,69,3622.136367
4.77326,79,3622.298014
1.715863,73,3622.452145
4.429742,60,3622.582814
101.260093,85,3622.768744
2.141435,58,3622.883371
5.098889,65,3623.014708
5.500577,61,3623.137061
1.330253,75,3623.286484
101.994514,78,3623.436402
3.595713,78,3623.591977
1.446346,1000,3625.620253
101.252722,101,3636.98099
100.895638,106,3637.191747
105.192123,61,3637.325651
-3.78854,474,3638.252033
103.192362,65,3638.379239
104.38809,55,3638.485507
100.963382,38,3638.557816
5.116532,66,3638.686913
3.224375,97,3638.893875
0.304132,85,3639.059075
2.253206,96,3639.247629
101.439397,71,3639.386612
5.79538,66,3639.516867
5.017281,69,3639.647039
1.576447,77,3639.795394
2.022478,71,3639.935553
1.462522,83,3640.099171
1.892325,83,3640.261984
3.097974,71,3640.401766
1.727547,84,3640.571536
101.314001,47,3640.664954
2.606177,70,3640.804631
100.510494,79,3652.12228
4.880361,84,3652.298697
102.383696,66,3652.430953
102.813716,74,3652.57752
-1.176766,101,3652.782042
2.958197,66,3652.909499
101.031397,59,3653.026521
-0.00292,93,3653.215871
2.328627,63,3653.339411
3.963459,59,3653.455992
3.738276,65,3653.583605
1.792053,84,3653.747352
1.781892,70,3653.885864
-0.631503,88,3654.058057
0.151041,82,3654.233361
101.074849,75,3654.379135
2.110465,74,3654.526879
101.995448,73,3654.675583
-2.146788,117,3654.904234
101.267321,91,3655.080739
1.830585,71,3655.216334
4.331795,70,3655.355968
3.86356,72,3655.494678
3.030085,60,3655.606866
100.930135,80,3655.766136
103.325636,53,3655.867043
3.28431,87,3656.036331
5.585663,64,3667.298652
4.046204,76,3667.449708
100.375721,66,3667.58609
2.756911,86,3667.769506
3.564316,70,3667.921272
4.866248,63,3668.05177
1.172376,90,3668.231788
3.506149,66,3668.374733
2.299021,63,3668.505805
4.498611,64,3668.638751
4.151743,61,3668.764108
3.754423,61,3668.887594
101.048263,93,3669.073182
4.041261,65,3669.201981
5.60833,64,3669.328751
105.860581,67,3669.469253
1.561896,86,3669.646106
101.208152,82,3669.812487
2.610988,89,3669.99687
0.091326,77,3670.154271
105.928113,67,3670.293681
3.645878,66,3670.427967
2.323051,80,3670.593215
3.422412,67,3670.730713
100.845095,105,3670.942161
1.569881,97,3671.130904
2.271934,62,3671.251838
101.762024,92,3682.640281
101.225026,60,3682.782558
0.639239,1000,3684.838915
1.972673,72,3684.981899
1.235223,73,3685.128813
2.410315,61,3685.25069
105.793878,69,3685.389635
2.204325,67,3685.5246
1.569716,73,3685.669042
3.780985,87,3685.861597
4.932588,74,3686.014204
4.844664,67,3686.154489
100.590718,71,3686.303459
5.071437,86,3686.482347
2.377596,73,3686.631623
1.019612,74,3686.787545
3.052096,71,3698.25461
0.099677,225,3698.723222
101.893081,65,3698.860452
0.50698,76,3699.017902
100.629124,68,3699.157567
101.326526,70,3699.303315
1.687247,85,3699.477061
1.886016,84,3699.644762
100.852504,89,3699.833233
4.450954,89,3700.007065
101.217969,82,3700.166049
104.901131,78,3700.31809
4.86919,73,3700.460116
103.174884,61,3700.581785
100.205923,51,3700.685774
105.936828,72,3700.828312
103.084815,75,3700.97466
3.953599,100,3701.173577
100.189475,54,3701.286459
1.144471,79,3701.449132
100.601583,62,3701.575782
102.343718,64,3701.708691
2.068773,81,3701.888746
2.5097,72,3702.034737
4.797399,63,3702.162711
3.537361,62,3702.298329
100.694505,68,3713.627692
101.908898,62,3713.753509
3.767009,59,3713.867884
0.374301,95,3714.060439
100.732354,84,3714.246066
5.479166,68,3714.386327
4.089364,84,3714.561579
0.597218,88,3714.743303
101.624806,66,3714.880293
1.567071,87,3715.062931
2.906517,79,3715.231199
3.784296,75,3715.38944
2.731708,73,3715.55223
3.570528,97,3715.753182
1.576148,113,3715.998544
1.215659,85,3716.175381
102.383143,75,3716.331361
4.379645,82,3716.500858
1.941679,63,3716.630428
103.31539,54,3716.743061
105.531649,67,3716.877549
3.030753,67,3717.007604
2.947931,84,3717.171831
2.3535,64,3717.297354
3.373032,70,3717.438314
1.211278,75,3717.586025
102.583776,65,3717.723061
103.357856,64,3729.033481
4.860526,67,3729.175811
2.876111,72,3729.321731
5.217961,79,3729.490259
2.704399,80,3729.658255
5.214527,81,3729.829066
1.094883,77,3730.004715
3.700732,82,3730.17941
3.463327,65,3730.315284
2.783396,70,3730.460843
3.05106,83,3730.632285
3.003768,194,3731.015116
101.244352,116,3731.243167
-0.147437,91,3731.424656
-0.98184,148,3731.715218
102.173726,73,3731.865316
4.65732,68,3732.00683
105.453452,66,3732.132291
2.496717,62,3732.253704
2.46933,79,3732.413141
1.873924,142,3732.692444
3.307941,77,3732.842
2.494296,69,3732.975895
4.258079,83,3744.365919
100.939308,92,3744.572856
101.555788,70,3744.717147
102.758877,54,3744.833279
102.922106,74,3744.992938
101.188383,60,3745.113351
100.933745,89,3745.295308
101.168056,55,3745.411458
102.58952,73,3745.56127
-0.047383,1000,3747.586496
101.113202,101,3747.792063
3.847267,86,3747.967912
5.341719,87,3748.141339
4.176744,64,3748.277284
5.927928,79,3748.437855
104.082617,62,3759.845349
3.448106,71,3759.987635
104.42327,70,3760.143185
5.184475,78,3760.294403
1.558746,122,3760.530246
105.939492,74,3760.679853
0.909417,65,3760.808973
5.1427,63,3760.93306
102.651829,73,3761.07833
101.277417,61,3761.202622
2.485392,58,3761.317369
3.838061,95,3761.50366
4.88368,61,3761.621105
1.269,68,3761.7539
4.208209,70,3761.895022
3.100562,65,3762.029973
2.038226,83,3762.202405
1.535801,149,3762.50575
1.771883,63,3762.64673
0.65625,83,3762.817549
3.477532,62,3762.939125
4.278624,61,3763.060528
3.240723,70,3763.198869
1.140232,79,3763.354334
101.6848,62,3763.482581
4.151133,65,3763.617585
5.855999,66,3763.752115
4.352634,61,3763.877075
-1.619084,114,3775.369704
101.179666,68,3775.503424
3.800644,97,3775.699386
2.224452,77,3775.850958
1.060784,72,3775.992831
3.509966,69,3776.130025
101.032262,82,3776.301155
3.070738,74,3776.447539
-2.072211,135,3776.709349
3.243918,66,3776.842044
102.01295,67,3776.977603
2.87935,59,3777.094607
1.347316,92,3777.272486
0.615162,1000,3779.264184
0.949114,95,3790.788513
2.492456,73,3790.931223
2.862352,63,3791.075626
2.669537,73,3791.221481
3.685107,66,3791.351514
4.083067,60,3791.469126
-0.626129,98,3791.666759
104.802647,63,3791.799148
100.243598,65,3791.924216
-0.409807,130,3792.175463
3.124351,64,3792.29958
4.918495,76,3792.450909
1.365257,69,3792.583564
2.102232,72,3792.724192
-0.077851,96,3792.911865
101.945465,95,3793.100281
2.302558,74,3793.247176
3.652457,67,3793.373594
4.379438,77,3793.526346
2.995063,81,3793.689097
100.863264,64,3793.819158
102.718561,52,3793.920909
1.431608,88,3794.092159
4.693982,78,3794.245614
3.599059,69,3794.380906
3.91794,70,3794.518801
5.314649,67,3794.64854
3.806605,73,3806.031135
1.846035,69,3806.163786
1.582203,81,3806.319952
5.400982,66,3806.44371
4.659425,61,3806.562108
103.473482,79,3806.715696
2.847494,74,3806.859203
100.972321,78,3807.011406
101.433459,79,3807.16328
1.295798,83,3807.321383
101.297441,79,3807.472724
3.55953,68,3807.602069
5.029063,64,3807.726452
101.966058,131,3807.983772
2.470423,69,3808.122033
4.322532,64,3808.24561
104.056931,58,3808.35927
4.956531,60,3808.475379
101.290547,62,3808.606895
-0.44899,87,3808.78006
105.872333,72,3808.920196
0.85957,91,3809.108214
101.892378,69,3809.25062
3.715576,83,3809.423855
102.501888,69,3809.560829
3.935579,72,3809.704077
2.03504,83,3809.868626
103.551685,55,3821.249634
5.393155,66,3821.374968
3.103704,61,3821.496952
2.668047,64,3821.620774
3.275732,69,3821.755189
1.812342,83,3821.917732
1.9743,71,3822.053243
4.191594,76,3822.201754
2.961688,67,3822.344463
0.681009,263,3822.859465
1.586148,68,3822.993104
3.083156,72,3823.135589
2.86207,72,3823.274755
101.257805,82,3823.437155
4.440266,68,3823.56771
1.323171,75,3823.717255
-2.135648,173,3824.055893
4.96153,97,3824.246779
1.876699,72,3824.392779
3.013789,70,3824.526913
3.910194,67,3824.656232
4.537648,60,3824.77396
-1.708801,108,3824.987104
100.774765,46,3825.078892
1.156464,81,3836.428504
102.199785,47,3836.521109
2.228402,73,3836.665116
1.839803,58,3836.778793
4.244733,65,3836.920489
5.250644,82,3837.081167
2.519221,68,3837.216435
4.899825,64,3837.34178
4.634676,79,3837.500405
3.658437,62,3837.626537
-0.653663,100,3837.824471
0.376429,1000,3839.819979
4.490465,73,3839.963262
1.049771,80,3840.120187
1.315229,95,3840.309848
101.606084,101,3851.694189
2.971759,70,3851.829004
3.880439,95,3852.02877
2.452161,69,3852.164874
2.493855,68,3852.298428
1.792335,62,3852.418985
100.395366,77,3852.573426
2.042622,73,3852.719437
2.689475,67,3852.856333
4.517815,68,3852.990967
3.998195,75,3853.14622
3.533859,74,3853.294962
3.382199,67,3853.430729
4.679785,64,3853.560028
4.400358,74,3853.706247
101.595944,89,3853.882471
101.130471,86,3854.049229
5.169141,62,3854.173704
1.414381,72,3854.323221
100.607837,62,3854.447258
3.86589,67,3854.58062
3.249281,71,3854.723344
3.609898,87,3854.897572
101.594378,88,3855.087797
2.539637,85,3855.257059
4.190545,65,3855.389236
4.144573,75,3855.542312
100.676168,91,3855.725982
0.269501,237,3867.594257
4.659991,63,3867.717607
1.973064,58,3867.833302
4.634914,63,3867.962186
1.672783,79,3868.121605
4.154314,62,3868.244178
4.419163,68,3868.375999
2.868121,60,3868.493574
1.211668,93,3868.675787
4.552784,69,3868.81179
100.680354,71,3868.955782
101.822346,54,3869.063291
2.609489,71,3869.200721
5.849934,64,3869.326845
4.167315,72,3869.471122
2.923561,62,3869.597028
6.100555,62,3869.720289
5.340898,60,3869.841314
102.466203,57,3869.950023
101.786856,69,3870.086269
2.883223,62,3870.211367
4.378469,66,3870.343391
102.277815,66,3870.475621
101.000941,80,3870.635573
3.3187,64,3870.758817
2.914423,91,3870.937323
5.013299,92,3871.116112
5.727012,61,3871.235477
1.019388,98,3882.709569
2.91387,69,3882.84526
101.385801,76,3883.009973
3.091172,96,3883.198648
5.194954,93,3883.379931
1.953368,74,3883.525091
3.635481,72,3883.668558
4.243814,63,3883.792506
1.200786,90,3883.968191
105.990672,64,3884.095534
2.243625,60,3884.214565
2.852947,75,3884.363112
4.140427,100,3884.562474
103.287049,71,3884.70426
3.930503,59,3884.817592
0.807474,69,3884.952596
4.626455,72,3885.091906
2.460947,99,3885.282707
3.977708,63,3885.40621
4.773001,87,3885.573307
102.057694,75,3885.719818
1.44712,81,3885.878922
1.029824,111,3886.08748
1.138091,87,3886.264717
1.996675,104,3886.473079
101.953452,63,3897.872491
2.494164,62,3898.001005
4.565389,65,3898.136311
3.479829,66,3898.271901
105.787073,69,3898.412874
102.578647,55,3898.527261
-0.913724,98,3898.724049
104.653877,64,3898.855492
101.229464,129,3899.122551
2.876302,67,3899.260117
101.038105,72,3899.408149
1.351541,95,3899.610332
103.818798,61,3899.752024
3.85894,73,3899.892676
3.233324,65,3900.019094
103.684697,78,3900.174369
5.577695,75,3900.318649
102.528214,53,3900.421419
104.193616,58,3900.536165
3.556195,70,3900.670251
2.129944,68,3900.805285
2.29266,68,3900.941517
101.30782,54,3901.047804
100.492443,54,3901.155073
3.491997,203,3901.580045
4.488712,61,3901.698575
100.773384,59,3901.816185
4.020823,71,3901.95962
4.718008,86,3913.389194
4.762552,92,3913.575972
103.026993,72,3913.720569
3.370317,59,3913.835949
0.324025,86,3914.024052
5.445889,71,3914.16015
0.796984,841,3915.826091
103.802876,54,3915.95022
0.443421,175,3916.309194
102.778245,65,3916.44188
3.571953,65,3916.576583
100.96215,54,3916.687478
3.517586,61,3916.811586
100.972504,106,3917.030433
101.771105,67,3917.168857
3.210197,67,3917.308342
3.257492,80,3928.647254
100.455541,157,3928.973624
3.028688,68,3929.125673
0.722356,73,3929.276882
1.5786,79,3929.442068
1.397253,67,3929.579766
1.637167,93,3929.771361
1.735729,77,3929.924886
102.148472,150,3930.225933
103.382964,55,3930.333198
0.831172,67,3930.465744
4.487796,83,3930.626639
1.492375,97,3930.818841
104.361383,74,3930.961004
102.424252,61,3931.078504
105.078175,63,3931.201949
100.080984,59,3931.321508
3.865496,63,3931.445271
4.234116,61,3931.564082
105.66859,62,3931.684907
2.742793,70,3931.825469
103.263855,73,3931.974089
2.867793,87,3932.152215
0.365563,69,3932.307953
100.829364,82,3932.476831
101.534697,81,3932.64448
0.881901,91,3944.159748
102.335675,80,3944.327256
4.929742,71,3944.476359
-0.256419,102,3944.698551
1.904568,83,3944.867608
3.514367,71,3945.007372
4.026121,65,3945.137892
4.453971,76,3945.28893
1.318143,83,3945.453621
105.908033,66,3945.583039
101.282323,94,3945.768842
2.754406,92,3945.947909
102.631522,77,3946.099241
4.967806,61,3946.220104
102.57671,64,3946.347724
103.122375,64,3946.474568
104.297287,69,3946.609025
2.574151,185,3946.984782
1.109672,83,3947.148413
1.637922,63,3947.270994
3.991927,94,3947.45994
2.615002,64,3947.583515
101.219892,81,3947.745341
2.070098,70,3947.878964
-2.317396,134,3948.140113
101.030426,93,3959.492469
101.891722,56,3959.600021
0.400027,83,3959.764541
3.866336,73,3959.926798
4.32082,68,3960.059919
3.022401,69,3960.194388
5.137247,82,3960.360138
5.470301,67,3960.492034
4.444824,103,3960.695357
101.522233,39,3960.769902
3.24579,69,3960.905002
1.823765,74,3961.052748
4.432856,89,3961.225414
102.271792,68,3961.359075
105.431585,71,3961.497399
2.522863,88,3961.671316
1.058509,99,3961.866535
101.407653,45,3961.957482
4.592394,68,3962.092695
3.923152,76,3962.245887
1.556953,79,3962.40095
3.172646,61,3962.523277
105.641998,65,3962.648559
0.199693,95,3962.837357
103.467208,62,3962.955173
101.462246,69,3963.089453
-0.058462,130,3963.361321
3.878066,81,3974.728406
0.034916,96,3974.915707
103.575932,67,3975.049348
100.503745,74,3975.200612
102.166936,82,3975.371452
2.671919,63,3975.507454
3.974405,63,3975.630452
3.774648,69,3975.770764
103.484156,68,3975.905774
102.86885,69,3976.040597
5.035215,69,3976.17632
3.471486,79,3976.335602
1.620977,85,3976.504747
0.743968,84,3976.669563
3.496478,68,3976.801723
100.446203,69,3976.934926
4.791423,62,3977.056364
3.560647,85,3977.219709
101.057238,90,3977.39881
0.441247,74,3977.545747
101.001427,119,3977.786891
4.223349,69,3977.925894
101.331979,91,3978.111415
0.070019,119,3978.358509
4.35706,79,3978.516498
3.878492,65,3978.646302
4.443073,62,3989.953296
0.97511,76,3990.107857
4.119421,68,3990.247526
4.784931,66,3990.391982
3.523765,79,3990.574953
0.868249,75,3990.732018
102.748129,69,3990.871478
1.612467,77,3991.033179
103.497782,63,3991.166269
103.725441,56,3991.284834
2.731624,69,3991.426615
4.032369,65,3991.56453
4.974152,61,3991.691644
2.6584,68,3991.83086
3.560793,69,3991.972127
0.786098,80,3992.137991
102.088165,81,3992.309254
102.836464,68,3992.450435
101.235939,82,3992.625165
3.260069,67,3992.763073
3.99318,62,3992.889938
2.014774,71,3993.034924
3.191884,59,3993.161921
103.077428,73,3993.314759
0.901562,78,3993.474093
1.196065,64,3993.602867
1.649382,90,3993.781916
-0.704835,104,3993.994779
-2.196697,113,4005.440096
1.430442,62,4005.565996
104.283391,68,4005.707519
101.710547,73,4005.876368
5.772744,66,4006.014416
3.742087,64,4006.143272
0.537279,88,4006.316562
3.794874,65,4006.444346
5.353326,85,4006.614138
4.215246,70,4006.752818
1.567522,72,4006.897608
3.253464,65,4007.026302
100.813741,51,4007.128075
3.876777,81,4007.289482
4.680019,62,4007.425252
3.943801,61,4007.54445
4.71825,74,4007.686279
-0.537182,83,4007.849765
101.26987,85,4008.019997
100.665382,82,4008.180692
5.763495,72,4008.320888
2.711265,108,4008.549036
100.307741,66,4008.677545
-0.417353,82,4008.838382
106.080837,69,4008.975295
101.622348,66,4009.106284
102.085086,41,4009.18769
0.581187,77,4009.338293
101.618288,113,4020.895462
102.31417,71,4021.050035
1.318852,94,4021.245414
102.368048,59,4021.36523
4.368568,79,4021.528617
3.618078,67,4021.670584
105.760864,69,4021.810341
3.156611,65,4021.936805
3.814964,69,4022.067585
5.734973,63,4022.19771
0.038159,1000,4024.206065
101.746693,54,4024.317983
101.625893,88,4024.500872
2.743984,64,4024.639124
102.691486,70,4024.785161
2.472032,85,4024.963042
3.008086,64,4036.373605
2.474821,61,4036.49267
100.918695,90,4036.670535
2.762304,86,4036.836809
105.313599,62,4036.960348
0.332269,146,4037.258305
5.447953,64,4037.395377
5.730974,63,4037.524509
101.378098,75,4037.674415
2.977455,79,4037.833106
1.501248,81,4038.012892
1.544637,84,4038.184421
100.940968,79,4038.340943
4.223419,78,4038.50374
4.154208,66,4038.640647
-0.945746,93,4038.828731
4.464283,69,4038.967326
103.838143,56,4039.074368
0.983291,143,4039.351646
3.296955,66,4039.48109
3.922533,73,4039.625571
105.991904,64,4039.750338
103.581579,72,4039.890235
2.001634,80,4040.063982
2.174229,78,4040.215867
4.500736,72,4040.358275
102.525246,75,4051.749139
2.86709,92,4051.930897
0.273812,74,4052.074765
0.741346,76,4052.224604
103.0017,53,4052.340393
4.20597,66,4052.478331
102.784988,54,4052.586612
1.301701,85,4052.766231
0.909336,77,4052.924047
0.544493,118,4053.16231
1.746298,83,4053.337436
3.68953,71,4053.48186
2.278262,68,4053.615412
100.711459,74,4053.763162
2.093487,70,4053.908024
1.912349,62,4054.034797
100.775924,71,4054.177291
102.858568,50,4054.277168
3.826082,69,4054.411535
4.072283,66,4054.544843
3.960383,64,4054.671156
1.27594,84,4054.841
2.410356,71,4054.9853
-0.010299,76,4055.139128
-0.681511,94,4055.325177
1.632015,78,4055.479162
1.389656,77,4055.638278
1.82695,71,4066.985428
4.97584,90,4067.190413
0.640007,92,4067.389881
101.421318,82,4067.561167
4.477998,64,4067.69984
102.064685,79,4067.861566
1.394612,110,4068.089815
101.275495,82,4068.257279
1.220583,91,4068.461462
1.797485,85,4068.638442
3.658903,65,4068.775173
-2.076016,145,4069.05706
1.427207,83,4069.221729
3.184872,64,4069.350873
-0.041797,1000,4082.736023
-2.069536,231,4083.232851
102.187867,61,4083.356514
4.337713,89,4083.543594
2.528474,65,4083.675704
100.955709,62,4083.802443
3.466727,66,4083.936801
105.061809,61,4084.063183
0.60822,107,4084.28126
4.961483,63,4084.410823
1.838286,84,4084.584144
1.322581,63,4084.715725
4.107314,63,4084.844746
3.202323,65,4084.97166
104.117286,69,4085.107748
0.989435,66,4085.238593
0.425674,80,4085.395656
1.720649,62,4085.519751
101.388659,71,4085.660409
0.81879,93,4085.84589
2.398303,86,4086.03126
104.359848,71,4086.175167
3.081829,62,4086.295491
2.957922,88,4086.471929
101.684413,88,4086.646113
3.605265,76,4098.064904
1.447903,84,4098.24081
103.139146,60,4098.36336
3.582539,69,4098.508027
4.401829,66,4098.642378
2.087672,74,4098.794083
3.365711,79,4098.956173
1.742853,71,4099.104908
5.217501,86,4099.284177
0.887923,72,4099.432434
101.00053,76,4099.592962
4.619389,79,4099.769229
2.052894,97,4099.970114
3.605968,68,4100.112428
3.28445,67,4100.248849
102.720388,70,4100.388701
2.597362,71,4100.533696
3.76701,66,4100.66994
4.684422,65,4100.803574
3.418243,66,4100.932416
101.327607,50,4101.031087
101.09511,50,4101.132681
102.974533,53,4101.236342
3.082386,84,4101.400375
100.777151,55,4101.511476
2.67561,68,4101.650158
1.95605,84,4101.818635
101.676461,87,4101.988746
2.204014,75,4102.139392
105.906868,64,4113.474492
101.203565,67,4113.610811
100.016188,67,4113.747195
4.090287,73,4113.907414
5.641057,87,4114.087902
3.638008,68,4114.226741
101.920826,65,4114.359192
1.72976,80,4114.524904
4.669854,64,4114.656542
100.662393,83,4114.825016
3.452593,61,4114.950218
3.725284,67,4115.082342
1.746134,74,4115.225195
-0.398301,103,4115.432838
5.359008,61,4115.566253
4.34284,109,4115.798471
4.4919,84,4115.970582
101.36932,77,4116.135818
1.723763,71,4116.280062
102.821354,57,4116.399921
101.943863,64,4116.533874
5.572076,63,4116.665059
3.125487,74,4116.816802
2.543164,67,4116.94661
4.062791,66,4117.076092
1.156615,86,4117.257546
4.510105,65,4117.388401
4.076544,68,4117.522619
1.321556,85,4128.970891
-0.472714,254,4129.47052
4.462642,68,4129.619864
1.545086,77,4129.774001
101.046941,33,4129.838901
101.050028,102,4130.050364
102.682637,59,4130.166162
102.026603,77,4130.317114
102.696213,75,4130.463526
100.757182,84,4130.625189
101.298013,102,4130.828568
4.110687,83,4130.993791
4.187563,75,4131.1375
3.46154,83,4131.301441
-0.322072,100,4131.502766
100.612998,114,4131.723495
5.840311,71,4131.867898
1.667203,73,4132.017117
1.147469,90,4132.201373
3.067593,61,4132.328686
1.112405,104,4132.543643
101.18383,77,4132.694832
104.824618,64,4132.821074
4.267995,78,4144.215885
4.400368,74,4144.371737
2.796744,69,4144.514259
103.854159,57,4144.632991
3.34828,60,4144.769436
100.463016,78,4144.940374
2.278414,84,4145.113892
5.178767,85,4145.288768
0.841311,77,4145.449282
0.924182,63,4145.578522
3.444228,70,4145.720908
104.766252,74,4145.87047
1.407021,214,4146.29271
1.325941,90,4146.471506
101.277645,81,4146.63421
105.155389,61,4146.758341
101.453608,42,4146.842221
105.857999,64,4146.972957
105.297601,66,4147.104595
104.678682,60,4147.225536
101.877717,52,4147.331744
103.449647,67,4147.466775
1.179814,74,4147.618591
101.230543,70,4147.77612
3.397095,70,4147.912667
0.990461,66,4148.0437
2.19802,91,4148.224145
2.612092,60,4148.339731
101.629322,57,4159.778255
3.892667,68,4159.916849
3.055413,79,4160.078901
2.438769,85,4160.241401
3.837354,65,4160.370488
102.732436,62,4160.489909
4.083237,69,4160.624292
1.996839,70,4160.757935
4.732402,66,4160.886359
101.021167,56,4160.994358
104.914626,66,4161.130847
1.760637,59,4161.246525
101.250719,60,4161.369796
4.824453,66,4161.502566
5.288439,62,4161.625285
2.954006,84,4161.793588
2.507726,94,4161.985642
103.832685,74,4162.131323
102.704776,55,4162.236229
101.129092,83,4162.403152
1.506387,98,4162.599305
-1.128848,128,4162.859015
102.788514,67,4162.994329
100.843588,102,4163.193728
101.933036,43,4163.284459
103.464746,54,4163.38978
102.627366,73,4163.537318
4.636675,67,4163.681894
102.502898,68,4175.083344
3.783565,71,4175.233736
-0.217278,95,4175.428227
2.171512,60,4175.54954
101.11785,118,4175.794914
-0.875656,93,4175.980535
0.711169,90,4176.158136
101.62666,68,4176.289752
4.385118,65,4176.418254
102.708847,70,4176.555502
100.638299,60,4176.672256
-0.158534,1000,4178.700803
1.474064,62,4178.826417
102.845264,73,4178.973799
4.981312,64,4179.098704
3.918423,61,4190.507475
5.659068,67,4190.644223
103.543177,70,4190.788813
1.149328,86,4190.977439
0.828907,87,4191.149506
2.113899,83,4191.315708
5.552295,77,4191.466066
2.952929,62,4191.590333
100.113527,59,4191.707725
101.131959,84,4191.871472
2.075078,72,4192.01921
3.162013,94,4192.214818
3.134307,78,4192.388281
1.23263,96,4192.587843
3.032003,62,4192.715899
-0.675188,85,4192.884119
3.24151,60,4193.003941
3.978883,63,4193.12686
2.563543,60,4193.244346
2.874975,72,4193.386913
3.616974,64,4193.514525
1.004003,71,4193.654919
2.78626,68,4193.791627
2.522348,71,4193.931412
100.407589,68,4194.065337
0.714839,112,4194.280894
-0.302192,89,4194.454318
1.514546,75,4205.876176
105.695292,76,4206.052719
6.145415,69,4206.194843
4.113232,66,4206.331945
4.343788,70,4206.47653
4.89352,67,4206.615376
5.027608,71,4206.761895
-0.311737,78,4206.912426
3.215105,71,4207.066528
1.388376,97,4207.283676
1.15343,87,4207.464365
2.458026,92,4207.6582
3.953699,78,4207.823995
2.597758,81,4207.984414
3.796994,66,4208.123546
1.329066,80,4208.289521
3.579657,77,4208.449353
-0.48119,142,4208.760607
100.716308,86,4208.93922
1.954529,91,4209.127654
102.63479,65,4209.260485
2.208264,70,4209.402162
5.644962,67,4209.542499
3.406449,66,4209.681264
2.425277,69,4209.821384
104.846753,71,4209.970538
1.090919,105,4221.388675
1.786617,83,4221.559618
1.390477,92,4221.747098
3.08763,74,4221.90163
0.001868,130,4222.174465
101.696392,81,4222.34005
102.14141,70,4222.486875
1.723369,88,4222.669941
103.571503,71,4222.815644
3.98782,80,4222.983141
2.768232,63,4223.109054
5.220651,66,4223.239501
105.513432,61,4223.360054
1.861582,60,4223.480348
1.251298,83,4223.645272
4.986046,65,4223.772743
100.962256,106,4223.987148
2.754687,65,4224.116721
3.643243,65,4224.244996
-0.397267,85,4224.410202
4.894602,73,4224.561306
104.252115,74,4224.706208
104.063408,72,4224.84886
102.094299,70,4224.987695
1.683138,70,4225.125215
-1.172689,110,4225.344144
100.79743,63,4225.470818
2.547342,77,4236.887184
2.293711,63,4237.013748
2.543462,83,4237.172671
101.309602,111,4237.400276
4.502702,66,4237.52496
102.181804,79,4237.67717
4.965934,68,4237.810602
3.631996,80,4237.968003
0.603025,1000,4239.932252
100.716086,95,4240.117545
1.118843,83,4240.284609
1.638148,71,4240.426164
2.870499,65,4240.556237
1.734383,73,4240.700052
3.157461,66,4252.087081
0.982646,176,4252.450516
2.603122,92,4252.658131
-0.169224,84,4252.833504
2.071763,69,4252.986837
3.172593,192,4253.38838
104.204873,58,4253.505282
0.021923,86,4253.67438
2.503442,85,4253.843709
101.465969,74,4253.983516
4.131686,71,4254.129582
101.019582,78,4254.292002
2.143132,65,4254.425901
3.819116,77,4254.585172
101.61394,59,4254.70769
100.459051,72,4254.855633
3.675258,74,4255.001697
1.718304,70,4255.135632
1.421973,72,4255.278271
3.881414,70,4255.420633
-0.585567,101,4255.621794
100.740499,53,4255.726203
-0.087033,99,4255.922367
1.717906,71,4256.059609
100.548614,212,4267.718829
101.948032,69,4267.85607
3.467898,65,4267.983306
1.109003,127,4268.234946
0.936741,119,4268.484173
3.438263,65,4268.622685
3.124543,82,4268.789935
3.658216,68,4268.92224
3.561413,67,4269.071062
3.999195,66,4269.200961
2.261457,86,4269.366909
100.965444,74,4269.514022
1.022045,319,4270.140541
105.393645,66,4270.271605
1.387784,72,4270.41187
2.591289,69,4270.547812
4.470983,66,4270.677481
1.912818,80,4270.83233
4.541178,65,4270.963785
2.723366,70,4271.100079
4.133398,81,4271.255764
3.556734,77,4271.409125
3.378768,63,4271.531744
102.574914,73,4282.919576
2.621529,91,4283.117615
100.119064,49,4283.220644
4.03251,64,4283.354524
1.599932,111,4283.583435
0.439011,78,4283.744066
6.100353,73,4283.902902
102.020837,62,4284.031119
3.08764,67,4284.170779
0.435771,122,4284.43147
4.323328,69,4284.573776
4.534192,61,4284.702688
4.695513,86,4284.879188
2.307016,81,4285.042064
4.796586,75,4285.190551
100.978123,71,4285.328089
4.5052,68,4285.466285
0.443553,95,4285.653703
2.072632,63,4285.783059
0.502342,69,4285.927154
2.755379,91,4286.113936
3.513461,100,4286.32104
4.689659,68,4286.463097
101.774686,49,4286.566137
1.182719,79,4286.72991
-0.871254,110,4286.942617
102.245303,67,4298.447157
5.238224,68,4298.586758
3.789483,65,4298.729783
1.232316,93,4298.915653
2.285361,62,4299.042253
101.167042,87,4299.213587
3.928056,65,4299.339979
2.217786,71,4299.477444
-1.043485,105,4299.679466
1.379493,87,4299.851186
101.368814,87,4300.037599
4.08337,66,4300.187237
103.228462,72,4300.335818
1.324683,80,4300.505179
1.2503,80,4300.664526
3.777286,65,4300.790794
0.871101,116,4301.025499
3.82684,94,4301.209844
101.238272,63,4301.333714
101.128658,51,4301.435372
2.80556,80,4301.595958
101.493131,134,4301.856575
1.985045,74,4302.008565
102.034861,74,4302.163067
3.384738,83,4302.334924
0.519125,76,4302.491174
-0.587853,122,4314.055788
4.030711,81,4314.215946
1.071302,80,4314.372933
101.132071,80,4314.531429
2.521314,95,4314.712832
5.39164,76,4314.871087
3.022924,91,4315.046869
3.314128,81,4315.209993
0.260369,232,4315.667752
4.589192,77,4315.825202
2.590892,73,4315.9816
3.218873,76,4316.137739
1.754966,77,4316.299052
0.743127,124,4316.552643
2.964178,67,4316.685394
101.010073,63,4316.811705
100.592768,70,4316.949116
3.428994,74,4317.098975
102.187279,72,4317.245059
0.787454,62,4317.367374
2.318239,100,4317.57169
3.28927,85,4317.738021
2.102856,64,4317.861859
1.188016,84,4329.210371
2.478444,70,4329.353064
4.281054,99,4329.559885
1.334041,105,4329.77564
101.475159,78,4329.928137
100.792324,71,4330.068642
101.518643,54,4330.175663
3.6728,76,4330.32519
2.750053,80,4330.483082
104.340508,59,4330.598582
102.373105,78,4330.768594
3.08519,75,4330.920259
4.818341,69,4331.052223
1.688529,93,4331.233341
3.300584,88,4331.406266
0.946861,82,4331.572965
3.511001,102,4331.781084
3.998037,90,4331.970691
4.094734,70,4332.121644
4.223672,61,4332.251231
100.222121,258,4332.783975
101.845803,102,4332.986854
0.513509,84,4333.1484
3.245339,66,4344.642001
2.091019,75,4344.789076
4.67748,76,4344.951439
104.71472,70,4345.089816
3.177276,74,4345.234479
103.468113,56,4345.347358
1.307245,89,4345.520975
-0.029443,83,4345.683148
101.392789,88,4345.856503
-1.18628,125,4346.097288
103.170734,53,4346.20221
3.862076,71,4346.342931
4.713058,90,4346.51796
100.600053,51,4346.619481
1.828212,71,4346.766827
1.420573,99,4346.971425
-1.757379,831,4348.666221
1.483398,100,4360.092958
104.556165,71,4360.230324
103.475821,57,4360.340208
3.562615,67,4360.470332
0.305397,87,4360.6431
100.900053,81,4360.802808
2.394049,74,4360.949538
2.572435,80,4361.115887
1.067163,66,4361.25532
2.248809,74,4361.402296
5.931219,75,4361.551474
1.949478,60,4361.672644
4.594835,61,4361.798212
103.773008,74,4361.947171
-0.353461,86,4362.115751
1.382302,75,4362.263947
0.914305,90,4362.439353
3.781981,59,4362.553889
0.770482,83,4362.71795
2.51144,68,4362.853825
0.477029,94,4363.038609
104.25409,59,4363.15557
3.129288,80,4363.316509
100.968398,80,4363.481465
3.871988,78,4363.636045
105.238703,64,4363.762687
3.353777,63,4363.888474
0.545602,83,4375.244157
4.070189,62,4375.3656
2.502351,67,4375.496922
4.567705,71,4375.653413
4.432974,91,4375.836152
3.716574,65,4375.963177
3.162823,71,4376.104386
101.183635,50,4376.202696
103.463906,70,4376.344082
101.278991,90,4376.521666
3.948506,68,4376.655649
2.058116,77,4376.805477
0.996556,80,4376.962319
5.793907,74,4377.111105
0.700571,76,4377.260767
101.197758,78,4377.417446
3.663876,104,4377.623095
2.483919,84,4377.796672
2.644604,70,4377.936856
3.205121,62,4378.063177
4.975543,70,4378.203692
2.572964,71,4378.344959
100.512187,57,4378.461872
-0.179746,95,4378.657136
103.379311,55,4378.772046
4.355084,67,4378.901412
-2.151007,147,4379.197907
0.591424,84,4390.561137
101.824337,61,4390.683187
100.881836,73,4390.827139
1.107028,108,4391.039654
102.639383,70,4391.179068
2.459616,89,4391.353803
3.956291,67,4391.486204
2.637446,66,4391.617018
3.496375,84,4391.797889
-0.523218,95,4391.988318
3.24704,97,4392.185099
1.957496,69,4392.318075
5.817804,64,4392.445926
3.565984,71,4392.590127
100.889119,86,4392.759376
102.360673,66,4392.890923
1.322194,78,4393.045145
3.553192,62,4393.168572
2.222199,98,4393.361303
2.773291,62,4393.483603
100.57083,89,4393.656395
100.443877,45,4393.746639
2.367962,76,4393.898453
103.499934,70,4394.039485
3.488392,65,4394.166421
4.257028,71,4394.303733
3.875495,62,4394.42756
103.72647,61,4394.548971
4.9702,65,4405.969699
100.376817,52,4406.071384
3.858794,70,4406.212184
101.345035,53,4406.327929
103.85043,64,4406.45417
4.822101,167,4406.781167
4.635018,77,4406.933232
1.679305,82,4407.098749
1.021029,96,4407.289721
0.777757,68,4407.422537
4.007934,63,4407.550207
101.414565,74,4407.701417
101.124569,106,4407.91116
3.712117,69,4408.049857
101.202632,106,4408.255018
3.203048,96,4408.444388
103.687753,66,4408.600954
4.954235,79,4408.755581
103.739341,52,4408.858071
2.276955,91,4409.035651
103.389915,76,4409.182196
5.94799,63,4409.302094
4.624902,65,4409.434065
2.523443,70,4409.573525
101.054168,45,4409.659752
3.79559,66,4409.789367
101.919723,63,4409.913828
-1.946991,546,4422.205601
105.578212,69,4422.344787
4.271867,72,4422.485044
4.035296,75,4422.634355
101.497873,48,4422.726319
2.824393,63,4422.849594
103.269485,63,4422.972764
101.388237,55,4423.085318
2.502633,66,4423.212766
4.076029,79,4423.37322
1.803713,96,4423.560559
3.476423,67,4423.705039
103.755755,74,4423.851153
5.239864,66,4423.984214
4.60732,114,4424.209889
3.688671,71,4424.353264
4.731965,67,4424.483983
1.672777,75,4424.63121
5.375894,61,4424.751521
3.522742,99,4424.944996
4.0149,60,4425.063711
4.237966,80,4425.234495
4.117172,69,4436.620186
1.974788,71,4436.759934
1.698879,75,4436.905556
101.243974,73,4437.051595
100.228726,65,4437.179519
0.907902,807,4438.793919
3.676557,67,4438.924453
5.328838,78,4439.076747
2.643074,84,4439.241119
5.589919,61,4439.359802
1.031503,77,4439.508375
3.24799,118,4439.749922
101.006185,76,4439.900455
5.309922,64,4440.024824
104.341984,65,4440.151908
100.836902,45,4440.239954
103.114359,54,4440.344845
4.308859,69,4440.478324
103.837086,66,4451.820334
4.430069,67,4451.966614
4.081204,122,4452.208428
0.862286,95,4452.403339
2.868211,77,4452.56
101.906009,59,4452.675599
4.385398,63,4452.801945
101.420951,60,4452.925746
5.504743,119,4453.165429
0.199225,101,4453.368285
0.491016,88,4453.538019
100.596091,38,4453.613921
3.84598,72,4453.756146
106.09993,67,4453.890255
101.703896,76,4454.037526
3.348521,81,4454.198384
3.329436,69,4454.329799
103.98712,63,4454.454672
4.28916,60,4454.572325
1.600655,92,4454.752757
4.506571,65,4454.880283
1.976895,76,4455.027948
3.48907,61,4455.148608
101.652354,70,4455.284593
2.823151,60,4455.398263
1.956923,199,4455.7871
4.019206,68,4467.098614
103.566482,65,4467.231005
3.784698,83,4467.393039
3.514718,71,4467.536231
2.731907,75,4467.696615
3.859187,64,4467.820386
2.632068,73,4467.964111
-0.291465,106,4468.174096
3.250566,69,4468.310495
101.283151,52,4468.413389
5.441845,65,4468.542164
1.425052,93,4468.728176
1.990926,77,4468.879276
102.007863,69,4469.013346
105.253502,66,4469.144776
101.451528,61,4469.266989
1.614575,94,4469.45143
101.864108,74,4469.596816
101.52678,86,4469.767575
3.337053,89,4469.94212
2.132271,70,4470.076941
4.118361,123,4470.32353
2.416535,77,4470.475726
104.351043,70,4470.613028
4.792416,77,4470.763452
104.589579,58,4470.877532
2.498026,77,4471.0268
100.971236,94,4482.492464
3.507166,86,4482.668555
1.062939,75,4482.817928
5.676011,80,4482.972687
2.25263,69,4483.107751
4.15518,100,4483.308168
1.479206,79,4483.46287
3.842064,62,4483.588917
2.259256,65,4483.716449
3.912321,70,4483.865798
2.10774,78,4484.014885
1.26498,118,4484.252082
3.450131,69,4484.388929
1.988832,77,4484.539522
2.831576,67,4484.671673
101.735045,95,4484.8648
5.249241,67,4485.003297
2.874239,72,4485.145786
102.449145,74,4485.301889
0.922932,98,4485.51069
101.020768,78,4485.671132
101.154713,139,4485.956084
3.841825,86,4486.131165
0.62605,131,4486.414221
4.183726,76,4497.765216
2.724795,60,4497.897482
102.28501,60,4498.01743
4.740234,64,4498.145682
101.322216,83,4498.308981
103.120056,71,4498.456333
2.325227,82,4498.615156
0.074014,89,4498.79328
-1.101378,290,4499.372463
4.41652,68,4499.507519
4.514599,68,4499.640443
101.855811,114,4499.860058
2.277227,83,4500.022475
1.312445,73,4500.161799
0.372782,89,4500.335666
2.380191,67,4500.465218
2.369531,79,4500.624592
1.183035,91,4500.814539
100.62701,48,4500.915259
-0.448406,103,4501.13231
105.723487,69,4501.276986
103.000472,68,4501.419713
4.773321,63,4501.554254
2.061549,78,4501.714842
0.199891,81,4513.244964
4.607582,63,4513.371017
101.650852,71,4513.51691
5.908836,68,4513.659282
1.110171,84,4513.836548
0.349516,100,4514.043266
4.85437,69,4514.183435
4.964602,61,4514.320994
104.996366,61,4514.448712
2.317072,71,4514.59417
-0.608736,494,4515.635094
5.346642,78,4515.797273
102.523198,70,4515.942529
100.681118,242,4516.44086
100.01893,8,4516.456081
3.709573,80,4516.613176
102.716589,48,4516.709146
4.271566,87,4516.884787
2.822291,69,4517.020522
4.254806,90,4517.19959
102.246974,73,4517.339415
4.141669,60,4528.81516
3.487627,71,4528.962828
0.035261,77,4529.139788
4.595788,73,4529.298856
100.926714,61,4529.422695
4.415313,62,4529.549428
105.922224,76,4529.707593
102.017665,125,4529.967997
101.922263,65,4530.094578
4.369936,99,4530.289105
5.412533,65,4530.418514
-0.281814,86,4530.588452
4.209344,61,4530.706518
5.785196,68,4530.839464
2.701086,94,4531.027159
-0.210756,130,4531.282698
102.8203,69,4531.416961
4.936974,65,4531.547159
101.716427,68,4531.679505
1.579842,102,4531.88091
4.049545,89,4532.060653
102.202116,72,4532.208833
4.333163,67,4532.345688
3.069324,79,4532.508758
5.907209,69,4532.64889
3.779797,66,4532.780359
5.874571,63,4532.912638
2.266764,103,4544.470361
101.295136,122,4544.718224
101.596688,74,4544.869744
3.548101,75,4545.020817
2.539224,97,4545.217277
-0.679937,86,4545.391548
4.874739,77,4545.542054
100.569104,30,4545.600808
104.245309,70,4545.739487
2.437224,73,4545.880901
4.761889,81,4546.037934
103.00824,67,4546.17136
3.556135,89,4546.361449
2.199021,122,4546.60685
3.271471,84,4546.772519
103.950056,72,4546.921202
-1.393931,122,4547.159993
4.042593,72,4547.303582
-0.185217,84,4547.474672
2.357475,111,4547.708603
103.037378,50,4547.805477
2.25049,80,4547.965721
100.839544,70,4548.106971
3.963243,66,4548.240957
3.421794,71,4548.381442
0.338635,116,4559.799094
1.735503,69,4559.936225
4.419232,73,4560.081551
3.695309,72,4560.221208
3.691794,68,4560.357078
1.765091,69,4560.497659
1.038804,72,4560.669624
2.603661,67,4560.80307
103.004315,68,4560.935741
1.434575,66,4561.068417
101.336612,88,4561.245681
4.213843,65,4561.376349
101.753373,130,4561.632218
-0.447708,247,4562.114942
2.173671,76,4562.266493
0.641194,77,4562.418378
5.146482,60,4562.535543
103.02902,71,4562.677711
4.554616,65,4562.807623
102.072105,62,4562.927796
3.187957,81,4563.090644
102.075742,127,4563.338688
3.722108,77,4563.4906
0.74028,101,4574.873374
101.216213,75,4575.02503
5.282552,61,4575.158772
3.549526,61,4575.280889
3.229123,147,4575.57704
3.968271,74,4575.72318
3.591009,82,4575.884293
2.270806,97,4576.075588
2.161487,77,4576.232738
101.154606,71,4576.371098
2.333524,69,4576.510947
102.105077,126,4576.759098
1.234433,94,4576.943823
4.217613,73,4577.087767
2.118817,87,4577.264627
2.9993,66,4577.394407
4.832721,64,4577.523318
0.420356,97,4577.711189
3.693942,80,4577.868274
2.921251,62,4577.990265
2.249943,68,4578.126163
2.031999,66,4578.256446
1.653052,70,4578.397455
4.288935,69,4578.535769
2.317324,73,4578.677222
3.980244,66,4578.807095
1.923119,98,4590.253907
0.621863,89,4590.430055
101.45509,55,4590.543511
4.613846,74,4590.689051
4.10077,70,4590.828916
101.692874,102,4591.037097
4.719428,74,4591.185316
2.49523,180,4591.547784
4.855083,65,4591.675117
2.395227,74,4591.834214
2.632771,74,4591.982277
1.091399,98,4592.174873
1.450344,83,4592.339727
103.139674,67,4592.470845
101.251356,73,4592.613453
6.058848,73,4592.758141
2.735861,83,4592.918657
4.265566,61,4593.034744
103.633492,56,4593.145473
4.425584,70,4593.282673
3.05343,61,4593.406044
0.649205,84,4593.568313
100.64547,77,4593.721944
1.755182,80,4593.888083
3.355625,70,4594.024855
4.049469,81,4594.184693
4.946179,61,4605.535372
1.197888,71,4605.680238
2.432522,78,4605.844629
101.622079,100,4606.04142
2.419643,68,4606.177498
102.004114,120,4606.419243
1.014678,71,4606.562296
4.813627,60,4606.684854
101.382047,50,4606.787508
104.10375,62,4606.908346
101.758489,41,4606.988332
105.215536,62,4607.110867
4.4637,102,4607.309416
2.103489,70,4607.444644
4.494543,74,4607.59155
1.98283,77,4607.746737
4.356676,75,4607.896569
101.444636,83,4608.055134
101.46182,81,4608.214605
101.0433,97,4608.407703
2.021588,89,4608.577836
2.544674,67,4608.732991
0.091419,84,4608.89533
4.535025,67,4609.027874
3.125719,76,4609.177434
1.42173,83,4609.343601
2.539225,65,4609.471662
4.22597,107,4620.874237
101.481027,70,4621.013592
4.571176,100,4621.208718
2.561075,73,4621.356318
0.390002,95,4621.542135
3.954893,72,4621.68365
100.275981,63,4621.817344
1.284169,93,4622.000791
4.167976,66,4622.129493
2.128976,77,4622.289384
1.762131,79,4622.451067
-2.696711,571,4623.573404
4.433193,77,4623.727552
3.237363,78,4623.884567
101.851635,58,4624.000981
104.066686,71,4624.144857
2.492592,67,4624.278736
102.319303,65,4624.408386
3.976924,89,4624.583252
1.781375,67,4624.715196
1.3551,78,4636.036123
3.726131,60,4636.159494
6.261831,64,4636.302082
2.159666,78,4636.456141
103.451096,56,4636.569245
4.289788,62,4636.690063
1.836914,157,4636.999505
101.69528,42,4637.083914
4.576947,79,4637.238955
1.776761,95,4637.43072
101.170417,58,4637.548255
106.06286,76,4637.697634
2.855096,78,4637.854302
0.61772,95,4638.044884
2.795294,93,4638.232666
1.534435,96,4638.425166
1.337559,85,4638.591512
3.965067,69,4638.729513
100.629977,52,4638.834872
3.199523,60,4638.953477
3.110215,75,4639.101499
101.012668,76,4639.252059
1.489762,93,4639.437264
3.593822,82,4639.600235
3.112133,66,4639.731133
1.477159,69,4639.86609
4.321377,66,4640.003566
101.519819,70,4651.422081
2.067435,97,4651.612234
5.219159,64,4651.740335
102.578924,59,4651.85565
1.251546,89,4652.030721
4.34207,66,4652.165476
1.925971,70,4652.30985
3.518363,99,4652.5057
2.878063,99,4652.699881
3.464464,84,4652.884306
5.009658,81,4653.046002
5.24311,84,4653.211309
3.641401,105,4653.420115
102.421623,67,4653.551522
1.762524,62,4653.675897
101.932005,58,4653.790842
1.740199,63,4653.919093
1.463328,75,4654.071167
101.741454,54,4654.178099
100.329108,50,4654.278986
4.222594,66,4654.408311
101.680473,70,4654.547814
1.789421,169,4654.890526
4.507773,65,4655.020895
103.029185,61,4655.140338
100.878347,74,4655.302497
101.215361,82,4655.465788
101.256633,54,4666.751672
4.400328,73,4666.902617
101.461182,60,4667.021187
2.887779,97,4667.210165
5.111743,77,4667.379094
101.399572,75,4667.526974
102.050927,57,4667.637777
4.624462,63,4667.767019
103.722268,53,4667.8711
4.972992,89,4668.048986
101.517992,73,4668.191786
1.225311,79,4668.348966
0.785027,107,4668.564435
104.503173,58,4668.681997
103.458323,70,4668.869045
1.513515,80,4669.085898
2.107427,62,4669.210606
4.366973,74,4669.363769
3.896644,61,4669.484955
101.102398,173,4669.823491
100.528982,90,4670.006642
100.904656,85,4670.175899
3.093602,68,4670.307674
2.181376,88,4670.476027
3.195499,67,4670.606835
2.476089,73,4670.748893
3.356102,68,4682.088657
102.352971,74,4682.234483
1.720056,83,4682.399721
3.627652,75,4682.559239
2.80306,77,4682.713367
102.606281,53,4682.823127
103.65275,67,4682.963454
104.049363,62,4683.094652
2.21425,85,4683.27192
2.882142,73,4683.422556
-0.793639,90,4683.60737
5.448374,65,4683.740695
100.153721,51,4683.847487
102.871188,68,4683.990347
2.220464,83,4684.162163
1.555169,76,4684.318023
1.854908,65,4684.453147
0.684647,77,4684.612388
5.202306,67,4684.751356
100.992271,120,4684.992949
102.305671,73,4685.136445
-0.312866,100,4685.331534
4.393198,67,4685.465571
2.871537,73,4685.62385
4.423887,89,4685.804486
2.907685,66,4685.931814
102.507321,65,4686.058268
101.182595,77,4686.212403
3.958845,77,4697.556466
102.246533,56,4697.685169
1.975339,81,4697.848827
4.853134,80,4698.00669
3.06224,68,4698.143987
0.151197,85,4698.311683
101.17917,72,4698.462129
1.292852,87,4698.637636
0.670255,129,4698.894456
5.2349,69,4699.030957
3.225637,70,4699.174727
103.99193,64,4699.303301
3.089506,77,4699.455308
3.68094,72,4699.601386
1.645568,122,4699.839568
0.160885,124,4700.082062
4.347166,80,4700.237927
105.817012,65,4700.367973
1.47481,79,4700.523037
103.02301,57,4700.642604
1.936742,136,4700.909779
-0.918092,99,4701.103011
1.302467,112,4701.323996
102.073568,67,4701.45846
1.076891,87,4712.805956
0.378968,80,4712.976154
0.709062,125,4713.222349
101.215227,58,4713.334315
3.230539,95,4713.520697
0.343937,79,4713.676681
2.403416,75,4713.826454
104.441108,65,4713.955396
3.544934,105,4714.163282
4.344418,65,4714.289348
100.993463,108,4714.519474
101.619654,83,4714.681897
1.179529,82,4714.844465
1.985057,61,4714.965879
106.035194,72,4715.108069
105.27515,72,4715.24954
1.847708,137,4715.53099
4.189805,75,4715.679742
0.756203,1000,4728.896296
4.543131,82,4729.119821
0.88673,90,4729.300076
1.618862,71,4729.439019
101.620771,61,4729.560156
-0.396891,158,4729.873318
4.297876,68,4730.008026
4.020066,77,4730.163151
1.109952,109,4730.379712
100.395558,18,4730.415426
3.12408,69,4730.552337
103.7749,63,4730.699776
100.893329,71,4730.840486
3.718862,67,4730.969825
3.203965,62,4731.094588
2.44035,87,4731.26727
3.677411,63,4731.391829
5.123425,90,4731.57089
101.018559,77,4731.729744
101.94361,63,4731.854933
101.013011,71,4731.995429
102.486456,55,4732.111118
1.182695,71,4743.447888
4.304584,61,4743.568468
1.33319,77,4743.735594
0.887695,64,4743.861526
102.501048,72,4744.003299
1.15567,107,4744.216531
101.413707,119,4744.456724
5.418067,65,4744.587802
0.978715,85,4744.754898
1.743859,59,4744.872291
4.437364,73,4745.01926
4.422939,86,4745.188281
0.804333,91,4745.366526
1.249668,86,4745.533443
3.803643,83,4745.697222
4.421092,71,4745.836236
2.904664,89,4746.012922
-0.652188,88,4746.1861
101.162567,114,4746.414748
4.184896,70,4746.554795
0.630492,99,4746.751958
0.765254,81,4746.908816
2.623928,73,4747.053605
100.701145,73,4747.198605
3.759234,92,4747.38235
100.870357,70,4758.803821
102.095473,67,4758.938693
105.1455,70,4759.075824
1.944047,79,4759.229101
3.267807,68,4759.362822
1.456839,64,4759.489263
3.765344,59,4759.604596
3.806719,95,4759.799385
3.178362,62,4759.922043
3.909023,72,4760.072502
103.63692,70,4760.206286
4.928585,74,4760.352885
6.093172,64,4760.477255
0.508565,72,4760.620905
0.827587,139,4760.893582
1.829236,78,4761.046418
3.279305,62,4761.169221
102.861088,68,4761.305372
1.022803,77,4761.460929
101.187771,67,4761.596355
3.179457,60,4761.713277
2.101391,77,4761.865357
3.550709,67,4761.995265
-0.475736,91,4762.173718
101.685526,68,4762.307261
0.953491,81,4762.469509
4.523202,64,4762.593403
2.45709,61,4762.711654
101.430593,69,4774.089741
4.244663,87,4774.262075
2.733614,73,4774.407359
3.591127,75,4774.570734
-0.313993,166,4774.893394
4.139104,62,4775.023761
3.521083,75,4775.170243
3.129288,212,4775.581555
1.569958,74,4775.735289
3.662623,81,4775.899776
4.537743,85,4776.068653
1.774765,92,4776.249934
3.275412,74,4776.398275
4.995697,82,4776.559404
-0.752807,102,4776.759319
1.768775,111,4776.980081
3.853438,76,4777.133518
3.951184,63,4777.259924
101.569391,60,4777.381768
3.265989,62,4777.51088
1.986866,71,4777.651348
101.720981,77,4777.801526
104.767743,61,4777.922476
101.608223,77,4778.075691
2.799526,68,4789.489141
-1.216943,143,4789.774594
104.757661,74,4789.923997
2.993029,69,4790.065287
4.673284,76,4790.222103
5.607049,81,4790.38698
2.492217,59,4790.506361
2.36027,74,4790.655132
5.168614,72,4790.801373
1.425103,74,4790.951352
1.801638,70,4791.102859
103.551617,68,4791.236223
102.483264,58,4791.350189
105.157729,64,4791.476318
103.602763,71,4791.617543
2.161588,65,4791.745308
1.077535,74,4791.895833
0.313721,85,4792.061998
101.800428,67,4792.192685
0.459705,110,4792.408223
102.843113,68,4792.545144
1.991681,60,4792.663972
101.473523,76,4792.812832
104.469888,68,4792.961199
1.507484,89,4793.146077
100.493902,42,4793.237135
0.132704,89,4793.416245
0.998151,123,4804.826386
4.37853,65,4804.953219
2.075238,71,4805.094788
3.246564,70,4805.232076
100.395487,68,4805.380852
3.066769,71,4805.524994
2.364241,71,4805.665813
103.191539,56,4805.775511
100.209927,55,4805.886149
0.310011,127,4806.137679
104.249959,71,4806.28093
5.224374,63,4806.4122
101.04538,76,4806.561836
102.658908,57,4806.675061
4.680927,74,4806.823503
4.266101,104,4807.020012
-1.128806,142,4807.291523
102.086374,72,4807.434785
2.464655,98,4807.629654
3.16135,66,4807.761412
1.628631,78,4807.913076
103.028951,55,4808.02112
3.759537,65,4808.149239
3.213806,71,4808.28841
1.675283,85,4808.460212
5.735717,70,4808.596937
103.690942,56,4808.711114
101.591284,79,4820.149439
1.691573,61,4820.271874
-0.074928,83,4820.456997
3.382268,63,4820.595192
1.133351,1000,4822.573853
4.932726,73,4822.716187
101.640658,71,4822.854732
2.997382,59,4822.972069
1.210336,83,4823.135124
0.625599,76,4823.282938
2.847759,62,4823.406339
5.17631,72,4823.547432
102.338659,66,4823.681292
-0.28605,89,4823.856295
100.991815,102,4824.059854
1.277631,70,4835.493963
1.521521,81,4835.652816
-0.413847,736,4837.09797
101.287097,92,4837.277114
1.68774,88,4837.446442
1.588319,124,4837.69128
104.023296,69,4837.828596
1.225158,68,4837.964131
5.076423,124,4838.209667
-1.800485,103,4838.409514
101.552068,88,4838.583671
103.985502,72,4838.725236
101.357305,37,4838.802305
101.760399,80,4838.960199
5.647492,71,4839.101426
101.521064,50,4839.201628
1.001698,108,4839.419751
5.33199,64,4850.742473
0.745227,81,4850.902417
4.4066,64,4851.050126
0.640233,101,4851.253507
2.826573,68,4851.387767
103.503028,62,4851.510036
5.797194,63,4851.634873
3.781195,71,4851.779133
4.515889,68,4851.913884
2.583167,94,4852.100297
2.852179,69,4852.235972
2.591843,77,4852.38524
4.981662,82,4852.546523
101.313597,81,4852.704233
1.68685,76,4852.850997
100.633795,77,4853.001976
2.313842,70,4853.137718
3.411107,73,4853.282338
3.100808,95,4853.468514
4.01957,86,4853.635556
3.24699,65,4853.761395
0.012955,129,4854.014043
1.852163,91,4854.195639
102.514234,76,4854.344539
103.160601,75,4854.495095
5.422556,65,4854.624086
2.097432,60,4865.905963
105.283073,67,4866.060702
0.912109,99,4866.254012
1.62544,71,4866.39771
100.176347,44,4866.485642
100.897342,85,4866.658706
2.950978,67,4866.79188
3.649043,66,4866.924727
102.130731,71,4867.062539
1.193593,85,4867.232965
0.798088,76,4867.386157
100.575255,51,4867.491065
4.473657,78,4867.644731
5.216651,73,4867.788027
1.636789,62,4867.908995
3.836124,61,4868.027689
0.266493,70,4868.163429
4.25968,74,4868.308961
3.819509,67,4868.442282
3.805855,66,4868.574177
4.081739,94,4868.756134
6.095048,65,4868.885396
4.097351,78,4869.047005
101.077608,34,4869.1131
3.68747,106,4869.323731
102.307868,43,4869.409325
3.523086,69,4869.544285
3.689371,74,4869.69378
0.248199,1000,4882.911701
4.020823,94,4883.097486
2.58617,68,4883.232624
2.360375,94,4883.421979
4.687986,79,4883.580262
1.314864,88,4883.753508
3.888644,81,4883.913081
1.940786,72,4884.060132
102.907537,53,4884.164148
1.694757,75,4884.312389
1.293385,79,4884.46672
1.261507,73,4884.614259
1.353748,92,4884.79933
1.387017,120,4885.037623
101.374693,71,4885.180088
2.735973,73,4896.618114
1.363873,84,4896.782948
103.610076,64,4896.908303
3.49056,82,4897.080081
5.014026,69,4897.217743
102.779307,64,4897.33991
103.481065,65,4897.464495
5.969985,69,4897.596666
1.062967,73,4897.738469
103.225782,72,4897.878082
102.510813,47,4897.969561
3.847198,70,4898.102974
-0.657531,110,4898.320906
2.729535,68,4898.453041
-0.593949,95,4898.63979
101.853423,68,4898.772617
4.04304,61,4898.89324
3.125289,74,4899.038836
1.110891,99,4899.232502
102.886934,69,4899.36694
1.171615,100,4899.56022
3.153463,65,4899.68874
3.839208,75,4899.840746
0.133781,76,4899.986374
102.332661,70,4900.125157
104.238378,71,4900.262712
3.941275,82,4900.42299
1.554163,77,4911.922578
102.914683,54,4912.027511
101.160005,126,4912.275651
4.603104,61,4912.395703
2.714643,66,4912.523669
4.310968,63,4912.647703
2.277741,97,4912.839768
3.327142,66,4912.978202
5.220915,68,4913.139771
4.192863,65,4913.269491
-1.314057,123,4913.509475
3.98062,85,4913.674824
3.397419,101,4913.877659
102.060945,70,4914.020211
2.34416,81,4914.180813
5.668402,68,4914.315977
0.557737,71,4914.455461
1.958336,72,4914.607157
2.794219,73,4914.749963
0.684963,83,4914.917626
100.721249,244,4915.401973
4.773004,91,4915.582475
4.131043,77,4915.737346
0.825103,71,4915.877267
1.680371,69,4927.197618
5.383233,84,4927.366269
103.221636,71,4927.508708
1.933299,70,4927.644887
5.221996,63,4927.783116
4.043169,100,4927.978709
4.000679,77,4928.130631
3.506894,77,4928.292256
104.666195,63,4928.414773
4.775438,64,4928.541685
2.706152,93,4928.725376
3.141226,67,4928.861741
5.41018,81,4929.02454
1.805352,61,4929.144693
3.547392,94,4929.332025
2.665746,70,4929.468693
1.251755,104,4929.67235
4.680605,65,4929.80374
0.359127,80,4929.96537
4.578571,63,4930.086763
3.162649,94,4930.270773
0.584024,84,4930.433711
2.898935,66,4930.566037
102.064483,68,4930.714514
-1.132044,97,4930.915052
0.705358,117,4931.142178
1.752507,92,4942.492259
1.619839,86,4942.663024
-0.543843,1000,4944.642775
3.933943,70,4944.780467
0.714854,67,4944.91656
-0.65262,94,4945.112715
-0.622413,223,4945.554212
101.073749,56,4945.665755
100.921059,258,4946.180848
100.956907,73,4946.320602
4.820403,74,4946.467635
3.376286,78,4957.790394
100.994629,128,4958.041489
1.433637,71,4958.190908
2.062844,82,4958.35609
2.736687,66,4958.48592
3.883018,61,4958.604131
102.138765,75,4958.753284
4.39623,84,4958.92116
1.407556,125,4959.169292
102.1444,54,4959.27436
1.101168,86,4959.439069
5.791428,65,4959.566163
3.811349,70,4959.702731
4.671067,72,4959.845252
2.997479,68,4959.995239
101.039805,60,4960.118774
100.266692,38,4960.193759
102.558733,70,4960.336549
3.410954,76,4960.487416
2.132848,84,4960.654729
1.380028,79,4960.811434
3.362902,82,4960.976129
-2.115588,121,4961.212495
3.995793,87,4961.387724
3.838116,95,4961.572949
5.041403,62,4961.695943
5.893927,62,4973.101823
1.712109,70,4973.238174
3.583894,69,4973.372307
100.744397,74,4973.532228
1.668943,87,4973.7085
1.740496,71,4973.849375
1.791414,102,4974.046683
3.747456,75,4974.205709
100.779649,53,4974.30788
2.142978,70,4974.442183
1.908949,75,4974.592895
3.068646,81,4974.75504
5.377117,71,4974.893283
100.823853,77,4975.046397
4.343788,74,4975.202138
105.425759,69,4975.338014
2.014912,84,4975.503801
3.116053,66,4975.631982
100.886568,71,4975.774371
4.286923,65,4975.907689
2.735609,93,4976.093626
1.048865,93,4976.276213
1.693279,92,4976.460681
3.593242,72,4976.599823
1.382829,95,4976.783649
100.089545,65,4976.916172
100.833654,73,4977.060074
102.978984,66,4988.364882
1.614576,86,4988.533279
104.788176,68,4988.668097
101.748701,43,4988.767177
0.820007,75,4988.916797
1.107187,90,4989.091655
101.500311,89,4989.265493
103.048601,74,4989.41094
0.318267,91,4989.595677
4.493658,84,4989.760851
3.022867,82,4989.921876
1.234769,80,4990.081914
3.634676,66,4990.221105
3.752519,85,4990.39386
-0.119067,170,4990.728397
1.544245,70,4990.865704
2.149136,59,4990.986776
100.265383,21,4991.027404
105.652387,64,4991.153448
1.886833,95,4991.342068
104.12459,63,4991.467137
0.474522,99,4991.666829
3.750549,69,4991.803141
101.039183,68,4991.938017
1.147484,452,5004.041619
1.327973,78,5004.1971
5.192367,65,5004.323581
4.15744,63,5004.446028
1.284974,111,5004.674162
2.699066,84,5004.839303
1.402736,81,5004.997624
100.969457,58,5005.112972
4.712191,70,5005.251376
0.803185,77,5005.402266
3.770483,77,5005.55715
3.708938,82,5005.717886
4.876443,63,5005.844453
100.542264,262,5006.351723
5.260645,64,5006.481488
1.459306,83,5006.644408
1.430449,62,5006.769632
104.490497,57,5006.883717
5.1967,71,5007.023835
4.62948,59,5007.137672
3.630294,81,5007.301688
0.261174,92,5007.478176
-0.626163,207,5019.077352
101.489291,83,5019.244864
101.973693,74,5019.391726
101.487402,36,5019.464248
2.157692,72,5019.607057
2.871035,74,5019.750634
4.450686,63,5019.879058
2.087007,68,5020.013677
2.992127,74,5020.159971
3.16827,60,5020.286557
100.851119,57,5020.412444
5.091833,68,5020.542084
2.98098,68,5020.675972
1.679726,78,5020.8311
1.691262,93,5021.01138
1.831687,87,5021.181889
101.476463,59,5021.29781
0.526783,96,5021.495174
101.749114,111,5021.712793
1.246138,76,5021.858669
3.183192,91,5022.039413
2.262509,72,5022.182449
0.648733,1000,5035.412508
102.322598,67,5035.551832
3.705647,67,5035.683842
0.662797,1000,5037.661495
4.422089,72,5037.803668
1.413174,63,5037.927825
102.574146,70,5038.068335
4.563706,62,5038.190578
2.501326,60,5049.495079
2.059251,80,5049.654628
100.633545,37,5049.727798
105.934485,69,5049.864944
3.0984,59,5049.984132
1.971198,63,5050.115843
105.274149,61,5050.241977
2.161272,61,5050.362395
1.290634,90,5050.543118
3.519629,73,5050.692703
1.312334,101,5050.911345
1.996267,73,5051.054967
1.717071,111,5051.267792
104.785164,67,5051.401669
1.710587,85,5051.568005
5.242696,64,5051.700591
2.370636,79,5051.85384
1.145432,98,5052.049125
1.958476,79,5052.203554
3.944075,69,5052.340297
0.835566,96,5052.530492
5.180786,77,5052.67818
2.683358,84,5052.842312
3.894208,60,5052.958124
2.670747,63,5053.08456
2.207282,69,5053.221566
0.300786,67,5053.351176
2.162154,77,5064.697177
100.988484,122,5064.95163
1.530047,66,5065.081287
1.397784,87,5065.250076
2.926047,58,5065.364652
2.770602,60,5065.479313
0.622719,92,5065.656696
0.67267,65,5065.796412
-0.182577,107,5066.00563
1.254242,91,5066.18314
2.002662,76,5066.332143
-1.773291,232,5066.79293
0.926523,105,5066.997658
3.779283,78,5067.148895
102.340895,66,5067.278404
105.641967,64,5067.40473
101.42249,112,5067.629719
102.356189,47,5067.723109
4.287763,82,5067.885373
1.032177,67,5068.018872
0.266986,109,5068.23377
102.227448,71,5068.375491
101.058763,98,5068.568442
1.650731,71,5068.707366
2.080959,59,5080.014564
3.158537,71,5080.1514
101.22693,65,5080.281799
5.760784,73,5080.445104
1.884601,68,5080.58338
4.142278,67,5080.723111
-1.15674,144,5081.030022
5.587496,69,5081.167139
102.107538,127,5081.418504
3.811869,62,5081.540036
0.878318,67,5081.671458
103.61501,63,5081.793998
1.206447,70,5081.929216
1.587309,96,5082.12247
0.373864,83,5082.28024
2.889472,69,5082.413901
0.704981,97,5082.599863
0.485333,105,5082.821584
-0.308671,83,5082.985372
5.730872,70,5083.123668
104.898255,62,5083.243057
4.960093,76,5083.394355
4.569897,71,5083.533664
0.576303,72,5083.674959
101.389624,35,5083.745052
103.724859,68,5083.879602
1.368057,92,5095.255332
100.385733,74,5095.404472
103.222554,67,5095.534289
3.68653,70,5095.674329
2.054098,86,5095.841437
101.422233,68,5095.975966
2.248571,77,5096.123579
3.321811,77,5096.292671
104.029605,59,5096.410494
3.027393,65,5096.538637
3.237143,71,5096.678713
1.032926,105,5096.901418
102.272143,59,5097.022012
2.399309,97,5097.210898
3.398959,67,5097.342088
2.276038,70,5097.479818
2.999013,90,5097.655333
4.928788,66,5097.781525
0.447558,78,5097.936932
2.416101,72,5098.077348
4.920515,72,5098.219296
3.525617,78,5098.400082
101.498271,55,5098.511444
4.635989,61,5098.635221
3.260102,87,5098.80568
1.376472,86,5098.977267
101.134833,115,5099.202073
5.32361,82,5110.526146
-0.156169,154,5110.824236
0.968508,70,5110.984414
5.276965,63,5111.115305
3.092468,75,5111.285372
2.066197,75,5111.447345
4.298814,66,5111.581935
3.369417,80,5111.743916
3.130256,61,5111.864515
104.600355,64,5111.99908
101.191029,72,5112.146606
4.19169,74,5112.290944
100.798005,87,5112.465932
3.981058,71,5112.61235
-0.683843,120,5112.849048
-0.962719,409,5113.661158
105.050082,65,5113.784859
1.500531,129,5114.031268
0.902059,94,5114.218098
1.498191,62,5114.34127
100.987245,56,5114.452765
100.825423,74,5125.754719
104.734751,68,5125.886182
5.641912,70,5126.022246
1.053445,86,5126.207875
4.695633,63,5126.333175
5.437113,63,5126.459798
4.81373,63,5126.587388
5.192028,74,5126.731585
2.634178,72,5126.885504
102.005024,44,5126.972502
0.668405,99,5127.163726
3.391569,102,5127.367343
102.052119,71,5127.511043
101.752912,77,5127.6578
101.993645,102,5127.857149
100.640735,57,5127.973388
3.97278,69,5128.107501
2.354956,207,5128.519062
5.446832,81,5128.680619
2.263304,68,5128.815589
1.154339,72,5128.957037
100.761331,63,5129.08312
1.220643,98,5129.274641
2.943715,68,5129.412884
4.095833,106,5129.620509
4.613442,87,5129.791075
101.936091,80,5141.163389
1.661837,70,5141.318023
2.511971,71,5141.460428
0.004545,136,5141.741241
101.879066,70,5141.879128
2.410699,73,5142.024207
0.966201,271,5142.579699
103.224277,70,5142.717138
1.536834,127,5142.968355
4.1142,66,5143.09797
2.034995,67,5143.234823
101.736082,62,5143.359655
4.750753,68,5143.499347
4.444864,66,5143.627663
101.055543,89,5143.803795
3.185663,62,5143.927345
2.082848,77,5144.079378
4.402814,72,5144.221931
0.424414,86,5144.392548
4.469673,67,5144.523823
4.82824,61,5144.643585
3.267231,74,5144.796623
1.280313,91,5144.981233
3.011433,89,5156.374095
1.783367,71,5156.515955
2.61466,68,5156.653163
102.26698,66,5156.785553
101.575258,92,5156.970387
5.079151,70,5157.113902
2.314299,89,5157.291196
4.433019,65,5157.423352
100.851302,87,5157.598473
1.011887,95,5157.788395
1.255322,75,5157.949666
3.35101,70,5158.09142
3.670584,72,5158.231623
4.292293,67,5158.360494
3.772786,63,5158.488378
3.011007,70,5158.627439
5.718429,78,5158.782459
1.955097,64,5158.905039
4.89859,67,5159.03633
1.514886,75,5159.188858
4.229253,69,5159.32519
-0.485444,82,5159.488483
102.344225,44,5159.583981
102.58208,67,5159.711459
0.916562,88,5159.882282
4.098265,64,5160.019875
3.894999,68,5160.155813
3.309854,61,5160.275435
103.216105,67,5160.405966
103.135284,50,5171.868468
2.54075,70,5172.02188
1.425908,72,5172.165003
3.845055,83,5172.329974
0.66753,97,5172.523652
4.262726,66,5172.651411
0.528648,73,5172.795251
4.622527,71,5172.943763
-0.093546,1000,5174.998904
101.571393,74,5175.154757
2.119228,69,5175.299638
1.96476,61,5175.424027
102.153867,117,5175.665648
0.324154,73,5175.817349
4.159913,80,5175.985393
4.194798,66,5187.347334
2.176494,69,5187.486825
4.361985,73,5187.637523
2.011403,166,5187.977354
4.458829,67,5188.116784
1.754186,88,5188.315591
3.39919,66,5188.449291
101.661497,96,5188.649245
4.597271,100,5188.847711
1.454736,71,5188.987609
2.243796,83,5189.147983
101.551467,84,5189.311926
3.377643,70,5189.452687
4.63688,76,5189.605318
2.94819,67,5189.73851
2.228237,69,5189.878165
3.673118,65,5190.009993
101.389072,74,5190.164201
3.769242,63,5190.291506
3.135624,83,5190.464719
3.095819,82,5190.638669
2.499379,64,5190.761562
101.322458,157,5191.062625
1.129109,90,5191.241782
1.372579,71,5191.390981
-0.28647,140,5202.940593
5.376216,73,5203.087451
2.155879,85,5203.285003
1.931838,92,5203.474514
2.984587,81,5203.642273
0.375943,67,5203.786708
-0.782031,91,5203.987208
2.375828,63,5204.115266
2.956919,70,5204.262484
3.426726,60,5204.386648
2.740326,69,5204.527667
3.240561,67,5204.667195
-0.234609,1000,5206.651576
2.748379,73,5206.79557
0.686854,106,5218.273658
104.160765,66,5218.403894
0.422514,74,5218.548215
101.500797,81,5218.713433
3.268282,90,5218.904239
2.821623,100,5219.105288
101.187633,78,5219.268477
3.6237,60,5219.385772
2.253365,68,5219.525543
1.85276,74,5219.678724
4.989708,66,5219.815702
3.879769,68,5219.955638
1.479674,95,5220.150181
3.946311,76,5220.309188
101.373739,69,5220.45118
101.899963,65,5220.582535
2.834871,68,5220.722271
100.668936,58,5220.839202
3.97767,66,5220.968724
2.300065,67,5221.1027
1.579466,77,5221.258353
103.067033,49,5221.357769
3.914531,86,5221.5246
1.267244,95,5221.714622
101.840482,109,5221.928113
4.849043,61,5222.049234
0.832492,75,5222.194622
101.43307,82,5233.608521
3.830857,67,5233.761698
2.619454,70,5233.903568
2.318535,73,5234.049433
2.229024,77,5234.203232
1.31194,71,5234.343391
-0.821987,88,5234.522257
1.226267,72,5234.676553
2.23935,72,5234.825304
2.162132,60,5234.944057
1.618799,87,5235.120277
2.604768,70,5235.264784
104.698139,74,5235.410551
101.078891,82,5235.570709
101.819323,79,5235.726224
1.73064,64,5235.851899
4.37483,66,5235.981364
1.755734,66,5236.108875
102.059351,51,5236.204254
2.049933,88,5236.380424
100.896113,83,5236.546575
4.980479,82,5236.713994
102.005853,78,5236.867921
1.784696,85,5237.03475
0.681126,90,5237.215607
101.781172,74,5237.364706
-0.005108,83,5237.530476
5.09122,70,5248.97848
5.882925,76,5249.133759
101.129953,86,5249.311768
101.512907,61,5249.440079
4.277494,69,5249.589509
4.031469,70,5249.734288
4.301373,71,5249.879309
-0.422735,85,5250.064577
100.139621,69,5250.207926
4.415809,70,5250.352918
3.240801,77,5250.529996
101.274221,80,5250.693988
101.530004,55,5250.807044
-0.054613,121,5251.040764
3.33205,68,5251.175117
4.071406,83,5251.335184
101.311002,99,5251.531199
4.914597,61,5251.648469
103.980952,69,5251.781807
2.728821,62,5251.90248
0.688425,68,5252.041361
100.983363,74,5252.19245
4.323403,63,5252.323864
105.449315,72,5252.472683
1.534657,84,5252.652864
4.997344,69,5252.796169
2.473917,68,5252.930465
101.271857,90,5264.369286
2.426193,66,5264.501243
101.515997,81,5264.677369
3.293318,63,5264.801108
2.987708,69,5264.935262
3.959958,108,5265.150019
101.692271,71,5265.291618
100.300644,23,5265.339548
102.341984,67,5265.470253
1.184811,72,5265.610425
1.167619,122,5265.8488
2.57865,64,5265.974515
101.845589,97,5266.165473
3.589171,76,5266.317955
3.038532,66,5266.446432
-1.371654,118,5266.67476
1.732421,79,5266.829105
4.273843,129,5267.087296
101.874765,97,5267.281599
1.714304,88,5267.456435
5.66507,62,5267.578529
0.191011,110,5267.796604
3.807922,77,5267.957971
101.02686,69,5268.099903
0.89828,70,5268.240151
101.604788,85,5268.406131
1.033889,106,5280.072746
101.556479,39,5280.153602
-1.107997,89,5280.336977
1.509829,86,5280.506605
104.104718,59,5280.620855
3.506251,72,5280.761521
2.872735,69,5280.89863
-0.772106,113,5281.119732
103.365171,69,5281.257352
0.824527,104,5281.471815
105.72325,71,5281.613697
1.579448,100,5281.808446
4.708893,68,5281.946814
3.605406,94,5282.133352
2.949517,93,5282.320697
5.324587,79,5282.477506
4.478302,74,5282.632589
4.806678,64,5282.760793
101.085065,46,5282.848273
103.943616,56,5282.957397
103.718756,58,5283.072634
1.775074,73,5283.217288
4.288003,69,5283.347958
1.946529,69,5283.482203
4.184063,79,5283.64218
0.07579,119,5283.880469
103.723208,70,5295.273512
4.372045,77,5295.45102
4.215647,104,5295.659764
3.182038,69,5295.798384
1.284296,87,5295.968667
3.267328,67,5296.101362
4.781902,66,5296.226619
4.334665,62,5296.350801
102.037674,43,5296.429894
105.167979,63,5296.553838
1.668223,84,5296.723143
2.259375,80,5296.874161
2.540381,76,5297.023049
102.709474,71,5297.161884
1.685298,65,5297.290161
4.666095,69,5297.429755
3.815264,67,5297.563766
4.624707,68,5297.698697
101.691081,79,5297.859071
103.250896,69,5297.998144
1.179063,92,5298.182377
3.372117,74,5298.336708
-0.536048,175,5298.680791
0.725687,84,5298.85333
101.448915,52,5298.960305
3.184153,62,5299.083801
1.523773,78,5299.238571
2.683655,74,5310.771519
2.337807,67,5310.902603
102.122962,65,5311.027492
2.753844,92,5311.207415
2.215749,66,5311.339024
103.167139,56,5311.451189
4.010172,61,5311.570763
2.118997,68,5311.702055
5.040155,61,5311.823688
102.255276,55,5311.935455
4.190748,72,5312.077594
3.893025,68,5312.224591
0.789872,66,5312.353955
1.880919,87,5312.525141
101.324619,99,5312.721042
3.709869,71,5312.868311
102.191999,70,5313.008137
2.708889,76,5313.165775
1.718999,67,5313.309064
5.051308,68,5313.448183
101.16218,48,5313.547485
101.598268,91,5313.730806
3.871309,76,5313.883572
100.675349,69,5314.024102
4.465364,106,5314.237693
3.780468,77,5314.389474
2.337736,62,5314.514176
100.531523,23,5314.557358
100.905084,78,5314.728646
1.538297,68,5326.103674
0.856569,101,5326.308131
2.93218,68,5326.438261
102.242687,50,5326.535699
5.175955,62,5326.66426
0.052745,171,5327.02517
0.637492,79,5327.18556
0.171491,112,5327.400971
101.445085,80,5327.564912
101.461952,81,5327.730929
1.334864,80,5327.895599
4.378131,65,5328.033434
-0.81564,180,5328.410595
1.9884,79,5328.573893
2.601057,82,5328.743761
4.013848,96,5328.944088
4.537513,94,5329.175135
4.35377,207,5329.665732
1.412265,80,5329.828631
2.908505,67,5329.957488
5.076124,61,5330.07966
2.745852,89,5330.259401
4.749656,63,5341.638593
4.117177,59,5341.759851
104.743863,59,5341.880363
4.867742,64,5342.026492
104.028875,55,5342.140587
101.548079,91,5342.329789
4.251677,85,5342.503134
101.104322,85,5342.67672
0.458506,173,5343.023455
101.457294,82,5343.18338
104.663044,68,5343.315818
1.491908,100,5343.524618
4.20318,75,5343.673589
4.803329,63,5343.800098
101.820787,71,5343.939141
1.429621,73,5344.084695
3.023909,65,5344.226331
4.258109,79,5344.389632
1.229322,85,5344.563628
3.879092,64,5344.696179
4.792089,85,5344.869667
-0.113611,124,5345.131847
103.39608,61,5345.260575
-0.090587,102,5345.476234
101.468883,81,5345.643074
101.958908,94,5357.117585
104.166101,66,5357.244556
4.331533,63,5357.367817
1.021399,71,5357.511814
100.629157,29,5357.58619
101.257236,42,5357.670724
4.345667,65,5357.802102
4.136848,78,5357.958487
100.98456,52,5358.063126
102.112591,74,5358.210944
4.324943,102,5358.414813
1.41559,68,5358.552898
106.043079,68,5358.693066
1.867752,69,5358.830736
3.142801,71,5358.973617
3.126376,67,5359.10665
103.528392,74,5359.253559
5.085977,91,5359.432555
4.833808,65,5359.565266
3.063181,96,5359.765383
-0.860906,95,5359.956115
1.891779,68,5360.094306
100.10758,12,5360.118474
3.778393,66,5360.248785
-1.725642,120,5360.492503
4.192741,73,5360.641355
1.360111,73,5360.807727
105.26198,63,5360.939296
101.13802,84,5361.113198
1.329024,86,5372.545342
5.248959,68,5372.679227
3.198973,85,5372.842537
5.516703,69,5372.977319
101.825504,91,5373.17183
101.885873,39,5373.248026
5.306314,65,5373.37712
4.468703,62,5373.50049
4.269253,66,5373.632255
4.74512,68,5373.768494
0.386054,144,5374.052102
5.125531,66,5374.179846
2.567107,60,5374.297908
105.23181,62,5374.420131
0.078415,132,5374.672907
103.157292,69,5374.803405
0.207426,1000,5388.008603
-0.610435,90,5388.188494
3.89062,63,5388.316516
101.575903,71,5388.456652
102.691269,62,5388.583661
4.434107,66,5388.721313
4.585346,69,5388.859829
101.046506,110,5389.08012
100.665283,84,5389.243895
101.413029,102,5389.470046
101.215964,77,5389.630023
2.09794,69,5389.773752
101.308847,84,5389.94029
5.192539,61,5390.058904
6.038109,68,5390.192193
1.154401,92,5390.375709
4.110298,66,5390.509246
2.493842,85,5390.678653
1.719593,78,5390.833945
3.954307,71,5390.972879
0.359149,83,5391.137064
101.828182,60,5391.255816
2.199668,80,5391.416083
101.46337,60,5391.533706
2.503672,66,5391.662055
3.02639,66,5391.789874
104.776993,65,5403.117912
0.216689,201,5403.541906
101.360222,85,5403.723483
-0.345215,79,5403.886012
2.166408,67,5404.025726
5.112205,61,5404.152999
2.047541,70,5404.297256
101.358465,70,5404.445087
0.853717,203,5404.864627
2.285661,61,5404.986863
4.609147,63,5405.111337
5.29867,65,5405.240385
102.509691,68,5405.371043
1.45803,69,5405.510167
4.113627,67,5405.645619
104.119392,69,5405.781396
1.959712,75,5405.930989
2.528571,80,5406.096533
101.116784,70,5406.240792
100.13025,10,5406.261201
101.315502,86,5406.443936
104.893004,67,5406.583712
1.264107,74,5406.740185
3.408737,75,5406.898738
0.404636,140,5407.190527
2.247874,85,5418.77694
1.504383,69,5418.914843
100.716518,44,5419.002681
3.995016,73,5419.147897
1.782553,69,5419.284161
104.695183,59,5419.399675
101.85502,67,5419.532285
3.732831,61,5419.654345
1.98952,78,5419.825745
3.51558,71,5419.96813
6.138389,64,5420.107758
101.785345,66,5420.247959
4.981416,74,5420.40626
3.549249,68,5420.544894
-0.790759,157,5420.865521
101.088317,103,5421.073725
2.886711,88,5421.257775
4.730124,88,5421.436407
102.632867,53,5421.549061
2.991157,71,5421.695183
4.795614,70,5421.839397
5.653064,81,5422.003111
3.808963,67,5422.142354
4.742738,64,5422.274389
103.00815,50,5422.381399
101.26947,98,5422.591178
101.41245,87,5422.762824
1.0204,72,5422.911921
104.87937,73,5434.461719
0.903772,105,5434.67317
3.009064,97,5434.873674
3.010439,64,5435.024832
2.365917,63,5435.154238
4.147809,66,5435.29073
2.619586,77,5435.460126
2.616023,67,5435.598594
101.120716,57,5435.719683
2.650805,76,5435.876683
101.571565,77,5436.033672
2.106943,85,5436.213262
3.564397,69,5436.357017
101.016315,78,5436.519381
2.863941,68,5436.659433
101.456461,86,5436.838812
5.785312,71,5436.992149
2.035178,87,5437.174477
3.076606,68,5437.314346
-0.315713,99,5437.526101
104.480604,59,5437.650177
1.580543,72,5437.802355
104.445667,68,5437.939091
100.708416,73,5438.088667
103.342747,73,5438.242471
1.914314,87,5438.421664
4.786766,66,5438.559801
-0.265486,77,5450.031452
4.286249,64,5450.160919
3.104428,83,5450.32261
102.885336,70,5450.461149
4.772284,71,5450.603484
104.493736,62,5450.727631
1.495641,89,5450.906228
0.987382,67,5451.040402
1.52471,156,5451.36698
4.576658,75,5451.540507
3.617761,79,5451.711458
4.113594,66,5451.847738
100.811695,84,5452.015278
105.013055,64,5452.147475
100.657877,77,5452.310973
102.471423,67,5452.451622
4.034763,79,5452.623152
1.111473,86,5452.801781
2.553653,63,5452.934623
1.872424,69,5453.082934
5.506313,76,5453.244868
2.67884,65,5453.393021
2.775133,87,5453.575948
3.279339,70,5453.725224
3.086591,69,5453.885064
106.11093,70,5454.045468
2.323131,103,5465.541789
2.132525,71,5465.681182
4.540996,75,5465.826711
101.091246,73,5465.96928
100.976638,53,5466.084969
-0.553824,88,5466.256254
3.945495,103,5466.456136
0.240739,114,5466.678186
2.114388,69,5466.812564
3.600731,74,5466.960343
2.820942,73,5467.104314
5.366001,82,5467.262538
1.274829,67,5467.391994
4.61125,76,5467.54165
2.929355,74,5467.693062
4.707751,67,5467.830594
1.061524,99,5468.032854
1.154074,67,5468.165687
103.109735,77,5468.315472
4.12242,78,5468.476706
106.166006,74,5468.636129
101.393937,65,5468.776574
101.241836,80,5468.932005
1.700386,61,5469.051727
-1.514689,101,5469.253695
102.637445,72,5469.397147
2.311703,68,5469.534966
4.237384,64,5480.883109
5.448637,67,5481.029284
101.644978,89,5481.21395
105.24867,69,5481.355227
106.018582,73,5481.506223
2.018951,60,5481.627774
3.119134,70,5481.770815
1.528202,123,5482.034063
4.098159,65,5482.166228
1.666238,72,5482.315878
3.582776,71,5482.460096
-1.164202,93,5482.642819
1.395674,81,5482.799285
3.913219,85,5482.965165
4.258934,82,5483.123709
1.900963,64,5483.248701
104.131009,69,5483.385131
2.216463,129,5483.636876
4.810223,73,5483.780957
1.603295,80,5483.942618
3.640896,77,5484.095525
101.71983,68,5484.230271
2.300573,87,5484.400534
2.548578,64,5484.527743
101.029186,74,5484.674121
5.798836,82,5484.832229
101.539564,78,5496.294476
3.527079,66,5496.427674
1.989509,60,5496.552492
102.401386,60,5496.6942
5.508275,63,5496.824046
3.561535,67,5496.95636
3.215066,79,5497.111994
4.992156,84,5497.274409
4.060851,64,5497.405195
4.404313,61,5497.524352
3.905508,78,5497.675447
3.205578,63,5497.80141
102.500741,58,5497.913037
2.01374,67,5498.041765
104.304714,64,5498.170835
2.603811,64,5498.294386
100.872644,57,5498.406614
104.117874,71,5498.542356
3.683052,63,5498.665442
0.596139,152,5498.972936
2.60714,71,5499.115245
101.81573,106,5499.323382
4.452166,72,5499.472464
3.28518,94,5499.6617
3.31814,74,5499.809721
4.068096,63,5499.937328
2.111173,72,5500.080849
4.490498,100,5500.275997
3.883157,97,5511.797723
104.407453,74,5511.947402
2.668282,74,5512.095756
3.795718,62,5512.219559
-2.189993,395,5513.017374
0.076713,118,5513.249502
101.843738,96,5513.456059
101.997445,71,5513.598497
101.592027,127,5513.849692
101.942905,43,5513.938183
2.237543,69,5514.078439
1.937853,74,5514.225733
100.724796,46,5514.317107
4.200261,62,5514.444979
-0.196634,124,5514.693807
100.536346,82,5514.858646
101.210891,66,5514.990594
101.20508,74,5515.137691
104.737551,71,5515.276179
2.198694,80,5515.433846
1.531138,97,5515.621442
3.314584,75,5526.928182
5.95908,65,5527.055618
-0.758003,90,5527.234883
0.602077,1000,5529.258371
0.304239,228,5529.708456
1.822583,70,5529.873418
101.921492,99,5530.067994
4.907722,62,5530.18665
1.780414,60,5530.304095
102.846961,78,5530.459111
103.953694,60,5530.577109
2.702514,80,5530.734356
1.598714,69,5530.870326
5.413779,72,5531.014583
1.415087,69,5542.321782
4.851817,80,5542.494718
2.473271,81,5542.650996
5.382237,63,5542.77638
1.290926,75,5542.924199
0.846917,108,5543.133857
3.933203,69,5543.272639
3.335051,90,5543.45089
105.992181,66,5543.580564
101.021182,69,5543.718324
0.579938,93,5543.918558
0.96537,64,5544.044742
5.982129,64,5544.173684
2.127153,92,5544.355362
2.217771,71,5544.497283
2.090066,61,5544.62172
0.109423,79,5544.772835
4.243267,69,5544.913288
4.291995,61,5545.030612
104.520738,62,5545.157097
101.249802,110,5545.375675
4.156613,63,5545.5013
101.534552,58,5545.617354
0.31065,82,5545.779776
5.381309,65,5545.915047
4.32914,64,5546.043166
3.562966,82,5546.207894
3.356671,84,5557.571046
103.199712,68,5557.704487
-0.107716,77,5557.856527
0.106822,110,5558.089479
3.11051,67,5558.223644
105.823787,67,5558.356124
101.078758,65,5558.490235
101.531423,65,5558.620045
100.553443,57,5558.735792
3.128907,61,5558.853549
100.674494,55,5558.961193
104.581796,70,5559.098182
2.549969,91,5559.278714
103.025363,55,5559.389269
3.491235,69,5559.523643
2.002098,91,5559.713155
5.02696,63,5559.83748
103.832469,71,5559.977483
100.833665,87,5560.153183
106.006947,67,5560.288965
102.532057,63,5560.413441
101.031071,85,5560.577312
-0.155792,127,5560.837326
2.760725,72,5560.981177
101.677753,84,5561.14944
2.643053,113,5561.37879
101.868047,70,5561.516596
5.201315,63,5572.867223
1.594261,93,5573.057262
-0.458229,113,5573.281649
5.579173,79,5573.439163
-1.729633,483,5574.415788
1.612263,64,5574.543435
3.963435,65,5574.669833
0.689584,71,5574.808776
2.342673,80,5574.968616
2.322071,76,5575.117093
1.40392,74,5575.263595
0.974691,95,5575.454177
1.223337,80,5575.613544
4.985231,66,5575.744979
101.18185,50,5575.844277
1.452362,72,5575.987798
5.669235,63,5576.113747
2.166761,78,5576.27157
102.287747,63,5576.397473
102.870668,76,5576.54707
4.986831,78,5576.703134
101.710213,68,5576.839665
1.475846,66,5588.159438
-0.775968,212,5588.590904
4.003633,71,5588.730075
104.309543,57,5588.846248
3.652567,67,5588.976605
3.545501,88,5589.151392
3.727034,93,5589.335642
101.184112,80,5589.492903
3.704415,68,5589.6259
103.494435,56,5589.736655
104.981835,76,5589.885543
4.44208,81,5590.046432
0.954722,75,5590.196048
5.375216,65,5590.333382
101.146862,67,5590.464111
4.207108,66,5590.593191
103.100907,52,5590.694669
100.994808,88,5590.868754
1.123216,98,5591.06167
101.011764,84,5591.229146
2.618032,60,5591.352674
100.425902,79,5591.511055
1.820488,104,5591.714693
1.149832,90,5591.894148
3.14976,66,5592.028148
102.531202,72,5592.174237
103.656523,72,5603.540829
2.848066,92,5603.726397
102.108399,61,5603.843354
100.976552,31,5603.907194
3.992999,66,5604.041615
103.884863,54,5604.148271
0.874202,98,5604.346642
103.073449,50,5604.448975
2.943054,71,5604.604923
0.969323,76,5604.754569
100.740766,78,5604.909528
4.985044,62,5605.036352
104.104365,56,5605.154404
101.552032,83,5605.321075
3.333479,66,5605.450112
4.213369,70,5605.586911
5.012731,86,5605.757416
1.095799,63,5605.883479
101.143645,88,5606.064082
103.354145,71,5606.205045
101.237082,56,5606.316254
4.895242,75,5606.466856
1.427534,75,5606.616005
3.592793,70,5606.753842
102.675292,51,5606.853596
1.196704,72,5606.996268
4.777083,88,5607.168977
5.182459,73,5607.318177
1.33746,70,5607.458115
101.18374,40,5618.762228
100.567483,69,5618.904025
1.388908,70,5619.053836
101.574857,86,5619.224423
102.304156,69,5619.360648
1.940291,89,5619.537833
5.021082,66,5619.668922
2.668779,81,5619.834044
3.95369,80,5619.991446
2.021385,67,5620.129473
2.313334,68,5620.265258
1.832807,63,5620.389499
100.991494,76,5620.538822
1.52041,88,5620.718051
4.665752,72,5620.863319
2.37245,69,5620.999214
2.59053,71,5621.140069
1.574283,72,5621.286633
102.652502,58,5621.408197
3.82864,71,5621.550859
2.221461,74,5621.699241
-0.434455,128,5621.957145
101.58368,94,5622.145553
0.408082,84,5622.313196
4.298931,116,5622.546921
101.382522,69,5622.693584
0.876613,74,5622.83709
1.667448,66,5634.150912
103.112135,67,5634.282737
100.434454,66,5634.412356
3.000955,62,5634.531352
4.484456,65,5634.664441
101.052905,120,5634.912484
3.79922,74,5635.059126
1.430883,60,5635.181565
2.231625,77,5635.332306
1.04387,67,5635.467909
2.564433,71,5635.612417
2.527543,70,5635.750936
103.824359,69,5635.888981
5.181389,65,5636.015877
3.06306,66,5636.146374
101.208532,92,5636.336108
2.517923,85,5636.50586
103.315499,72,5636.646549
1.963355,71,5636.786781
2.126008,69,5636.921365
1.237616,88,5637.095283
-0.789338,99,5637.298831
102.130669,63,5637.423279
-2.363809,110,5637.639421
-1.819542,172,5637.973868
0.730675,221,5649.663066
3.338454,68,5649.796146
101.614155,61,5649.918508
105.850926,66,5650.048129
3.686291,65,5650.177433
100.962114,68,5650.312119
4.30163,64,5650.441398
6.076662,69,5650.577461
1.418251,95,5650.767865
3.721322,83,5650.929449
100.621397,86,5651.098479
101.491709,90,5651.277738
3.320535,64,5651.401821
103.063469,62,5651.527774
3.205451,67,5651.660141
3.543532,73,5651.801848
4.191106,123,5652.049079
3.486458,78,5652.202206
4.586871,122,5652.441526
3.417525,64,5652.57065
1.50476,74,5652.7154
2.933985,78,5652.870143
2.021582,70,5653.012805
4.491066,69,5653.151462
0.513691,169,5664.701535
5.46222,66,5664.832137
4.433049,66,5664.95976
102.304369,55,5665.069955
103.4965,53,5665.176699
3.480651,131,5665.437639
2.443642,70,5665.570063
105.91575,72,5665.716112
100.701472,84,5665.896558
1.823468,78,5666.056046
3.914778,63,5666.185254
2.651598,83,5666.351243
2.285591,75,5666.499333
4.166352,77,5666.652756
2.58474,69,5666.789919
1.920434,70,5666.933919
0.672378,1000,5680.151582
105.138385,69,5680.288087
101.526253,62,5680.412779
100.856334,57,5680.522906
3.380198,80,5680.68618
5.391177,65,5680.818727
2.815549,65,5680.950225
102.913763,73,5681.095022
3.582233,87,5681.271099
105.939034,73,5681.413098
1.169547,77,5681.568976
1.692244,115,5681.801757
4.05694,81,5681.958374
4.600551,110,5682.179748
100.911704,65,5682.306833
3.93745,74,5682.453598
2.242219,70,5682.595239
105.373969,60,5682.715267
1.460359,96,5682.904025
2.370115,75,5683.048885
-0.717917,146,5683.342898
3.062828,69,5683.4813
3.339608,81,5683.642485
2.158943,68,5683.775482
4.620819,72,5683.919072
2.228081,82,5695.311338
105.91617,77,5695.464996
101.474853,171,5695.804297
2.347754,95,5695.99443
-0.739367,72,5696.139317
1.463872,100,5696.352741
1.981152,117,5696.585708
3.967411,83,5696.7561
101.349198,85,5696.933096
1.362795,77,5697.083563
103.497516,59,5697.199804
4.081261,67,5697.333005
3.596778,69,5697.467257
5.429581,79,5697.622669
102.834131,65,5697.754398
4.371232,68,5697.885051
4.178386,92,5698.066083
3.11109,65,5698.197324
1.709347,68,5698.334158
4.246427,80,5698.501497
2.628516,70,5698.638686
3.256432,75,5698.787245
3.051426,72,5698.930353
4.377066,129,5699.186666
2.838569,75,5699.337202
1.482069,96,5710.792884
101.445787,52,5710.899916
100.712206,84,5711.064073
100.957306,62,5711.191874
2.30351,68,5711.329653
103.366952,73,5711.477398
4.099939,75,5711.625432
3.113736,74,5711.784716
5.327664,81,5711.943117
103.227665,71,5712.080899
100.936037,56,5712.196031
102.376403,75,5712.351046
2.123354,69,5712.490225
2.015111,69,5712.629315
102.103742,63,5712.758065
2.54707,77,5712.914322
4.529262,69,5713.052453
-0.504036,82,5713.22476
3.639972,63,5713.357797
0.627391,108,5713.585578
101.174415,60,5713.719461
100.882406,50,5713.826486
104.786981,67,5713.958901
3.255279,86,5714.13514
0.648037,86,5714.308858
2.154364,66,5714.438624
104.199189,62,5714.564615
106.147473,66,5714.697367
101.148023,57,5714.811527
3.351911,66,5726.134371
1.580227,86,5726.300103
100.317779,19,5726.33989
5.099736,67,5726.475484
1.873742,70,5726.615476
101.459549,41,5726.702226
3.037194,65,5726.834374
4.518479,102,5727.036995
3.714755,68,5727.195617
101.322151,86,5727.369097
-0.477565,128,5727.622759
101.046818,79,5727.783926
4.266312,70,5727.923702
3.985529,102,5728.127917
-0.702599,239,5728.595834
102.653732,82,5728.761616
103.391123,70,5728.90456
1.907424,108,5729.119342
2.526997,67,5729.254087
4.674183,64,5729.38855
102.631492,74,5729.543026
1.166514,75,5729.697447
103.6239,62,5729.822388
102.026132,78,5729.985043
2.018977,75,5730.142956
101.989557,56,5741.506162
105.377742,72,5741.672629
101.224866,52,5741.778588
4.469189,77,5741.9313
3.346155,68,5742.072299
103.151219,68,5742.206286
3.901421,71,5742.347586
1.586561,89,5742.535429
103.115327,63,5742.658164
101.911219,65,5742.789826
0.092035,81,5742.952665
0.198904,80,5743.110422
1.163253,160,5743.430143
-1.94725,205,5743.835891
3.325905,71,5743.977582
-0.550325,90,5744.159373
101.519064,86,5744.330169
5.539598,75,5744.478389
2.109335,85,5744.646981
4.298697,69,5744.783037
0.559594,76,5744.935632
4.305354,63,5745.061582
104.961881,62,5745.187342
102.326295,62,5745.310327
4.025935,68,5745.444565
101.148439,76,5756.798136
102.352749,64,5756.92683
2.248548,69,5757.061492
101.715244,47,5757.150623
101.730672,52,5757.255261
104.622482,66,5757.381949
-0.449134,113,5757.60518
100.48765,79,5757.759088
101.011498,32,5757.823741
101.016466,87,5757.989247
3.896675,77,5758.143115
1.434905,77,5758.309639
101.326322,74,5758.459383
100.713201,28,5758.512758
3.393272,71,5758.651537
101.668912,93,5758.833294
3.763839,73,5758.976347
2.137833,62,5759.099497
101.666674,59,5759.21531
100.561951,74,5759.360933
101.618328,73,5759.503445
105.755479,74,5759.648693
1.03054,87,5759.816379
5.153274,63,5759.942663
102.118069,133,5760.201846
3.587451,63,5760.321368
101.850515,66,5760.460812
100.710274,65,5760.586658
101.378033,36,5760.65827
101.840043,61,5760.77796
101.296162,78,5772.213696
2.340815,86,5772.389942
3.482771,68,5772.53071
103.935003,66,5772.667373
101.952096,98,5772.863211
1.49188,86,5773.03439
104.311953,66,5773.164661
-2.67402,195,5773.559606
105.387066,67,5773.695953
101.025195,57,5773.810005
3.400946,103,5774.027968
4.883186,62,5774.157326
2.405771,68,5774.302461
5.546624,68,5774.443057
-2.377174,130,5774.713592
0.001947,121,5774.957293
3.381946,76,5775.110333
1.520307,66,5775.244521
102.068315,55,5775.355328
5.028903,79,5775.510021
100.920373,73,5775.655062
102.433048,74,5775.810635
100.905832,70,5775.953588
103.720781,55,5776.06782
2.517495,76,5776.234588
1.446255,101,5787.682694
100.568032,65,5787.821199
0.483097,90,5788.00547
102.090186,62,5788.132908
104.826916,61,5788.257691
2.623087,69,5788.416218
5.918054,65,5788.552273
101.091491,88,5788.73253
3.997856,71,5788.871599
101.506679,72,5789.013896
100.0,1,5789.016493
1.721505,102,5789.232091
1.695049,85,5789.411257
3.489232,75,5789.565285
4.652333,63,5789.696291
101.280331,151,5790.011347
1.686016,59,5790.131769
3.871013,62,5790.257811
102.075763,71,5790.396543
1.890721,64,5790.524071
101.132143,80,5790.678485
100.813403,69,5790.81322
2.645298,75,5790.9619
3.049053,75,5791.111694
3.064587,73,5791.254966
2.695609,94,5791.444895
2.004027,85,5791.612612
3.196858,63,5802.935132
3.211963,62,5803.057574
1.842256,120,5803.304709
1.325828,72,5803.443111
101.507799,84,5803.614821
1.369146,113,5803.85035
5.544833,68,5803.988539
2.078632,67,5804.123735
3.007602,121,5804.359031
3.704793,78,5804.51746
3.655244,70,5804.683083
103.010507,67,5804.821425
4.291605,62,5804.94143
4.887765,70,5805.081169
2.087265,72,5805.223827
100.839365,58,5805.33869
3.173311,74,5805.486087
1.841231,83,5805.651814
2.683699,70,5805.791563
1.86055,81,5805.954654
3.314391,61,5806.078579
2.697974,66,5806.210065
0.742298,71,5806.353183
-0.120909,105,5806.563148
105.369109,69,5806.703332
1.495865,153,5818.466636
3.176769,73,5818.612591
2.369457,63,5818.739259
103.522416,57,5818.856567
2.877733,82,5819.031781
5.830603,74,5819.180249
2.441183,87,5819.354823
3.330119,72,5819.502574
4.569469,107,5819.718162
101.194582,49,5819.814186
1.886417,93,5819.999203
100.63575,67,5820.132699
4.560001,73,5820.275986
101.828167,66,5820.411178
1.886714,120,5820.6491
102.684253,65,5820.775794
101.431621,100,5820.971551
2.123157,69,5821.118667
103.991593,72,5821.263252
4.466415,82,5821.423778
103.592256,72,5821.567052
103.224606,65,5821.696594
3.563546,66,5821.828989
0.477117,117,5822.056761
1.187924,63,5822.189131
2.366668,83,5822.356697
3.254233,65,5822.485616
1.166019,88,5833.859341
1.909784,63,5833.986726
2.110845,62,5834.104536
101.098584,33,5834.171587
1.35497,70,5834.309428
3.622478,63,5834.436578
3.718767,65,5834.562315
103.305221,69,5834.699445
105.653092,66,5834.833018
-0.953717,102,5835.059391
1.46124,70,5835.199036
2.374638,70,5835.338886
103.00464,53,5835.45013
101.392623,91,5835.636287
2.977556,77,5835.788018
5.368222,67,5835.918066
1.166524,107,5836.132217
2.293931,82,5836.295343
102.958996,78,5836.451688
100.927644,101,5836.655069
5.527094,86,5836.825274
4.032768,97,5837.020191
3.386012,85,5837.190379
104.141568,70,5837.328045
1.017344,75,5837.482782
5.200043,69,5837.623269
2.783733,73,5837.763961
101.404051,88,5849.236989
6.002205,64,5849.359504
102.353332,70,5849.514398
5.207969,64,5849.642354
101.197959,77,5849.791566
5.591515,71,5849.931096
3.744252,74,5850.077298
2.455366,94,5850.272092
3.771871,74,5850.423172
3.295567,72,5850.567128
102.641796,73,5850.711778
4.076081,106,5850.923465
4.073584,66,5851.059982
5.755434,64,5851.187499
2.433456,79,5851.343665
103.998587,74,5851.484873
0.39775,191,5851.862819
104.358534,58,5851.97749
1.581334,84,5852.145155
0.794123,98,5852.338148
0.921876,106,5852.547072
100.803496,58,5852.665431
100.354865,73,5852.808255
4.20081,103,5853.005491
100.920243,61,5853.130463
101.195136,61,5853.252829
2.915503,73,5864.630156
3.908645,71,5864.768477
2.756383,73,5864.918024
101.893623,56,5865.026509
1.692335,81,5865.185377
1.490477,101,5865.388767
3.95529,82,5865.555585
3.498778,65,5865.686626
100.518349,44,5865.76999
3.95575,67,5865.904888
104.448598,62,5866.041769
1.717558,68,5866.175957
2.371966,83,5866.342255
3.511463,76,5866.489986
101.733087,79,5866.648795
4.152003,66,5866.783228
1.587639,104,5866.989169
103.27634,72,5867.133875
4.571323,66,5867.262904
105.731126,68,5867.396754
2.169992,60,5867.514533
4.883439,70,5867.650508
1.285622,106,5867.856598
1.896009,66,5867.98465
5.143839,68,5868.115638
2.450927,83,5868.282353
0.634233,101,5868.480448
3.568926,68,5879.854108
2.084576,78,5880.023337
4.059582,63,5880.149972
0.062131,179,5880.507348
105.990328,73,5880.651569
1.868863,75,5880.809091
4.37882,66,5880.941612
2.575288,81,5881.102172
102.192164,69,5881.243117
101.666754,66,5881.374408
102.339647,72,5881.518936
101.827258,40,5881.601089
3.985388,64,5881.730236
0.846283,80,5881.890338
2.012219,67,5882.024172
101.605085,82,5882.189052
4.736151,65,5882.31826
105.376227,62,5882.439537
103.996334,61,5882.565566
2.13098,70,5882.705585
3.119485,63,5882.834417
2.678945,68,5882.97234
100.933191,113,5883.193584
0.861879,92,5883.380223
2.640749,77,5883.540172
3.582759,69,5883.67691
101.536422,87,5883.850495
1.907313,72,5895.218853
4.588721,62,5895.341812
-0.671733,101,5895.541104
-0.695965,61,5895.664778
2.286112,69,5895.804219
1.745739,61,5895.92465
3.567928,95,5896.129516
2.320291,87,5896.308302
3.457818,76,5896.458405
105.594247,72,5896.5995
2.380449,80,5896.758087
3.180796,94,5896.948094
103.190982,67,5897.082984
101.427357,68,5897.219431
100.575699,85,5897.389305
100.883956,62,5897.512276
3.13107,66,5897.646028
2.991387,64,5897.771735
4.4119,67,5897.908805
1.141059,71,5898.049888
2.083878,60,5898.168596
3.668364,67,5898.302634
3.49442,62,5898.427396
100.866351,72,5898.568836
2.002646,140,5898.845326
2.473897,82,5899.005283
102.978265,73,5899.151035
102.176965,65,5910.480581
3.594676,89,5910.659412
102.442604,51,5910.761448
3.712292,75,5910.921429
101.202313,71,5911.06088
102.585632,57,5911.175107
1.966411,69,5911.313576
2.037373,68,5911.449985
2.709737,81,5911.619002
101.955694,73,5911.766414
4.205532,168,5912.099888
101.183658,66,5912.230507
1.910849,73,5912.385444
104.121947,58,5912.503624
1.900693,130,5912.756978
-1.924005,148,5913.049319
3.346861,67,5913.196315
2.60391,73,5913.342596
2.542161,71,5913.484257
3.08963,67,5913.624074
4.899014,64,5913.750942
-1.929097,123,5913.992518
102.61612,55,5914.106262
102.383123,82,5914.277871
0.607341,110,5914.494426
3.343626,73,5925.818128
3.891989,68,5925.953106
5.844887,69,5926.089224
102.190115,109,5926.299921
0.17012,323,5926.956751
2.757886,70,5927.092693
2.513447,61,5927.215373
4.941854,62,5927.338884
3.188035,61,5927.463633
103.814397,58,5927.577694
101.669158,91,5927.761764
-1.945854,125,5928.021813
5.491249,65,5928.154462
3.923769,63,5928.280643
-0.868389,93,5928.466019
4.750161,65,5928.589976
101.593632,45,5928.686198
1.936609,67,5928.820513
3.162809,114,5929.051587
3.861252,203,5929.456728
1.927343,70,5929.596243
4.397819,78,5929.762725
101.790453,38,5929.842419
100.937066,57,5941.123299
3.017393,71,5941.266005
3.048178,80,5941.422539
101.007752,86,5941.607877
1.015926,61,5941.739224
101.640672,62,5941.856251
-0.686065,56,5941.970028
-0.318065,107,5942.177016
4.695121,68,5942.311254
3.256746,67,5942.444825
0.458087,67,5942.575201
2.490027,84,5942.745741
104.858111,62,5942.86792
101.885007,70,5943.005287
2.155095,124,5943.25698
101.418201,86,5943.430109
103.583391,65,5943.558285
3.779806,77,5943.709828
2.990934,65,5943.837876
100.634504,34,5943.907215
4.40352,65,5944.039107
102.280321,76,5944.19264
1.580777,91,5944.373104
5.249435,70,5944.513049
5.14473,76,5944.66104
101.986223,63,5944.785326
3.162633,70,5944.92537
1.481634,79,5945.081351
0.463189,208,5956.754942
4.976482,98,5956.951257
5.135554,62,5957.075801
3.683131,67,5957.208506
4.382008,63,5957.336135
4.909274,75,5957.485051
5.444078,77,5957.65303
4.659491,68,5957.795738
4.345424,65,5957.931934
1.350299,89,5958.117929
100.339298,77,5958.279261
5.221137,62,5958.408313
2.492905,68,5958.552831
102.037083,70,5958.694535
1.081675,90,5958.874403
5.183231,65,5959.005891
102.472155,71,5959.151506
1.317407,92,5959.329109
101.538879,53,5959.434553
1.489877,76,5959.584372
1.991627,70,5959.720359
1.966043,69,5959.8541
1.487704,107,5960.067911
3.441433,66,5960.198497
1.141394,74,5960.346331
3.85404,61,5960.467272
2.510739,63,5971.817975
100.754705,85,5971.984408
3.442272,75,5972.13344
4.937611,71,5972.276375
102.684179,63,5972.398978
3.928764,73,5972.542341
4.1571,65,5972.670591
101.267412,79,5972.849082
103.312054,51,5972.95369
2.451386,63,5973.088283
4.782766,64,5973.214002
2.279201,90,5973.390883
1.690843,142,5973.676997
4.21246,65,5973.809225
104.756162,67,5973.948089
3.81578,77,5974.10147
2.875411,62,5974.22232
1.165623,73,5974.369616
4.139058,95,5974.558096
1.568531,96,5974.754499
3.539296,74,5974.904047
3.539738,92,5975.088851
102.70169,70,5975.230987
100.757663,60,5975.354233
2.985364,69,5975.493065
3.627149,63,5975.622418
-0.307094,178,5987.15419
2.257517,98,5987.361954
100.773974,60,5987.480727
3.291288,80,5987.637779
5.209591,79,5987.796138
101.674109,79,5987.953538
2.035803,65,5988.0797
5.951259,85,5988.258316
104.051263,56,5988.36546
104.112387,56,5988.480852
100.700544,98,5988.680886
3.400588,80,5988.842132
3.52919,66,5988.975151
100.647655,62,5989.096111
4.111274,75,5989.244275
5.712928,77,5989.39779
4.62996,78,5989.553489
102.98547,60,5989.674136
101.726237,78,5989.834344
1.16624,97,5990.026843
100.934397,54,5990.144582
0.532419,102,5990.341125
2.62656,68,5990.478441
0.751164,1000,6003.705644
0.286895,111,6003.922238
4.367109,65,6004.046856
0.823775,104,6004.247763
3.815001,83,6004.411638
2.549992,68,6004.548291
104.913803,62,6004.669436
4.658927,66,6004.802401
103.621216,62,6004.924601
106.043997,69,6005.060745
3.671332,148,6005.352715
104.782644,70,6005.491378
3.416792,62,6005.613899
102.939342,69,6005.753747
102.564616,60,6005.874652
101.455807,92,6006.059805
5.174501,62,6006.180439
2.504205,76,6006.32691
2.10347,120,6017.874829
-3.227386,537,6018.942094
4.224493,67,6019.078597
4.859174,120,6019.318032
103.450329,69,6019.454495
2.614245,88,6019.6264
103.601908,58,6019.742025
0.714196,102,6019.949038
100.643653,81,6020.115246
3.893391,69,6020.254124
4.68125,113,6020.47409
0.391832,98,6020.660845
2.292453,62,6020.782128
101.0816,80,6020.94476
3.834222,61,6021.064659
102.641038,61,6021.187617
1.487759,92,6021.368708
2.965499,81,6021.531195
104.424715,57,6021.645193
100.735507,56,6021.753628
5.344992,73,6033.12018
105.455255,74,6033.264788
2.230052,63,6033.38492
0.293156,98,6033.578665
103.034862,54,6033.68643
100.478797,69,6033.821622
103.079572,53,6033.925951
2.574173,79,6034.102522
2.405949,74,6034.244422
104.53284,67,6034.378385
101.658464,71,6034.519151
100.448945,59,6034.633027
105.377613,62,6034.755549
101.029379,97,6034.946639
102.546352,69,6035.089604
-0.281136,85,6035.251255
3.929199,74,6035.397751
1.993449,66,6035.527972
102.013624,105,6035.73441
3.275514,70,6035.871405
3.352051,73,6036.01615
4.52473,63,6036.138072
3.894375,110,6036.360934
4.881591,69,6036.494398
3.646928,66,6036.624234
103.528834,64,6036.746606
5.250533,76,6036.894638
5.330722,76,6037.050592
104.676171,58,6048.406139
0.602703,75,6048.569896
3.664706,63,6048.692635
2.266684,70,6048.827786
2.836083,78,6048.977268
5.212443,67,6049.108369
2.754085,77,6049.255039
104.823449,68,6049.393911
4.708156,68,6049.54191
5.33822,90,6049.717315
2.889332,71,6049.853931
104.526109,67,6049.98303
2.152935,64,6050.112206
100.611519,27,6050.164325
4.932494,63,6050.286145
5.30092,62,6050.404832
2.05974,68,6050.538511
100.983774,108,6050.760702
0.913191,72,6050.908868
1.382039,64,6051.040106
100.593578,36,6051.117512
5.035692,63,6051.250948
-1.466493,199,6051.665149
3.25328,67,6051.802873
103.881047,69,6051.947553
0.985464,95,6052.145506
2.663991,62,6052.274634
101.356355,57,6052.395783
100.650828,25,6052.450071
3.940874,70,6063.939083
1.254134,88,6064.124867
4.818871,74,6064.277396
3.094443,65,6064.428298
3.88702,64,6064.566611
1.239391,135,6064.850252
101.058648,111,6065.090034
4.453723,65,6065.22685
100.744031,96,6065.427365
105.60897,69,6065.567665
-0.282491,76,6065.725896
3.978681,67,6065.866401
104.401775,61,6065.994564
2.40974,91,6066.185778
1.514391,63,6066.318803
-1.622057,110,6066.547606
2.986647,86,6066.722305
102.9543,74,6066.875403
2.607746,176,6067.238552
3.368183,81,6067.400097
1.848119,68,6067.541437
0.104302,186,6067.920133
104.806622,57,6068.043766
3.668548,66,6079.747269
4.580084,68,6079.887617
1.974248,86,6080.064476
3.924777,67,6080.205517
1.210028,107,6080.429748
2.912326,87,6080.608862
3.8604,66,6080.748946
-0.632024,106,6080.974899
0.938025,1000,6083.057771
4.76929,71,6083.205636
104.941439,61,6083.329607
2.018786,129,6083.591967
3.44446,73,6083.740996
100.617246,74,6083.9063
3.51578,68,6095.219144
102.936034,54,6095.331903
1.188789,91,6095.515821
2.710945,62,6095.642387
102.387764,50,6095.745578
100.190233,126,6096.007391
3.644673,65,6096.142711
101.460453,76,6096.314015
101.008955,94,6096.509587
2.747826,70,6096.657331
104.597195,58,6096.783195
-1.904963,229,6097.271698
3.533776,67,6097.405613
3.837808,67,6097.539824
2.949797,65,6097.674891
2.431259,97,6097.873123
2.667005,65,6098.001226
4.877792,88,6098.172899
103.037974,66,6098.311579
2.329271,66,6098.443844
6.116756,67,6098.574303
4.479812,71,6098.718455
1.694196,66,6098.855552
101.725462,69,6098.991991
5.170342,63,6099.117939
4.264807,65,6099.249205
2.532605,86,6110.627749
101.364771,68,6110.776558
4.039659,64,6110.907527
1.366372,124,6111.166143
3.259819,78,6111.329082
102.469145,67,6111.470732
4.963249,63,6111.603746
2.787442,91,6111.802859
104.38225,77,6111.962957
4.497764,63,6112.08811
0.822401,95,6112.279417
1.971298,78,6112.435017
103.913464,67,6112.565469
2.965269,66,6112.696713
102.473575,45,6112.789152
2.180986,75,6112.938204
5.410413,87,6113.112499
0.495612,94,6113.29822
5.822879,65,6113.432484
-2.545155,124,6113.67924
1.120051,97,6113.872826
4.120681,71,6114.0119
3.824419,68,6114.152092
100.992222,85,6114.328815
101.209685,135,6114.598887
0.871607,78,6125.980745
2.728219,80,6126.135943
2.660754,70,6126.27332
103.822336,54,6126.383036
3.725528,87,6126.560895
101.847406,71,6126.703249
2.027686,90,6126.893059
104.243813,66,6127.031199
100.894086,85,6127.202048
3.560951,62,6127.325546
103.875436,54,6127.434526
-0.409125,244,6127.916961
0.717219,114,6128.150432
1.169518,88,6128.324971
101.120562,88,6128.502481
2.508146,61,6128.623005
3.749304,64,6128.750345
3.531451,73,6128.897108
3.266379,76,6129.051023
4.54818,64,6129.17942
4.182158,71,6129.318649
5.574511,73,6129.46036
4.054319,63,6129.58546
3.316606,61,6129.708618
3.588098,62,6129.833458
102.018719,105,6130.042449
101.05204,76,6141.39247
0.42091,81,6141.55113
0.625304,97,6141.759183
0.841352,144,6142.045469
4.239004,87,6142.217158
102.544283,59,6142.334653
4.167848,110,6142.551499
2.697664,73,6142.693036
2.083534,61,6142.81432
3.444542,99,6143.007377
4.132078,67,6143.143166
100.107255,30,6143.203626
3.655438,63,6143.329397
100.888159,56,6143.44045
101.506501,81,6143.595052
3.207497,68,6143.728406
3.396317,69,6143.868642
2.240222,82,6144.02944
102.07149,79,6144.199426
-0.62297,59,6144.318502
100.906056,72,6144.462323
-0.386717,105,6144.665944
102.940453,51,6144.768738
-0.210382,129,6145.026408
100.529856,76,6145.174266
100.708241,81,6145.33619
1.791914,87,6156.789785
1.15726,94,6156.979771
103.604416,72,6157.121453
100.966727,87,6157.293862
0.855655,88,6157.465339
1.523932,78,6157.621526
4.140057,66,6157.751266
3.254313,63,6157.876048
5.301473,79,6158.031815
5.497155,75,6158.175462
101.525949,56,6158.288717
100.477491,66,6158.419923
0.396793,76,6158.571471
0.193641,185,6158.938607
101.310749,81,6159.098362
4.532751,66,6159.228339
1.49605,83,6159.392857
1.7638,94,6159.577831
101.331392,70,6159.717203
1.923246,103,6159.921992
4.177566,63,6160.049669
104.326897,73,6160.194063
4.104117,68,6160.334814
4.611209,115,6160.560472
1.256118,73,6171.95848
103.918791,61,6172.079391
1.933007,71,6172.222699
5.074482,92,6172.402225
0.221946,67,6172.539356
3.62336,61,6172.668625
4.344836,66,6172.798788
4.513695,68,6172.945369
3.653448,66,6173.076339
105.203118,65,6173.202636
103.93297,73,6173.36276
105.668741,63,6173.487432
2.184945,90,6173.674057
5.642852,74,6173.818834
4.680543,68,6173.950387
102.140447,57,6174.064676
2.646602,105,6174.277377
0.553462,75,6174.425435
0.874624,104,6174.633861
4.825199,63,6174.757182
3.35678,67,6174.890906
4.312293,112,6175.111342
1.162226,109,6175.329357
4.28343,73,6175.473081
102.029446,101,6175.670742
3.006635,67,6175.805162
103.623935,70,6175.946607
104.354906,60,6187.266118
1.164035,97,6187.454418
4.022681,69,6187.58796
1.466486,91,6187.781594
1.565008,91,6187.971254
3.273512,62,6188.089078
1.399318,73,6188.236783
105.993532,65,6188.378561
2.236927,67,6188.51069
0.254296,111,6188.725586
4.133209,75,6188.877427
103.380662,69,6189.014467
0.90972,92,6189.199155
3.912736,74,6189.3441
4.43896,83,6189.507936
0.377912,73,6189.65449
3.808044,62,6189.778208
-0.930162,276,6190.325655
2.506783,76,6190.477575
101.064399,62,6190.603702
101.329707,57,6190.714892
5.233212,71,6190.854767
103.166724,53,6190.961775
5.000331,75,6191.114729
-2.21331,244,6202.81822
101.339917,45,6202.904203
1.281739,89,6203.083859
5.126365,67,6203.220721
4.501405,91,6203.416518
103.281958,74,6203.560906
0.474158,101,6203.764767
5.533182,76,6203.914411
4.670682,73,6204.056705
101.731674,77,6204.211606
-1.771115,250,6204.712833
2.571175,79,6204.868644
3.074889,62,6204.991628
4.085306,74,6205.137302
-0.199354,187,6205.505825
2.746561,91,6205.686158
3.820107,61,6205.806424
1.930849,135,6206.07456
2.897887,72,6206.214559
5.104745,67,6206.346936
2.202651,63,6206.470927
1.476519,85,6206.642482
101.564742,74,6217.993608
101.232324,89,6218.184273
2.612893,66,6218.313272
4.15559,71,6218.451428
101.657134,63,6218.586081
102.538456,71,6218.724419
101.160287,135,6218.998701
2.70041,78,6219.154721
5.53858,65,6219.285583
4.331482,68,6219.418552
4.446649,79,6219.579192
5.273206,71,6219.719965
1.668289,70,6219.860592
4.31639,67,6219.992225
-0.830556,150,6220.289421
4.715001,63,6220.418238
4.214298,90,6220.598053
2.498929,72,6220.740192
101.222353,91,6220.921016
2.581496,77,6221.080557
1.6754,64,6221.208909
3.267387,74,6221.358212
3.839417,65,6221.486969
1.369896,89,6221.665763
3.31899,90,6221.84281
101.206554,82,6233.250168
101.178966,120,6233.490622
100.851452,50,6233.592673
103.669639,54,6233.703825
4.021469,72,6233.857444
1.77174,70,6233.998709
4.236934,66,6234.131388
102.085315,69,6234.286666
3.336624,65,6234.424773
101.297934,73,6234.578681
1.297298,103,6234.791206
4.069892,98,6234.987294
2.518532,85,6235.155952
104.673349,69,6235.294699
1.285784,115,6235.530426
2.252167,68,6235.673753
1.139244,89,6235.860126
101.015419,70,6236.006814
101.756715,38,6236.084365
101.387771,38,6236.162899
101.431731,74,6236.316203
1.967769,77,6236.474933
2.979568,85,6236.651298
100.719759,56,6236.765525
105.430399,62,6236.883866
4.884282,84,6237.049569
100.439432,78,6237.204862
3.263647,102,6248.62755
1.9643,124,6248.871914
-0.542084,139,6249.164124
3.629269,109,6249.377418
101.715098,61,6249.500421
-0.487526,195,6249.87769
100.876914,79,6250.038435
102.877351,65,6250.172364
2.778241,63,6250.314552
1.834257,66,6250.447688
104.363973,61,6250.57507
101.414511,68,6250.708817
0.697403,64,6250.837558
1.819593,69,6250.977059
4.730581,70,6251.121377
101.372484,71,6251.272477
3.172335,66,6251.408097
1.028223,90,6251.593486
0.901421,65,6251.727412
3.356854,69,6251.872613
102.174284,54,6251.985863
5.330323,70,6252.131445
0.093103,76,6252.291355
3.889112,69,6252.432573
3.888591,65,6252.56759
4.667654,78,6252.72719
102.413656,73,6264.148764
105.955826,65,6264.290521
2.473601,87,6264.474253
1.346525,83,6264.643682
3.127779,70,6264.787033
100.610161,84,6264.962506
1.936848,73,6265.115752
3.289663,78,6265.276107
1.936486,95,6265.46862
4.610346,113,6265.708977
1.663836,62,6265.83386
103.082489,56,6265.947179
1.274108,102,6266.146986
1.137177,93,6266.330823
100.516869,75,6266.484421
102.910926,65,6266.613216
101.797882,38,6266.687965
101.770844,53,6266.794685
0.683428,108,6267.010022
-0.63758,84,6267.178812
1.948859,62,6267.302738
101.238477,125,6267.552388
4.567094,84,6267.717513
0.273572,111,6267.937473
