#{"t_start": 1759995047.1987379, "env_id": "CustomLunarLander-v0"}
r,l,t
-2.46366,109,0.794379
-0.057738,121,1.022327
-1.926222,94,1.198852
1.100862,85,1.353564
-0.271434,92,1.523342
1.939487,102,1.716316
1.860069,91,1.907642
1.264463,108,2.115065
1.620415,123,2.352694
2.020311,110,2.562362
-1.868072,91,2.744258
0.440869,156,3.056888
-1.145702,113,3.27561
-1.81499,90,3.452866
0.098648,134,3.737272
-1.455339,121,3.972034
1.623384,98,4.159901
2.185537,88,4.33095
-2.346375,106,4.53866
-0.138727,102,15.801004
-0.439875,101,16.004485
-0.037741,114,16.228482
0.023342,111,16.444539
1.895381,91,16.620075
0.060102,115,16.844612
2.072473,105,17.04869
1.775356,97,17.234411
1.668438,91,17.408536
0.256019,98,17.597867
1.838717,116,17.824661
1.946765,91,17.997516
2.440902,95,18.177005
-0.681844,110,18.390641
2.35178,109,18.601215
-1.316624,131,18.851018
-1.247571,97,19.036966
1.497337,96,19.227696
0.574594,102,19.431599
-0.110358,117,30.638836
2.230807,74,30.785576
0.988518,91,30.96694
3.331304,78,31.12312
0.398859,81,31.284445
1.217525,104,31.495515
0.432962,95,31.687837
3.134732,84,31.872123
3.528013,86,32.044838
3.075187,87,32.223261
-0.6668,100,32.423601
1.905598,89,32.602841
2.842352,97,32.801006
3.584591,91,32.985633
0.63783,109,33.206533
2.775307,91,33.388206
0.685567,87,33.561599
2.025773,106,33.773639
0.617056,106,33.988815
-0.586691,104,34.186776
0.735067,91,34.35805
3.400827,131,34.612701
3.302828,90,45.84632
0.457032,85,46.032439
2.890238,86,46.203437
0.518872,107,46.420658
3.512256,92,46.606721
4.061313,92,46.793534
0.097244,100,46.98236
3.122857,89,47.151259
3.690906,91,47.325777
0.200791,91,47.502282
0.01422,105,47.701938
4.145203,104,47.899073
-0.315849,102,48.096025
0.026978,96,48.279228
1.746966,84,48.440082
2.931097,95,48.619673
3.940579,80,48.774958
0.757337,94,48.954383
1.058157,85,49.118761
3.043112,85,49.283578
1.327706,95,49.464113
3.651747,91,49.636613
3.713204,87,60.79721
-0.341941,100,60.997517
0.485586,100,61.19273
1.240194,85,61.362713
4.447289,88,61.533776
0.278209,92,61.714587
-0.54203,104,61.933421
103.956591,85,62.096461
1.088943,95,62.282809
-0.986715,91,62.460206
1.565454,74,62.606046
1.162415,91,62.786776
4.190058,72,62.927475
-0.076842,106,63.134604
0.918434,77,63.285227
0.971717,82,63.451051
-0.243553,107,63.664561
3.753471,91,63.858945
1.70371,92,64.040196
-0.2851,114,64.260889
3.064033,75,64.409467
4.353759,83,64.57133
0.247913,96,64.759531
-0.628959,96,76.1813
3.838529,81,76.337287
-0.31661,96,76.522954
0.999618,92,76.702158
0.550331,90,76.877698
1.532865,87,77.049831
-0.200158,90,77.225209
1.61144,89,77.413938
2.75642,74,77.555871
3.8626,82,77.715628
3.629042,77,77.863853
4.115424,81,78.020963
-1.167046,106,78.229821
2.308997,83,78.388897
1.053952,76,78.538134
3.66389,119,78.76719
4.449211,82,78.92992
3.751814,84,79.10444
3.049536,80,79.258128
3.409627,78,79.408805
-0.895726,120,79.639115
3.228539,84,79.804324
2.404917,84,79.967835
1.409444,84,91.133667
3.500727,70,91.269307
0.987357,97,91.45748
4.370808,80,91.621194
0.450876,108,91.836518
-0.973781,123,92.077991
4.126049,74,92.227109
2.891561,81,92.387488
1.898377,96,92.581088
2.178987,78,92.731659
-0.742785,113,92.952384
3.030959,76,93.10489
2.876374,84,93.270545
4.041947,82,93.432081
5.008171,82,93.597025
-0.523789,81,93.76252
4.317654,77,93.914346
3.691826,79,94.067507
1.438388,82,94.232537
0.49493,85,94.399375
0.900519,93,94.586214
-1.090641,139,94.86066
3.735419,82,95.020253
3.345064,74,106.220322
3.564237,74,106.365206
1.738028,77,106.517285
0.343195,72,106.660622
1.217778,85,106.830111
3.864254,76,106.98222
1.00182,83,107.150843
0.469773,108,107.372887
3.715721,72,107.516512
-0.262948,104,107.722768
3.67987,79,107.880498
-0.710324,103,108.085269
3.969704,73,108.232281
4.186884,76,108.383812
3.815275,78,108.54439
0.808081,87,108.716882
4.617345,75,108.868249
0.599011,91,109.052801
3.540364,75,109.198604
1.895847,78,109.353435
1.845881,75,109.504678
-0.416748,111,109.722492
3.597071,74,109.886301
4.351364,77,110.04147
2.851826,81,110.202852
1.987494,80,121.369575
5.607274,78,121.524336
2.736977,80,121.682206
100.713115,154,122.007162
0.791054,89,122.186374
2.02225,80,122.349128
0.568849,167,122.682098
0.06426,102,122.886749
0.304081,103,123.095183
-0.411753,99,123.292659
2.258614,82,123.457416
0.480571,109,123.68826
1.559845,90,123.869633
5.444848,83,124.041604
5.398368,74,124.189287
0.11779,101,124.39685
1.438249,76,124.547407
0.735445,91,124.733629
-0.243419,137,125.030235
0.6576,104,125.238936
4.251029,70,125.378813
2.215786,77,136.588669
0.542609,94,136.774035
1.46564,75,136.941463
-0.382849,129,137.201256
2.697508,85,137.370904
2.173053,73,137.514078
2.299871,84,137.679306
3.481319,90,137.854289
2.481397,80,138.011814
-0.145782,92,138.195441
1.227692,74,138.344874
2.780153,71,138.48581
2.751144,73,138.652272
2.283253,79,138.809253
1.908623,74,138.951172
3.008239,69,139.087374
3.98501,76,139.236266
-0.616367,146,139.520396
1.395953,89,139.693939
2.863521,72,139.837864
4.454597,81,140.008646
1.553122,77,140.161178
-0.235334,95,140.34905
3.743812,74,140.495066
4.188099,71,151.681281
1.585706,77,151.840782
4.064149,67,151.969826
-1.413519,127,152.214807
1.86983,75,152.359637
2.119074,87,152.528335
2.930248,92,152.709414
-0.130272,93,152.898148
-0.126157,118,153.130712
-0.044967,92,153.30975
1.433752,78,153.465375
3.94103,84,153.631453
0.445118,105,153.839978
0.439035,96,154.027005
3.854164,69,154.162605
0.584516,79,154.317485
-0.587615,107,154.525893
3.202653,72,154.66912
3.887095,75,154.814195
-0.821566,96,155.004039
-0.280309,81,155.161897
1.625849,77,155.3155
2.534935,66,155.448124
102.321315,80,155.607559
4.740755,72,166.751348
-0.831386,100,166.949972
3.352509,67,167.080437
3.589303,72,167.22476
2.29478,71,167.367597
2.757442,75,167.51679
2.328077,83,167.682916
1.933169,68,167.820091
3.776375,77,167.976259
3.893166,73,168.121814
3.021937,79,168.290756
1.906395,76,168.446864
0.705129,107,168.65978
2.158948,80,168.821202
4.849227,71,168.961656
-0.39677,103,169.165158
1.269761,109,169.384908
3.906948,79,169.540482
2.735497,72,169.684953
1.542656,74,169.833628
0.802203,106,170.057224
4.325788,82,170.219348
1.806832,74,170.368345
3.298178,82,170.527243
0.863828,79,170.681798
2.25482,72,181.862065
4.957146,79,182.015983
3.163563,78,182.168863
1.876766,69,182.302737
-0.387092,153,182.602298
1.954324,81,182.760839
2.223038,66,182.892911
3.296591,73,183.031313
5.295718,69,183.163539
2.07038,81,183.337976
0.485841,110,183.556469
5.461046,75,183.704051
-0.894935,104,183.909085
-0.315473,119,184.141965
2.270555,71,184.285192
1.984233,73,184.430091
2.667205,92,184.609335
3.367358,73,184.753701
5.175693,74,184.900233
1.270982,95,185.101903
4.247772,73,185.244331
1.861865,80,185.400196
3.928512,69,185.535643
3.433102,70,185.672715
3.63186,80,185.82618
-0.552158,114,197.040004
1.13339,99,197.238905
2.43482,74,197.386558
4.770128,73,197.529584
0.917166,79,197.685251
2.108192,85,197.855142
-0.502617,123,198.104468
4.076436,71,198.255861
2.862971,72,198.403012
1.244551,103,198.609398
4.384628,69,198.748239
104.551786,65,198.879066
3.875952,73,199.027294
2.264801,70,199.162495
1.007667,123,199.409237
4.578663,77,199.561932
2.246832,70,199.718842
2.983863,92,199.904492
1.395386,84,200.073431
2.759496,72,200.213286
1.195671,96,200.399314
0.74027,81,200.561942
1.253498,78,200.718079
2.70077,79,200.876568
3.883103,79,212.038368
1.076874,83,212.199706
-0.401179,137,212.469774
3.1449,67,212.606588
4.204088,69,212.743668
4.737449,72,212.882464
2.106582,68,213.018144
2.759682,69,213.152435
3.381245,81,213.310869
2.065185,77,213.474727
2.245238,71,213.617557
3.867559,76,213.767333
3.545602,70,213.907098
3.823696,68,214.045279
2.016,74,214.190073
0.085621,106,214.401445
0.957712,81,214.567155
1.568149,72,214.715631
3.162535,76,214.866399
103.198893,84,215.037195
0.979796,80,215.218759
1.702714,83,215.38569
3.473159,84,215.555201
1.451448,79,215.711556
2.928094,79,215.873239
4.44897,76,216.0267
2.476525,92,227.391192
0.890558,109,227.609886
4.186697,70,227.749618
1.971413,69,227.886121
3.276321,79,228.046821
-0.529018,92,228.230951
1.733185,71,228.377091
4.063069,70,228.516992
2.121945,79,228.673719
4.597426,65,228.802355
2.330563,78,228.961165
3.756892,72,229.105036
2.908455,86,229.274392
3.849416,76,229.428916
3.999098,66,229.562167
1.736527,72,229.703434
4.395051,86,229.872828
1.462003,127,230.126743
4.60009,77,230.277743
4.663692,72,230.423229
1.828231,73,230.570093
3.935971,70,230.71213
4.95419,69,230.849044
1.361715,78,231.001132
1.314901,78,231.154077
3.885165,83,231.319532
0.162256,97,242.620031
1.389748,73,242.765919
4.762728,68,242.899509
0.983608,91,243.079887
3.469384,68,243.213148
4.592676,80,243.374305
0.189057,90,243.570944
1.033252,92,243.752996
3.997235,73,243.89682
0.722186,73,244.040668
-0.090518,105,244.242293
4.464128,75,244.390052
0.652048,97,244.581368
2.212151,75,244.727861
3.089375,75,244.877321
3.63759,68,245.00736
1.036754,71,245.159461
3.979142,69,245.296265
4.308942,1000,258.348122
0.511382,118,258.581233
1.472816,79,258.743026
2.426199,68,258.893974
-0.227956,102,259.101436
-1.037949,104,259.309824
2.610443,76,259.464254
2.118366,71,259.605043
5.02846,68,259.742146
1.782391,73,259.888289
2.239747,71,260.029528
1.948925,71,260.172099
1.505214,90,260.356762
1.386028,77,260.506196
2.186159,67,260.657407
3.333477,69,260.796946
3.749571,76,260.947807
1.861016,68,261.08264
-0.12026,90,261.255527
-0.738482,173,261.605766
3.226071,71,272.830593
2.82935,73,272.977028
3.326257,103,273.179845
2.783144,71,273.320616
3.413849,73,273.480642
2.266034,77,273.634595
3.187941,64,273.760852
4.807668,79,273.917642
1.934532,70,274.059535
5.13995,74,274.207363
4.963659,67,274.345423
1.924601,73,274.49369
0.588802,94,274.684203
3.74831,83,274.852094
1.102707,78,275.008512
3.337664,68,275.15923
0.100417,99,275.354588
1.024769,82,275.521811
0.482646,85,275.694354
4.43625,72,275.836694
0.292581,84,276.004396
1.66474,72,276.148531
5.346967,70,276.285946
0.87662,79,276.460966
3.299786,75,276.60947
0.956179,74,276.758349
3.409065,78,276.917905
3.53852,68,288.110548
-0.917565,124,288.368654
5.368202,74,288.51309
2.99418,76,288.663209
0.247834,122,288.90798
-0.1576,299,289.499033
2.960382,81,289.65978
1.437723,71,289.802254
2.098265,70,289.940783
1.97254,70,290.081291
4.527852,67,290.225232
-0.87029,105,290.453121
4.413377,71,290.609885
1.433633,85,290.782345
3.158708,74,290.927935
0.098975,80,291.097847
3.863806,82,291.263315
2.461655,68,291.400864
3.27523,75,291.556982
-0.072173,135,291.824107
3.216478,71,291.965093
1.606373,76,292.1183
2.771371,67,303.747383
2.911017,69,303.884766
4.037915,80,304.039561
100.653445,71,304.176183
4.674918,72,304.319957
2.974359,65,304.44989
1.761058,68,304.597735
0.967,73,304.745164
4.56279,72,304.890016
4.555792,67,305.02134
3.357283,72,305.164318
2.11176,66,305.294521
2.476677,70,305.434365
3.072799,65,305.565306
4.660473,77,305.716836
2.229413,79,305.869405
-0.432541,209,306.295529
1.871387,75,306.458485
2.596964,70,306.622577
4.053503,74,306.774096
0.922789,91,306.960403
0.307022,73,307.108233
5.30941,67,307.243066
3.004994,82,307.41087
2.952645,67,307.542443
2.349181,71,307.689488
1.931842,74,319.510357
2.227712,87,319.704693
3.030783,75,319.850513
2.5729,71,319.993945
2.599007,67,320.125776
4.542946,66,320.267531
2.57347,67,320.397991
1.611368,72,320.541139
1.126609,87,320.712221
1.094578,96,320.903633
-0.718878,116,321.147832
3.351187,78,321.2993
-0.962528,161,321.618437
1.139221,87,321.782053
3.009622,65,321.909455
5.335839,68,322.044123
-1.111367,137,322.316006
2.395499,67,322.461323
2.587979,74,322.606493
1.169531,75,322.752659
1.178189,86,322.922184
2.397091,69,323.055747
-0.399479,91,323.233307
0.270286,89,323.416481
3.074694,82,334.696527
2.329064,76,334.859142
3.664775,73,335.004894
0.928169,100,335.195281
2.581658,72,335.335216
4.027592,70,335.471677
-0.796997,136,335.738251
1.241711,80,335.893342
1.126002,84,336.060067
4.307692,69,336.194012
0.982207,75,336.342825
2.559215,93,336.524273
5.392769,73,336.679197
1.156695,91,336.859386
1.000009,87,337.028284
2.921015,85,337.194932
0.761775,81,337.350063
4.723367,66,337.477622
4.18192,70,337.616928
2.474059,72,337.759336
3.523644,69,337.897807
2.797465,69,338.043847
-0.74669,132,338.295467
0.142584,89,338.470518
1.218747,76,338.620065
3.218722,68,349.767244
0.67462,80,349.920739
3.373285,69,350.055118
0.545064,162,350.389092
1.999933,71,350.54995
3.331328,74,350.695521
3.436525,67,350.827373
2.626599,67,350.961034
5.609948,74,351.105915
1.026483,76,351.255872
0.233671,144,351.540547
0.85861,89,351.713906
2.146767,94,351.899623
1.581758,69,352.049372
0.618282,352,352.731363
0.869488,76,352.879934
5.502689,72,353.024105
102.978994,72,353.16307
3.601203,70,353.302609
2.687764,84,353.482033
0.556613,78,353.637454
101.93604,57,353.746558
4.545928,70,364.916632
-0.574918,113,365.139524
3.955651,66,365.267127
0.809133,94,365.452029
3.288978,70,365.588716
1.94747,68,365.721582
3.598962,74,365.883826
0.558228,89,366.074822
0.057634,100,366.273216
4.301141,68,366.408361
2.394525,86,366.579327
1.603535,83,366.743209
0.93291,77,366.893025
1.043715,76,367.051582
0.644479,80,367.215449
3.721689,70,367.362366
1.062838,73,367.506977
1.990581,77,367.680298
0.738755,75,367.835142
5.169683,68,367.975816
1.725232,69,368.117591
0.509242,93,368.306993
1.394233,71,368.44849
3.177417,96,368.648803
6.023535,1000,381.731948
0.044809,83,381.893061
-0.179899,99,382.085254
0.845181,91,382.265331
0.90843,79,382.420751
1.551969,72,382.561726
1.555228,72,382.709898
0.798557,75,382.860263
1.695344,71,383.011843
1.275484,73,383.154969
0.609389,78,383.312785
1.240656,75,383.462313
2.016074,92,383.644252
-0.168049,143,383.924725
5.134631,68,384.059413
3.170481,72,395.259783
0.20239,112,395.489042
3.061848,71,395.639413
1.415874,93,395.828834
3.672829,66,395.963785
-0.791263,108,396.179868
-0.856201,147,396.471148
0.935686,80,396.629514
1.984027,68,396.763861
1.196119,73,396.915979
1.568709,72,397.060352
3.561645,71,397.212406
1.850054,72,397.361429
-0.194514,91,397.544835
0.456131,85,397.714759
-0.500776,103,397.924129
1.195938,72,398.065255
3.014798,78,398.217081
2.058352,77,398.369516
1.376083,74,398.529976
2.640368,70,398.665371
3.867094,83,398.827516
1.601109,75,398.978302
0.558824,85,399.145688
0.343665,105,399.349818
2.0568,67,411.023693
4.397891,67,411.161529
2.53481,69,411.298327
-0.351277,116,411.550165
0.004338,90,411.732794
2.717309,68,411.871609
1.40736,87,412.055406
0.775977,80,412.225567
3.491792,64,412.359075
2.786436,69,412.495008
1.256294,70,412.634247
2.287108,70,412.770436
-1.124369,122,413.013169
2.98887,68,413.1666
2.708595,68,413.309863
-0.291779,466,414.247781
4.669015,71,414.385971
1.273013,98,414.577571
0.864955,82,414.755099
4.139259,80,414.912573
3.247629,76,415.063441
0.57779,111,426.430115
0.064293,103,426.646994
1.356117,107,426.880547
3.299619,63,427.006774
3.960128,62,427.129636
1.505553,93,427.330561
3.930024,68,427.515031
2.769788,69,427.656058
2.183074,71,427.817882
3.748118,66,427.991977
1.625033,70,428.159494
2.4732,67,428.302696
4.524952,69,428.446274
4.031861,70,428.609893
-0.088498,109,428.874742
3.7133,65,429.000419
3.000565,71,429.159315
2.387313,71,429.298639
2.152604,67,429.450515
3.942019,70,429.589197
0.525714,83,429.757488
2.431312,67,429.908001
1.531427,72,430.051552
2.872593,65,430.187037
-0.12233,120,430.444358
4.078037,62,430.566965
3.190228,71,442.512244
5.048517,70,442.646853
4.820102,64,442.772139
-0.704665,122,443.031394
1.697483,70,443.175794
1.123394,108,443.391307
0.281939,80,443.558821
4.547956,66,443.699385
2.520117,66,443.835738
4.436982,70,443.975263
1.549083,76,444.1305
3.026052,66,444.265911
3.909955,68,444.406367
4.068424,69,444.551459
0.812668,73,444.717187
103.789947,57,444.830173
2.194299,64,444.955633
4.759643,69,445.097496
0.279747,83,445.260538
4.189145,67,445.391187
-0.184727,406,446.193751
-0.853046,149,446.515493
2.251259,70,457.866554
-0.237151,119,458.115502
2.781646,69,458.256718
4.925357,71,458.404667
2.83217,80,458.568028
3.846643,65,458.713865
4.255029,70,458.857162
4.46156,81,459.020968
-0.013559,113,459.251115
1.125671,74,459.402067
5.676355,71,459.549852
1.901163,79,459.713361
0.587266,99,459.910712
2.396048,75,460.06655
1.288375,79,460.223164
0.897904,72,460.362659
101.91984,70,460.517987
3.95185,82,460.679022
0.96606,91,460.855562
4.014897,64,460.977576
0.349597,87,461.148995
0.767017,74,461.290721
2.085527,67,461.420497
0.626908,84,461.587261
2.791552,72,461.728612
2.219581,66,461.85766
0.582674,118,473.112256
4.8658,70,473.255968
2.208448,67,473.390754
3.003258,76,473.544611
4.681344,79,473.705666
4.882078,66,473.840351
2.516609,71,473.989514
1.36636,77,474.152317
-0.84391,126,474.410542
3.395241,67,474.544725
-0.384688,127,474.816662
4.365226,66,474.944767
-0.059488,99,475.139093
4.735219,75,475.284529
3.804833,76,475.432239
3.036391,74,475.575115
0.405993,134,475.83533
3.249903,71,475.976072
1.672696,100,476.179731
1.169562,72,476.323981
0.507994,88,476.511323
2.406772,68,476.641146
1.763316,68,476.77168
3.383018,79,476.925503
-0.737214,87,477.096277
5.21209,65,488.843621
3.65795,74,488.985392
3.625339,66,489.113095
4.902882,69,489.246393
2.340001,70,489.384319
2.479844,71,489.521469
2.173939,80,489.695698
0.36696,384,490.447499
3.122396,91,490.623493
2.073315,95,490.804437
3.911306,70,490.941663
3.755481,65,491.067416
2.616398,88,491.238084
2.801753,68,491.38508
1.230065,116,491.617254
4.552509,65,491.743998
1.809008,71,491.887503
1.605024,70,492.025956
1.256121,84,492.190267
2.866387,68,492.32395
2.02849,83,492.491261
4.289101,74,492.635948
2.850961,82,503.829605
4.666207,71,503.969692
-1.041345,133,504.236534
3.520737,67,504.369743
4.175346,66,504.501649
3.039442,63,504.624173
4.264726,70,504.761898
2.797043,68,504.900198
3.629849,68,505.032418
1.457411,88,505.220455
0.579581,102,505.421391
5.554302,67,505.552498
1.660923,94,505.734958
3.773652,65,505.860412
1.780543,70,505.998883
0.154381,101,506.20037
3.829837,69,506.336796
4.468026,77,506.486021
2.841958,67,506.618283
3.941953,69,506.753834
-0.710871,119,506.98999
4.916754,67,507.120889
-0.064034,444,519.032657
3.355213,84,519.214849
0.166494,155,519.535538
0.998252,81,519.694121
1.509124,71,519.836925
102.632845,66,519.969281
2.831373,74,520.114956
2.636365,75,520.262231
1.314765,83,520.426738
1.504982,70,520.566097
-0.082472,92,520.748777
4.084214,79,520.904211
1.267151,73,521.074262
0.795862,102,521.277324
2.133628,69,521.419408
1.658615,77,521.569522
0.304705,97,521.758338
2.399627,66,521.885158
-0.218681,184,522.253189
101.172094,84,522.41816
-0.644179,158,522.728672
2.656426,72,522.885078
1.902379,88,534.102218
1.911207,75,534.251479
0.789803,70,534.391244
-0.219348,400,535.216276
0.523775,76,535.365906
0.208328,85,535.527647
2.933905,69,535.66844
1.144021,73,535.814988
1.774776,63,535.939631
3.389079,65,536.066116
1.275598,115,536.289559
0.580423,86,536.454599
4.694182,72,536.596085
0.737198,84,536.764151
1.583641,72,536.907333
2.44736,73,537.053226
1.556124,67,537.183694
2.336423,70,537.321964
-0.099597,112,537.54446
1.6719,72,537.685706
3.299824,66,537.814333
-0.306145,105,538.019327
0.150836,80,549.185864
4.535428,64,549.309471
-0.842597,182,549.681182
1.690481,68,549.819511
3.173081,69,549.960173
3.303531,70,550.101251
3.648046,64,550.232056
4.22854,69,550.371723
-0.052787,79,550.52879
2.344837,74,550.67809
4.266491,90,550.857512
0.38072,93,551.048434
4.402454,64,551.189942
2.779213,80,551.353714
1.4532,72,551.501694
5.469464,66,551.632964
2.783538,73,551.781027
1.863028,69,551.92148
-0.376672,95,552.111607
1.590499,73,552.257942
5.019049,69,552.395447
4.947347,69,552.537639
3.684927,64,552.667563
0.03125,108,552.901265
0.976087,80,553.062608
0.139815,90,553.243184
3.273435,80,564.467038
3.336396,66,564.595087
1.017335,75,564.739149
-1.472408,105,564.945842
1.376654,75,565.093693
5.91323,68,565.247315
-0.129837,103,565.448485
102.782985,62,565.571625
0.986369,76,565.723028
3.908277,68,565.859299
2.949337,68,565.997075
0.859269,93,566.180552
3.359682,86,566.35185
4.228045,67,566.490689
-0.80637,143,566.784829
2.907402,72,566.944141
2.747695,74,567.098304
2.134391,95,567.286486
5.177291,68,567.422013
3.93015,66,567.558192
2.084268,80,567.718058
1.240005,76,567.870752
2.220151,74,568.018875
0.940574,85,568.185405
3.330707,72,568.326394
3.394635,65,568.456189
5.160632,72,579.697183
4.827326,65,579.829152
5.044631,70,579.966944
100.634233,77,580.123288
2.764686,72,580.264308
2.53352,74,580.408623
0.160632,106,580.636596
100.954077,82,580.8087
0.754823,192,581.19137
2.023873,69,581.333144
2.017344,72,581.47766
3.077233,71,581.619226
4.537538,68,581.759902
-0.323109,114,581.990251
1.263268,86,582.159542
105.271554,63,582.285787
2.246502,63,582.409529
3.8971,65,582.536012
1.860563,75,582.687281
3.513231,67,582.824006
2.355651,72,582.968426
4.300534,67,583.107295
2.999641,73,583.257474
4.084391,75,583.410209
0.591317,96,583.603354
2.742674,69,595.136006
-0.418103,84,595.310585
0.479743,109,595.536132
5.184842,67,595.680286
1.237569,94,595.872585
2.060849,93,596.058757
3.478041,66,596.192625
2.779035,69,596.332745
0.004077,81,596.49273
1.632257,91,596.678017
4.925478,67,596.814919
5.984795,75,596.960245
-0.115932,105,597.171824
2.924207,65,597.322731
0.059169,114,597.553902
1.349629,77,597.705293
4.498788,68,597.845961
3.550794,72,597.994034
3.651021,72,598.139967
2.657082,67,598.275692
102.172148,51,598.380713
3.417283,68,598.516127
0.307015,80,598.676377
100.859121,110,598.900429
3.335177,74,599.070087
3.566106,67,599.207526
3.560954,64,610.491408
1.159403,83,610.668104
-1.754425,121,610.930121
5.00247,69,611.071088
0.846359,78,611.229414
2.591491,72,611.388978
2.447965,63,611.548834
1.882608,85,611.725068
4.389922,77,611.881511
4.379499,70,612.027304
-0.231303,85,612.200505
1.491092,80,612.367032
5.335307,66,612.507889
0.738618,101,612.71689
2.716786,68,612.853279
1.765149,97,613.050916
3.21057,65,613.183835
-0.11832,118,613.418557
2.972565,81,613.588862
100.897925,66,613.722509
0.014026,81,613.891043
0.852696,84,614.060354
5.229701,65,614.199322
0.977741,122,614.44865
1.906413,70,614.590532
4.89398,69,626.124239
3.079366,69,626.290206
2.024023,71,626.442011
0.687889,99,626.647528
2.780518,68,626.788763
1.359699,87,626.963318
3.700842,65,627.092557
2.924214,93,627.289121
4.138788,74,627.435627
2.157201,67,627.570781
1.164546,69,627.713149
0.391474,79,627.874457
0.539733,75,628.048862
1.218112,84,628.220258
3.705678,66,628.355613
4.546165,82,628.533692
3.836882,81,628.700162
3.664421,68,628.841738
-0.001521,105,629.047923
2.190081,78,629.202247
0.556783,372,629.956175
0.987845,85,630.141577
3.612888,73,630.293403
102.555994,65,641.726318
3.310975,66,641.859307
2.563854,76,642.014511
2.253173,68,642.146781
0.43931,103,642.351669
1.605839,75,642.511244
2.781823,69,642.644239
5.363871,70,642.795143
3.236126,72,642.939093
3.686586,64,643.062761
0.324412,97,643.259991
0.652017,82,643.43256
2.888841,82,643.601615
2.75325,69,643.74751
0.810147,80,643.911997
-0.265767,85,644.081934
3.13416,74,644.231256
4.497339,65,644.361422
0.437609,84,644.532366
0.398167,80,644.704134
1.496485,73,644.854886
4.598036,69,644.996509
0.756817,106,645.222868
3.482339,66,645.346653
0.902625,93,645.532074
1.045993,85,645.69951
5.205609,63,645.824793
1.653772,68,657.374058
1.786588,73,657.517616
4.530114,67,657.646041
0.540742,85,657.821332
2.489224,77,657.979874
0.728472,108,658.189056
5.394255,65,658.317838
0.382746,82,658.476067
2.524213,72,658.619446
1.930805,66,658.750459
100.402383,24,658.800199
3.001074,76,658.950764
102.437709,64,659.08388
0.118977,117,659.331247
1.957441,78,659.490366
0.42356,101,659.697738
0.891459,80,659.851853
1.50676,93,660.032748
1.488601,98,660.226171
2.313009,77,660.38322
1.008742,97,660.572938
2.097906,68,660.710185
1.315582,74,660.85412
100.502241,96,661.041926
0.070873,109,661.256019
1.54886,77,672.791913
-0.474762,118,673.031468
1.399182,74,673.18393
0.849245,85,673.35917
1.751797,90,673.546885
-1.666508,197,673.960107
0.923994,89,674.133693
1.997359,89,674.312915
3.089245,69,674.44683
-0.213128,121,674.688255
4.313245,73,674.836944
0.962265,80,674.994307
1.38764,72,675.137509
4.385265,77,675.296651
0.266238,98,675.489442
1.679974,74,675.632162
1.766928,69,675.769621
0.263249,131,676.02521
4.90115,69,676.15752
2.507697,69,676.288604
2.299231,66,676.413784
3.037287,70,676.550064
3.266518,62,676.670919
1.275972,79,688.357599
0.914554,75,688.509601
0.502512,78,688.669206
0.200254,76,688.817546
-0.782917,130,689.088821
0.428351,90,689.270044
2.93304,66,689.401573
1.852198,64,689.531736
3.478633,81,689.692845
0.671535,113,689.919192
3.460655,95,690.107136
0.960802,78,690.263095
4.558399,68,690.399274
2.134427,74,690.549282
5.399683,80,690.709446
1.574544,79,690.863834
3.022615,75,691.01174
2.25706,86,691.1861
-0.02559,101,691.398979
2.294055,68,691.542925
0.469779,112,691.760706
0.585606,106,691.987127
4.520979,68,692.122525
2.942637,68,692.256791
0.179527,97,692.452419
0.385384,78,704.272702
2.363671,91,704.4595
3.202074,70,704.601425
1.401966,70,704.754496
0.740204,96,704.975048
102.615167,66,705.111754
2.886834,70,705.283807
3.795483,70,705.434877
3.114047,64,705.57218
0.909374,76,705.739794
1.330538,77,705.899053
4.418702,74,706.048352
4.26476,71,706.19389
4.132564,100,706.39995
5.131441,69,706.544212
2.639412,70,706.682565
3.599445,75,706.833361
0.762956,70,706.970372
1.218861,72,707.112198
3.740764,80,707.279589
4.201717,71,707.4257
1.472814,78,707.58417
1.367162,70,707.723447
3.876369,70,707.865834
2.836891,66,707.994611
2.503563,72,708.136344
1.256256,77,708.292266
0.503322,114,720.046494
3.12839,65,720.176932
-0.075908,85,720.349562
2.978401,68,720.490911
0.944637,80,720.654706
2.523862,74,720.809406
105.625019,136,721.086275
4.720054,66,721.218288
4.149789,73,721.368378
3.19674,68,721.50687
1.500243,104,721.713724
2.839753,68,721.863105
6.087247,66,721.996645
4.961882,69,722.13121
1.956883,65,722.259911
2.935394,68,722.391772
4.660333,65,722.520281
1.426668,105,722.732367
0.508624,104,722.9364
4.739264,66,723.069697
2.183712,75,723.223238
4.171945,85,723.390308
3.274736,69,723.533448
0.012657,81,723.706671
0.289534,106,723.911944
4.396522,69,735.744436
0.561196,87,735.925099
2.715441,66,736.062675
4.560466,75,736.223024
3.616579,70,736.370422
1.079279,94,736.587303
3.895153,67,736.727639
4.045115,94,736.920702
3.960968,65,737.050622
3.147797,66,737.179573
3.676029,73,737.324575
4.903862,77,737.47833
1.900517,97,737.67006
3.49923,99,737.873946
0.830418,75,738.035521
2.538921,67,738.173004
2.301246,70,738.332331
1.454993,87,738.510493
0.458078,112,738.732652
0.092322,83,738.898535
4.007074,70,739.038821
100.886237,64,739.173947
1.497685,93,739.371167
2.499055,69,739.517471
1.875617,71,739.671414
-0.193748,94,739.852824
2.150308,68,752.003594
3.347431,72,752.145998
2.975681,79,752.308022
4.981885,68,752.44609
105.216875,74,752.596372
3.638286,68,752.73413
2.967912,65,752.86359
1.158015,78,753.027921
4.007693,77,753.192877
2.710077,73,753.335192
5.255318,73,753.478275
3.120649,67,753.613547
0.608886,87,753.781779
4.608641,66,753.912877
4.40715,67,754.04653
0.898856,82,754.207907
-0.090739,88,754.380916
1.274338,119,754.617817
1.672337,68,754.757397
3.034089,67,754.895955
0.32409,173,755.246721
3.571058,70,755.387429
0.406328,86,755.560004
3.375595,69,755.698303
4.408036,67,755.836636
0.414937,100,756.049958
6.112724,66,767.636069
4.375505,70,767.774154
4.288137,64,767.902228
103.581889,56,768.015234
4.32104,69,768.168412
3.486132,64,768.295803
4.290358,68,768.430137
1.633258,77,768.582873
0.748464,77,768.738719
4.240929,72,768.88634
1.271863,81,769.056572
2.464184,67,769.187093
3.43076,79,769.346915
0.230153,94,769.538601
5.618804,67,769.672395
0.579926,100,769.868004
0.524061,78,770.022864
3.564216,79,770.180863
4.834349,64,770.308409
3.69175,68,770.442935
3.24792,87,770.617614
0.851351,73,770.76012
0.83648,78,770.910477
1.669771,84,771.077423
4.89186,63,771.202964
0.633387,74,771.344671
101.313668,64,771.468418
0.58594,78,771.621908
1.196978,71,782.956171
3.239693,65,783.081719
3.496938,71,783.2359
1.060736,86,783.403511
0.429518,86,783.576934
2.616388,68,783.710873
3.120629,81,783.869007
2.853343,71,784.007339
2.736276,73,784.145915
3.509839,74,784.288553
3.814002,86,784.453522
-0.083776,94,784.634081
1.763605,72,784.772006
2.896144,84,784.931522
0.741766,78,785.079566
-0.398207,121,785.310016
3.977345,219,785.738636
4.1431,66,785.868559
5.304542,64,785.995229
5.282099,67,786.125121
-0.846334,120,786.354855
3.883466,65,786.479149
3.356308,74,786.620607
2.056852,65,786.746182
-0.968476,878,799.644959
0.56675,97,799.848261
2.77472,67,799.982918
3.869232,67,800.112581
101.899612,66,800.24342
0.272215,83,800.405271
2.754467,70,800.539276
3.329984,86,800.7068
3.704752,66,800.837656
0.605472,73,800.980888
1.812681,71,801.123076
4.678368,67,801.261145
2.283847,70,801.401263
0.979221,83,801.565715
5.511471,74,801.712544
4.077871,66,801.841842
4.026386,70,801.975339
2.943476,92,813.741214
0.096071,77,813.905696
4.117878,67,814.04718
100.803517,40,814.125185
1.001324,70,814.265216
2.876296,69,814.409827
4.121551,71,814.553968
2.226989,66,814.698844
4.09048,70,814.836181
1.145966,70,814.980231
1.727696,77,815.131835
4.400312,70,815.267156
0.520522,80,815.426562
2.29766,83,815.592448
4.094565,64,815.718155
2.012346,96,815.923196
3.547823,85,816.091448
4.651959,76,816.241548
1.47997,74,816.386987
5.010354,76,816.538043
0.50608,80,816.693222
4.243636,72,816.835175
5.730025,70,816.974056
-0.1158,126,817.216776
1.548436,76,817.364415
3.410723,79,817.529198
3.666493,68,817.666401
2.339602,79,828.988235
3.53461,65,829.115691
-1.326584,142,829.39348
-0.125277,96,829.578936
4.104648,73,829.721502
102.767176,74,829.869015
3.163481,79,830.0422
5.041715,67,830.174811
2.829778,68,830.315784
101.345719,56,830.433132
0.989801,77,830.601816
-0.191489,84,830.788822
1.611823,91,830.988952
1.263339,77,831.149663
2.652849,67,831.288644
2.968539,69,831.42553
2.840948,70,831.56778
4.302151,66,831.697953
3.808752,84,831.864369
2.196876,68,831.998652
3.977482,71,832.142779
2.387978,82,832.303754
3.485238,73,832.452563
101.71333,91,832.630858
1.353579,78,832.790146
102.895133,62,832.916451
0.768138,83,833.080332
4.095671,65,844.340483
1.011208,72,844.478375
0.146878,83,844.656893
0.431343,100,844.854481
1.793284,97,845.044118
1.568333,74,845.189643
0.532263,85,845.361164
0.094163,1000,847.337964
4.835815,66,847.477089
2.852138,92,847.660405
0.754525,103,847.865603
1.139228,74,848.018214
3.768531,65,848.148636
1.845611,86,859.693124
3.256038,99,859.890526
-0.458828,107,860.10911
0.399386,75,860.259775
2.582658,69,860.405917
101.975549,72,860.556427
-0.100603,80,860.719808
0.141439,91,860.921134
1.358671,77,861.077984
3.7585,74,861.22152
3.953571,97,861.411001
2.051209,91,861.594199
1.619114,74,861.742906
5.003503,89,861.918309
0.618691,83,862.08687
3.591722,66,862.219234
3.09742,94,862.413167
4.300849,67,862.548945
1.181752,75,862.699247
4.776276,64,862.830602
4.550144,75,862.980345
4.044122,87,863.155152
4.401208,76,863.309359
3.84601,66,863.442397
2.406274,80,863.605021
2.269918,80,863.767167
0.903968,87,875.499389
-0.477421,95,875.683737
2.421034,75,875.833502
1.32003,113,876.069275
3.03405,67,876.202081
0.93614,81,876.362919
3.503782,65,876.491635
3.132105,67,876.618396
-0.712873,115,876.84257
4.64705,77,876.994117
3.328933,65,877.118393
1.565603,82,877.279907
2.578674,71,877.417826
101.581554,53,877.523083
2.747648,71,877.663162
101.197795,65,877.792953
1.025464,163,878.112741
-0.269459,178,878.458861
0.265615,87,878.627044
0.430139,77,878.774126
1.037369,117,879.00293
0.612481,91,879.179497
103.022441,72,879.322377
1.360968,77,891.011979
4.803561,68,891.144212
3.547334,69,891.281093
-0.476772,92,891.466552
1.616349,78,891.619263
3.626833,76,891.770169
3.822612,103,891.97096
0.804414,87,892.14609
2.628152,75,892.295439
2.335561,68,892.431875
1.556176,72,892.570794
3.379826,64,892.708426
3.662863,67,892.865212
1.147066,77,893.035001
2.589313,68,893.188012
3.253172,70,893.343809
2.285576,70,893.499011
1.443203,74,893.648543
0.979913,77,893.800327
0.196369,80,893.963605
3.273403,69,894.104592
1.391833,74,894.251034
4.293697,65,894.385251
3.352623,67,894.520313
0.549211,1000,907.719296
2.726502,72,907.860361
2.524142,67,907.997809
3.988604,120,908.232
102.379865,55,908.339017
1.249196,70,908.482575
3.333161,67,908.624198
0.726411,76,908.779395
3.585243,88,908.959196
1.085564,70,909.117834
5.215421,72,909.262712
3.997773,72,909.403783
2.347014,66,909.541222
4.786631,84,909.71011
0.730037,74,909.861532
3.8031,103,910.064412
4.686431,67,910.201299
0.107607,77,910.360362
2.536089,67,921.981099
2.268171,81,922.143137
-0.352231,89,922.319373
1.744742,70,922.460388
0.992162,72,922.608422
3.536928,87,922.783378
2.779137,75,922.936236
5.548711,74,923.085367
2.099084,80,923.2535
3.953323,88,923.432388
2.257675,70,923.573165
2.517919,86,923.754966
1.258656,73,923.899823
1.052152,75,924.046444
2.852788,89,924.226086
104.830883,68,924.360316
4.448497,67,924.491109
100.543346,70,924.635533
1.358556,81,924.811586
4.769659,64,924.942331
4.640288,65,925.072329
4.181741,68,925.205191
100.928083,46,925.29648
0.888953,105,925.502822
3.109212,67,925.641772
101.099744,63,925.772229
1.142736,121,926.010357
-0.939491,118,937.573853
2.430453,67,937.706484
0.362934,97,937.897577
4.330774,77,938.051236
2.782212,70,938.192049
100.838404,91,938.373265
2.363802,68,938.522921
2.035196,70,938.658582
3.980327,65,938.791101
-0.565029,103,939.000475
2.650295,68,939.151632
3.17914,67,939.306565
1.118589,81,939.477613
2.563263,70,939.616664
4.757497,99,939.810445
3.439649,64,939.937159
3.405149,92,940.119024
-0.063452,94,940.302513
5.019936,63,940.428627
4.48641,76,940.59882
1.03452,1000,954.087342
1.099418,74,954.241101
0.210681,94,954.42838
101.207985,110,954.646155
2.834569,72,954.787911
3.399157,90,954.969571
103.592405,64,955.095939
4.470218,66,955.229348
-0.06881,1000,969.009309
5.302294,66,969.142753
5.105767,64,969.274466
3.795296,93,969.456029
0.237098,84,969.62171
2.408087,73,969.76993
4.051522,68,969.907741
2.995068,73,970.068831
0.587346,89,970.253986
4.227133,65,970.382933
1.243628,87,970.563578
3.207801,71,970.72134
3.353278,63,970.852499
0.137413,160,971.192441
-0.009288,129,971.455847
3.498385,65,971.609641
1.600437,72,971.768216
0.590155,96,971.961318
102.003841,68,972.09527
101.277449,104,972.302708
1.054378,75,972.467855
101.87629,54,972.5924
4.066235,68,972.761171
0.86833,77,972.924805
5.763428,74,973.083351
4.211364,66,973.212824
3.053409,69,985.034194
3.654018,71,985.189601
1.251059,92,985.3855
-0.359882,118,985.642163
3.909753,67,985.786377
3.244388,64,985.918656
2.594659,68,986.055183
3.176276,67,986.192626
4.109467,68,986.320841
1.351624,94,986.507675
3.160142,66,986.643378
1.048056,77,986.79782
2.462424,68,986.933386
4.267047,79,987.096513
2.196783,88,987.287173
3.190896,70,987.432178
1.2575,94,987.62824
2.420899,79,987.78996
3.810288,71,987.938925
2.124794,74,988.098945
1.095713,86,988.277981
3.70005,87,988.456558
0.40544,76,988.607159
104.446335,66,988.741128
0.906929,84,988.90415
3.578521,89,989.07938
1.448157,78,1000.856731
-1.110347,1000,1002.890817
0.737393,78,1003.047625
1.559725,75,1003.202747
0.179482,89,1003.384127
3.948911,106,1003.597681
1.760451,90,1003.793214
2.425456,95,1003.979881
2.626914,64,1004.10476
2.660831,66,1004.235377
4.941158,64,1004.360886
1.670419,70,1004.510038
1.163704,69,1004.646478
100.801191,90,1004.827228
3.641974,68,1016.227603
3.196708,82,1016.389164
6.046869,74,1016.535018
100.708107,55,1016.64108
2.959898,71,1016.779564
1.875082,79,1016.933913
1.239359,71,1017.075614
2.16317,86,1017.247474
0.616301,77,1017.402665
101.289362,63,1017.528255
2.247724,73,1017.669177
3.362562,80,1017.826486
4.506259,70,1017.983837
-0.364653,92,1018.161979
5.086328,65,1018.292481
0.932852,90,1018.468448
-0.940143,121,1018.711358
0.833715,88,1018.887372
101.373814,70,1019.028093
3.491765,75,1019.17526
3.642475,70,1019.314197
3.082849,81,1019.490896
0.825773,78,1019.649361
3.315978,79,1019.809786
1.868043,68,1019.947142
2.667495,68,1020.088228
0.397297,76,1020.240995
1.813042,73,1031.987074
102.580425,81,1032.151257
0.865801,81,1032.312528
2.958164,67,1032.446032
4.206109,65,1032.577624
103.705567,65,1032.71041
2.308854,84,1032.879161
1.876732,71,1033.040785
4.262016,90,1033.219121
0.303383,80,1033.378114
1.044414,71,1033.515766
3.929104,66,1033.645925
4.138258,64,1033.769585
3.848827,80,1033.935163
0.691699,77,1034.098283
103.667325,71,1034.250706
2.55877,74,1034.404857
3.280606,73,1034.552375
3.90238,68,1034.695526
2.615899,68,1034.838592
5.791235,64,1034.971869
3.719729,65,1035.116941
0.678588,80,1035.284416
2.617319,79,1035.447203
1.067976,80,1035.611893
2.081535,68,1035.752336
2.509476,66,1035.881281
5.082,67,1036.015326
4.713468,82,1047.417598
2.984635,81,1047.579474
2.059009,69,1047.720334
1.390901,77,1047.874201
5.65748,74,1048.034708
2.715324,72,1048.179387
4.784957,83,1048.346151
0.960105,85,1048.516997
2.727448,67,1048.652766
1.059326,92,1048.839977
100.444007,31,1048.90414
0.833279,1000,1050.932105
0.700878,98,1051.131193
3.239164,92,1051.31199
5.386636,68,1051.447909
0.222407,74,1062.844998
4.625807,74,1063.002588
3.729658,63,1063.129953
4.177415,89,1063.32851
-0.17864,87,1063.502515
4.732345,67,1063.637225
4.222144,70,1063.781031
103.759445,63,1063.908817
-0.034855,133,1064.168206
3.150897,87,1064.345675
3.224038,105,1064.560976
1.577218,88,1064.73653
0.206507,80,1064.910007
0.907176,67,1065.0421
3.266597,66,1065.185657
101.358847,86,1065.364478
2.397402,74,1065.518873
2.888904,82,1065.686491
2.643515,70,1065.82429
3.376115,75,1065.971523
104.960348,65,1066.098714
1.870131,69,1066.23318
-0.174274,335,1078.201904
2.500546,71,1078.344444
0.740829,90,1078.526147
102.108212,67,1078.66102
2.739615,65,1078.809073
100.678638,93,1078.994846
-0.387509,170,1079.341499
1.26193,76,1079.494734
0.926825,72,1079.644142
3.482853,77,1079.802644
4.440428,72,1079.951562
3.959029,73,1080.103008
-0.219815,94,1080.293386
2.654303,68,1080.428378
102.042784,76,1080.593673
3.112637,84,1080.762694
4.156787,69,1080.900243
5.137182,71,1081.043362
1.771357,74,1081.192101
1.04391,123,1081.442555
0.506212,97,1081.635407
103.692742,59,1081.752564
1.352498,74,1081.900985
1.482057,79,1082.058392
0.556824,76,1082.211028
101.187912,98,1093.844151
1.490699,73,1093.99098
0.896402,81,1094.154774
4.273351,67,1094.290409
2.463743,82,1094.455789
3.631463,89,1094.640786
2.920921,74,1094.810722
100.89099,62,1094.93823
3.246703,82,1095.107652
4.023631,65,1095.239
0.664714,74,1095.387209
1.603293,81,1095.551227
1.334257,71,1095.695096
0.599793,71,1095.838999
2.394737,83,1096.008051
1.404281,80,1096.166517
0.030577,980,1109.367954
101.19797,63,1109.492066
100.474159,46,1109.580498
3.294613,69,1109.717836
1.102552,94,1109.902603
3.455263,70,1110.041806
5.313221,64,1110.169954
1.892616,70,1110.3102
0.959712,98,1110.516544
103.822287,64,1110.638963
1.780712,94,1110.83007
101.985874,63,1110.957781
2.722914,72,1111.099127
4.192238,89,1111.274441
2.141538,84,1111.436493
0.249114,76,1111.58856
4.464789,65,1111.716227
2.958462,64,1111.84271
1.748834,72,1111.980411
2.649241,68,1112.117099
3.169331,70,1112.253642
0.514864,86,1112.420864
3.904837,74,1112.584107
5.815459,66,1112.712976
3.407063,65,1112.845224
3.611774,67,1112.976433
5.251897,65,1113.103713
1.616352,74,1124.83999
5.208182,68,1124.97701
4.857951,142,1125.263109
4.161816,65,1125.396474
4.471438,67,1125.533803
3.318136,85,1125.711488
1.31872,72,1125.862066
0.272013,101,1126.068141
4.35567,76,1126.218022
2.077415,67,1126.36769
4.388139,75,1126.570006
2.242659,70,1126.745335
1.732852,74,1126.887389
0.543373,75,1127.027279
4.212749,68,1127.157664
1.338572,71,1127.296128
2.967589,71,1127.434422
3.928927,85,1127.599305
1.751369,71,1127.739134
0.531247,78,1127.893918
100.0,1,1127.896319
103.91452,77,1128.045124
1.225721,86,1128.226749
1.184062,78,1128.380703
3.066724,78,1128.536751
0.598705,72,1128.676417
1.206268,69,1128.810499
0.685252,127,1140.569314
4.066599,73,1140.732702
1.293853,74,1140.877183
2.214652,70,1141.017035
0.307647,1000,1143.021035
101.762529,57,1143.131453
2.767918,69,1143.26987
1.851592,70,1143.408364
-0.179043,90,1143.58275
0.805219,80,1143.745709
3.892997,65,1143.873742
3.657723,79,1144.029836
104.220481,62,1144.159644
102.813083,60,1144.285376
4.402036,76,1144.437142
102.450693,83,1144.600551
2.441806,77,1156.308618
2.89297,65,1156.43852
1.130988,81,1156.593887
2.353382,75,1156.740938
103.94906,64,1156.864787
-0.260576,99,1157.058232
-0.901253,104,1157.262672
2.513912,74,1157.402936
5.225277,87,1157.569197
1.530274,86,1157.755104
4.743567,68,1157.903985
3.440417,67,1158.052275
1.311744,73,1158.219238
-0.016151,102,1158.429624
102.024307,51,1158.535137
3.114881,68,1158.685821
2.346173,74,1158.84129
3.926588,78,1158.999111
100.765889,98,1159.211779
2.31512,74,1159.369948
4.399801,60,1159.498373
103.898906,58,1159.624009
102.050529,71,1159.780658
3.973485,76,1159.932484
3.627584,73,1160.082068
2.701114,72,1160.22589
4.102723,65,1160.36634
1.210241,74,1172.168535
-0.802141,106,1172.389485
0.759122,86,1172.568481
1.125443,80,1172.732053
1.216248,74,1172.891461
1.265126,79,1173.061588
100.517972,295,1173.692971
2.518373,86,1173.877154
3.347673,69,1174.028584
4.172852,72,1174.177253
0.065796,76,1174.33434
101.043332,63,1174.467926
0.72968,124,1174.730392
-0.855102,135,1175.034782
1.213313,73,1175.188295
1.54625,81,1175.362042
0.272256,109,1175.586454
0.774182,125,1175.846524
4.467086,92,1176.024824
1.32731,75,1176.176327
5.104635,67,1176.313931
101.683422,70,1188.056087
4.851529,71,1188.198841
102.375607,57,1188.311229
5.471741,70,1188.447945
4.27961,66,1188.580536
4.332627,86,1188.752678
2.48695,72,1188.897235
1.959369,75,1189.05177
3.780509,65,1189.188061
0.580844,123,1189.427756
1.576244,74,1189.5763
3.877392,67,1189.729294
0.433319,90,1189.913924
3.394249,89,1190.08994
2.743826,70,1190.23214
-0.322087,88,1190.408492
1.958116,72,1190.547436
2.593998,72,1190.689703
-0.695857,110,1190.906156
4.617913,63,1191.045489
3.510083,86,1191.225894
4.19995,69,1191.365295
4.65687,67,1191.500707
1.852527,77,1191.660548
2.132214,78,1191.817854
3.346386,70,1191.961181
3.957822,72,1192.103321
1.886126,75,1203.762219
2.339823,73,1203.904983
2.032543,74,1204.05414
1.256612,73,1204.197105
1.830104,78,1204.352688
4.795374,71,1204.493744
2.137929,79,1204.650179
-0.572939,113,1204.873086
104.119909,63,1204.99808
1.662492,69,1205.1457
0.959059,79,1205.314211
4.627064,66,1205.45404
4.529235,68,1205.589961
5.299427,64,1205.720347
3.073766,68,1205.854614
0.391321,78,1206.008028
2.57039,68,1206.136616
3.458946,73,1206.279198
2.695518,88,1206.451942
100.209855,68,1206.595399
3.452113,65,1206.72167
100.694209,49,1206.817949
100.938252,64,1206.942554
4.061745,64,1207.070426
-0.284395,1000,1220.752289
1.221027,79,1220.926842
2.509763,74,1221.086472
101.809421,75,1221.241802
0.571952,87,1221.427579
1.902266,66,1221.565788
0.432492,1000,1234.958405
1.156437,187,1235.331734
4.910947,64,1235.462122
0.975456,71,1235.602729
0.763656,95,1235.791049
4.190906,71,1235.934959
1.59472,74,1236.085612
3.633969,75,1236.236471
3.684595,68,1236.373176
2.391845,72,1236.539314
2.837775,66,1236.674607
3.385116,62,1236.798796
4.568685,85,1236.975578
4.044604,70,1237.118216
0.198666,77,1237.274018
3.888761,64,1237.403086
3.417787,80,1237.568909
4.440339,79,1237.740213
-0.182253,1000,1251.156511
1.021826,111,1251.38101
0.851226,72,1251.527779
0.038755,76,1251.680236
0.843014,189,1252.053669
0.718591,79,1252.208167
3.299626,80,1252.365885
3.130055,85,1252.535795
-0.686016,199,1252.944024
4.30687,71,1253.082383
101.891986,79,1253.239254
1.885453,75,1253.382504
3.377112,73,1253.525909
2.82114,64,1253.653506
2.278778,69,1253.793242
-0.082614,1000,1267.125765
3.500346,65,1267.257711
5.862283,66,1267.388551
101.341563,65,1267.517224
1.986306,87,1267.692749
0.687288,84,1267.861102
3.70292,67,1267.998882
102.875433,56,1268.114315
1.726086,70,1268.257319
4.413739,69,1268.397143
3.055979,66,1268.530707
101.900467,66,1268.661434
101.317703,71,1268.817831
4.049677,69,1268.954913
5.336379,62,1269.080212
4.89091,70,1269.217786
1.489544,93,1269.39857
4.884195,63,1269.522845
0.418153,85,1269.688398
3.816415,64,1269.815987
1.616323,70,1269.952939
5.986907,67,1281.497131
101.434092,42,1281.586951
2.391466,72,1281.736852
100.907463,64,1281.868101
102.903441,74,1282.016814
4.330211,64,1282.168956
103.135239,76,1282.320563
4.515984,76,1282.472632
4.304172,93,1282.660377
1.734465,84,1282.832691
2.567329,71,1282.975543
2.410987,75,1283.130072
105.737349,75,1283.276521
1.638489,74,1283.443833
1.607518,93,1283.630539
1.036534,82,1283.792294
0.941389,76,1283.946313
1.82717,71,1284.089839
-0.13482,101,1284.292575
3.951097,68,1284.429436
-0.124297,77,1284.585008
3.904747,73,1284.73232
1.986204,71,1284.875589
101.272563,103,1285.079041
101.131415,107,1285.294428
5.124208,82,1285.475151
101.024667,110,1296.845464
5.743776,66,1296.972196
2.868475,72,1297.117366
4.473273,65,1297.263455
1.624344,70,1297.399388
0.86162,80,1297.556628
2.494551,73,1297.698219
4.767998,74,1297.843327
1.183687,77,1298.002002
1.838584,83,1298.168339
1.911708,72,1298.308688
0.461213,75,1298.460949
3.895459,70,1298.602946
5.47665,65,1298.736338
4.39928,69,1298.875165
-0.38568,196,1299.276093
5.491856,67,1299.411164
100.900192,103,1299.61948
102.454648,46,1299.711778
4.799782,65,1299.845213
102.986348,66,1299.975539
2.645739,71,1300.11834
1.748057,83,1300.282116
2.251484,64,1300.409356
-0.476724,1000,1313.86475
2.157462,71,1314.008854
4.561357,83,1314.171873
1.803229,84,1314.347943
3.022029,70,1314.488258
3.704297,69,1314.62274
2.058774,74,1314.775412
4.585263,66,1314.906546
1.40379,76,1315.061532
0.150467,104,1315.27482
3.128936,74,1315.426919
3.363713,70,1315.574529
2.15537,70,1315.714584
100.628632,106,1315.930692
2.703392,73,1316.082615
102.572876,64,1316.209431
2.43513,70,1316.349174
101.461545,91,1327.944149
1.776188,64,1328.075218
3.454734,69,1328.210968
1.169862,68,1328.344025
102.061583,52,1328.445463
2.589395,69,1328.582281
3.115141,67,1328.727899
0.271071,1000,1330.706403
-1.218909,122,1330.94732
1.868375,71,1331.091415
3.404971,69,1331.227576
2.654936,73,1331.371457
2.713757,70,1331.517859
5.173708,83,1331.690009
104.149759,72,1331.834023
2.374131,70,1331.974319
4.437459,67,1343.403036
2.573139,74,1343.554947
0.172856,1000,1345.581367
4.428844,79,1345.739718
104.40968,62,1345.863954
3.822088,71,1346.023777
2.361309,71,1346.164531
-0.101123,98,1346.353326
3.781662,65,1346.485795
5.518753,62,1346.609994
3.498099,67,1346.739689
0.509453,84,1346.901249
4.943116,93,1347.084649
101.340694,62,1347.207234
1.391052,83,1347.370266
2.166011,69,1358.703306
4.139172,82,1358.865008
3.304015,62,1358.985823
4.878984,64,1359.11008
1.210975,76,1359.261728
0.251261,79,1359.41836
4.672603,65,1359.545655
4.419975,65,1359.674162
102.262838,58,1359.785594
103.202743,58,1359.898847
0.924381,1000,1361.991303
4.705547,66,1362.12312
4.330548,64,1362.251673
1.44152,79,1362.403518
5.136215,88,1362.57676
102.354928,65,1362.704382
3.346499,62,1374.172464
1.141409,115,1374.393942
-0.762032,112,1374.61376
6.069819,72,1374.755988
0.89237,81,1374.916574
-0.718556,254,1375.417512
3.290118,74,1375.563615
5.563328,63,1375.700778
2.353864,72,1375.838941
100.497648,56,1375.948362
2.81806,84,1376.110916
2.185193,84,1376.294194
2.000534,63,1376.419314
0.767373,103,1376.634815
4.619222,66,1376.77335
3.844102,73,1376.918229
3.162934,72,1377.08786
0.570222,95,1377.278222
-0.234345,82,1377.442117
0.757844,70,1377.579886
4.096123,67,1377.711883
4.82376,63,1377.835341
101.40145,76,1377.991927
1.383923,93,1378.182257
0.383031,89,1389.833652
0.163007,78,1389.983805
3.204312,76,1390.134335
0.880256,78,1390.286587
-0.417456,111,1390.505915
4.567764,91,1390.684647
-0.453654,96,1390.872529
3.027626,65,1391.014034
3.769786,68,1391.149235
-0.434961,95,1391.33681
3.013736,73,1391.477815
4.290059,64,1391.603934
2.429785,76,1391.753002
4.662689,65,1391.877425
0.370225,82,1392.038604
4.159475,69,1392.178158
2.24998,76,1392.338874
-0.614282,227,1392.809301
1.360513,127,1393.059185
2.115289,66,1393.191445
2.960742,62,1393.314146
3.034131,68,1393.447151
2.518611,63,1393.570675
100.850851,113,1405.141519
-0.710781,110,1405.359337
3.27473,73,1405.507123
3.821173,68,1405.646951
1.782486,84,1405.81924
3.421751,69,1405.963215
2.769569,67,1406.101899
1.545389,84,1406.28897
3.790705,64,1406.425406
3.94042,87,1406.60635
2.580291,63,1406.738426
1.544878,70,1406.877982
4.877827,72,1407.017388
2.599802,67,1407.14578
3.096306,60,1407.260769
2.368316,69,1407.398788
3.254403,71,1407.538002
2.532764,83,1407.703447
3.579281,69,1407.836477
100.922851,85,1408.011512
0.940021,75,1408.160095
0.41394,81,1408.317204
2.136135,68,1408.448279
0.133058,105,1408.65309
4.220987,79,1408.806981
0.594716,104,1409.011891
0.952465,86,1409.197981
2.690682,67,1420.886925
2.981767,64,1421.015002
2.479388,60,1421.13404
101.612491,73,1421.27853
2.7034,73,1421.437103
1.250144,84,1421.602135
1.509177,74,1421.746979
101.828991,88,1421.930558
100.116696,213,1422.351065
0.621021,78,1422.508954
5.096156,68,1422.6462
3.252199,74,1422.79454
1.974759,68,1422.932425
1.389514,89,1423.122738
3.215353,66,1423.260816
1.20104,76,1423.410345
103.423618,68,1423.549078
1.372131,77,1423.708493
101.09973,83,1423.869251
3.976172,73,1424.015485
3.864608,73,1424.158908
-0.757706,93,1424.360654
2.714668,68,1424.498022
4.544775,69,1424.63151
1.389149,74,1424.778655
0.892703,73,1424.922195
1.971703,69,1436.413619
3.334381,74,1436.570153
3.752769,74,1436.724722
1.98732,69,1436.862414
3.351462,71,1437.008852
5.266537,65,1437.141237
101.384562,80,1437.296346
100.300353,62,1437.42497
4.266567,66,1437.552474
101.034707,72,1437.695629
3.702924,65,1437.826201
2.674546,67,1437.956966
2.524822,78,1438.107876
0.647809,87,1438.280508
4.277918,74,1438.42205
5.15706,62,1438.538293
4.42644,65,1438.665344
103.159292,63,1438.782898
2.255443,73,1438.919594
3.606863,65,1439.04141
5.250546,65,1439.165745
5.128543,63,1439.289411
1.636041,80,1439.44345
100.804891,78,1439.589737
0.179461,1000,1453.061998
0.768184,74,1453.20694
3.799946,69,1453.344418
3.231455,66,1453.489639
0.707934,77,1453.648394
2.381701,75,1453.803078
1.302244,66,1453.939327
0.881068,87,1454.122348
102.341059,63,1454.251546
101.719506,71,1454.394672
3.247128,71,1454.540917
0.346013,78,1454.698211
1.072611,145,1455.002512
0.471091,1000,1468.28212
3.876382,65,1468.414304
0.470557,77,1468.573868
101.080669,91,1468.758582
1.721417,68,1468.896117
101.699987,74,1469.047373
-0.049354,1000,1471.071761
4.125937,76,1471.217904
3.804661,64,1471.340124
3.159252,66,1483.022202
3.05798,76,1483.184826
3.469886,74,1483.33395
0.48319,80,1483.492054
100.626394,74,1483.642853
4.503789,67,1483.775915
100.755281,59,1483.893093
1.421831,69,1484.039018
1.588342,81,1484.201873
4.849111,63,1484.329515
1.780117,93,1484.508392
3.892328,75,1484.653466
100.786188,66,1484.796045
0.98772,76,1484.953844
4.424993,69,1485.086516
2.852376,75,1485.237135
3.218011,73,1485.38198
3.931624,92,1485.569337
5.631266,65,1485.719467
2.33823,71,1485.868374
5.228794,68,1486.006078
4.897223,66,1486.161218
4.336519,65,1486.295893
3.492478,66,1486.43379
2.296749,67,1486.579002
2.871266,63,1486.707829
1.856368,78,1486.881608
-0.325057,103,1487.112813
0.402916,74,1498.803939
2.255558,70,1498.944331
1.201328,77,1499.100575
5.498791,79,1499.26248
3.182766,69,1499.406353
100.832432,98,1499.610189
101.419895,56,1499.722917
2.963957,68,1499.861567
-0.635385,86,1500.036204
-0.236519,106,1500.251761
3.57986,65,1500.399131
0.036945,72,1500.550451
0.406688,74,1500.705775
3.408117,65,1500.840659
4.649425,69,1500.979261
4.113469,65,1501.112007
5.759771,63,1501.241391
3.935958,74,1501.392859
1.544487,70,1501.539753
2.16961,88,1501.720836
100.703642,78,1501.878511
1.580052,71,1502.038568
2.887804,68,1502.178196
2.617669,68,1502.317624
4.264635,69,1502.461225
0.976376,74,1502.613305
4.707861,70,1502.756809
-0.503246,1000,1516.170039
104.175,68,1516.304631
6.083263,69,1516.441243
3.806283,67,1516.574779
0.579538,1000,1530.196403
4.714068,67,1530.331313
4.775307,76,1530.483347
3.452612,66,1530.620486
2.595127,77,1530.779736
3.50855,85,1530.952794
4.692603,82,1531.127833
3.603901,71,1531.281735
101.352072,56,1531.393959
3.627565,63,1531.537487
3.825104,63,1531.67146
2.019557,65,1531.807351
4.487895,67,1531.948788
3.764749,65,1532.086115
0.422866,76,1532.24211
4.209415,66,1532.376258
1.15839,74,1532.525242
1.266077,90,1532.717503
-0.286553,97,1532.945651
0.890336,78,1533.104234
3.815427,91,1533.288976
3.454904,64,1533.421056
2.821261,74,1533.57796
1.114113,73,1533.732884
0.634922,72,1533.886176
2.037409,68,1534.028606
4.203768,66,1534.165437
1.31672,98,1546.000773
0.834073,101,1546.224071
1.229025,78,1546.398717
2.061345,69,1546.54782
101.419813,56,1546.668406
1.488159,87,1546.8506
1.184176,109,1547.0747
1.740584,70,1547.220218
3.991277,63,1547.35737
1.757029,69,1547.518174
1.589971,69,1547.661843
1.741091,90,1547.846485
1.602405,78,1548.006875
1.064537,93,1548.202089
3.845772,80,1548.36742
0.484018,79,1548.53141
2.856641,67,1548.669989
2.239344,69,1548.812561
4.665058,71,1548.95802
2.392293,64,1549.104105
2.206442,68,1549.244786
2.100609,74,1549.397566
4.55393,63,1549.527063
2.087241,68,1549.667079
1.687561,71,1549.81272
101.452141,38,1549.890112
3.776505,74,1550.042237
4.364641,67,1550.179502
101.222805,67,1561.979015
3.237542,68,1562.116327
1.238467,102,1562.314983
2.448839,79,1562.474519
1.551408,92,1562.65646
3.131304,67,1562.788983
6.007069,71,1562.927978
4.320743,75,1563.08272
5.01414,63,1563.212622
4.271208,66,1563.359184
1.700981,73,1563.509815
3.472372,72,1563.658904
3.829189,64,1563.791151
-0.399722,229,1564.262049
2.24708,68,1564.405402
4.88387,82,1564.582009
2.784594,86,1564.775912
2.70573,64,1564.908549
2.51217,69,1565.053756
2.063553,70,1565.19618
4.206622,70,1565.333134
3.582565,67,1565.469801
100.917868,74,1565.619075
1.974581,74,1565.772634
1.867169,70,1565.917393
2.451081,69,1566.05979
2.029935,69,1577.802576
1.20794,79,1577.959771
-0.350319,84,1578.133676
0.933962,82,1578.302509
5.760721,71,1578.447412
0.672873,74,1578.597635
0.480649,91,1578.780399
0.601487,73,1578.947854
2.316831,76,1579.111255
2.01019,90,1579.318053
0.792812,82,1579.496603
3.378948,67,1579.644009
3.401713,80,1579.820514
1.719879,69,1579.959118
1.544945,88,1580.144892
100.400337,61,1580.274517
1.94039,76,1580.435321
0.692803,80,1580.617802
0.753685,72,1580.760386
0.730652,76,1580.911746
101.168524,95,1581.101641
2.083316,70,1581.240512
4.095582,83,1581.406566
4.139848,95,1581.593395
4.682765,65,1581.720588
0.702021,79,1581.874027
4.44251,78,1593.745778
0.501384,73,1593.896337
100.721953,92,1594.081117
5.053968,72,1594.223334
3.417093,65,1594.357813
-0.506857,96,1594.558989
1.082076,83,1594.734089
102.369912,54,1594.84626
3.875661,69,1594.984382
1.20888,72,1595.126849
0.996306,72,1595.272706
3.502386,93,1595.46082
1.80653,68,1595.59978
4.089214,63,1595.734018
1.040532,125,1595.977324
2.322423,66,1596.107496
2.791173,81,1596.268923
4.108457,65,1596.402949
4.237824,62,1596.524584
1.349532,103,1596.733649
3.484722,73,1596.878788
2.681739,64,1597.005813
2.501827,65,1597.136042
4.44725,80,1597.297905
5.211649,67,1597.433379
2.442536,65,1597.582155
2.2195,68,1597.716161
4.966175,71,1597.855822
0.433402,1000,1611.020131
3.362972,94,1611.201179
3.173551,64,1611.338448
5.178562,66,1611.475379
102.374267,75,1611.621771
2.957124,67,1611.754396
1.078639,79,1611.910589
4.29335,62,1612.035856
104.428781,59,1612.151373
3.185191,64,1612.280854
3.694506,70,1612.421298
2.04264,84,1612.58915
1.352174,70,1612.729485
101.491365,97,1612.920625
3.1239,98,1613.11482
0.413629,87,1624.858962
1.4075,74,1625.004894
1.582376,85,1625.175674
3.561108,64,1625.302871
5.226203,72,1625.446957
105.235756,64,1625.572112
-0.613435,120,1625.819951
3.905138,80,1625.991154
2.180475,69,1626.12972
4.573562,70,1626.284794
5.078184,71,1626.434036
2.829956,92,1626.623124
4.886706,68,1626.75924
4.910367,63,1626.885277
5.838082,72,1627.031462
4.077225,70,1627.174821
3.144092,83,1627.343904
1.227868,82,1627.510845
1.517797,77,1627.683022
2.589765,68,1627.817908
3.979785,64,1627.948903
105.014393,65,1628.08085
5.487951,74,1628.233136
4.395225,86,1628.406928
1.546589,81,1628.572134
3.85505,84,1628.740745
-0.864649,111,1640.325068
1.273246,70,1640.46728
1.341964,67,1640.605434
1.170193,111,1640.823606
1.989941,74,1640.973461
2.0901,68,1641.113266
3.087717,74,1641.26039
4.744063,68,1641.399493
5.568304,92,1641.58199
1.630423,70,1641.734987
0.65082,69,1641.874158
0.851785,77,1642.027135
0.007011,74,1642.171873
2.446479,63,1642.29595
2.344234,77,1642.454115
102.503533,92,1642.649534
5.577608,63,1642.780985
3.235122,74,1642.969062
5.194379,82,1643.132765
3.54177,86,1643.298438
2.438965,78,1643.45276
0.629206,72,1643.594446
2.024214,67,1643.730044
4.307018,83,1643.895745
-0.079281,162,1644.224777
4.529703,62,1644.352045
3.444292,65,1656.014467
3.769189,63,1656.148472
2.569191,82,1656.312159
2.756851,69,1656.451513
4.474348,78,1656.613889
3.968892,64,1656.747053
3.229806,87,1656.928181
1.90515,70,1657.074364
5.264947,63,1657.20213
3.946543,82,1657.370794
100.798288,60,1657.507373
2.002254,70,1657.655364
2.692783,68,1657.800615
101.31159,94,1657.992252
4.260364,65,1658.126618
-0.655073,136,1658.399769
101.071607,63,1658.526209
1.299013,89,1658.723247
3.801594,100,1658.927475
4.765295,66,1659.059134
4.219961,68,1659.199994
1.950688,63,1659.326582
3.354477,68,1659.461463
2.748331,73,1659.61159
3.644561,64,1659.742831
2.168835,73,1659.894358
3.979419,65,1660.027272
2.549018,68,1660.163018
104.418771,59,1671.741955
2.062159,72,1671.889802
104.587276,69,1672.02996
4.661541,70,1672.17302
4.866789,62,1672.298994
2.008697,68,1672.433207
2.026643,69,1672.573809
0.55142,86,1672.749251
-0.055787,91,1672.933868
3.653007,68,1673.068087
2.589424,66,1673.215561
5.009009,69,1673.358456
2.62694,68,1673.494069
3.310699,85,1673.665092
4.602432,71,1673.809942
1.545343,87,1673.978453
4.382901,63,1674.100072
0.320165,88,1674.272672
2.48428,99,1674.465673
3.623934,73,1674.60908
3.626408,64,1674.732623
102.341082,88,1674.90543
101.45185,75,1675.054185
3.20593,68,1675.200728
4.267508,70,1675.354103
0.385833,85,1675.540335
1.376816,103,1675.760518
1.86969,75,1687.315218
2.51835,64,1687.457331
101.675366,57,1687.574908
3.446747,66,1687.709647
2.752022,73,1687.858354
2.494967,75,1688.011923
3.595495,60,1688.136516
2.622761,62,1688.26318
1.103022,76,1688.416695
2.220933,74,1688.568298
3.308801,64,1688.705893
4.48305,73,1688.857436
3.285407,66,1688.998579
0.122327,72,1689.146083
3.911311,73,1689.296173
3.829691,64,1689.428503
1.356111,70,1689.573636
-0.197765,112,1689.796621
0.594594,103,1690.006841
2.873505,75,1690.170974
0.967407,75,1690.324093
1.876409,101,1690.530028
4.324287,65,1690.671466
3.020238,65,1690.807629
-0.303083,77,1690.967157
103.296882,77,1691.123904
4.632001,72,1691.272189
-0.453827,89,1702.917656
104.337006,59,1703.034285
1.367439,78,1703.189231
4.611909,64,1703.316574
2.762097,72,1703.464604
101.458716,65,1703.593987
3.492004,66,1703.724565
100.81109,88,1703.913981
3.955856,65,1704.043567
2.514899,71,1704.187026
0.005126,78,1704.339899
102.134149,85,1704.508621
4.346988,79,1704.667456
-0.015439,1000,1706.712091
101.308104,106,1706.923002
1.737877,118,1718.433384
101.6118,66,1718.561818
101.616732,74,1718.721415
-0.253049,110,1718.939107
2.444796,68,1719.075271
100.850788,74,1719.222156
4.564651,66,1719.355186
102.361285,79,1719.516787
2.191533,76,1719.670178
105.331791,69,1719.81178
4.971299,62,1719.932089
2.584672,76,1720.084228
0.447501,75,1720.235341
102.710366,81,1720.399382
4.062109,82,1720.567484
3.210883,75,1720.720477
1.347742,78,1720.880278
2.1902,88,1721.055474
4.494242,65,1721.18823
100.962644,72,1721.333369
4.109464,65,1721.461638
4.199126,65,1721.5934
-0.412697,108,1721.823294
3.768433,74,1721.966717
3.789867,85,1722.133364
100.365924,93,1722.314281
4.203182,63,1733.683873
3.978534,63,1733.808858
3.409569,98,1734.000829
0.632329,72,1734.145382
-0.592217,112,1734.365382
101.175343,55,1734.473944
3.256371,66,1734.603075
5.766051,66,1734.735279
4.029691,83,1734.90451
5.585917,63,1735.03375
4.732054,62,1735.171535
0.034213,1000,1737.172349
1.239221,71,1737.315832
0.455186,102,1737.518525
3.296594,65,1737.647201
101.18012,95,1749.223437
4.854451,89,1749.398175
103.307528,65,1749.528018
3.987883,64,1749.65128
4.995262,79,1749.807678
4.710381,72,1749.953866
0.208533,1000,1751.993254
-2.551623,390,1752.795128
2.535921,68,1752.931503
0.48052,73,1753.078309
0.406287,159,1764.71368
1.275419,83,1764.881407
2.800305,67,1765.011525
3.098276,66,1765.143251
-0.309047,1000,1767.141381
3.903475,69,1767.279132
0.1382,81,1767.436843
5.529944,62,1767.557582
4.151005,69,1767.69383
101.106507,73,1767.850897
2.980332,75,1767.999585
0.306231,98,1768.189744
100.920571,304,1780.135459
2.099693,69,1780.281366
0.78608,78,1780.436955
0.742276,303,1781.045188
6.193773,67,1781.185246
0.92753,101,1781.389528
2.528488,67,1781.528264
1.61899,72,1781.677198
3.142364,62,1781.804805
1.310731,80,1781.967597
101.239097,88,1782.149519
2.098336,78,1782.30755
2.249583,71,1782.452973
0.864312,1000,1795.798913
1.736539,87,1795.972443
1.224249,72,1796.108061
2.467897,61,1796.229181
3.170731,70,1796.362167
101.073228,54,1796.466352
2.645343,69,1796.612523
2.972047,65,1796.742878
101.035046,56,1796.871218
3.270855,62,1797.005678
101.529022,49,1797.108212
4.282015,64,1797.242158
1.49441,71,1797.402328
0.502884,77,1797.570251
1.845185,70,1797.715196
1.310754,101,1797.916661
4.370966,65,1798.053775
3.132731,67,1798.192079
0.94787,206,1798.624259
102.451444,78,1798.788368
2.008181,68,1798.9243
0.401895,1000,1812.331105
100.981661,63,1812.456794
1.308522,70,1812.611599
100.721042,83,1812.78203
5.66731,75,1812.938229
3.322355,79,1813.100801
5.253073,63,1813.229336
1.216333,120,1813.468144
2.176891,69,1813.604406
0.373315,1000,1827.178008
-0.160142,92,1827.359105
5.615175,65,1827.492179
101.962495,66,1827.627264
4.308089,63,1827.756384
0.275604,78,1827.927621
5.227741,66,1828.072374
101.423883,66,1828.201868
100.815224,93,1828.384935
2.320989,65,1828.512378
101.728247,77,1828.666795
0.104729,72,1828.807983
101.163055,77,1828.957128
5.629792,77,1829.105105
2.527118,74,1829.246892
3.135634,67,1829.380345
4.856699,83,1829.541839
-0.2983,390,1830.318836
4.289074,64,1830.443554
0.261621,85,1830.609851
1.971787,69,1830.743635
-0.115508,187,1842.379706
1.46354,68,1842.510562
1.275859,94,1842.688093
3.481062,77,1842.844894
102.931504,71,1842.982393
1.626092,91,1843.177223
1.325291,106,1843.391037
4.283988,92,1843.571128
3.708871,65,1843.69883
3.376641,92,1843.882059
2.721764,69,1844.01992
0.373866,91,1844.201562
4.045853,80,1844.366708
5.201099,69,1844.50612
5.460358,62,1844.633541
-0.273774,1000,1857.963637
0.809761,102,1858.169825
3.034307,78,1858.327917
3.246185,66,1858.459843
0.996594,84,1858.634091
2.484233,68,1858.77492
101.72392,69,1858.918617
-0.913315,103,1859.137965
2.208734,69,1859.277483
1.890548,89,1859.459716
105.810716,71,1859.602107
3.581267,60,1859.721102
101.976368,70,1859.865047
1.941549,63,1859.995017
4.75134,64,1860.126041
2.718481,66,1860.268642
2.658845,64,1860.404756
2.227378,87,1860.583086
4.965534,73,1860.733409
2.618866,64,1860.864577
4.883381,65,1860.994284
5.39146,63,1861.122635
3.410942,67,1861.257234
4.467962,86,1861.42853
-0.532878,90,1861.60768
0.038028,80,1861.767914
3.522605,68,1873.232001
0.776743,81,1873.393692
-0.043598,86,1873.562674
0.81896,121,1873.804966
1.834396,112,1874.026677
3.530232,71,1874.170426
104.863975,64,1874.316449
102.192921,57,1874.427911
2.281559,70,1874.566174
100.859696,58,1874.682568
4.149777,70,1874.828751
0.591378,130,1875.093095
3.703344,64,1875.220901
2.087656,69,1875.359214
4.239375,75,1875.50787
4.183627,66,1875.639815
0.634867,170,1875.992594
3.633005,66,1876.126672
0.902423,84,1876.295316
3.648712,72,1876.440434
1.223936,74,1876.58947
0.188217,109,1876.803954
2.113759,67,1876.936507
5.395793,68,1877.073076
0.982462,71,1877.215633
3.05009,65,1888.725693
3.243666,68,1888.859384
3.858126,68,1888.995551
1.127734,72,1889.138432
2.524378,68,1889.275023
-0.904201,114,1889.521285
2.254803,68,1889.659572
3.674518,64,1889.795217
3.986011,65,1889.928739
1.123077,131,1890.19153
2.014198,77,1890.354197
0.903537,74,1890.502619
0.702983,96,1890.69211
100.884052,59,1890.813761
3.961707,67,1890.950392
4.330005,60,1891.069136
3.577633,72,1891.225328
3.467878,64,1891.352996
3.72903,65,1891.483983
103.307155,57,1891.598003
104.406114,65,1891.731355
100.948205,48,1891.828382
1.642041,85,1892.000996
100.181953,28,1892.056016
4.330419,88,1892.23104
0.147138,78,1892.387
2.207162,74,1892.535899
3.791785,64,1892.665593
4.436669,66,1892.811815
103.378067,74,1904.276343
5.547157,64,1904.404392
1.51053,91,1904.584166
1.441485,78,1904.739126
104.639326,62,1904.861903
5.077401,92,1905.057243
-0.16881,106,1905.274964
5.534358,65,1905.401748
1.797536,84,1905.570525
-0.457895,79,1905.72312
101.728926,83,1905.889144
1.791262,68,1906.023197
4.060367,81,1906.184271
0.478412,93,1906.370543
3.776088,80,1906.537793
2.44535,77,1906.707929
3.289134,83,1906.878721
0.089164,93,1907.067187
100.821073,65,1907.202955
1.856192,118,1907.445994
2.847761,68,1907.583707
0.750418,83,1907.748693
2.66213,74,1907.912815
4.368663,80,1908.078454
4.43195,74,1908.227908
5.807875,73,1919.907979
3.278297,67,1920.039244
101.498852,100,1920.237426
3.057807,69,1920.37086
100.823791,65,1920.503262
5.254886,82,1920.672859
3.916188,78,1920.831355
0.264927,74,1920.977737
4.489799,66,1921.110149
0.267855,108,1921.327141
-0.066154,93,1921.509639
101.468752,103,1921.713267
5.699,112,1921.936195
1.678808,71,1922.080254
0.797066,73,1922.222179
3.355133,88,1922.396151
2.482978,70,1922.538305
3.766244,65,1922.667151
1.582159,86,1922.843284
0.886279,80,1923.005469
1.87379,66,1923.135936
5.3209,63,1923.259098
3.719892,62,1923.385378
2.354556,72,1923.532314
0.3943,83,1923.696264
100.615908,55,1923.80545
101.299234,98,1935.726411
1.073867,86,1935.914998
4.728829,67,1936.061379
1.066326,121,1936.352561
104.693559,65,1936.495226
103.923808,61,1936.619195
3.970579,75,1936.770351
-1.283027,108,1936.991548
1.581837,79,1937.157471
3.082929,66,1937.30146
3.077981,68,1937.473465
100.250942,53,1937.57483
1.309525,81,1937.731144
101.712795,74,1937.880321
5.372823,63,1938.009496
0.624891,81,1938.190361
3.516271,64,1938.336024
1.431172,85,1938.526144
2.887798,63,1938.661415
1.013516,69,1938.82487
5.385687,67,1938.965188
0.941438,92,1939.159879
2.164753,72,1939.314487
105.167069,69,1939.463375
0.450221,88,1939.649307
1.602088,68,1939.79126
0.017067,144,1951.840832
101.230112,79,1952.011761
100.429616,78,1952.179627
102.116803,91,1952.36481
3.318499,81,1952.528561
4.479046,65,1952.662399
2.375371,66,1952.791293
1.822499,70,1952.93398
1.271759,72,1953.075786
4.7707,65,1953.20823
2.138373,62,1953.332597
2.944265,67,1953.499094
5.613763,69,1953.642853
1.792521,70,1953.785164
3.467378,64,1953.907439
3.448943,66,1954.039944
2.0586,75,1954.192415
2.513988,77,1954.342794
3.025165,65,1954.475105
2.558063,64,1954.599277
3.355412,68,1954.733188
5.256982,90,1954.922803
3.515658,69,1955.080093
1.883591,71,1955.220017
102.795556,60,1955.337363
4.671325,63,1955.46018
2.455522,66,1955.588408
101.63792,58,1955.70753
3.518229,61,1955.828459
1.352292,78,1967.392362
-2.045665,111,1967.612
1.403608,67,1967.746776
5.614079,73,1967.8923
1.428103,69,1968.033713
4.548725,63,1968.15732
3.606081,76,1968.309423
1.047072,70,1968.456698
102.037694,61,1968.578206
-0.169273,90,1968.752798
5.445269,70,1968.888674
4.755155,72,1969.048123
100.52137,67,1969.182473
1.090328,81,1969.349091
103.688273,59,1969.472867
0.085462,94,1969.667911
2.277428,75,1969.816876
4.290111,64,1969.94142
3.521921,67,1970.071883
1.774452,90,1970.256238
4.283484,67,1970.389623
101.353645,108,1970.611202
0.597528,79,1970.775291
4.435293,65,1970.897363
3.491095,64,1971.020314
3.989776,66,1971.151283
0.756951,116,1971.375431
4.416829,68,1982.786638
0.763734,1000,1984.763591
4.176498,68,1984.89704
1.344491,84,1985.060941
1.037115,75,1985.208559
3.963075,64,1985.332581
1.551823,77,1985.485456
1.247355,70,1985.62324
2.070952,65,1985.753844
-0.78647,130,1986.034404
0.844242,76,1986.18504
102.849938,65,1986.313632
0.865911,74,1986.458869
0.632756,211,1998.385539
2.629951,63,1998.51203
100.728223,95,1998.702141
4.944874,74,1998.84664
2.580866,62,1998.96854
0.262782,71,1999.105407
101.150603,89,1999.282269
4.485717,62,1999.417187
2.558275,70,1999.557777
1.510115,70,1999.698216
102.829389,56,1999.814211
4.005057,75,1999.967231
-0.547164,186,2000.340137
-0.266039,119,2000.578338
0.27559,85,2000.748532
4.905474,73,2000.894645
1.806711,76,2001.06271
0.146236,110,2001.279668
4.117711,121,2001.525873
3.466904,101,2001.724639
101.704823,72,2001.874882
1.889726,62,2002.008365
102.326131,71,2002.151138
2.7542,72,2002.299252
1.725502,96,2013.792027
101.206668,97,2014.007437
3.880278,83,2014.177471
104.398278,59,2014.298117
1.626797,83,2014.47221
4.578508,64,2014.607409
4.319539,66,2014.742361
0.630625,1000,2016.752235
-0.844384,85,2016.922334
103.738112,58,2017.038708
2.157502,71,2017.178319
4.750096,93,2017.363763
5.062311,68,2017.503766
1.575549,70,2017.642225
103.118386,68,2017.781552
4.342857,67,2017.918024
1.018057,85,2029.581074
4.363001,76,2029.731143
5.605779,63,2029.857227
1.843965,67,2029.993515
3.85437,76,2030.143533
4.671824,64,2030.272715
0.827184,80,2030.43085
0.521563,79,2030.607007
102.077655,55,2030.715244
4.330224,65,2030.842316
101.172832,90,2031.021342
101.382497,100,2031.217962
2.690674,67,2031.350613
1.151716,72,2031.492681
5.8955,71,2031.635047
4.74287,60,2031.753199
1.560335,78,2031.90922
2.686119,68,2032.045345
102.432013,47,2032.149098
102.088689,71,2032.295626
4.54431,62,2032.418238
-0.297085,88,2032.593224
4.076926,65,2032.725694
3.816465,65,2032.855104
102.089975,73,2033.007819
0.609939,90,2033.187927
2.489368,77,2033.34569
2.919658,64,2033.471849
4.089691,71,2044.869144
5.250738,72,2045.030233
101.268585,99,2045.227911
4.639173,66,2045.360741
1.476352,81,2045.522629
0.609503,74,2045.669481
1.82697,71,2045.807788
100.779616,283,2046.377811
0.946252,85,2046.548638
102.118436,46,2046.643402
1.566,93,2046.828401
-0.218339,174,2047.179743
105.071077,59,2047.29902
2.240519,65,2047.429286
100.658009,67,2047.571282
3.551138,65,2047.702326
101.797716,64,2047.835314
1.940146,88,2048.015693
100.857825,56,2048.129955
0.014695,91,2048.314986
3.913371,65,2048.449668
100.856831,41,2048.533654
100.935312,60,2048.66777
4.228421,68,2048.801697
4.30948,74,2048.948592
102.071732,71,2060.401011
1.344939,124,2060.646747
104.887595,62,2060.77475
3.765154,96,2060.971318
3.805464,65,2061.10759
0.620889,181,2061.476291
4.382224,65,2061.605905
101.0004,85,2061.773441
102.214734,70,2061.912153
0.772703,75,2062.061606
1.443993,84,2062.235332
2.151121,69,2062.374898
102.006896,78,2062.534343
102.511704,72,2062.677315
5.420365,86,2062.85424
0.831198,73,2063.005328
1.242469,141,2063.283713
4.044749,74,2063.433056
3.907274,70,2063.571382
-2.03804,266,2064.099666
102.181523,74,2064.246607
3.927024,62,2064.370406
1.029164,72,2075.926878
2.408701,67,2076.059559
3.997287,68,2076.190454
3.513422,83,2076.36066
1.849722,85,2076.534955
0.771103,79,2076.693481
3.049268,65,2076.823169
2.683924,67,2076.955313
102.573638,56,2077.068594
100.301773,86,2077.241648
101.956867,65,2077.383766
103.383475,78,2077.537184
1.900896,70,2077.676887
3.007729,67,2077.807352
1.315035,82,2077.974374
0.65619,86,2078.147881
1.844935,96,2078.343458
4.27252,75,2078.491317
2.122174,87,2078.665377
102.663663,55,2078.790974
102.591249,68,2078.925246
0.237521,95,2079.115723
100.874454,88,2079.291933
-1.38178,108,2079.509944
0.744323,93,2079.69961
3.591182,63,2079.824165
101.139796,63,2079.947794
1.716012,71,2091.502812
3.898577,65,2091.635401
0.547877,95,2091.827351
1.861584,80,2091.985001
0.693104,77,2092.139011
-0.343266,94,2092.32806
5.209245,72,2092.475088
2.283525,64,2092.604765
3.298282,73,2092.747676
0.06612,1000,2094.795923
2.053461,84,2094.964565
2.450464,65,2095.096624
0.37991,75,2095.244526
101.366142,108,2095.45918
3.691013,84,2106.994339
2.181706,73,2107.141301
0.326002,92,2107.317306
0.128035,76,2107.472508
3.955913,84,2107.639873
1.086446,71,2107.778443
5.156707,63,2107.907118
1.742088,71,2108.058827
4.267265,66,2108.188425
3.380278,71,2108.335281
3.195662,68,2108.473898
3.57664,86,2108.65013
-1.113636,102,2108.85077
3.483548,71,2108.994111
2.714304,65,2109.122927
3.400162,71,2109.26279
0.395498,133,2109.51988
2.265472,90,2109.698256
3.866484,71,2109.837824
2.551824,68,2109.969972
4.812369,72,2110.115082
3.581357,74,2110.259167
101.925054,55,2110.368606
0.774197,70,2110.509266
-0.655826,138,2110.776447
1.643819,87,2110.948752
4.381104,63,2122.382744
4.157982,72,2122.527291
100.22938,69,2122.666431
3.573906,63,2122.794308
1.05801,96,2122.986877
100.609975,96,2123.181073
4.937458,67,2123.322136
3.713311,85,2123.5062
2.5714,68,2123.637513
0.951032,76,2123.790377
3.6607,66,2123.926112
0.212668,1000,2125.893737
0.575128,1000,2139.079807
0.735511,69,2139.223229
1.971486,66,2139.358021
1.515418,70,2139.51182
3.457086,85,2139.686103
2.75739,81,2139.853326
101.113781,47,2139.948744
3.933963,81,2140.116823
4.878807,65,2140.248239
3.444735,66,2140.386576
101.678963,77,2140.540868
1.738618,70,2140.681839
1.100847,80,2140.859001
101.55478,95,2141.052092
3.075085,78,2141.212536
5.091787,63,2141.339491
1.213799,89,2141.522744
4.01154,65,2141.658405
4.689625,63,2153.096819
3.508119,76,2153.263199
100.624557,63,2153.388468
0.1075,82,2153.5511
3.166795,85,2153.716548
0.648773,88,2153.88993
101.558057,82,2154.052032
101.013886,76,2154.201761
3.550735,76,2154.348994
100.665334,47,2154.441228
4.2897,63,2154.561032
101.255292,100,2154.758108
4.68763,63,2154.878568
0.991594,83,2155.03911
4.197036,63,2155.161738
5.051739,72,2155.302666
101.754181,71,2155.441691
102.980724,52,2155.542877
0.714332,80,2155.70048
3.576309,85,2155.868776
1.529414,65,2156.00072
4.916545,62,2156.124091
102.179161,84,2156.296056
1.519891,84,2156.469393
0.318265,73,2156.612236
3.190238,79,2156.773221
5.145371,64,2156.902195
2.522285,85,2157.069026
1.414914,86,2168.510887
3.485077,64,2168.637535
4.842833,88,2168.811362
3.447459,78,2168.964466
3.875129,62,2169.087487
-2.862229,112,2169.310779
100.810151,56,2169.423115
4.245459,65,2169.555725
4.031651,61,2169.680722
3.996888,64,2169.812469
3.121743,79,2169.973393
102.174325,45,2170.060958
3.959718,94,2170.25649
0.63144,85,2170.433954
1.134234,148,2170.726383
3.269834,66,2170.85884
1.002474,99,2171.056576
100.337222,244,2171.562219
104.380462,59,2171.680091
-0.407166,89,2171.855186
2.825987,84,2172.023208
1.499331,79,2172.17892
101.092823,60,2172.299778
4.322692,69,2172.438097
2.846096,65,2183.843236
4.382882,63,2183.96442
3.18896,65,2184.088214
1.068157,90,2184.264789
103.143718,54,2184.376675
3.407139,79,2184.533055
3.342088,66,2184.664957
2.022885,70,2184.806154
105.933696,67,2184.937004
1.410683,91,2185.118688
3.836086,78,2185.285546
3.060941,67,2185.421293
1.960689,69,2185.557522
6.227845,62,2185.686806
3.242282,73,2185.83615
4.634945,81,2186.000507
3.874025,65,2186.132173
2.970283,65,2186.260211
1.862385,68,2186.395328
2.036314,65,2186.545526
5.382159,63,2186.673886
1.390275,72,2186.818784
4.741686,63,2186.946587
2.813725,68,2187.086466
101.47321,74,2187.238127
1.105021,68,2187.373132
3.323086,72,2187.516069
101.167812,71,2187.654079
1.051526,110,2187.877892
101.00066,89,2199.396267
4.94068,67,2199.531402
3.123631,65,2199.663263
3.689126,64,2199.788076
1.036797,68,2199.925794
0.628245,107,2200.145937
3.071522,65,2200.274336
101.613652,86,2200.450166
2.0174,70,2200.595183
105.728182,69,2200.737466
0.574056,92,2200.935491
1.943724,82,2201.099293
4.091863,68,2201.237287
4.547951,72,2201.385472
2.546822,71,2201.536121
0.325896,79,2201.71833
-0.045746,90,2201.924238
-1.009247,96,2202.13228
-0.006968,97,2202.332423
-0.373474,98,2202.527005
5.180418,65,2202.658907
0.385394,105,2202.870557
4.584721,70,2203.013165
3.96786,79,2203.171192
4.371981,62,2203.297763
3.201013,67,2203.448108
4.266259,65,2215.028681
4.801572,69,2215.165438
1.925408,68,2215.30366
101.050201,76,2215.45829
100.688991,91,2215.652134
103.740036,83,2215.834117
-1.213175,108,2216.061652
3.561712,64,2216.195085
4.82511,75,2216.342636
2.833349,72,2216.483728
1.410454,69,2216.621023
-0.011397,95,2216.807599
2.034992,98,2217.000607
-0.010223,116,2217.224776
1.833107,71,2217.378207
5.481356,64,2217.499631
1.054688,83,2217.656518
101.302802,78,2217.808725
-0.669763,111,2218.020782
101.228841,82,2218.183146
106.193806,73,2218.3284
1.520665,103,2218.531912
4.803567,65,2218.659063
3.349937,71,2218.803326
103.483692,68,2218.949183
3.809077,63,2230.431795
1.593425,62,2230.55386
3.630922,76,2230.707503
1.377297,70,2230.847343
103.262387,63,2230.973563
1.991293,68,2231.113707
4.382012,72,2231.283401
4.007352,102,2231.51221
4.266824,81,2231.679847
1.759861,70,2231.823286
2.744799,90,2232.006034
1.97469,72,2232.15253
0.925535,76,2232.306066
-0.058241,83,2232.470528
0.271051,86,2232.650262
1.901173,69,2232.792089
101.635475,74,2232.943641
1.587389,70,2233.086527
105.791285,72,2233.252017
4.332312,74,2233.407286
105.792266,72,2233.550035
2.418731,66,2233.680647
101.398448,53,2233.789334
-0.707318,175,2234.135926
4.669158,63,2234.26397
1.712749,69,2234.404782
1.269948,80,2234.568276
5.460423,62,2246.196037
1.664221,82,2246.353516
4.131459,64,2246.479945
-0.894447,208,2246.902284
101.039931,88,2247.079734
-0.139582,161,2247.398522
1.648793,77,2247.553763
3.171335,66,2247.685296
-0.989275,103,2247.892821
100.561179,71,2248.030948
1.686101,63,2248.158352
101.29984,70,2248.317075
102.143734,60,2248.444911
5.431313,62,2248.574247
5.341717,66,2248.70959
-0.949647,101,2248.915047
101.254417,74,2249.065599
2.6162,91,2249.248561
1.770021,71,2249.391623
-0.098731,77,2249.545057
101.787064,52,2249.653001
1.551128,86,2249.824731
101.531706,67,2249.97146
4.596594,84,2250.136105
3.478598,64,2261.637893
100.889661,102,2261.844013
4.256643,82,2262.010116
1.384265,100,2262.223176
100.673374,46,2262.313811
2.287255,82,2262.473923
3.94586,67,2262.610708
4.504878,74,2262.763469
100.987883,80,2262.925384
4.572514,91,2263.105385
1.660712,80,2263.268802
1.937091,65,2263.400566
4.470527,61,2263.52393
0.707969,73,2263.670524
100.250464,64,2263.798762
4.193786,77,2263.948947
0.604398,85,2264.116815
3.239932,80,2264.292235
3.276843,67,2264.424387
101.280955,74,2264.569082
1.253402,71,2264.707434
1.633481,70,2264.846003
-1.192202,106,2265.056067
3.889206,63,2265.180938
3.160587,96,2265.370749
3.443163,65,2265.499944
1.119827,73,2265.647218
3.456697,95,2277.292566
2.399906,88,2277.469001
-1.159478,241,2277.955572
2.444455,66,2278.086909
2.851929,72,2278.230946
3.392877,82,2278.415484
3.250028,66,2278.545279
4.006192,89,2278.720133
2.400822,72,2278.860693
4.514632,63,2278.99093
2.0208,87,2279.163061
3.892509,65,2279.289517
1.069077,81,2279.471848
4.530962,89,2279.646795
4.34594,68,2279.779468
4.507622,83,2279.943724
4.346052,71,2280.081428
0.824959,75,2280.229635
2.846977,61,2280.349039
2.919377,67,2280.482783
2.649629,67,2280.620464
0.520231,74,2280.765429
4.465416,68,2280.902134
103.743351,87,2281.073085
2.389763,76,2281.225738
100.944384,58,2292.625216
-0.793076,93,2292.82945
0.765633,100,2293.030952
1.157155,70,2293.166755
3.581872,63,2293.293943
-0.400756,100,2293.486589
5.041088,63,2293.612169
1.593938,70,2293.75617
3.449577,73,2293.900388
3.851773,78,2294.061272
4.273109,64,2294.185912
2.543502,77,2294.340613
2.300298,66,2294.468327
101.334397,64,2294.593754
1.822961,86,2294.766325
2.738144,73,2294.911038
102.02409,62,2295.035448
2.876804,80,2295.193999
4.863034,63,2295.327732
2.658988,69,2295.467085
0.25573,103,2295.677169
-0.048972,169,2296.005204
2.33755,75,2296.152799
101.27293,174,2296.50719
2.207044,66,2296.639157
0.685873,93,2308.541754
4.224807,67,2308.683094
3.725156,70,2308.819703
3.795685,64,2308.945312
1.88086,69,2309.084897
4.130003,64,2309.213406
100.759456,90,2309.398293
100.880276,87,2309.588802
2.629926,66,2309.720572
3.190034,61,2309.840916
100.924122,77,2309.988407
1.616615,79,2310.147323
0.367103,75,2310.308753
102.530141,67,2310.443582
101.085715,31,2310.509716
2.946665,67,2310.643632
2.298305,68,2310.777003
102.490741,76,2310.926594
2.164371,77,2311.082023
3.481132,64,2311.223413
2.139582,70,2311.361979
4.064123,65,2311.491687
2.054088,72,2311.637969
0.073439,1000,2325.015243
2.745995,66,2325.145496
0.979411,68,2325.280214
102.133532,48,2325.372199
-0.06297,134,2325.635827
100.54119,95,2325.825302
4.148184,63,2325.94872
2.49885,79,2326.100472
2.580764,68,2326.238153
4.432594,86,2326.430005
3.731861,64,2326.563081
1.441812,70,2326.702909
4.066758,74,2326.85191
-2.080288,155,2327.161802
2.718426,66,2327.294564
104.009263,63,2327.449149
3.423466,63,2327.616334
2.722876,68,2327.794295
2.303871,60,2327.924202
2.424061,64,2328.052764
101.35569,90,2339.728009
101.25045,97,2339.944218
102.514305,50,2340.046715
2.724503,82,2340.217635
-0.635621,108,2340.448179
-0.449165,97,2340.643578
2.147116,69,2340.802639
3.314159,87,2340.986284
-0.597051,95,2341.180779
2.590478,66,2341.315015
101.91192,52,2341.424875
-1.290378,102,2341.639753
101.531474,68,2341.776794
1.240718,1000,2343.797958
105.979578,74,2355.383407
1.480391,76,2355.55307
-0.640863,146,2355.850916
0.692757,79,2356.009847
1.695787,70,2356.157279
1.540653,71,2356.30284
3.302328,76,2356.463278
3.14803,74,2356.61512
4.608202,73,2356.764383
2.653951,64,2356.89388
3.65297,62,2357.025328
3.214614,69,2357.164566
2.820262,68,2357.305183
4.934512,62,2357.435398
4.846545,72,2357.582795
0.771379,70,2357.726671
4.121242,67,2357.863507
4.017641,64,2357.99767
-2.242783,129,2358.266928
3.883841,75,2358.422907
2.590506,74,2358.575621
4.977172,66,2358.713238
4.054494,67,2358.853624
3.532381,66,2358.992549
4.732571,63,2359.120126
2.358701,76,2359.279721
-3.024253,417,2371.517566
3.279201,71,2371.665726
5.357588,63,2371.792309
2.085197,78,2371.943363
102.569229,57,2372.062321
2.322342,68,2372.199283
-0.091949,80,2372.374046
2.394005,68,2372.512774
4.558215,79,2372.676056
3.863773,65,2372.802503
4.67137,99,2372.991536
101.400879,62,2373.110481
5.360395,64,2373.236065
101.402702,81,2373.394377
1.222782,76,2373.547419
1.401962,65,2373.674308
0.844916,85,2373.840004
105.714327,66,2373.969638
5.445767,62,2374.095808
100.719848,111,2374.311187
2.431669,97,2374.503151
3.389319,72,2374.645892
100.991971,66,2374.773557
0.338585,81,2374.938116
101.747332,57,2386.448607
0.630474,69,2386.585842
101.929953,69,2386.735353
102.186009,50,2386.831354
3.101865,64,2386.956227
3.362107,91,2387.136312
1.466413,80,2387.29484
102.717126,49,2387.389142
3.623004,64,2387.523046
0.98747,73,2387.672714
1.037696,72,2387.81621
1.719584,83,2387.989194
5.997541,64,2388.114105
1.484292,82,2388.274496
5.394558,69,2388.409964
4.135848,70,2388.547038
102.077686,81,2388.706244
1.630044,75,2388.855494
1.764603,85,2389.025262
102.186294,76,2389.171574
3.844964,84,2389.332669
101.809059,58,2389.44965
1.02068,70,2389.58984
101.781351,68,2389.728114
101.094613,75,2389.874196
-1.932691,127,2390.127576
0.692556,73,2390.269016
-1.563455,309,2402.298997
0.571396,71,2402.439528
0.435297,77,2402.592471
1.300788,545,2403.697011
102.012942,58,2403.814426
5.102569,63,2403.940467
105.55719,81,2404.105402
101.001996,64,2404.234877
2.25387,72,2404.37931
5.341623,80,2404.538479
3.112524,84,2404.717617
100.976807,84,2404.881424
3.799092,83,2405.050987
1.437264,69,2405.190491
5.620128,72,2405.332739
101.125467,91,2405.511515
4.810703,68,2405.649769
-2.44923,124,2405.898596
4.831898,117,2417.714588
3.874416,71,2417.873374
4.452117,63,2417.999778
4.703761,81,2418.158453
2.146318,71,2418.302964
4.048329,92,2418.487837
2.136004,66,2418.61637
1.52679,75,2418.765892
3.421764,78,2418.920292
5.405476,70,2419.059951
2.902242,66,2419.193274
101.659725,50,2419.292123
3.424092,65,2419.44014
3.751199,70,2419.578974
1.485352,80,2419.737286
3.718275,61,2419.857576
4.316331,61,2419.981849
100.911036,293,2420.56569
-1.772281,105,2420.770995
4.460004,66,2420.900402
2.12411,69,2421.035068
101.955357,76,2421.197046
3.456958,61,2421.322156
2.270374,65,2421.451895
1.544815,72,2421.598624
101.148426,73,2421.742583
4.995963,74,2433.165678
5.747025,76,2433.336277
1.26529,81,2433.496429
4.614472,78,2433.654815
3.575386,62,2433.778831
101.078333,64,2433.907237
2.563026,77,2434.063979
2.27534,71,2434.210044
3.018024,64,2434.340521
4.667443,77,2434.496969
100.968384,67,2434.638538
2.228614,69,2434.775837
3.737907,61,2434.900785
5.29006,62,2435.025367
2.221952,91,2435.207651
1.736557,127,2435.471622
2.0922,70,2435.608879
3.207909,95,2435.796407
3.197739,68,2435.929298
101.580511,64,2436.058078
1.684001,75,2436.21163
-0.206754,95,2436.399004
2.124268,73,2436.539925
2.234059,62,2436.66528
2.703771,70,2436.809774
1.794238,75,2436.959782
0.943474,78,2437.115903
-0.672439,97,2448.566541
100.744997,52,2448.667699
4.758484,62,2448.788491
101.494325,90,2448.966362
2.048967,91,2449.146288
0.980755,1000,2451.165901
3.556677,65,2451.29642
100.697679,330,2451.987166
2.130019,88,2452.167462
5.793471,82,2452.344904
2.129008,69,2452.492018
2.547214,69,2463.87661
2.738682,63,2464.024519
4.030207,60,2464.146036
5.483453,79,2464.305357
3.338206,72,2464.451813
4.599028,89,2464.62989
0.857057,69,2464.77195
-1.967404,807,2466.390938
3.922593,84,2466.556859
4.264579,75,2466.706894
-1.030845,91,2466.887347
2.369915,70,2467.032896
0.727121,79,2467.193148
1.992585,66,2467.325826
101.095787,86,2467.500286
4.739623,67,2467.635351
101.689871,102,2467.857141
-1.890653,107,2479.329664
4.666779,67,2479.46447
5.12378,61,2479.589124
102.689604,70,2479.743777
4.448215,77,2479.898371
100.730145,31,2479.960651
4.253464,68,2480.106475
3.447002,67,2480.241384
104.394315,63,2480.366151
105.87088,70,2480.504439
3.038989,67,2480.63788
4.21783,87,2480.808961
3.767747,83,2480.980512
100.739597,51,2481.081995
3.707222,76,2481.234604
4.180218,69,2481.372632
0.393832,114,2481.598877
0.810469,73,2481.741667
3.888062,70,2481.89514
0.819367,98,2482.089874
101.353804,60,2482.211608
0.008711,95,2482.399294
1.713625,95,2482.590384
1.760002,84,2482.757895
-1.752013,779,2495.607288
3.010528,62,2495.729075
4.025477,61,2495.852827
2.388368,68,2495.984634
4.232263,61,2496.106832
2.793553,68,2496.241965
3.448526,67,2496.375294
105.614485,69,2496.510864
0.884466,84,2496.676169
1.254113,92,2496.857695
0.971828,74,2497.003982
101.225533,48,2497.10075
4.453536,80,2497.261433
3.669617,64,2497.409363
2.424141,68,2497.546672
2.940417,68,2497.686066
105.440855,63,2497.811704
101.541005,55,2497.916969
4.382557,77,2498.074898
3.097493,84,2498.241652
0.742403,71,2498.386872
2.022915,59,2498.505348
2.283674,69,2498.642503
5.108415,67,2498.779345
4.78378,81,2510.256821
2.417084,62,2510.381532
-0.290585,1000,2512.411904
2.190694,71,2512.554617
-0.331231,88,2512.734594
-1.715325,100,2512.953328
101.1028,57,2513.065988
2.428988,78,2513.222336
3.068044,68,2513.360028
3.51502,70,2513.502558
3.415022,77,2513.653765
3.189947,82,2513.817256
101.240692,61,2513.939159
103.598859,54,2514.047648
-0.279469,97,2514.245165
3.948452,67,2525.751958
3.454039,90,2525.929971
4.346293,62,2526.054994
0.652072,118,2526.293882
2.525806,91,2526.474579
4.700138,64,2526.604271
3.044917,66,2526.742199
0.344256,140,2527.029617
2.676737,70,2527.171149
5.430545,68,2527.313451
101.508531,77,2527.468148
3.398133,65,2527.59764
102.76282,73,2527.749128
2.906115,67,2527.885155
3.749276,70,2528.026568
1.586155,77,2528.182358
101.584185,96,2528.382483
2.914298,70,2528.522531
2.60829,81,2528.689397
101.876321,123,2528.938378
3.144338,68,2529.075129
100.547474,70,2529.217977
102.955435,57,2529.336204
1.851979,78,2529.495438
-2.10415,129,2529.754627
1.882924,67,2541.270411
3.221026,85,2541.442217
3.628374,70,2541.579419
2.556873,70,2541.719899
3.367143,82,2541.898558
2.561853,60,2542.026468
2.493466,73,2542.173828
2.398462,64,2542.305406
104.765712,73,2542.451912
3.848838,61,2542.576288
104.99883,68,2542.710395
2.444231,81,2542.869445
1.433301,94,2543.063639
1.891845,61,2543.182555
101.160538,80,2543.33925
103.568656,74,2543.49866
101.169399,34,2543.565099
101.725488,41,2543.645999
4.704028,61,2543.763478
-2.548591,284,2544.341774
102.445864,59,2544.46006
0.800689,77,2544.616404
2.498129,67,2544.747711
0.564739,75,2544.896888
100.574259,78,2545.067799
4.664358,66,2545.201403
2.968119,78,2556.595976
103.723065,65,2556.724442
4.163889,78,2556.88322
-0.262837,96,2557.07633
3.314348,84,2557.24224
0.099799,76,2557.394806
100.897216,86,2557.568148
101.277354,100,2557.766092
100.300186,42,2557.853708
4.584785,65,2557.983133
4.59597,75,2558.134997
1.143737,75,2558.280021
3.029762,65,2558.406338
3.97512,72,2558.550777
4.315273,64,2558.679006
1.991586,70,2558.820199
4.084073,59,2558.938354
2.430248,66,2559.070132
100.874076,68,2559.204655
-0.382062,95,2559.394397
3.815438,65,2559.532555
3.172915,68,2559.666481
101.258264,71,2559.811076
101.355689,71,2559.954758
100.872339,76,2560.106514
1.464669,67,2560.258155
0.41072,78,2560.410666
4.791074,68,2560.545331
101.211534,76,2571.992921
4.829032,63,2572.119905
2.817916,66,2572.253609
0.124626,80,2572.417619
1.849157,74,2572.566472
102.517634,59,2572.684618
5.611084,75,2572.835147
1.316101,155,2573.1654
2.835543,67,2573.301669
-0.735947,83,2573.470095
100.212574,46,2573.564327
-2.243582,133,2573.830335
3.562484,89,2574.00886
2.063967,74,2574.179543
2.444745,64,2574.31225
1.741146,76,2574.466156
1.930143,71,2574.607832
2.105284,73,2574.751947
1.581578,91,2574.934543
1.326258,114,2575.164073
1.471952,90,2575.340839
0.317372,83,2575.504665
2.168124,60,2575.641548
100.865903,37,2575.718738
-0.407144,82,2575.88347
101.121567,83,2576.04846
2.270484,64,2587.442114
2.333723,71,2587.599054
2.947091,67,2587.73165
6.031138,76,2587.881298
3.656777,62,2588.007074
3.881825,67,2588.139803
101.163147,52,2588.243987
0.496104,523,2589.284622
5.363494,62,2589.407274
2.698873,91,2589.587696
4.079214,74,2589.733437
101.388955,71,2589.877503
3.748735,68,2590.01654
4.867254,68,2590.152482
3.477432,68,2590.287192
100.813936,78,2590.435838
0.932917,83,2590.600377
-1.336564,93,2590.780873
0.917705,73,2590.925189
1.379789,76,2591.07773
3.379253,65,2591.206285
4.813279,66,2591.338094
102.347648,69,2591.473378
3.563026,59,2602.949245
4.641089,89,2603.129035
3.276329,67,2603.264831
3.164831,76,2603.419577
2.137397,89,2603.602417
4.294434,72,2603.747731
4.743236,79,2603.935957
103.920613,59,2604.055822
1.037693,90,2604.23658
100.517313,491,2605.233156
1.699788,70,2605.3844
1.359159,89,2605.573858
3.322737,77,2605.730059
1.570623,76,2605.883482
2.632257,75,2606.034924
101.253694,78,2606.193052
2.246959,60,2606.315592
1.987876,74,2606.475592
101.526326,88,2606.654289
0.983732,88,2606.832011
101.606849,61,2606.95601
0.623202,78,2618.450667
3.747082,64,2618.595311
5.855363,67,2618.727971
101.126673,89,2618.903394
3.661683,69,2619.044703
1.209338,94,2619.232752
1.068037,107,2619.449367
0.746222,100,2619.657295
-2.463489,108,2619.873104
100.542915,65,2620.004999
100.931486,78,2620.164956
102.58483,62,2620.289016
3.705441,63,2620.41245
1.675237,77,2620.568166
1.704451,76,2620.719351
101.397259,88,2620.895809
2.91768,67,2621.027994
5.24447,63,2621.153449
100.859605,50,2621.251466
3.842791,63,2621.377575
1.572887,72,2621.524103
2.506976,59,2621.640875
2.588684,75,2621.79135
4.184831,78,2621.950026
3.206816,84,2622.11796
2.667364,64,2622.240471
4.926679,80,2622.398203
1.852734,72,2633.951183
1.505428,69,2634.095065
4.489024,65,2634.232882
2.536128,89,2634.422109
103.522728,52,2634.531399
3.802648,80,2634.706183
4.236067,71,2634.85413
2.232639,68,2634.999048
1.335089,69,2635.145108
4.118638,69,2635.292104
2.649045,69,2635.436774
2.413744,75,2635.592482
5.720335,82,2635.762
101.353151,84,2635.933299
2.469378,69,2636.076674
101.068265,83,2636.258787
4.951476,76,2636.420009
4.593482,66,2636.563398
2.227746,72,2636.713789
0.869923,103,2636.930661
3.334944,73,2637.085728
-0.606706,73,2637.235505
3.849033,60,2637.371189
0.567254,94,2637.565598
2.836829,66,2637.697433
3.770326,64,2637.828006
4.516595,70,2637.972435
4.011467,97,2638.177456
4.112383,75,2649.565164
1.231391,80,2649.732435
4.722561,64,2649.864204
1.712194,74,2650.019711
0.470768,82,2650.193254
5.992992,82,2650.365844
4.978302,62,2650.497114
1.49829,75,2650.651815
5.471122,63,2650.780084
-0.355339,89,2650.962958
101.10048,47,2651.059557
4.675555,63,2651.190852
3.698238,91,2651.381737
1.664476,72,2651.527045
2.333769,86,2651.700708
2.986838,73,2651.851507
4.75617,85,2652.024152
0.329566,102,2652.23213
1.71571,75,2652.386206
101.24884,81,2652.559144
3.997208,61,2652.686244
104.500698,64,2652.819211
3.170184,66,2652.955853
1.369159,82,2653.118417
1.873019,75,2653.270068
2.184899,72,2653.418462
2.472152,68,2653.562532
3.290081,67,2653.712906
1.891778,78,2665.315472
3.745163,67,2665.459648
2.770746,68,2665.598304
4.780489,67,2665.735636
5.146475,65,2665.888838
3.185711,69,2666.03039
1.889307,65,2666.169193
1.310686,77,2666.332208
3.646461,59,2666.455451
3.107585,66,2666.592854
1.124486,98,2666.793284
0.559133,76,2666.946131
4.172542,65,2667.079435
4.347037,98,2667.284061
0.626538,1000,2669.355134
4.04714,65,2680.722436
3.975134,83,2680.889502
5.61278,66,2681.025325
1.31399,76,2681.181275
101.832906,78,2681.344004
0.020616,73,2681.494533
4.76625,77,2681.653202
1.943007,112,2681.880368
3.95368,62,2682.00444
4.939603,65,2682.129584
101.423595,46,2682.220141
1.740602,74,2682.366221
100.593645,95,2682.570399
3.549832,69,2682.707419
101.666044,88,2682.881513
100.733121,80,2683.041461
101.230298,44,2683.129102
-0.251399,86,2683.3035
1.467561,101,2683.503334
4.7916,89,2683.676399
4.308506,64,2683.800738
101.66482,45,2683.891047
4.234793,76,2684.039829
3.316652,67,2684.172168
3.39979,67,2684.300832
2.296225,74,2684.444952
3.858497,64,2684.566621
102.404681,55,2684.690585
101.094159,96,2696.119938
4.229084,63,2696.249525
5.636305,78,2696.407503
101.234653,98,2696.609465
3.272958,64,2696.760416
4.570382,102,2696.97346
1.35577,75,2697.134342
4.005763,70,2697.27947
0.789251,109,2697.503234
-1.095772,96,2697.700371
2.786839,76,2697.856998
4.272328,79,2698.022196
100.988291,122,2698.284804
3.159075,76,2698.444776
2.121043,67,2698.574863
1.800851,61,2698.698179
4.378781,95,2698.88449
4.284843,64,2699.012111
3.158502,65,2699.137287
5.140906,76,2699.281858
100.802034,69,2699.416883
0.600028,75,2699.561642
3.252691,82,2699.719239
100.514478,61,2699.838655
3.011425,65,2699.966215
0.039396,84,2700.130624
3.349154,82,2711.556124
2.3651,70,2711.693799
104.074103,59,2711.807739
2.830804,64,2711.931235
4.140845,69,2712.07265
4.364888,64,2712.217332
-1.708446,125,2712.47327
2.537534,65,2712.602722
-0.029832,86,2712.778565
3.488263,61,2712.897629
3.316347,71,2713.03981
3.32015,86,2713.208157
2.782925,65,2713.332264
4.408901,66,2713.46185
2.227772,68,2713.595627
1.772983,77,2713.744884
0.865613,72,2713.885972
0.65746,87,2714.054853
2.673524,70,2714.190657
3.416804,65,2714.313485
100.888138,31,2714.375721
0.005397,89,2714.548265
2.290938,88,2714.719629
100.436594,269,2715.237156
-1.229521,91,2715.436284
100.551846,45,2726.81585
5.128819,63,2726.944099
4.538708,71,2727.085294
103.603638,67,2727.221246
3.471125,69,2727.360104
3.196881,67,2727.493014
101.272596,132,2727.779871
105.393864,74,2727.936934
4.69153,64,2728.069715
0.436971,1000,2730.081356
2.147622,73,2730.226215
100.806441,84,2730.393181
2.951955,85,2730.557087
4.640102,64,2730.681519
3.255451,65,2730.822942
4.096369,64,2742.334839
1.829054,104,2742.56706
104.851783,70,2742.712395
1.767688,83,2742.874776
1.221619,68,2743.008478
3.259608,68,2743.144212
2.066585,68,2743.279306
3.643877,59,2743.396112
2.500153,69,2743.534323
2.865286,69,2743.671775
3.083441,71,2743.81231
1.12079,135,2744.072713
4.500468,113,2744.299062
102.507315,56,2744.411899
4.152174,74,2744.568426
5.6658,63,2744.693445
4.408942,64,2744.818671
-0.159689,85,2744.988412
101.777625,67,2745.120746
4.596531,64,2745.247942
2.285134,69,2745.387122
4.46787,63,2745.517299
2.427143,73,2745.65963
1.980354,70,2745.800477
101.114541,74,2745.94511
4.495865,61,2746.068298
4.733885,82,2746.237032
4.286567,64,2746.370016
1.278889,83,2757.884883
4.56984,64,2758.015401
1.064036,81,2758.178432
5.28558,94,2758.369621
1.497684,71,2758.514177
3.154372,77,2758.682062
4.91376,69,2758.83062
-0.703385,314,2759.45119
3.36106,60,2759.569669
0.542042,117,2759.796365
102.08179,57,2759.905835
102.558657,76,2760.059839
3.190813,68,2760.196746
2.546314,64,2760.342538
4.079247,100,2760.549404
101.087832,59,2760.667118
-1.880034,104,2760.883374
1.964109,72,2761.031765
1.598571,94,2761.240631
0.172137,96,2761.43872
101.519663,80,2761.607387
0.66603,1000,2774.72837
100.892952,45,2774.817019
5.220069,63,2774.939292
1.431752,111,2775.156153
-0.949828,107,2775.363911
106.309175,69,2775.500484
100.938557,79,2775.66062
4.599236,89,2775.835961
1.676103,91,2776.009159
1.348686,63,2776.144951
100.689601,81,2776.305793
1.219886,75,2776.458137
4.094498,62,2776.586709
100.801097,60,2776.711478
2.104899,79,2776.874778
2.93826,83,2777.045309
-0.740858,243,2788.872674
2.956056,58,2788.991024
3.230007,68,2789.124639
101.508001,71,2789.262905
5.064389,61,2789.385882
0.364978,122,2789.626837
100.695957,61,2789.745056
4.097555,66,2789.87884
1.207858,77,2790.026343
3.715776,74,2790.171095
3.760404,68,2790.320285
1.167122,65,2790.44463
0.402811,78,2790.595176
100.789783,57,2790.711201
100.529659,67,2790.83996
2.456751,66,2790.965169
3.530376,64,2791.089278
103.204356,58,2791.202174
1.735888,73,2791.343827
0.8416,86,2791.507848
1.073265,1000,2804.842231
4.179996,84,2805.00915
4.311019,67,2805.141891
2.45727,69,2805.283676
3.863,64,2805.41466
0.475769,83,2805.584747
4.409201,71,2805.730101
101.41785,67,2805.865478
1.137379,75,2806.018877
101.33029,109,2806.235116
4.411472,67,2806.369868
5.169752,60,2806.487929
100.240468,60,2806.607543
1.721681,72,2806.74824
1.225313,88,2806.924475
0.190316,1000,2820.450131
2.26254,75,2820.605256
2.254258,85,2820.781058
1.40419,117,2821.010288
102.088909,106,2821.238126
3.438736,65,2821.366336
105.995079,69,2821.506484
-0.961305,87,2821.684871
0.401169,94,2821.883014
3.575386,61,2822.008959
4.430316,65,2822.143847
-0.385076,118,2822.383976
3.322147,67,2822.523529
0.69371,75,2822.679202
4.044334,63,2822.824117
102.807428,51,2822.923069
2.187016,70,2823.060977
102.055531,43,2823.143153
4.49324,64,2823.267973
102.542444,61,2823.386269
100.439445,59,2823.504368
-0.465564,98,2823.691942
1.126942,81,2835.083402
-1.721776,150,2835.371602
1.164969,73,2835.514225
4.702631,100,2835.707124
3.799631,76,2835.857558
2.129726,73,2836.008352
1.37572,74,2836.156483
103.96266,70,2836.292765
103.968052,65,2836.423603
4.870045,64,2836.551039
-0.633494,98,2836.743093
3.904231,61,2836.864782
3.891589,83,2837.037296
1.17905,80,2837.194596
3.369404,74,2837.340918
1.001637,66,2837.472113
5.289223,67,2837.610188
0.857635,82,2837.774936
2.660533,68,2837.909051
3.93929,65,2838.038467
-0.452435,98,2838.244267
4.372857,60,2838.368207
2.383431,76,2838.523481
105.386498,73,2838.673665
-0.014978,76,2838.862952
102.484649,53,2838.966779
0.704327,73,2850.295372
-0.136498,84,2850.469974
4.655222,78,2850.640715
102.118948,51,2850.744931
3.875141,65,2850.875074
101.238551,75,2851.0307
102.081643,57,2851.150281
102.247564,66,2851.283962
1.298568,73,2851.434386
3.014342,63,2851.56221
2.010295,70,2851.707186
4.642373,85,2851.882835
3.267652,64,2852.012491
-0.651495,82,2852.18051
0.433455,86,2852.352009
1.3163,77,2852.508822
3.449701,68,2852.646768
0.837128,76,2852.803377
0.883339,73,2852.970399
4.58841,84,2853.13988
100.785091,34,2853.206294
4.380715,62,2853.328295
1.880707,75,2853.479474
4.462797,65,2853.6062
3.953767,62,2853.725637
100.782882,61,2853.847502
1.646854,69,2853.977701
2.161075,68,2854.11212
4.828158,85,2854.275445
2.959187,68,2865.841585
103.921304,82,2866.005349
103.686862,67,2866.139443
1.074969,64,2866.266773
4.686723,66,2866.398887
3.735949,69,2866.551394
4.105773,62,2866.671857
1.515948,74,2866.815581
4.828363,65,2866.947048
0.85318,73,2867.088848
2.935872,69,2867.221243
101.068492,75,2867.366906
101.197611,79,2867.526307
4.67528,63,2867.647864
3.222531,66,2867.785812
3.660334,69,2867.967727
4.7109,73,2868.16179
1.860104,93,2868.351436
-1.03367,128,2868.601527
4.827485,68,2868.735705
2.695171,68,2868.8683
4.912296,60,2868.983227
-0.238984,94,2869.166357
4.555578,63,2869.290376
0.686248,77,2869.440735
1.357897,68,2869.575718
105.450266,71,2869.711625
4.769777,63,2869.856331
2.9932,69,2869.997919
1.973517,71,2881.701722
104.184689,76,2881.853528
100.772444,79,2882.00438
3.025972,66,2882.135935
2.341545,71,2882.290283
3.262751,96,2882.477465
1.137075,88,2882.657796
3.698092,66,2882.794024
1.053713,86,2882.982183
101.846427,73,2883.1324
-2.569457,165,2883.472197
3.659793,81,2883.640035
1.58293,85,2883.813007
2.025096,69,2883.965089
0.749228,77,2884.120078
5.047192,66,2884.254091
3.522714,75,2884.407223
102.165349,71,2884.550702
2.137892,94,2884.74814
5.089363,65,2884.888449
104.113733,68,2885.029819
1.506511,89,2885.214422
103.667327,67,2885.348639
4.376154,64,2885.479629
100.777483,94,2885.676392
-1.51174,116,2897.163338
2.639125,71,2897.309265
1.560295,81,2897.474245
100.556704,26,2897.52907
1.792262,69,2897.679536
101.082715,62,2897.799987
4.52374,63,2897.924199
3.069097,79,2898.07835
104.724317,72,2898.219044
1.959269,89,2898.39375
3.055311,70,2898.529928
2.74764,66,2898.664054
4.719666,67,2898.795707
3.958753,70,2898.935568
101.295507,71,2899.074101
0.588908,103,2899.299134
2.036154,101,2899.493962
2.499807,81,2899.655977
1.652135,75,2899.801283
0.490814,76,2899.948541
5.33038,63,2900.073225
5.44222,62,2900.194882
105.74916,69,2900.331259
2.567975,95,2900.516811
4.298899,67,2900.649582
101.584328,96,2900.834764
3.350166,85,2901.016695
1.866143,87,2912.451193
3.71295,63,2912.577877
4.151782,63,2912.701102
100.672596,80,2912.872177
1.817266,73,2913.021159
3.089763,71,2913.161508
1.624224,71,2913.302164
101.734329,61,2913.425458
0.8236,76,2913.579589
3.114819,69,2913.714397
101.064445,46,2913.805253
4.229135,96,2913.999217
104.08611,74,2914.150414
5.206852,63,2914.278083
0.979589,75,2914.43124
0.948678,75,2914.588625
4.064294,60,2914.709194
2.508026,67,2914.842206
-0.322803,96,2915.053084
2.728707,71,2915.195014
1.905282,79,2915.353985
3.847337,71,2915.494442
105.008519,68,2915.629969
0.830435,108,2915.844414
0.909858,998,2929.133587
3.258449,91,2929.311
101.344214,92,2929.492932
0.700565,83,2929.656281
0.965411,174,2929.995268
4.156212,73,2930.138025
-0.010153,1000,2943.366646
102.783326,69,2943.508774
4.344322,85,2943.683622
-1.623005,116,2943.915077
0.178972,75,2944.065638
101.293107,89,2944.23953
101.118706,67,2944.370798
1.338126,74,2944.515778
4.347472,63,2944.637764
102.130433,132,2944.913494
3.955318,83,2945.085207
2.147002,75,2945.243143
1.303843,93,2945.432803
102.205898,72,2945.577068
2.485819,66,2945.713279
4.114581,67,2945.860528
2.032529,60,2945.98611
3.143428,91,2946.174046
101.178816,35,2946.250634
4.177235,119,2946.491145
101.704583,61,2946.616145
3.496423,69,2946.756884
5.47717,78,2946.912812
1.948701,73,2947.055573
2.868344,87,2947.225648
4.710776,66,2958.524612
101.65879,72,2958.663342
4.924043,66,2958.791499
4.800334,72,2958.946291
4.43439,60,2959.067098
4.742776,65,2959.195507
1.629358,70,2959.331296
4.831523,74,2959.476824
3.275857,67,2959.607641
2.998131,73,2959.756186
1.203598,87,2959.926027
3.625766,67,2960.059259
3.554054,78,2960.209757
1.514539,85,2960.375061
0.782929,87,2960.544831
4.600407,65,2960.673534
101.267162,68,2960.808367
3.333309,65,2960.950434
2.011018,75,2961.098469
4.0003,63,2961.222481
1.70949,70,2961.356334
2.084968,79,2961.510292
0.904989,82,2961.67017
3.543575,73,2961.812332
3.628525,64,2961.936872
1.724335,74,2962.084121
4.607519,69,2962.219103
2.090495,71,2962.356007
-1.598461,240,2974.123766
101.253095,85,2974.288939
104.386466,58,2974.402452
101.668176,72,2974.544032
5.237915,67,2974.676407
1.618842,66,2974.815077
2.256069,70,2974.955053
3.260211,67,2975.091083
100.519802,65,2975.223661
5.05476,81,2975.391085
4.107718,64,2975.521259
3.97865,82,2975.68822
3.16317,62,2975.813325
1.939139,72,2975.952402
0.971125,69,2976.086545
101.048355,81,2976.242289
1.015296,76,2976.395661
1.467634,83,2976.576402
3.627741,61,2976.69699
1.45349,72,2976.840149
-0.894438,124,2977.078846
5.400978,67,2977.225498
0.742186,79,2977.37603
4.654005,78,2977.53274
2.680112,73,2977.675312
2.798134,77,2977.825097
100.468965,64,2989.131676
3.108075,68,2989.280126
3.990565,86,2989.457133
2.305522,62,2989.581185
2.956296,61,2989.706612
5.71629,70,2989.848808
2.634634,68,2989.988869
2.890181,84,2990.15686
-1.118179,242,2990.640293
3.402271,67,2990.77935
101.154577,83,2990.95021
5.385867,92,2991.136129
4.363945,64,2991.266963
5.381562,70,2991.411147
2.489728,70,2991.550375
0.007256,83,2991.718817
2.765963,66,2991.850628
0.753992,71,2991.9954
2.878348,64,2992.124771
5.706812,76,2992.271834
5.168543,61,2992.388639
2.009764,70,2992.524273
105.26123,63,2992.648554
3.67911,60,2992.768342
4.480088,62,2992.897181
4.504377,64,2993.025582
1.545612,68,2993.1609
0.744121,71,3004.670282
103.172193,66,3004.801894
0.715014,78,3004.953642
2.998929,65,3005.081609
3.465319,66,3005.212834
2.810229,68,3005.34481
5.299935,67,3005.475615
2.565096,71,3005.614065
2.927816,66,3005.74296
4.121878,65,3005.887968
101.261699,64,3006.015263
2.137144,72,3006.158216
1.583911,72,3006.299123
2.129157,69,3006.437819
4.078232,75,3006.585939
1.735101,70,3006.725256
2.830356,65,3006.854561
103.837996,75,3007.002155
3.550253,67,3007.137175
2.508289,79,3007.291051
101.063312,67,3007.42448
0.613353,80,3007.583748
5.183234,63,3007.708009
101.088028,149,3008.000007
0.46972,76,3008.167388
-0.575308,86,3008.338555
101.156913,97,3008.533188
3.084031,69,3019.970991
4.985063,63,3020.091778
0.794823,72,3020.231351
100.983228,79,3020.380959
2.128504,72,3020.521187
1.489564,71,3020.662359
2.959446,65,3020.791536
1.500013,90,3020.983928
3.113824,94,3021.175605
0.655125,79,3021.335571
101.502344,92,3021.524873
0.48701,79,3021.685721
101.431784,67,3021.827975
2.079506,70,3021.969572
3.265638,100,3022.191251
4.710869,80,3022.346998
5.035178,71,3022.487709
1.209021,84,3022.653004
102.264227,78,3022.814088
100.818633,68,3022.947221
100.896963,42,3023.031794
3.513758,63,3023.158723
3.897478,66,3023.284842
3.732777,64,3023.413794
2.873124,88,3023.592208
2.426003,88,3023.762341
3.666267,74,3023.907282
1.500893,78,3035.38816
100.414842,61,3035.51258
2.516013,99,3035.719561
3.274528,105,3035.938002
5.626504,79,3036.102147
-0.597,85,3036.280147
-2.107501,121,3036.53336
4.775934,63,3036.676196
3.207905,87,3036.854538
0.454306,86,3037.026983
1.660892,70,3037.164693
-0.244211,93,3037.350212
4.304004,64,3037.479554
2.614383,78,3037.633051
3.751421,66,3037.763296
102.867051,73,3037.907707
4.162281,68,3038.041847
4.43065,84,3038.207874
1.342183,85,3038.37507
4.23286,64,3038.504348
2.454096,72,3038.644644
0.124094,205,3039.073144
3.068328,81,3039.229259
0.902536,63,3039.358394
101.764872,63,3039.484477
3.884068,63,3050.979903
100.453761,74,3051.13735
2.28436,68,3051.276167
4.632536,62,3051.401107
-0.789789,139,3051.68327
104.800129,63,3051.80939
3.569593,75,3051.957103
2.221696,62,3052.0852
101.930089,56,3052.198562
4.053444,77,3052.357752
4.420044,71,3052.506245
4.92327,68,3052.640805
1.747108,72,3052.785365
3.05951,62,3052.910237
1.692411,69,3053.047663
101.156295,85,3053.213383
0.606686,110,3053.43318
2.505684,83,3053.597432
101.256389,90,3053.776556
100.592503,69,3053.913263
104.808921,62,3054.038555
2.517433,68,3054.173631
0.888071,83,3054.336076
100.838926,106,3054.54772
102.734187,74,3054.690476
2.724215,66,3054.825447
4.928417,113,3066.22798
1.05367,79,3066.390179
4.240592,71,3066.535853
3.037871,69,3066.679949
2.898316,64,3066.826988
1.746497,79,3066.989247
2.346018,68,3067.129722
2.045323,71,3067.277281
3.665339,65,3067.414783
101.51227,49,3067.518198
3.900206,68,3067.661596
3.074139,75,3067.822523
101.447865,35,3067.901003
1.702531,78,3068.067191
101.326256,91,3068.255665
101.094048,122,3068.50505
101.089357,79,3068.660762
101.454014,72,3068.802262
104.77572,63,3068.928856
4.380523,68,3069.062689
5.813997,63,3069.1855
3.02399,60,3069.304281
3.070778,67,3069.438195
3.941365,67,3069.571025
3.634842,70,3069.71348
2.94108,69,3069.854718
1.34704,75,3070.010964
104.648366,59,3070.133904
0.70744,77,3070.294304
1.549684,70,3081.659073
1.186119,71,3081.801023
3.924424,62,3081.927605
2.79188,61,3082.055106
2.954481,72,3082.203755
5.258241,78,3082.36526
3.790318,69,3082.509896
2.51265,68,3082.650833
0.851386,77,3082.813922
3.141168,75,3082.968912
2.952114,71,3083.107104
4.057411,71,3083.249115
4.982091,62,3083.372694
4.687039,64,3083.492435
3.234104,72,3083.634752
5.022076,73,3083.775924
0.654764,74,3083.92267
4.160126,68,3084.056423
1.452855,70,3084.194306
3.127713,67,3084.331136
2.756932,65,3084.47689
3.266707,71,3084.615391
1.024036,92,3084.797531
0.514632,83,3084.960294
4.485392,71,3085.099411
-0.090441,107,3085.312269
1.361567,83,3085.473831
2.20488,69,3085.61078
3.059676,73,3097.029304
2.56537,69,3097.175798
2.119836,97,3097.366003
3.751788,60,3097.479413
4.260331,66,3097.612185
1.707109,83,3097.778983
0.810438,74,3097.921274
-0.017626,84,3098.084613
1.312835,71,3098.223885
3.838861,89,3098.397088
6.039719,64,3098.523074
102.878584,73,3098.684285
2.370636,68,3098.814029
2.023448,67,3098.942958
5.575254,61,3099.062817
104.356913,73,3099.203464
1.468181,74,3099.347596
3.756947,61,3099.465802
0.444992,79,3099.628061
1.777081,67,3099.764552
2.225705,81,3099.920812
2.611169,62,3100.044745
1.560482,116,3100.296178
4.635337,65,3100.421792
0.868312,447,3112.62428
1.764633,70,3112.78232
2.188384,61,3112.91029
103.433774,61,3113.033087
5.234635,62,3113.163884
0.810227,90,3113.355494
3.004121,75,3113.516073
4.274213,80,3113.685937
3.467996,67,3113.829123
1.936861,75,3113.987031
1.905855,69,3114.13254
3.784322,71,3114.281008
1.056756,75,3114.433913
1.959635,86,3114.616074
2.451926,78,3114.775717
2.882904,70,3114.917658
5.268281,65,3115.055984
4.870037,68,3115.194403
2.460876,77,3115.353607
4.781709,77,3115.511711
102.246392,75,3115.663804
0.698848,1000,3128.944835
1.372022,69,3129.086754
4.411989,101,3129.295756
4.433776,76,3129.449344
2.455665,69,3129.593473
1.990018,66,3129.733984
4.784329,66,3129.864635
104.408917,70,3130.017486
105.838586,64,3130.145068
4.118469,70,3130.285002
6.063355,67,3130.415732
3.483278,61,3130.533273
1.530523,62,3130.654515
1.596596,73,3130.799013
1.813431,75,3130.966691
4.844713,60,3131.090579
0.904765,78,3131.250781
1.727497,70,3131.394741
-0.117755,83,3131.567129
104.797024,67,3131.706481
4.476271,72,3131.851145
1.440501,112,3132.083639
2.807149,84,3143.469884
3.752643,67,3143.608878
105.035048,59,3143.732615
3.100426,71,3143.879252
101.935206,94,3144.073317
103.951374,57,3144.193495
2.702691,63,3144.333892
3.914966,61,3144.451849
104.445886,71,3144.590559
3.365721,70,3144.728608
2.430701,66,3144.856942
103.999213,67,3144.988217
100.348759,71,3145.137522
3.680806,86,3145.310117
0.870797,93,3145.505294
0.544445,86,3145.679597
100.713439,60,3145.802089
3.662324,66,3145.940339
101.694272,39,3146.019882
-1.946249,156,3146.348042
1.89539,69,3146.491134
-0.52744,111,3146.72484
5.82045,65,3146.858762
1.955196,71,3147.008759
2.47499,68,3147.150309
1.757298,72,3147.305558
101.18001,86,3147.483041
5.41621,65,3158.852476
2.022615,93,3159.041965
100.53501,60,3159.168593
100.684459,93,3159.349099
2.321594,63,3159.475032
-0.43274,89,3159.647835
2.577876,71,3159.789272
100.576875,61,3159.908073
4.728275,63,3160.032369
1.787901,113,3160.25291
2.677992,71,3160.395632
1.945367,72,3160.536546
1.337883,73,3160.683574
4.609799,68,3160.816334
100.376885,19,3160.855211
4.535758,63,3160.983111
1.615466,69,3161.123624
1.115078,73,3161.270489
2.846939,66,3161.405895
1.036906,71,3161.550086
3.034623,89,3161.727134
4.584416,66,3161.865327
0.565864,90,3162.051225
1.887118,69,3162.192044
101.524708,64,3162.324916
3.888856,64,3162.458362
5.047622,63,3162.587118
3.454941,78,3162.761876
1.767371,91,3174.167313
3.659645,200,3174.580482
4.818655,67,3174.727272
4.851925,78,3174.883964
100.723642,64,3175.006413
103.987617,75,3175.15432
101.114257,70,3175.294301
5.161786,67,3175.428008
1.798858,73,3175.571807
100.728005,141,3175.850473
0.635849,80,3176.024708
3.094564,82,3176.206479
2.781289,60,3176.32758
4.304201,123,3176.565917
2.768318,69,3176.696902
2.241862,60,3176.813716
104.601817,79,3176.966038
0.095999,84,3177.133184
3.963706,76,3177.28195
100.354617,49,3177.376998
3.039914,65,3177.500792
0.247711,122,3177.739851
104.173694,66,3177.870651
4.695119,66,3178.002213
1.170232,80,3178.157897
2.957564,96,3189.715527
2.671385,72,3189.866806
1.540824,81,3190.034591
101.607687,68,3190.17294
103.903592,79,3190.333761
101.365984,129,3190.597489
4.156597,66,3190.747624
2.188515,73,3190.898371
3.622541,89,3191.079757
101.171692,76,3191.247534
101.214224,63,3191.374491
1.512354,76,3191.530634
5.878312,70,3191.677346
100.629382,68,3191.81993
5.295276,66,3191.958388
3.266778,71,3192.10696
101.429039,90,3192.289849
3.498681,111,3192.51628
-0.248893,84,3192.695573
4.480673,65,3192.846627
1.170214,74,3192.999721
101.813491,84,3193.172201
2.383472,68,3193.312148
101.858346,71,3193.456481
102.57859,44,3193.547876
1.49485,110,3193.77676
2.397651,59,3205.102304
105.905493,77,3205.267821
100.351909,35,3205.336614
1.609523,79,3205.492801
2.151268,78,3205.64843
1.535593,87,3205.821631
3.6794,61,3205.943793
101.496266,73,3206.092293
3.513713,75,3206.245712
3.944823,81,3206.411522
100.897802,56,3206.525558
102.493848,55,3206.637731
101.951712,53,3206.749851
2.201345,70,3206.895793
104.403803,66,3207.032918
100.975353,244,3207.525692
0.869239,88,3207.708433
3.160281,69,3207.860643
3.038372,90,3208.053566
100.579048,58,3208.171764
102.627575,48,3208.270238
-2.181388,175,3208.623174
1.633154,84,3208.797275
0.837307,70,3208.945776
4.037718,63,3209.075291
105.203315,68,3209.214609
0.434464,84,3220.566046
3.655556,63,3220.693633
102.74081,49,3220.796596
2.48569,95,3220.992949
1.11663,100,3221.205122
4.364737,100,3221.412999
5.153873,64,3221.54438
101.788621,97,3221.749216
4.772802,70,3221.892403
102.712292,76,3222.047029
3.621674,61,3222.169358
2.525176,74,3222.31973
4.165555,66,3222.456758
3.370371,75,3222.612465
5.429291,63,3222.739131
-0.353791,84,3222.913587
2.274772,86,3223.09083
3.00017,60,3223.21546
2.752898,87,3223.388492
103.378613,53,3223.494362
0.849263,61,3223.615711
0.726058,106,3223.823186
0.842158,87,3223.994879
101.851639,73,3224.13934
105.755856,72,3224.284405
4.65609,68,3224.42962
100.805017,84,3224.598744
1.383195,80,3235.973156
2.200351,79,3236.1408
4.366199,61,3236.277848
1.608873,74,3236.420747
1.870427,70,3236.559508
100.883773,84,3236.721671
3.303162,67,3236.85857
-0.236908,79,3237.020761
0.007522,247,3237.504324
1.563461,61,3237.623298
3.306394,62,3237.744868
3.984013,85,3237.910365
5.305339,61,3238.033466
0.175261,97,3238.242491
100.380493,141,3238.537406
4.593119,61,3238.662418
101.023267,71,3238.810308
2.554793,95,3239.011176
101.474593,62,3239.140222
3.911251,73,3239.292372
2.158744,77,3239.456376
3.657749,65,3239.587273
5.531586,63,3239.718607
0.530053,123,3239.963783
-0.217434,98,3251.540277
101.524694,66,3251.672712
1.595353,71,3251.815901
3.9223,86,3251.990428
4.212672,87,3252.16526
1.591402,61,3252.293263
4.171185,66,3252.429461
103.01848,59,3252.549827
101.002339,77,3252.715243
4.842882,75,3252.867717
101.14571,65,3253.006021
2.905507,69,3253.148831
101.134325,79,3253.310842
3.826268,71,3253.457647
4.831818,67,3253.594478
3.905557,66,3253.727493
102.473783,61,3253.848503
3.101813,66,3253.978634
101.213996,32,3254.042838
100.771398,59,3254.157225
3.369531,77,3254.307818
3.142928,67,3254.436995
2.265884,74,3254.585816
3.354719,69,3254.71937
3.051646,65,3254.845216
101.154916,80,3255.001706
1.694348,78,3255.152511
1.240042,81,3255.311584
104.268022,65,3255.439412
102.333258,68,3266.856422
4.169245,64,3266.98633
5.084438,65,3267.116142
3.505714,66,3267.248598
3.931657,72,3267.393044
0.654841,66,3267.533073
100.443329,58,3267.654931
3.69795,62,3267.794572
103.535655,69,3267.941053
101.102924,79,3268.10218
3.31719,62,3268.229724
102.102822,71,3268.376518
4.105908,65,3268.509179
0.336535,78,3268.672451
3.763903,64,3268.806268
5.342607,62,3268.950852
4.733372,84,3269.124338
4.320357,62,3269.25116
3.18295,81,3269.418117
3.523848,70,3269.5666
3.462455,67,3269.704002
3.734076,67,3269.839149
1.985363,85,3270.008267
104.138502,62,3270.133986
2.300909,79,3270.296935
101.100949,70,3270.444353
2.435559,72,3270.606193
100.80142,63,3270.739274
101.25644,51,3270.845463
1.470866,84,3271.015598
1.243994,80,3282.449234
102.811129,79,3282.619016
2.14302,74,3282.771232
3.186127,74,3282.922453
3.501777,65,3283.06048
4.603092,91,3283.250924
1.554979,90,3283.43771
2.079951,80,3283.601014
102.719174,58,3283.720989
5.377633,64,3283.855314
1.322125,85,3284.033851
5.102726,68,3284.174396
3.612592,61,3284.299491
4.858615,63,3284.427925
2.759407,68,3284.565236
102.333208,72,3284.713192
2.622127,72,3284.859293
4.014727,83,3285.02155
2.498695,64,3285.14584
0.244363,1000,3298.433004
2.507248,60,3298.558737
1.701743,77,3298.718583
-0.030614,623,3299.960091
1.659963,82,3300.123998
100.950747,73,3300.26939
2.769207,85,3300.439319
1.964127,74,3300.584805
104.013661,70,3300.724044
100.608997,43,3300.809928
-0.139475,98,3301.009814
101.209951,77,3301.163435
3.560735,72,3301.309091
102.262537,61,3301.43409
1.526425,65,3301.566476
103.929234,64,3301.700898
4.385822,71,3301.848697
106.160453,65,3313.23859
-0.287838,88,3313.414784
100.836139,94,3313.60761
2.401134,65,3313.739284
4.10045,64,3313.871927
101.027803,49,3313.975513
1.133075,82,3314.138376
1.664386,63,3314.265377
2.564414,59,3314.385635
101.870673,53,3314.490818
3.805156,75,3314.655129
3.876411,64,3314.783515
3.913604,69,3314.923014
2.377588,66,3315.05771
1.81211,75,3315.211663
3.742638,71,3315.357842
4.31648,65,3315.494664
1.797845,63,3315.626896
3.910453,91,3315.815075
4.17354,61,3315.941326
4.388372,64,3316.073709
-0.77545,84,3316.243324
1.933562,98,3316.442742
1.836099,90,3316.629105
4.051797,88,3316.809798
101.636361,86,3316.983462
3.611477,60,3317.107932
0.709164,76,3317.270882
101.770652,71,3328.651245
2.847201,73,3328.815354
3.515157,73,3328.965859
0.925646,66,3329.103425
1.285109,67,3329.246778
103.676394,62,3329.369619
101.448444,169,3329.710288
2.478895,77,3329.871046
3.213726,110,3330.100403
1.967462,69,3330.242169
3.687019,86,3330.419994
1.781545,74,3330.586162
0.907966,76,3330.741086
0.376269,114,3330.980146
1.603579,81,3331.146183
3.756084,70,3331.286141
3.899549,61,3331.412895
105.678563,66,3331.551767
3.900622,64,3331.684358
3.527814,63,3331.812487
4.457657,60,3331.93759
4.267631,60,3332.060987
0.697091,99,3332.284214
2.962616,71,3332.429336
4.528136,68,3332.567672
2.713495,93,3332.762639
100.942036,33,3332.833855
3.131052,74,3344.278537
4.613799,68,3344.414056
-0.986466,106,3344.619831
101.235938,74,3344.782724
4.230409,111,3345.005805
1.728953,77,3345.161613
1.794854,63,3345.291984
5.254596,65,3345.421222
5.640406,76,3345.57531
3.566714,66,3345.712357
4.458537,63,3345.843486
-0.427746,114,3346.077481
4.446209,73,3346.229656
2.659425,69,3346.373664
101.321426,66,3346.510811
4.613376,73,3346.662421
1.576209,70,3346.808621
5.598186,81,3346.975511
-1.799188,151,3347.287432
101.022487,83,3347.465054
1.926895,70,3347.612241
2.997474,63,3347.745831
101.101665,71,3347.890376
3.809931,66,3348.029367
102.327697,68,3348.169731
3.885058,71,3348.31697
0.547812,85,3359.711725
2.717232,71,3359.864171
5.97762,64,3359.995317
105.528741,64,3360.127329
0.754947,77,3360.286403
104.984673,69,3360.428741
4.300785,68,3360.567181
4.729388,66,3360.701513
3.835416,91,3360.883041
3.976716,63,3361.015077
4.499847,83,3361.183465
1.710733,75,3361.341002
1.105593,80,3361.50931
4.868517,65,3361.640098
100.829348,85,3361.813571
5.383358,84,3361.982827
2.152916,77,3362.136791
2.541429,61,3362.263532
3.237738,79,3362.425151
3.667126,65,3362.556499
0.229951,512,3363.603776
101.201039,90,3363.797042
105.927427,74,3375.215191
1.574499,62,3375.340816
101.617094,89,3375.534332
-1.569748,120,3375.791766
1.817464,79,3375.951055
4.613167,68,3376.092675
0.800144,86,3376.269922
1.115634,77,3376.430171
2.937681,74,3376.581658
3.756374,82,3376.751942
0.222997,1000,3378.804901
1.416295,91,3379.003825
3.280711,69,3379.148308
101.108241,81,3379.315289
2.865797,68,3390.678337
1.659825,86,3390.847134
1.248816,81,3391.00471
5.090061,88,3391.188595
4.061415,98,3391.396556
101.388118,81,3391.563748
4.525104,61,3391.697088
-0.322592,87,3391.874615
101.394936,67,3392.014269
2.040038,77,3392.170183
100.852494,74,3392.323426
2.01646,70,3392.465084
4.585641,89,3392.651971
3.811323,77,3392.810652
4.879405,65,3392.944206
103.19851,69,3393.081206
4.936758,63,3393.219466
2.435809,92,3393.413626
102.130355,73,3393.562995
101.036633,79,3393.726753
1.84315,85,3393.898222
4.934271,71,3394.043537
3.837415,68,3394.180763
2.907596,74,3394.336047
5.02821,68,3394.477335
1.893968,80,3394.642509
1.002937,80,3405.991794
3.650663,64,3406.122949
4.262703,68,3406.281483
2.010377,78,3406.437412
1.686317,118,3406.676567
2.719364,60,3406.801373
3.447929,63,3406.932405
1.784716,84,3407.113256
4.926069,65,3407.248938
1.580377,70,3407.394489
104.800944,67,3407.528335
101.001249,75,3407.67927
100.686158,65,3407.811299
4.133747,79,3407.973596
4.768543,63,3408.126148
3.077602,75,3408.281199
-0.149353,111,3408.504383
2.847738,65,3408.636906
100.420732,69,3408.775816
5.043228,63,3408.905083
5.060922,73,3409.055187
1.88086,61,3409.17851
2.162745,76,3409.334742
3.992661,61,3409.458572
1.413405,66,3409.592552
2.012179,73,3409.742119
101.223379,77,3409.911149
4.200706,65,3410.041376
3.669511,62,3410.175866
2.964134,69,3421.447497
5.736775,70,3421.582958
3.677105,61,3421.701606
5.58503,68,3421.831705
3.548931,66,3421.97073
1.358189,91,3422.161647
1.737084,80,3422.328166
4.382916,82,3422.499696
105.383666,64,3422.630531
5.066597,65,3422.764647
3.079495,93,3422.961362
4.762388,62,3423.089359
103.117143,67,3423.228554
3.130483,60,3423.351089
104.609523,67,3423.487978
103.91155,56,3423.603082
102.377841,48,3423.701478
5.071695,64,3423.830285
-0.371064,1000,3437.147454
1.380917,75,3437.296992
103.654151,61,3437.422481
3.834857,70,3437.567163
100.547861,88,3437.750415
1.801339,89,3437.934939
3.742555,84,3438.104236
4.946414,62,3438.224323
100.860714,90,3438.399215
4.038366,66,3438.537381
1.158922,98,3438.730636
-0.953428,83,3438.890951
103.915539,75,3439.037288
0.950707,103,3439.240963
0.135689,88,3439.414299
5.354739,69,3439.556142
101.363604,114,3439.775701
102.222426,100,3439.972639
100.961001,99,3440.167305
4.574028,66,3440.298273
0.820348,73,3440.440897
5.671162,64,3440.568911
3.652599,70,3440.706628
-2.149159,130,3452.199468
101.233857,58,3452.30899
102.635613,76,3452.45949
4.005101,60,3452.580555
3.391341,88,3452.760371
102.379881,72,3452.904855
0.415974,75,3453.057733
1.69588,81,3453.221754
101.192003,35,3453.291935
4.670271,73,3453.438881
1.051414,76,3453.591513
102.430529,73,3453.740162
4.774717,71,3453.883827
1.387115,84,3454.055119
1.910903,70,3454.210826
4.423999,66,3454.348738
2.769678,68,3454.488013
101.895434,54,3454.599663
-3.403147,119,3454.846046
1.054995,79,3455.008972
0.970648,78,3455.164511
0.954356,79,3455.321962
4.890941,85,3455.488014
1.353764,76,3455.633864
102.864006,62,3455.768572
4.435841,83,3455.954386
100.867072,30,3456.01861
101.600865,77,3456.17897
3.742771,92,3467.516461
3.755878,81,3467.673941
1.383668,71,3467.81195
1.797952,75,3467.961105
1.584881,76,3468.146933
0.986639,89,3468.329173
100.965724,88,3468.501393
-0.469003,104,3468.704972
104.58846,60,3468.825206
4.62318,74,3468.970123
2.975733,89,3469.152984
2.536416,69,3469.289838
0.622792,1000,3471.278655
6.284654,65,3471.410802
1.612756,60,3471.53277
100.847122,69,3482.914056
3.393719,70,3483.052372
104.653976,82,3483.230858
5.359952,65,3483.359262
1.358188,98,3483.552159
3.448455,94,3483.739475
102.431688,68,3483.878969
4.413125,63,3484.011209
101.014373,77,3484.163169
3.614957,67,3484.296315
0.49393,101,3484.492665
4.149347,67,3484.628894
2.357744,59,3484.750369
2.651389,70,3484.910973
1.521497,63,3485.042177
4.458586,64,3485.173169
2.546247,75,3485.326196
3.937561,73,3485.478249
4.935099,65,3485.609047
102.533032,67,3485.744137
3.121212,70,3485.882635
0.338837,81,3486.037636
4.776633,66,3486.171639
100.689223,77,3486.331209
103.006174,68,3486.485318
100.155393,524,3498.781184
3.207307,73,3498.951393
101.204243,102,3499.148466
104.920992,74,3499.294218
101.443671,87,3499.463792
1.699901,80,3499.621832
0.950666,65,3499.746888
0.246824,1000,3501.812577
3.532833,60,3501.937629
2.47054,61,3502.061123
101.477603,73,3502.207493
0.920494,86,3502.389932
2.614438,83,3513.786082
3.042608,64,3513.919394
101.325425,80,3514.083601
101.342329,69,3514.225493
4.227735,78,3514.382552
4.06083,91,3514.571968
1.2244,79,3514.738085
0.182731,87,3514.932233
3.300856,61,3515.065179
1.979438,71,3515.208843
5.766309,66,3515.353873
5.831856,62,3515.481116
4.212984,86,3515.660388
4.078481,66,3515.796402
103.55918,66,3515.933119
100.282769,85,3516.112603
5.595904,84,3516.28885
2.898908,60,3516.413252
4.124869,66,3516.548174
2.254313,71,3516.690609
5.29154,70,3516.834279
-1.733599,144,3517.132632
100.995514,98,3517.329545
0.064011,95,3517.524224
101.328699,72,3517.673045
1.113444,109,3529.260056
4.292777,90,3529.46093
4.305303,69,3529.601758
102.391737,77,3529.761321
101.520854,57,3529.884082
3.294532,68,3530.021564
2.873075,65,3530.151731
3.622683,68,3530.302622
2.986315,81,3530.468623
0.84907,97,3530.668151
1.053889,74,3530.822406
102.012305,68,3530.973209
2.938988,59,3531.096708
100.92141,108,3531.315089
2.477931,71,3531.461166
2.320252,60,3531.590399
1.097209,83,3531.759587
4.603451,62,3531.887636
3.535232,65,3532.024064
4.808346,70,3532.170446
2.60803,60,3532.294707
3.043877,61,3532.421257
5.531945,82,3532.58964
-0.650821,96,3532.788423
100.766213,96,3532.987051
4.957162,69,3533.129356
1.02461,76,3533.283215
3.303901,72,3533.441546
3.480774,78,3544.854798
-0.004594,108,3545.08158
4.892034,80,3545.238642
100.675299,85,3545.412066
1.415657,75,3545.563069
100.568137,62,3545.686402
2.816764,75,3545.834485
102.583302,73,3545.977192
0.380792,95,3546.162234
2.961895,92,3546.340693
100.959609,43,3546.423747
4.96432,65,3546.550187
2.801342,70,3546.700809
101.521875,66,3546.829466
1.255534,120,3547.071693
3.379262,60,3547.192651
2.611359,63,3547.317791
3.199257,80,3547.4785
4.939909,70,3547.61626
1.793663,81,3547.777681
100.796901,85,3547.943639
4.080604,77,3548.094923
104.452864,73,3548.24033
1.572112,71,3548.376226
3.501099,88,3548.563671
101.349244,106,3548.776261
2.777661,61,3560.106965
4.159713,61,3560.230561
3.645038,74,3560.38196
3.293722,60,3560.50544
3.551117,68,3560.644105
0.53766,85,3560.832436
2.165325,75,3560.98589
4.544262,103,3561.201871
100.817002,33,3561.269486
4.701375,87,3561.447559
1.87788,70,3561.590954
2.829653,59,3561.711839
100.659896,72,3561.853721
2.999677,86,3562.021762
104.676076,61,3562.141732
103.707603,67,3562.274092
-1.001775,85,3562.446245
4.046553,67,3562.578651
103.967915,60,3562.696501
4.379084,65,3562.826784
4.059301,90,3563.004172
100.279743,65,3563.133901
1.878415,160,3563.449222
102.397806,73,3563.594526
101.33078,88,3563.764002
4.926346,70,3563.904592
0.147348,78,3564.057878
2.884636,83,3575.417395
2.41338,69,3575.549671
4.470281,71,3575.687061
100.913338,84,3575.855405
3.847168,71,3576.000458
102.018517,76,3576.148191
3.452303,69,3576.286587
2.32318,73,3576.431978
2.406012,59,3576.566897
102.851328,64,3576.696384
1.920612,81,3576.856772
100.988545,158,3577.162333
101.271319,73,3577.309276
2.153263,149,3577.59802
4.396191,70,3577.736716
103.147544,52,3577.8378
100.619628,52,3577.938717
2.423762,63,3578.066368
3.35008,82,3578.225253
1.33259,85,3578.394195
3.123029,77,3578.547433
100.477495,77,3578.702491
102.588674,61,3578.820931
101.39911,77,3578.971625
102.045135,53,3579.082802
3.213657,86,3579.24373
2.70365,59,3579.360848
101.166092,90,3590.75866
1.708318,91,3590.949731
4.219372,65,3591.085084
0.818367,70,3591.223377
0.245009,80,3591.383295
103.893777,57,3591.494564
101.738541,80,3591.650921
0.547511,115,3591.87971
2.271583,100,3592.078001
4.875269,61,3592.198403
2.961813,59,3592.314154
0.630143,84,3592.488238
101.525776,69,3592.634218
0.465767,110,3592.869081
4.866917,81,3593.043105
4.150889,78,3593.204232
-2.171613,396,3594.017285
-1.028026,88,3594.192518
0.888718,72,3594.351159
4.675426,63,3594.475708
1.471315,59,3594.595676
100.748036,26,3594.646194
4.735722,68,3594.77906
4.760643,87,3606.225443
3.711986,90,3606.409393
0.706034,74,3606.557138
2.830595,70,3606.691715
5.2195,86,3606.87743
5.622214,65,3607.006354
0.055875,106,3607.219543
3.687143,66,3607.350705
100.667351,64,3607.474914
4.429043,66,3607.604444
101.79307,58,3607.71877
3.909077,63,3607.841616
4.643698,64,3607.966547
4.466345,70,3608.106052
1.77157,78,3608.277576
1.240114,64,3608.406147
100.948745,94,3608.591518
2.540444,69,3608.725893
102.649149,68,3608.858337
101.546376,90,3609.031212
100.662586,81,3609.183135
101.764605,52,3609.291298
105.418659,76,3609.439552
103.644529,69,3609.57061
3.310436,60,3609.69017
2.047683,68,3609.823464
2.563146,74,3609.969677
4.588,135,3621.526437
4.679985,69,3621.66932
101.964807,73,3621.820561
2.683355,67,3621.961753
100.882709,30,3622.02394
2.075904,86,3622.211706
101.781452,110,3622.439724
101.253164,78,3622.617113
101.089478,67,3622.757577
0.509118,101,3622.956402
3.668992,62,3623.085741
1.429348,72,3623.22461
101.520106,66,3623.354509
3.652908,65,3623.479479
1.773756,66,3623.614932
5.114023,67,3623.751616
0.864583,85,3623.925158
100.655861,66,3624.06026
5.505112,70,3624.205576
101.911095,66,3624.337782
2.05335,70,3624.483118
105.015974,67,3624.624758
3.868388,66,3624.76141
101.297025,70,3624.900658
0.521649,77,3625.05454
101.210815,77,3625.207561
2.274712,69,3625.344013
4.860766,64,3625.471043
100.960421,44,3625.561309
105.312838,74,3636.865774
3.245357,78,3637.019614
5.236915,64,3637.146145
104.539775,76,3637.310142
2.832187,103,3637.51449
2.995636,93,3637.694221
0.584843,85,3637.861878
1.444155,85,3638.027978
5.286101,63,3638.151326
2.001491,84,3638.313998
0.300828,332,3638.980142
1.710857,69,3639.114163
3.682201,68,3639.247209
102.296093,69,3639.379597
0.389311,88,3639.552155
101.85159,60,3639.669027
3.89141,74,3639.810526
103.581972,80,3639.965815
3.359211,60,3640.085527
2.176021,58,3640.201863
4.802775,72,3640.342116
1.069472,151,3640.644227
4.997759,85,3640.812449
4.457766,80,3652.131938
4.715294,60,3652.261597
3.960285,61,3652.384893
100.855744,78,3652.538853
5.337177,66,3652.674628
1.274649,74,3652.818946
2.615558,67,3652.950539
-1.704871,145,3653.243812
1.986138,76,3653.392207
3.730773,73,3653.535633
105.761094,71,3653.676695
-0.237612,76,3653.822089
3.783571,61,3653.944048
3.996426,73,3654.086771
3.857526,108,3654.313366
4.417198,100,3654.510022
3.033241,62,3654.635758
0.04231,91,3654.814471
5.55478,62,3654.9385
-0.429727,1000,3668.069216
1.448437,83,3668.233089
3.927204,73,3668.390096
2.072426,96,3668.589321
100.845402,82,3668.757833
103.169702,69,3668.89945
101.276243,91,3669.081166
4.415993,97,3669.272359
2.112559,70,3669.417413
103.66211,72,3669.565909
101.437808,90,3669.748443
3.32255,76,3669.9042
0.836279,73,3670.050348
4.246294,71,3670.197237
101.148442,50,3670.306097
101.956376,75,3670.456689
5.370669,65,3670.592593
101.195233,76,3670.7485
0.608888,75,3670.897917
104.48753,76,3671.050041
3.347936,81,3671.208161
101.30245,118,3682.645245
2.912689,63,3682.792898
1.215865,76,3682.950262
3.246608,66,3683.086502
0.442232,1000,3685.134461
0.741708,64,3685.261492
3.792786,72,3685.406308
0.621299,84,3685.574492
3.436097,69,3685.725943
100.834967,78,3685.88758
5.32175,69,3686.029979
100.588406,82,3686.201362
100.710357,83,3686.374091
4.502361,69,3686.51756
3.712663,61,3686.643914
1.484291,94,3698.161851
101.147592,71,3698.305844
3.008384,68,3698.447451
4.006245,74,3698.603287
102.005782,71,3698.755214
101.567406,90,3698.940392
2.531808,69,3699.081932
4.581413,72,3699.23268
0.698911,78,3699.396321
2.830575,65,3699.529023
-1.812994,194,3699.916226
3.10943,68,3700.051157
104.081707,77,3700.20426
3.924868,64,3700.328425
1.84131,73,3700.470973
5.464274,73,3700.612808
103.164533,49,3700.713636
3.054259,67,3700.845802
101.467764,105,3701.053414
3.450273,85,3701.221621
4.999375,64,3701.35487
101.216972,81,3701.519657
2.767772,78,3701.683246
4.119623,68,3701.836743
101.22916,100,3702.042416
4.115948,66,3702.177086
1.840333,71,3713.516747
3.9113,346,3714.231289
102.959169,70,3714.377135
4.182053,99,3714.583927
2.485363,77,3714.742748
3.696355,89,3714.930151
3.251358,92,3715.124265
4.052298,88,3715.309044
3.406392,84,3715.486782
3.322079,67,3715.632737
101.958483,44,3715.724336
104.178629,72,3715.881283
4.665298,63,3716.016027
3.180269,68,3716.156276
104.504986,59,3716.27897
100.446809,51,3716.386231
1.838478,85,3716.560908
100.950893,83,3716.732967
101.213577,95,3716.921728
100.758104,71,3717.059647
101.165413,81,3717.218971
104.479412,59,3717.340169
4.848474,61,3717.46147
1.881708,59,3717.575314
5.329205,70,3717.722448
5.781019,78,3729.060489
2.416496,75,3729.21961
0.035708,93,3729.41535
0.633559,73,3729.569657
5.573661,65,3729.703913
2.087648,61,3729.832788
1.943147,88,3730.033805
3.157618,75,3730.191454
100.866259,75,3730.346889
5.670364,64,3730.482443
102.643605,59,3730.603215
0.776057,86,3730.776623
4.076741,65,3730.90333
102.801545,66,3731.034894
4.340519,93,3731.21439
4.101044,60,3731.336436
103.473226,69,3731.470839
4.632889,65,3731.598063
102.069408,52,3731.700169
4.651631,68,3731.83742
103.292493,60,3731.959905
101.551756,78,3732.114539
103.903761,64,3732.241261
1.000058,104,3732.451485
103.770389,72,3732.592711
3.785408,62,3732.713765
-0.20712,77,3732.864666
4.389095,66,3732.992169
100.649122,73,3744.359572
0.811599,81,3744.546214
102.401388,49,3744.647131
104.308752,63,3744.777245
3.661018,83,3744.957458
4.921587,82,3745.124485
0.768764,85,3745.298904
1.018739,88,3745.479809
100.357546,58,3745.600941
3.220479,67,3745.741563
100.426131,51,3745.84497
103.501458,73,3745.984676
2.440269,72,3746.124306
2.529723,65,3746.251474
4.347736,66,3746.383546
101.401039,55,3746.502779
4.444372,78,3746.661438
3.82742,64,3746.791798
2.154411,93,3746.986402
2.004007,68,3747.117486
4.809959,72,3747.263436
3.479604,70,3747.406245
2.669627,68,3747.545471
3.287008,69,3747.687691
100.714734,89,3747.869435
100.78523,45,3747.96209
101.156108,48,3748.05862
2.898148,64,3748.189657
102.699481,60,3748.31512
1.572497,90,3748.504168
3.56524,66,3759.909923
4.581433,72,3760.055952
102.809357,68,3760.207237
2.438096,83,3760.366771
101.175336,89,3760.539144
4.518788,64,3760.668522
100.994851,34,3760.733464
102.097576,45,3760.824362
102.571802,76,3760.972424
4.181558,62,3761.100022
2.50642,75,3761.249792
104.750935,61,3761.371984
4.101618,75,3761.519288
2.988993,70,3761.65397
101.211945,70,3761.788777
101.506084,81,3761.954723
4.123476,81,3762.125201
5.231862,80,3762.288788
2.73641,88,3762.46921
4.300288,69,3762.621713
103.61762,73,3762.77284
103.253802,76,3762.923202
5.629219,73,3763.067144
101.096439,83,3763.232583
101.057296,118,3763.468256
4.176259,66,3763.605645
3.804723,72,3763.754003
105.924535,73,3763.904391
4.569674,76,3775.315078
4.050674,65,3775.4451
2.401166,70,3775.586785
0.819252,85,3775.75715
5.507375,82,3775.920028
0.226332,109,3776.134716
2.751348,66,3776.273022
1.20606,77,3776.426141
0.618843,88,3776.599479
4.788513,69,3776.732538
4.184929,86,3776.909548
103.53647,81,3777.068337
3.911906,66,3777.196733
3.020653,73,3777.341498
105.785543,75,3777.486114
101.098129,124,3777.732605
3.739308,70,3777.872124
4.611243,97,3778.059239
4.476149,63,3778.185055
0.883508,70,3778.32182
1.396866,84,3778.493323
3.530266,173,3778.849285
1.112616,74,3778.995003
2.59538,68,3779.129848
2.095106,80,3790.623657
100.843813,67,3790.754044
102.569979,68,3790.889541
2.30486,74,3791.052194
102.86515,53,3791.160139
104.007652,69,3791.298475
100.927254,45,3791.386166
4.431859,77,3791.539416
2.350594,69,3791.677258
0.268261,240,3792.152648
2.455177,59,3792.265794
100.660691,75,3792.413895
1.74308,151,3792.706762
4.084605,62,3792.829002
2.995806,84,3792.995106
0.550553,87,3793.163577
101.198839,70,3793.303307
1.877841,58,3793.414598
1.104523,79,3793.571259
0.825255,87,3793.749829
3.120766,67,3793.880485
105.601209,71,3794.020609
101.33579,45,3794.109289
3.170775,64,3794.23235
4.635601,64,3794.356486
2.491077,63,3794.481408
0.389053,77,3794.629849
103.170661,72,3806.012675
103.440036,58,3806.121979
105.28784,63,3806.24428
3.599326,70,3806.378279
3.235807,80,3806.532368
3.363409,71,3806.668412
103.740307,63,3806.791169
100.792512,51,3806.891036
101.722719,46,3806.980634
2.840878,64,3807.103788
101.021857,56,3807.212041
4.944877,79,3807.363785
5.529003,73,3807.502333
2.0325,58,3807.614168
103.052397,78,3807.766358
3.892738,77,3807.916403
0.321214,97,3808.109288
3.552684,87,3808.276704
-0.040556,93,3808.456827
3.096977,64,3808.59119
101.662657,71,3808.733476
3.014252,69,3808.869966
1.341197,83,3809.036891
5.272028,90,3809.223433
-0.521823,101,3809.434727
1.601948,71,3809.57632
5.262399,60,3809.69377
2.302702,120,3821.207607
3.38583,67,3821.333955
3.781297,60,3821.449534
2.289578,69,3821.585821
4.220461,60,3821.703419
2.503447,69,3821.837037
0.870605,80,3821.992775
0.275783,85,3822.156483
103.963832,67,3822.286865
4.146333,64,3822.425121
100.913938,72,3822.568233
0.896737,74,3822.711382
3.720046,66,3822.841373
103.168973,64,3822.965556
101.760116,95,3823.153521
-0.755998,94,3823.337006
103.164005,73,3823.478995
100.747493,63,3823.603615
4.474707,69,3823.739482
102.983243,76,3823.887801
101.901323,57,3824.000274
1.462542,63,3824.12284
104.407458,59,3824.239389
3.812425,77,3824.396239
101.35811,69,3824.528272
3.151938,82,3824.687112
2.401126,86,3824.855669
4.291254,84,3825.021291
2.759568,68,3825.152994
2.375945,71,3836.487589
1.347097,89,3836.661483
4.470612,70,3836.804952
104.966894,64,3836.939293
4.77289,61,3837.058998
2.768513,69,3837.195433
4.177471,65,3837.323116
4.552194,71,3837.465915
0.265443,78,3837.622984
4.769965,135,3837.895303
0.304747,118,3838.130331
4.08671,66,3838.262329
2.477979,59,3838.37778
0.435005,74,3838.525246
2.009996,60,3838.64333
4.023452,73,3838.789751
101.090221,53,3838.896272
102.871568,67,3839.029921
101.084824,84,3839.190151
4.920802,66,3839.318917
1.918103,75,3839.484158
3.467881,83,3839.647841
1.430765,86,3839.814451
2.889723,67,3839.945365
101.676374,69,3840.080836
2.077369,69,3840.21729
2.922733,61,3840.340885
101.272045,95,3851.713134
103.16978,68,3851.843791
101.489225,71,3851.996613
2.948484,83,3852.158772
0.47074,904,3853.969207
1.310833,76,3854.117485
-0.033255,94,3854.310553
100.893881,70,3854.450119
102.607522,59,3854.567599
102.903942,70,3854.708125
3.34046,85,3854.879133
5.350836,61,3855.013293
101.228685,94,3855.200539
4.793204,60,3855.32344
4.91172,79,3855.484167
2.344078,82,3855.648144
5.157621,67,3855.782423
3.33889,64,3867.312594
-1.428887,109,3867.526171
4.537874,77,3867.677521
2.814825,61,3867.799268
0.946862,74,3867.948967
5.739946,61,3868.068621
1.595273,63,3868.194223
101.346949,74,3868.341127
3.651685,66,3868.468563
3.32603,66,3868.598338
103.951223,74,3868.745028
1.415836,88,3868.921157
102.967869,52,3869.02682
-2.349754,112,3869.248674
2.555842,68,3869.381231
3.808796,74,3869.528424
4.819609,69,3869.665261
2.48297,63,3869.790022
2.64766,71,3869.931781
2.441758,67,3870.061129
103.662053,58,3870.180662
100.346876,83,3870.346336
3.810766,64,3870.475075
3.160456,77,3870.627301
4.02953,65,3870.752235
1.589937,71,3870.892447
1.394261,75,3871.040735
3.557066,93,3871.219951
2.682591,60,3882.618603
102.341465,77,3882.77158
1.302278,79,3882.94161
0.639424,88,3883.114287
3.900683,60,3883.231191
102.977989,65,3883.358323
5.4322,65,3883.487539
101.370304,94,3883.673038
100.932317,94,3883.856765
101.354866,59,3883.972977
104.537026,61,3884.094984
4.090542,64,3884.220983
101.2162,62,3884.3426
3.778945,63,3884.469748
3.630086,76,3884.620005
-0.43196,106,3884.827532
2.860343,61,3884.947277
103.260677,72,3885.08647
3.427056,66,3885.216111
0.091358,74,3885.356895
102.490029,73,3885.500172
4.735269,64,3885.623521
0.923154,89,3885.796038
2.550084,68,3885.929185
0.79733,93,3886.107941
101.781985,82,3886.272978
0.693041,81,3886.43354
101.494347,78,3897.863114
2.030398,73,3898.013866
3.726009,61,3898.141385
4.327323,61,3898.265509
0.763985,89,3898.449093
4.338911,69,3898.591618
101.155083,81,3898.754904
0.470618,1000,3900.779001
2.892691,67,3900.912549
3.9106,79,3901.070345
3.88441,68,3901.206726
1.060037,70,3901.344225
101.89061,53,3901.448808
100.759449,79,3901.623623
100.943982,109,3901.841485
4.771652,60,3901.963488
1.526049,62,3913.344351
2.974728,77,3913.496198
101.442037,84,3913.668442
1.374564,97,3913.865129
1.949956,88,3914.050587
4.34747,60,3914.168645
104.676446,57,3914.279522
4.621428,69,3914.416836
3.914363,77,3914.568875
5.967906,76,3914.720049
3.697607,96,3914.906976
-0.06049,85,3915.076056
2.668365,71,3915.218789
4.622332,66,3915.348087
104.608885,68,3915.48285
-2.039011,514,3916.538732
0.072764,90,3916.723079
4.270556,71,3916.870243
101.146499,72,3917.018861
1.789224,83,3917.190811
2.036334,152,3928.6803
101.386955,37,3928.756271
100.834399,68,3928.894385
4.003635,63,3929.038083
101.632052,70,3929.185701
101.198781,69,3929.330426
1.811462,72,3929.47807
102.427866,71,3929.626548
101.689161,60,3929.747868
3.620373,66,3929.881936
3.676419,63,3930.005265
100.695366,86,3930.178232
1.835017,85,3930.346874
5.920722,65,3930.474498
101.042216,84,3930.637664
2.324084,64,3930.764137
2.281465,68,3930.895609
1.783093,92,3931.072453
4.158936,66,3931.203222
104.13352,57,3931.317939
3.170909,82,3931.48013
3.140772,65,3931.60674
100.685932,84,3931.769959
0.321008,1000,3945.173261
102.287656,76,3945.322998
5.067094,71,3945.469304
3.073606,74,3945.613133
1.684826,75,3945.759352
5.556336,67,3945.889428
1.504191,75,3946.037253
-0.870521,90,3946.214754
103.2102,71,3946.356455
102.705265,70,3946.494264
100.020297,58,3946.608487
3.507335,85,3946.786383
4.028551,65,3946.916146
4.321441,67,3947.046433
2.585945,65,3947.174278
1.440574,60,3947.29327
4.239721,87,3947.46718
4.318005,61,3947.584761
1.7411,66,3947.714654
1.461098,75,3947.860582
4.667629,66,3947.986084
4.206596,76,3948.136389
-0.430869,85,3959.471805
3.356351,90,3959.646946
1.560008,71,3959.800379
3.282595,68,3959.942933
2.634347,67,3960.072427
1.736932,78,3960.227034
2.593813,65,3960.355294
102.631497,70,3960.494909
103.298718,73,3960.636519
1.954363,78,3960.79002
2.851254,86,3960.95838
103.081931,68,3961.091223
3.156607,225,3961.533455
2.59699,83,3961.698498
0.991198,86,3961.867651
2.529535,70,3962.009078
1.117221,295,3962.593318
3.624304,59,3962.710737
101.144834,85,3962.876426
2.88991,68,3963.008464
103.103196,62,3963.129475
1.988132,70,3963.264515
3.3976,65,3974.616166
5.457653,62,3974.7394
101.975744,136,3975.006001
4.155526,65,3975.137005
102.668139,72,3975.288402
0.772561,175,3975.647533
100.95572,50,3975.749138
101.371514,76,3975.898836
2.260639,77,3976.051564
5.980413,63,3976.17573
0.708596,76,3976.326895
102.771289,68,3976.465306
3.949437,77,3976.612849
1.458494,73,3976.758161
4.068005,88,3976.927602
3.673628,187,3977.29358
3.063954,66,3977.422926
1.350122,88,3977.599937
100.999745,80,3977.760525
1.481095,82,3977.92776
100.893873,69,3978.064688
4.18746,65,3978.197931
103.202242,57,3978.320571
100.760758,81,3978.482283
1.473532,90,3978.664888
101.291954,72,3989.987972
4.241638,65,3990.122635
5.554577,64,3990.255673
0.775917,87,3990.452511
1.364481,89,3990.644794
101.231363,122,3990.897933
1.568345,77,3991.057636
1.048823,93,3991.254851
104.860177,62,3991.383723
102.348301,75,3991.542301
3.803307,62,3991.671013
0.053064,1000,3993.73771
100.822651,92,3993.928434
3.583374,84,3994.10213
106.276816,70,4005.456812
4.787575,77,4005.613676
3.777322,65,4005.750376
1.623246,70,4005.908701
2.121194,69,4006.051819
4.167634,62,4006.178257
101.497209,86,4006.3486
102.745949,67,4006.482551
0.067869,81,4006.643326
101.138917,54,4006.747423
4.233196,73,4006.893866
3.228664,91,4007.076433
104.48181,69,4007.214726
102.102757,71,4007.354925
5.451543,79,4007.521198
101.638736,106,4007.729264
0.52775,89,4007.903139
3.146207,76,4008.053201
2.605449,61,4008.172717
1.333866,93,4008.368879
2.125495,70,4008.511144
3.893517,62,4008.628738
0.436036,76,4008.777743
101.397971,39,4008.854495
101.356555,78,4009.008738
3.234406,65,4009.137256
101.845022,74,4009.282323
101.814313,77,4009.433975
104.458894,68,4020.905631
1.933359,77,4021.075257
2.215641,76,4021.230567
101.100097,118,4021.47155
101.154899,85,4021.649694
3.51776,72,4021.796017
4.509897,81,4021.954745
103.092991,72,4022.095232
0.793984,102,4022.298992
0.417186,73,4022.443768
3.928095,63,4022.57484
2.868013,80,4022.737051
101.355763,76,4022.887391
0.889249,111,4023.105745
1.718859,76,4023.256638
104.271793,59,4023.376131
2.829202,68,4023.513274
2.535034,68,4023.648652
-0.257129,77,4023.797993
101.170379,86,4023.982878
3.096109,72,4024.125551
-0.346374,1000,4037.451541
2.03531,77,4037.606668
2.04917,91,4037.787883
103.837502,72,4037.954076
1.101858,82,4038.116239
2.220968,85,4038.284105
3.885303,65,4038.418701
0.528311,136,4038.701998
1.236898,90,4038.882719
3.668834,65,4039.009958
0.179552,100,4039.200454
101.516487,68,4039.333669
3.933,65,4039.462235
104.841255,76,4039.613037
101.325976,79,4039.766202
5.943669,63,4039.889636
0.852734,98,4040.095808
0.819091,83,4040.257822
101.705615,68,4051.636081
4.884239,85,4051.804515
0.647435,1000,4053.840001
102.314205,65,4053.975477
3.408478,66,4054.109723
103.06417,76,4054.260177
3.606052,99,4054.454962
101.028772,75,4054.602459
2.660011,71,4054.744176
3.131816,69,4054.884902
2.337399,71,4055.031229
102.701407,66,4055.164694
105.437278,64,4055.290756
2.118905,75,4055.437432
3.396559,59,4055.558577
4.566472,63,4055.689491
101.486387,67,4067.027565
4.784998,69,4067.190192
2.636382,65,4067.330843
3.212847,72,4067.479947
104.851167,62,4067.615078
0.710385,131,4067.887332
100.784956,33,4067.948929
5.744267,62,4068.082553
3.131669,64,4068.215083
2.744583,68,4068.356677
2.059942,90,4068.555824
101.59573,75,4068.714989
102.33597,72,4068.857756
100.958236,32,4068.920433
4.598776,72,4069.062586
4.004927,116,4069.292726
101.680043,46,4069.386883
5.584699,85,4069.557313
1.902575,59,4069.673199
3.802145,82,4069.833804
102.042619,78,4069.986843
100.760288,86,4070.163645
100.771367,96,4070.352704
3.086933,68,4070.483926
3.490108,62,4070.606074
2.755496,65,4070.734403
103.884623,65,4070.862699
4.999007,78,4071.02588
105.911552,66,4082.544084
4.054,89,4082.727353
2.116264,66,4082.865927
4.990197,77,4083.037238
1.532845,86,4083.220695
2.336031,85,4083.395729
4.032192,76,4083.555766
2.273754,68,4083.692954
4.400533,68,4083.831401
3.144467,83,4084.003173
102.594416,74,4084.154368
4.10365,65,4084.286433
103.24819,53,4084.394568
2.067596,87,4084.573722
-2.130321,180,4084.940895
102.742763,48,4085.035319
3.395,66,4085.168416
5.634243,82,4085.32586
2.864632,66,4085.458731
2.87837,86,4085.629062
5.530651,65,4085.758697
3.989558,91,4085.954877
4.653812,102,4086.155243
1.522934,76,4086.309407
100.649744,26,4086.358483
3.533918,66,4086.492335
100.743855,43,4086.57721
1.060126,120,4098.086809
0.351599,146,4098.387218
3.537752,84,4098.558989
5.275039,86,4098.73798
4.142453,61,4098.863803
100.140325,68,4099.004617
101.786873,87,4099.186441
4.359497,65,4099.320759
100.727204,70,4099.464647
104.057507,56,4099.582529
2.359557,71,4099.741007
101.19679,67,4099.882829
0.181356,94,4100.076375
2.533805,82,4100.244925
103.839518,58,4100.360616
0.616004,420,4101.208057
-0.48198,100,4101.403333
4.184209,73,4101.54863
1.466574,64,4101.679419
101.519401,122,4101.921477
101.051803,60,4102.040269
4.181729,101,4113.449403
101.305651,74,4113.6013
1.715709,72,4113.748489
1.751774,87,4113.938615
0.934571,80,4114.104191
0.686971,114,4114.334245
100.851838,99,4114.54314
1.564857,76,4114.697853
1.396214,77,4114.852717
3.143847,96,4115.046268
0.354503,84,4115.206015
103.997818,64,4115.336072
0.635798,1000,4117.404733
4.337237,66,4117.534388
2.299425,87,4128.986002
100.831555,80,4129.14493
3.387108,80,4129.298693
5.431788,72,4129.44307
4.615358,65,4129.588588
2.400939,60,4129.706068
3.821969,76,4129.858926
1.260679,79,4130.023669
104.94478,60,4130.138325
4.385819,72,4130.2804
103.691791,72,4130.421797
101.09172,62,4130.541556
105.302256,68,4130.67819
3.50301,66,4130.80939
101.581653,72,4130.950559
-2.521802,523,4131.987799
104.808543,60,4132.109652
101.283599,64,4132.242761
1.456306,85,4132.418765
100.574584,60,4132.542994
104.832223,62,4132.66238
5.35551,81,4132.825152
1.342059,89,4144.242492
2.689712,72,4144.393709
4.921215,66,4144.530842
2.546049,73,4144.694169
5.16874,85,4144.87689
3.217693,65,4145.013149
101.16402,135,4145.29254
102.415496,73,4145.443733
3.29989,70,4145.588037
2.340131,71,4145.732231
1.56,76,4145.885511
-0.107243,126,4146.138957
101.066961,84,4146.300304
2.167927,71,4146.439615
2.809101,69,4146.576352
0.632129,1000,4159.928985
104.117596,55,4160.043308
3.338463,61,4160.15976
104.943631,58,4160.271029
3.609598,82,4160.431308
102.414919,72,4160.570194
102.824437,65,4160.695516
-1.480651,132,4160.950252
1.355529,61,4161.075144
1.728914,93,4161.259506
2.018025,79,4161.418631
4.689848,71,4161.5611
102.308373,70,4161.703105
2.459303,63,4161.834747
3.401347,71,4161.974441
3.179667,71,4162.112624
4.115194,70,4162.251093
-0.163583,852,4175.242756
3.620735,83,4175.412365
3.318328,82,4175.580911
102.458855,80,4175.745061
3.490389,80,4175.905681
4.891816,71,4176.048461
5.150037,82,4176.207897
2.860827,198,4176.595757
1.493287,76,4176.763756
101.294333,78,4176.915613
4.632401,65,4177.044289
103.850994,57,4177.158259
1.168281,84,4177.324342
3.115424,75,4177.474236
2.363391,62,4177.597988
4.698232,63,4177.72221
101.158479,79,4177.878268
2.799384,67,4178.016039
4.857567,65,4178.149145
3.333461,88,4178.32764
100.561754,69,4178.471522
100.878141,83,4178.640711
100.698773,63,4178.773805
4.4439,77,4178.929345
100.651448,85,4179.095065
2.788165,65,4190.512556
3.08983,110,4190.738222
3.032339,62,4190.879113
1.203697,93,4191.065751
102.248786,79,4191.223922
3.458711,73,4191.367064
0.524232,79,4191.522057
4.622579,75,4191.671445
102.019554,73,4191.813847
102.326867,64,4191.943285
101.130708,95,4192.141409
4.573393,70,4192.299221
103.167075,73,4192.451764
2.26763,73,4192.600088
102.358868,60,4192.726209
1.79298,73,4192.869256
1.345376,87,4193.041236
3.301261,75,4193.1893
3.912991,85,4193.357673
1.620186,60,4193.474896
3.086367,81,4193.635582
4.733232,69,4193.775406
2.055975,75,4193.922381
2.79151,76,4194.072377
3.388545,79,4194.224499
1.668341,155,4194.524324
101.613741,75,4205.965548
1.105489,83,4206.14131
105.521317,62,4206.272051
2.992174,85,4206.445827
-1.293379,128,4206.708029
3.683184,80,4206.869471
6.009552,62,4206.992045
101.444,81,4207.177507
2.660859,70,4207.33059
101.396674,80,4207.499828
103.791924,54,4207.612081
105.76183,67,4207.750882
1.828622,71,4207.898896
2.973827,90,4208.082915
1.133895,73,4208.232365
3.015564,106,4208.454718
3.371209,69,4208.613425
0.777105,99,4208.81951
2.225575,84,4208.991102
4.294123,63,4209.12293
5.465881,65,4209.256311
2.042931,69,4209.396172
5.269613,76,4209.556908
100.217983,58,4209.677533
4.677416,61,4209.801672
3.620592,60,4209.926443
101.340777,81,4210.093126
4.368629,65,4221.430619
0.955661,71,4221.578062
1.249033,60,4221.702249
2.665675,81,4221.865728
101.202075,62,4221.998804
100.659427,82,4222.168716
105.674159,71,4222.314437
100.0,1,4222.316959
-1.146396,89,4222.503872
1.640982,77,4222.660855
101.901575,66,4222.797861
1.829719,60,4222.912861
-0.517443,123,4223.173149
3.014893,74,4223.317617
0.112907,84,4223.486213
2.606201,68,4223.620259
1.433535,169,4223.95624
101.012177,73,4224.101745
4.417271,66,4224.231819
4.053592,61,4224.349556
0.566838,1000,4237.599674
1.913717,70,4237.7339
0.953519,126,4237.982989
0.539318,125,4238.226386
-0.29802,82,4238.389574
3.158509,67,4238.52034
102.602199,67,4238.649783
105.874976,64,4238.776418
4.331181,67,4238.910898
2.894135,67,4239.041024
2.163447,78,4239.193161
3.814757,61,4239.310008
3.904025,74,4239.456078
1.144521,90,4239.629224
5.27376,62,4239.756795
3.50367,62,4239.880065
100.769918,100,4240.075785
104.552939,60,4240.197538
2.181228,78,4240.350915
3.430636,77,4240.500704
100.64814,72,4240.642672
1.459141,74,4240.791548
100.266645,70,4252.192855
5.273867,77,4252.351154
1.399067,107,4252.58448
5.024036,77,4252.744816
102.046932,72,4252.904471
0.124391,114,4253.144411
2.487965,60,4253.274216
102.40669,70,4253.420729
106.070139,63,4253.545538
1.941584,76,4253.693544
3.104218,78,4253.850039
0.483358,78,4253.999457
3.072337,83,4254.172769
0.899817,70,4254.316714
4.277089,62,4254.445018
101.51481,105,4254.660711
-0.356518,260,4255.180055
4.13888,72,4255.323605
100.283466,70,4255.461776
4.485712,61,4255.584324
3.621249,66,4255.714115
5.105511,88,4255.888443
4.551104,68,4256.019407
4.432189,68,4256.152627
1.960047,68,4267.526604
102.497218,72,4267.671185
5.560692,78,4267.827732
1.98889,69,4267.962525
1.671294,83,4268.12556
102.99878,71,4268.268147
101.446539,56,4268.385958
0.879331,69,4268.532534
102.389491,60,4268.656585
103.785976,71,4268.802946
101.758016,67,4268.942982
3.610578,63,4269.074865
101.531209,76,4269.223306
4.646349,66,4269.350418
101.510477,73,4269.494277
5.835395,78,4269.655031
100.858955,83,4269.816537
103.602623,54,4269.919434
1.420989,77,4270.067395
5.087027,70,4270.207326
1.639368,93,4270.389904
-0.17324,78,4270.542395
0.19341,94,4270.726136
3.041212,65,4270.853781
3.670301,76,4271.005974
0.439186,1000,4284.301567
100.745238,57,4284.424786
-0.091695,1000,4286.464771
0.983943,64,4286.600155
1.482888,149,4286.897029
100.810279,54,4298.370649
103.599121,55,4298.481877
100.777443,82,4298.654209
1.797385,76,4298.815552
100.761832,85,4298.987318
1.712473,63,4299.112658
2.021493,71,4299.250078
1.686082,93,4299.432948
4.436069,72,4299.569016
100.886295,66,4299.699874
2.225227,78,4299.852429
3.297577,71,4300.003548
1.056527,79,4300.181541
101.486305,74,4300.335196
4.99631,66,4300.469421
4.523211,81,4300.638297
100.808601,69,4300.771996
100.978803,62,4300.893554
3.477051,62,4301.021542
3.066564,72,4301.162404
103.983369,59,4301.278503
1.289019,72,4301.420935
2.214814,95,4301.612349
102.282379,54,4301.718815
105.524623,66,4301.846272
2.752282,74,4301.997387
102.686799,70,4302.144516
2.783369,64,4302.274425
3.903519,110,4302.503528
4.711292,67,4313.95508
101.900374,65,4314.087546
3.088222,90,4314.263653
100.590355,66,4314.39423
101.044367,93,4314.576218
3.145228,103,4314.77795
1.918584,79,4314.939612
2.816481,94,4315.122069
101.173826,84,4315.289941
4.954237,70,4315.426544
101.025777,61,4315.54805
1.033361,312,4316.19462
101.281333,121,4316.44447
3.47607,76,4316.596235
2.504353,82,4316.757019
0.432359,81,4316.918567
105.847213,68,4317.055247
3.472232,69,4317.192727
4.063081,73,4317.338194
3.957383,63,4317.468384
103.713183,69,4317.610137
100.596202,74,4317.752109
0.950771,62,4317.871544
103.342437,70,4329.190498
4.871389,80,4329.356864
1.969129,71,4329.504869
101.32744,75,4329.65914
4.141729,66,4329.793767
100.460551,66,4329.922781
103.571042,61,4330.043442
2.290858,71,4330.184296
4.401979,65,4330.311928
2.216862,69,4330.448214
2.129583,69,4330.583344
4.881346,74,4330.745506
3.006529,63,4330.87263
101.12477,78,4331.023484
5.417827,79,4331.178223
4.447622,69,4331.312406
2.733792,76,4331.464675
4.162498,100,4331.667354
2.350722,64,4331.797225
1.658749,74,4331.954428
4.026882,75,4332.116062
-2.554558,136,4332.399111
4.480777,93,4332.591538
102.287683,58,4332.713056
3.315408,70,4332.855388
0.062162,86,4333.022901
100.517056,66,4333.151423
1.030573,83,4344.678886
0.425691,72,4344.832181
0.46928,84,4344.997238
0.491459,98,4345.191301
2.861686,67,4345.324023
105.168323,77,4345.476923
101.47739,66,4345.605968
101.2076,76,4345.753672
105.327412,67,4345.887147
3.457606,84,4346.047469
100.286123,34,4346.112615
0.173105,75,4346.264286
2.646022,69,4346.397394
102.100284,50,4346.492973
102.558352,68,4346.627764
4.064164,96,4346.827956
1.72399,97,4347.02923
3.72553,61,4347.152989
3.920488,85,4347.327627
2.045521,79,4347.488793
3.564734,87,4347.666346
2.780713,72,4347.813425
2.027249,75,4347.968838
3.47855,68,4348.107136
5.00631,91,4348.291341
1.264546,70,4348.43282
3.941885,64,4348.561332
3.098608,64,4348.691876
-0.147995,101,4360.119755
105.754826,61,4360.237486
4.738749,75,4360.382456
4.192014,75,4360.527875
0.635274,101,4360.730847
3.005556,80,4360.888418
102.616737,63,4361.013027
0.993817,91,4361.208476
102.243861,69,4361.343529
101.844374,71,4361.485879
102.814213,69,4361.625739
101.421852,69,4361.765212
3.416075,81,4361.930897
4.293749,118,4362.162609
102.96937,70,4362.301725
3.507167,95,4362.484787
3.184776,76,4362.634301
2.039146,60,4362.751762
4.596459,72,4362.89608
1.361009,94,4363.079585
3.269927,66,4363.211783
3.886334,86,4363.386241
4.839539,103,4363.591442
-2.660746,156,4363.90615
0.542452,84,4375.263051
3.010334,91,4375.44218
5.125225,71,4375.583565
1.375808,71,4375.738639
101.45184,49,4375.837293
1.884882,75,4375.984292
101.195316,71,4376.126377
102.382797,57,4376.238594
0.439655,106,4376.447205
101.565058,108,4376.662653
3.558885,77,4376.812571
4.612491,66,4376.941971
-0.501988,131,4377.203959
3.140173,63,4377.329167
101.210314,34,4377.395625
2.40694,96,4377.587347
4.118361,72,4377.733068
3.448571,77,4377.891454
2.663486,63,4378.016308
102.55209,64,4378.143949
1.446966,79,4378.301783
103.948494,63,4378.435588
3.711652,65,4378.566222
1.795758,61,4378.691406
102.436098,79,4378.849775
-1.429009,551,4391.141393
2.209797,73,4391.285643
0.606033,75,4391.435378
2.6324,75,4391.583647
0.7782,271,4392.137714
3.162536,67,4392.270325
100.878602,66,4392.399941
1.903263,69,4392.540339
0.004265,80,4392.699444
100.382184,61,4392.819609
102.170303,61,4392.941082
103.168411,68,4393.075706
0.116005,121,4393.311818
3.919985,75,4393.462461
3.073638,80,4393.618832
100.717465,92,4393.802255
4.333562,65,4393.934812
101.232673,88,4394.107589
3.624685,69,4394.240641
0.942051,74,4394.384943
-0.103279,166,4406.009945
4.033828,81,4406.169304
101.823735,67,4406.311441
2.404489,79,4406.47047
3.250038,69,4406.603301
101.241437,78,4406.754654
3.5117,62,4406.877629
101.430711,70,4407.017821
101.043142,80,4407.178445
3.739146,62,4407.302607
-0.016295,84,4407.467145
1.984422,75,4407.620065
101.273872,88,4407.795085
4.457633,62,4407.920416
4.045479,69,4408.058045
101.777699,137,4408.324501
1.835814,64,4408.451009
5.633178,62,4408.600601
1.639208,79,4408.754966
2.950561,61,4408.876307
2.883505,99,4409.06747
2.261007,72,4409.207
3.895127,68,4409.340153
103.684173,68,4409.47466
101.238747,71,4409.615019
1.920255,62,4409.738054
100.792993,86,4409.904431
3.494448,64,4421.237298
2.452339,62,4421.362275
3.675101,92,4421.542192
0.743197,101,4421.752857
0.594476,1000,4423.733803
4.791729,69,4423.870768
2.165752,77,4424.02739
2.870553,59,4424.144261
103.579899,70,4424.28123
3.138334,103,4424.487005
-1.310011,101,4424.68384
5.179353,64,4424.810396
3.639908,64,4424.935907
1.204066,80,4425.096057
1.048043,99,4436.548418
-0.006885,80,4436.709614
3.313966,84,4436.874254
101.440755,85,4437.041964
3.077601,67,4437.174267
1.674121,74,4437.318285
2.744581,67,4437.467977
1.491849,69,4437.604938
2.06892,73,4437.746952
3.709688,88,4437.925838
2.381731,90,4438.11083
1.484116,74,4438.253139
2.269801,65,4438.37841
100.278465,40,4438.456029
1.33059,80,4438.610565
0.309076,101,4438.816401
2.644516,69,4438.951205
0.752969,114,4439.173801
2.032694,91,4439.350765
0.121502,101,4439.548813
0.682407,248,4440.043096
101.069944,50,4440.14057
4.482813,63,4440.265708
105.851557,65,4440.392048
100.945041,37,4440.461156
101.292412,69,4451.806803
2.916627,78,4451.981548
103.959047,54,4452.086493
2.501586,72,4452.228044
101.303243,88,4452.409957
101.460008,87,4452.584341
3.673824,72,4452.725805
2.54585,76,4452.876635
102.097762,70,4453.020934
4.097685,70,4453.164963
5.013148,73,4453.312425
1.249992,69,4453.445989
3.556327,68,4453.579537
4.406287,73,4453.725779
3.305597,66,4453.854843
2.644702,62,4453.975816
4.57018,62,4454.098724
102.771597,62,4454.219746
4.077341,65,4454.34538
1.560052,72,4454.486304
4.474189,77,4454.63697
101.262151,123,4454.879679
0.769093,80,4455.034416
3.471834,69,4455.17022
0.063019,175,4455.509833
103.234635,65,4455.634117
4.314721,70,4455.771429
0.75502,75,4467.098079
103.041858,56,4467.211357
100.809587,85,4467.376832
2.792403,181,4467.748882
102.617383,66,4467.87896
2.85505,71,4468.018163
-1.232669,104,4468.226363
2.21738,60,4468.343534
104.160914,72,4468.485522
100.848365,46,4468.57665
103.536895,60,4468.698689
3.510896,77,4468.848623
1.910041,82,4469.006751
4.657098,60,4469.127173
101.677532,93,4469.311651
2.095982,79,4469.468186
101.025294,72,4469.611119
2.769654,92,4469.792597
101.606822,61,4469.911008
101.472102,76,4470.059488
101.622701,66,4470.189435
4.057185,103,4470.396409
5.712321,61,4470.516331
100.963152,86,4470.686031
3.927508,101,4470.883157
0.902406,71,4471.019732
2.090202,76,4482.44609
2.811095,84,4482.619745
101.467573,39,4482.700294
4.468465,73,4482.845591
1.703501,80,4483.001885
3.421312,66,4483.127819
3.988352,65,4483.256158
2.821755,125,4483.50523
1.214299,73,4483.651211
2.685782,71,4483.803004
3.713783,81,4483.957588
103.469185,71,4484.099512
3.781346,63,4484.226216
2.844264,80,4484.384196
102.648647,79,4484.540779
100.940646,84,4484.710251
3.070077,94,4484.903442
1.95511,71,4485.045481
102.466417,73,4485.190785
1.707863,89,4485.38092
4.681118,68,4485.525565
2.641323,78,4485.685004
2.87523,71,4485.828803
0.417583,98,4486.032329
101.843782,139,4486.322226
5.552309,61,4486.453124
3.454507,71,4497.793115
3.467936,92,4497.990603
100.923966,95,4498.180322
4.35557,103,4498.384372
1.368058,105,4498.594171
5.821491,64,4498.719589
3.766965,62,4498.845796
101.946716,73,4498.993475
3.348869,68,4499.127466
4.38581,83,4499.291845
101.058158,67,4499.426278
3.185801,77,4499.580621
-1.048541,325,4500.209388
5.183693,84,4500.373583
1.515811,62,4500.491778
4.612784,62,4500.617261
102.257478,66,4500.753985
3.281268,69,4500.89917
2.441118,70,4501.045792
2.253488,95,4501.246268
3.672451,93,4501.443575
4.571764,66,4501.580823
103.015395,51,4501.685356
101.560732,65,4501.8191
4.890065,70,4513.326496
1.284274,81,4513.492366
100.972513,87,4513.672586
102.09053,64,4513.808316
2.959992,78,4513.971861
3.958968,100,4514.173174
102.330345,66,4514.322351
1.832952,60,4514.448127
3.968271,79,4514.609128
102.274064,70,4514.764122
2.301765,68,4514.908226
4.977912,67,4515.05165
5.313151,76,4515.208173
102.461887,56,4515.322922
0.754861,81,4515.488337
5.928536,72,4515.642468
102.014361,64,4515.775232
4.126465,70,4515.919392
1.969151,76,4516.076481
-0.025883,75,4516.231418
4.26699,86,4516.411904
101.517439,90,4516.58561
101.505532,62,4516.71022
2.292689,75,4516.86155
1.875675,67,4516.993952
2.854148,68,4517.127865
0.789122,87,4517.297676
3.155117,93,4528.838791
3.971185,72,4528.98765
104.772969,69,4529.149121
1.013562,76,4529.315402
3.874328,68,4529.451878
0.643321,86,4529.630836
1.652448,84,4529.805388
100.625013,85,4529.980223
100.896014,86,4530.148493
101.378597,86,4530.317209
103.194785,56,4530.429879
1.057737,360,4531.138842
-0.763168,212,4531.555367
1.083377,120,4531.790292
102.033022,113,4532.014354
0.09437,1000,4545.403574
1.648044,87,4545.573353
100.803014,51,4545.671053
5.406564,117,4545.900591
0.675025,116,4546.129679
4.221898,94,4546.328571
4.467586,87,4546.505202
2.489543,61,4546.625626
2.83461,63,4546.749504
0.617796,73,4546.900553
1.311893,91,4547.081384
3.320331,67,4547.211083
3.766851,91,4547.393253
100.460378,51,4547.496654
2.195881,140,4547.785597
102.075666,62,4547.908541
101.362439,45,4548.002166
4.917972,80,4548.163877
100.959253,91,4548.3432
100.807252,76,4559.68037
2.710284,69,4559.822706
3.407122,79,4559.973046
1.798785,71,4560.116553
4.484022,64,4560.243705
4.738932,67,4560.37732
4.422475,60,4560.499185
0.486155,102,4560.7298
101.683543,80,4560.889275
0.302165,88,4561.06245
4.007534,61,4561.184111
1.897687,76,4561.336738
3.304634,104,4561.547889
0.873228,95,4561.733614
1.567322,95,4561.913672
1.165909,70,4562.050547
5.21859,66,4562.182466
101.056419,107,4562.39468
2.550251,61,4562.514005
1.904619,66,4562.647162
100.520045,57,4562.760013
2.850734,88,4562.934966
1.398719,105,4563.14141
101.184029,70,4563.279923
1.475247,71,4563.419715
2.097144,79,4563.573241
2.321684,73,4574.900769
1.669614,71,4575.056468
2.014703,99,4575.254477
2.272247,79,4575.407724
3.939645,103,4575.622204
2.87607,70,4575.761084
2.166906,61,4575.878917
1.253168,80,4576.036623
101.059453,91,4576.221532
1.371662,79,4576.376356
4.903406,69,4576.516659
4.939385,60,4576.633927
1.93245,92,4576.81564
2.380261,78,4576.968582
4.555587,64,4577.095835
6.010554,64,4577.22508
1.692394,79,4577.381533
3.405433,99,4577.578194
1.545943,80,4577.734808
0.397471,84,4577.896208
2.741413,66,4578.029142
3.06807,89,4578.206905
102.752979,56,4578.313936
2.641643,68,4578.452222
101.048071,69,4578.588059
4.559717,63,4578.713183
3.934652,71,4578.853819
1.879665,82,4590.268096
2.4686,61,4590.390368
2.828481,148,4590.685369
101.423878,78,4590.843195
2.16382,87,4591.014839
-0.713983,88,4591.197013
2.474587,67,4591.332459
4.357829,81,4591.490886
100.876476,56,4591.603745
3.556575,84,4591.783238
1.865234,83,4591.948984
4.529171,89,4592.127127
102.052608,68,4592.261999
5.422108,115,4592.486241
104.915733,61,4592.604322
4.23979,72,4592.746536
4.118588,68,4592.87953
3.253003,87,4593.048161
102.33714,67,4593.178809
6.047168,71,4593.318977
4.370392,72,4593.462629
2.261838,68,4593.5957
2.435422,75,4593.743158
0.368452,95,4593.939123
-0.92149,98,4594.129894
101.887456,74,4605.50532
102.275654,52,4605.608718
3.441608,73,4605.771234
4.618801,67,4605.901928
103.37029,67,4606.03219
1.198164,132,4606.297029
3.424905,92,4606.484486
2.71183,91,4606.668721
3.695295,74,4606.816185
0.97519,76,4606.966101
-0.920853,113,4607.186774
3.693006,86,4607.355802
0.828194,78,4607.507393
2.543744,96,4607.700634
1.896562,69,4607.838184
105.125142,62,4607.956241
102.376183,156,4608.262628
2.114984,94,4608.446663
2.702923,86,4608.614932
101.213327,89,4608.811039
4.187726,80,4608.968136
2.569477,94,4609.151568
4.087128,63,4609.278963
5.111793,61,4609.39949
1.157082,80,4609.555519
0.442399,91,4620.931438
4.293762,62,4621.051374
103.83424,73,4621.193044
0.902017,74,4621.34188
5.183069,60,4621.459997
102.595483,73,4621.604001
1.907523,71,4621.740698
4.977799,82,4621.915365
3.723528,85,4622.080287
3.127961,67,4622.209499
4.429689,65,4622.35288
2.442403,78,4622.508747
101.081243,60,4622.623747
102.146146,65,4622.750551
5.052762,62,4622.873465
5.279807,71,4623.014367
4.099283,69,4623.151736
2.896981,74,4623.298909
1.910806,79,4623.455366
1.959862,75,4623.600915
101.03,71,4623.742499
3.670048,81,4623.905915
3.937491,81,4624.068453
105.644241,72,4624.213586
4.618251,73,4624.359658
3.081435,66,4624.487327
2.117706,64,4624.61377
104.679253,63,4624.740068
-1.853222,233,4636.387116
3.832747,69,4636.524674
2.305089,99,4636.719927
100.476802,88,4636.89545
1.426714,80,4637.052807
-1.221198,123,4637.297815
6.119822,74,4637.444919
-2.211552,165,4637.774238
102.710522,60,4637.895814
101.372305,60,4638.017918
0.622895,97,4638.209322
101.05071,82,4638.376045
102.002245,62,4638.50077
2.746359,66,4638.631064
4.173596,62,4638.753961
0.883196,1000,4652.016966
3.356707,86,4652.190853
0.921186,72,4652.34041
4.962573,67,4652.471891
3.987593,79,4652.628334
0.575699,94,4652.830016
1.616449,64,4652.958033
3.373187,67,4653.09142
1.236082,72,4653.236186
4.441039,69,4653.369606
4.623958,90,4653.547992
2.943489,64,4653.677191
101.238612,79,4653.834063
102.868049,50,4653.936597
2.167189,71,4654.080709
2.301978,68,4654.215649
4.792844,61,4654.337102
103.608246,68,4654.471656
4.517039,69,4654.6114
2.775081,89,4654.791413
2.853493,67,4654.92549
101.364792,74,4655.070572
1.81283,95,4655.274893
102.324805,65,4655.401377
-2.041362,414,4667.423295
3.057742,67,4667.554618
0.444745,76,4667.707335
3.694886,64,4667.835621
3.283013,68,4667.97081
2.398713,67,4668.10314
2.434239,68,4668.237299
101.009633,91,4668.418273
102.015175,47,4668.510665
100.88392,84,4668.684096
-0.913387,97,4668.943694
2.526998,68,4669.118744
101.57313,55,4669.227605
2.072389,69,4669.371078
3.192494,72,4669.513658
0.040523,101,4669.712445
1.927141,67,4669.843174
3.744113,78,4670.001063
1.557924,83,4670.166598
104.805823,64,4670.29019
1.884677,80,4670.444515
2.120062,71,4670.581297
1.455406,100,4670.779094
4.754238,72,4682.124948
100.231817,45,4682.212776
-0.081086,98,4682.408547
3.155165,78,4682.575478
103.885153,69,4682.712952
1.495479,80,4682.88201
2.085283,107,4683.104525
101.489091,78,4683.265725
0.992591,113,4683.501361
4.900941,65,4683.633403
101.197904,90,4683.819401
0.900471,74,4683.971471
-1.764091,367,4684.733343
3.879725,84,4684.905458
3.137841,69,4685.041928
2.703776,73,4685.184407
2.360949,68,4685.316151
2.178537,69,4685.452995
2.498142,94,4685.658051
3.604285,77,4685.811338
104.321967,66,4685.938951
1.169798,99,4686.133111
104.269129,60,4697.44602
101.391157,80,4697.604964
104.29411,61,4697.745014
4.144394,89,4697.920314
0.519349,89,4698.099142
4.161839,71,4698.237429
3.226099,81,4698.398485
2.344337,79,4698.564831
2.037968,61,4698.687434
4.338546,66,4698.817666
103.934314,72,4698.963235
2.711731,83,4699.131934
5.286089,66,4699.263922
3.579318,67,4699.398019
5.396637,124,4699.644295
1.391346,81,4699.803553
104.698248,61,4699.921131
2.352257,71,4700.061582
1.641569,121,4700.297915
1.339753,103,4700.50214
2.651751,90,4700.688812
101.544891,63,4700.814013
6.121933,64,4700.939194
1.145863,142,4701.214319
102.153973,141,4701.494421
0.535174,81,4712.838371
4.077129,66,4712.972416
4.923347,65,4713.100883
0.492656,96,4713.290359
1.315897,111,4713.505494
101.277029,69,4713.64278
2.589183,68,4713.778037
2.48205,100,4713.976784
3.760494,67,4714.110449
2.546463,60,4714.227624
101.028788,80,4714.398599
-2.216575,215,4714.825165
105.881722,67,4714.954529
100.708878,68,4715.089103
102.195621,69,4715.225761
4.346436,61,4715.353098
3.384562,61,4715.477414
2.033852,60,4715.599023
4.833189,82,4715.758302
101.983789,74,4715.902241
4.180043,66,4716.031749
3.961886,65,4716.160081
3.171596,83,4716.329291
104.90719,71,4716.472227
1.492973,76,4716.624093
0.265321,97,4727.984453
106.248606,64,4728.114736
103.177839,69,4728.248453
0.141285,106,4728.476084
4.958997,76,4728.624232
4.093846,62,4728.759633
0.500781,75,4728.9641
3.249721,78,4729.166398
4.468714,60,4729.282171
5.416451,78,4729.4326
102.371859,63,4729.559805
103.303905,52,4729.662203
3.016913,68,4729.797227
3.285835,67,4729.933335
2.672172,79,4730.09252
3.016996,68,4730.225027
103.271352,70,4730.362055
2.360284,82,4730.526088
4.638793,65,4730.677883
4.492341,98,4730.872442
101.776042,69,4731.005891
1.683699,67,4731.139354
-1.845785,136,4731.407097
4.172824,61,4731.530723
100.730942,73,4731.680056
4.896219,75,4731.827006
0.851808,87,4732.003773
1.939906,72,4732.152872
2.797157,77,4743.498915
104.426461,59,4743.62542
-0.109918,83,4743.796067
103.415772,66,4743.924247
105.575205,66,4744.057297
1.190009,61,4744.175486
1.270342,61,4744.294127
5.088109,67,4744.436383
101.2909,74,4744.584104
3.212105,66,4744.71265
1.85268,71,4744.854219
1.22413,65,4744.98357
3.967883,66,4745.115033
3.730043,64,4745.240697
4.096457,75,4745.388538
0.605319,86,4745.555448
102.446761,67,4745.68835
3.175632,67,4745.819484
101.061983,83,4745.982647
101.367342,85,4746.151926
102.117747,58,4746.266634
3.865799,65,4746.39623
101.755722,65,4746.527919
4.152872,66,4746.658267
2.646343,67,4746.790072
4.245824,66,4746.919519
101.989847,108,4747.133404
2.36344,73,4747.277925
102.310152,41,4747.359833
1.254462,85,4758.815429
4.283131,73,4758.960232
5.940204,76,4759.108552
105.095804,65,4759.233751
5.014275,79,4759.392327
-0.263962,78,4759.544281
5.440432,62,4759.666002
1.311258,136,4759.942455
5.265539,63,4760.073714
0.275084,1000,4762.045257
1.211102,71,4762.186539
5.390354,67,4762.31743
4.852093,66,4762.447249
3.37608,80,4762.60417
104.308712,59,4762.718336
5.022328,85,4774.129259
104.689446,69,4774.264859
103.669347,58,4774.380105
3.847296,60,4774.511337
4.283528,61,4774.633119
1.374134,69,4774.767712
4.114293,94,4774.957572
3.173203,74,4775.105015
3.308915,63,4775.226256
0.794947,84,4775.388591
3.597834,109,4775.603081
3.397862,70,4775.748428
2.885269,66,4775.883298
4.416412,79,4776.040344
101.270757,62,4776.164716
3.415956,69,4776.300065
2.352848,114,4776.526814
101.638931,53,4776.629296
3.106258,68,4776.76231
4.44445,69,4776.900136
101.018056,120,4777.141026
2.720702,71,4777.282996
1.28607,76,4777.437267
4.166834,62,4777.563632
3.951853,67,4777.698059
100.536724,72,4777.838446
2.939427,66,4777.966984
2.557824,61,4778.091278
3.461373,63,4789.49386
4.600856,63,4789.618727
2.650893,60,4789.737298
-0.307309,94,4789.928659
2.688046,83,4790.09869
2.392311,60,4790.224604
4.240718,67,4790.359131
101.854224,58,4790.478016
103.678082,66,4790.608402
3.967267,68,4790.74565
102.641332,66,4790.876505
1.309081,75,4791.040739
103.076048,69,4791.181041
4.539185,65,4791.310496
1.902826,65,4791.43738
100.481218,70,4791.573742
4.517714,66,4791.704728
2.252356,71,4791.846791
2.466652,65,4791.97716
100.701207,128,4792.22702
1.901757,76,4792.377258
4.08337,70,4792.514153
0.835839,107,4792.725379
2.179158,67,4792.858716
0.220831,137,4793.156647
2.057146,80,4793.321358
101.266444,82,4793.487493
4.693104,67,4804.786398
2.074418,74,4804.930367
-1.574242,148,4805.220396
5.099781,64,4805.362321
101.950608,69,4805.503108
1.610136,76,4805.651313
3.724892,85,4805.821012
-1.604015,219,4806.255445
2.622076,73,4806.408518
1.68296,80,4806.567198
100.652247,68,4806.699379
2.603971,66,4806.834412
102.45043,66,4806.959563
2.556087,90,4807.128303
1.160075,88,4807.299129
1.679072,76,4807.449643
105.421626,65,4807.57657
4.816324,70,4807.717671
1.861793,73,4807.860785
104.348112,62,4807.983248
3.764103,93,4808.165285
2.008278,75,4808.313593
3.413557,66,4808.447063
3.999536,79,4808.602923
2.587049,73,4820.02862
105.171776,59,4820.148883
2.279726,75,4820.299098
102.793111,64,4820.444701
4.32808,63,4820.579709
4.189017,73,4820.734698
0.583185,114,4820.957559
104.0781,71,4821.09897
2.092714,70,4821.237328
0.616847,87,4821.411681
-0.53468,186,4821.778807
4.165947,66,4821.910463
4.135103,67,4822.042882
3.590781,69,4822.182514
-0.606838,87,4822.350036
0.054114,121,4822.584861
1.651131,89,4822.757406
104.927204,67,4822.891578
0.061772,77,4823.04408
1.831487,83,4823.204164
101.156324,80,4823.363899
104.60054,67,4823.491786
2.682653,60,4823.610085
4.917283,75,4823.761781
4.30878,84,4823.928972
3.865798,65,4824.059318
3.086536,67,4835.483601
1.13367,834,4837.125761
5.102394,61,4837.242194
105.314197,66,4837.369858
2.573538,84,4837.534006
3.182745,70,4837.671764
1.748536,65,4837.802001
4.817804,65,4837.931719
4.608242,63,4838.056148
101.273302,76,4838.206171
4.318734,61,4838.325833
5.315659,62,4838.44736
0.663722,83,4838.609721
1.905439,70,4838.749738
4.636851,78,4838.904935
2.009689,66,4839.037378
104.263817,72,4839.181831
3.988145,68,4839.319407
102.925077,63,4850.638259
4.062487,65,4850.768862
3.53286,66,4850.898807
1.501366,73,4851.06704
2.668684,65,4851.194103
100.693545,91,4851.376718
1.546833,78,4851.53198
2.737297,63,4851.656694
101.949317,109,4851.873052
105.925085,69,4852.012577
5.227728,73,4852.155643
2.189384,81,4852.314948
4.456453,62,4852.43586
4.83943,85,4852.605553
102.553447,71,4852.741176
0.603619,93,4852.922816
3.683233,80,4853.07915
101.817232,62,4853.198306
-0.584221,875,4866.10473
4.159692,62,4866.227701
4.597656,69,4866.367061
2.219766,73,4866.515161
103.170099,63,4866.642862
102.506616,75,4866.791374
4.368212,87,4866.963967
3.072914,76,4867.113365
3.711034,104,4867.321153
3.937154,88,4867.502169
103.172158,73,4867.645992
102.922151,62,4867.768803
2.889062,98,4867.95705
100.549918,55,4868.065845
0.844209,78,4868.218319
104.808925,60,4868.336329
104.042804,61,4868.457978
0.693876,73,4868.602414
3.371024,62,4868.721932
101.247784,78,4868.876159
102.582893,73,4869.027387
101.826627,66,4869.159348
4.437017,68,4869.293869
1.720401,62,4869.417167
5.668124,65,4869.543751
102.339638,71,4869.683975
3.520762,71,4869.825228
3.933634,72,4881.187402
1.27964,102,4881.386129
-1.114976,192,4881.777458
1.097636,103,4881.976143
4.681031,62,4882.093481
2.839182,68,4882.227016
4.319777,62,4882.353067
1.068368,72,4882.493749
101.095411,65,4882.624699
4.430465,63,4882.754158
104.828919,58,4882.882677
104.33253,61,4883.003967
1.450247,106,4883.213264
6.067571,73,4883.3606
105.267684,77,4883.516915
1.275604,73,4883.662178
2.329731,93,4883.845616
100.522247,57,4883.959459
4.903631,71,4884.102298
3.639096,68,4884.235868
4.069552,69,4884.369819
2.740954,83,4884.534563
5.324043,65,4884.667343
4.248092,88,4884.841134
3.388216,67,4884.974605
1.075385,94,4885.164657
5.339491,79,4896.613548
103.378543,59,4896.72903
102.678089,71,4896.86704
101.101452,82,4897.025888
1.363991,72,4897.186007
-2.081413,929,4898.990159
4.488397,80,4899.147851
101.260357,73,4899.291735
3.044844,59,4899.407169
2.817226,82,4899.564843
1.969353,63,4899.6911
102.061261,65,4899.820324
103.940384,55,4899.927095
4.665758,68,4900.059877
1.173955,105,4900.265787
-1.074609,91,4900.445451
1.483376,111,4912.009606
101.697501,113,4912.229455
3.853473,75,4912.37792
0.391034,1000,4914.391051
3.607397,93,4914.582352
4.432822,67,4914.714923
2.240303,76,4914.867173
101.315363,68,4915.003336
0.763531,106,4915.213779
1.592568,104,4915.420994
103.129535,71,4915.560831
102.135821,73,4915.707882
2.503084,97,4915.906764
101.311642,82,4927.245186
103.284521,70,4927.387892
1.230385,97,4927.579097
1.614795,79,4927.747228
100.358301,56,4927.858629
3.181094,61,4927.978173
1.930199,77,4928.130016
101.364942,94,4928.324414
3.22709,97,4928.512739
0.929317,1000,4930.491608
1.886473,62,4930.629852
-0.159873,146,4930.930758
0.762436,1000,4944.073964
100.81357,86,4944.242557
-2.301954,496,4945.240329
100.720837,63,4945.364443
4.505168,82,4945.525622
3.893339,72,4945.669908
2.56473,91,4945.851902
5.340259,84,4946.018321
5.2223,65,4946.148529
6.243001,64,4946.273859
2.426756,74,4946.418521
0.905298,64,4957.709563
1.855886,72,4957.852447
2.866691,69,4957.985572
4.391254,71,4958.125834
1.009069,72,4958.283393
0.301275,103,4958.487115
2.820043,69,4958.622679
1.560521,73,4958.767751
4.468368,61,4958.886125
3.164402,88,4959.064545
100.982276,129,4959.315894
1.699333,79,4959.471164
2.854572,66,4959.598597
4.065534,72,4959.740218
3.402804,63,4959.862708
102.433344,43,4959.96336
3.903353,61,4960.087426
2.971024,67,4960.220397
102.260096,63,4960.349796
2.896863,79,4960.506632
-0.834287,400,4961.298481
-0.122142,241,4973.05796
1.698944,94,4973.243194
2.978894,58,4973.354169
-0.189545,1000,4975.364613
101.288584,64,4975.487002
101.171142,79,4975.642897
1.100211,66,4975.775548
3.483972,71,4975.920995
2.337106,61,4976.042354
1.559392,88,4976.21571
5.169402,61,4976.338512
2.322378,107,4976.545751
5.196342,61,4976.66587
102.553221,69,4976.80137
2.007811,106,4977.013322
100.829401,47,4977.10865
3.479022,71,4988.423593
3.963106,98,4988.613002
101.364156,79,4988.787154
100.646037,60,4988.904433
101.570964,56,4989.012949
4.680545,64,4989.13743
3.762832,66,4989.266792
3.414969,151,4989.56906
1.787754,70,4989.707418
3.810632,73,4989.849303
-0.443116,117,4990.083123
100.483003,56,4990.194411
4.055464,103,4990.411702
100.263767,44,4990.498545
100.642511,94,4990.679841
-0.020563,149,4990.979246
1.84481,88,4991.152918
102.528595,62,4991.278625
3.233377,74,4991.421393
1.379473,64,4991.550987
3.192355,92,4991.735326
4.316766,73,4991.8783
101.374627,79,4992.033158
-0.002457,85,4992.204159
1.358812,91,5003.579085
3.165469,72,5003.742063
0.786509,89,5003.913822
101.692836,89,5004.089591
2.275441,91,5004.268094
3.570632,84,5004.431217
0.387048,105,5004.646115
1.928471,61,5004.766353
102.151706,41,5004.84956
1.030718,72,5004.988205
4.721848,70,5005.128314
2.228372,80,5005.285619
3.277327,67,5005.41786
2.193443,60,5005.538012
2.603872,66,5005.667257
5.650996,62,5005.792642
2.268212,79,5005.945526
2.585791,70,5006.081132
4.191575,75,5006.225857
1.899428,69,5006.360657
2.504589,96,5006.550779
101.502867,45,5006.640132
3.437097,68,5006.779113
104.236052,58,5006.89625
3.3254,89,5007.067994
3.791394,91,5007.252631
101.718138,77,5007.399096
103.063015,72,5007.540515
2.827259,62,5018.857647
105.943854,66,5018.983695
3.498443,129,5019.241321
3.097456,59,5019.357443
2.501667,69,5019.493614
101.870492,114,5019.720155
1.553847,75,5019.870542
0.811496,72,5020.015057
103.840512,56,5020.124452
-0.604535,449,5021.026195
2.10057,73,5021.168887
102.406821,66,5021.299026
1.526308,81,5021.462384
2.965406,98,5021.657719
3.749242,68,5021.79168
2.94327,83,5021.954862
3.262553,79,5022.108375
0.827529,74,5022.257326
100.579661,65,5022.385345
2.849848,63,5022.511246
101.201903,55,5022.616978
3.981403,66,5022.751766
2.391526,123,5034.219241
100.851797,83,5034.395274
4.031145,80,5034.562961
1.485697,72,5034.704123
1.942624,67,5034.837723
1.463317,72,5034.981111
101.826952,77,5035.133868
3.204712,61,5035.255406
4.714748,87,5035.428314
100.648361,72,5035.576797
1.433292,68,5035.710121
2.179725,94,5035.897396
3.689888,66,5036.030116
100.747621,49,5036.129061
4.071108,80,5036.286473
0.857771,327,5036.938516
2.254205,63,5037.066546
0.754892,97,5037.25388
0.812768,115,5037.476856
1.749273,69,5037.609949
101.986257,66,5037.740623
4.997042,82,5037.904269
1.331124,104,5038.110235
1.88187,77,5049.4505
3.746376,70,5049.589015
0.617125,96,5049.777878
2.872225,76,5049.929302
100.786524,49,5050.031796
1.076504,76,5050.188997
101.16699,54,5050.298123
3.64879,65,5050.429668
-1.069629,67,5050.562807
0.7638,97,5050.761531
3.434184,74,5050.923223
0.846828,201,5051.317607
3.782877,98,5051.511622
100.77753,60,5051.627826
106.040636,72,5051.773027
-0.419494,98,5051.9625
101.248807,79,5052.121456
5.085282,73,5052.266374
-1.042319,119,5052.50162
3.355192,60,5052.61555
102.024584,62,5052.737279
2.167639,68,5052.87103
103.891153,66,5052.997601
4.590035,63,5053.122774
3.490657,79,5053.28041
1.774166,69,5053.416518
1.703872,82,5064.773118
101.909069,73,5064.929455
0.198842,86,5065.099252
2.407323,91,5065.276203
3.384877,85,5065.4398
2.322156,91,5065.614254
4.762989,66,5065.754479
1.402392,88,5065.927053
1.102668,86,5066.096474
2.480142,78,5066.246551
2.325314,60,5066.365283
4.111823,78,5066.523688
1.917082,74,5066.669152
2.145847,83,5066.8333
101.6699,94,5067.015903
5.719822,70,5067.152081
100.891898,58,5067.262442
3.344494,81,5067.426408
3.377225,76,5067.577497
105.316462,67,5067.711281
1.656317,62,5067.837983
5.504443,66,5067.966284
1.122387,100,5068.163365
4.134994,71,5068.304167
1.85518,59,5068.421926
102.38975,69,5068.55725
0.419588,1000,5081.771199
3.703787,65,5081.896304
2.561577,75,5082.046564
-2.415899,362,5082.746933
1.708923,68,5082.898919
100.69744,78,5083.051294
3.389033,69,5083.185573
5.609155,62,5083.309777
-0.460605,108,5083.520807
104.758109,77,5083.671407
3.559513,84,5083.839509
101.44704,57,5083.952668
2.031956,92,5095.326502
3.064993,77,5095.480451
5.120631,64,5095.608583
3.072008,85,5095.775131
3.300067,95,5095.959645
-0.601055,117,5096.189544
4.233614,66,5096.33622
105.541103,70,5096.473484
4.301264,68,5096.60717
0.071549,77,5096.761456
5.34648,68,5096.910986
101.723897,523,5097.938061
100.872503,39,5098.013614
4.778367,65,5098.142264
104.05814,65,5098.273111
101.190383,61,5098.418552
-0.334807,110,5098.640137
1.217057,78,5098.792287
101.853613,78,5098.947999
102.698241,69,5099.082039
1.541181,71,5099.224088
1.999196,71,5110.525513
6.016772,66,5110.654386
4.897462,81,5110.80953
101.091314,31,5110.869784
-0.483015,1000,5112.939429
4.260343,84,5113.109278
103.569836,55,5113.227376
1.361523,79,5113.381976
2.05899,88,5113.548569
104.716919,62,5113.669964
2.645377,69,5113.802402
3.008369,69,5113.937085
1.016033,76,5114.081846
3.783129,73,5114.225809
1.55152,71,5114.365937
5.652784,72,5114.506207
2.554925,78,5125.816807
3.651626,72,5125.957432
1.0939,103,5126.17219
3.027531,67,5126.308274
1.941824,113,5126.534039
104.280085,56,5126.64342
4.830342,65,5126.783408
0.841142,71,5126.92531
-1.175822,111,5127.140228
100.695669,50,5127.242268
4.156605,63,5127.366902
4.694782,64,5127.495254
100.948259,60,5127.61081
100.757444,65,5127.735449
3.938908,80,5127.893879
101.498972,60,5128.015494
3.417211,69,5128.150259
4.403811,59,5128.267145
103.110218,73,5128.411568
4.708664,76,5128.563735
100.490899,64,5128.690759
1.77956,88,5128.86382
3.110062,92,5129.046901
5.321845,83,5129.211889
1.299527,125,5129.461329
102.128711,78,5129.61287
2.045572,72,5129.755183
1.478929,116,5141.19848
3.480406,67,5141.346253
2.236803,62,5141.472598
102.326967,69,5141.609339
2.70868,68,5141.753654
3.994877,68,5141.888954
2.268418,86,5142.058764
5.577638,61,5142.189943
0.88951,110,5142.410227
101.897942,73,5142.557971
-0.465779,571,5143.698438
101.327062,82,5143.860366
1.557694,78,5144.01411
-2.724256,154,5144.318905
-0.038459,88,5144.493916
100.595883,73,5144.636215
5.133571,70,5144.782121
1.93684,84,5144.951736
0.718245,80,5145.111302
-0.217299,80,5156.486951
2.33973,84,5156.656177
4.486125,93,5156.844842
102.020214,45,5156.933748
100.917592,48,5157.03265
3.568459,97,5157.225714
102.848929,64,5157.353093
101.381765,75,5157.505935
100.687275,55,5157.617502
101.679781,67,5157.752319
100.700122,41,5157.843823
103.854907,61,5157.968503
100.768808,33,5158.03225
100.638363,81,5158.194438
105.076669,60,5158.311343
5.02965,63,5158.434049
105.672612,66,5158.566668
0.139387,88,5158.741004
1.197393,93,5158.922853
3.149788,69,5159.060174
3.512726,67,5159.194138
3.011034,84,5159.358185
103.47982,56,5159.468503
2.203003,75,5159.625633
106.007387,68,5159.755644
-0.548772,101,5159.9581
0.764962,286,5171.894061
101.152488,66,5172.041552
101.294518,48,5172.131994
1.900181,63,5172.257874
4.222376,74,5172.404363
3.786174,65,5172.536206
4.685527,73,5172.67825
101.625932,37,5172.750744
101.041852,75,5172.905093
102.861452,47,5172.999623
-0.35112,127,5173.261854
1.057788,92,5173.456934
2.527973,71,5173.602794
3.823605,87,5173.783292
2.818492,66,5173.913295
3.658384,65,5174.046138
3.338734,61,5174.166837
2.118289,91,5174.349089
104.030691,59,5174.477716
3.775513,75,5174.628197
101.452283,65,5174.76005
2.325661,87,5174.944709
102.389449,46,5175.041679
101.370004,75,5175.201421
103.812817,61,5175.330265
101.147237,48,5175.425297
1.594727,78,5175.586669
104.156246,53,5175.698475
1.342726,95,5175.894045
3.416434,87,5187.298773
1.755127,65,5187.432993
100.781767,85,5187.60798
-0.612728,96,5187.801036
4.474674,66,5187.938361
5.290624,78,5188.100511
4.122793,61,5188.241437
0.795993,100,5188.448702
1.938124,61,5188.57399
101.866712,140,5188.855868
105.212442,62,5188.977989
105.742803,65,5189.103971
3.974902,71,5189.243414
5.692468,70,5189.38022
106.059593,68,5189.516891
104.353426,62,5189.640071
2.250585,65,5189.770195
104.558262,58,5189.88856
0.256918,84,5190.059792
0.622,73,5190.21129
3.599736,86,5190.388043
3.038908,81,5190.554945
2.026298,82,5190.723316
103.202483,70,5190.859834
101.374186,62,5190.978196
5.012046,65,5191.102451
-2.805431,298,5202.975821
1.223415,82,5203.152701
3.936356,78,5203.324316
2.290431,60,5203.446762
1.233574,93,5203.641791
103.902738,74,5203.801237
4.240851,68,5203.951463
1.248804,72,5204.100234
1.257338,84,5204.277133
1.470179,74,5204.427567
101.01533,93,5204.618001
3.427938,91,5204.807872
3.368333,72,5204.94824
2.096583,72,5205.088111
1.630521,92,5205.265837
101.14861,90,5205.440911
100.67006,62,5205.567601
101.143087,116,5205.794605
101.947781,76,5205.948273
105.140676,60,5206.061917
1.249156,132,5206.325647
-0.710727,116,5206.568065
101.229828,60,5206.683595
2.238764,77,5206.836117
4.46176,64,5218.230398
103.826455,65,5218.356782
106.084203,65,5218.486915
106.094464,72,5218.630907
1.894046,60,5218.764407
105.270589,65,5218.89227
101.398079,52,5218.99714
4.326098,97,5219.1887
102.932328,75,5219.347795
102.328125,65,5219.478989
2.883809,67,5219.617834
3.649081,71,5219.766134
104.652248,58,5219.883738
1.473545,86,5220.062788
-0.058554,121,5220.313242
3.542145,60,5220.435256
3.485077,61,5220.559247
3.597862,64,5220.688607
101.637904,79,5220.850844
105.752241,68,5220.984262
102.648711,73,5221.132058
2.632599,70,5221.272611
100.840384,77,5221.423445
101.77769,70,5221.561925
3.081217,63,5221.687102
0.335097,69,5221.822991
100.544388,92,5222.003647
3.807511,65,5222.130796
104.288354,57,5233.488352
0.070342,81,5233.65679
1.204298,104,5233.883721
4.246783,61,5234.006989
2.381104,70,5234.144169
101.424842,74,5234.293195
4.415897,62,5234.416729
105.121397,61,5234.542942
-0.236347,117,5234.790974
101.914077,124,5235.037467
102.369689,57,5235.155757
104.278485,68,5235.293897
3.618706,64,5235.419812
3.615733,63,5235.540426
3.860042,61,5235.662011
4.590807,68,5235.795549
100.709567,93,5235.977156
102.658947,79,5236.13
-2.660504,127,5236.379788
100.788168,56,5236.493178
2.171,94,5236.681164
102.879939,49,5236.777074
4.594502,74,5236.926848
4.141345,68,5237.060952
4.132351,71,5237.200804
3.107517,89,5237.381017
101.846266,70,5237.520491
3.985262,66,5248.959541
2.413564,85,5249.135157
101.811129,87,5249.315019
4.806342,68,5249.458083
3.014818,61,5249.59093
4.253473,69,5249.733778
105.807785,69,5249.873753
1.986327,79,5250.044751
1.977465,69,5250.189267
103.188356,54,5250.300778
3.09674,60,5250.438678
0.961872,80,5250.606938
3.902446,68,5250.747365
100.794229,230,5251.199809
101.92332,74,5251.342135
3.475478,64,5251.466466
4.107269,73,5251.609294
2.496382,71,5251.744103
3.069335,68,5251.879267
1.091675,76,5252.031812
1.735325,95,5252.229025
1.05782,96,5252.428045
-0.705028,169,5252.784732
3.067547,78,5252.93918
1.667827,80,5253.094679
102.662092,61,5264.481153
3.992195,102,5264.69692
103.177279,66,5264.826574
105.008956,61,5264.946193
3.226363,86,5265.117453
3.051209,68,5265.251199
1.170409,65,5265.385783
1.177563,88,5265.556134
101.67526,62,5265.677675
1.074287,95,5265.860863
3.632737,66,5265.990246
5.17871,70,5266.127993
103.793362,65,5266.256051
101.839269,99,5266.455302
100.692681,65,5266.578806
2.350905,69,5266.713953
100.63993,68,5266.844719
2.868672,59,5266.962728
3.05524,78,5267.122289
2.210934,77,5267.274184
0.862905,130,5267.532081
1.182111,60,5267.651206
3.108427,67,5267.78328
4.154449,61,5267.916085
2.425159,66,5268.049969
0.078047,116,5268.281156
4.427565,72,5268.421381
100.488303,59,5279.985447
2.093535,67,5280.128735
0.221281,116,5280.369975
102.093039,62,5280.48828
4.973418,63,5280.611989
3.338124,75,5280.757848
102.30995,56,5280.868667
2.853982,81,5281.0296
101.257022,85,5281.197096
2.28787,76,5281.353475
2.233174,66,5281.488533
4.379131,62,5281.61008
5.119816,61,5281.729302
3.450911,82,5281.893718
101.312939,65,5282.024152
5.051787,61,5282.14454
4.448926,73,5282.290611
0.060647,86,5282.462224
1.677957,78,5282.624125
3.57324,65,5282.754456
100.86008,68,5282.886554
-0.120052,82,5283.046923
4.297447,65,5283.176011
2.20671,69,5283.310798
4.749471,61,5283.427397
3.521551,68,5283.562479
1.079321,76,5283.7167
103.014918,52,5283.820749
0.973271,79,5295.230054
102.826199,55,5295.349023
3.525422,60,5295.484868
100.550553,76,5295.636214
-0.06204,78,5295.793145
3.514178,77,5295.944655
1.446942,75,5296.091985
3.080643,60,5296.20525
104.253422,60,5296.325177
2.99938,67,5296.450843
101.128131,69,5296.590123
3.261267,68,5296.72605
1.400358,122,5296.960232
-0.191264,92,5297.13871
3.717142,75,5297.28592
2.202733,71,5297.430909
102.432302,59,5297.547455
101.562054,72,5297.690256
3.612632,62,5297.815351
3.856551,73,5297.963006
5.572734,73,5298.111286
-0.175498,81,5298.271748
3.51881,71,5298.420628
4.752412,72,5298.559415
1.58421,82,5298.725861
104.547812,56,5298.837402
103.277105,50,5298.942532
2.118012,87,5299.118592
2.655537,69,5299.253981
3.057564,66,5310.770935
102.630725,67,5310.902028
102.163647,63,5311.022204
2.744828,79,5311.17791
101.38636,58,5311.294111
5.207924,61,5311.416464
1.31388,72,5311.555085
2.500813,92,5311.735565
102.292208,69,5311.870919
2.61418,70,5312.012255
5.536039,63,5312.136733
5.75343,71,5312.289349
0.965949,101,5312.488991
1.25504,91,5312.667532
4.517754,94,5312.859589
106.085995,69,5312.998896
3.100862,67,5313.138899
2.526289,84,5313.315912
1.500373,84,5313.486529
100.78474,69,5313.630268
100.688935,76,5313.785418
3.050472,64,5313.911161
5.062864,74,5314.063945
-0.450773,299,5314.674349
2.642373,84,5326.07544
101.785696,121,5326.32314
5.063178,74,5326.465388
100.579161,67,5326.595518
102.093559,64,5326.736741
105.639683,65,5326.882342
101.8855,62,5326.999937
101.557209,55,5327.113668
0.453286,1000,5329.217225
2.53377,67,5329.398952
0.881193,77,5329.568259
-0.462955,304,5330.176337
104.854877,76,5330.327646
1.522946,82,5341.749392
5.334966,79,5341.917727
1.239379,95,5342.122481
1.008931,91,5342.310962
1.679219,88,5342.490075
2.537958,94,5342.684171
2.858623,66,5342.818415
5.538812,82,5342.978308
0.547612,85,5343.144954
3.807756,72,5343.285563
3.906114,65,5343.427722
2.413746,61,5343.5478
103.318164,55,5343.656031
3.707182,68,5343.792986
3.893074,81,5343.952775
-0.064287,119,5344.200343
101.05885,63,5344.332051
101.62971,73,5344.482037
4.021656,62,5344.608531
3.94321,75,5344.764105
5.354194,67,5344.903013
4.05269,65,5345.037118
1.092879,63,5345.170052
0.999366,73,5345.325442
2.742683,70,5345.471591
1.663152,132,5345.745099
1.4069,83,5357.190263
0.029227,105,5357.398139
100.883867,92,5357.600073
105.311402,71,5357.743156
-0.934965,195,5358.13208
4.321822,64,5358.260304
5.636755,61,5358.381364
2.212301,70,5358.524812
101.74463,70,5358.66697
105.922509,72,5358.814342
-0.018779,133,5359.080129
2.138432,62,5359.202034
103.708923,53,5359.308768
1.873882,69,5359.4467
103.653475,72,5359.591201
4.478441,63,5359.720541
102.26588,76,5359.879505
3.648995,65,5360.015482
4.007467,63,5360.136283
0.890999,91,5360.314754
0.427024,228,5360.797204
1.380873,81,5360.967432
3.711695,66,5361.103523
0.861572,71,5361.252979
-2.972355,395,5373.289675
103.251245,63,5373.417663
1.256869,100,5373.619025
101.149722,77,5373.773022
0.739558,114,5373.995813
2.138027,110,5374.213173
103.227626,59,5374.327421
1.886173,74,5374.469917
3.219745,62,5374.587696
102.026792,67,5374.715873
100.836096,58,5374.828718
4.259048,75,5374.976132
5.580647,65,5375.102618
1.438363,69,5375.239328
101.687364,68,5375.375528
102.00625,69,5375.531386
100.63092,244,5376.006144
3.012024,68,5376.141328
0.723264,88,5376.314958
3.693197,65,5376.44469
4.694833,61,5387.784746
101.447337,74,5387.933239
-2.188464,225,5388.378125
104.356868,67,5388.514273
103.647819,66,5388.650269
-0.334432,121,5388.894407
4.835837,62,5389.01668
102.404244,46,5389.109929
103.191923,52,5389.21038
100.728461,86,5389.403388
2.049821,88,5389.585833
100.757023,53,5389.697265
-2.116234,271,5390.234914
-1.068991,180,5390.593642
101.853444,43,5390.680039
4.07394,70,5390.818826
0.679866,92,5390.997624
-0.306462,82,5391.161392
100.968019,56,5391.273969
105.529525,64,5391.400625
100.659109,68,5391.535612
-0.044586,120,5391.767113
-0.517702,129,5403.225168
4.408081,68,5403.368867
1.523036,65,5403.511881
102.43071,59,5403.633951
2.054506,104,5403.851697
3.709181,71,5404.000185
100.908985,80,5404.16654
0.702201,103,5404.37877
4.673592,64,5404.514521
3.258188,75,5404.666835
100.467227,70,5404.813701
101.354677,71,5404.956711
101.073509,84,5405.123575
2.923223,61,5405.24527
1.936461,82,5405.403737
101.110534,63,5405.52954
100.791233,86,5405.702714
3.383579,64,5405.827035
5.484649,65,5405.960137
1.34377,94,5406.154522
101.699769,75,5406.312065
101.102412,54,5406.424984
3.541766,100,5406.636791
104.770843,65,5406.773654
3.119293,74,5406.928483
4.186148,68,5407.071209
102.83677,68,5407.211321
2.97193,62,5418.753302
2.920889,87,5418.926123
1.711372,73,5419.072236
4.425321,74,5419.220118
4.34924,96,5419.406708
1.591983,79,5419.563806
101.52243,89,5419.750109
3.467432,61,5419.878147
4.245786,62,5420.001408
4.839219,72,5420.163416
101.462627,84,5420.341365
5.440279,62,5420.471369
0.664825,97,5420.671414
1.565336,71,5420.811397
103.126009,75,5420.964762
3.543402,61,5421.091803
3.707649,69,5421.232999
3.689966,111,5421.461003
1.262493,79,5421.628167
2.221333,73,5421.777567
103.866607,57,5421.895647
2.596363,66,5422.028797
101.430114,81,5422.195004
4.558962,72,5422.344745
0.404276,72,5422.495444
3.202552,71,5422.64758
4.82543,65,5422.775769
0.891333,72,5422.926132
3.709784,62,5434.452441
4.883327,81,5434.614854
2.896095,70,5434.759995
105.734723,73,5434.91255
100.522987,56,5435.044342
0.458044,107,5435.265148
1.662329,98,5435.477404
5.206348,70,5435.625291
1.358507,73,5435.774932
3.286784,65,5435.90731
4.562124,68,5436.05015
100.949865,86,5436.233194
102.72101,76,5436.388286
101.294819,65,5436.52435
103.7354,68,5436.664364
1.55828,70,5436.810944
100.740609,75,5436.967831
1.421179,66,5437.108204
101.564752,59,5437.232177
101.467722,63,5437.361671
3.702836,72,5437.517786
1.32443,97,5437.723272
3.542927,74,5437.875422
2.764089,76,5438.02896
101.158157,80,5438.193574
4.862318,69,5438.340106
2.375556,85,5438.51651
103.677421,66,5449.967492
5.209636,65,5450.098364
101.592466,100,5450.296732
101.326182,88,5450.471052
105.728991,65,5450.599901
3.532766,61,5450.721365
2.361742,71,5450.863173
3.77923,172,5451.217496
101.963705,101,5451.436219
3.621788,83,5451.624247
3.221835,73,5451.77492
100.623745,74,5451.926216
5.334002,68,5452.063562
102.190568,68,5452.208072
101.334744,70,5452.35605
4.881652,63,5452.488413
102.128162,72,5452.642137
4.498166,73,5452.794176
103.020276,72,5452.948262
2.021152,88,5453.133949
4.311955,61,5453.263641
103.812756,67,5453.418171
102.337411,74,5453.572198
105.183247,63,5453.706223
103.645277,71,5453.868398
2.557058,64,5454.018862
1.87906,75,5454.177705
3.987376,72,5465.603445
3.671231,61,5465.723968
1.354344,76,5465.87061
100.898268,91,5466.059171
100.719094,61,5466.176872
102.922746,62,5466.298447
104.42454,67,5466.428178
1.213147,89,5466.602192
101.351321,92,5466.781407
102.828349,49,5466.879844
105.510138,68,5467.016288
101.964358,69,5467.150488
3.901015,69,5467.281577
102.701065,70,5467.417824
1.59134,68,5467.55309
3.230635,64,5467.683502
4.47315,98,5467.885372
103.816123,65,5468.017343
101.423139,84,5468.185155
1.514519,93,5468.370533
101.897848,99,5468.580577
1.887927,92,5468.776002
3.624248,76,5468.92104
102.605566,79,5469.078788
105.796626,66,5469.208902
105.426244,63,5469.336779
3.505128,78,5469.494539
2.06908,80,5480.87326
101.249319,89,5481.064892
1.814529,79,5481.229919
105.508998,63,5481.35889
101.131096,105,5481.573658
4.96578,72,5481.719546
4.955755,69,5481.86481
101.121945,97,5482.073835
100.656024,40,5482.152479
2.409103,69,5482.296165
102.884162,52,5482.403563
3.388966,66,5482.53282
101.859572,58,5482.648203
101.454478,53,5482.751528
4.464495,75,5482.893623
101.9722,70,5483.032183
101.230839,50,5483.12947
2.805408,100,5483.325626
3.067049,96,5483.5139
103.175679,56,5483.622889
0.943351,131,5483.880548
100.714134,85,5484.05487
104.380208,58,5484.169615
100.819481,76,5484.3184
2.634409,162,5484.636735
1.769109,76,5484.785248
103.062789,52,5484.888313
1.937118,81,5496.357574
1.271651,72,5496.506093
3.791214,61,5496.628208
104.836026,64,5496.780254
2.988612,65,5496.910457
100.742422,80,5497.067254
3.957403,72,5497.209029
5.335686,78,5497.363507
1.5935,73,5497.507023
3.147137,67,5497.63596
103.402446,73,5497.779898
5.262798,77,5497.932011
102.025564,63,5498.053889
100.943369,80,5498.211898
1.922531,79,5498.367046
4.097113,68,5498.498395
103.822638,64,5498.622534
103.379994,56,5498.728841
3.890994,68,5498.866824
4.049323,68,5499.009133
3.733901,66,5499.139477
101.288745,84,5499.30376
0.543205,111,5499.528785
2.689224,72,5499.676372
4.873703,79,5499.834311
4.801456,76,5499.98996
100.877152,88,5500.160701
0.995312,75,5500.307675
1.94682,63,5511.765194
102.535349,65,5511.896681
4.059411,71,5512.036082
1.18117,92,5512.220925
-2.397141,135,5512.491861
1.523516,160,5512.817128
101.076463,88,5512.995485
2.575458,70,5513.132272
101.730012,65,5513.26083
2.937284,82,5513.438305
3.608319,63,5513.564826
103.114615,68,5513.699039
4.203175,79,5513.856798
2.240141,98,5514.055661
4.745015,66,5514.185647
100.445957,76,5514.344771
2.673119,78,5514.501199
2.762935,78,5514.65713
3.195128,72,5514.800159
106.18608,73,5514.946601
1.825614,72,5515.089375
3.398997,62,5515.2115
4.839927,92,5515.391706
100.658813,247,5527.035104
3.396358,71,5527.176995
103.430154,60,5527.298974
3.801753,62,5527.434471
3.250592,200,5527.831286
100.863399,88,5528.010917
5.166595,74,5528.16084
4.914976,68,5528.297933
4.430566,67,5528.431065
0.185805,99,5528.631391
100.411336,76,5528.784068
0.749568,62,5528.908064
2.37199,62,5529.029651
100.647765,59,5529.149454
5.507418,79,5529.309499
3.571558,87,5529.479085
2.484452,60,5529.601568
3.298066,80,5529.789139
100.999319,36,5529.857026
1.319478,90,5530.032523
4.464405,71,5530.16998
1.754895,76,5530.319386
0.670413,81,5530.479199
101.173722,85,5530.644676
-0.241227,142,5530.926781
101.407727,82,5542.261779
1.328642,88,5542.449171
2.882549,85,5542.61603
1.316109,74,5542.760756
4.025289,62,5542.882659
-0.369736,150,5543.17853
104.386425,59,5543.294705
2.378868,90,5543.472614
3.405818,75,5543.619916
1.66798,96,5543.809789
3.070536,71,5543.965548
4.859619,64,5544.094892
103.848674,59,5544.214468
100.497963,46,5544.305256
1.001425,107,5544.51853
3.258232,76,5544.669192
1.874635,72,5544.809743
1.463384,107,5545.021718
101.700173,42,5545.107432
2.69171,72,5545.244839
100.771368,83,5545.41691
5.110122,67,5545.549813
3.076224,70,5545.689907
3.265036,77,5545.842233
3.092804,65,5545.978609
3.949506,89,5546.159239
3.434418,67,5546.291162
-0.443468,100,5557.681523
3.760089,68,5557.816083
4.450714,64,5557.960528
1.689686,91,5558.140288
4.882831,72,5558.285733
3.997496,70,5558.426799
3.677777,100,5558.626508
1.35017,85,5558.797242
101.52543,68,5558.929204
104.086478,65,5559.056818
2.861565,76,5559.205365
102.307847,70,5559.343418
101.949716,46,5559.435147
1.906497,71,5559.576723
2.850394,81,5559.746823
2.672116,74,5559.891904
3.024715,87,5560.066718
104.254037,67,5560.202593
102.514585,56,5560.314711
3.645652,63,5560.437559
0.704388,76,5560.584387
4.608087,63,5560.718359
102.374183,76,5560.871451
2.123999,109,5561.088029
2.576774,104,5561.295521
100.84346,80,5561.456477
0.800951,111,5572.902471
101.134853,62,5573.029303
4.423651,117,5573.263361
2.369059,67,5573.39691
101.299763,59,5573.511727
103.720262,70,5573.650375
4.241418,67,5573.783281
0.200288,86,5573.962723
1.562199,68,5574.109858
4.313442,68,5574.244834
2.431722,61,5574.364528
3.696835,69,5574.500396
0.742285,94,5574.689868
106.063155,71,5574.827826
3.083342,86,5574.997803
0.125862,103,5575.201497
3.041939,72,5575.345484
101.411306,90,5575.521722
1.280347,91,5575.705172
3.126543,65,5575.832929
5.015596,71,5575.973479
4.287287,105,5576.186064
0.899754,78,5576.341513
105.279206,65,5576.469508
1.759484,118,5576.706111
-1.996839,158,5588.207114
4.46481,68,5588.351131
2.89906,98,5588.549667
101.709113,94,5588.734694
103.440449,68,5588.871484
102.770212,62,5588.993093
103.520093,60,5589.110333
2.95302,89,5589.287559
4.096164,77,5589.437165
103.328592,72,5589.579693
101.680358,51,5589.677951
101.501743,68,5589.814365
3.624997,66,5589.946352
1.262993,84,5590.113935
-0.354972,154,5590.425618
104.207087,75,5590.573601
101.557318,52,5590.674498
1.738909,69,5590.810405
105.202031,72,5590.951165
3.314033,112,5591.174828
1.09706,76,5591.330424
4.324221,68,5591.46383
1.273478,65,5591.594212
104.126207,72,5591.737063
4.662292,71,5591.877888
-0.2993,78,5592.03534
1.077395,72,5592.183399
2.077928,72,5603.548185
105.208033,65,5603.678203
-2.401869,117,5603.911321
0.194607,76,5604.066619
102.1442,79,5604.221929
103.375124,61,5604.346114
2.941523,85,5604.519115
1.392713,79,5604.691928
4.803722,62,5604.81409
2.06499,61,5604.93404
101.025775,38,5605.011272
2.988808,79,5605.174102
102.97019,73,5605.322239
1.110543,106,5605.529678
105.116717,62,5605.651327
103.177581,66,5605.782362
100.758378,67,5605.91873
2.269721,69,5606.05865
1.80363,81,5606.221051
-0.130826,116,5606.450064
2.818757,99,5606.64851
0.76143,86,5606.816978
1.165702,141,5607.096043
103.691986,72,5607.238466
1.129801,90,5607.419556
101.119958,48,5607.515102
102.608732,58,5618.858767
1.120848,70,5619.010254
3.913668,66,5619.143502
4.755603,66,5619.269855
102.382303,71,5619.412067
102.388549,52,5619.514744
104.799776,61,5619.636214
2.097496,66,5619.770716
1.66462,77,5619.92255
2.272566,69,5620.063785
-0.931653,171,5620.405157
2.27758,64,5620.531767
3.304664,76,5620.686759
2.968016,76,5620.837859
101.359441,59,5620.95583
1.994082,107,5621.171756
102.654276,64,5621.300427
5.829963,63,5621.431532
3.147134,75,5621.582615
3.414637,67,5621.718644
3.381464,100,5621.917078
101.091056,79,5622.076208
2.386905,75,5622.226155
1.273992,80,5622.384265
100.921896,66,5622.514533
3.367905,202,5634.111828
1.898681,87,5634.282071
103.949686,67,5634.413463
1.24107,62,5634.532597
4.635586,67,5634.671831
101.65743,68,5634.814688
104.489616,73,5634.958863
3.052213,95,5635.150964
1.475279,90,5635.327083
101.536705,81,5635.489513
2.709482,66,5635.623896
4.21828,74,5635.769887
3.161029,75,5635.920408
101.097833,86,5636.090767
103.778077,72,5636.237139
100.618904,44,5636.327463
3.048298,69,5636.463243
102.131753,59,5636.581441
1.265421,74,5636.727458
103.629043,70,5636.866542
102.27904,82,5637.024931
2.78478,74,5637.17057
0.419791,96,5637.368084
3.625248,101,5637.56665
101.372179,91,5637.746902
1.999135,80,5637.903848
100.705624,50,5637.998755
101.149532,101,5649.436194
101.125759,36,5649.507141
-0.785702,137,5649.790869
101.224775,123,5650.03542
1.302876,87,5650.208024
1.390113,62,5650.329914
-0.708724,91,5650.51437
101.3128,74,5650.657535
101.052563,68,5650.794919
2.3357,80,5650.951247
2.505338,72,5651.093148
1.912693,93,5651.278917
3.62841,70,5651.416082
103.130495,72,5651.557853
105.72971,66,5651.689537
3.924375,85,5651.857912
100.900003,74,5652.005051
1.942205,69,5652.140069
1.428349,101,5652.340962
1.438386,87,5652.512994
6.164818,67,5652.646928
102.411329,68,5652.781105
105.850547,64,5652.905127
4.905008,73,5653.052754
103.255179,73,5653.19988
101.627171,76,5653.3494
5.420367,70,5664.706196
1.819268,64,5664.833944
105.765123,75,5664.978561
6.021194,67,5665.112449
3.270354,92,5665.295054
1.128384,72,5665.440588
2.817014,72,5665.577097
1.75778,69,5665.717755
-2.761125,126,5665.984576
4.594921,83,5666.152117
1.499269,77,5666.305933
1.461464,64,5666.434324
100.452632,85,5666.606619
102.477962,67,5666.738086
3.529728,67,5666.870879
4.238927,69,5667.009386
2.802336,108,5667.22414
1.129419,103,5667.425289
1.607138,91,5667.609663
1.996569,77,5667.760064
2.656324,71,5667.894658
4.810903,74,5668.041657
3.117631,195,5668.425355
1.956117,68,5668.567608
1.502985,80,5668.726902
4.221667,74,5680.113232
3.642279,64,5680.240618
3.619674,69,5680.377833
4.482399,124,5680.620478
106.070699,77,5680.779645
101.403184,54,5680.890764
0.821611,101,5681.091321
4.240451,70,5681.232113
3.47517,63,5681.357213
2.06318,65,5681.484398
3.790446,74,5681.637691
-0.195521,80,5681.79758
5.566728,67,5681.92836
3.959415,67,5682.060668
0.470191,91,5682.242255
2.386324,91,5682.419552
3.921394,214,5682.849081
105.202171,74,5682.993603
1.327811,87,5683.165596
102.803341,66,5683.300502
3.457893,66,5683.433587
4.555923,67,5683.563847
1.283009,97,5683.75595
105.070287,72,5683.899327
5.756215,63,5684.027731
0.28575,67,5695.389127
100.779208,84,5695.553057
1.333341,86,5695.722911
1.448296,68,5695.860526
104.627028,73,5696.007407
3.794431,70,5696.148169
105.001365,71,5696.300613
101.945103,64,5696.433819
5.93262,68,5696.566537
101.569886,55,5696.679132
1.849399,67,5696.813187
104.144833,56,5696.934466
-0.399505,238,5697.400023
104.210677,66,5697.531705
2.34624,79,5697.687951
100.617214,50,5697.78915
2.956417,65,5697.914433
1.080091,93,5698.098282
1.016443,172,5698.449199
103.109212,52,5698.552967
-0.370872,86,5698.720573
3.779751,65,5698.850135
2.658383,62,5698.976106
3.706044,105,5699.182982
3.34703,69,5699.320626
-0.560039,137,5710.862425
0.794786,70,5710.998379
3.944837,106,5711.213202
103.720086,56,5711.329019
3.108873,83,5711.496919
2.443312,72,5711.63838
2.497778,155,5711.956359
2.566955,68,5712.0885
102.706399,72,5712.235546
2.440983,99,5712.435346
3.226694,72,5712.582913
4.027418,62,5712.709145
2.079503,70,5712.851926
100.676191,58,5712.970198
2.518074,75,5713.122713
1.090838,78,5713.290382
2.290523,86,5713.468177
102.585397,63,5713.602621
103.266671,66,5713.746536
104.353409,65,5713.880678
3.57905,79,5714.040342
0.492547,162,5714.36785
1.887621,72,5714.513977
1.252528,78,5714.669696
2.832217,67,5714.802728
102.910978,53,5726.099528
2.896611,92,5726.279014
0.76587,91,5726.46468
3.066163,69,5726.600981
100.897607,89,5726.785175
100.312628,64,5726.914598
3.451101,207,5727.352111
103.794437,69,5727.489455
1.884768,77,5727.642468
101.230674,68,5727.778779
-0.081187,78,5727.93696
1.505643,80,5728.094621
105.070525,64,5728.222393
101.798784,102,5728.423076
-2.080723,137,5728.69797
1.153338,83,5728.863255
1.217307,105,5729.06977
1.024493,97,5729.266477
-0.558225,105,5729.484298
1.481344,94,5729.68199
4.431176,72,5729.828359
5.081408,63,5729.957233
3.44048,77,5730.120047
4.121209,98,5741.590487
101.470896,101,5741.794248
3.196,66,5741.925546
1.425223,71,5742.073507
2.659286,68,5742.207449
4.768756,62,5742.330112
102.140623,60,5742.451099
102.071236,51,5742.563006
2.599917,67,5742.694051
100.369939,42,5742.779034
2.16426,85,5742.949027
2.59025,99,5743.146899
-2.118074,415,5743.968906
2.239732,87,5744.145114
101.308772,89,5744.322711
101.461406,71,5744.464514
100.144675,60,5744.583589
4.122504,63,5744.705978
0.704591,121,5744.94787
102.876465,66,5745.080356
101.010938,85,5745.248567
1.929409,69,5745.388118
4.402719,102,5756.792845
0.695662,97,5756.984481
1.218229,73,5757.12658
5.505697,61,5757.248176
3.226248,71,5757.38552
1.802228,65,5757.512432
5.543494,64,5757.639334
5.883044,66,5757.767452
2.806559,66,5757.896913
3.418271,64,5758.020715
4.590872,63,5758.148066
2.765951,65,5758.287578
100.767133,68,5758.425477
0.73281,96,5758.612569
102.893929,69,5758.746137
4.308134,68,5758.878077
2.521444,66,5759.009705
1.219423,91,5759.189269
0.093333,609,5760.388733
3.366118,66,5760.514218
4.204194,61,5760.638442
2.934052,68,5760.769768
4.753455,65,5772.180608
105.462963,69,5772.323177
3.868232,80,5772.4867
104.519065,59,5772.608647
3.293893,64,5772.741879
101.316497,75,5772.889369
2.53883,69,5773.024014
105.307283,61,5773.146762
103.474564,65,5773.271607
100.40993,75,5773.427748
2.90216,71,5773.572115
3.019954,67,5773.710396
2.576891,61,5773.835016
102.222046,74,5773.985092
103.724153,70,5774.132922
1.290471,74,5774.292818
3.440907,62,5774.419801
1.411396,70,5774.565543
1.40317,95,5774.764309
101.567606,81,5774.925817
4.428856,71,5775.06974
103.302911,66,5775.202652
1.253041,90,5775.382785
4.778952,62,5775.504715
1.519727,166,5775.843388
1.822815,70,5775.987401
1.011508,65,5776.125411
0.309251,136,5787.653936
1.798182,69,5787.797846
0.455226,95,5787.993655
1.965327,132,5788.268339
101.370307,47,5788.379386
5.348855,62,5788.504283
100.758055,81,5788.672674
105.797071,68,5788.809888
1.279512,80,5788.966284
-1.971657,129,5789.237714
3.00326,79,5789.403729
103.543349,65,5789.539221
101.952987,52,5789.644136
0.710515,91,5789.83357
104.955557,61,5789.962441
102.967032,58,5790.080661
4.225485,64,5790.212785
3.850979,109,5790.425993
3.602934,87,5790.594984
2.022366,199,5790.988842
5.455026,83,5791.153633
101.303274,82,5791.316757
3.423656,81,5791.479497
-0.702826,109,5802.889868
4.887612,67,5803.025049
3.533121,82,5803.198418
-1.483917,152,5803.500406
1.595364,103,5803.708776
101.119058,57,5803.823339
100.393295,51,5803.928411
5.460114,80,5804.091093
100.159339,68,5804.224624
4.96066,83,5804.388277
4.896678,69,5804.529629
2.369071,67,5804.687913
3.042463,62,5804.814946
3.723384,141,5805.095489
101.051292,50,5805.191916
3.319409,69,5805.329344
3.109796,186,5805.703178
-0.055039,183,5806.069214
103.513771,52,5806.172608
105.959188,68,5806.310827
1.666206,88,5806.486676
2.396258,70,5806.631011
0.660219,110,5806.848327
1.506418,101,5818.509659
4.832039,67,5818.643167
4.670679,62,5818.763558
4.577138,65,5818.910197
2.66029,75,5819.059342
105.226619,63,5819.186904
4.848568,85,5819.358196
100.758866,71,5819.503818
101.0948,99,5819.70208
1.997656,69,5819.839867
2.776428,87,5820.012203
105.961647,67,5820.145424
3.487548,66,5820.275537
3.212438,80,5820.437341
2.749149,78,5820.592132
5.564814,78,5820.744633
4.467062,65,5820.873915
5.108452,79,5821.029317
3.735322,84,5821.206095
102.095999,74,5821.351766
1.982262,73,5821.494464
100.791863,68,5821.629407
5.159336,114,5821.859689
4.233627,118,5822.091497
103.285073,64,5822.225839
2.334218,81,5822.388143
102.439762,72,5822.527046
2.721083,74,5833.877786
0.581286,96,5834.065855
-2.508064,132,5834.326139
3.82155,64,5834.454838
102.76564,71,5834.595189
101.460532,73,5834.740135
3.780608,70,5834.893588
1.150355,73,5835.046453
2.020952,90,5835.228785
0.285026,97,5835.426409
2.740338,68,5835.563708
3.896774,107,5835.778014
2.234072,92,5835.958239
101.316298,77,5836.112011
104.442687,64,5836.241595
1.570016,65,5836.371249
104.468371,66,5836.503033
105.418997,71,5836.646163
0.816609,67,5836.778243
2.239605,68,5836.915102
1.379289,79,5837.070967
4.033563,113,5837.299139
1.007446,138,5837.577544
101.074127,90,5837.753906
2.565468,61,5837.875825
100.97362,86,5849.339903
103.385818,53,5849.447428
101.697702,73,5849.605375
5.587507,64,5849.733513
0.858235,69,5849.86919
101.916182,43,5849.952935
101.406276,92,5850.133838
102.792096,49,5850.239155
100.573919,66,5850.374818
104.595175,65,5850.503957
1.659286,87,5850.675834
101.844617,71,5850.820339
2.326075,79,5850.976255
3.328379,65,5851.106781
-1.057785,110,5851.327179
0.090023,100,5851.523966
3.342176,66,5851.656762
100.579087,86,5851.824608
101.562944,66,5851.953809
101.234282,63,5852.081448
4.999348,76,5852.230151
105.050988,67,5852.361408
100.334845,72,5852.503018
3.168654,65,5852.633011
1.04363,74,5852.776934
4.8796,84,5852.943886
103.219796,59,5853.056093
2.056222,72,5853.203226
5.036708,70,5864.57342
105.138099,72,5864.714194
100.64675,76,5864.867976
4.414061,76,5865.018262
2.608221,83,5865.181792
105.891723,71,5865.326486
2.835755,63,5865.451468
3.590263,73,5865.603326
1.453866,91,5865.780912
4.778147,63,5865.906152
101.113125,82,5866.083583
102.216012,62,5866.204149
105.477342,68,5866.341625
106.011975,69,5866.475451
2.117079,69,5866.612628
104.643315,65,5866.746495
0.652944,105,5866.95458
3.341457,65,5867.08242
3.294281,69,5867.219322
4.948447,63,5867.342276
5.127753,69,5867.47976
100.430176,62,5867.601047
104.480454,62,5867.718782
4.942785,94,5867.902236
1.63458,75,5868.048448
101.723475,76,5868.196381
104.0798,57,5868.312243
1.350556,70,5868.450072
100.778839,97,5879.877893
1.707101,72,5880.038937
103.977889,74,5880.187132
102.854748,72,5880.325056
102.200506,75,5880.475229
100.45721,66,5880.610577
104.098277,59,5880.731913
2.174614,76,5880.888774
1.121271,84,5881.055346
3.866416,72,5881.1996
3.83391,64,5881.327278
3.268684,81,5881.49081
1.950604,62,5881.618424
101.022131,84,5881.787387
5.054583,66,5881.918456
3.952631,70,5882.059245
101.331775,73,5882.206694
4.671815,64,5882.333485
104.462527,59,5882.449389
0.687091,69,5882.591661
-0.432515,85,5882.762016
1.133896,72,5882.904841
1.339522,73,5883.051134
100.870485,104,5883.261377
101.672951,46,5883.35238
0.436905,87,5883.531287
4.532627,68,5883.666757
1.140148,71,5883.807252
2.462451,81,5895.194021
1.280506,127,5895.449234
2.374148,76,5895.599175
3.723403,79,5895.759546
3.252797,69,5895.896897
3.70841,71,5896.04645
3.907256,62,5896.180131
2.167576,64,5896.309649
3.58538,127,5896.556852
2.274036,63,5896.682769
100.651124,50,5896.783656
3.203319,80,5896.944555
1.265252,90,5897.125087
2.433735,69,5897.26284
1.847534,88,5897.437264
4.473043,66,5897.571796
3.062436,70,5897.709027
103.321715,71,5897.853883
5.077551,64,5897.984792
101.945918,44,5898.072839
1.1867,68,5898.206171
3.245049,94,5898.39561
3.286811,62,5898.516338
103.706209,59,5898.633158
3.143068,63,5898.753629
101.114987,77,5898.908374
0.992984,75,5899.056163
2.605571,61,5899.178649
1.010345,82,5910.540921
1.247117,105,5910.751449
0.780415,68,5910.896721
102.886122,64,5911.023149
101.924666,72,5911.167985
105.687533,69,5911.305233
3.857484,87,5911.482228
101.365177,68,5911.624444
4.663376,81,5911.786206
2.256247,87,5911.957153
101.058957,31,5912.019701
1.548185,72,5912.162511
101.040319,72,5912.306156
100.782797,82,5912.480545
1.000684,99,5912.67256
-1.132359,120,5912.911818
3.539403,79,5913.066726
2.705407,68,5913.21611
102.052267,70,5913.356926
2.153859,70,5913.497143
4.890108,62,5913.627534
5.427689,64,5913.754467
105.027413,66,5913.882164
3.00349,71,5914.024444
103.914294,71,5914.18195
2.185947,68,5914.315751
5.888666,81,5914.472378
3.89824,62,5925.772215
1.528799,66,5925.902377
3.860009,78,5926.05676
-1.95209,221,5926.508124
2.765923,105,5926.714724
4.535841,68,5926.848717
2.873859,75,5926.998069
101.042331,93,5927.181112
4.398201,80,5927.342393
2.122481,70,5927.483427
1.162751,80,5927.643257
0.798075,109,5927.860395
2.030473,71,5928.014501
-0.211384,111,5928.238404
1.297401,83,5928.404785
102.223445,66,5928.534937
5.164817,63,5928.662243
5.12727,62,5928.787112
1.610293,63,5928.915226
102.475351,67,5929.051147
101.767489,44,5929.136518
101.341063,79,5929.292629
2.315316,84,5929.463988
5.318487,69,5929.60091
2.228106,68,5929.747206
101.435057,145,5941.211353
1.494109,102,5941.409883
3.757819,64,5941.534073
100.882285,58,5941.668048
-0.754112,97,5941.863359
4.033995,82,5942.025002
1.980895,101,5942.227225
101.417214,89,5942.397845
1.190217,106,5942.609614
101.194824,110,5942.830949
1.983195,82,5942.99106
1.472104,83,5943.155497
4.190256,97,5943.351349
4.300027,89,5943.529727
3.781882,76,5943.680094
3.17976,68,5943.815162
106.075873,67,5943.951019
5.139116,74,5944.10172
101.476258,46,5944.19376
4.223611,82,5944.355849
4.364212,62,5944.479142
2.376771,63,5944.604137
2.463476,70,5944.740627
3.450075,65,5944.86978
-3.122798,233,5956.585448
0.758302,98,5956.790026
100.797836,57,5956.899733
1.717691,77,5957.056462
103.314368,54,5957.161418
3.451795,62,5957.28741
100.822781,73,5957.433066
101.56458,85,5957.617448
1.528676,71,5957.764011
3.430936,70,5957.912414
3.699261,64,5958.046431
4.287573,65,5958.1831
3.341241,77,5958.344286
101.343736,76,5958.499967
4.684142,65,5958.633846
4.086946,66,5958.771928
101.334924,92,5958.954564
2.561783,64,5959.087078
100.635389,87,5959.255527
2.475241,61,5959.378343
104.664069,61,5959.497645
5.072868,71,5959.637064
5.644105,64,5959.762915
2.263943,68,5959.895114
100.651622,43,5959.980562
-2.321814,135,5960.247751
2.773897,67,5960.378184
102.515013,77,5960.530121
100.433396,62,5971.877821
1.658905,75,5972.02844
102.21105,58,5972.144181
5.086012,77,5972.299096
5.893716,66,5972.428132
3.39816,74,5972.57437
3.070098,72,5972.734416
104.61178,61,5972.85735
103.403375,54,5972.9698
1.835423,62,5973.101845
3.093546,65,5973.230126
1.020593,81,5973.387165
105.101589,63,5973.516749
3.756292,106,5973.733255
5.041394,73,5973.882551
4.579984,142,5974.162299
101.182573,66,5974.292346
100.696594,234,5974.764581
3.531597,61,5974.887769
4.607964,63,5975.01574
4.355856,84,5975.186949
-1.998958,130,5975.447419
2.070921,76,5975.601163
101.24313,34,5975.672477
103.289141,57,5975.786443
2.077969,78,5987.118497
2.793859,67,5987.266215
4.280247,65,5987.39672
4.759354,78,5987.549277
2.567183,82,5987.712442
101.1636,75,5987.860709
0.876718,117,5988.096406
104.111954,68,5988.234363
3.287243,61,5988.35239
103.629266,67,5988.491877
100.993599,78,5988.645568
2.637672,68,5988.783759
2.888893,63,5988.911271
100.561393,44,5989.000157
101.429616,63,5989.124384
4.540912,77,5989.27581
-0.834777,87,5989.449776
100.536867,77,5989.602574
101.442011,69,5989.749963
101.557997,58,5989.861839
100.542531,46,5989.955998
100.596706,68,5990.087864
103.03015,60,5990.216742
1.864527,68,5990.348543
101.35813,129,5990.603281
4.249754,66,5990.737322
4.912055,73,5990.885517
1.40016,68,5991.018981
3.180288,66,5991.150087
0.170303,84,6002.535039
105.614253,63,6002.656154
5.462145,70,6002.792892
3.491318,67,6002.924433
1.793817,68,6003.062943
1.271481,84,6003.227615
3.877889,79,6003.406309
101.285594,90,6003.590557
102.397286,75,6003.737173
5.469197,79,6003.893956
1.487184,71,6004.02931
101.317855,101,6004.223577
2.039906,61,6004.345441
3.239252,68,6004.479671
2.26519,112,6004.701454
1.452975,85,6004.872842
101.147562,58,6004.986296
4.422054,82,6005.146588
1.55022,89,6005.324588
101.299121,55,6005.432847
0.836906,92,6005.615252
2.034519,94,6005.806485
101.977397,46,6005.897942
2.263742,80,6006.059163
0.751598,97,6006.247133
1.492255,73,6006.39272
6.099322,73,6017.832323
3.170821,72,6017.984117
104.89143,68,6018.117906
103.687269,67,6018.248689
2.301857,69,6018.388312
100.860835,40,6018.468155
2.802916,67,6018.604058
2.372545,68,6018.739216
4.647911,62,6018.863658
102.467007,69,6019.002821
-0.55546,183,6019.368797
100.372018,29,6019.425711
101.685477,81,6019.583149
3.120321,70,6019.721668
101.433805,79,6019.879486
4.776799,88,6020.066285
-2.346369,142,6020.344924
2.816404,93,6020.525994
2.174585,66,6020.651418
3.325586,90,6020.83004
101.230341,80,6020.990819
2.189052,73,6021.137072
100.651924,85,6021.301129
104.537598,62,6021.428083
104.160217,65,6021.55779
1.678589,74,6021.703131
2.766862,72,6021.842558
4.462951,64,6033.192487
0.760945,129,6033.443859
3.464142,77,6033.594338
100.456219,89,6033.771851
3.561871,71,6033.911183
2.654812,83,6034.090294
-2.347955,122,6034.332336
100.582076,87,6034.504991
5.987411,67,6034.636623
2.416751,68,6034.77038
101.577916,81,6034.929695
2.961412,71,6035.075251
101.394818,78,6035.225146
101.051009,79,6035.379901
2.119358,103,6035.581419
4.090322,69,6035.717917
4.824835,65,6035.846749
4.40332,67,6035.979743
-0.037734,1000,6049.195878
4.645259,65,6049.32429
2.790014,61,6049.465799
1.961856,70,6049.600391
4.580939,65,6049.72702
1.885084,94,6049.907656
6.100303,71,6050.046287
101.53237,76,6050.195597
4.077919,67,6050.324015
1.187145,84,6050.488367
2.349604,77,6050.643925
102.022969,58,6050.763589
1.558135,77,6050.923489
104.859536,69,6051.06664
100.943725,46,6051.160763
3.439223,65,6051.298503
2.12078,85,6051.477154
103.048138,58,6051.59763
4.658594,69,6051.73871
4.283806,65,6051.871664
3.015949,73,6052.024881
0.018629,80,6052.196109
2.979234,96,6052.397187
2.047141,92,6063.933404
2.448988,72,6064.089113
-1.010173,99,6064.291177
1.592937,89,6064.494769
5.744803,67,6064.636551
1.015328,68,6064.782454
2.765006,69,6064.932459
104.660741,62,6065.059298
2.337624,80,6065.230038
0.89271,93,6065.423069
1.519876,94,6065.615845
5.296078,64,6065.749552
0.593273,93,6065.943391
2.425684,84,6066.122156
2.122018,98,6066.328185
3.14032,66,6066.465455
3.380544,82,6066.63505
103.525131,62,6066.761724
1.077604,85,6066.937522
1.66136,68,6067.074975
0.665453,1000,6080.71233
4.85828,70,6080.861157
-0.170855,184,6081.253616
0.633726,105,6081.472307
2.790213,66,6081.610475
101.630313,74,6081.765652
102.586168,58,6081.886643
2.197681,70,6082.030488
104.04207,68,6082.168996
4.993454,71,6082.312593
2.098036,86,6082.493739
101.321415,118,6082.738903
3.586165,71,6082.884191
2.0611,66,6083.023354
105.23235,62,6083.151938
1.85202,92,6083.342424
2.597893,69,6083.47831
3.70775,69,6083.621972
101.702074,77,6083.776884
105.959319,68,6083.931206
3.572855,74,6095.25733
100.201143,64,6095.388163
101.181473,80,6095.553403
101.794099,58,6095.669539
2.694451,69,6095.812799
4.179305,74,6095.966864
100.822683,85,6096.144329
3.323508,73,6096.307676
3.397506,80,6096.473792
4.002488,62,6096.604431
5.79515,74,6096.764246
102.411083,76,6096.927725
2.191251,78,6097.088808
-2.672181,192,6097.491173
2.662051,63,6097.619821
3.586076,65,6097.753712
101.57531,49,6097.851775
3.645828,67,6097.984862
4.234603,81,6098.141725
101.03047,71,6098.290012
100.639629,74,6098.438496
4.584717,72,6098.580861
104.966646,67,6098.714689
4.808658,65,6098.850047
1.017196,78,6099.004691
2.539031,66,6099.137089
101.650549,74,6099.287939
101.645525,103,6110.698051
-2.086363,129,6110.976303
3.604123,99,6111.183361
101.377196,77,6111.342383
105.735539,62,6111.474105
4.039718,71,6111.623341
5.47525,67,6111.772052
103.380136,63,6111.907052
100.554673,34,6111.973576
2.996421,69,6112.110607
2.038315,101,6112.313325
2.670927,68,6112.449954
4.90859,70,6112.588343
3.781191,65,6112.716277
101.469691,69,6112.852666
5.348995,64,6112.982863
3.789931,83,6113.148009
-0.494053,73,6113.292847
2.115113,78,6113.45397
2.503247,96,6113.641586
105.284906,66,6113.775486
4.781459,66,6113.908353
104.093122,57,6114.018992
0.752124,79,6114.182174
2.684882,90,6114.36773
101.069534,79,6114.525483
5.884993,66,6114.654849
-0.702667,57,6125.997365
3.073417,74,6126.141968
100.643637,77,6126.293969
102.585699,79,6126.453809
1.055511,62,6126.580124
-0.146889,99,6126.776566
101.561372,83,6126.95723
0.948437,104,6127.169303
2.414487,74,6127.315955
5.651457,63,6127.443834
-0.559742,120,6127.682343
101.407576,127,6127.932165
1.680304,76,6128.083147
0.932855,66,6128.220547
3.389548,97,6128.416646
4.309179,85,6128.586903
1.153179,64,6128.713099
3.512393,80,6128.871109
0.579711,91,6129.055976
104.617616,56,6129.166794
4.12687,68,6129.301607
4.132011,66,6129.430076
101.765052,71,6129.57029
102.796878,67,6129.704942
3.873018,62,6129.829264
4.471216,66,6129.961088
0.722631,91,6141.341001
2.941814,100,6141.53818
2.426464,81,6141.711326
0.213994,112,6141.938406
1.289501,84,6142.104801
101.946711,76,6142.252624
101.601275,77,6142.4035
0.886546,1000,6144.395821
3.651669,68,6144.529141
100.534367,50,6144.627997
101.512219,82,6144.790895
101.292818,60,6144.910329
1.340687,79,6145.067073
104.112627,58,6145.182749
0.186717,92,6156.630631
101.162269,61,6156.767565
2.59621,80,6156.927839
4.752551,69,6157.065002
2.886827,70,6157.202326
2.853734,75,6157.351339
102.687938,46,6157.440254
102.269986,66,6157.573812
101.824456,89,6157.747689
-0.177002,99,6157.940526
100.535663,79,6158.093894
1.702471,96,6158.288136
103.126614,59,6158.405617
2.398041,89,6158.582165
1.005683,73,6158.725552
101.990038,46,6158.817978
105.435263,67,6158.952296
2.346056,65,6159.079341
0.849956,65,6159.205973
2.376221,68,6159.340863
3.582688,60,6159.457604
4.402407,70,6159.597212
3.67456,62,6159.722216
100.213644,65,6159.849549
0.976848,120,6160.088527
100.266566,18,6160.126822
102.690828,68,6160.266844
0.990233,103,6160.472138
100.491405,78,6160.627652
0.306554,171,6172.218115
104.578722,62,6172.343227
2.522003,68,6172.477802
2.347626,62,6172.608857
101.78947,82,6172.771481
-0.285871,84,6172.95128
2.141487,92,6173.132999
2.481229,67,6173.271569
2.406583,66,6173.410692
3.598613,68,6173.542502
0.485469,127,6173.801212
1.90927,89,6173.976611
3.571819,75,6174.1265
3.60746,71,6174.268625
2.847631,66,6174.399084
2.800639,61,6174.520205
103.744361,55,6174.633326
3.21783,61,6174.751669
3.523823,61,6174.87448
2.742005,68,6175.010848
104.167954,60,6175.128074
3.836979,62,6175.250769
102.660182,51,6175.35268
1.915587,93,6175.531573
101.418623,71,6175.674495
101.216114,93,6175.861449
3.564527,110,6187.282233
4.182115,64,6187.405718
101.692435,98,6187.594976
4.896425,70,6187.732135
4.564917,83,6187.917673
3.692952,68,6188.050745
1.915808,81,6188.214174
101.014352,109,6188.44052
100.478695,70,6188.57854
3.631987,94,6188.762456
0.960042,88,6188.939911
1.293027,82,6189.102509
5.918398,78,6189.258232
2.40023,71,6189.398882
5.244618,69,6189.53553
102.225338,68,6189.671595
1.248734,117,6189.905026
1.354619,85,6190.07228
5.405906,69,6190.211266
-0.134995,138,6190.485603
4.633289,70,6190.626427
102.846838,60,6190.742336
2.28393,66,6190.874044
105.956685,71,6191.015917
1.374136,125,6191.287205
101.041853,90,6202.66581
2.64255,67,6202.796813
102.598609,45,6202.885268
1.913197,64,6203.013485
1.278205,86,6203.187726
4.192484,63,6203.331026
2.438519,75,6203.4808
102.696317,79,6203.63447
101.30759,105,6203.840983
-2.384215,397,6204.628422
101.880171,75,6204.786295
4.040237,86,6204.956216
-0.484552,65,6205.085218
2.94978,88,6205.25926
100.891352,80,6205.413511
1.062765,109,6205.629721
5.019905,71,6205.769515
100.508705,60,6205.889857
4.906929,64,6206.016495
-2.21071,136,6206.285827
1.614061,83,6206.447461
101.120277,67,6206.580273
102.024311,50,6217.881272
2.805715,73,6218.02796
102.293612,69,6218.180691
1.156314,93,6218.361852
5.405787,85,6218.537857
4.535624,62,6218.65908
101.517333,81,6218.817498
104.525452,69,6218.956069
1.850477,84,6219.129283
4.216452,66,6219.263672
2.386783,76,6219.412846
4.148963,65,6219.543401
1.31681,106,6219.756478
3.374398,71,6219.897876
101.094639,75,6220.047289
2.872446,91,6220.229812
105.675465,83,6220.394296
105.963127,66,6220.527207
100.889327,77,6220.678209
4.250374,78,6220.831827
101.102151,35,6220.903539
3.981235,64,6221.029562
4.795434,102,6221.240011
3.234542,67,6221.376235
3.05049,71,6221.516706
2.902148,70,6221.65731
3.013463,68,6221.791593
3.594412,80,6221.950135
101.575019,75,6233.347175
2.628774,81,6233.506724
103.938485,54,6233.61858
101.836571,84,6233.794609
101.155359,120,6234.041491
4.990366,87,6234.230113
105.423179,60,6234.357288
2.553378,63,6234.490359
-0.560921,144,6234.786903
2.551592,69,6234.924298
101.892909,65,6235.055366
5.126851,69,6235.190574
1.616713,80,6235.354169
103.613144,52,6235.464196
101.166042,108,6235.68777
101.41114,63,6235.816734
102.443612,70,6235.9629
0.979975,114,6236.200138
3.986647,65,6236.337406
1.91635,72,6236.484221
104.267262,68,6236.624775
3.521952,69,6236.766928
4.607852,76,6236.914055
1.865343,86,6237.081665
4.826114,64,6237.211589
104.377585,67,6237.341274
102.109857,71,6248.706536
3.448808,66,6248.833692
4.162823,66,6248.967742
2.361976,86,6249.150418
101.467614,81,6249.309532
3.174598,61,6249.432773
3.073087,67,6249.56194
3.188093,66,6249.689527
4.536888,75,6249.835597
3.2644,68,6249.972081
103.330744,51,6250.075868
2.947626,81,6250.251586
104.190604,62,6250.380223
4.719174,62,6250.515075
0.012135,119,6250.750538
3.858091,71,6250.8888
101.288654,81,6251.053485
104.004432,65,6251.189901
5.46626,63,6251.32287
103.33046,68,6251.46542
0.322227,106,6251.684067
1.624425,60,6251.808328
3.422593,97,6252.011547
2.647704,76,6252.170315
3.185239,85,6252.345505
3.205241,83,6252.519178
-0.06139,170,6264.13854
2.718588,86,6264.327727
0.310382,69,6264.470467
2.551709,61,6264.594934
4.363343,78,6264.754239
4.43376,81,6264.923449
-0.723772,57,6265.039881
3.473098,64,6265.174519
100.07389,51,6265.28116
101.210647,43,6265.372267
4.695803,63,6265.501045
3.832745,74,6265.653988
0.819153,96,6265.850723
1.930651,97,6266.044804
1.799055,70,6266.182113
0.066174,421,6267.023011
-0.033494,120,6267.263131
1.003877,69,6267.397894
1.092992,88,6267.578146
1.67168,100,6267.772972
3.374038,82,6267.93682
102.555808,71,6268.078001
105.524377,61,6268.200633
