#{"t_start": 1759995047.1993833, "env_id": "CustomLunarLander-v0"}
r,l,t
-2.473674,106,0.785354
-1.890997,105,0.983719
-0.772925,108,1.187673
-0.184665,108,1.389788
-0.147933,116,1.607113
-1.153981,116,1.843356
-2.081904,91,2.019245
-1.571436,99,2.213603
-0.32687,95,2.392422
-1.980904,120,2.620523
2.581131,111,2.842384
2.622957,103,3.047563
-2.492987,94,3.228281
-0.659826,110,3.445482
0.119388,114,3.677068
-0.10038,129,3.944214
-0.608639,110,4.153079
0.708068,113,4.37046
-1.955418,123,15.661918
-1.147252,87,15.850247
0.054802,112,16.073088
2.705436,93,16.254874
-0.81011,95,16.439805
0.254761,95,16.623701
0.548066,112,16.841707
2.688557,84,17.006468
1.594986,104,17.205914
-0.200853,110,17.415751
2.57434,100,17.610621
0.673122,91,17.785176
-1.258868,101,17.978933
1.475939,97,18.163531
1.660878,100,18.355594
0.594835,97,18.54391
-0.237276,80,18.698894
0.58929,113,18.914041
1.794644,89,19.085343
1.771371,106,19.298314
0.319681,108,19.513374
0.080489,100,30.687099
0.544324,81,30.846771
-0.661497,98,31.041149
2.358989,125,31.29165
-0.205044,915,33.161546
0.328538,93,33.346465
2.820113,92,33.52792
2.133962,90,33.709808
1.076061,92,33.902085
2.71842,84,34.062085
2.820226,83,34.222553
-0.639109,95,34.402182
1.036054,105,34.601934
2.732944,86,45.826662
2.490084,76,45.995161
2.041699,87,46.171009
3.751232,87,46.346369
2.643449,91,46.528669
-0.217363,93,46.718892
2.503032,93,46.900598
0.589094,92,47.074597
2.094322,84,47.233894
0.614249,86,47.401804
4.564467,81,47.555489
3.547513,86,47.719803
-0.332295,98,47.905532
2.628655,78,48.052663
1.097564,97,48.238726
3.604678,90,48.4132
1.985456,92,48.586182
3.782451,85,48.749974
0.105312,112,48.967525
0.275891,90,49.141867
-0.410595,96,49.325422
-0.71171,107,49.527689
-0.476068,102,49.720901
0.241819,108,60.930956
-0.40541,99,61.124899
1.126649,110,61.342437
0.296522,90,61.517658
2.723947,78,61.6701
-0.544088,84,61.838664
4.308546,82,62.010872
4.074248,92,62.190662
3.119545,82,62.351777
2.948705,71,62.488009
2.87777,80,62.645792
3.352175,72,62.788795
-0.263606,88,62.9607
0.699033,89,63.134623
0.955327,81,63.294474
0.122819,93,63.48103
4.260958,82,63.64322
3.12065,75,63.801583
-0.079936,94,63.98964
1.837689,92,64.170222
1.971799,82,64.330611
0.657916,79,64.485373
2.475919,78,64.637339
0.506587,94,76.056548
2.323042,87,76.227333
1.048857,77,76.374518
0.909217,83,76.537993
3.613719,89,76.710099
3.900489,88,76.882564
-0.753244,126,77.130233
3.033027,81,77.288348
0.615267,94,77.485694
2.735937,74,77.629772
4.208057,72,77.771361
-0.669453,95,77.953851
1.175257,81,78.109555
0.162873,96,78.297879
0.423585,95,78.481522
4.388051,78,78.63164
3.735567,76,78.77983
3.256569,78,78.933671
4.187061,96,79.130898
2.503336,74,79.273502
2.548389,86,79.440202
5.984478,79,79.590155
0.745226,105,79.79578
3.86844,77,79.944666
3.922738,77,91.097975
2.520548,76,91.246551
-1.003422,104,91.44675
0.07568,113,91.677172
2.689909,85,91.846805
3.786586,73,91.987166
2.744117,81,92.149209
1.541083,86,92.32172
1.905094,79,92.480724
0.578788,93,92.66356
4.284381,83,92.827404
-0.526825,133,93.085896
0.094401,116,93.317086
2.950986,78,93.469755
0.543625,141,93.757434
4.689154,80,93.916384
5.160238,90,94.091951
-0.011347,82,94.255324
3.017922,87,94.428111
4.104486,71,94.56847
0.559487,88,94.745357
3.698787,89,94.919456
5.037645,75,95.064456
3.673166,73,106.261424
2.56286,71,106.402282
0.753524,82,106.563948
3.480927,110,106.785318
3.50016,76,106.936391
-0.782409,102,107.140936
3.731235,73,107.29345
104.92817,73,107.438833
-0.254061,136,107.710028
1.900632,88,107.886764
0.218611,94,108.073639
0.517066,76,108.225803
0.318465,100,108.42563
6.290054,80,108.590111
-0.44544,99,108.784565
3.091675,79,108.944187
-0.44204,101,109.144572
0.302709,118,109.380442
1.788808,87,109.553788
0.029196,103,109.759831
0.123327,91,109.958056
3.48645,75,110.105473
3.47268,97,121.305494
4.636128,78,121.464183
4.51107,83,121.631164
3.129771,77,121.780897
5.592569,83,121.961516
2.247691,83,122.129507
1.708989,67,122.262569
1.259538,90,122.444326
1.326049,78,122.603111
3.997844,78,122.759081
2.510386,93,122.946504
2.204117,74,123.095175
5.381161,83,123.26168
4.980279,76,123.413853
3.706322,94,123.613974
1.242573,81,123.775387
2.433608,71,123.924919
4.279747,69,124.063218
3.126735,76,124.216812
0.622405,83,124.382758
-0.650167,106,124.599502
4.233536,72,124.74652
5.167192,72,124.894977
4.180508,80,125.072686
1.397691,76,125.223579
3.421797,76,125.37453
3.632316,71,136.573597
1.186895,78,136.726962
5.577214,79,136.902788
2.520854,69,137.04121
2.80661,76,137.192647
4.520573,99,137.392178
4.376476,83,137.555296
-0.305609,123,137.797029
3.480173,69,137.930528
-0.465954,122,138.171938
1.211156,95,138.364867
1.402216,115,138.608396
4.176059,68,138.74452
4.551972,71,138.88585
2.280136,75,139.033694
1.888619,74,139.177856
3.265481,74,139.323261
-0.865625,123,139.564169
0.376232,124,139.80447
101.408035,78,139.97254
1.675666,91,140.152907
1.811053,78,140.308577
-0.153728,90,140.483876
4.676113,72,151.668184
-0.368977,115,151.906066
1.352227,82,152.064532
1.708829,82,152.222947
2.812087,74,152.366177
0.789906,73,152.507308
2.245468,80,152.663777
3.089982,70,152.805702
1.954421,72,152.947392
1.870938,68,153.082005
-0.948622,144,153.365651
1.141587,83,153.532266
1.471345,80,153.688953
2.866318,88,153.863913
3.9053,75,154.009924
2.48085,83,154.171988
2.811419,71,154.310991
3.466517,81,154.46855
3.666027,86,154.637244
0.595673,93,154.820577
2.613762,83,154.983705
1.314782,86,155.150828
0.169848,100,155.351943
2.482388,76,155.502826
0.948579,104,166.711579
3.297,74,166.857291
0.463283,76,167.0072
2.020074,71,167.148163
3.330314,70,167.291064
0.454002,117,167.523024
3.471848,76,167.674682
5.334852,79,167.833029
3.027791,77,167.990793
0.89322,73,168.137187
-0.267253,98,168.345792
0.289863,86,168.515764
0.473156,92,168.700504
4.421581,79,168.861073
0.498336,98,169.052492
0.623771,98,169.246331
1.709685,97,169.44057
3.754728,102,169.646614
3.369368,70,169.78362
2.718681,77,169.947233
1.637353,76,170.101109
3.292735,79,170.257332
0.610236,109,170.475529
5.373893,75,170.623667
1.758196,97,181.851518
0.106741,117,182.077751
3.445431,71,182.219305
1.120921,89,182.394051
-0.78104,91,182.569546
-0.66255,110,182.786051
101.167645,48,182.880069
3.645659,76,183.026008
1.740269,72,183.165843
1.007226,84,183.345939
3.192371,71,183.485523
0.132894,78,183.6403
-0.665725,198,184.031213
3.399959,74,184.181244
4.15328,69,184.312588
2.774565,80,184.471831
-0.949383,104,184.679165
1.812222,83,184.83954
2.453856,78,185.007144
3.562515,76,185.157925
0.174542,92,185.33777
-0.119641,85,185.503504
4.791969,70,185.638894
3.183504,88,185.809605
3.202676,90,196.974796
5.145672,74,197.122633
2.712047,77,197.280695
0.213019,95,197.465888
3.83183,72,197.607567
3.490208,80,197.768333
3.36772,79,197.924552
1.517119,70,198.067595
3.595404,86,198.247155
0.795871,88,198.429164
0.379087,118,198.664555
3.621599,70,198.804235
3.596217,76,198.95878
3.671806,74,199.105496
4.801087,66,199.23691
2.586954,71,199.378472
2.793331,71,199.520071
3.383563,70,199.660126
3.083729,70,199.816757
3.546344,74,199.966509
1.342943,72,200.108183
103.835483,63,200.232213
0.00865,105,200.438252
4.027485,74,200.585395
1.915321,87,200.758388
3.47633,76,200.910851
1.018756,99,212.110665
0.34876,82,212.272768
1.505869,99,212.466766
1.531078,82,212.633833
4.134378,70,212.771382
5.689127,83,212.931543
3.219171,74,213.079574
1.908015,74,213.225001
0.78806,73,213.36753
1.766265,70,213.517927
1.410687,145,213.80798
3.919075,94,213.993832
2.135856,79,214.15255
4.506254,77,214.305351
4.748812,73,214.452088
1.718002,97,214.653028
0.427222,106,214.863339
3.094003,68,215.002259
4.088763,77,215.178573
1.092767,82,215.343074
0.384734,116,215.577173
3.776249,72,215.721282
3.945322,71,215.863337
1.720032,74,216.012788
1.944347,75,227.343353
1.85152,74,227.493551
-0.197309,110,227.712538
5.96188,73,227.856243
2.981548,75,228.008027
-0.82517,108,228.226277
106.026662,71,228.371089
3.507815,87,228.547822
0.57295,126,228.795697
4.178056,66,228.929915
3.140611,96,229.123095
-0.379949,273,229.666723
2.852198,70,229.801796
2.882406,89,229.981354
2.351679,68,230.117444
0.959116,98,230.310837
3.038877,86,230.482732
0.087613,93,230.675362
2.66761,67,230.804474
2.379574,67,230.937588
0.308491,96,231.126107
2.668305,65,231.253707
2.891767,79,242.517376
2.785841,70,242.658982
0.810766,101,242.858699
1.265437,76,243.008552
1.586589,69,243.144841
5.448489,74,243.291621
1.575123,75,243.454118
3.220341,70,243.601563
-0.651539,107,243.813335
0.808742,98,244.00574
2.887997,73,244.147107
2.623415,72,244.285565
2.908937,71,244.425268
4.716381,75,244.573205
1.920064,73,244.716142
4.771243,67,244.848017
0.807325,72,244.987767
3.480248,68,245.134807
5.1629,74,245.279076
2.895143,81,245.439338
2.369933,75,245.587871
3.702606,76,245.736099
1.498955,100,245.932301
1.516154,81,246.094792
4.58098,72,246.240554
0.880307,96,246.427557
2.48989,75,257.643464
0.377167,104,257.853517
1.46851,87,258.027389
3.635497,74,258.173683
2.509583,71,258.317888
-0.345586,98,258.50788
2.41242,77,258.666733
5.223673,73,258.812886
2.754588,70,258.968217
0.748294,116,259.202989
4.228569,72,259.346949
3.480318,80,259.509149
0.807536,89,259.68694
-0.045619,98,259.883603
1.817627,73,260.029661
3.523205,88,260.2061
3.2123,69,260.346435
3.647544,135,260.631719
3.765997,82,260.797028
4.24721,69,260.931033
4.000192,71,261.073105
3.50765,77,261.221574
0.993046,72,261.362474
2.623204,65,261.489255
5.147435,74,261.648952
4.110053,69,272.868778
3.840228,69,273.004988
0.826413,140,273.284509
4.179184,63,273.409256
4.434631,70,273.563708
3.400676,78,273.718277
1.041995,82,273.881811
3.113265,72,274.02814
1.932751,75,274.177341
3.011796,76,274.329732
2.428275,70,274.472758
3.315084,76,274.62292
2.351396,69,274.764212
0.530162,86,274.939643
5.289535,68,275.08953
0.254398,84,275.258759
5.664499,65,275.387515
2.055865,91,275.573269
2.238087,126,275.825066
2.565025,68,275.961599
0.855666,76,276.11264
-0.429544,89,276.287813
3.475614,67,276.438259
0.517039,89,276.616099
3.340928,65,276.745753
1.356362,69,276.885815
-0.180119,210,288.374363
2.912501,70,288.51015
-0.083229,126,288.759761
5.045784,68,288.895962
2.885484,69,289.029195
4.047237,76,289.185778
2.011548,74,289.328264
0.63026,95,289.519825
2.344496,69,289.653157
101.231348,97,289.852732
3.662924,66,289.979479
4.511551,69,290.120299
0.568041,88,290.311295
0.891217,75,290.471602
2.923508,66,290.61947
5.077627,68,290.756605
5.193996,74,290.902786
0.977676,80,291.064235
-0.421811,81,291.236465
4.52211,71,291.379782
0.402538,81,291.546298
3.906008,77,291.697675
4.55188,71,291.840091
2.620768,69,291.980958
4.063286,70,292.120386
1.066946,100,303.814844
0.914118,118,304.045283
2.564352,81,304.203267
4.787724,68,304.338617
1.357412,80,304.49519
1.521793,96,304.699623
0.4212,100,304.903092
0.156284,81,305.06022
-0.529806,118,305.29649
0.4501,378,306.042134
4.998653,71,306.184835
2.985221,69,306.343487
2.532299,82,306.523828
0.028912,102,306.741273
3.400008,72,306.885248
3.889547,69,307.025537
0.339685,79,307.185538
1.951298,68,307.324257
3.906675,67,307.459353
2.182808,84,307.628056
-0.140173,77,307.786859
2.754233,68,319.615695
0.055822,107,319.827452
0.196575,93,320.012373
0.235814,93,320.205869
4.005815,69,320.342292
3.786503,83,320.507216
0.285909,139,320.782283
0.530529,84,320.947344
0.696411,85,321.128011
4.330693,74,321.27506
3.294869,69,321.411778
0.23972,88,321.583061
3.765065,72,321.72296
3.792723,66,321.852101
101.282269,156,322.159409
-0.649203,91,322.349021
3.83103,65,322.479726
3.371146,87,322.65306
3.97404,81,322.811112
-1.166551,114,323.032849
4.106456,77,323.178941
1.951308,69,323.321474
1.105703,84,323.495123
3.793115,68,334.74647
3.674371,71,334.899082
2.833142,67,335.028819
3.610946,65,335.154349
4.423813,70,335.289874
3.686074,68,335.422776
0.60687,107,335.62711
1.496515,78,335.781141
2.034006,70,335.917403
3.4231,63,336.043279
2.0337,72,336.182983
3.520656,73,336.328443
-0.862591,188,336.707866
2.460802,80,336.868086
3.983983,68,336.999781
0.411222,85,337.164219
0.926851,92,337.341669
1.495363,72,337.481198
3.781906,86,337.650668
0.580006,83,337.81348
4.272644,81,337.984482
5.04899,71,338.125946
-0.394612,80,338.277699
2.737915,70,338.415878
4.052662,74,338.560433
3.71985,69,338.695771
1.386765,74,349.85231
2.772213,80,350.007277
5.459476,67,350.138702
2.546878,65,350.270413
2.432417,69,350.430772
2.742181,65,350.568268
1.473298,71,350.707238
3.328885,68,350.844324
1.212118,81,351.003684
1.080387,81,351.161421
3.528602,65,351.288349
1.781106,70,351.426254
0.685778,106,351.636961
0.381852,115,351.86148
3.90053,79,352.027757
1.39309,85,352.195105
0.023575,85,352.361286
2.138735,70,352.497126
-1.541191,213,352.912754
5.14066,66,353.042503
2.677093,71,353.181034
0.49509,77,353.334453
3.95821,69,353.483887
102.274455,65,353.61052
3.141126,69,353.746536
2.217164,65,364.904542
1.421701,84,365.071592
1.158079,107,365.280644
0.544743,87,365.452222
3.112924,71,365.590496
5.073278,68,365.723459
3.164383,69,365.871499
0.489527,88,366.064252
-0.297781,88,366.238366
2.562195,86,366.41035
3.353319,64,366.536233
3.107169,66,366.66678
2.164923,84,366.831372
4.486378,69,366.970163
1.463756,74,367.123188
4.156491,69,367.266321
0.807312,86,367.442596
3.172346,65,367.587584
1.819714,79,367.75235
1.081373,94,367.946049
4.797977,69,368.086921
2.385871,85,368.259356
3.801438,74,368.408043
0.576293,92,368.59723
4.022946,72,368.750651
3.978904,69,368.893392
4.051684,75,380.094813
4.258565,69,380.233733
0.584194,96,380.428505
0.319012,94,380.617074
2.107905,70,380.755165
2.081719,73,380.901708
5.538453,77,381.060166
4.097014,76,381.220019
5.873575,72,381.377957
-0.504815,92,381.557617
101.976158,83,381.721752
2.72457,70,381.857777
2.323039,71,381.995523
2.295398,81,382.155211
1.751847,86,382.323873
3.466165,73,382.466693
4.430181,75,382.616818
1.333329,75,382.772166
-0.505363,140,383.062576
4.404963,67,383.191881
3.761801,80,383.351738
2.906304,68,383.487342
2.963028,66,383.616252
3.961933,66,383.748669
-0.744043,926,396.670769
2.698788,77,396.824221
0.972852,99,397.023599
5.439101,68,397.162596
1.033745,82,397.338253
0.525729,105,397.551665
3.222676,68,397.68884
0.182134,96,397.879272
104.660197,66,398.011866
3.173829,82,398.172723
1.545688,79,398.329494
5.441426,80,398.499889
4.966271,69,398.636438
1.550653,70,398.773229
2.621596,70,398.910203
3.425832,81,399.067596
3.712201,67,399.199504
1.311971,71,399.338244
0.467657,90,411.060331
0.9564,90,411.239888
1.111675,73,411.38887
3.673877,77,411.560703
2.709934,65,411.695296
1.996817,70,411.839914
3.61362,67,411.975999
4.39055,66,412.116385
5.716193,66,412.256877
1.249557,79,412.41859
1.030706,79,412.574363
4.023429,71,412.712826
2.179133,67,412.841737
3.526365,67,412.977062
3.308164,67,413.129463
4.20503,66,413.268399
1.73547,73,413.418333
3.591254,70,413.562793
3.254834,72,413.710137
0.687907,78,413.868618
2.868594,88,414.038947
3.624559,68,414.17275
2.901394,69,414.304917
4.336891,71,414.444797
4.331408,73,414.590756
-0.682618,91,414.785965
2.747422,66,414.916624
-0.80005,420,426.929095
-0.129383,82,427.090986
1.013777,87,427.273893
2.447542,86,427.499691
0.159719,87,427.682233
1.811782,69,427.84214
-0.017022,156,428.231853
-0.491048,107,428.448297
0.515108,95,428.673241
0.879852,75,428.853646
0.771929,71,428.995021
4.108279,69,429.150489
5.584617,65,429.276986
3.957132,70,429.436236
4.543228,64,429.564805
0.976858,110,429.78497
0.130988,171,430.144753
-0.522183,121,430.40947
2.103463,89,430.5842
0.062378,89,442.56555
2.408508,72,442.701945
4.912867,72,442.845137
1.475759,74,443.007614
5.424343,75,443.160609
4.102716,100,443.363339
2.840152,71,443.508484
0.274501,1000,445.556959
0.540979,121,445.791426
2.714111,66,445.921674
1.347949,76,446.075576
3.772377,73,446.221302
3.177094,66,446.36949
2.958296,65,446.503563
1.679624,100,457.918662
4.062297,72,458.067347
0.338344,80,458.232539
2.83932,70,458.378391
3.14515,77,458.539288
4.667408,70,458.693377
1.266737,76,458.847504
3.151038,75,458.999689
-0.054126,93,459.190943
4.554813,65,459.324484
0.501823,81,459.489848
4.5397,67,459.628983
3.286947,73,459.778417
2.511176,93,459.960987
4.666058,73,460.113176
0.027572,87,460.285596
3.326508,66,460.426837
0.976591,80,460.587004
1.78538,70,460.725163
1.203877,96,460.910803
2.268016,94,461.09514
-0.947301,269,461.61808
2.952671,68,461.752239
0.121463,89,461.936835
4.371596,69,473.082995
1.952857,71,473.228946
2.818792,71,473.372473
3.517108,68,473.508366
2.770905,68,473.649189
4.156426,74,473.799427
0.639291,84,473.973578
0.468182,78,474.138289
3.629159,69,474.27994
4.804546,63,474.410666
3.930655,68,474.546687
0.021598,103,474.769058
4.573729,73,474.913799
2.481882,61,475.032698
3.94287,74,475.180568
1.483371,81,475.33572
1.353312,73,475.476285
1.146355,76,475.624287
1.913611,73,475.764208
3.665632,73,475.909792
3.869066,66,476.041726
1.238375,73,476.188472
4.10834,67,476.324008
1.238367,92,476.518376
0.152094,137,476.78075
4.152517,80,476.938082
2.010908,69,477.0714
1.086657,89,488.865807
-0.034386,95,489.052291
0.231462,81,489.206909
3.061389,79,489.361435
3.319922,90,489.538028
4.160977,72,489.691688
3.373753,72,489.833029
1.462709,67,489.967707
5.57225,65,490.094613
3.441922,69,490.227674
1.492717,89,490.400179
0.695439,79,490.554424
1.152589,73,490.693492
4.692237,67,490.823915
2.794573,69,490.95866
0.813608,81,491.117661
3.703385,72,491.256459
1.561196,76,491.41968
4.033464,70,491.557003
4.009296,71,491.69948
4.939908,71,491.842486
4.960045,76,491.990985
5.036058,69,492.128371
0.277502,79,492.284184
2.3987,70,492.423104
0.383707,90,492.600266
102.666646,64,492.724323
1.514809,100,503.955359
5.4137,71,504.096519
0.940389,79,504.255213
4.95308,63,504.380131
2.900682,73,504.526078
4.513812,73,504.671564
1.192299,71,504.809551
5.300413,74,504.957795
4.317805,67,505.088279
1.029825,75,505.25047
1.595938,74,505.397095
3.887416,66,505.527311
101.196681,74,505.671285
5.362742,67,505.801882
0.065573,80,505.958508
0.759902,84,506.121519
2.887206,70,506.262172
0.623299,79,506.415256
5.252761,72,506.555301
1.783678,76,506.705318
1.092508,98,506.900898
4.027944,75,507.049556
5.239349,63,507.175009
5.040112,69,507.30931
-0.000657,132,507.565706
1.422905,84,507.729952
0.822724,91,518.952523
3.74696,64,519.080487
0.852334,75,519.25244
4.954339,77,519.405535
104.751358,63,519.532224
0.669002,123,519.774945
3.40989,65,519.901502
1.394629,79,520.062845
3.486726,79,520.218511
3.912942,67,520.347342
2.821287,68,520.486777
100.646879,98,520.681563
2.899875,68,520.818314
0.783186,88,520.989412
2.075461,69,521.150455
1.699967,83,521.317641
4.593165,71,521.461929
1.972216,88,521.634804
4.321234,68,521.765348
0.792916,104,521.969304
3.279554,68,522.104278
0.979787,79,522.262877
3.261542,66,522.389889
-1.291904,105,522.6003
4.343814,66,522.728758
3.711083,69,522.877177
0.301706,78,534.075083
3.919653,76,534.226585
2.322733,67,534.360054
4.421121,63,534.48738
3.457435,76,534.643466
0.626185,81,534.803046
0.080748,88,534.988683
3.208032,64,535.121212
1.464073,74,535.272932
1.410093,84,535.440132
2.366051,73,535.582293
3.709883,71,535.72628
104.358845,66,535.857841
0.119317,778,537.385538
3.766101,66,537.51643
4.615948,72,537.657794
1.743384,68,537.79249
1.353905,84,537.955269
1.723018,73,538.096389
1.141717,67,549.23775
3.230525,68,549.367668
-0.744785,117,549.617105
2.334838,65,549.744748
5.01559,73,549.893571
5.297698,64,550.025328
3.007403,66,550.154981
1.398579,81,550.322369
3.620904,66,550.452774
5.499929,63,550.57883
-0.124222,105,550.790425
1.659413,71,550.936215
2.827454,97,551.12948
1.222443,75,551.297935
2.924152,65,551.430443
4.098483,63,551.558341
4.590476,69,551.697917
3.052129,73,551.84687
3.303556,72,551.992218
4.976685,68,552.127657
1.825533,70,552.268265
3.173496,67,552.401071
0.857873,96,552.599937
0.315707,120,552.855313
4.067135,74,553.007368
1.05261,75,553.15883
0.792872,97,564.413533
0.234622,85,564.579243
4.641816,65,564.705219
2.39358,73,564.849637
2.645263,63,564.972651
1.742986,73,565.116949
4.21123,79,565.291979
4.505937,72,565.433198
-0.022628,84,565.5973
3.475722,68,565.735679
3.89702,67,565.869906
4.701855,66,566.003682
3.420522,72,566.143001
-0.07312,107,566.359307
1.022089,76,566.513702
1.820109,71,566.662728
5.121086,69,566.801675
3.44159,78,566.975107
-0.893638,129,567.235708
1.943481,76,567.388358
3.922722,79,567.547584
0.531119,87,567.724014
-0.859235,112,567.946087
3.446372,72,568.08972
3.676415,68,568.225169
2.356945,82,568.389758
5.528469,66,579.616747
4.268424,65,579.745172
1.462787,75,579.894572
3.516754,71,580.037898
3.706259,74,580.183802
-0.012321,83,580.346235
4.214531,67,580.483096
101.68024,126,580.753472
3.638106,68,580.89235
3.401266,63,581.017159
2.483172,74,581.163274
1.07301,73,581.315875
2.242105,71,581.457256
2.654716,69,581.595839
2.284006,71,581.741093
1.938699,74,581.890975
3.114792,73,582.037902
1.042896,77,582.190153
1.060528,70,582.330374
4.890224,69,582.463533
2.096362,70,582.603995
4.94482,68,582.741677
101.869874,77,582.897568
3.03643,75,583.052183
3.236184,83,583.222025
4.83124,66,583.353914
4.740259,65,583.486741
2.116323,70,583.627929
2.057888,73,595.168993
0.862391,92,595.356721
1.244985,77,595.512856
2.674902,66,595.661058
3.435949,65,595.795344
3.628636,67,595.931098
0.951747,82,596.097133
4.60965,66,596.230203
1.308298,107,596.443614
3.791652,74,596.592181
4.693406,65,596.726593
2.255492,94,596.90923
1.09753,69,597.049781
103.523556,60,597.168871
3.985309,75,597.33998
101.065285,97,597.535872
3.757516,67,597.668166
1.795779,69,597.810594
2.286837,71,597.958805
3.98342,69,598.094673
1.994975,83,598.265173
2.038763,69,598.40611
2.422932,70,598.544459
5.443959,67,598.680689
-0.582011,139,598.964216
3.874256,71,599.124709
0.319274,95,610.474052
2.821701,72,610.626026
-0.081301,107,610.859496
1.680211,96,611.057565
0.143026,81,611.222491
0.007102,96,611.442086
3.45782,77,611.62144
3.916005,71,611.767566
4.85762,79,611.929266
4.866643,70,612.074427
0.607611,88,612.255647
1.150419,71,612.404468
3.83798,65,612.540685
2.073665,67,612.67779
0.76641,85,612.849625
102.626749,75,613.003722
3.354766,72,613.150452
0.385495,95,613.338495
3.488556,66,613.473709
1.85655,74,613.629707
1.574324,70,613.771162
2.044695,69,613.91465
104.313843,74,614.064241
5.906883,65,614.204033
0.379989,83,614.373883
3.733657,76,614.528234
2.507871,75,614.68156
0.971532,76,626.251277
3.973751,67,626.394665
5.6112,66,626.530028
3.432859,72,626.681766
3.013479,65,626.817066
1.372289,85,626.989161
5.906433,69,627.124337
1.219211,68,627.269205
3.744279,74,627.415817
2.825478,75,627.566978
1.867807,72,627.717434
102.081878,57,627.832628
4.960615,71,627.988206
4.230592,71,628.14663
1.652451,72,628.29307
2.899357,67,628.429099
101.805194,66,628.57457
3.298043,70,628.720556
1.248937,80,628.881544
5.220219,67,629.013254
3.771796,66,629.145392
4.218414,68,629.28037
3.789502,70,629.41799
3.54058,71,629.55847
4.745337,73,629.702841
3.122415,68,629.841645
3.48851,85,630.033471
1.726702,74,630.187021
0.045935,102,641.696941
1.493911,70,641.840352
1.565948,78,641.998334
3.553235,69,642.134551
2.362483,68,642.267865
4.802544,66,642.41169
4.018047,65,642.539408
2.014467,70,642.682567
1.281882,78,642.842506
5.758017,66,642.973556
2.460063,65,643.10089
2.713814,71,643.243292
-0.891876,161,643.580589
1.989029,91,643.770222
5.005591,69,643.913806
-0.302976,94,644.102114
4.038049,70,644.242275
1.685461,87,644.418669
0.834634,97,644.620658
1.991817,85,644.799982
101.132887,86,644.976295
0.306644,1000,658.385218
3.828134,66,658.511473
4.260371,67,658.645904
3.968377,79,658.804814
1.583035,67,658.936288
5.097559,64,659.070206
-0.036506,79,659.234535
2.019294,70,659.385319
1.917591,72,659.527124
4.955701,68,659.670815
3.48315,71,659.807499
2.53491,70,659.943855
2.436793,69,660.077507
2.29026,76,660.227989
2.784003,68,660.364878
0.953974,74,660.50931
4.61636,72,660.656081
2.528743,65,660.782319
4.671397,74,660.927217
0.091705,93,661.111985
1.232491,114,672.715589
4.059565,73,672.864289
3.111383,76,673.018345
-0.759752,97,673.216632
-0.874614,98,673.425408
2.25286,70,673.567359
3.063231,67,673.704444
0.895732,67,673.857386
1.644622,69,673.989832
1.126575,122,674.231016
1.22184,76,674.379843
2.066552,65,674.506784
4.311489,68,674.644314
2.100761,72,674.790556
0.007105,126,675.041667
3.574232,68,675.180886
2.693842,65,675.313225
0.774453,79,675.466385
1.75299,70,675.602576
1.121491,70,675.740277
3.568337,72,675.882647
0.995936,75,676.030093
5.683036,72,676.167259
103.746297,55,676.270499
1.41956,72,676.406371
-0.660255,118,676.637069
4.834331,73,676.778925
4.474216,69,688.448253
1.436625,89,688.631207
3.470671,79,688.786602
0.629495,737,690.275136
0.173396,77,690.42496
4.546852,74,690.576848
1.105631,90,690.758877
2.415522,69,690.89284
2.784984,81,691.053916
2.524782,69,691.193967
0.927569,77,691.352056
103.937022,57,691.469145
5.148423,68,691.610667
100.480693,80,691.767992
5.708799,68,691.911068
5.104464,70,692.058775
5.642166,65,692.188085
4.917478,71,692.329432
5.810743,71,704.12624
-0.07672,134,704.406101
2.161528,66,704.538818
3.435573,70,704.683578
2.056871,72,704.845678
0.501937,138,705.169087
1.832558,75,705.334104
1.935066,75,705.495698
-0.389214,84,705.679049
4.28785,80,705.84993
-0.21148,89,706.029872
1.668915,93,706.220004
5.358222,68,706.35864
4.957353,67,706.500962
4.302362,66,706.634751
100.945237,67,706.768852
3.675394,68,706.902659
0.568081,76,707.051952
2.223447,70,707.195846
2.24402,72,707.342915
0.232617,89,707.524921
2.224169,68,707.660564
5.222755,72,707.808329
1.414278,101,708.006028
100.538286,75,708.155485
2.59308,67,708.289005
5.239136,64,719.932011
2.181561,71,720.086671
2.190422,81,720.249006
3.305748,71,720.394521
-1.440283,155,720.715379
3.296856,94,720.90998
0.865137,83,721.077512
3.509043,70,721.218357
5.038948,69,721.359462
4.060917,79,721.521009
2.5408,65,721.650656
3.922371,72,721.794165
5.363771,67,721.940665
0.828272,92,722.121913
2.104632,65,722.249926
2.925359,71,722.388709
4.911162,71,722.528936
0.301263,100,722.732442
2.902135,80,722.887688
4.073613,65,723.01993
2.864647,76,723.172191
0.560975,90,723.353374
4.187736,69,723.487929
-0.695924,91,723.688502
3.277927,79,723.841226
4.410536,68,723.976449
1.440077,74,735.823792
0.006802,83,735.995881
2.698675,74,736.153973
6.162494,66,736.289903
2.870782,66,736.427661
0.42725,84,736.6255
3.458589,96,736.823339
0.931808,96,737.015188
3.046282,67,737.148987
3.944501,73,737.292171
4.259699,70,737.430719
4.20634,65,737.562448
3.697581,66,737.692957
2.859837,68,737.830766
0.469514,78,737.998126
3.543077,68,738.140001
4.030912,68,738.29629
0.838071,111,738.523991
4.473864,66,738.657826
2.104614,65,738.78364
2.114989,69,738.920171
3.438129,76,739.074898
4.192606,77,739.238281
1.270918,75,739.397901
1.452132,82,739.570494
3.557199,67,739.712279
3.963079,80,739.869045
2.39523,75,752.031954
1.126771,70,752.171628
0.185106,95,752.368697
2.046063,87,752.541738
4.678826,69,752.683835
0.939248,75,752.833599
3.723389,95,753.031448
3.550852,100,753.239383
5.924624,76,753.39228
100.708939,89,753.567572
0.814259,83,753.730306
103.770161,58,753.846005
1.423362,70,753.984142
1.703598,73,754.128536
-0.041245,129,754.380889
4.18973,73,754.525219
5.647377,68,754.662977
0.824585,74,754.818706
3.341181,66,754.953639
101.431251,77,755.106794
3.854121,73,755.254712
100.524195,114,755.483187
3.884718,66,755.615142
4.491016,71,755.757441
2.303908,87,755.948598
1.584479,66,756.082172
2.241664,81,767.695576
0.192074,106,767.90831
3.412632,85,768.097662
3.784551,75,768.242839
0.969499,126,768.492866
0.554213,86,768.6624
1.199487,71,768.807858
0.223477,79,768.97059
0.007784,93,769.160115
-0.900891,95,769.353768
0.776506,80,769.515525
1.490964,69,769.652272
0.650036,82,769.815013
1.5016,97,770.00601
-0.01164,85,770.176214
102.8494,61,770.29645
101.910484,89,770.478651
4.151172,75,770.625582
0.717573,74,770.770066
0.765854,77,770.917501
1.085958,94,771.104879
2.113618,68,771.236894
1.424946,71,771.375743
0.295013,79,771.529816
4.014513,77,782.873106
4.932977,62,782.99831
3.719529,66,783.124302
0.162268,78,783.291442
1.583883,67,783.42302
0.712675,72,783.567525
3.225372,86,783.738371
4.03102,67,783.869014
2.583173,83,784.030483
102.594094,79,784.181032
3.042723,75,784.326177
1.215199,72,784.462542
4.631155,69,784.596071
4.226693,77,784.742728
2.414848,72,784.879741
4.015904,64,785.000965
102.384823,64,785.121373
1.70174,69,785.252254
3.619816,68,785.38913
3.845571,76,785.537999
3.182649,69,785.673146
2.546493,67,785.803601
4.436775,79,785.95398
4.283044,71,786.091905
4.364709,68,786.224694
0.948339,79,786.376706
4.744135,80,786.529108
0.036098,103,786.727551
2.321852,72,798.001587
1.18868,90,798.176929
2.545851,76,798.32084
3.636354,74,798.465729
-0.708552,94,798.651576
2.252893,69,798.785718
0.881307,86,798.956471
103.025207,66,799.088011
-0.137865,79,799.250583
2.244148,69,799.410693
0.857493,76,799.567485
5.027225,64,799.70395
1.147025,72,799.854396
1.538114,69,799.992705
3.580008,73,800.133482
0.322841,83,800.29539
3.040822,66,800.42416
4.614805,66,800.552611
4.519989,80,800.708789
1.316939,84,800.873635
2.75061,69,801.010623
3.177969,88,801.19203
4.272413,96,801.383516
1.145028,104,801.587905
3.645831,76,801.738957
4.591941,70,801.875688
0.655919,95,813.637042
0.411879,74,813.791883
3.981341,83,813.974433
4.956899,65,814.102677
-0.331401,95,814.293577
3.063591,77,814.452486
2.819428,94,814.646653
3.891057,66,814.787585
1.74794,88,814.963391
0.282746,91,815.14527
5.509602,66,815.274146
1.406811,93,815.457191
101.311745,60,815.57668
3.378621,92,815.767663
3.601494,69,815.910461
1.300767,93,816.094857
4.09544,92,816.277843
-0.484226,99,816.472113
3.943007,93,816.653543
3.733016,79,816.80868
3.778779,86,816.980435
-0.973693,110,817.192309
2.243297,67,817.323023
0.661035,109,817.547715
4.308028,66,817.677935
1.203433,74,828.990078
0.989601,71,829.127817
3.77667,72,829.269142
0.423345,85,829.435524
4.542726,70,829.570586
-1.092873,126,829.818921
0.763659,79,829.990224
3.553634,65,830.117421
2.79676,66,830.253029
3.063109,67,830.39565
3.44576,78,830.564869
2.436857,67,830.716249
5.035769,62,830.848751
2.833453,81,831.025424
4.044534,74,831.179557
4.207885,73,831.328643
1.581059,71,831.47035
4.406261,65,831.603323
-0.398073,126,831.851481
1.782541,77,832.004578
4.193463,76,832.158944
0.291193,1000,845.285908
3.373419,71,845.428287
4.426099,63,845.548499
0.6234,108,845.758358
-0.875637,129,846.007843
3.162821,82,846.1705
100.513634,92,846.353808
0.764333,113,846.586242
1.264105,70,846.723282
5.219691,83,846.890737
2.258781,65,847.018568
-0.144843,120,847.255206
-0.651037,158,847.574704
3.318371,71,847.716976
1.865951,69,847.857119
2.088545,67,847.994425
2.330673,73,848.141483
3.224267,67,848.289626
2.273856,75,859.799582
0.994239,72,859.941808
1.997668,74,860.092874
0.235281,99,860.294305
2.125451,71,860.443597
3.996198,86,860.622669
0.948834,75,860.781016
3.720721,65,860.925691
4.209036,78,861.083303
3.936982,65,861.209572
1.07069,87,861.378775
4.179303,83,861.546269
2.833852,67,861.680336
3.388114,89,861.858677
0.917793,76,862.009022
2.848049,70,862.152057
2.348221,70,862.294572
3.658604,70,862.436724
1.779668,71,862.580535
5.145264,63,862.706625
1.806165,73,862.85676
1.996549,72,862.998984
0.708995,75,863.149835
3.018113,65,863.281475
-0.444798,94,863.472049
5.608013,74,863.623718
0.246016,86,863.795252
2.562102,70,875.493946
3.119186,72,875.632122
2.325065,76,875.783432
1.598236,75,875.947684
3.715561,68,876.079815
1.814793,71,876.222809
3.254053,73,876.367619
0.4569,99,876.557065
3.091665,82,876.717633
4.419286,72,876.857118
1.353105,72,876.999369
0.251657,93,877.179148
3.82375,73,877.322325
4.484106,74,877.465816
0.387887,107,877.68101
1.059586,80,877.838932
2.591172,66,877.967083
-0.2032,109,878.176929
4.724741,62,878.298405
0.550339,74,878.442806
2.539854,70,878.577586
2.715392,64,878.700968
4.233099,71,878.841779
5.028257,62,878.9604
4.739928,63,879.081023
2.644153,64,879.209605
1.911432,69,879.346236
3.833896,108,891.095643
1.488707,70,891.232778
2.579288,72,891.374881
101.647033,71,891.517601
0.760807,101,891.716154
101.196192,64,891.843692
1.149812,101,892.045947
3.885987,99,892.242546
5.036273,89,892.41944
101.446916,67,892.548987
100.077021,98,892.75941
0.492587,92,892.971831
1.875254,87,893.164701
0.656675,75,893.332819
0.595538,74,893.496068
1.017559,73,893.643956
1.88805,89,893.819143
0.321922,116,894.05314
3.160044,128,894.312311
3.335626,84,894.479741
4.673509,74,894.644712
0.969911,72,894.785282
0.756213,86,894.954007
2.078241,68,895.089247
3.11837,90,906.452053
0.580781,96,906.635483
2.197538,71,906.774051
-0.071648,92,906.949839
0.966005,69,907.082697
2.527569,70,907.237811
3.462172,65,907.402435
2.443715,68,907.534165
1.948522,87,907.701765
3.809087,78,907.853719
0.362607,93,908.040975
2.882031,70,908.175765
1.778421,69,908.314181
1.352575,69,908.451267
3.55551,96,908.653938
4.791186,64,908.784994
-0.223117,91,908.974971
2.547227,67,909.123081
1.670689,89,909.300367
4.410013,89,909.478958
1.443982,71,909.623147
0.133726,86,909.7975
4.220063,87,909.973255
3.50282,67,910.106855
5.501896,66,910.243229
0.973646,71,910.389269
4.408707,64,922.003504
-0.252589,220,922.442065
1.087951,74,922.593383
101.308834,63,922.722152
2.135807,71,922.864139
2.624607,97,923.060333
3.519441,79,923.228827
4.700492,69,923.366712
1.375621,91,923.546875
105.278063,65,923.690188
3.085108,74,923.835456
3.484949,71,923.977473
2.090385,73,924.123192
0.257721,77,924.27824
1.075393,85,924.444762
3.34846,66,924.579702
2.309741,70,924.728917
2.599928,95,924.925517
1.398386,68,925.061728
2.42961,73,925.205248
2.742387,65,925.332883
1.87786,69,925.46919
4.124213,68,925.607602
4.307692,74,925.762218
0.501466,68,925.894611
0.599016,79,926.052126
0.798978,77,937.532482
5.761521,63,937.65873
1.307823,73,937.802374
2.685761,66,937.933177
-0.389368,86,938.102933
0.286562,75,938.253166
1.153072,74,938.402358
2.074013,94,938.600967
3.33326,89,938.780217
-0.682632,104,938.991018
3.908152,74,939.16275
1.759122,74,939.322594
-0.041576,151,939.633856
-0.118034,205,940.040732
0.83797,79,940.19453
1.252007,101,940.393452
4.96694,79,940.56816
4.303299,70,940.705579
4.718971,64,940.830426
2.699825,92,941.014012
4.972416,66,941.150055
1.890686,82,941.320462
4.553851,65,941.457394
0.410826,77,953.069782
1.266349,75,953.229858
0.732333,73,953.374501
1.834733,83,953.537685
-0.175058,1000,955.548044
5.254738,62,955.677525
3.617498,98,955.880472
102.610793,59,955.99788
3.994703,72,956.143313
3.719123,72,956.30663
4.298955,70,956.507805
3.148078,65,956.642283
2.774294,68,956.78001
-0.358604,93,956.963234
1.259863,75,957.110542
0.06555,118,969.036495
101.086335,106,969.252443
3.433929,85,969.420023
3.763639,68,969.557295
2.804542,99,969.753873
2.017977,74,969.902916
0.014675,88,970.097193
0.623017,86,970.274029
101.372457,68,970.409155
4.651741,65,970.543595
3.2255,75,970.708035
5.379492,66,970.846833
1.299387,78,970.999676
4.899933,71,971.165852
4.084958,64,971.293884
2.494463,71,971.439202
1.60382,81,971.628359
3.390169,72,971.786206
1.965467,73,971.932419
-0.242532,83,972.097819
0.924137,89,972.2727
2.586745,77,972.441183
0.609791,73,972.62057
100.620924,627,985.638309
2.656109,74,985.798289
4.157545,77,985.957393
1.783354,69,986.090004
101.923106,76,986.245231
1.882936,74,986.388479
4.799231,66,986.521359
101.445179,120,986.764241
2.145296,78,986.918833
2.378952,66,987.057124
3.387993,71,987.211601
5.211936,66,987.350961
102.798431,65,987.483827
1.593648,74,987.638092
1.629588,72,987.784931
100.65834,82,987.959975
101.187868,86,988.143562
3.884134,92,988.332183
4.141398,65,988.467165
-1.307644,449,1000.975066
2.500893,78,1001.126323
3.372431,70,1001.265536
4.757516,65,1001.392819
0.773951,87,1001.564388
1.503079,72,1001.70875
0.397369,133,1001.975854
0.757479,74,1002.121542
3.331356,67,1002.276075
4.504802,66,1002.41252
4.430484,65,1002.551358
3.070227,72,1002.702698
3.657239,65,1002.837835
0.615531,79,1003.000245
100.170704,455,1003.932978
0.441897,98,1004.12514
3.493842,65,1004.252817
1.311286,75,1004.397806
104.706035,66,1004.542254
4.127377,72,1004.685798
1.466834,119,1016.187549
4.034445,103,1016.390988
1.160454,79,1016.546994
0.920689,73,1016.689911
2.365234,75,1016.835733
3.423405,71,1016.974798
3.628971,83,1017.137905
3.00585,72,1017.28419
3.795683,69,1017.421541
0.529168,131,1017.67875
2.923444,70,1017.814678
1.973081,75,1017.983989
3.403364,64,1018.110032
4.625509,64,1018.234396
3.400892,68,1018.369916
3.85695,70,1018.509344
3.279566,72,1018.651031
0.884202,87,1018.828031
3.923915,72,1018.971453
2.83366,64,1019.097491
1.567994,69,1019.233953
105.364755,63,1019.375089
0.06215,101,1019.57467
2.05735,88,1019.753171
1.511509,70,1019.895084
3.383693,67,1020.032846
3.492574,81,1020.196443
0.34411,107,1032.012186
2.061988,89,1032.190383
1.614662,91,1032.373629
-0.325168,89,1032.552679
4.208562,86,1032.728144
3.582729,80,1032.894602
0.889012,100,1033.106495
2.476545,71,1033.24863
1.389134,71,1033.389801
5.466919,65,1033.515764
1.441799,70,1033.653102
1.492433,82,1033.814798
4.385012,67,1033.951229
2.652381,64,1034.086338
104.255787,71,1034.239659
3.24987,90,1034.428555
0.968076,125,1034.68553
2.482323,70,1034.833361
4.589467,74,1034.992999
101.872103,83,1035.168667
4.630616,75,1035.324365
2.092312,69,1035.469412
3.319318,68,1035.608541
3.816642,69,1035.752358
1.08175,72,1035.893373
100.577179,35,1035.96243
4.259364,74,1047.347024
1.371227,100,1047.548136
3.240944,65,1047.680977
0.562746,134,1047.952196
1.661356,74,1048.111855
4.652913,78,1048.266577
2.760108,63,1048.395437
0.431692,82,1048.561855
2.897706,65,1048.690901
4.169036,82,1048.857325
1.892264,97,1049.061711
2.318193,67,1049.196579
4.539833,90,1049.378466
-0.565952,114,1049.61415
1.140418,79,1049.774062
101.199231,103,1049.980464
5.510285,66,1050.11217
4.505735,95,1050.300641
3.969541,72,1050.442379
4.544957,97,1050.636603
1.985897,77,1050.790462
5.336651,68,1050.939933
1.156841,77,1051.093738
2.600814,71,1051.234535
102.812578,59,1051.34974
1.371282,95,1062.792597
4.24434,74,1062.94164
-0.596078,99,1063.147393
2.108531,75,1063.317142
1.701162,71,1063.459001
3.098441,70,1063.601451
0.638712,120,1063.841288
4.080131,117,1064.075796
100.621886,69,1064.214406
103.064677,84,1064.386007
0.716943,1000,1066.412088
3.264278,89,1066.609878
1.950602,71,1066.747935
3.700965,68,1078.170279
3.422261,64,1078.301902
1.963822,81,1078.463559
4.79238,78,1078.620634
-0.150351,100,1078.840611
4.790658,75,1078.988116
4.187289,68,1079.127748
4.133321,91,1079.312177
-0.477046,119,1079.555658
2.942478,68,1079.696225
3.807368,68,1079.836122
3.369196,85,1080.011821
3.45104,65,1080.145998
3.192391,75,1080.29706
2.608968,71,1080.438196
100.635035,212,1080.875165
4.494664,97,1081.071836
2.785013,68,1081.208968
4.112487,63,1081.336848
102.964483,74,1081.485558
0.55453,73,1081.629493
4.494264,64,1081.759228
4.317641,81,1081.921081
5.79034,73,1082.066163
4.353876,69,1082.203757
1.696527,78,1093.795074
101.626956,88,1093.974211
4.803615,96,1094.167998
1.069215,117,1094.40576
4.232714,88,1094.587866
2.73735,68,1094.743972
4.20187,79,1094.907361
0.840862,98,1095.109507
1.865051,77,1095.26614
102.555736,59,1095.382381
4.714183,63,1095.50982
104.759219,63,1095.637627
100.389272,68,1095.773212
100.524948,63,1095.903761
4.230767,76,1096.0567
0.794421,71,1096.198546
3.211956,72,1096.345362
102.504376,71,1096.498327
-0.270044,93,1096.679438
-0.217817,84,1096.854803
1.889184,69,1096.992128
0.835009,86,1097.159743
3.608098,65,1097.285646
3.69986,71,1097.425213
0.492359,79,1097.580453
1.239276,81,1097.73914
2.692332,67,1097.871982
103.418514,71,1109.256736
3.294652,72,1109.400475
-0.507281,103,1109.602455
102.624972,81,1109.761086
3.785437,67,1109.89255
0.970813,71,1110.035034
3.820731,92,1110.21981
0.000575,1000,1112.20827
0.628608,111,1112.422765
0.489186,73,1112.584316
0.101468,100,1112.781666
4.018422,67,1112.912697
102.319863,71,1113.050721
1.435332,70,1113.190103
3.38531,69,1124.91692
3.491599,93,1125.106421
4.581721,91,1125.292372
0.780229,94,1125.483805
4.649347,70,1125.627941
5.06103,87,1125.811624
4.016976,77,1125.976536
1.688055,72,1126.115661
2.554541,77,1126.263888
102.817232,61,1126.41723
-0.720348,402,1127.273117
2.849755,84,1127.436899
3.539189,67,1127.564682
2.309657,89,1127.740956
1.69752,90,1127.91983
4.012031,81,1128.077184
1.068506,119,1128.320509
3.526444,74,1128.469243
5.154707,70,1128.607829
1.845543,73,1128.750445
1.705106,92,1128.934841
3.638015,68,1140.573831
-0.765085,113,1140.813513
-0.113664,109,1141.030328
-0.547254,96,1141.226605
3.834416,80,1141.387652
1.841036,72,1141.537118
4.084546,66,1141.671082
4.947829,70,1141.811866
4.677418,67,1141.944904
4.378655,90,1142.122421
1.32355,79,1142.278135
3.11869,75,1142.429111
4.465868,67,1142.560596
2.733736,69,1142.701256
5.529161,71,1142.841447
3.135973,67,1142.972408
2.342692,70,1143.10944
5.148294,69,1143.246941
2.301176,69,1143.381159
3.448285,73,1143.524832
2.765041,73,1143.669095
1.218409,69,1143.807016
4.455401,74,1143.955525
3.589959,73,1144.105323
2.463598,94,1144.300519
1.373414,73,1144.445909
5.590028,65,1144.574052
4.591742,80,1156.288687
101.38882,105,1156.494369
100.473811,227,1156.936989
3.893713,94,1157.11965
2.09443,68,1157.253432
4.573249,67,1157.381602
3.094173,70,1157.517107
3.466829,88,1157.690385
102.458114,65,1157.835676
2.113895,90,1158.038285
4.215355,67,1158.191151
1.83805,72,1158.344049
3.65307,68,1158.480485
1.262906,118,1158.738464
4.203782,64,1158.870091
4.874646,62,1158.996132
101.291151,61,1159.1204
-0.163616,95,1159.334888
103.404633,61,1159.462308
2.662713,67,1159.608647
4.606337,66,1159.751399
3.931735,64,1159.882059
100.998511,59,1160.002612
1.883555,75,1160.155249
0.804372,90,1160.343089
2.239188,90,1172.181182
2.099937,74,1172.334167
0.478042,71,1172.483463
3.246014,69,1172.621777
2.773079,66,1172.761287
4.351592,69,1172.911236
3.713628,66,1173.052331
-1.150252,124,1173.320755
-0.489809,84,1173.499402
0.188724,82,1173.673311
2.70224,70,1173.821193
5.510602,87,1174.011687
2.898557,100,1174.219557
1.122653,76,1174.375819
102.315936,80,1174.544117
3.793011,63,1174.676202
102.669354,63,1174.821403
5.180399,63,1174.961184
3.803477,87,1175.149266
100.755879,53,1175.263587
5.551552,83,1175.437702
4.900729,69,1175.579121
2.688954,71,1175.730112
3.1474,70,1175.87212
3.460612,65,1175.997224
0.383875,76,1176.148763
103.185684,84,1176.322154
-0.35829,94,1188.111396
5.459081,79,1188.272423
2.382039,72,1188.409756
2.284227,64,1188.533093
2.195014,68,1188.669847
1.97584,73,1188.822442
3.114121,68,1188.956433
3.186193,68,1189.102015
-0.027578,95,1189.292653
1.304838,74,1189.437431
101.937482,58,1189.548663
1.103614,87,1189.74547
2.990483,64,1189.876154
0.01827,153,1190.18567
0.470422,88,1190.359746
4.056911,69,1190.493697
100.981123,89,1190.669232
1.344552,77,1190.823298
4.608824,71,1190.962594
0.532256,81,1191.139186
5.021914,69,1191.282105
3.638821,68,1191.420994
4.869914,68,1191.562375
0.093135,78,1191.716685
0.358583,1000,1205.236436
0.053051,101,1205.447244
101.169547,72,1205.593743
3.219016,68,1205.731904
3.369752,67,1205.864012
3.574452,72,1206.004922
2.99206,82,1206.160005
3.313345,71,1206.300147
4.234017,70,1206.43591
4.397148,73,1206.590796
4.589083,65,1206.716858
102.380765,77,1206.865569
1.328114,78,1207.021618
1.310523,77,1207.170679
101.02227,77,1207.326869
-0.625142,88,1207.497705
2.743509,96,1207.68799
3.510417,67,1219.508765
3.180088,71,1219.645744
0.988626,77,1219.794414
5.111051,71,1219.93837
101.111385,79,1220.096404
0.808087,79,1220.249794
3.871804,70,1220.388268
1.128352,81,1220.549665
4.111804,71,1220.711872
2.315187,86,1220.892956
0.49807,93,1221.100105
4.168381,68,1221.23799
1.496095,86,1221.421557
5.731021,68,1221.565828
0.312557,231,1222.03076
3.344281,73,1222.1742
4.366812,63,1222.301889
3.688041,65,1222.43049
-0.287958,92,1222.612484
0.960485,73,1222.753607
104.777776,63,1222.880377
2.861815,69,1223.020233
3.833336,73,1223.189451
2.44462,68,1223.330085
4.453815,73,1223.480093
1.290235,99,1235.043279
0.52448,151,1235.344291
4.396685,63,1235.474025
1.413038,82,1235.635228
5.001311,67,1235.766093
101.577262,39,1235.845665
4.895051,69,1235.984885
-0.054178,98,1236.184262
2.994126,74,1236.333539
0.429338,76,1236.505336
1.392936,93,1236.697458
5.172169,64,1236.824212
0.135496,83,1236.999952
4.251198,69,1237.138139
4.134401,65,1237.269244
5.355194,67,1237.405173
2.802329,66,1237.540377
2.72785,85,1237.724273
3.594028,78,1237.879756
4.192259,66,1238.011072
1.910535,71,1238.149616
103.301968,62,1238.272338
100.911283,57,1238.386942
3.985063,66,1238.517818
3.102351,97,1238.711477
1.873198,80,1238.875339
100.840807,75,1239.024183
3.011118,74,1250.590515
0.58668,1000,1252.589207
0.739391,73,1252.74656
3.578212,88,1252.920963
4.753734,65,1253.047105
4.937126,68,1253.181572
3.070147,76,1253.330024
0.629244,105,1253.535192
101.086387,101,1253.735196
2.808908,70,1253.874093
4.241442,75,1254.025005
2.157855,71,1254.161924
-0.795688,239,1265.961476
4.181623,71,1266.105678
3.92733,65,1266.237226
0.8616,86,1266.40583
-0.425148,86,1266.577831
2.345857,72,1266.720133
101.362043,83,1266.900097
4.457281,72,1267.051477
0.566682,109,1267.27191
4.459092,66,1267.402712
4.225125,65,1267.532629
2.771117,68,1267.668294
4.303394,64,1267.797063
1.68898,66,1267.92734
2.049883,86,1268.10776
-0.516801,98,1268.309755
3.004909,83,1268.473521
2.439597,73,1268.620662
5.48688,73,1268.782654
2.403563,91,1268.96247
0.258269,76,1269.11622
0.166426,100,1269.311673
1.180887,75,1269.459009
5.461983,69,1269.589573
1.218103,74,1269.737304
100.908135,78,1269.889593
1.799738,70,1270.044785
2.869111,73,1281.593406
3.724126,84,1281.769503
101.242095,82,1281.935531
1.184592,74,1282.106401
3.980548,66,1282.238653
1.063119,73,1282.386111
3.966222,71,1282.527607
5.001335,66,1282.660563
102.710022,70,1282.802182
102.908014,57,1282.916487
3.498673,66,1283.051069
3.277712,73,1283.201874
0.409712,142,1283.498868
2.922792,72,1283.644741
-0.336138,188,1284.024923
101.053303,108,1284.241092
-0.151944,98,1284.438036
4.328274,76,1284.591135
5.448909,94,1284.779308
1.409216,69,1284.916048
4.060757,70,1285.055601
101.371784,80,1285.218141
-0.367054,1000,1298.387055
3.062532,69,1298.5298
1.796863,81,1298.692813
4.420073,65,1298.822369
2.841854,102,1299.039833
1.937685,71,1299.18027
5.877145,63,1299.302947
1.131639,90,1299.485412
3.933626,88,1299.663732
100.673645,73,1299.811176
0.677868,107,1300.026914
2.031816,72,1300.171497
2.705721,75,1300.319416
3.02529,68,1300.458523
-0.760185,1000,1313.909996
3.733704,69,1314.04682
105.790499,68,1314.181618
2.874624,66,1314.319383
3.497126,71,1314.462426
-0.048614,86,1314.633139
100.86105,86,1314.809875
4.035358,72,1314.954309
4.020063,68,1315.092926
101.629609,85,1315.262814
2.332588,77,1315.423795
3.414533,84,1315.598303
4.370728,78,1315.758206
3.111037,79,1315.917743
102.746115,71,1316.066749
4.45559,65,1316.194803
3.462829,66,1316.328006
3.102566,78,1316.483261
2.508168,80,1328.057983
1.363895,77,1328.211051
3.224142,79,1328.365167
1.713886,83,1328.527531
101.13425,105,1328.750343
1.305897,75,1328.897823
1.590774,79,1329.060504
0.865014,82,1329.223579
102.391275,62,1329.348848
4.911038,66,1329.480497
4.950436,63,1329.604959
104.398433,66,1329.734254
-0.155661,84,1329.896888
3.64463,68,1330.029719
4.71149,64,1330.155379
0.919077,72,1330.296363
102.298736,87,1330.464203
4.661911,64,1330.59186
1.295141,75,1330.741867
0.457398,1000,1344.043909
2.156209,74,1344.194484
2.393116,66,1344.327812
-0.001394,85,1344.495005
0.132831,98,1344.705977
4.846527,76,1344.859605
2.537091,72,1345.009061
2.296979,68,1345.147424
1.207825,103,1345.352971
1.307748,73,1345.504074
4.655182,71,1345.645806
101.231814,76,1345.800522
3.301929,64,1345.939968
0.861488,76,1346.099452
3.03003,66,1346.225731
3.221109,70,1346.361374
1.291884,78,1346.518856
2.71542,76,1346.666115
102.181245,53,1346.770091
3.639208,94,1346.953042
3.012098,66,1347.0847
3.364025,72,1347.226193
-0.712273,93,1358.606544
3.472577,66,1358.736257
1.526743,73,1358.879348
1.506191,73,1359.019412
2.464996,89,1359.194963
-0.307037,88,1359.368936
1.661668,85,1359.538832
3.809272,79,1359.694207
2.307642,78,1359.845143
4.757522,73,1359.992079
3.6204,65,1360.1262
5.83577,66,1360.263409
2.51059,72,1360.429199
4.495917,73,1360.583463
5.135523,81,1360.750239
5.897198,67,1360.88642
3.697785,68,1361.026239
101.295308,69,1361.169556
101.93125,88,1361.348691
4.175622,64,1361.483265
2.910179,67,1361.623078
102.989647,66,1361.777054
1.028119,69,1361.91371
4.507674,64,1362.03994
0.855141,266,1362.563809
4.544662,66,1362.694601
5.519035,65,1374.167639
0.999202,113,1374.384086
1.320727,78,1374.535532
3.277102,64,1374.661434
101.848449,45,1374.751987
4.256057,73,1374.898435
101.28145,77,1375.048398
5.236676,64,1375.179319
101.150099,66,1375.306654
4.322037,64,1375.43292
-0.211842,1000,1377.481411
101.411411,90,1377.658625
0.047762,77,1377.81054
101.413862,54,1377.921863
1.21416,73,1378.070472
1.185521,69,1378.210018
1.072669,73,1389.830734
4.51225,64,1389.954917
101.467932,117,1390.183845
2.0124,69,1390.319583
-0.808451,347,1391.016237
4.309398,86,1391.18388
2.999098,71,1391.325982
4.232984,79,1391.479587
2.554338,75,1391.628938
3.706297,63,1391.748836
3.360609,80,1391.904616
101.214984,94,1392.091072
3.708494,72,1392.232598
5.256482,66,1392.378766
1.862553,72,1392.52536
1.997795,80,1392.690446
3.071608,75,1392.843714
0.88452,78,1392.998642
3.032374,70,1393.139508
4.398706,76,1393.28984
101.222288,80,1393.44714
1.58755,86,1393.617363
5.272655,62,1393.74012
1.130713,72,1405.225524
101.786879,76,1405.378787
100.715461,83,1405.54963
1.25536,84,1405.722291
2.024047,68,1405.861659
100.722418,60,1405.985688
2.68623,66,1406.122367
1.182367,76,1406.294017
1.168132,82,1406.469018
4.671229,63,1406.596352
1.790155,71,1406.747677
-0.651721,93,1406.930121
2.416009,81,1407.086384
4.549237,66,1407.211556
105.549861,69,1407.349967
2.141122,70,1407.48632
1.707792,73,1407.632975
4.19504,65,1407.758903
0.250705,76,1407.905475
0.88585,91,1408.097127
2.015883,65,1408.224202
5.219422,66,1408.350806
1.322248,90,1408.52555
101.089553,114,1408.748458
4.505206,65,1408.873387
1.440595,83,1409.038494
102.692419,82,1409.216195
2.409396,72,1420.918832
4.68654,87,1421.089149
5.052198,62,1421.209422
101.935091,76,1421.362249
3.555264,69,1421.511271
2.945623,77,1421.660533
5.675778,66,1421.794356
2.355906,75,1421.947946
5.712719,66,1422.078237
3.745784,73,1422.222418
2.609585,74,1422.371198
4.652581,68,1422.509104
0.309492,1000,1424.541887
0.079745,85,1424.70739
6.044747,77,1424.861684
3.547784,64,1436.327399
1.547448,82,1436.513264
3.562419,63,1436.644928
4.613322,65,1436.777358
4.486962,65,1436.910081
3.610853,65,1437.041739
-0.063526,1000,1438.989465
2.797669,79,1439.140001
3.34299,80,1439.296536
0.609645,98,1439.483618
0.502119,257,1439.975292
4.036519,66,1440.099942
100.496175,23,1440.144745
100.43732,25,1440.194948
5.702557,63,1451.819998
5.047879,65,1451.950889
2.584143,101,1452.155231
102.625674,64,1452.285813
0.301352,1000,1454.314029
3.109598,103,1454.521442
101.044255,90,1454.708338
100.349506,55,1454.815574
4.816481,69,1454.969821
-2.29791,131,1455.221175
2.148494,82,1455.382974
5.158123,65,1455.515088
2.850675,67,1455.643621
4.548636,92,1455.823431
3.563813,73,1467.264477
3.022517,64,1467.405709
3.48932,74,1467.549337
4.089485,79,1467.702212
101.186401,53,1467.804899
4.295356,72,1467.951523
3.242244,74,1468.097983
3.552439,71,1468.239928
3.349962,68,1468.379335
0.588186,87,1468.556651
2.376291,75,1468.710044
2.313639,68,1468.848548
3.951505,68,1468.985468
4.614308,79,1469.147254
2.828553,78,1469.304597
1.791839,86,1469.47941
5.000114,64,1469.611298
2.789154,62,1469.733781
100.959498,107,1469.955213
101.331593,84,1470.124395
2.408999,79,1470.286131
0.381252,78,1470.445229
3.927804,65,1470.575272
-1.125259,103,1470.790228
100.40989,71,1470.931176
1.892773,79,1471.082407
3.55404,63,1471.203242
101.198823,49,1471.297018
0.959054,71,1482.985578
0.591307,79,1483.15388
2.652547,66,1483.289125
1.43439,90,1483.467118
4.447994,66,1483.602594
0.814044,73,1483.747656
1.470838,95,1483.936992
101.33063,64,1484.072391
2.715656,64,1484.201864
0.955239,154,1484.502718
100.911483,62,1484.625118
102.388704,52,1484.727996
1.692005,72,1484.888531
4.362167,66,1485.017114
-0.318905,103,1485.219099
4.366854,64,1485.345959
5.2626,65,1485.478171
3.542741,69,1485.619948
4.697777,88,1485.822158
0.106641,111,1486.06232
2.652118,73,1486.216327
100.439954,22,1486.261545
0.832882,84,1486.438413
2.483151,72,1486.594067
1.620342,85,1486.772576
4.01963,70,1486.927913
104.07035,61,1487.06677
4.723027,66,1498.744312
3.87259,67,1498.879638
103.397646,71,1499.022881
0.840679,79,1499.185592
101.689972,95,1499.379306
4.36094,72,1499.533656
3.372042,65,1499.665379
2.530174,75,1499.817184
1.270722,125,1500.070276
3.198785,88,1500.248631
1.379737,81,1500.431998
4.021271,71,1500.580371
3.530053,66,1500.718378
101.240458,92,1500.908131
-0.137027,213,1501.343338
5.647587,77,1501.503048
-0.691374,100,1501.706614
0.054666,1000,1515.178572
1.060343,105,1515.387558
4.134513,72,1515.531155
104.605583,61,1515.654135
0.141635,1000,1517.661962
101.218656,41,1517.748969
3.810663,65,1517.884151
1.859005,68,1518.021636
1.335238,75,1518.167847
2.090942,74,1518.313735
101.833112,64,1518.436244
3.06543,76,1530.180545
5.129888,63,1530.31058
-1.247235,126,1530.564569
3.075517,86,1530.74253
1.999846,100,1530.946113
2.996097,68,1531.08959
1.609289,81,1531.265657
-0.766557,121,1531.525112
5.547196,64,1531.659522
2.618471,69,1531.807371
0.363037,86,1531.991276
2.908154,66,1532.127212
0.427036,74,1532.277821
104.742179,65,1532.40992
3.34151,70,1532.552372
4.770733,62,1532.681812
3.4551,76,1532.855594
101.185343,88,1533.051449
101.030763,81,1533.215699
1.322578,79,1533.37718
-0.070392,78,1533.5417
0.915627,78,1533.706881
-0.484655,97,1533.913108
5.037819,67,1534.052034
1.336533,86,1534.231925
1.563268,71,1546.012287
0.185901,194,1546.441699
5.193645,71,1546.595583
0.983402,78,1546.757468
101.312538,73,1546.912881
2.855849,83,1547.082376
2.69863,94,1547.279149
5.768942,68,1547.44108
101.423243,77,1547.605091
2.940534,70,1547.749848
3.041343,74,1547.901071
3.007015,73,1548.049151
100.231897,15,1548.083845
1.455962,82,1548.254107
0.067848,84,1548.426621
0.399407,165,1548.76696
2.02822,68,1548.908815
2.11585,67,1549.059651
4.500797,83,1549.231778
4.741314,64,1549.363394
1.381517,66,1549.496695
2.595295,72,1549.64621
4.610589,171,1549.99944
3.261026,66,1550.135522
0.867893,198,1562.19525
2.914167,91,1562.374775
103.268856,70,1562.515811
100.224138,22,1562.561924
2.775077,74,1562.70698
101.052652,69,1562.841338
2.79484,70,1562.980873
105.101713,62,1563.111384
1.044323,71,1563.254801
3.280262,66,1563.397079
1.449097,82,1563.5707
1.990571,72,1563.72131
100.451483,66,1563.855705
0.594772,109,1564.081947
3.315391,64,1564.21421
2.018377,66,1564.351295
4.117068,62,1564.481886
1.221516,176,1564.866299
4.534824,78,1565.030866
2.868808,75,1565.181993
1.225394,89,1565.361538
0.845085,94,1565.551872
0.557762,99,1565.751874
1.738092,69,1565.897111
4.214115,64,1566.028031
4.444433,62,1577.754897
5.29384,65,1577.887868
3.0818,79,1578.048775
1.103077,93,1578.239542
4.203134,68,1578.382632
4.991137,78,1578.540929
101.254384,60,1578.659927
-0.056477,80,1578.826453
4.301205,62,1578.96696
0.441402,77,1579.137256
5.786793,64,1579.280787
4.090873,72,1579.443133
0.591933,71,1579.595207
3.816674,72,1579.757073
5.05988,63,1579.888629
100.205249,97,1580.087368
3.124058,67,1580.23149
2.423311,72,1580.381295
2.272314,71,1580.545361
100.89144,108,1580.763815
2.754004,71,1580.904902
3.625014,65,1581.034786
3.227447,66,1581.167585
4.196266,73,1581.313473
4.6689,64,1581.439775
4.204254,65,1581.567142
4.880924,63,1581.688586
2.377364,68,1581.820367
100.828785,120,1593.781876
3.441367,64,1593.909286
5.066351,67,1594.043971
100.677193,141,1594.327662
4.218831,68,1594.468756
4.900204,63,1594.600832
2.135187,73,1594.757471
5.88423,66,1594.892703
3.521976,63,1595.019323
0.950902,69,1595.155474
1.119703,91,1595.33955
4.770795,76,1595.492561
4.095673,83,1595.657657
3.359267,69,1595.808573
2.095739,88,1595.977407
1.122622,125,1596.22641
4.978162,77,1596.382719
101.056299,65,1596.51009
1.184229,75,1596.661224
0.497745,71,1596.802413
5.235595,73,1596.950556
4.671166,62,1597.071728
101.31989,91,1597.255549
100.306687,47,1597.354573
-0.92482,153,1597.676845
1.993935,69,1597.81141
3.925106,73,1609.151975
3.141268,83,1609.312585
5.125201,63,1609.435337
0.850848,70,1609.568734
4.915064,63,1609.701625
4.020049,68,1609.838592
2.523251,65,1609.961917
4.833431,67,1610.094774
1.19566,85,1610.266846
-1.101399,103,1610.465801
1.232864,79,1610.624454
5.001244,63,1610.745776
1.662821,65,1610.871213
2.153339,81,1611.031769
3.003652,62,1611.149422
1.984569,71,1611.290478
5.546846,65,1611.435986
5.658369,70,1611.575988
2.555835,68,1611.704983
103.21277,83,1611.868664
3.53119,71,1612.011914
1.483122,96,1612.204707
102.113279,64,1612.332203
0.026439,94,1612.51894
3.66465,73,1612.664201
2.738075,64,1612.790951
100.651315,519,1625.393655
1.414375,76,1625.545147
102.186143,67,1625.68025
4.589847,65,1625.817006
1.435239,73,1625.971794
-0.920446,292,1626.583249
0.144537,207,1627.000254
2.706299,64,1627.134873
101.992084,92,1627.319247
3.306037,83,1627.490291
2.210178,64,1627.638405
-0.261904,1000,1641.018569
101.362813,100,1641.220129
2.726998,74,1641.370931
5.11039,66,1641.501854
5.399461,64,1641.642715
1.864656,70,1641.783907
4.258089,65,1641.912252
1.62797,89,1642.090901
4.012846,64,1642.216517
101.49765,67,1642.348626
4.083926,67,1642.486205
1.024266,83,1642.663944
103.196648,53,1642.774278
1.487879,78,1642.970951
101.14265,97,1643.164652
3.400653,87,1643.334175
101.54492,73,1643.476211
3.737521,69,1643.612421
1.420247,81,1643.774621
3.384388,67,1643.91068
0.363028,80,1644.072693
2.504044,80,1644.23635
101.046227,48,1644.331827
4.550392,74,1656.014502
2.801427,64,1656.150408
0.615381,91,1656.334917
0.957421,75,1656.485002
101.931312,67,1656.623987
4.345152,64,1656.756103
2.160401,96,1656.956436
3.085934,67,1657.095224
-0.731854,496,1658.136894
0.853388,72,1658.280898
100.681297,108,1658.497927
3.269529,66,1658.635692
3.19452,65,1658.784417
100.853557,62,1658.905435
2.874338,74,1659.054466
-0.548764,99,1659.25787
3.357835,66,1659.388239
3.155353,79,1659.548703
102.715346,63,1659.674737
1.654026,76,1659.835196
2.493374,68,1659.973399
0.247624,158,1671.755814
5.216493,62,1671.879808
0.334545,89,1672.064601
104.776455,60,1672.184737
103.798931,58,1672.302585
1.411179,96,1672.493331
2.693138,88,1672.674983
5.151537,63,1672.801678
3.376516,66,1672.935658
0.581641,86,1673.103718
-0.120173,80,1673.2824
-0.427319,111,1673.506959
2.944208,86,1673.682105
2.236919,69,1673.82068
100.812992,105,1674.024229
102.397321,57,1674.133994
-0.333196,87,1674.30512
2.097784,69,1674.439687
4.214636,76,1674.588111
0.867652,87,1674.756941
1.931306,82,1674.920767
3.570479,74,1675.065847
4.105561,71,1675.218958
3.058174,69,1675.372466
3.708573,71,1675.526362
3.519766,64,1675.668011
5.25986,90,1687.25412
1.773817,79,1687.428257
0.934266,74,1687.578589
2.997308,73,1687.728593
1.045568,72,1687.876003
4.377974,64,1688.00532
1.276949,72,1688.15474
1.372646,69,1688.296672
3.334985,86,1688.472022
0.10791,81,1688.639404
4.1569,68,1688.782515
4.067944,69,1688.928267
101.928081,41,1689.01523
3.904742,79,1689.178743
1.340439,70,1689.320416
-0.336965,115,1689.557869
3.14386,62,1689.680786
3.497319,84,1689.852521
5.054553,64,1689.981138
4.955053,63,1690.109666
2.331278,101,1690.328624
2.29394,68,1690.467202
2.825654,76,1690.625392
-0.563083,204,1691.052642
2.548563,70,1691.198047
3.269345,67,1691.333151
101.705724,78,1702.958789
4.176937,64,1703.082384
2.82458,68,1703.217125
3.733994,75,1703.369192
-0.493246,105,1703.57653
3.954896,77,1703.732464
5.486689,75,1703.89454
0.795932,88,1704.071365
101.02553,66,1704.204821
2.809752,76,1704.352752
102.923099,53,1704.457706
0.030809,110,1704.678374
2.889333,67,1704.809914
101.339602,83,1704.971131
0.667769,96,1705.164243
4.549524,65,1705.294302
2.20423,81,1705.453068
-0.875394,126,1705.727083
2.698796,88,1705.901115
0.377275,79,1706.068571
3.451941,79,1706.228276
101.898143,57,1706.346186
4.480714,65,1706.478701
0.059191,146,1706.789855
4.281729,72,1706.931077
0.192772,104,1718.413379
1.518814,69,1718.546464
1.9053,68,1718.693999
4.380378,61,1718.81535
2.47869,90,1718.992644
0.863388,91,1719.177673
4.337797,61,1719.298345
101.373662,84,1719.471449
104.072144,60,1719.59175
0.571092,70,1719.732728
3.287658,64,1719.858963
4.10479,69,1719.997818
2.833484,69,1720.139926
-2.663555,289,1720.725628
5.426793,89,1720.905504
-1.508955,102,1721.108767
3.772238,66,1721.245008
5.297876,61,1721.3702
4.680124,64,1721.494576
4.015319,84,1721.664428
1.457796,81,1721.838359
-1.795294,115,1722.063707
2.969616,68,1722.195888
2.232881,66,1722.323856
102.79047,68,1733.703774
101.46157,65,1733.830927
104.112389,58,1733.944793
4.0882,64,1734.075595
1.260753,80,1734.228435
3.306435,80,1734.389271
1.432485,92,1734.569762
0.26082,105,1734.781425
3.295445,73,1734.930753
2.137724,71,1735.075102
3.214763,65,1735.217966
3.372326,83,1735.382681
0.755037,128,1735.634818
5.670301,84,1735.802278
2.261544,72,1735.947941
-0.059887,100,1736.143562
5.700799,80,1736.302328
102.379057,73,1736.462531
0.508752,1000,1749.834047
1.49607,78,1749.992484
5.032114,68,1750.126672
1.163118,88,1750.305869
2.118255,83,1750.470628
5.108488,69,1750.609405
3.625384,82,1750.792607
3.016436,85,1750.965815
1.720307,71,1751.110983
1.315909,75,1751.258587
1.2424,71,1751.39986
-1.306247,96,1751.593117
1.445229,86,1751.773442
2.683074,89,1751.955803
0.433995,1000,1765.295106
-0.613894,101,1765.494338
-0.978249,91,1765.677348
0.777458,77,1765.829364
103.005773,80,1765.987933
1.424772,74,1766.136175
-0.408887,1000,1768.133863
3.697161,66,1768.267806
1.51233,86,1768.438343
3.740701,77,1768.589661
3.729455,127,1780.193551
4.120691,64,1780.320869
0.22783,120,1780.557878
5.100362,70,1780.700175
0.853487,75,1780.850421
3.105319,68,1780.987266
101.44844,84,1781.160452
4.258795,64,1781.290345
3.444443,69,1781.430256
4.457111,62,1781.558194
4.551016,70,1781.703945
-0.60017,110,1781.927891
1.932237,69,1782.068859
3.003718,100,1782.273189
5.033583,61,1782.399251
4.112865,75,1782.548428
1.643501,86,1782.728343
2.248631,74,1782.877046
2.349505,89,1783.056163
-0.905552,97,1783.253033
103.474464,55,1783.357891
1.998427,76,1783.505729
105.313479,69,1783.641245
4.771682,64,1783.769136
2.82635,67,1783.905434
102.172242,47,1783.999998
4.424015,71,1784.138557
3.475869,78,1795.645602
3.567837,64,1795.769671
100.624762,87,1795.940975
5.146572,63,1796.063422
3.29639,65,1796.191151
4.590862,98,1796.380577
1.937005,71,1796.518543
2.562419,72,1796.66895
2.452613,63,1796.810274
100.699809,104,1797.032032
5.773331,63,1797.167291
1.760522,70,1797.32462
2.385993,78,1797.491585
1.758563,90,1797.675995
2.512373,70,1797.817248
5.026863,70,1797.962569
101.65615,71,1798.107621
101.127152,57,1798.229543
4.37193,72,1798.383606
3.33886,67,1798.523421
3.005759,68,1798.66716
1.558251,73,1798.817927
1.605619,105,1799.024634
3.50693,60,1799.152862
2.017997,69,1799.286948
1.795685,69,1799.420296
3.232954,72,1799.561153
1.924674,68,1799.696326
1.41485,78,1811.24172
4.183471,64,1811.366971
1.589877,72,1811.508122
102.129565,80,1811.674667
1.584219,69,1811.822026
3.260856,72,1811.962396
5.027725,64,1812.092983
1.103097,73,1812.246853
-0.175865,116,1812.486517
106.00186,69,1812.639926
-1.151218,94,1812.830269
2.800027,68,1812.970097
2.406542,70,1813.11528
2.799756,68,1813.253827
5.501113,71,1813.395409
1.674652,82,1813.558794
4.886347,67,1813.695763
100.816808,72,1813.856564
4.753268,90,1814.040431
1.485745,70,1814.180228
0.110984,74,1814.326577
2.162025,82,1814.489007
4.069839,64,1814.618168
2.519883,67,1814.75676
2.950465,64,1814.884894
2.718793,80,1815.04358
1.285607,102,1815.241914
4.26844,64,1826.926452
1.188574,74,1827.072495
2.355007,75,1827.22262
1.891695,69,1827.355511
3.533654,64,1827.486588
3.030236,64,1827.61812
2.378234,72,1827.765695
3.051938,68,1827.915506
1.355733,77,1828.085691
3.214541,70,1828.222232
3.340194,78,1828.373811
5.824889,73,1828.518806
1.078627,78,1828.674136
2.374701,66,1828.803061
3.391228,64,1828.9271
2.870258,66,1829.054202
3.375022,63,1829.176992
2.174884,68,1829.307826
4.266153,64,1829.433342
1.317604,75,1829.577817
102.48406,67,1829.70788
1.948421,85,1829.871788
2.344299,64,1830.01223
1.33463,74,1830.160063
104.778901,71,1830.299788
2.409243,68,1830.431012
102.723961,56,1830.544258
0.54786,126,1830.789844
4.434728,74,1842.202091
3.13978,73,1842.345602
3.99021,83,1842.505515
5.048545,63,1842.626085
4.345144,66,1842.751667
100.929701,111,1842.973182
4.304372,65,1843.116634
-1.273933,168,1843.449988
0.271113,98,1843.646013
0.272445,87,1843.81892
100.663615,86,1843.988376
2.454334,68,1844.12379
100.820271,74,1844.273933
2.68316,80,1844.436913
4.084843,75,1844.591088
2.934435,68,1844.726626
1.867168,84,1844.900372
1.561516,69,1845.038223
100.119356,116,1845.288759
1.543189,73,1845.432523
3.945571,87,1845.607989
3.253535,70,1845.750782
3.404499,64,1845.878028
1.721779,72,1846.022899
3.008057,63,1846.149813
5.70923,82,1846.316983
1.7806,77,1857.767857
1.689878,68,1857.910283
1.324535,95,1858.099759
3.894258,93,1858.286995
3.043388,64,1858.41379
0.552757,113,1858.650765
4.754462,62,1858.778638
3.935759,76,1858.935724
100.456342,56,1859.061245
2.813416,86,1859.235384
1.568184,70,1859.37768
3.471486,66,1859.512502
3.091701,78,1859.665591
2.977697,81,1859.832489
1.803156,106,1860.049094
1.275516,103,1860.269269
101.160393,86,1860.450011
3.512851,66,1860.584893
4.438296,63,1860.713917
101.465967,75,1860.868744
4.069853,66,1861.001467
1.608933,87,1861.17497
1.675128,71,1861.3202
4.808856,73,1861.465025
2.434024,62,1861.587698
-0.212543,108,1873.133061
4.171459,64,1873.257986
2.72982,64,1873.387111
2.322646,69,1873.523814
0.85904,70,1873.663194
100.801177,82,1873.825745
-0.689193,170,1874.165045
4.631324,79,1874.342693
101.279123,57,1874.454954
2.254673,74,1874.599439
4.711394,70,1874.742742
1.047895,78,1874.903061
2.469217,72,1875.048916
3.957228,72,1875.194859
4.233359,65,1875.323443
3.175683,63,1875.450833
3.180558,68,1875.584422
2.210261,69,1875.732569
3.352123,68,1875.867225
1.105676,82,1876.038477
102.84961,63,1876.162226
0.255424,1000,1889.560587
5.05772,85,1889.736614
1.27254,87,1889.915932
2.006025,64,1890.043336
4.070204,66,1890.176796
0.513666,78,1890.339588
101.622245,95,1890.532235
101.785821,53,1890.639659
0.384868,72,1890.784504
0.470489,1000,1904.134192
0.187122,1000,1906.138919
5.030587,76,1906.29211
3.009112,61,1906.411557
4.238916,66,1906.551952
3.063055,68,1906.703092
4.563807,64,1906.834423
4.313607,75,1906.98823
2.566722,65,1907.122395
101.74038,70,1907.268296
4.768683,74,1907.417988
4.232444,70,1907.561021
0.233161,154,1907.884291
-0.751335,242,1919.910718
0.883972,73,1920.052727
3.308496,78,1920.206601
2.034349,69,1920.339274
3.37937,83,1920.511582
3.850361,75,1920.663531
0.979821,71,1920.807932
4.017698,70,1920.949085
0.101085,80,1921.106936
1.733397,78,1921.26413
4.007855,66,1921.39477
100.571558,67,1921.527005
2.6685,74,1921.672309
1.887593,69,1921.810106
100.928013,46,1921.903355
4.184893,74,1922.051554
4.171631,66,1922.180959
2.519686,74,1922.326562
100.855773,80,1922.490396
1.167654,75,1922.637094
0.882341,104,1922.848598
103.049817,60,1922.970696
4.828539,69,1923.10785
1.94698,71,1923.246416
102.042423,50,1923.349492
4.078095,76,1923.501769
3.341024,73,1923.647923
4.590808,92,1923.832188
0.884896,89,1935.735458
0.973318,78,1935.906097
102.042529,65,1936.047802
5.118521,64,1936.219886
2.346995,74,1936.374582
2.144077,84,1936.558712
101.333309,63,1936.683157
100.479019,74,1936.838958
101.362947,64,1936.962219
4.096632,66,1937.101701
3.157282,68,1937.249686
2.15163,75,1937.435082
3.293694,96,1937.627541
3.472812,69,1937.764608
4.015971,78,1937.914827
104.594494,64,1938.050267
4.603259,63,1938.192517
102.305114,79,1938.372427
3.961689,68,1938.523032
3.332576,66,1938.665557
101.246571,78,1938.848345
4.522638,67,1938.990368
4.329286,64,1939.124689
0.883831,106,1939.35159
3.592338,70,1939.499249
4.393002,74,1939.660006
0.362558,116,1939.902676
2.026211,73,1951.803156
5.722391,65,1951.935384
4.35814,89,1952.133802
-0.201137,1000,1954.180471
4.383126,71,1954.320822
4.922521,91,1954.502842
3.887574,64,1954.627991
2.210303,74,1954.77626
4.053257,62,1954.903848
101.457383,83,1955.092789
101.267277,68,1955.228262
3.021937,79,1955.382311
1.680219,89,1955.556931
1.579327,85,1955.726417
4.907552,62,1955.850344
4.634415,97,1967.452344
4.372302,85,1967.619912
101.087578,56,1967.732059
100.147007,67,1967.862951
1.395896,70,1968.009574
2.699734,68,1968.14246
102.323268,77,1968.296484
3.31753,65,1968.435523
3.778273,60,1968.554445
3.244231,77,1968.702994
101.473817,101,1968.900112
100.322436,80,1969.075287
3.730337,66,1969.206954
2.774031,67,1969.346045
4.128563,68,1969.48807
-1.028478,104,1969.700662
1.853973,69,1969.838553
4.221631,74,1969.982064
4.849946,65,1970.120084
103.39238,77,1970.268783
1.454859,82,1970.433758
2.816575,72,1970.581789
3.480388,64,1970.712923
0.647255,83,1970.875706
2.177794,67,1971.004695
3.226124,65,1971.132073
101.563786,77,1971.281621
1.989665,80,1971.432985
3.698347,77,1982.862493
1.732234,85,1983.028718
0.78075,85,1983.19262
1.464907,70,1983.329872
3.378444,77,1983.484955
4.35594,73,1983.630655
2.098013,68,1983.758574
-0.519572,97,1983.950876
4.436599,69,1984.084824
102.810175,73,1984.226578
3.611833,79,1984.398056
102.928966,64,1984.527856
0.239364,86,1984.696914
2.09642,72,1984.837483
100.518069,117,1985.068145
4.536801,65,1985.195516
3.108078,63,1985.318168
0.741318,84,1985.485443
5.942232,70,1985.623427
2.514248,80,1985.781336
0.441436,79,1985.944631
3.305127,72,1986.101983
0.723404,86,1986.274375
0.672956,90,1986.451477
3.615683,64,1986.574362
2.092609,82,1986.734099
3.922913,67,1998.382345
0.881741,80,1998.543568
3.550448,73,1998.688955
0.658478,85,1998.857089
102.953141,68,1998.988318
3.297238,66,1999.115841
101.881179,63,1999.240263
4.417391,62,1999.377488
1.790417,70,1999.516947
5.168395,71,1999.659221
101.065827,64,1999.78984
4.140197,67,1999.922821
3.135745,91,2000.112016
3.884041,66,2000.243161
101.863387,69,2000.381935
3.647058,65,2000.512358
0.473488,86,2000.680384
-0.050572,93,2000.868303
2.057196,70,2001.024842
4.901716,83,2001.19136
1.425163,72,2001.335514
0.329839,74,2001.48079
2.851525,69,2001.620162
0.931995,73,2001.766214
3.877161,73,2001.924836
3.357463,72,2002.072388
3.010615,64,2002.200632
102.661657,49,2002.303186
4.3399,62,2002.430402
3.413953,73,2013.895274
3.918135,73,2014.042337
2.09146,74,2014.194193
100.623052,78,2014.354699
4.059006,63,2014.487644
101.710142,59,2014.611361
1.994273,70,2014.754807
0.117495,71,2014.899155
1.754166,81,2015.057578
2.466054,65,2015.188822
1.882506,73,2015.335279
0.316839,1000,2017.341356
1.493063,72,2017.488365
5.650349,112,2017.714483
4.32464,73,2017.864435
3.953994,66,2029.490822
3.107116,69,2029.627435
1.537826,67,2029.761966
105.873081,67,2029.892385
1.210791,70,2030.033806
1.030066,71,2030.174619
1.798669,90,2030.352941
103.540331,67,2030.495735
1.700616,70,2030.646881
3.071842,73,2030.789083
100.659746,98,2030.981731
102.952396,51,2031.084208
2.779726,79,2031.240327
1.118363,81,2031.398085
105.304183,71,2031.539732
3.878096,81,2031.703179
1.6517,75,2031.852479
102.86157,53,2031.956349
101.285621,41,2032.037413
101.661623,71,2032.195106
0.273545,71,2032.336587
1.593717,74,2032.483028
3.496224,72,2032.6271
3.801365,80,2032.788021
3.486051,69,2032.928204
-0.71887,115,2033.164621
0.867721,76,2033.318307
100.856121,54,2033.425444
2.332032,64,2033.553312
1.919532,68,2044.961156
0.572026,81,2045.123742
5.058945,84,2045.290879
3.088977,66,2045.424603
3.338993,72,2045.568899
4.12989,67,2045.701781
2.707247,69,2045.836762
2.681163,62,2045.962601
101.268272,57,2046.0777
3.498883,84,2046.24459
0.080732,1000,2048.276546
100.746969,79,2048.43817
2.118269,70,2048.58918
100.262339,60,2048.713846
0.518045,98,2048.907896
4.284543,65,2060.33411
-2.053191,113,2060.572854
1.227506,96,2060.767148
1.413129,70,2060.908515
0.19239,1000,2062.940282
3.664761,65,2063.071606
5.653134,72,2063.213921
2.283855,64,2063.339962
1.90501,70,2063.482441
4.099602,63,2063.605602
101.708994,89,2063.783864
2.088756,89,2063.961457
101.190663,101,2064.156861
101.428881,97,2064.351246
2.575841,70,2075.906439
2.095716,65,2076.033257
2.645067,81,2076.190418
2.900103,71,2076.332
3.794787,65,2076.471136
3.673181,65,2076.60125
1.228479,73,2076.748489
1.505576,101,2076.946246
104.411769,77,2077.101498
4.999375,75,2077.253606
-0.797458,91,2077.445074
101.151268,90,2077.624297
2.795842,68,2077.756875
101.354514,46,2077.848872
102.358602,79,2078.009097
102.763123,75,2078.163553
2.696609,72,2078.307487
2.242182,72,2078.45259
102.185249,68,2078.587553
0.604772,94,2078.791036
3.616677,64,2078.915698
-0.141846,1000,2092.335307
1.182595,72,2092.483223
5.145257,61,2092.606542
4.380515,70,2092.742766
104.01652,71,2092.885503
5.133162,62,2093.027721
101.855707,89,2093.203993
101.250582,71,2093.345459
104.236628,62,2093.469144
102.159357,68,2093.605121
2.112931,70,2093.745771
5.004133,69,2093.884573
-1.187479,101,2094.092047
1.820476,95,2094.282166
-2.084166,113,2094.510738
0.433933,151,2094.837009
1.239991,85,2095.004518
100.479678,88,2095.182024
1.948685,74,2095.329025
100.439858,104,2106.886122
4.370316,78,2107.057277
1.640916,71,2107.199466
3.504333,69,2107.334264
0.144637,104,2107.546891
2.838674,68,2107.677538
4.254376,75,2107.826215
101.689228,51,2107.931315
4.74811,65,2108.070381
104.20541,63,2108.194033
4.589668,64,2108.326155
101.882753,64,2108.457499
-0.547725,641,2109.728872
3.177592,73,2109.869282
4.381056,87,2110.041135
-0.158889,161,2110.360346
1.194108,84,2110.529399
3.126989,64,2110.652857
5.194601,64,2110.776537
0.920917,75,2110.924098
100.705242,121,2122.471931
0.854547,84,2122.644015
-0.408815,80,2122.805796
0.354965,1000,2124.814051
0.32968,93,2124.999009
3.166613,62,2125.134432
3.428933,79,2125.288569
2.196199,75,2125.433591
3.797296,66,2125.560808
5.60568,62,2125.679031
0.589993,82,2125.838748
3.742921,64,2125.964507
1.080315,77,2126.114946
2.294744,77,2126.263918
101.379518,39,2126.339971
101.728635,76,2137.733955
101.937027,68,2137.863852
4.005738,92,2138.038207
1.821684,78,2138.183998
4.461107,64,2138.304192
1.568895,96,2138.492454
100.68034,90,2138.66655
4.38372,71,2138.805233
101.590098,73,2138.949784
1.140098,76,2139.103631
-2.36499,111,2139.332312
3.864701,70,2139.477102
3.735783,68,2139.6259
1.995789,71,2139.776641
102.16787,58,2139.895213
101.621883,94,2140.087047
3.393133,63,2140.214543
4.834872,75,2140.369777
1.053081,70,2140.5124
2.946235,83,2140.676979
102.876916,61,2140.801397
104.133847,77,2140.971036
5.094601,63,2141.101211
0.762447,90,2141.284387
4.552589,1000,2154.597923
4.98106,63,2154.718923
4.02917,78,2154.867707
101.3207,47,2154.960157
-0.218861,106,2155.167133
100.67673,59,2155.280445
2.096717,69,2155.415425
100.604127,275,2155.961742
3.274467,65,2156.093599
0.196284,81,2156.257
1.282063,64,2156.392155
2.99016,62,2156.514185
4.162865,87,2156.683467
3.717954,74,2156.835178
2.515183,81,2156.994053
101.128617,69,2168.386556
4.801078,94,2168.591595
3.296979,82,2168.754105
0.3433,95,2168.940828
3.503558,64,2169.067961
2.698417,69,2169.205021
4.013968,67,2169.339446
2.712119,74,2169.490064
3.667856,69,2169.630633
2.820714,65,2169.762599
101.27569,52,2169.866894
0.99964,76,2170.022373
0.621255,116,2170.262314
0.590771,129,2170.525455
2.45838,89,2170.699163
4.521321,65,2170.828458
-0.209276,117,2171.063904
-0.051054,83,2171.231974
101.853298,58,2171.350027
101.91609,63,2171.486557
-0.014203,112,2171.710912
101.304223,73,2171.857454
100.967601,68,2171.991962
2.142572,70,2172.13241
0.603481,83,2172.296672
2.947373,65,2172.427426
1.285482,70,2183.843258
-2.092763,112,2184.054773
2.329243,68,2184.187895
100.46359,67,2184.321481
5.110806,78,2184.483664
0.773067,77,2184.634817
1.813612,70,2184.774308
0.836038,95,2184.961692
3.062952,66,2185.093337
2.230757,69,2185.24497
4.212866,63,2185.370837
0.304852,99,2185.566961
3.268432,66,2185.705068
2.659805,81,2185.86956
4.371973,66,2186.004413
0.96989,1000,2199.373556
1.169209,89,2199.552485
104.094078,76,2199.706475
0.350148,95,2199.896131
0.117766,1000,2201.993447
1.179519,72,2202.154467
3.776096,64,2202.282987
100.198709,32,2202.348721
3.705937,64,2202.47811
2.333018,79,2202.637209
1.895453,88,2202.811485
0.725057,74,2202.965019
3.152968,75,2203.113885
4.395716,73,2203.263963
1.463799,86,2203.452613
5.909922,66,2215.035331
1.973893,70,2215.172813
-0.073942,92,2215.363302
3.066361,64,2215.491155
5.050798,64,2215.631599
-0.942667,137,2215.922501
101.96957,56,2216.040375
100.235557,263,2216.569273
0.754576,72,2216.71072
1.014667,70,2216.848679
0.665957,1000,2218.821577
2.294042,65,2218.954814
102.420978,75,2230.461406
0.092096,76,2230.612369
101.529541,73,2230.759712
4.768708,76,2230.910346
1.153153,1000,2232.996576
1.446732,67,2233.134733
102.402961,60,2233.277581
101.344747,69,2233.418463
5.342301,69,2233.556252
1.892299,69,2233.691752
3.186356,84,2233.85986
3.794161,64,2233.987143
3.29075,68,2234.122496
4.995127,63,2234.250846
4.252123,67,2234.38776
3.845845,65,2234.518486
100.466402,61,2246.146472
3.334999,75,2246.29369
2.500029,78,2246.444682
1.030237,71,2246.584569
3.68427,73,2246.732427
4.346964,63,2246.855825
2.283167,69,2247.005798
5.50906,65,2247.135361
2.966522,80,2247.291789
3.581112,60,2247.412008
101.109774,38,2247.491673
3.205812,61,2247.614375
5.022931,65,2247.74355
103.959924,63,2247.86479
-0.753044,100,2248.066154
4.234114,64,2248.195879
1.470755,98,2248.415015
-0.097953,88,2248.598219
2.620197,64,2248.730178
102.654928,72,2248.87514
0.784325,89,2249.055758
4.094611,61,2249.180639
4.326561,67,2249.316098
2.52521,60,2249.433558
3.517874,64,2249.562264
4.426756,64,2249.692735
105.819879,65,2249.824868
4.025893,86,2250.007963
2.097513,69,2250.143469
0.426968,84,2261.685951
1.66782,70,2261.82659
3.236651,67,2261.963648
0.423364,89,2262.140562
3.861891,73,2262.299115
2.002648,90,2262.475801
1.432628,70,2262.619019
0.981736,73,2262.768929
2.424552,80,2262.930991
2.008255,104,2263.139949
3.286724,66,2263.272753
1.968145,78,2263.42987
3.643805,63,2263.558244
3.882563,67,2263.691119
102.811725,80,2263.85111
0.935168,77,2264.002489
4.579681,64,2264.127304
2.728838,71,2264.28556
3.31722,90,2264.463387
-0.890794,235,2264.924941
102.846328,65,2265.052812
1.154427,75,2265.20398
3.354168,123,2265.443609
2.837301,87,2265.619834
101.847481,57,2265.733305
3.21152,66,2277.320322
3.841723,64,2277.449998
2.052936,72,2277.595565
-0.029511,138,2277.875625
101.178323,76,2278.025954
101.472466,62,2278.150548
1.317765,74,2278.31975
2.481054,69,2278.454753
2.983592,83,2278.617966
4.073278,64,2278.74589
2.311579,67,2278.878011
4.517557,61,2279.002003
2.870572,72,2279.142994
0.86931,98,2279.344978
3.978384,64,2279.485445
4.409587,61,2279.606328
3.512775,67,2279.734204
3.657661,78,2279.890263
100.588212,55,2279.996114
100.541895,79,2280.153017
103.209293,64,2280.276398
-0.135232,83,2280.440859
3.53507,65,2280.572391
1.098938,107,2280.788538
4.763653,61,2280.909996
3.588822,60,2281.027846
103.447466,72,2281.173647
2.663636,62,2281.295352
1.655147,73,2292.742573
100.637546,52,2292.849855
3.010556,63,2292.975452
4.030935,103,2293.176702
5.343615,66,2293.309451
1.07048,81,2293.464199
3.223706,64,2293.590807
101.1129,80,2293.756155
101.180237,63,2293.880103
100.710058,54,2293.992105
3.901864,77,2294.143791
1.718121,69,2294.281727
5.138143,65,2294.409428
4.807479,73,2294.55306
3.319856,70,2294.690676
100.830817,99,2294.888934
104.351466,71,2295.030091
4.476115,79,2295.18534
100.677832,63,2295.320477
4.931063,63,2295.447791
3.733106,78,2295.606602
1.482567,86,2295.777166
0.683316,1000,2309.501494
-0.339613,109,2309.735003
100.924913,51,2309.83366
4.561467,63,2309.955755
100.792182,55,2310.061838
0.513206,74,2310.224312
100.719694,76,2310.37909
1.217285,80,2310.539962
4.081661,66,2310.671566
2.494638,89,2310.850143
5.541279,65,2310.977764
2.691648,68,2311.114108
1.321179,78,2311.284995
100.946721,76,2311.43558
103.212328,74,2311.583625
3.789477,86,2311.755126
101.144169,73,2311.901562
3.687814,81,2312.064671
5.251763,74,2312.213925
101.737815,56,2312.324975
3.27736,69,2312.459995
-0.594558,106,2324.062709
2.979569,81,2324.232555
2.596841,67,2324.362339
-0.352013,76,2324.508075
1.969429,81,2324.664803
3.426218,67,2324.798734
4.220438,86,2324.968436
2.282187,68,2325.102055
3.796471,65,2325.229516
101.017211,37,2325.301779
1.332528,82,2325.464622
3.245563,62,2325.585989
104.108722,58,2325.697555
1.375357,1000,2327.842765
5.325982,63,2327.967173
4.622329,66,2328.099865
0.93544,92,2339.787249
2.920656,63,2339.922838
4.914606,79,2340.087435
2.792224,68,2340.231712
101.682545,69,2340.3781
101.525697,99,2340.582191
3.339219,64,2340.719197
1.629645,79,2340.89577
5.829969,77,2341.055386
0.95632,69,2341.194606
101.457808,39,2341.273321
4.873139,73,2341.427896
0.648241,73,2341.580397
4.867701,64,2341.711565
4.825695,63,2341.838426
4.648537,165,2342.172056
2.920294,63,2342.302528
101.016396,77,2342.453529
0.147911,82,2342.628891
1.208809,73,2342.775201
4.455734,63,2342.905875
1.579753,70,2343.044629
2.526618,86,2343.213176
3.100308,66,2343.343095
1.07312,139,2343.623048
1.099496,70,2343.767726
3.669519,66,2355.337147
2.876167,66,2355.484307
4.817169,72,2355.630351
-0.691889,93,2355.818666
1.293127,134,2356.094361
0.051602,111,2356.324929
1.113217,97,2356.529942
0.306562,123,2356.779899
0.607447,77,2356.941496
2.570125,70,2357.08541
0.839749,69,2357.225189
2.696276,68,2357.36658
3.068116,65,2357.499138
100.152073,47,2357.597481
3.53567,65,2357.731707
2.533263,67,2357.868034
3.584234,65,2358.003585
3.209394,92,2358.198587
3.234581,89,2358.382647
2.71644,63,2358.512097
3.314862,143,2358.809052
1.549422,69,2358.952141
100.271597,257,2359.494238
-0.239152,118,2371.120358
4.340798,65,2371.252265
3.382958,79,2371.40818
104.501896,59,2371.528123
3.774281,81,2371.691034
1.407625,70,2371.831681
101.277947,66,2371.96422
3.306172,67,2372.099778
101.754524,66,2372.244629
3.768951,64,2372.375791
0.263833,1000,2374.34427
1.920572,89,2374.522575
1.280119,75,2374.672707
3.109084,82,2374.833293
1.542756,96,2375.022098
101.545479,77,2386.574627
1.774339,71,2386.728179
3.959501,86,2386.897546
2.133898,69,2387.031637
104.381078,59,2387.148278
3.475113,89,2387.324699
1.999988,69,2387.463108
100.9684,80,2387.628011
-1.090222,154,2387.933553
2.678528,66,2388.072289
2.377021,71,2388.211442
3.466371,82,2388.371271
104.627667,75,2388.515606
104.274206,83,2388.679653
4.812961,65,2388.809164
4.708386,75,2388.959671
2.383104,69,2389.097116
5.801204,72,2389.2359
2.833548,89,2389.40952
103.817396,66,2389.544418
5.490614,63,2389.673199
103.152388,58,2389.783408
4.729233,88,2389.956993
2.117561,74,2390.101882
0.810085,116,2390.331147
0.282948,1000,2403.754748
1.301916,77,2403.912115
101.063639,94,2404.102217
3.2611,68,2404.241978
2.991137,75,2404.391562
2.489262,68,2404.525643
1.598015,70,2404.666543
5.425687,70,2404.816975
5.233516,65,2404.945428
5.66961,73,2405.091981
4.251905,157,2405.403361
101.308525,86,2405.572927
4.247219,69,2405.716642
104.376243,81,2405.876449
1.302452,62,2406.000829
101.230102,54,2417.692327
2.218122,84,2417.877115
0.704093,87,2418.0525
3.59113,66,2418.180776
4.284025,190,2418.559341
1.590338,88,2418.734798
2.073033,64,2418.862612
3.730566,64,2418.99047
4.800846,71,2419.131668
1.667883,69,2419.271097
3.858149,72,2419.430149
3.574382,71,2419.572102
2.606584,88,2419.747518
101.545952,69,2419.882497
1.68943,81,2420.046917
3.56403,87,2420.218332
101.069929,76,2420.373943
4.979163,71,2420.514941
101.042882,72,2420.65485
1.106509,93,2420.839019
101.60771,38,2420.911122
100.635346,94,2421.108221
1.997355,66,2421.239493
2.498437,68,2421.378428
4.302348,66,2421.511834
3.72479,88,2421.68737
3.353399,88,2433.134107
102.03491,72,2433.296595
2.660985,81,2433.460511
5.367157,63,2433.586531
1.478217,73,2433.732761
101.1701,113,2433.961117
1.669189,92,2434.148749
102.78322,59,2434.268642
101.318104,95,2434.464987
3.31734,71,2434.609904
2.856681,82,2434.777591
2.710447,72,2434.924445
101.603096,68,2435.059996
5.188122,66,2435.193705
2.227559,69,2435.338395
2.713527,63,2435.46668
3.366282,62,2435.588903
4.365607,77,2435.740909
3.61686,61,2435.861655
2.794948,68,2435.996556
101.166823,43,2436.083314
1.821195,70,2436.224574
0.898647,69,2436.362286
102.670116,65,2436.487155
3.879367,77,2436.639699
0.888483,75,2436.794391
100.622072,28,2436.852497
2.276786,69,2436.991327
101.031868,66,2437.123657
0.940698,72,2448.523674
4.00026,86,2448.689668
101.390374,52,2448.792537
101.088437,92,2448.974083
0.829251,90,2449.151613
103.43368,62,2449.273533
103.112175,59,2449.398103
0.93722,87,2449.57121
3.895813,95,2449.773497
-1.554459,97,2449.967194
4.466332,66,2450.099672
-0.443902,110,2450.317269
101.943077,46,2450.410298
4.978146,64,2450.540138
0.337943,90,2450.721329
4.711634,85,2450.888532
2.968549,62,2451.017732
101.447892,66,2451.147828
0.225452,87,2451.327594
105.737091,74,2451.481368
3.93836,89,2451.667404
1.903768,70,2451.812319
2.483165,72,2451.960828
0.564582,89,2452.145219
3.023293,70,2452.293603
5.378977,69,2452.442436
106.124613,71,2452.591637
105.470311,71,2464.000445
1.781786,78,2464.158427
2.853383,71,2464.300552
-1.541597,111,2464.527641
4.435387,64,2464.656388
0.88784,89,2464.838851
0.499307,97,2465.035244
-2.688977,132,2465.303637
3.1904,69,2465.440645
1.466361,68,2465.577303
1.73032,71,2465.717677
3.716209,65,2465.846028
3.151789,59,2465.96095
3.938533,73,2466.105816
2.997903,121,2466.350214
4.68834,67,2466.484782
4.129236,68,2466.619091
101.259653,68,2466.753946
101.614995,73,2466.900759
4.12085,61,2467.026268
3.423304,66,2467.159688
3.388212,93,2467.350868
0.240321,1000,2480.653999
0.995304,79,2480.808993
6.11482,76,2480.965403
2.146851,62,2481.091956
5.182112,63,2481.213806
5.575772,63,2481.341374
0.236944,79,2481.497935
2.035855,80,2481.655889
0.270382,78,2481.809235
105.011415,64,2481.953119
3.024634,65,2482.080338
1.084755,96,2482.274158
104.621017,68,2482.409964
102.382668,74,2482.55618
1.88879,75,2482.705761
0.046793,79,2482.862292
2.601698,61,2482.983222
101.626525,73,2483.127664
3.1569,65,2483.2573
5.194406,85,2494.693182
101.493319,79,2494.852851
3.751619,70,2494.992916
103.988499,64,2495.125305
-1.834948,487,2496.119404
3.573714,81,2496.282752
3.716106,65,2496.409604
-2.20731,130,2496.665473
105.03677,71,2496.80838
4.38577,70,2496.94778
0.052759,88,2497.120561
101.208955,54,2497.230128
4.992233,82,2497.412858
1.55658,76,2497.566203
5.68971,69,2497.705811
2.57462,81,2497.867025
103.772216,56,2497.979117
3.085929,99,2498.176064
1.11018,82,2498.342394
103.731299,67,2498.476652
102.77702,81,2498.639488
3.926129,64,2498.77096
5.153028,63,2510.210244
5.050731,65,2510.341654
4.26211,62,2510.468897
2.177028,75,2510.620997
5.122047,66,2510.759876
100.268999,48,2510.856714
3.184928,63,2510.982725
0.588206,105,2511.195076
105.111478,77,2511.352231
3.296345,71,2511.497352
101.521303,63,2511.635014
1.468042,90,2511.819645
0.625494,74,2511.967414
0.678749,456,2512.894029
101.278042,107,2513.109624
0.775794,76,2513.264671
101.384495,97,2513.458718
-0.156009,92,2513.640689
0.655613,74,2513.788264
4.683151,89,2513.967221
101.88561,72,2514.112252
104.195993,57,2514.224716
0.295772,1000,2527.628281
103.869304,56,2527.742129
1.931765,92,2527.925867
3.549725,64,2528.058747
4.339258,75,2528.208883
0.713976,78,2528.371093
0.933917,75,2528.525421
4.246728,63,2528.653656
3.66144,65,2528.786555
0.562734,74,2528.934648
1.93967,76,2529.089922
5.335247,74,2529.242534
2.761069,70,2529.384294
4.443814,69,2529.526849
2.105746,69,2529.662615
1.114526,81,2541.208162
-1.611272,106,2541.418762
-0.571335,85,2541.589731
1.902084,72,2541.733775
4.672103,79,2541.908881
3.649613,67,2542.048318
5.114018,63,2542.175681
3.63204,71,2542.321637
3.673193,64,2542.448534
101.10107,88,2542.62916
100.666935,49,2542.723811
3.826999,68,2542.855807
5.439701,93,2543.049844
4.97537,77,2543.199619
4.362072,71,2543.339415
4.587925,64,2543.478267
1.578303,70,2543.615902
-0.236633,119,2543.850014
101.48897,78,2544.003645
3.326309,64,2544.13118
0.652737,76,2544.293125
4.166315,83,2544.461892
3.326136,67,2544.596909
100.616558,50,2544.697315
2.898043,73,2544.842208
3.909868,98,2545.049126
2.269341,70,2545.191518
101.484722,80,2556.591156
100.499843,49,2556.687772
1.354245,85,2556.853833
104.821675,72,2557.010119
100.800017,69,2557.146688
102.422263,71,2557.288353
101.669808,114,2557.512086
5.375387,69,2557.651252
5.064319,65,2557.779208
4.521106,63,2557.909024
-0.158289,84,2558.076937
3.911551,64,2558.204559
103.9894,69,2558.339013
3.6362,61,2558.45986
1.043909,69,2558.596711
101.346394,43,2558.682887
4.860059,71,2558.826559
2.724017,59,2558.943808
-1.726189,137,2559.219157
2.450979,64,2559.344508
3.135772,134,2559.61868
5.5e-05,83,2559.786301
3.085209,61,2559.909059
4.124164,78,2560.067919
2.693387,74,2560.229662
4.349415,83,2560.393276
2.513335,72,2560.536772
0.76789,76,2571.982469
2.628952,70,2572.126763
1.570821,77,2572.283758
3.505333,71,2572.429719
2.504203,67,2572.560883
3.482671,82,2572.726876
1.611757,85,2572.898366
3.281963,68,2573.036633
105.255437,68,2573.189385
2.997029,66,2573.323448
0.952033,64,2573.453671
0.273252,1000,2575.481708
2.587802,94,2575.686179
3.812987,65,2575.81828
101.590809,57,2575.934356
4.79839,62,2576.055931
100.784113,50,2587.420816
0.881485,88,2587.613665
2.979927,59,2587.728732
1.61307,98,2587.924489
105.252468,73,2588.070026
4.676842,79,2588.225773
5.708275,73,2588.372043
101.733735,51,2588.473097
4.265293,64,2588.600451
3.423389,75,2588.748598
101.376469,67,2588.881686
4.416853,64,2589.007638
101.160432,71,2589.150921
-0.222689,86,2589.324293
4.164576,62,2589.447692
1.340345,76,2589.598943
-0.6076,89,2589.776115
0.444713,86,2589.946131
0.742262,84,2590.117932
0.948639,96,2590.307844
-0.339804,105,2590.508593
3.001365,69,2590.646522
4.633333,61,2590.763785
100.861639,58,2590.880566
3.24719,83,2591.041498
4.085411,65,2591.173776
1.464173,80,2591.333339
4.818355,72,2591.475525
4.237994,64,2602.960595
1.845295,75,2603.111376
3.900863,76,2603.267232
4.684067,71,2603.411282
4.951453,65,2603.545971
-0.005702,138,2603.842157
5.052004,75,2604.005435
100.628973,59,2604.123974
4.138364,70,2604.266177
4.025971,63,2604.39241
3.852644,65,2604.523836
2.167766,69,2604.663477
1.290802,76,2604.816133
2.681483,71,2604.958789
1.494357,70,2605.104893
101.659761,65,2605.238267
0.236595,87,2605.429457
1.086722,147,2605.730099
2.019551,69,2605.865855
2.677125,68,2606.006452
102.795115,49,2606.10458
2.406265,71,2606.246095
2.724881,90,2606.440818
101.381376,65,2606.575835
103.396508,84,2606.741561
3.567048,81,2606.907272
101.768692,77,2618.40006
-0.516107,140,2618.697073
3.900214,90,2618.876579
2.688959,67,2619.011534
5.157067,77,2619.165131
4.023203,61,2619.289242
5.036485,67,2619.42316
3.399138,85,2619.60023
1.281558,80,2619.763049
2.140328,70,2619.902784
4.683636,77,2620.060623
3.433403,83,2620.226311
100.549366,48,2620.323709
0.245376,1000,2622.31768
2.818841,68,2622.458289
4.28005,60,2633.98158
2.809947,86,2634.165225
5.448498,89,2634.351354
3.143618,67,2634.493162
101.386065,65,2634.641314
100.067613,81,2634.80623
5.134909,62,2634.935359
101.152934,87,2635.121842
2.433914,74,2635.278965
5.324854,63,2635.40976
2.674881,86,2635.589194
1.141598,103,2635.800174
0.345076,76,2635.955954
4.729314,64,2636.09153
1.759808,84,2636.277322
3.242126,71,2636.425915
4.485105,93,2636.628133
2.202342,79,2636.790149
100.225852,61,2636.918699
0.465205,80,2637.089494
105.964649,74,2637.241691
103.689381,69,2637.397717
0.72474,72,2637.545713
3.469913,64,2637.670772
1.767577,74,2637.822831
-0.867959,118,2638.069432
-2.200314,130,2649.573857
4.313546,60,2649.698955
101.062475,68,2649.837994
1.533607,72,2649.98895
2.839402,62,2650.12199
4.920832,63,2650.254571
0.359438,93,2650.447881
4.658418,63,2650.581707
2.008698,68,2650.720445
100.672809,86,2650.89681
3.634305,67,2651.03427
4.472688,60,2651.157537
1.079993,149,2651.464964
4.291291,85,2651.640417
1.92284,75,2651.792467
4.420769,63,2651.921196
4.142141,79,2652.08185
6.111455,65,2652.215224
101.853874,100,2652.424268
-1.08023,114,2652.661873
4.421268,61,2652.789741
3.845254,65,2652.922376
2.053161,145,2653.217623
101.229152,55,2653.328717
2.537129,61,2653.450059
2.566577,69,2653.596012
0.956701,82,2665.219207
102.238441,65,2665.353231
3.989378,60,2665.48664
2.421159,69,2665.628903
3.068538,76,2665.802261
5.203658,68,2665.94264
3.536088,68,2666.082431
-1.611529,133,2666.368096
3.259881,65,2666.501404
102.240542,47,2666.598966
3.149304,64,2666.728806
102.767341,68,2666.870406
2.205722,93,2667.057173
101.546047,70,2667.200181
1.023001,87,2667.395312
2.047822,75,2667.550968
-0.029551,94,2667.746034
103.059007,68,2667.886956
100.423735,74,2668.038987
0.869023,76,2668.193367
0.612209,79,2668.352742
103.166587,71,2668.500158
0.79844,93,2668.690849
4.152891,60,2668.815423
100.95857,65,2668.94819
3.433947,69,2669.091152
3.839278,80,2669.256529
100.746293,82,2680.644646
1.356082,69,2680.797657
3.079713,90,2680.980794
100.538812,67,2681.121139
2.530831,69,2681.263916
-0.718307,114,2681.498578
-1.254227,98,2681.700738
0.880134,79,2681.859028
-0.510686,282,2682.413067
104.928728,74,2682.578218
101.28791,73,2682.72286
102.37103,71,2682.862643
4.947131,62,2682.988157
4.844476,63,2683.112444
4.317232,81,2683.276625
2.769271,70,2683.414931
2.040242,72,2683.556673
101.659707,62,2683.678735
-0.777385,79,2683.832718
102.325636,50,2683.930768
1.03977,89,2684.104727
1.564978,63,2684.226813
3.771498,67,2684.359069
101.0892,75,2684.502918
104.603674,73,2684.65959
4.051633,64,2696.024213
101.006157,91,2696.209395
4.947039,61,2696.330741
5.277666,61,2696.455908
3.767198,162,2696.809479
3.839795,64,2696.945741
2.03763,70,2697.088694
2.865299,68,2697.232988
3.424427,68,2697.377379
3.216154,58,2697.495574
0.306588,1000,2699.51308
3.98178,59,2699.629185
1.607578,73,2699.770092
102.375567,68,2699.905086
1.676142,96,2700.092301
101.256741,51,2711.455245
103.416704,61,2711.575763
1.221765,123,2711.815978
0.99417,77,2711.967768
0.284486,294,2712.577958
-0.176538,88,2712.756592
2.025974,71,2712.897796
5.4135,61,2713.017033
0.755126,81,2713.178072
1.457669,89,2713.350362
0.364319,77,2713.500893
1.951399,74,2713.647171
3.366305,69,2713.780324
2.552774,91,2713.957335
101.037374,160,2714.263935
1.523502,85,2714.43056
3.140855,84,2714.593787
1.789627,86,2714.762551
3.569897,129,2715.010333
-1.500829,90,2715.183944
4.832991,61,2715.304544
102.358345,65,2715.451655
2.034989,69,2726.876145
2.177964,89,2727.056591
2.373718,80,2727.217559
100.550146,66,2727.348723
100.499909,88,2727.527811
3.791348,66,2727.67431
3.491832,61,2727.803922
1.814975,69,2727.950783
3.255172,67,2728.09001
102.66717,53,2728.202087
103.748488,69,2728.340098
4.79382,60,2728.463975
1.236973,69,2728.60439
101.370169,69,2728.747583
4.020795,63,2728.873622
2.047265,71,2729.023227
2.74219,65,2729.146532
103.052195,67,2729.281289
105.104678,66,2729.413903
3.758006,86,2729.586997
1.734817,73,2729.730974
2.463919,64,2729.854561
-0.082346,79,2730.009634
3.881658,66,2730.140018
3.776911,86,2730.31287
2.548235,70,2730.448944
3.282406,60,2730.564957
2.665999,74,2730.712517
4.463171,60,2730.84062
5.204081,160,2742.569747
3.022622,88,2742.750653
3.077831,88,2742.920035
3.430118,82,2743.083714
4.612497,70,2743.221402
4.341714,83,2743.387316
102.22164,65,2743.517913
2.436444,81,2743.680959
4.614405,67,2743.812373
100.7855,83,2743.970351
2.310341,82,2744.131056
1.796832,89,2744.310102
1.793195,74,2744.467071
101.478937,88,2744.641109
-2.001226,161,2744.962714
100.920348,86,2745.133045
3.176268,80,2745.29382
1.289718,76,2745.445331
-2.390851,116,2745.677546
102.273242,54,2745.785824
4.426784,71,2745.922243
100.599968,26,2745.977586
100.45391,39,2746.055071
3.901281,85,2746.228678
1.831216,79,2746.394349
1.176462,78,2757.899221
1.748656,69,2758.040071
104.712828,75,2758.191176
101.333329,88,2758.369676
101.01222,121,2758.618419
0.952545,85,2758.80554
102.233915,69,2758.941083
2.339154,69,2759.081054
2.334081,78,2759.235348
4.607126,65,2759.36441
100.958593,78,2759.516883
4.441365,63,2759.638922
104.985872,72,2759.780289
2.43139,66,2759.909027
3.404147,66,2760.039454
3.522191,85,2760.214638
3.359418,62,2760.353685
1.859727,71,2760.502277
-1.114041,122,2760.751555
4.064515,88,2760.935776
3.121561,75,2761.087696
4.532718,62,2761.228131
5.319,89,2761.414067
103.038088,63,2761.545585
1.064896,69,2761.691357
4.396986,66,2761.823173
-1.633932,92,2773.140774
2.155209,74,2773.304113
2.021828,74,2773.452559
3.550464,93,2773.636777
4.531156,90,2773.818428
2.52913,66,2773.952617
3.163616,59,2774.066873
3.894397,64,2774.190151
-0.39662,90,2774.362841
-0.368609,109,2774.568186
1.478697,91,2774.743765
1.520084,88,2774.913886
105.134671,63,2775.03682
-0.300574,108,2775.249553
2.495383,66,2775.37761
3.006984,71,2775.517583
5.113043,75,2775.672175
3.80664,70,2775.80794
0.981308,125,2776.051934
1.028243,95,2776.246895
1.123812,105,2776.46002
105.1434,67,2776.599874
3.241286,71,2776.746856
1.42945,84,2776.921121
1.448441,79,2777.082575
102.88498,58,2788.523861
2.023607,73,2788.685137
104.261973,63,2788.810657
2.156565,70,2788.951772
2.406818,67,2789.083745
4.705167,68,2789.212862
1.178335,79,2789.374207
0.359568,1000,2791.339689
101.078478,134,2791.600363
4.202366,89,2791.780653
101.203014,78,2791.931539
4.777664,61,2792.052275
1.899458,71,2792.192047
4.682053,63,2792.319347
101.684649,43,2792.423341
103.739195,57,2792.536591
4.018856,62,2803.981783
100.815225,97,2804.166243
100.932726,76,2804.324641
-0.172227,186,2804.703073
101.159932,84,2804.870095
3.476949,68,2805.004387
103.049606,77,2805.158889
-1.483078,144,2805.454438
1.550609,71,2805.599927
1.99107,72,2805.747142
2.402603,75,2805.898509
0.296068,76,2806.051899
1.914171,71,2806.189909
4.108658,65,2806.321349
1.124385,121,2806.563551
3.915769,65,2806.693125
0.389823,89,2806.870488
1.962105,82,2807.026497
5.454721,60,2807.151004
4.638799,69,2807.285963
4.164504,67,2807.416297
102.988376,51,2807.516626
5.562505,70,2807.657963
4.985362,70,2807.80372
2.825147,91,2807.995783
3.960169,65,2819.627426
4.341626,68,2819.763712
3.970371,69,2819.904432
101.157618,43,2819.989071
1.032811,91,2820.178257
3.256939,65,2820.313241
4.270897,70,2820.455998
0.951007,1000,2822.510988
3.769115,66,2822.647947
3.967845,66,2822.799126
-0.123441,90,2822.97691
2.505552,91,2823.151923
2.323783,79,2823.303318
1.305273,85,2823.473467
3.460012,85,2823.636744
4.137318,90,2835.04498
0.8434,112,2835.258196
1.985799,76,2835.407262
101.878051,42,2835.489703
102.429282,55,2835.59739
3.426065,64,2835.721091
101.34373,67,2835.852322
1.118232,92,2836.042491
105.687406,76,2836.193363
0.801409,73,2836.337911
100.452722,68,2836.470592
101.468159,58,2836.587712
2.83391,60,2836.70393
0.161036,178,2837.066984
2.471763,80,2837.223604
5.045397,76,2837.375616
2.251188,69,2837.51345
1.989832,83,2837.680182
1.391071,68,2837.816623
5.514867,76,2837.968676
1.012953,77,2838.127792
3.864385,77,2838.288255
-1.919342,134,2838.562438
3.402633,67,2838.70053
2.431624,73,2838.883364
101.169082,78,2839.037863
4.991681,140,2850.508314
4.324994,66,2850.65335
3.944014,66,2850.783423
0.541137,76,2850.94369
1.159019,99,2851.147209
1.618779,76,2851.302474
100.841439,56,2851.418159
103.173722,79,2851.577769
4.130032,63,2851.709193
3.458364,66,2851.842875
3.718293,71,2851.987034
2.66114,60,2852.110871
2.600536,71,2852.254223
2.130412,64,2852.382562
3.186866,90,2852.568307
4.111553,69,2852.710222
0.824515,85,2852.881721
100.926843,37,2852.975679
4.052189,77,2853.130953
1.358627,125,2853.379366
100.873751,113,2853.601426
100.360957,84,2853.761555
4.012926,62,2853.886201
4.191864,65,2854.012473
3.72991,106,2854.216338
0.971843,84,2854.378915
5.814523,67,2865.94401
3.063901,68,2866.082642
101.590964,77,2866.236945
3.602683,67,2866.370688
4.389957,67,2866.520099
0.808547,91,2866.695858
4.473886,63,2866.819213
3.809817,64,2866.949289
5.129755,67,2867.077966
2.256375,70,2867.213035
3.233657,61,2867.331655
2.660601,85,2867.501343
1.905316,69,2867.634841
3.942979,93,2867.840937
100.613903,80,2868.052792
1.642577,71,2868.229383
103.397718,75,2868.375954
2.142006,69,2868.508975
3.981556,65,2868.63673
2.826826,67,2868.768087
103.40552,51,2868.868343
2.437051,69,2869.001604
0.650828,181,2869.356464
1.149006,77,2869.507335
4.378489,68,2869.641002
5.005522,61,2869.763318
101.575348,70,2869.922355
5.012183,63,2881.607871
0.424077,93,2881.794593
3.4716,62,2881.916376
4.122566,66,2882.044551
3.098307,69,2882.179335
2.107922,68,2882.325454
4.711986,90,2882.504576
4.280015,70,2882.64676
3.371875,68,2882.786304
0.296084,89,2882.982186
2.818049,67,2883.11929
100.329072,21,2883.163545
101.965223,46,2883.257838
1.463288,74,2883.411453
4.055351,63,2883.54198
4.018216,105,2883.752484
3.028895,69,2883.892897
4.805673,63,2884.033682
4.738426,62,2884.15972
101.684912,65,2884.293538
101.921186,69,2884.433679
0.167862,82,2884.599191
3.858829,66,2884.739131
3.324913,78,2884.907295
101.184463,78,2885.070168
1.402272,85,2885.242491
0.336531,85,2885.414235
101.28551,93,2885.600918
1.2199,71,2885.76038
2.181233,70,2897.148992
0.27174,75,2897.30126
4.528532,69,2897.444623
3.093136,87,2897.633276
0.765148,604,2898.819819
3.735152,71,2898.96214
-0.453605,1000,2900.960361
1.474287,73,2901.104722
103.323399,75,2912.514462
1.519792,71,2912.655604
3.374493,65,2912.793135
2.382771,71,2912.936768
1.666232,65,2913.067937
103.275831,78,2913.223854
4.049773,63,2913.348706
103.507912,73,2913.49518
3.02667,75,2913.644511
-0.27779,92,2913.827401
102.438519,69,2913.964343
-1.179492,119,2914.205807
2.27196,116,2914.447185
2.747351,65,2914.580774
100.961255,80,2914.743316
3.419002,66,2914.873969
4.223159,70,2915.032241
103.965279,71,2915.17539
2.052791,88,2915.35013
100.857934,63,2915.475312
3.521013,66,2915.607961
2.805939,62,2915.730404
2.322542,65,2915.859521
1.874628,72,2916.00203
100.882316,81,2916.182299
0.87995,63,2916.307248
3.391678,65,2916.438046
2.15253,72,2927.770515
4.043974,78,2927.979053
102.169161,68,2928.161651
100.517687,26,2928.22367
3.984921,65,2928.348241
2.212924,93,2928.529648
0.724058,86,2928.700874
101.216839,91,2928.883958
100.822358,74,2929.028264
2.982432,71,2929.163577
0.241467,78,2929.314821
-0.383415,1000,2931.260174
2.943022,60,2931.389298
4.480595,65,2931.512002
3.513672,89,2931.684556
101.074858,324,2943.605754
3.544696,69,2943.751379
4.391376,83,2943.915209
101.020725,45,2944.007526
1.727432,73,2944.150571
2.987264,83,2944.310996
3.136921,61,2944.430817
101.835836,122,2944.66903
1.771058,94,2944.868239
5.1877,80,2945.034069
4.468755,64,2945.165634
5.511282,69,2945.309152
1.405152,79,2945.471404
1.775709,72,2945.616528
3.229656,89,2945.808657
2.460412,70,2945.949858
0.235302,71,2946.099509
5.443881,62,2946.230079
0.997437,79,2946.393745
3.625458,70,2946.538906
100.886458,63,2946.667222
1.496683,94,2946.853709
2.621821,70,2946.98946
3.009755,63,2947.115292
4.443417,75,2947.262762
0.235506,79,2958.587344
2.378026,77,2958.733033
0.442298,222,2959.186415
5.41741,65,2959.31114
3.608509,61,2959.428972
101.514865,113,2959.654627
100.908237,51,2959.759769
3.720294,65,2959.884147
101.235096,64,2960.011376
3.434361,66,2960.140081
1.912284,69,2960.276188
4.466245,60,2960.391357
1.860967,90,2960.568776
5.476525,61,2960.690317
1.469133,71,2960.82979
106.025217,66,2960.974592
4.154587,95,2961.160574
0.836087,66,2961.289784
100.968704,69,2961.423286
3.953294,66,2961.54976
4.554463,67,2961.682292
3.1988,69,2961.815871
2.17447,69,2961.95041
101.032365,62,2962.073692
2.818352,74,2962.219136
0.764291,83,2962.379783
101.072206,87,2973.848145
5.314454,63,2973.96875
3.325238,66,2974.097381
1.586468,70,2974.235163
5.944784,68,2974.368104
5.509076,87,2974.53875
101.028962,59,2974.655215
4.004967,72,2974.805808
3.03756,64,2974.935457
101.259892,87,2975.11162
101.877429,61,2975.235744
100.949286,73,2975.385896
4.151026,64,2975.516369
2.550545,91,2975.70226
1.104324,70,2975.842016
1.254856,70,2975.976768
3.543926,77,2976.129467
-0.734177,97,2976.312628
101.927201,81,2976.492487
2.285079,73,2976.638679
102.706973,76,2976.791015
3.496788,70,2976.926994
0.667369,105,2977.142386
4.763823,61,2977.262258
5.509386,62,2977.382716
4.714994,64,2977.509774
101.304186,66,2977.639868
2.163932,64,2977.76459
0.458073,78,2989.094646
2.21211,94,2989.297763
-0.110076,83,2989.468873
1.623543,76,2989.622374
1.294647,90,2989.806079
-0.118729,87,2989.983195
5.231123,61,2990.104619
100.906697,54,2990.212132
4.26249,64,2990.339143
2.351862,84,2990.506377
100.630627,621,2991.774885
101.867255,70,2991.914284
1.907435,70,2992.053721
2.778112,67,2992.189426
0.381076,104,2992.388657
101.726584,83,2992.54749
2.999906,68,2992.681501
1.325702,85,2992.854346
105.821423,65,2992.986924
3.524947,96,3004.549464
1.275067,82,3004.711822
101.64904,68,3004.845418
100.439786,848,3006.527997
103.904359,77,3006.682622
3.902228,60,3006.802234
3.674998,68,3006.938831
2.322218,73,3007.081604
3.735525,69,3007.216758
3.331774,64,3007.344668
2.530795,67,3007.479163
103.062714,74,3007.624049
3.166634,75,3007.773399
103.64678,54,3007.878233
101.168707,93,3008.081118
2.064212,76,3008.231268
5.140562,98,3008.426947
5.415488,73,3008.571942
3.919993,62,3019.995448
100.706262,70,3020.128058
4.086407,61,3020.247095
4.431858,72,3020.384889
2.65022,70,3020.521263
0.526346,83,3020.686783
102.417661,45,3020.77632
1.534798,76,3020.931585
1.440592,75,3021.090915
3.847046,68,3021.228801
2.589228,94,3021.41809
3.041711,81,3021.585788
101.529386,75,3021.739258
100.704564,82,3021.910498
3.097675,70,3022.054302
101.120131,78,3022.229787
100.230524,106,3022.437518
103.612714,60,3022.558396
102.937583,70,3022.696012
4.199978,63,3022.825995
1.657697,72,3022.966638
4.058138,63,3023.093048
2.938292,63,3023.216903
101.642592,83,3023.379993
-0.4284,83,3023.550956
101.349352,75,3023.697303
0.051128,91,3023.87499
104.190334,59,3023.989915
4.809305,80,3035.474837
3.640702,79,3035.638534
3.744828,63,3035.772761
5.826026,67,3035.911323
2.59041,70,3036.054161
5.079198,66,3036.195164
0.117685,82,3036.363517
4.529466,63,3036.496658
4.930707,61,3036.633368
0.408617,91,3036.828152
4.983263,70,3036.967221
2.774542,88,3037.141155
4.33507,65,3037.270343
3.784219,59,3037.389648
2.672772,63,3037.514654
2.033078,61,3037.635511
4.556762,70,3037.774848
0.592549,97,3037.963461
104.060152,57,3038.078712
101.156208,77,3038.227756
1.807913,63,3038.353011
4.929197,63,3038.478943
4.196696,68,3038.609581
1.353911,77,3038.763954
4.868027,86,3038.936725
0.559052,75,3039.105922
104.963953,75,3039.250565
1.012395,80,3039.415186
4.213898,61,3050.897706
101.664713,46,3051.003139
102.392084,73,3051.154387
2.724734,85,3051.325
100.802411,59,3051.448853
101.682228,67,3051.587292
4.441112,154,3051.887034
4.960346,73,3052.036879
1.427842,127,3052.29745
100.783915,53,3052.41063
104.168925,74,3052.559012
1.933592,72,3052.703705
2.584166,80,3052.861528
-0.32007,98,3053.060273
101.599575,76,3053.206243
101.369504,84,3053.375152
101.116,62,3053.50041
1.111391,67,3053.632869
4.235316,67,3053.764205
0.126956,83,3053.930726
3.958718,65,3054.061555
0.846696,97,3054.250512
5.582473,64,3054.378234
3.644179,84,3054.544785
2.912194,84,3054.706931
0.984818,82,3054.880809
101.469131,59,3055.000274
0.253277,105,3066.383132
0.363096,89,3066.567969
102.456314,67,3066.715167
3.929509,94,3066.915451
-2.120928,183,3067.294765
2.928036,68,3067.439979
2.330038,75,3067.596018
5.328011,85,3067.773545
3.573462,119,3068.032895
5.26636,65,3068.167776
2.637762,75,3068.321772
1.875393,59,3068.446493
1.49918,72,3068.59111
1.637737,62,3068.712753
-0.815825,256,3069.217238
-1.912352,109,3069.433318
101.53116,74,3069.582543
2.413152,66,3069.715371
101.253405,78,3069.875405
2.91084,67,3070.014684
3.87202,61,3070.144202
3.709461,60,3070.265365
3.764651,60,3070.388412
0.402448,82,3081.774873
101.249959,82,3081.943658
0.972389,79,3082.107708
4.326246,71,3082.252409
3.411185,65,3082.38937
2.261307,70,3082.535527
2.347252,70,3082.680569
1.794764,74,3082.843062
4.887862,62,3082.965784
1.30688,77,3083.117443
100.865034,62,3083.240024
2.614211,65,3083.369577
101.832316,77,3083.517387
1.747152,68,3083.649745
2.001385,70,3083.785361
4.592269,74,3083.931491
0.823315,82,3084.091749
4.896628,68,3084.22824
4.367307,61,3084.354169
1.791207,114,3084.592527
0.736349,73,3084.734243
3.521706,66,3084.867614
0.270772,83,3085.027546
1.23391,84,3085.193368
3.337334,75,3085.345379
2.803905,67,3085.475602
3.997659,71,3085.616138
3.47084,66,3097.020648
4.89961,159,3097.341411
101.497579,82,3097.502579
4.243496,61,3097.624642
4.474216,61,3097.746801
105.328645,61,3097.865925
2.934085,65,3097.992125
2.011847,65,3098.12006
4.04809,65,3098.244811
101.006032,103,3098.445231
3.429214,86,3098.618276
2.085385,71,3098.767275
3.908549,67,3098.896883
3.589764,71,3099.035569
2.192626,64,3099.158915
1.132768,83,3099.320796
100.458105,239,3099.799148
4.326962,68,3099.933064
-1.969878,106,3100.153706
3.50966,77,3100.316193
-0.701002,90,3100.491403
1.127966,115,3100.71882
0.653694,143,3101.013066
1.702521,85,3112.482237
2.505747,71,3112.630668
101.038669,59,3112.764598
102.095962,62,3112.894439
-2.056615,121,3113.142862
1.744907,86,3113.326551
102.252555,59,3113.453503
1.642096,96,3113.658338
103.724227,63,3113.790462
3.339355,70,3113.93993
101.327455,88,3114.124367
4.948826,63,3114.255434
101.263011,69,3114.398381
2.578279,60,3114.526477
100.623446,75,3114.681552
-0.03599,81,3114.847141
4.879608,146,3115.150297
4.42729,77,3115.307394
1.51796,87,3115.486908
1.426996,74,3115.637153
1.855649,68,3115.77956
3.597221,84,3115.951543
5.019387,61,3116.078863
4.310635,92,3116.272051
3.532905,72,3116.419988
101.03693,79,3116.577982
2.730302,80,3127.943477
3.017759,72,3128.089688
0.393205,77,3128.2484
4.398441,65,3128.382463
5.12105,64,3128.528819
100.542903,48,3128.627445
2.002723,61,3128.75693
1.535817,71,3128.903553
2.488476,67,3129.039665
2.789845,81,3129.210869
4.976701,69,3129.353305
2.625587,94,3129.546522
3.571312,60,3129.670928
3.196618,64,3129.801518
4.698936,73,3129.94857
100.919455,88,3130.136884
101.035793,49,3130.232319
1.793807,70,3130.370198
1.496435,73,3130.513179
1.077995,80,3130.672105
0.54122,86,3130.860667
0.925797,78,3131.014761
3.20183,66,3131.147813
101.677081,76,3131.306793
105.141769,71,3131.454997
101.449415,86,3131.632323
2.844357,72,3131.779475
3.303205,84,3131.953784
4.250047,74,3143.318048
100.607475,69,3143.458076
3.546128,71,3143.608905
0.807513,87,3143.789793
3.298485,63,3143.91994
5.138736,82,3144.089949
1.190871,72,3144.237924
0.761582,90,3144.429723
101.863568,70,3144.565353
3.661165,81,3144.725592
1.259933,74,3144.869992
101.07898,69,3145.005815
2.265313,61,3145.134415
2.249537,73,3145.28193
2.66102,62,3145.410521
-0.279033,99,3145.615166
3.683919,70,3145.755806
0.047249,99,3145.961899
2.62919,82,3146.129924
101.979639,60,3146.263909
3.197836,82,3146.430257
2.357461,83,3146.602021
3.261248,83,3146.776641
2.241554,70,3146.920937
4.68523,89,3147.101676
1.045356,82,3147.285328
4.316475,91,3147.473
0.666615,107,3158.930177
4.58523,74,3159.087392
104.766269,64,3159.211152
-1.10335,118,3159.443534
101.573443,73,3159.587633
0.394965,66,3159.71491
1.79758,84,3159.880576
4.364738,60,3159.998561
5.197941,78,3160.151386
4.640505,73,3160.29767
5.573831,84,3160.463588
1.872166,71,3160.605753
3.993421,82,3160.765422
101.364108,91,3160.952123
2.112494,72,3161.096072
3.782549,64,3161.226372
2.133701,66,3161.358867
2.998917,59,3161.477984
0.410071,79,3161.637992
101.131302,73,3161.786308
1.115593,87,3161.968798
0.486494,70,3162.110358
4.238979,65,3162.245924
101.586266,62,3162.374066
3.784878,61,3162.500119
4.282139,66,3162.645404
2.94356,78,3162.811747
1.417039,75,3174.181267
102.054171,72,3174.328064
5.85759,62,3174.455218
100.420387,51,3174.562695
4.529271,75,3174.72913
3.861033,74,3174.877448
2.724029,60,3174.991006
101.964093,73,3175.134679
5.428974,65,3175.266199
3.655682,85,3175.435839
101.197692,60,3175.553743
3.205923,69,3175.688637
0.335998,75,3175.835172
1.83884,89,3176.033318
101.432917,55,3176.142194
3.114174,75,3176.308376
101.090599,88,3176.47967
4.439561,63,3176.600845
101.082779,69,3176.733012
100.300403,47,3176.825076
5.483699,61,3176.941367
1.544783,71,3177.08237
100.880461,474,3178.011559
2.564454,71,3178.149645
4.260633,186,3189.895455
102.920305,75,3190.05089
3.471021,64,3190.18067
2.444032,63,3190.309966
102.487243,63,3190.435228
0.738331,77,3190.594351
4.459063,69,3190.751547
5.212974,69,3190.892635
106.138297,64,3191.024444
2.753347,69,3191.164378
101.015011,83,3191.345878
0.860399,66,3191.481538
101.171572,92,3191.671672
101.501916,62,3191.802702
1.99399,92,3191.999084
1.877302,82,3192.166564
4.244167,97,3192.361784
2.300052,68,3192.501628
3.49859,67,3192.642792
3.984107,78,3192.821168
0.303276,75,3192.976888
3.88295,88,3193.158894
0.628841,84,3193.330749
101.731034,65,3193.46587
104.061924,79,3193.628223
4.419264,66,3193.765804
3.204232,66,3205.105819
1.624857,78,3205.273935
2.93684,71,3205.414775
1.42516,72,3205.556728
-1.197444,271,3206.100782
3.535222,61,3206.225257
2.839701,72,3206.372662
-0.665161,123,3206.623242
3.520644,83,3206.794319
104.729175,63,3206.926446
0.848798,1000,3208.993245
0.32822,80,3209.158012
3.469337,101,3220.542128
100.878187,82,3220.712983
103.467368,52,3220.82101
1.230505,80,3220.985374
0.709375,62,3221.120127
3.506441,72,3221.270099
1.999528,71,3221.416781
104.571857,64,3221.548697
3.448872,81,3221.716818
2.921927,61,3221.843434
0.54035,82,3222.010819
2.377395,86,3222.186373
2.843679,67,3222.32161
101.5141,56,3222.437868
1.43563,74,3222.591593
1.243813,70,3222.731606
5.333267,86,3222.909271
4.545308,68,3223.051476
3.252415,65,3223.187823
1.971563,70,3223.324457
4.358728,62,3223.45059
100.317024,63,3223.575376
2.556698,72,3223.716771
4.21916,62,3223.838159
101.740683,67,3223.968839
5.87104,63,3224.093441
3.187031,79,3224.251206
1.416174,103,3224.476877
104.022324,73,3224.622033
101.001309,75,3235.981501
4.606238,68,3236.124408
3.530098,68,3236.277881
3.82419,84,3236.442246
100.204931,204,3236.842245
100.559262,69,3236.98507
1.907255,78,3237.135887
1.183474,71,3237.27709
2.295642,72,3237.417964
3.322591,66,3237.547487
1.180459,80,3237.703299
1.336561,282,3238.280892
1.766286,73,3238.430322
0.713729,77,3238.596291
5.265908,68,3238.736249
4.170873,63,3238.86765
105.008395,59,3238.991473
-1.793589,119,3239.241511
101.280048,54,3239.354105
4.108577,62,3239.484242
0.323338,80,3239.650495
0.638233,74,3239.799293
-0.529343,112,3251.398636
101.054521,65,3251.529924
4.756015,67,3251.665905
3.680382,69,3251.804489
2.735657,74,3251.954851
1.131087,77,3252.109659
104.04217,72,3252.257959
2.988064,108,3252.480263
1.515989,78,3252.65227
3.13057,62,3252.776212
1.494734,73,3252.927885
2.192969,76,3253.086348
100.432289,81,3253.252966
1.47058,98,3253.45427
1.125379,128,3253.715049
4.295866,68,3253.850411
0.757685,68,3253.98392
3.799392,159,3254.293653
3.772861,64,3254.418814
5.008657,64,3254.546261
2.807699,77,3254.697204
101.256739,84,3254.859761
1.980067,69,3254.995152
2.787182,90,3255.171375
5.586603,83,3255.332458
5.940248,81,3255.491838
104.901279,65,3266.906229
2.285187,71,3267.049206
5.437929,65,3267.177624
2.471616,74,3267.325483
101.058079,89,3267.512235
105.497039,75,3267.669736
0.541051,82,3267.849603
2.364848,76,3268.006696
4.150456,64,3268.139879
0.144334,81,3268.307203
2.845024,77,3268.466202
3.883486,198,3268.875602
1.462303,87,3269.07478
101.044892,86,3269.251195
0.614047,105,3269.466999
0.853437,75,3269.625654
102.428884,58,3269.743752
1.75766,83,3269.911064
101.704368,80,3270.069806
102.710465,75,3270.222655
102.029694,41,3270.308705
4.590438,85,3270.4888
2.976874,67,3270.642823
1.832866,70,3270.785687
2.199866,83,3270.955507
101.128455,33,3271.023001
5.412238,61,3282.408843
100.516742,22,3282.468855
3.597798,61,3282.594123
101.372231,88,3282.777384
3.437111,66,3282.911983
103.053399,74,3283.068053
1.28886,72,3283.221334
100.777245,41,3283.304504
101.354285,54,3283.414678
2.159323,70,3283.560552
3.277152,65,3283.694421
105.598302,64,3283.82858
1.211837,89,3284.014593
4.829716,67,3284.154243
2.220579,72,3284.301409
100.642957,76,3284.458021
1.285449,78,3284.616413
2.690627,83,3284.788789
1.490295,85,3284.951483
3.404063,63,3285.076373
4.467272,68,3285.20667
101.455284,86,3285.37456
3.180235,62,3285.494022
3.506575,68,3285.625423
5.852588,69,3285.760505
3.553834,68,3285.891599
4.224914,67,3286.027988
1.058918,81,3286.201062
4.49696,81,3286.356967
4.799517,66,3297.764701
4.91842,89,3297.947226
102.810448,77,3298.104276
4.377819,67,3298.23966
102.9627,76,3298.406929
2.789279,69,3298.553642
4.931562,78,3298.715477
5.982668,64,3298.846457
0.114029,117,3299.076812
102.5153,71,3299.213599
101.261499,79,3299.375534
4.273005,77,3299.530162
1.952165,96,3299.716481
5.525944,65,3299.842864
2.090194,70,3299.988138
1.574208,60,3300.108638
3.198771,71,3300.250043
100.920887,61,3300.373472
2.525423,108,3300.587535
2.156154,75,3300.735199
2.134552,90,3300.916633
2.618189,74,3301.065909
4.279135,80,3301.232132
101.651036,45,3301.319595
2.590745,60,3301.443297
102.143385,45,3301.534282
2.997973,70,3301.680067
3.778474,65,3301.814261
3.451704,65,3313.205204
5.167644,64,3313.333473
0.541761,76,3313.48998
1.685122,72,3313.636003
101.516121,70,3313.777276
101.620582,75,3313.930331
3.535266,69,3314.073134
4.145557,65,3314.204427
3.24537,69,3314.342166
3.25061,67,3314.477314
101.70297,91,3314.675497
100.41711,73,3314.822654
4.277478,68,3314.960048
0.675912,75,3315.111745
1.609556,75,3315.264833
2.048891,68,3315.408357
102.899525,65,3315.54598
-0.088566,103,3315.757442
4.448547,66,3315.893942
4.095021,69,3316.034683
4.407291,84,3316.208132
4.11233,64,3316.338486
105.501669,71,3316.483069
4.796531,67,3316.621019
103.519735,55,3316.732938
4.203278,72,3316.882594
100.300593,61,3317.004603
2.454278,78,3317.166264
102.617035,71,3317.31929
4.238699,60,3328.678205
102.502029,67,3328.830553
1.21586,75,3328.98373
2.525359,79,3329.147297
101.077987,68,3329.289934
102.75465,71,3329.432793
2.87608,87,3329.607834
1.296058,79,3329.774149
5.49471,67,3329.909308
101.885748,68,3330.05199
1.237369,74,3330.203501
4.381648,63,3330.339204
2.545542,61,3330.462443
1.939202,97,3330.67321
101.452424,67,3330.811254
1.220573,78,3330.974947
1.870305,73,3331.124217
100.378083,62,3331.249762
0.420577,72,3331.398682
0.113071,573,3332.600128
100.294531,70,3332.744906
100.512244,82,3344.213547
-0.613914,1000,3346.253932
4.172706,70,3346.398497
5.380931,65,3346.533852
2.863472,73,3346.682331
3.548194,74,3346.839526
1.054833,69,3346.981275
3.371313,65,3347.115352
0.882517,72,3347.264949
103.563508,54,3347.381397
101.890991,63,3347.514858
2.406199,79,3347.681928
1.995882,67,3347.817623
3.124477,72,3347.969395
101.33828,89,3348.152208
3.701778,66,3348.282005
105.925828,65,3359.644748
2.022441,70,3359.796042
3.1367,67,3359.92956
3.805302,61,3360.055151
101.24976,87,3360.237734
0.99594,71,3360.381649
-1.722692,105,3360.595752
1.312755,81,3360.758326
3.049994,78,3360.918401
101.285277,84,3361.09031
5.032677,62,3361.219608
101.421326,79,3361.383548
100.935443,72,3361.533625
3.936789,113,3361.763175
2.047756,76,3361.917169
2.764982,68,3362.054718
103.888991,64,3362.183606
4.32759,80,3362.349244
4.595023,94,3362.539136
0.860746,105,3362.753999
2.572612,67,3362.89316
2.909177,89,3363.073944
3.197299,84,3363.246627
102.137715,62,3363.372365
1.501046,62,3363.501395
5.725962,64,3363.633366
100.520194,131,3375.172546
1.899184,58,3375.291004
2.815503,64,3375.42418
4.117442,64,3375.565145
0.874068,1000,3377.64084
103.850146,52,3377.745551
101.512551,78,3377.903924
-1.982171,328,3378.577127
4.705568,69,3378.719328
2.421108,69,3378.859631
2.312521,73,3379.01859
-0.191882,99,3379.224957
5.371109,67,3390.591018
2.903953,85,3390.757246
2.962811,63,3390.88074
4.25933,65,3391.006552
101.544815,45,3391.095988
0.269872,1000,3393.170439
5.10382,76,3393.338103
100.840575,84,3393.511555
2.823378,63,3393.639592
2.457073,68,3393.780246
5.129364,61,3393.904192
3.019974,67,3394.040508
1.565926,76,3394.194366
100.244928,23,3394.245503
4.7671,102,3394.454808
-0.593259,91,3394.644403
3.736168,68,3405.968985
5.259116,84,3406.147854
101.676247,71,3406.304012
3.14292,83,3406.473568
104.57564,75,3406.620935
-1.064767,249,3407.145832
2.127835,64,3407.279338
6.007886,77,3407.437794
-0.178522,1000,3409.496635
3.989839,73,3409.64489
3.674976,69,3409.787485
1.155392,64,3409.929047
1.001326,92,3410.120404
101.304844,33,3410.190536
2.315987,101,3421.522993
3.246986,67,3421.652429
100.75169,100,3421.84449
0.999152,75,3422.006765
3.879531,98,3422.207317
3.743127,93,3422.401171
100.365724,45,3422.496071
5.336668,76,3422.652839
3.352269,61,3422.781214
2.82484,73,3422.931491
3.310197,69,3423.073767
5.102555,81,3423.246124
1.284912,72,3423.395287
3.920437,69,3423.535075
2.402344,59,3423.65354
4.856969,65,3423.784766
104.226655,59,3423.903936
106.189154,67,3424.040986
3.092195,68,3424.180454
101.474071,84,3424.350135
-1.994884,122,3424.597673
0.327926,85,3424.773293
1.286223,90,3424.953865
2.791051,72,3425.108258
2.565327,67,3425.240546
0.547809,81,3425.407279
0.891926,148,3436.969723
3.605193,67,3437.118834
0.634049,1000,3439.127971
4.029283,68,3439.263642
100.710428,78,3439.417832
3.67014,59,3439.53972
101.582289,75,3439.68414
1.030793,74,3439.828629
1.112068,74,3439.976223
100.302999,32,3440.036358
4.307505,83,3440.200423
100.779054,81,3440.359835
1.589425,70,3440.49622
3.211811,69,3440.632342
3.189898,75,3440.780647
3.512651,230,3452.469459
4.405542,61,3452.594566
3.868516,67,3452.727199
2.275527,70,3452.870011
2.338816,65,3453.001358
1.73325,86,3453.177421
3.257367,68,3453.312829
101.487246,79,3453.471874
3.767213,64,3453.602864
5.089228,66,3453.735314
2.018628,82,3453.903857
104.729342,76,3454.057801
2.29355,66,3454.203822
4.535354,72,3454.355647
-0.752277,113,3454.585259
4.972148,65,3454.720384
-1.940993,145,3455.020615
102.438194,65,3455.148221
1.952454,61,3455.269749
3.190976,80,3455.425807
100.235221,52,3455.528681
4.63328,63,3455.652763
1.959087,72,3455.822591
3.881695,72,3455.971043
2.430166,62,3456.102696
101.916033,72,3456.256825
-0.317099,189,3467.77195
5.247093,62,3467.893759
3.285092,69,3468.031782
4.453858,82,3468.232491
4.001442,64,3468.36363
3.929134,69,3468.496011
5.779066,64,3468.621166
5.379686,70,3468.759518
4.533304,65,3468.888433
3.363436,92,3469.077298
4.70094,87,3469.250028
1.472812,79,3469.403705
3.455408,72,3469.546557
0.902258,81,3469.709044
101.202275,95,3469.894323
104.491726,57,3470.006332
101.934818,79,3470.16839
4.653216,59,3470.284459
2.850067,131,3470.539696
3.323271,72,3470.683399
-0.240505,165,3471.011526
101.387154,68,3471.152514
102.968803,63,3471.280695
5.449589,81,3471.449209
1.598922,95,3482.881977
3.596849,61,3482.998067
5.433391,87,3483.181533
5.226965,90,3483.367151
102.286047,57,3483.479221
1.911618,71,3483.618144
101.8687,43,3483.706242
1.536236,70,3483.847298
3.446132,68,3483.98937
0.590733,94,3484.175915
1.937146,83,3484.339206
0.913617,84,3484.503888
0.0516,125,3484.761358
102.964302,59,3484.897739
0.675508,79,3485.061344
102.539645,58,3485.181694
4.280474,83,3485.350268
102.839034,67,3485.490539
1.443939,89,3485.669752
1.575025,64,3485.798158
3.712759,69,3485.933608
0.865594,131,3486.193867
4.234667,73,3486.343924
102.053313,67,3486.495787
1.556602,62,3486.620475
4.575873,83,3486.792053
3.009063,59,3486.914711
1.299351,74,3498.303742
1.591775,87,3498.472747
4.412583,62,3498.59706
4.926866,63,3498.723241
0.281186,79,3498.902632
2.753399,81,3499.063944
1.790721,86,3499.230592
1.350562,74,3499.375379
0.415168,77,3499.525503
100.991963,30,3499.586025
4.395087,65,3499.712154
3.457131,71,3499.849892
101.104681,61,3499.973601
4.427155,66,3500.109245
-0.48949,212,3500.548522
3.532218,88,3500.744467
0.250108,1000,3514.027428
100.743022,63,3514.158304
101.332889,43,3514.246874
3.529289,64,3514.372453
104.282106,67,3514.514213
2.092923,94,3514.708161
2.701183,73,3514.875436
101.044452,86,3515.059521
2.184641,62,3515.18475
4.568702,70,3515.337741
102.002768,72,3515.486391
0.18574,143,3515.781345
102.586272,70,3515.927714
-0.865967,90,3516.118527
102.554383,69,3516.26169
101.118653,94,3516.457977
0.711509,115,3516.690708
105.78305,69,3516.831197
2.931137,63,3516.961559
2.891208,76,3517.117576
1.032509,71,3517.26298
-0.598608,90,3517.44553
6.207307,69,3517.589287
3.770527,64,3517.72254
2.74578,96,3529.279933
106.092873,63,3529.423194
1.439979,89,3529.608306
1.712638,79,3529.773635
1.294576,75,3529.930552
1.095105,82,3530.097953
4.394302,65,3530.231019
0.279185,94,3530.432633
101.436022,93,3530.621246
-0.221703,96,3530.822412
101.328922,76,3530.988321
0.157771,82,3531.160151
101.022628,90,3531.342811
3.496335,60,3531.465613
4.28684,67,3531.608473
1.636612,71,3531.752698
101.064199,99,3531.9587
5.282737,65,3532.094503
4.99012,85,3532.27096
1.949653,83,3532.442774
100.863697,65,3532.57597
6.009123,76,3532.734617
1.104516,83,3532.903861
5.641862,66,3533.040325
105.927647,73,3533.190704
0.229091,91,3533.383876
1.110437,84,3544.814176
2.552319,66,3544.94344
1.903192,90,3545.132529
4.375328,64,3545.262136
0.682817,86,3545.436877
3.517705,70,3545.578413
5.433258,62,3545.702256
101.410864,87,3545.873012
1.572106,87,3546.045776
1.228308,88,3546.213959
101.780131,91,3546.387789
101.162184,47,3546.480536
5.010873,61,3546.600256
1.641503,71,3546.751325
3.228555,83,3546.920043
0.893597,82,3547.082368
0.809541,67,3547.217691
2.470782,98,3547.414166
103.141838,71,3547.551445
100.31037,48,3547.65114
101.982023,64,3547.777622
4.910298,67,3547.907002
102.191955,78,3548.059067
3.677255,84,3548.227423
101.10362,85,3548.39394
101.114881,85,3548.572355
2.978804,81,3548.734149
100.51287,54,3548.842949
101.101371,65,3560.183841
2.5573,73,3560.331365
4.457293,67,3560.46868
-0.835374,86,3560.646005
4.680757,71,3560.803529
4.059903,82,3560.973378
102.425252,73,3561.12425
1.908426,76,3561.283225
101.482681,61,3561.408479
5.887612,73,3561.557512
3.059219,66,3561.692024
4.548061,69,3561.829238
5.887621,62,3561.947614
102.219393,67,3562.082687
5.715541,64,3562.208662
101.707926,48,3562.303018
1.743176,69,3562.44255
0.146993,114,3562.667162
5.08383,66,3562.797316
101.277085,87,3562.972875
2.773593,61,3563.093063
-0.302122,540,3564.159178
-0.108825,159,3575.658523
3.255739,77,3575.814923
101.722933,67,3575.949719
1.350677,66,3576.083056
0.704381,61,3576.20121
3.829162,87,3576.371825
3.405879,95,3576.583533
104.703479,59,3576.702469
1.294666,69,3576.839253
-2.352199,488,3577.791762
2.139106,63,3577.915571
2.778519,59,3578.035205
102.317392,82,3578.194392
5.29695,66,3578.324155
3.860671,61,3578.444853
3.996723,60,3578.564216
105.484261,63,3578.690388
104.469907,75,3578.839246
5.25113,66,3578.966959
3.197503,68,3579.106398
2.347001,82,3579.260642
1.552674,61,3579.379946
4.179177,84,3590.769132
0.416258,74,3590.917821
3.913216,87,3591.106779
1.394305,74,3591.251912
4.682312,89,3591.428867
2.227637,78,3591.579854
5.575719,87,3591.751981
102.412169,65,3591.881479
104.789119,68,3592.017641
1.125921,261,3592.544703
102.015529,107,3592.76306
3.95286,72,3592.927571
3.9326,91,3593.117198
0.800239,65,3593.254699
4.834808,60,3593.381917
4.423465,63,3593.511129
5.743013,65,3593.646076
2.811897,70,3593.791694
0.996855,91,3593.968537
3.227226,76,3594.115628
101.193382,75,3594.267014
100.634239,44,3594.374374
103.319422,69,3594.513345
102.899558,68,3594.646318
0.407766,85,3594.81408
1.052402,69,3606.222537
5.935752,68,3606.360036
5.295429,88,3606.537516
-1.602624,95,3606.729486
2.089254,82,3606.899064
1.166853,75,3607.050581
100.713342,83,3607.215769
4.64918,75,3607.366072
1.503507,84,3607.530051
101.716848,76,3607.679717
100.59134,76,3607.827414
100.676648,86,3607.995423
3.590219,98,3608.194734
3.711544,77,3608.362052
0.033582,83,3608.524642
102.597979,52,3608.624217
4.265076,102,3608.82378
2.635271,86,3608.990542
100.844511,75,3609.133672
1.544981,70,3609.274134
4.109707,70,3609.410211
1.994894,104,3609.614293
0.789967,113,3609.835026
1.149353,65,3609.959552
100.934794,75,3610.143258
3.869061,83,3621.568458
5.155124,75,3621.723298
3.576696,81,3621.89002
102.416417,66,3622.030413
101.154784,118,3622.281519
101.227519,94,3622.481245
4.168788,64,3622.627989
101.290311,69,3622.770913
2.371456,68,3622.906538
4.599042,65,3623.039775
102.03216,43,3623.121466
3.094042,73,3623.266836
1.926109,70,3623.402363
2.909214,69,3623.536665
4.268571,95,3623.730381
2.513346,86,3623.906842
1.196578,91,3624.098444
1.919458,79,3624.259541
5.028949,65,3624.39153
4.828542,68,3624.536381
3.415037,66,3624.669832
4.178662,124,3624.921468
101.447357,80,3625.079716
4.174197,77,3625.23183
2.332495,78,3625.387688
3.686506,82,3625.552675
1.748422,68,3636.846254
5.795047,63,3636.971096
100.542354,61,3637.090052
1.156975,87,3637.268261
102.047647,62,3637.401613
2.832956,72,3637.541084
100.773712,31,3637.599694
3.083363,75,3637.745096
1.191617,75,3637.894764
2.777932,69,3638.029745
1.854273,70,3638.165289
3.323258,65,3638.292866
2.597886,62,3638.414841
3.781281,62,3638.533657
102.139748,45,3638.622765
100.965478,75,3638.783766
2.185121,68,3638.918731
0.845917,83,3639.08057
1.841806,70,3639.215944
1.248173,82,3639.374961
100.293196,65,3639.503527
2.736557,68,3639.632797
105.176478,63,3639.753024
5.899298,63,3639.87373
4.674983,61,3639.995502
2.025954,64,3640.122636
1.295152,82,3640.285816
103.237163,61,3640.409728
101.832785,92,3640.590772
100.693774,89,3640.76971
-1.684269,117,3652.159975
102.860713,76,3652.32254
101.567839,89,3652.497733
101.965156,41,3652.581757
0.80618,82,3652.748611
4.657889,66,3652.876411
0.784035,119,3653.113354
100.804658,62,3653.240694
3.184324,61,3653.360487
102.481104,58,3653.475859
3.308482,84,3653.641029
100.953006,87,3653.808694
4.274878,70,3653.947549
1.558197,72,3654.088718
2.021343,60,3654.21834
3.365143,68,3654.352027
1.460485,80,3654.511783
1.597576,61,3654.635925
100.742324,50,3654.73233
1.821522,71,3654.871269
1.53152,77,3655.022541
100.905339,60,3655.136183
105.872136,73,3655.279972
2.983942,70,3655.417631
1.781493,73,3655.555282
2.334702,68,3655.688342
5.501536,63,3655.811559
3.538193,85,3655.97607
101.395956,76,3667.26042
4.687069,65,3667.387066
101.876084,68,3667.525416
4.961936,73,3667.676991
2.952357,86,3667.871642
3.311712,75,3668.025296
101.629342,84,3668.195049
6.067689,76,3668.356349
100.408488,52,3668.466892
3.508489,97,3668.664292
2.610478,59,3668.787183
4.850386,73,3668.937588
0.733032,165,3669.260424
1.741397,69,3669.40435
2.145525,76,3669.561117
2.498659,67,3669.697268
2.471013,69,3669.841299
103.347341,75,3669.992059
1.539548,73,3670.14184
3.118699,70,3670.287497
3.096688,86,3670.462257
1.01571,71,3670.609722
103.944383,81,3670.776436
104.277758,55,3670.885291
3.02981,63,3671.010197
101.636116,78,3671.163146
101.394181,78,3671.3139
102.786848,65,3682.651138
4.536965,64,3682.801387
3.286004,73,3682.952206
101.777574,75,3683.106293
0.98568,85,3683.28033
2.871956,63,3683.411644
1.160397,85,3683.584102
102.432561,71,3683.732509
104.190797,74,3683.884865
2.584173,68,3684.028561
2.101136,77,3684.185789
103.20787,64,3684.317715
4.684322,77,3684.477808
2.277775,59,3684.595343
2.998926,69,3684.735658
1.8936,69,3684.873415
4.155519,60,3684.994702
4.516823,64,3685.122257
101.521264,48,3685.219481
4.676781,84,3685.388515
4.655207,156,3685.708634
-1.451508,99,3685.917555
2.658063,72,3686.066091
2.811861,82,3686.237556
2.801847,70,3686.383615
1.905443,90,3686.57205
101.971926,67,3686.709989
2.426706,68,3698.175785
2.437733,68,3698.311675
1.836385,59,3698.434086
4.208145,61,3698.562082
4.08243,65,3698.699869
1.709838,75,3698.85622
3.323411,61,3698.981613
2.740109,67,3699.121755
100.6299,73,3699.273796
0.073914,192,3699.660793
3.310799,62,3699.787133
5.049331,61,3699.911506
106.048047,65,3700.040387
3.908932,60,3700.157622
0.736631,88,3700.333144
103.229139,59,3700.443965
3.278641,69,3700.582508
3.864646,68,3700.719962
101.254595,90,3700.894277
5.023078,63,3701.020988
5.155886,63,3701.147069
-2.054052,109,3701.36807
0.781173,96,3701.566077
2.020613,71,3701.716818
4.491746,84,3701.900491
100.980402,109,3702.122331
3.649207,58,3702.243985
103.444173,51,3713.540648
101.971362,66,3713.678118
5.554376,79,3713.833853
4.520831,72,3713.976907
102.633555,74,3714.127443
4.415042,66,3714.276439
1.584262,68,3714.417885
3.379386,66,3714.557262
1.020752,69,3714.701251
101.240324,64,3714.834553
2.447235,63,3714.970513
2.441607,68,3715.111772
1.372451,73,3715.26623
1.427051,82,3715.439031
104.591814,75,3715.60243
1.851247,99,3715.805634
4.96011,82,3715.98859
4.68561,66,3716.125885
101.414893,56,3716.241937
1.055643,76,3716.400424
2.788901,80,3716.564594
2.73215,71,3716.71164
4.403233,68,3716.84925
101.099975,46,3716.938864
3.808969,77,3717.089192
100.989783,80,3717.246507
4.081717,65,3717.377701
5.206612,63,3717.50354
2.210361,69,3717.642427
101.394499,80,3728.98601
2.431029,85,3729.165094
2.572106,78,3729.324417
105.634853,67,3729.469026
101.238731,68,3729.611744
3.484283,69,3729.755654
4.962123,83,3729.945391
2.328654,78,3730.111278
101.404581,88,3730.295862
3.364308,66,3730.432375
0.555164,267,3730.968883
2.687575,75,3731.11592
5.180872,72,3731.256108
1.474604,69,3731.394308
-0.965128,100,3731.591174
101.282235,68,3731.726992
4.234948,70,3731.87078
-0.144187,80,3732.034781
4.761444,66,3732.161882
0.933613,456,3733.0588
0.177367,87,3744.47671
-0.081844,114,3744.71086
0.86341,82,3744.883979
0.091681,89,3745.072864
0.768752,88,3745.250412
1.969294,69,3745.397236
100.579628,57,3745.515661
102.568495,70,3745.660433
3.838569,69,3745.804842
100.505942,63,3745.922738
101.166137,83,3746.08259
3.675072,90,3746.260269
4.024436,66,3746.392734
-0.724429,84,3746.570409
4.552999,66,3746.707331
0.156044,72,3746.850902
0.728083,81,3747.020965
4.08791,60,3747.136611
1.369054,85,3747.311074
1.780343,76,3747.467829
101.563076,58,3747.587219
101.764673,39,3747.665431
3.426649,72,3747.811694
4.259163,68,3747.951436
101.583374,109,3748.173156
3.311082,95,3748.368945
4.50015,86,3759.82535
-0.300144,1000,3761.813051
100.530466,67,3761.951676
2.231683,68,3762.095016
103.64999,74,3762.246742
4.950224,65,3762.381917
1.951092,71,3762.526076
3.200839,72,3762.684948
101.560309,76,3762.840914
3.778632,59,3762.957557
2.929756,71,3763.097736
1.662847,80,3763.257608
1.294411,71,3763.393606
4.041297,63,3763.526669
1.453955,100,3763.730118
1.657989,61,3763.857832
1.372794,69,3775.239765
101.213887,89,3775.434898
102.289053,74,3775.583686
1.494256,63,3775.711998
1.894868,60,3775.830118
3.9002,83,3775.993407
102.461749,77,3776.146216
1.759689,91,3776.33638
2.168478,83,3776.500027
101.750931,63,3776.622701
2.642973,65,3776.748986
5.428241,76,3776.904294
4.523578,93,3777.086815
5.897256,76,3777.234517
102.44757,51,3777.336369
1.550932,64,3777.459501
100.136387,56,3777.574714
-0.782262,81,3777.732588
101.683784,122,3777.973301
101.136465,102,3778.173098
1.571007,91,3778.359799
100.733755,92,3778.53836
102.282953,69,3778.67356
2.825143,70,3778.827679
0.016817,71,3778.964842
4.742924,61,3779.086335
102.853497,58,3779.199944
2.181291,65,3790.666217
101.796433,82,3790.826197
2.942658,64,3790.952213
101.290046,69,3791.110656
0.684744,83,3791.2769
3.821873,60,3791.395913
0.274872,120,3791.631086
101.741907,72,3791.78003
3.844623,76,3791.930631
2.120274,75,3792.07889
1.34553,116,3792.301334
1.455021,84,3792.467891
2.137198,131,3792.719907
1.532248,78,3792.873064
101.493776,58,3792.988545
3.007683,71,3793.127049
1.433392,77,3793.278486
3.184522,67,3793.40752
0.846852,87,3793.581349
3.83299,72,3793.728044
105.446934,68,3793.862967
3.511926,68,3793.998247
3.221471,64,3794.122856
101.070644,75,3794.269104
5.136641,70,3794.405593
-0.120424,94,3794.587559
100.94,46,3805.905761
4.210479,65,3806.045315
0.932365,274,3806.569776
4.516448,87,3806.738318
2.192466,74,3806.882885
0.2306,82,3807.042226
-0.405888,100,3807.234317
101.583906,102,3807.429102
4.157163,60,3807.545079
101.434698,89,3807.71436
103.076794,56,3807.82492
3.794184,86,3807.99325
0.598694,88,3808.16817
2.536206,68,3808.299119
101.64145,79,3808.452093
0.509479,81,3808.625986
2.440254,73,3808.766015
102.593569,74,3808.91237
103.217557,75,3809.065453
2.347517,74,3809.218482
1.318966,81,3809.388152
2.399194,75,3809.537398
3.00685,79,3809.695462
100.701197,88,3809.870923
0.059318,1000,3823.108455
101.793325,69,3823.242736
0.322091,80,3823.397294
102.627704,51,3823.497671
2.177591,63,3823.622167
3.951818,67,3823.754612
-0.946461,116,3823.981014
1.7923,75,3824.12961
102.407206,68,3824.264381
2.77678,70,3824.406412
0.048754,124,3824.643149
3.569364,74,3824.788607
4.864133,85,3824.956178
-1.559783,137,3836.414985
0.926385,89,3836.591419
4.755847,64,3836.718685
103.679719,69,3836.867373
0.878684,86,3837.037021
102.390138,77,3837.188089
5.256364,64,3837.313623
2.443638,81,3837.478128
1.218221,82,3837.642249
100.65147,102,3837.845022
3.280172,68,3837.983587
1.701993,84,3838.151816
1.372429,71,3838.293162
1.444371,85,3838.462996
5.595936,64,3838.590873
100.232422,333,3839.246008
4.479071,70,3839.394605
3.253025,82,3839.563459
-0.499022,79,3839.717065
4.54898,68,3839.84744
103.52233,59,3839.96383
4.199429,61,3840.082671
4.207359,69,3840.219194
1.138497,86,3840.39381
0.79433,77,3851.729085
0.42972,88,3851.896984
2.691148,69,3852.046766
103.613545,51,3852.144819
1.677445,76,3852.297215
2.95649,61,3852.414792
3.999944,66,3852.547596
2.89315,68,3852.679986
2.158627,70,3852.826211
3.011943,62,3852.951005
5.712607,65,3853.083797
3.508424,72,3853.227276
5.0071,68,3853.364475
4.504194,94,3853.555619
1.300526,87,3853.728246
102.846966,66,3853.8594
-1.684227,126,3854.107129
100.38091,59,3854.225023
2.951305,62,3854.357417
101.352872,74,3854.500217
3.08707,61,3854.62156
103.084438,63,3854.747416
-0.083208,100,3854.951564
2.273631,70,3855.10319
4.301534,70,3855.243683
-0.97214,99,3855.442965
3.628255,66,3855.576616
3.418747,71,3855.721154
3.999735,69,3867.250133
5.156125,80,3867.417885
0.477176,78,3867.568907
3.752119,85,3867.737424
5.450498,66,3867.867575
100.865502,33,3867.936047
2.997629,71,3868.079103
106.160296,68,3868.213898
5.320105,93,3868.398742
3.470834,70,3868.536099
1.861165,98,3868.726772
0.242835,104,3868.934031
4.432792,70,3869.075931
1.109303,89,3869.252213
-1.838715,302,3869.853463
100.672297,79,3870.005251
1.526642,62,3870.127028
4.198459,77,3870.281728
103.395075,53,3870.38963
100.471878,43,3870.476795
101.251045,65,3870.604391
103.990756,59,3870.718953
0.079462,83,3870.881471
100.710424,78,3871.035216
100.890397,91,3871.209307
0.530176,83,3882.656596
101.977966,74,3882.803023
2.322481,80,3882.976153
3.015468,86,3883.143498
1.195931,75,3883.290955
6.066878,64,3883.41662
4.715245,83,3883.581263
3.407203,81,3883.737593
102.025419,66,3883.868717
104.180463,67,3884.002103
1.902812,74,3884.148723
0.271321,97,3884.337301
102.534943,60,3884.459918
3.21762,70,3884.598822
5.225467,65,3884.730958
1.201923,84,3884.89068
2.668429,59,3885.003594
1.145136,85,3885.170545
2.269802,78,3885.3221
3.18536,68,3885.453602
2.390391,70,3885.588221
2.547059,73,3885.730196
5.841673,65,3885.85727
2.33537,68,3885.987912
1.347856,82,3886.144737
102.143942,75,3886.297243
4.750995,96,3886.488895
0.787741,80,3897.92649
101.501213,81,3898.09206
0.384142,77,3898.249764
3.581149,71,3898.396553
101.713719,78,3898.557789
101.014669,83,3898.724733
3.369802,66,3898.860834
101.270205,69,3899.00265
102.4946,77,3899.161296
101.495234,86,3899.340541
1.487355,102,3899.553521
5.209058,63,3899.695941
2.499106,62,3899.824734
4.453955,78,3899.975905
3.053227,82,3900.136537
4.454242,95,3900.321123
3.748402,68,3900.453033
2.512754,84,3900.616819
3.070688,60,3900.735627
4.782596,66,3900.866836
1.292438,70,3901.003011
103.476201,63,3901.129732
0.93502,62,3901.255943
3.507904,61,3901.373513
103.733091,69,3901.523548
102.070194,74,3901.676595
102.840163,63,3901.800866
0.840719,78,3901.960366
3.396339,65,3913.348092
0.345803,79,3913.504802
0.906621,66,3913.638065
1.298782,69,3913.778208
1.877562,73,3913.939661
4.328,73,3914.084569
-0.081404,90,3914.25667
101.396284,131,3914.517632
-0.577267,243,3914.994776
1.431637,100,3915.195893
101.535463,79,3915.352763
2.566833,83,3915.51789
2.174277,67,3915.6515
100.924261,65,3915.779616
1.179936,94,3915.982535
-0.653383,108,3916.201696
5.771706,62,3916.332764
4.458754,74,3916.483429
104.621077,67,3916.62229
100.899988,59,3916.742493
-0.96792,84,3916.917424
0.704999,179,3917.285563
1.418057,76,3928.617058
101.604036,93,3928.807878
1.391099,77,3928.968458
102.09856,72,3929.130732
3.788521,71,3929.277889
2.137481,86,3929.456847
4.366659,61,3929.583028
1.927176,71,3929.727977
100.78457,66,3929.862755
102.219072,70,3929.999654
4.74895,86,3930.173072
3.725311,66,3930.305859
2.041347,73,3930.447899
101.566771,85,3930.612262
3.653625,69,3930.748657
101.42405,45,3930.838416
3.511782,64,3930.962429
102.762893,70,3931.097708
4.2008,74,3931.24298
3.284946,66,3931.373103
100.548746,64,3931.500667
105.072821,68,3931.632104
3.064886,70,3931.769956
101.008984,100,3931.974937
1.08081,69,3932.11403
2.152751,110,3932.356034
2.056146,78,3932.517234
2.060087,60,3932.640226
100.890357,109,3944.194101
100.909737,59,3944.316473
3.556475,82,3944.490699
1.606938,71,3944.6367
3.476337,66,3944.783682
101.118703,66,3944.914977
2.696685,67,3945.043871
4.024072,68,3945.183547
3.798981,66,3945.313003
0.950362,64,3945.442385
2.388938,79,3945.598735
104.684446,57,3945.709967
1.967667,77,3945.859022
3.86266,73,3946.001467
100.646559,52,3946.106154
3.63776,69,3946.243005
2.919711,93,3946.429014
101.029529,50,3946.526249
2.538837,70,3946.661394
102.065108,60,3946.79231
1.5005,61,3946.913023
100.744512,52,3947.012703
2.728655,68,3947.148954
1.501885,63,3947.271765
5.584734,67,3947.403627
2.976382,65,3947.531778
102.356254,62,3947.654219
4.839158,63,3947.782752
103.389195,70,3947.917366
-0.49179,86,3948.083906
3.317064,61,3959.372291
100.918183,86,3959.539607
100.675311,83,3959.700924
102.168611,52,3959.821607
100.775499,83,3959.987118
1.242726,74,3960.129538
100.94229,64,3960.256783
1.82962,77,3960.414696
4.188423,66,3960.542752
1.728191,70,3960.679748
101.480918,93,3960.860656
3.661448,61,3960.980074
102.00001,82,3961.140241
4.110353,70,3961.280604
4.764772,67,3961.411272
101.895009,72,3961.552878
0.130409,75,3961.700295
3.929864,72,3961.841201
1.113346,69,3961.980335
3.654461,61,3962.101397
0.884282,87,3962.27442
2.423786,62,3962.396667
-0.590137,106,3962.606358
4.238145,89,3962.779013
4.35571,85,3962.945457
101.410236,136,3963.211068
1.082119,93,3974.618731
-1.047963,110,3974.834006
1.213563,76,3974.983582
5.333777,66,3975.116036
0.793237,84,3975.29199
101.009486,87,3975.477763
3.356325,65,3975.604693
3.844685,60,3975.726722
100.945923,88,3975.900886
5.245622,69,3976.036455
100.645553,52,3976.13881
4.222724,91,3976.319738
101.630074,49,3976.418513
103.634323,83,3976.579062
5.312887,61,3976.700527
101.95123,79,3976.854583
100.803206,61,3976.97488
3.962824,98,3977.164906
4.369628,73,3977.30928
3.366245,65,3977.437373
102.297837,69,3977.57328
2.143079,102,3977.780218
101.67901,98,3977.979872
1.980004,64,3978.110241
4.215752,62,3978.239318
103.135706,52,3978.344869
6.106405,73,3978.492172
3.618925,65,3978.622913
100.937849,72,3989.948991
100.659371,24,3989.996203
-0.291294,113,3990.228795
2.058014,85,3990.420683
104.159618,59,3990.553858
4.605267,64,3990.688252
105.296944,71,3990.832763
100.415989,53,3990.943302
4.018304,70,3991.090534
4.103615,81,3991.261799
100.171384,58,3991.380682
-0.521965,409,3992.231285
2.09285,69,3992.376755
5.648783,63,3992.511959
1.168079,76,3992.668827
2.981188,69,3992.809
3.030836,79,3992.970268
4.443447,72,3993.121333
1.756931,80,3993.29168
102.088884,129,3993.554673
4.124013,68,3993.688611
2.1793,80,3993.850583
1.790955,147,4005.367219
102.072193,52,4005.475251
1.54358,59,4005.594275
101.942208,70,4005.740123
101.06781,56,4005.871902
1.590765,77,4006.031417
103.422776,69,4006.170388
100.985774,60,4006.288064
3.886459,85,4006.458299
100.6496,69,4006.594628
2.323934,83,4006.760263
101.640939,100,4006.961476
2.161155,66,4007.092445
101.473382,100,4007.290396
1.770606,71,4007.444401
101.994174,81,4007.601006
4.800132,61,4007.719237
1.893748,80,4007.876268
3.644063,97,4008.069588
0.200446,1000,4021.41545
3.283356,69,4021.560622
0.839808,89,4021.742683
1.76354,72,4021.887162
101.251146,85,4022.048665
3.075901,71,4022.196651
100.307936,69,4022.332548
4.093568,67,4022.467726
-0.738125,80,4022.631164
101.092466,101,4022.831629
2.074583,75,4022.980034
3.616792,72,4023.125444
101.567009,65,4023.25165
102.590582,69,4023.393274
2.155716,69,4023.530944
5.930483,79,4023.686878
4.383005,64,4023.81139
100.570196,75,4023.974128
-2.387626,176,4024.332086
3.961048,81,4024.49975
3.087594,70,4024.651256
4.808989,97,4024.853353
-0.356459,90,4036.321976
2.25824,76,4036.468694
2.71814,78,4036.624238
0.848011,91,4036.800984
1.612026,86,4036.971359
102.595157,73,4037.120483
1.330612,80,4037.284135
100.727813,75,4037.443176
2.816025,77,4037.599668
4.6749,63,4037.724182
4.306717,72,4037.871593
0.631605,75,4038.038868
1.446517,79,4038.19767
101.317734,84,4038.365514
102.563136,70,4038.511902
3.308343,87,4038.692495
3.971425,67,4038.827833
100.232945,79,4038.983487
1.360111,72,4039.121833
5.362962,67,4039.249953
4.221418,64,4039.377659
100.986905,97,4039.566046
5.500392,61,4039.689
103.07834,67,4039.81869
103.876317,72,4039.977131
1.713575,94,4040.160644
5.05113,64,4040.285464
1.862058,67,4051.660781
2.78446,93,4051.84617
3.806196,79,4051.999281
3.948076,70,4052.137212
2.659112,87,4052.31875
4.285298,66,4052.453104
0.792956,79,4052.619404
2.445506,68,4052.757186
3.778715,176,4053.117871
4.335751,76,4053.28036
-0.398327,101,4053.484471
2.255974,69,4053.620116
1.055889,94,4053.810011
3.196653,66,4053.945096
103.770246,52,4054.050911
1.827648,116,4054.283244
101.395704,83,4054.445999
103.804007,74,4054.591431
2.167773,74,4054.737959
101.369099,70,4054.881883
0.895869,105,4055.097274
1.591686,77,4055.250591
4.69352,71,4055.387905
5.200027,63,4055.516928
1.073589,79,4055.681107
3.587576,86,4067.057761
2.069041,69,4067.224903
3.938907,75,4067.382464
3.775662,62,4067.511719
101.359376,84,4067.693112
100.376232,42,4067.779927
1.018973,192,4068.177456
1.01234,79,4068.336454
4.23196,63,4068.483953
101.32181,79,4068.651392
101.439805,141,4068.931475
0.845516,84,4069.097642
1.01,82,4069.261777
1.352387,73,4069.409142
0.983447,98,4069.605139
101.800359,50,4069.702315
2.171401,60,4069.818227
102.348373,42,4069.902543
1.99301,84,4070.064862
-0.287473,1000,4083.5017
4.323601,74,4083.653991
3.560615,65,4083.787362
-0.824667,86,4083.965364
0.596739,1000,4085.99225
1.863649,70,4086.126995
104.536582,73,4086.27442
4.621097,81,4086.436727
3.184664,164,4098.031145
1.563834,74,4098.184253
102.459672,57,4098.301817
2.532147,75,4098.459546
2.16917,70,4098.603674
3.16613,62,4098.729435
0.85968,82,4098.898489
102.552361,70,4099.046212
1.865249,63,4099.174967
0.721568,629,4100.48485
0.532361,101,4100.693936
0.540789,113,4100.919319
2.091881,68,4101.055256
2.792106,72,4101.19739
4.387152,64,4101.323249
3.279763,65,4101.452086
2.73629,85,4101.624695
1.399537,69,4101.76086
1.302773,90,4101.940192
101.001484,68,4102.075423
5.116564,82,4113.44383
3.859835,70,4113.586685
102.621566,59,4113.706139
4.230056,101,4113.928156
3.840688,65,4114.06095
1.131766,69,4114.200438
105.638342,73,4114.349941
4.404169,77,4114.509798
103.34856,71,4114.657208
4.694578,89,4114.837253
2.418019,64,4114.970785
1.968237,65,4115.095299
1.115125,82,4115.255678
2.295528,76,4115.407562
100.790625,93,4115.605438
3.169311,60,4115.722334
1.125259,82,4115.907483
101.208948,75,4116.070003
101.614966,70,4116.21181
2.476282,71,4116.360084
5.088336,64,4116.491419
4.106569,134,4116.770872
0.685671,88,4116.941571
1.422386,81,4117.104595
3.846376,65,4117.235343
0.612602,97,4117.433581
0.899225,99,4128.911953
4.128926,91,4129.091889
1.374996,71,4129.226582
5.798216,68,4129.359486
103.843598,54,4129.471104
1.593343,95,4129.672994
2.882521,87,4129.847173
105.202937,60,4129.974658
100.772971,91,4130.153077
2.076968,65,4130.280443
0.109633,1000,4132.267756
1.819496,59,4132.39064
4.587097,66,4132.526903
4.038233,86,4132.6972
0.479896,107,4132.907997
103.614866,62,4144.276259
3.031035,66,4144.415122
3.051968,88,4144.596678
2.062466,93,4144.808059
2.64037,80,4144.974806
102.868761,50,4145.079781
0.476155,72,4145.228415
3.778981,66,4145.365909
-0.333588,279,4145.93559
101.88509,94,4146.12273
1.739941,97,4146.30959
0.217429,1000,4148.328204
4.995448,82,4159.813204
1.59064,91,4160.007902
5.720358,64,4160.130322
5.08221,65,4160.2551
-0.907262,114,4160.478095
3.349428,94,4160.661354
4.575476,67,4160.789424
4.067327,69,4160.92293
2.612792,79,4161.083908
1.571962,115,4161.310371
2.022503,69,4161.450096
3.976417,75,4161.601456
4.725378,63,4161.726217
3.338731,74,4161.881896
105.068763,74,4162.028243
3.911567,66,4162.159639
4.84312,80,4162.316585
1.50222,77,4162.465014
3.077107,73,4162.615062
4.165091,66,4162.749243
104.65044,61,4162.871034
0.73616,92,4163.054482
4.710368,83,4163.218499
-1.021905,102,4163.423933
101.535407,87,4163.606939
104.978257,70,4163.754297
101.271291,87,4175.194736
101.320475,83,4175.367052
1.82887,95,4175.560862
-0.035077,89,4175.745141
3.99449,68,4175.882369
1.04044,65,4176.011723
1.298565,68,4176.145033
100.47047,77,4176.296325
100.820707,75,4176.443497
103.482842,65,4176.57119
102.920963,66,4176.709411
100.482088,63,4176.839413
4.417461,90,4177.019725
4.655191,76,4177.170354
0.819577,82,4177.33183
2.578957,68,4177.466769
100.626661,60,4177.586763
101.4163,100,4177.781859
1.429256,192,4178.174641
101.193166,91,4178.362705
1.310383,74,4178.515942
4.807001,68,4178.654402
4.283874,64,4178.78774
0.901408,76,4178.941738
104.857543,59,4179.056904
-0.024286,97,4190.53744
101.374023,57,4190.654099
5.629856,68,4190.794183
5.769314,64,4190.938911
2.228534,75,4191.08765
4.512585,113,4191.311591
101.172416,72,4191.451487
1.840331,66,4191.582896
-0.583763,713,4193.043061
101.024649,64,4193.169152
1.016061,70,4193.3065
103.906839,63,4193.429513
2.173374,70,4193.567611
1.977727,67,4193.701711
3.82183,77,4193.857745
4.321317,91,4194.035338
3.672646,66,4194.164173
101.601116,156,4194.465487
101.353952,86,4205.922156
100.891762,57,4206.047373
4.189098,87,4206.229159
105.876588,72,4206.376308
6.040937,69,4206.517594
103.674807,72,4206.667505
101.078852,90,4206.845604
101.179482,109,4207.080886
4.164405,76,4207.252342
1.46999,87,4207.433118
103.528483,58,4207.55559
5.225515,66,4207.692244
101.618704,57,4207.809834
101.384622,96,4208.007822
2.083072,74,4208.159019
2.538595,77,4208.319448
4.003696,68,4208.462127
1.276239,82,4208.64649
102.073114,68,4208.788927
101.855875,49,4208.888973
2.073342,71,4209.033483
2.828072,68,4209.175797
101.298872,62,4209.304349
102.222408,78,4209.465776
2.965349,64,4209.599611
1.465693,87,4209.778597
101.243703,53,4209.889202
1.15946,72,4210.038762
3.746009,66,4221.376693
5.424338,72,4221.525003
1.471298,80,4221.691028
106.028587,69,4221.832498
104.90313,61,4221.958719
102.244716,62,4222.08834
2.731621,87,4222.270235
1.762147,93,4222.462402
103.573581,65,4222.59565
3.23431,76,4222.756278
3.711999,76,4222.902597
101.166048,102,4223.120905
0.077545,87,4223.292908
4.031769,84,4223.457909
101.456775,41,4223.539915
5.450189,74,4223.687608
5.468141,88,4223.860894
1.540731,99,4224.059805
3.882845,64,4224.187567
2.107256,77,4224.334651
101.838281,41,4224.420056
1.519681,75,4224.572611
100.931938,78,4224.726704
101.186228,73,4224.870391
4.939216,90,4225.04705
0.781318,65,4225.177152
4.774361,73,4225.322473
3.603065,64,4225.449247
4.089007,72,4236.858212
5.150817,64,4236.984297
4.996938,69,4237.117812
0.623085,85,4237.296584
1.064055,421,4238.111848
3.309415,70,4238.24966
1.984462,64,4238.375521
0.901677,98,4238.569076
0.656847,1000,4240.539399
2.898235,59,4240.653143
100.967994,85,4252.080405
1.743486,73,4252.233345
0.45548,1000,4254.302648
4.523435,71,4254.450752
104.603099,74,4254.602078
3.036826,62,4254.735516
4.70855,68,4254.872155
101.89046,75,4255.016889
1.600359,63,4255.138031
0.021395,85,4255.308761
100.467551,78,4255.465051
102.704194,50,4255.564131
4.29253,70,4255.701773
-0.611178,255,4256.201362
1.758414,82,4267.603146
2.630564,77,4267.758854
4.090129,68,4267.892548
100.954041,79,4268.047768
4.696164,69,4268.182015
5.555453,65,4268.31666
1.392692,86,4268.500283
1.019523,735,4269.975569
4.538832,70,4270.11218
101.274673,75,4270.258937
2.481331,62,4270.380695
2.151951,78,4270.533252
3.821072,65,4270.66256
101.098101,62,4270.784243
2.698539,74,4270.929085
3.606612,78,4271.08241
1.744554,77,4271.230219
104.136614,61,4271.350835
3.50707,69,4271.486155
2.226744,69,4282.865908
1.385374,84,4283.044819
105.289916,63,4283.177045
100.533385,47,4283.275015
102.294657,76,4283.436324
3.577451,97,4283.635171
2.982865,72,4283.782604
3.51857,65,4283.925166
3.540148,102,4284.137003
104.226953,75,4284.29301
4.666547,61,4284.427009
1.460559,78,4284.589771
100.609716,61,4284.719548
4.308167,60,4284.843087
2.848711,66,4284.970443
4.826985,88,4285.148206
4.339996,102,4285.348533
101.633333,67,4285.483745
3.68576,63,4285.608445
5.251709,77,4285.764869
4.618243,73,4285.915825
0.029178,85,4286.091515
103.262674,65,4286.226544
104.104324,69,4286.368814
1.56829,84,4286.542548
3.996563,69,4286.688476
105.863216,69,4286.825012
100.052048,64,4286.94982
4.020044,61,4298.440579
2.138948,141,4298.740562
0.457947,96,4298.931778
3.238214,73,4299.080025
102.388549,46,4299.17384
4.445548,69,4299.305023
0.203762,1000,4301.325923
5.48724,62,4301.449479
4.303124,68,4301.586056
3.503152,72,4301.728349
101.129767,76,4301.874996
101.840198,44,4301.964655
5.390458,72,4302.114305
1.259467,90,4302.301501
5.073101,69,4302.445149
100.66052,78,4313.911683
3.942139,79,4314.080622
4.478992,65,4314.208193
101.966391,63,4314.331477
4.006103,80,4314.490176
101.391812,79,4314.642569
3.761219,66,4314.772615
2.596729,73,4314.92192
1.386249,83,4315.083255
2.043871,95,4315.27394
101.976473,54,4315.376101
101.631468,55,4315.489186
5.574712,67,4315.620797
101.398558,67,4315.755515
0.953858,69,4315.903743
2.955187,69,4316.044389
4.835759,64,4316.180663
104.245861,64,4316.31496
2.071355,69,4316.457083
2.041824,70,4316.596348
1.200356,80,4316.752064
3.09896,73,4316.898438
105.2803,73,4317.044065
100.958522,80,4317.204599
100.938369,34,4317.272977
103.734091,75,4317.424064
3.507575,60,4317.546341
2.998073,81,4317.706603
1.254866,101,4317.900223
3.272249,61,4329.206062
1.470638,72,4329.353813
2.979059,69,4329.49803
5.078199,63,4329.628791
101.520146,76,4329.783738
104.06093,59,4329.898234
100.786699,60,4330.013003
4.558542,69,4330.152622
4.887256,72,4330.296057
101.575714,110,4330.510666
4.326494,85,4330.690211
4.284202,69,4330.832842
1.674227,75,4330.982366
3.802285,73,4331.123227
100.756215,216,4331.550105
4.693199,70,4331.691691
3.965989,70,4331.835029
105.641565,63,4331.972066
-1.651493,109,4332.203201
-1.447404,208,4332.634782
5.587246,66,4332.771796
3.629192,67,4332.904792
101.005166,80,4333.060297
2.631217,60,4333.179498
3.022868,70,4344.680715
101.051081,75,4344.840989
1.839966,64,4344.965568
103.399003,54,4345.071657
102.964734,56,4345.182198
102.9436,79,4345.339592
-0.886648,109,4345.552948
2.493342,69,4345.689976
3.901032,89,4345.864787
0.714434,77,4346.013142
4.732746,62,4346.134079
5.561674,63,4346.258918
102.438634,50,4346.355569
4.880466,97,4346.546762
4.224538,70,4346.682574
0.656619,79,4346.84909
4.827313,63,4346.981525
2.032268,79,4347.141563
101.707714,74,4347.291834
3.155845,66,4347.427138
104.547885,60,4347.552571
2.241877,83,4347.719136
4.549343,169,4348.067526
2.039536,80,4348.22961
101.22622,85,4348.399941
-0.023007,728,4361.069466
5.935323,70,4361.22298
5.652228,80,4361.381932
3.770026,77,4361.534565
1.392263,79,4361.695806
2.720864,73,4361.844964
3.700062,69,4361.982219
3.058637,60,4362.099268
2.191559,71,4362.23887
101.9614,75,4362.385913
2.839948,60,4362.502649
2.947637,66,4362.634362
3.18913,73,4362.776804
1.467905,67,4362.911748
106.10453,68,4363.04467
3.376716,67,4363.176666
2.814841,72,4363.324281
101.326814,53,4363.431526
1.476935,80,4363.588333
2.674438,72,4363.732932
2.913866,61,4363.857215
3.302332,68,4363.991105
4.711673,72,4375.326245
-0.691151,103,4375.528733
-1.383746,120,4375.779942
2.431163,70,4375.918601
0.188254,89,4376.095068
2.027476,73,4376.24232
1.671676,101,4376.440057
1.157959,72,4376.585924
101.028808,115,4376.809609
3.925993,78,4376.962949
4.21686,62,4377.087804
2.835564,60,4377.207593
1.158279,70,4377.346765
5.259451,91,4377.528774
4.542103,64,4377.655087
1.624248,62,4377.781753
0.809858,76,4377.935877
-1.068545,95,4378.126164
100.763357,97,4378.3186
101.302933,98,4378.523113
0.774982,100,4378.726677
2.00139,91,4378.910894
101.976652,76,4379.062801
100.839609,52,4379.16425
3.722296,75,4379.330555
6.150816,76,4390.662245
100.760178,85,4390.831525
2.577314,68,4390.963398
3.501357,152,4391.264187
3.860532,67,4391.39949
0.363605,78,4391.553457
102.431793,78,4391.720983
103.305789,75,4391.869264
4.884553,64,4391.999804
3.23562,70,4392.139779
-0.539068,135,4392.405667
4.351405,61,4392.529472
101.836254,53,4392.636959
3.886652,63,4392.759991
0.820554,78,4392.916217
0.86243,80,4393.072674
-1.281968,102,4393.273704
1.981244,75,4393.423126
3.461484,88,4393.595739
101.736493,88,4393.767779
2.104238,87,4393.94587
-0.506596,79,4394.10123
4.267572,75,4394.24709
4.188134,78,4394.399681
1.821326,75,4394.550594
4.740959,60,4405.959201
3.846451,62,4406.082219
102.100819,58,4406.198457
6.125674,77,4406.363102
3.132731,88,4406.534192
4.855165,70,4406.673182
101.565429,78,4406.824622
101.408179,68,4406.958027
2.063613,63,4407.085493
0.3409,97,4407.280205
101.799919,61,4407.398193
102.148798,69,4407.536163
5.195827,77,4407.69546
2.508522,72,4407.837705
1.350185,132,4408.099663
102.561017,59,4408.214286
3.168046,73,4408.356175
101.810662,138,4408.656709
0.690056,65,4408.780972
101.520525,66,4408.911258
2.778141,60,4409.02853
2.94936,69,4409.164116
-1.011469,111,4409.3803
2.906735,74,4409.525961
3.109678,60,4409.644093
2.815878,71,4409.783293
1.072786,84,4409.947946
101.493016,87,4421.32881
2.892211,96,4421.517921
1.88736,75,4421.673001
3.613505,92,4421.85882
100.607039,84,4422.018657
2.579026,76,4422.168412
4.725946,63,4422.296096
101.572126,93,4422.477744
4.516979,70,4422.615555
1.546354,90,4422.796006
2.352147,88,4422.965107
102.011869,45,4423.055976
0.563399,69,4423.190382
5.735073,62,4423.317529
2.9473,91,4423.496104
2.719169,77,4423.64543
5.331479,64,4423.784091
2.266771,60,4423.903241
4.3677,64,4424.035759
0.137305,90,4424.212585
4.5909,68,4424.349099
2.238419,81,4424.508248
104.10464,58,4424.621558
103.432584,65,4424.750384
0.458926,102,4424.949844
101.730361,102,4425.149993
1.605206,101,4436.612154
100.611402,76,4436.762349
3.622707,79,4436.917499
0.277634,1000,4438.910154
101.924706,64,4439.037529
1.6583,71,4439.175657
1.312691,62,4439.294597
1.626012,75,4439.443784
2.800341,65,4439.571584
3.864744,62,4439.69803
102.248616,73,4439.842657
1.654342,66,4439.971408
101.344023,57,4440.0825
0.724315,112,4440.303179
1.933896,99,4440.494813
103.266907,53,4451.808694
100.898141,70,4451.961289
3.290253,93,4452.149415
102.165632,66,4452.280517
3.708749,66,4452.419722
1.921573,74,4452.565974
3.139913,77,4452.71742
103.04325,61,4452.838103
102.570654,67,4452.980245
-1.143993,115,4453.210696
2.495336,68,4453.346529
2.13354,72,4453.485571
1.5986,81,4453.644478
1.148975,86,4453.817443
5.992078,86,4453.985493
4.469495,71,4454.124802
2.420403,61,4454.245577
2.285985,80,4454.401571
101.299874,71,4454.541303
2.715924,67,4454.671021
1.608201,89,4454.844943
105.980346,75,4454.990125
4.629646,61,4455.111491
2.676927,74,4455.253547
1.062255,72,4455.392156
103.058408,73,4455.536544
103.616003,70,4455.67187
4.119479,65,4455.801417
105.669712,63,4467.102438
-0.477477,293,4467.697273
2.792559,74,4467.842146
3.456083,61,4467.959892
2.801986,69,4468.097248
103.692514,74,4468.244154
3.565955,59,4468.361521
5.383,61,4468.480793
1.421593,114,4468.709352
101.51,73,4468.852254
0.55022,73,4468.992965
4.754495,60,4469.111503
2.492341,61,4469.235364
4.290832,65,4469.36273
101.84268,40,4469.441858
3.293673,67,4469.572385
2.128378,69,4469.71081
3.361818,78,4469.863002
102.580053,62,4469.985222
102.605099,60,4470.100897
5.542268,82,4470.266727
104.137047,73,4470.414182
2.58509,72,4470.554658
102.848288,66,4470.682355
2.751745,78,4470.835583
-2.065314,125,4482.352447
102.270868,63,4482.48174
103.054159,66,4482.616003
100.651938,70,4482.759339
101.892465,110,4482.9744
102.348696,52,4483.076163
0.78744,1000,4485.076669
100.520123,45,4485.164866
100.577029,81,4485.337343
2.321909,79,4485.504076
4.544389,64,4485.636919
100.905853,89,4485.81735
2.757368,79,4485.981021
0.553345,75,4486.134593
100.981946,78,4486.299439
2.468763,73,4486.457364
4.872398,75,4497.805866
4.359114,69,4497.954617
4.70008,65,4498.087061
4.247018,59,4498.203324
4.857533,65,4498.331219
3.552295,83,4498.501695
1.957815,74,4498.647313
3.447748,70,4498.78459
100.890466,68,4498.921549
2.840379,59,4499.037615
4.283389,64,4499.164909
4.998642,88,4499.341626
0.464113,92,4499.525441
4.389587,68,4499.660203
2.659921,98,4499.846065
4.89123,96,4500.033924
1.865944,85,4500.197302
4.911018,79,4500.351177
-0.917742,110,4500.567183
104.300361,69,4500.709217
5.917232,65,4500.846048
1.208501,88,4501.02992
2.124211,73,4501.183761
100.610056,78,4501.350456
4.775834,72,4501.502884
5.615043,65,4501.635615
104.316989,60,4501.75972
1.044519,71,4513.271539
4.59308,67,4513.40752
0.944096,71,4513.549948
0.307972,191,4513.953408
-2.003139,141,4514.244585
0.808667,76,4514.410751
3.014818,67,4514.54622
5.10249,67,4514.684116
0.941816,102,4514.910157
4.300622,66,4515.051678
101.530613,145,4515.350773
3.672229,79,4515.513766
4.621886,80,4515.680527
2.155484,77,4515.841407
2.188337,66,4515.97661
3.32446,77,4516.132939
2.49718,83,4516.301322
1.73074,91,4516.494341
4.953584,66,4516.622148
104.609004,63,4516.748395
2.261609,85,4516.92122
103.307586,68,4517.053172
3.427847,71,4517.192027
1.624393,60,4517.309017
102.403224,60,4528.782381
1.835011,73,4528.933663
-0.765915,95,4529.149226
2.857022,61,4529.282783
2.553774,64,4529.412421
101.859183,86,4529.588875
3.850498,61,4529.71674
2.84525,63,4529.846506
2.471004,68,4529.987847
0.466895,100,4530.181972
101.579063,73,4530.327785
101.867632,55,4530.439195
1.399777,70,4530.575239
1.013012,85,4530.742238
1.536251,85,4530.909543
103.72448,60,4531.0278
2.165443,101,4531.225537
3.973372,92,4531.405387
2.655228,106,4531.616497
3.105022,65,4531.742451
0.80276,107,4531.951614
100.536461,46,4532.046172
100.741246,80,4532.21462
101.261508,36,4532.285644
102.952287,69,4532.428635
0.154268,95,4532.621811
100.677034,109,4532.843397
0.011967,75,4544.329636
1.015267,646,4545.647257
100.877961,74,4545.792774
101.069046,104,4545.998616
100.649737,94,4546.181537
4.247074,62,4546.318297
102.651501,68,4546.454023
4.892414,146,4546.744823
2.57133,63,4546.870555
100.714518,90,4547.053683
1.938971,85,4547.220703
5.528041,79,4547.374267
105.261903,65,4547.50979
1.501753,70,4547.660833
0.738177,1000,4560.869711
6.237035,64,4560.996045
1.240085,91,4561.177158
102.279364,70,4561.319697
3.189051,79,4561.477377
4.478701,91,4561.657592
2.832996,72,4561.795371
2.810233,77,4561.943098
2.40147,67,4562.076524
102.657717,59,4562.193226
3.440434,90,4562.372932
101.954559,64,4562.497815
103.075643,63,4562.624664
104.11487,58,4562.740946
4.029231,105,4562.948313
2.565133,68,4563.082631
103.402219,55,4563.18889
1.575141,73,4563.332613
3.495358,68,4563.467759
4.575339,70,4563.603515
2.381778,65,4574.918207
2.977861,62,4575.053438
0.9972,73,4575.199662
2.887179,91,4575.377335
1.093093,70,4575.523675
101.828605,47,4575.619081
3.285639,90,4575.796125
3.029359,102,4575.997093
103.510975,54,4576.105506
101.432685,81,4576.268922
3.397999,65,4576.396322
1.638729,66,4576.530846
4.033777,60,4576.64782
100.424231,54,4576.752605
2.842024,64,4576.881391
1.646847,101,4577.07658
104.274244,74,4577.22915
0.591253,110,4577.448529
104.277894,57,4577.559538
3.06272,82,4577.719452
101.689996,79,4577.873999
0.45471,85,4578.042212
3.579735,73,4578.187454
4.889485,69,4578.325355
4.245213,80,4578.48424
2.438214,152,4578.780468
4.324036,65,4578.909169
3.337172,68,4590.298309
3.114554,105,4590.510112
105.350243,65,4590.63548
2.710871,75,4590.791163
2.439317,75,4590.939698
0.719572,79,4591.102737
5.426768,68,4591.23891
2.437182,80,4591.399637
0.042935,887,4593.158075
4.391691,74,4593.304246
102.130734,147,4593.595653
101.395532,64,4593.720706
103.394384,67,4593.859417
101.615564,74,4594.005338
100.789914,55,4594.114698
2.347532,69,4605.478962
2.934599,82,4605.64315
0.533249,96,4605.847022
3.567543,60,4605.964265
-0.779151,136,4606.239146
4.656726,100,4606.439665
2.830876,77,4606.596939
101.840289,76,4606.748445
3.792075,61,4606.868306
101.997626,40,4606.9484
2.840124,59,4607.063658
4.778896,66,4607.19224
3.511918,77,4607.342626
101.457425,74,4607.486306
3.435816,69,4607.623934
3.97199,99,4607.823679
2.383465,70,4607.957994
4.117336,102,4608.158543
0.574,96,4608.348151
3.317172,68,4608.480488
100.893396,92,4608.664586
3.196762,63,4608.804653
1.363092,69,4608.94072
2.032857,69,4609.075711
101.0852,64,4609.20191
1.921173,79,4609.360224
100.990073,94,4609.541256
3.758761,62,4620.857145
5.092264,65,4620.988183
0.150297,90,4621.162305
3.556819,91,4621.345923
4.38577,71,4621.487736
3.961466,74,4621.634029
2.536179,75,4621.786484
102.602376,61,4621.907791
3.640214,71,4622.046662
4.512304,96,4622.234353
3.568807,71,4622.38962
4.437904,69,4622.526608
102.989893,59,4622.640541
1.153446,80,4622.796156
101.089075,79,4622.951128
3.260777,75,4623.100521
103.053001,49,4623.199389
2.364522,63,4623.324545
4.841074,62,4623.446101
103.588084,56,4623.553576
2.670121,77,4623.706768
1.646291,82,4623.871881
1.075801,71,4624.015643
102.302069,55,4624.127966
3.452621,77,4624.2812
1.60185,75,4624.430277
3.561264,87,4624.600271
3.529941,65,4624.728755
2.625263,79,4636.052119
2.061485,66,4636.186014
3.595946,71,4636.342664
101.802674,66,4636.475216
4.841271,72,4636.620106
100.723063,66,4636.749566
102.581664,71,4636.888359
4.194503,75,4637.035274
102.983483,70,4637.172395
1.368334,85,4637.345986
101.080038,61,4637.469346
101.545461,74,4637.615525
2.639007,73,4637.760946
102.268715,72,4637.905878
100.711092,70,4638.046126
1.966067,74,4638.192533
103.841378,70,4638.336079
0.656508,90,4638.516158
102.942227,54,4638.622445
101.300292,59,4638.739027
-1.218625,125,4638.990921
0.364381,98,4639.182747
3.18466,73,4639.32616
2.163727,96,4639.517156
3.249346,78,4639.672017
4.435195,119,4639.90726
4.762798,72,4640.05307
3.176848,71,4651.474437
2.958649,72,4651.617814
3.715215,70,4651.756174
100.848223,110,4651.971961
4.465804,64,4652.100722
2.080346,73,4652.250741
102.3805,75,4652.400851
101.711549,73,4652.548182
103.210186,68,4652.680078
104.561328,61,4652.807644
4.493102,71,4652.958047
103.206961,60,4653.076929
2.991923,72,4653.220817
1.433995,97,4653.412118
1.321721,100,4653.610035
-1.843856,133,4653.87509
3.606363,60,4653.998333
1.664401,64,4654.127257
5.560656,73,4654.272988
101.651677,74,4654.419236
100.673795,266,4654.953862
3.673896,153,4655.271556
2.749777,77,4655.425147
0.120883,92,4666.793535
100.715134,51,4666.89429
2.418105,76,4667.046565
101.211753,89,4667.218483
0.205912,131,4667.493546
1.968222,94,4667.679996
4.061372,64,4667.808121
3.652543,69,4667.945983
3.273345,76,4668.096292
2.692574,70,4668.234263
-1.100336,93,4668.42018
3.512229,84,4668.587767
4.954738,64,4668.731341
-0.4166,222,4669.26807
3.619058,69,4669.411033
2.574068,87,4669.581749
5.419644,79,4669.738662
4.481058,75,4669.887577
0.115874,1000,4683.095684
-0.624754,103,4683.3101
2.950275,84,4683.483601
103.091681,71,4683.628386
100.355148,66,4683.765647
0.794884,81,4683.93119
2.21224,87,4684.113253
3.202071,61,4684.240354
2.541493,73,4684.393288
1.808955,75,4684.548085
1.644828,100,4684.753941
1.988732,68,4684.891673
102.478765,67,4685.025873
2.205156,85,4685.191997
0.984595,93,4685.373838
3.0615,92,4685.567142
101.911557,49,4685.673073
104.81524,57,4685.784973
0.443675,208,4686.192168
105.023158,65,4697.513824
101.800688,66,4697.64992
5.085544,70,4697.805379
2.946207,65,4697.93281
0.455557,85,4698.102741
2.352202,82,4698.265753
4.853813,68,4698.39847
101.315164,59,4698.524832
101.77578,80,4698.684507
1.319591,78,4698.838502
102.628689,66,4698.972755
5.513848,82,4699.139925
4.119508,74,4699.287606
101.574634,48,4699.382816
3.018816,69,4699.519376
2.7266,79,4699.677901
3.650851,80,4699.832889
102.919124,71,4699.96979
101.402023,77,4700.122526
105.910687,66,4700.251552
0.61671,139,4700.529104
105.039053,61,4700.655883
102.381413,73,4700.800738
3.613123,67,4700.932059
0.913804,64,4701.052612
100.848915,69,4701.186424
1.645844,72,4701.333704
1.890991,64,4701.462075
-0.230623,86,4712.806655
0.684607,97,4713.008923
100.2931,56,4713.120197
3.023051,79,4713.2764
-0.629403,388,4714.042352
1.07316,86,4714.209661
-0.727292,241,4714.699138
-0.757957,680,4716.053248
4.012989,66,4716.181708
4.271301,76,4716.338358
1.558045,70,4716.477922
2.377184,71,4716.619287
3.791389,67,4716.751249
0.285618,95,4728.111596
3.578965,92,4728.293087
3.900802,63,4728.419067
3.962086,79,4728.588554
101.003008,71,4728.734897
6.239868,71,4728.927124
1.921721,81,4729.146837
3.238198,69,4729.279252
101.292041,38,4729.351212
5.201862,91,4729.530837
102.733295,64,4729.658474
101.592723,59,4729.777352
102.724435,70,4729.918922
2.288314,73,4730.062925
2.335896,71,4730.203618
0.992928,90,4730.382104
2.056686,69,4730.519699
4.746912,60,4730.6598
102.783711,50,4730.757704
100.993355,55,4730.86947
2.17371,109,4731.082308
1.301736,63,4731.209637
1.697082,89,4731.383767
1.843334,62,4731.50792
1.960813,65,4731.643028
3.007576,68,4731.776787
4.773751,73,4731.92241
103.138772,61,4732.044022
100.527746,82,4743.408917
0.796523,134,4743.687853
103.888598,72,4743.830128
1.129034,72,4743.971593
4.166924,83,4744.1324
101.279144,78,4744.287003
2.758658,68,4744.43155
100.669691,68,4744.568707
5.188593,67,4744.698949
100.630708,38,4744.773844
-1.057406,111,4744.997105
1.957498,58,4745.109272
1.159416,95,4745.30003
2.888742,70,4745.435195
1.92779,74,4745.582416
1.944661,141,4745.856001
3.036777,71,4745.996716
103.489542,63,4746.120492
4.335911,68,4746.256015
104.235113,74,4746.404668
3.288179,66,4746.53739
101.172043,81,4746.696234
3.037071,70,4746.832744
101.30111,93,4747.017171
2.308083,66,4747.149737
3.689437,73,4747.293197
101.062101,67,4747.429065
2.512982,75,4758.865306
3.414473,67,4758.997875
104.531574,59,4759.110399
3.234134,69,4759.244647
0.660802,75,4759.394144
101.975819,79,4759.547802
2.032955,76,4759.699288
100.95937,80,4759.862981
1.441206,80,4760.026794
5.300694,60,4760.144736
4.755644,90,4760.31788
4.015767,71,4760.458805
2.759357,66,4760.588486
104.91872,69,4760.723127
102.100861,65,4760.850331
100.925721,104,4761.057268
3.694254,75,4761.207315
102.360786,71,4761.351584
0.730149,99,4761.547022
100.607291,79,4761.702506
2.407548,92,4761.88572
103.171868,60,4762.002488
3.920977,61,4762.120125
101.056198,90,4762.29739
4.467745,67,4762.431894
3.869144,77,4762.581206
-0.504873,150,4774.118863
1.47146,97,4774.308954
1.161097,68,4774.444338
2.964931,61,4774.580274
1.879301,72,4774.72217
103.87192,70,4774.857752
2.424068,71,4775.004297
2.719387,59,4775.1192
1.460486,108,4775.329492
100.873305,49,4775.424804
100.915419,89,4775.597615
-0.543855,114,4775.83345
3.208709,72,4775.977402
0.988196,64,4776.105907
100.487393,80,4776.262522
103.951895,63,4776.387558
1.317694,108,4776.600524
-0.786933,121,4776.837575
1.360378,76,4776.990887
101.974806,67,4777.125135
3.194902,61,4777.247226
103.199666,72,4777.395474
-0.758863,205,4777.80396
101.435204,56,4777.914783
3.370107,88,4778.091395
102.758715,47,4789.457837
3.220403,67,4789.590977
-0.510733,109,4789.813443
101.046395,90,4789.993516
105.081141,62,4790.121516
3.198746,77,4790.281638
102.456793,69,4790.424273
5.32143,68,4790.558248
5.308952,65,4790.691251
0.680176,106,4790.900175
102.138415,67,4791.050129
3.037461,72,4791.19367
104.265946,68,4791.328639
1.040043,85,4791.493528
1.535205,76,4791.644981
4.141841,89,4791.823597
100.658381,236,4792.287031
0.635707,109,4792.501395
0.225656,113,4792.725488
3.338833,79,4792.88587
1.7884,173,4793.254901
0.068148,87,4793.432043
2.122982,63,4804.725657
1.433485,85,4804.889951
100.657477,97,4805.081741
4.986429,61,4805.199808
3.86733,62,4805.33399
4.022598,85,4805.510408
1.944743,74,4805.655475
100.740906,79,4805.812483
2.839764,65,4805.943436
104.442952,61,4806.064391
1.026226,66,4806.192937
2.342523,62,4806.324603
3.529739,78,4806.478949
3.365432,86,4806.649869
1.44156,63,4806.777442
101.699716,92,4806.953253
3.847097,67,4807.080823
1.849519,69,4807.21255
4.655917,60,4807.329466
103.093931,69,4807.464698
103.308866,72,4807.606486
5.485232,81,4807.771503
5.459697,76,4807.917669
102.975909,55,4808.025178
3.481702,77,4808.175646
103.41175,69,4808.313785
1.68309,84,4808.484437
3.133399,66,4808.615435
104.191078,71,4820.034654
103.150083,65,4820.166336
4.692649,78,4820.329385
103.57045,55,4820.450014
5.170705,68,4820.601259
0.185884,77,4820.757555
2.566719,68,4820.892114
-0.516849,107,4821.102485
102.519483,69,4821.240757
4.536366,64,4821.364821
5.938356,68,4821.500231
3.969507,65,4821.627509
2.191065,73,4821.7739
101.030809,90,4821.951925
2.662461,64,4822.078868
100.452132,89,4822.25384
105.43502,67,4822.38381
4.465965,67,4822.51498
2.601797,109,4822.728782
2.425582,70,4822.866405
3.231356,72,4823.008407
1.766147,97,4823.1975
1.688732,84,4823.365804
1.718372,70,4823.498993
0.813429,183,4823.864893
2.269653,66,4823.997464
-0.056594,99,4835.487302
1.475356,74,4835.632189
100.400901,249,4836.118597
3.212704,90,4836.298081
100.472672,223,4836.734547
4.122847,62,4836.853819
3.539337,61,4836.976681
4.821111,73,4837.122656
2.140354,70,4837.256351
-0.253463,170,4837.587844
1.18379,78,4837.742996
103.649679,67,4837.876474
100.848613,49,4837.974284
103.566185,74,4838.116076
2.198576,61,4838.238942
2.018327,74,4838.384509
101.063584,76,4838.532108
3.091692,68,4838.669638
5.849135,71,4838.813538
5.28015,68,4838.946454
0.136678,97,4839.141301
-0.187808,115,4839.372801
100.980545,82,4850.730433
101.142834,83,4850.893384
2.083129,92,4851.098807
5.170548,65,4851.230241
3.202658,73,4851.373093
2.455354,78,4851.528517
5.500508,80,4851.686891
1.693868,83,4851.854269
4.559916,65,4851.98298
6.174049,65,4852.112239
1.716315,73,4852.256735
101.957328,65,4852.381047
4.108391,86,4852.551642
2.796227,77,4852.700013
3.991172,159,4853.010081
1.744334,151,4853.30578
3.017012,60,4853.421549
105.863522,68,4853.5562
2.191471,71,4853.695065
5.732753,67,4853.828105
1.710948,82,4853.986826
101.13824,52,4854.092363
1.452221,459,4866.17973
4.856584,60,4866.300207
0.755903,82,4866.464624
5.023354,77,4866.621734
101.008599,59,4866.739093
4.521929,67,4866.875427
104.693197,61,4866.995674
-0.903099,127,4867.246923
1.743726,94,4867.436342
102.752283,67,4867.572312
2.947454,65,4867.700773
1.504785,109,4867.913183
3.272599,67,4868.044405
5.591535,69,4868.178317
-0.316095,166,4868.507355
103.134197,67,4868.639447
2.251099,66,4868.766184
105.794925,67,4868.898972
0.619831,113,4869.130138
104.413754,68,4869.26299
3.53459,65,4869.391661
2.835073,75,4869.54013
2.843609,69,4869.675826
5.890233,76,4869.829512
100.8263,59,4881.164177
3.580493,60,4881.282574
4.531347,69,4881.418066
3.934766,65,4881.551247
102.806458,71,4881.694875
4.45192,63,4881.819909
3.334729,74,4881.962922
100.374771,54,4882.066907
1.134714,68,4882.199912
4.117549,65,4882.330647
1.831927,70,4882.468559
1.421357,91,4882.649422
2.636641,70,4882.804838
-0.254877,86,4882.978901
1.480107,71,4883.119893
4.35559,68,4883.255429
5.923094,72,4883.39975
-2.201911,869,4885.130626
0.729192,153,4896.723563
3.537396,69,4896.857682
103.029819,50,4896.95728
1.399831,137,4897.238937
104.845055,72,4897.375893
3.314323,97,4897.564754
0.622362,96,4897.750506
4.679791,67,4897.880401
1.914162,136,4898.141871
100.887153,56,4898.254829
3.999716,65,4898.380665
4.087798,76,4898.526199
4.581365,70,4898.667541
101.235286,70,4898.802542
1.391112,87,4898.973601
1.097788,71,4899.113404
5.223166,66,4899.244602
5.068596,61,4899.362751
3.712889,64,4899.488691
4.591108,83,4899.648443
0.161142,78,4899.803301
2.071677,68,4899.937892
4.146608,65,4900.065315
1.009964,92,4900.243662
2.44357,95,4900.431963
3.072956,126,4912.026304
1.2091,103,4912.226342
3.184241,88,4912.402738
1.354391,70,4912.53667
2.553884,81,4912.696283
1.770565,59,4912.813323
101.225173,83,4912.986652
1.845488,70,4913.152206
101.634091,84,4913.318263
1.046197,138,4913.589728
2.519361,90,4913.769323
1.670409,88,4913.941659
104.919042,75,4914.092475
102.362133,74,4914.238573
1.101888,62,4914.363338
1.503119,83,4914.529754
2.105895,61,4914.654466
4.116524,76,4914.805213
1.317672,84,4914.974683
1.739063,88,4915.148446
-0.28921,165,4915.477195
101.169611,62,4915.601628
1.699753,62,4915.725416
104.077982,57,4915.839422
102.180049,71,4915.983211
4.481467,68,4927.299867
4.298944,69,4927.436079
100.801637,58,4927.550821
3.007251,71,4927.703519
4.404823,77,4927.855368
3.775643,99,4928.050126
100.536575,64,4928.178095
3.811844,75,4928.333303
0.352169,119,4928.568702
3.874447,67,4928.699946
3.484808,93,4928.888368
4.106466,78,4929.047395
2.264656,69,4929.181854
2.209508,62,4929.304705
3.354691,79,4929.458325
2.212792,76,4929.608875
3.078675,90,4929.786887
2.582283,60,4929.908243
0.621731,86,4930.076537
1.345046,90,4930.252757
3.583983,82,4930.413138
2.26699,60,4930.527563
2.265721,76,4930.695227
1.960331,71,4930.843755
2.243972,69,4930.981566
5.029368,61,4931.102549
2.177725,64,4931.225167
2.44737,96,4942.586335
2.697411,68,4942.720709
104.781374,57,4942.830076
103.23151,76,4942.993184
101.577113,37,4943.064489
101.062363,79,4943.216029
1.450024,71,4943.353188
3.226622,88,4943.532714
4.174027,61,4943.651199
3.852818,99,4943.842719
4.836583,70,4943.980766
5.595715,61,4944.103531
1.837738,87,4944.27527
4.101801,65,4944.404909
6.001236,63,4944.526103
101.417236,85,4944.694788
4.652925,74,4944.843736
4.037758,68,4944.982155
101.380375,64,4945.119901
0.903013,71,4945.257976
3.866679,67,4945.39063
1.145575,82,4945.553073
4.883778,63,4945.679374
2.231326,89,4945.858417
1.076803,79,4946.01359
3.69059,68,4946.150986
3.85036,62,4946.270105
3.954998,87,4946.441169
5.434515,62,4957.730434
101.659453,86,4957.899125
-1.720609,477,4958.850861
3.908751,64,4958.980707
106.221017,73,4959.126232
1.745818,80,4959.281909
100.483566,115,4959.50545
-0.516864,138,4959.775485
4.959355,68,4959.918632
3.777427,71,4960.067401
1.312002,76,4960.220531
100.884935,76,4960.375063
100.391049,21,4960.418155
104.2596,56,4960.530144
0.767565,109,4960.748635
3.502803,83,4960.911654
4.839874,63,4961.034927
5.327253,72,4961.175585
0.40641,93,4961.360653
0.564678,71,4961.502711
0.312361,82,4961.664828
100.425782,213,4973.361398
3.242934,88,4973.551731
100.943511,63,4973.677968
3.219198,71,4973.816729
2.005539,69,4973.953355
101.663743,58,4974.072958
0.979011,512,4975.08733
2.044554,61,4975.216104
2.575168,89,4975.393872
0.631997,68,4975.525572
1.643049,81,4975.685168
2.01868,68,4975.822479
4.173935,79,4975.983362
2.094856,70,4976.120814
4.022404,65,4976.247837
2.202183,78,4976.403029
3.762537,66,4976.532351
101.148691,104,4976.73607
4.31301,81,4976.897058
1.599979,85,4977.066117
5.00649,61,4988.360744
101.43874,62,4988.482374
-0.528845,100,4988.681628
-0.277853,125,4988.940847
100.575526,57,4989.05329
101.420913,57,4989.166464
1.519992,74,4989.305221
3.596521,88,4989.488103
0.805451,65,4989.615268
2.583105,86,4989.782677
1.967803,76,4989.938891
1.092073,92,4990.11914
105.169466,63,4990.255945
1.806016,65,4990.384164
0.620072,639,4991.653503
0.910229,70,4991.791252
4.569669,78,4991.946487
4.876242,83,4992.110894
3.023058,86,4992.279156
1.168926,64,5003.603412
101.310226,84,5003.788258
3.946497,66,5003.915627
2.868917,91,5004.096667
2.779738,65,5004.224728
5.318514,79,5004.377402
101.583931,83,5004.541195
0.357504,81,5004.707905
2.950069,66,5004.838299
2.052234,60,5004.955149
3.299237,61,5005.076484
3.134755,101,5005.27436
1.332448,81,5005.435286
-0.173325,95,5005.623985
102.681952,66,5005.755944
4.943334,62,5005.878103
1.863161,137,5006.144087
5.458549,63,5006.266225
101.493881,87,5006.436281
101.481037,42,5006.519418
102.678338,69,5006.655416
2.573846,76,5006.81
100.807399,66,5006.94144
4.598962,67,5007.071861
-0.184124,151,5007.371632
102.321404,71,5007.510007
1.174761,71,5018.841559
1.438103,69,5018.975173
3.892107,63,5019.100173
3.513687,81,5019.262554
102.996524,56,5019.373328
1.367335,86,5019.542252
2.222615,94,5019.729405
101.46083,59,5019.848249
1.560893,70,5019.989006
2.932826,77,5020.139855
1.912268,85,5020.329723
2.139743,77,5020.479513
2.686477,77,5020.630596
4.227227,60,5020.745664
2.44897,63,5020.870063
4.688337,69,5021.00481
100.651887,90,5021.184026
-0.794039,92,5021.363196
4.485858,82,5021.534272
100.948144,74,5021.678602
-0.219709,109,5021.89035
-0.388298,83,5022.054166
4.687837,60,5022.172811
3.32001,74,5022.318466
2.994024,65,5022.447928
101.70739,79,5022.603525
100.966122,81,5022.769297
104.283583,66,5034.121538
-0.720232,137,5034.409003
2.548571,86,5034.585151
2.53408,66,5034.714885
102.190527,66,5034.844934
0.228223,80,5035.004964
4.559996,85,5035.173179
2.206058,79,5035.33251
100.899401,78,5035.488387
102.338056,74,5035.635993
3.882806,72,5035.784204
3.808835,71,5035.920904
3.323013,70,5036.063708
-0.343768,81,5036.221349
101.293023,70,5036.363936
1.535209,73,5036.506333
5.831169,74,5036.657817
-0.338431,179,5037.013692
103.147114,58,5037.126521
102.0305,61,5037.244276
1.352193,90,5037.419852
3.485398,77,5037.568778
103.183815,75,5037.717188
1.54693,70,5037.856278
2.331971,72,5037.998346
4.211707,97,5038.191842
0.637257,103,5049.5823
5.346912,66,5049.71173
3.342343,66,5049.844107
3.052183,69,5049.98295
2.085237,96,5050.180408
2.087428,93,5050.368608
0.745561,392,5051.166146
2.135092,71,5051.305979
101.016765,74,5051.448892
2.70158,83,5051.615678
100.785162,117,5051.847106
2.459174,99,5052.044404
4.304051,71,5052.183637
102.881491,49,5052.281371
100.877606,86,5052.450539
0.861213,79,5052.602957
2.18284,71,5052.742848
2.498773,60,5052.858565
2.805356,86,5053.028149
0.729593,95,5053.217404
2.696099,73,5053.360751
1.027122,81,5064.713361
3.244481,84,5064.89195
2.542623,80,5065.048869
0.877328,95,5065.232693
2.339665,62,5065.356355
3.437879,96,5065.542568
1.015027,109,5065.763436
-1.882969,140,5066.039551
2.621265,65,5066.165015
100.653757,86,5066.33471
1.636032,90,5066.513447
5.933429,65,5066.643091
4.093715,76,5066.793447
0.046817,1000,5079.95576
4.041806,67,5080.085097
101.992956,70,5080.223736
101.362524,34,5080.293625
101.711349,71,5080.454012
3.951282,77,5080.611822
3.588999,71,5080.759202
4.257084,66,5080.897003
100.690889,47,5080.997524
3.120857,60,5081.121347
3.160531,74,5081.267767
103.864661,68,5081.402756
102.065329,130,5081.658208
1.099654,81,5081.816422
101.742279,55,5081.920924
2.520064,69,5082.061249
2.102512,67,5082.188685
100.627077,51,5082.288277
3.387064,59,5082.402794
101.607781,96,5082.585734
100.984242,113,5082.824786
101.193569,54,5082.929871
2.727764,64,5083.05668
1.083595,67,5083.187345
102.326465,56,5083.298622
101.288286,91,5083.475196
5.133104,65,5083.605199
4.041442,63,5083.728112
100.734703,239,5095.397794
3.883926,70,5095.53495
1.244155,65,5095.663958
1.894166,60,5095.782633
-0.065104,77,5095.931916
5.000173,81,5096.090471
1.989458,71,5096.24138
2.543272,80,5096.403927
101.659545,81,5096.565614
1.885145,63,5096.689469
2.634991,77,5096.855892
4.033091,100,5097.057757
2.078508,69,5097.190175
5.540714,72,5097.332602
1.135397,84,5097.49858
102.686422,52,5097.599083
3.08853,74,5097.739666
0.983344,1000,5110.905843
5.179041,62,5111.046425
2.632779,60,5111.184949
0.526452,104,5111.409415
101.711379,63,5111.539322
4.234081,67,5111.674005
100.756755,71,5111.814434
1.003877,69,5111.958336
1.855352,91,5112.147129
2.766365,77,5112.29827
2.284271,71,5112.439408
3.400567,68,5112.573089
-2.374941,147,5112.874372
1.428302,84,5113.038326
101.685614,76,5113.20256
5.356258,66,5113.331359
2.812518,79,5113.4823
101.556094,75,5113.625031
102.932995,75,5113.76879
101.072686,65,5113.895247
2.970576,85,5114.058967
0.431488,92,5114.241209
2.992593,68,5114.375095
4.534339,71,5114.513616
2.741697,68,5125.804326
1.420044,86,5125.972786
101.165168,80,5126.128246
101.244805,82,5126.308268
103.253123,69,5126.4461
102.029507,62,5126.572333
1.807905,71,5126.709486
2.987353,64,5126.850256
0.83696,999,5128.822036
101.02891,82,5128.982913
105.539831,69,5129.118864
0.2183,145,5129.40861
104.446401,59,5129.526556
4.726558,80,5129.681028
2.45721,60,5129.800066
3.535321,73,5141.15654
3.192863,90,5141.352726
1.357817,91,5141.535045
101.133338,59,5141.659917
4.599712,80,5141.819322
4.275218,65,5141.947811
1.161441,59,5142.067509
104.275578,58,5142.191638
4.329299,60,5142.312096
2.506076,71,5142.454949
2.398423,75,5142.607017
0.195518,90,5142.786811
101.514488,90,5142.962228
104.760735,68,5143.096822
4.051783,70,5143.238855
5.395893,63,5143.367566
3.597095,61,5143.490631
3.28089,87,5143.661231
1.275368,82,5143.824687
2.699863,75,5143.974932
3.32186,60,5144.092459
4.209009,67,5144.225368
102.819764,70,5144.362912
2.318183,79,5144.516311
2.738683,94,5144.709888
104.225075,69,5144.847085
0.24082,104,5145.057309
4.475026,64,5156.401549
4.422119,63,5156.526828
0.621768,103,5156.735065
4.603235,70,5156.875751
2.428754,92,5157.063983
100.834755,72,5157.20687
101.711575,62,5157.329514
1.23,78,5157.487748
-0.192405,88,5157.664309
1.520675,80,5157.831414
-0.64228,92,5158.01836
100.898284,80,5158.179976
4.024899,68,5158.313173
1.797496,69,5158.447261
103.070255,66,5158.58051
2.997373,66,5158.710346
1.977747,101,5158.908228
5.921274,72,5159.049899
0.017342,1000,5172.420848
102.351925,65,5172.552661
3.750249,62,5172.670454
4.445984,77,5172.822611
2.745658,62,5172.955434
101.126124,68,5173.093912
3.23897,66,5173.230754
101.586841,56,5173.343917
100.873405,82,5173.518248
4.59635,82,5173.687321
1.712081,77,5173.844095
2.489024,71,5173.985464
1.9669,88,5174.161941
5.54641,68,5174.298173
2.040452,83,5174.474073
102.930095,69,5174.614028
1.26688,89,5174.795951
3.965706,65,5174.929445
101.718188,63,5175.065606
1.731993,84,5175.242667
5.086455,79,5175.406347
101.887768,65,5175.541847
105.711915,64,5175.671902
3.642662,76,5175.83148
4.893424,114,5187.291
4.236297,80,5187.458146
0.098045,68,5187.597362
100.565138,75,5187.750855
0.919437,85,5187.924113
1.569511,68,5188.06606
1.144647,72,5188.228423
105.432534,63,5188.361062
101.080769,48,5188.459658
103.412506,70,5188.602954
4.598793,82,5188.771254
5.853769,72,5188.909175
1.492097,98,5189.099615
0.724268,72,5189.243432
100.658677,75,5189.392202
3.054277,73,5189.538432
3.689294,65,5189.667653
3.151259,61,5189.788737
103.98102,66,5189.922848
5.112532,61,5190.046778
104.425981,56,5190.164771
-1.616843,267,5190.711861
5.229564,63,5190.834633
3.401023,64,5190.957549
0.584797,73,5191.097596
3.666423,78,5191.253205
103.882859,67,5191.396012
101.776143,124,5202.914679
1.467761,71,5203.056755
2.546507,70,5203.211535
3.612696,64,5203.351579
3.261252,83,5203.523589
101.274241,84,5203.706192
100.377278,73,5203.864304
4.826349,79,5204.028672
102.09518,68,5204.16905
2.916554,66,5204.30728
3.170852,79,5204.46905
3.113312,79,5204.632767
2.345441,94,5204.828535
-0.055617,111,5205.04364
4.014964,72,5205.183899
101.809508,118,5205.411752
101.647851,90,5205.591613
4.014737,75,5205.738604
2.959503,78,5205.89228
1.690234,71,5206.032566
4.931429,60,5206.153405
101.038117,87,5206.325634
103.158028,68,5206.457557
3.763584,70,5206.609776
-1.912111,450,5218.785224
4.566478,61,5218.903109
101.250008,75,5219.053029
2.932371,86,5219.225911
102.049989,113,5219.456956
3.256383,66,5219.59346
1.121826,70,5219.740525
101.053302,68,5219.877632
5.653677,77,5220.039057
3.194784,90,5220.226588
1.287633,70,5220.370384
0.709498,1000,5233.613581
101.330068,67,5233.767067
100.780274,62,5233.891328
3.238171,70,5234.030111
4.323117,67,5234.163587
4.189856,60,5234.284849
101.456387,61,5234.406205
101.492783,69,5234.548566
2.764283,77,5234.713873
1.664021,60,5234.835755
100.749142,66,5234.96731
4.222895,81,5235.134913
3.836808,61,5235.255437
-0.077925,131,5235.512202
5.097418,61,5235.634611
2.906702,83,5235.797402
-0.023717,94,5235.982003
1.59718,125,5236.220753
4.695084,72,5236.363685
3.388592,106,5236.575964
2.419243,65,5236.709809
1.451465,78,5236.863646
3.997102,63,5236.98951
3.081885,62,5237.111453
-0.360096,78,5237.268195
1.742572,60,5237.38851
3.2124,80,5237.548012
101.733816,62,5248.981267
106.089129,69,5249.120476
101.707142,72,5249.269724
101.681518,73,5249.422872
3.302838,69,5249.572024
3.881616,72,5249.722531
3.915664,60,5249.847166
1.249577,84,5250.025731
101.250555,88,5250.210543
100.721553,67,5250.3481
3.221015,64,5250.496771
1.234152,90,5250.683473
0.452389,81,5250.848169
104.637073,72,5250.988906
3.343652,80,5251.144735
3.925483,85,5251.307875
4.239955,88,5251.481281
2.292987,90,5251.659348
4.533828,62,5251.775314
1.504344,72,5251.919302
2.360323,87,5252.094414
3.744483,71,5252.241065
100.424281,60,5252.366569
101.051072,34,5252.436244
4.465013,96,5252.640564
4.373314,66,5252.776685
3.846836,66,5252.908451
4.877159,65,5253.036301
0.877285,66,5264.43345
103.306652,69,5264.56826
-1.242641,95,5264.767558
101.665,76,5264.916089
0.954765,73,5265.060372
4.4012,68,5265.194371
3.889834,62,5265.321601
6.219349,70,5265.460861
101.408803,74,5265.604424
4.390413,63,5265.731213
1.241583,72,5265.869408
4.389066,74,5266.017055
2.595451,88,5266.188467
101.571696,64,5266.316745
5.245733,67,5266.447173
102.748339,54,5266.551798
3.058614,73,5266.693691
4.770451,67,5266.823077
102.451442,71,5266.964798
1.957077,77,5267.12226
101.77669,74,5267.26684
1.663281,90,5267.446872
101.140425,96,5267.637718
3.717828,65,5267.765534
1.752227,95,5267.962095
4.182323,85,5268.134692
1.448283,78,5268.292872
1.976199,60,5268.408402
2.529587,70,5279.99522
100.655005,101,5280.209337
1.291492,72,5280.359144
1.129118,86,5280.524545
1.95184,70,5280.661302
102.20644,67,5280.794421
3.840757,65,5280.924444
2.28446,78,5281.07558
4.391449,66,5281.206695
0.031016,99,5281.413981
5.475211,66,5281.543786
104.487169,68,5281.674668
0.263268,76,5281.824687
103.425075,65,5281.955762
3.218239,72,5282.099367
2.863673,93,5282.285625
3.388978,78,5282.438507
1.925944,74,5282.594137
2.227122,82,5282.761387
4.227188,69,5282.894369
5.614269,64,5283.017861
102.588716,66,5283.149124
102.084267,77,5283.299637
4.243552,66,5283.427423
1.400081,79,5283.584233
100.715726,83,5283.752505
100.945356,93,5283.93491
2.987349,70,5295.334245
3.570877,70,5295.494819
2.334868,71,5295.636262
5.543818,72,5295.779972
101.011885,68,5295.914841
104.128996,59,5296.031653
3.682508,74,5296.172814
1.859884,60,5296.290341
101.345787,77,5296.437521
1.098762,84,5296.605455
4.243633,75,5296.755681
-0.889951,198,5297.135394
2.922111,98,5297.327463
101.275083,70,5297.471869
4.961837,156,5297.782583
2.513116,87,5297.958187
4.890869,77,5298.116225
1.004097,83,5298.280505
101.541894,66,5298.417663
103.577547,64,5298.540065
100.603698,56,5298.654898
3.08651,67,5298.787712
100.925619,84,5298.962966
4.674966,65,5299.093405
2.823569,72,5299.23416
105.24503,75,5310.770945
0.420344,108,5310.981129
1.025967,70,5311.116555
5.396521,69,5311.251663
3.966845,102,5311.455955
3.647939,77,5311.606352
4.079539,71,5311.745876
5.438863,82,5311.906044
103.175462,61,5312.029495
3.315573,59,5312.145369
102.946732,50,5312.256662
101.536673,76,5312.405238
2.518371,75,5312.554754
101.621637,79,5312.710563
101.716784,68,5312.850625
100.819324,102,5313.058088
3.765881,68,5313.20032
-1.956748,297,5313.812608
100.84177,64,5313.942556
101.632373,81,5314.103939
4.96801,61,5314.225771
3.171442,75,5314.373906
4.501596,60,5314.494606
103.883222,58,5314.621213
6.007561,74,5314.771518
2.172615,71,5326.152244
1.222413,159,5326.467343
101.785577,74,5326.61607
4.263804,62,5326.749181
3.376259,61,5326.886015
2.022163,70,5327.020324
6.191303,74,5327.171646
0.758636,1000,5329.297757
1.894759,82,5329.501479
5.197093,67,5329.635967
0.614259,89,5329.817624
100.364968,75,5329.965427
105.529786,64,5330.092703
4.088287,62,5330.215553
2.846728,76,5341.623025
-1.30984,510,5342.686209
3.395746,95,5342.878122
104.339366,60,5342.993772
100.484503,50,5343.091947
102.039048,71,5343.232247
0.556043,114,5343.468163
104.463483,61,5343.590815
3.822831,69,5343.72744
1.261319,80,5343.885995
3.180482,131,5344.152066
0.514222,110,5344.381079
1.913846,90,5344.566132
0.414742,94,5344.760962
102.976403,66,5344.897447
4.879633,87,5345.08073
106.093042,67,5345.223229
2.943473,90,5345.410488
100.825764,83,5345.585692
5.233988,76,5345.738816
102.698575,65,5357.151393
1.553817,69,5357.287532
1.004339,69,5357.422987
2.338252,75,5357.590956
3.010305,78,5357.748657
-1.894683,337,5358.42399
101.130874,126,5358.678887
1.280087,93,5358.868072
3.859563,66,5359.000626
0.286278,110,5359.218135
102.522875,57,5359.330554
-1.410758,326,5359.99873
5.497343,79,5360.155512
1.283491,83,5360.316577
-0.345019,697,5372.998379
102.214247,133,5373.271232
100.766327,72,5373.414124
4.085684,66,5373.548164
105.233602,64,5373.674947
-1.559879,609,5374.860116
3.108051,80,5375.018991
3.843844,67,5375.150689
101.758018,73,5375.296986
-0.323721,90,5375.480873
4.077388,65,5375.617828
-2.114572,208,5376.02515
0.833549,94,5376.214959
2.577003,80,5376.37156
3.347869,88,5376.54424
101.045287,83,5387.930278
4.210955,70,5388.067799
3.534436,80,5388.226239
2.058387,74,5388.373431
2.402377,74,5388.524182
3.80843,154,5388.838242
4.458714,67,5388.969954
1.866757,74,5389.120234
4.134912,73,5389.265598
0.037817,107,5389.501551
2.719572,85,5389.675575
3.531963,192,5390.060274
3.507191,72,5390.201932
2.401363,68,5390.337185
3.142248,64,5390.466455
101.473321,82,5390.630424
1.028031,97,5390.822445
2.695795,75,5390.968665
104.392499,59,5391.085435
1.529376,87,5391.258893
2.18219,68,5391.391075
101.160694,71,5391.535577
-0.510173,86,5391.700812
1.001806,624,5404.194782
102.001051,96,5404.393305
3.458314,62,5404.523982
103.833252,74,5404.674172
0.044677,98,5404.877874
101.882766,75,5405.02991
3.070398,182,5405.384693
0.269614,1000,5418.855724
1.420025,64,5418.985603
101.35603,45,5419.076712
101.911216,69,5419.212092
-0.394554,317,5419.855622
1.053157,85,5420.024876
100.7847,69,5420.180626
0.873425,82,5420.357074
102.292062,146,5420.657291
100.492637,82,5420.821711
4.712267,65,5420.954642
4.602956,91,5421.141371
2.263933,79,5421.30461
100.760405,26,5421.356753
100.9995,69,5421.500535
102.084149,75,5421.656288
102.786877,68,5421.797303
4.826878,86,5421.972131
101.217357,118,5422.214593
4.948987,66,5422.353746
104.770128,58,5422.473142
4.713657,68,5422.623267
1.690956,142,5422.907619
104.257825,70,5434.452417
2.461462,71,5434.593295
2.017644,63,5434.721188
102.125205,113,5434.962736
5.156384,63,5435.105718
101.371673,56,5435.219263
101.838997,62,5435.345981
4.512065,63,5435.488902
3.593085,62,5435.62032
3.116677,75,5435.774938
104.061028,66,5435.910414
3.593967,72,5436.060677
101.409594,76,5436.221228
1.752756,98,5436.426034
0.575278,90,5436.611924
1.28332,70,5436.754735
5.109788,64,5436.890687
100.700411,65,5437.030877
101.604622,89,5437.212843
2.649136,70,5437.358633
1.558109,86,5437.547293
-2.268817,131,5437.821385
0.465795,104,5438.030907
0.656237,70,5438.174947
4.513764,62,5438.306775
101.780628,72,5438.455235
102.022332,43,5438.544545
101.398955,74,5450.012363
0.924598,77,5450.167512
3.732845,93,5450.348381
103.68123,56,5450.459904
2.236975,69,5450.596977
101.850188,106,5450.80825
4.097187,68,5450.944858
1.422364,92,5451.132782
4.343009,65,5451.268419
2.134421,70,5451.420838
0.097193,168,5451.789245
2.412465,83,5451.959642
1.220661,73,5452.107929
2.705422,78,5452.272163
100.695244,107,5452.499067
100.995036,71,5452.650539
2.508625,137,5452.938059
4.096227,78,5453.104043
2.170336,62,5453.235509
3.997976,75,5453.405081
2.411925,99,5453.615397
101.283746,71,5453.765568
101.126473,32,5453.835016
-2.279208,145,5454.165462
0.961417,89,5465.62628
-0.269645,185,5465.985874
4.615813,69,5466.134942
101.35824,85,5466.298416
4.786374,67,5466.428269
1.936778,108,5466.638819
1.724006,71,5466.776142
0.596757,75,5466.92609
-0.568623,87,5467.098229
4.679947,71,5467.234851
101.109781,77,5467.384361
5.371039,65,5467.509337
0.004125,92,5467.700165
4.531224,74,5467.851736
102.505798,68,5467.991973
4.374202,71,5468.133563
101.479838,76,5468.282899
2.225054,67,5468.415604
3.119035,85,5468.599899
102.256543,74,5468.758746
1.585242,79,5468.910441
5.558431,64,5469.038568
100.731504,52,5469.141192
2.885209,93,5469.327773
100.807429,60,5469.449819
2.079832,69,5469.585025
-2.391095,542,5481.926048
100.805288,73,5482.089487
100.767814,67,5482.225033
101.540461,63,5482.353675
-0.50931,115,5482.585109
1.14642,140,5482.85473
2.256584,78,5483.009033
4.74519,59,5483.122509
4.117249,66,5483.251343
4.104107,64,5483.376484
3.596717,66,5483.505842
101.754961,41,5483.588299
4.224393,127,5483.837446
0.135788,125,5484.087801
1.421232,79,5484.244761
4.585468,64,5484.368525
4.894793,71,5484.510105
1.471625,76,5484.659849
103.312938,69,5484.79484
103.944863,64,5484.921178
3.146777,69,5496.368101
2.437844,73,5496.518117
4.037001,73,5496.679422
100.954403,84,5496.854686
0.551349,1000,5498.814577
100.461408,78,5498.977835
3.195788,66,5499.109204
-1.250812,113,5499.331642
103.765333,59,5499.45411
3.999004,78,5499.612201
2.614525,61,5499.73573
101.303291,45,5499.823902
1.297734,96,5500.018783
-0.035828,74,5500.162542
0.937436,167,5511.821141
3.271767,78,5511.978853
3.344752,67,5512.112731
4.43833,68,5512.25052
3.274524,79,5512.410315
101.585007,55,5512.520425
103.262684,78,5512.674486
1.325289,74,5512.829729
103.928935,59,5512.947909
1.97012,68,5513.082981
102.483839,75,5513.231331
1.407116,69,5513.384272
100.767962,80,5513.542443
100.996952,67,5513.675744
2.627996,75,5513.82185
101.354363,67,5513.960533
100.963927,49,5514.059197
0.662855,66,5514.189332
1.084024,90,5514.378227
2.514868,63,5514.504437
2.499847,78,5514.658963
4.483211,69,5514.795239
104.389411,69,5514.932611
1.993038,83,5515.099329
1.908482,75,5515.246582
101.352001,37,5515.318745
101.889858,93,5515.501435
2.283592,86,5515.669125
1.405345,81,5526.986303
105.471282,69,5527.126063
104.5451,74,5527.274883
4.503028,80,5527.445043
4.831321,76,5527.596003
103.741128,71,5527.736813
4.778956,62,5527.859565
4.381618,67,5527.997442
5.667345,68,5528.135526
1.892818,70,5528.276579
0.553292,76,5528.428094
103.481689,55,5528.540463
102.721683,53,5528.648191
4.315113,68,5528.7842
3.4733,80,5528.942584
-0.727654,143,5529.230578
1.393086,117,5529.459727
101.597866,71,5529.606021
3.562251,72,5529.751774
101.319529,85,5529.94125
1.288899,69,5530.077288
101.927533,156,5530.379858
3.232174,79,5530.534905
100.921597,41,5530.614198
1.174294,61,5530.737267
100.856774,47,5530.828017
1.232297,163,5542.324832
1.46814,76,5542.487675
2.096032,69,5542.623207
1.27666,73,5542.766784
3.95344,65,5542.895432
0.305906,92,5543.072412
4.583197,74,5543.220793
103.362415,67,5543.355339
3.694682,78,5543.50777
102.769173,66,5543.63794
5.772511,63,5543.763128
0.783265,86,5543.947378
100.326582,71,5544.090097
101.420484,70,5544.230221
103.803269,70,5544.369366
3.3611,86,5544.540777
1.389513,65,5544.670995
100.897601,73,5544.813248
3.322566,81,5544.976036
101.174705,75,5545.124472
2.627452,67,5545.253616
1.260276,126,5545.509475
103.603512,56,5545.623736
101.693355,97,5545.81511
1.110838,71,5545.961652
2.94817,83,5546.130203
2.134311,61,5546.252261
1.489124,95,5557.632707
102.427072,64,5557.758879
101.730461,53,5557.870461
101.02447,70,5558.018126
105.020133,71,5558.15964
102.444857,71,5558.302738
-0.531961,63,5558.431671
3.881823,71,5558.571592
4.391339,63,5558.697343
103.723731,65,5558.826999
5.467498,69,5558.961809
102.258152,61,5559.081285
0.726263,84,5559.246974
100.395773,62,5559.371409
100.996423,62,5559.491934
0.822042,107,5559.713842
3.57562,62,5559.836311
3.638711,62,5559.956233
4.658924,103,5560.168571
101.624382,81,5560.331099
0.626321,132,5560.586202
103.278097,79,5560.752507
1.78212,64,5560.880266
3.164252,75,5561.027786
4.363333,64,5561.156347
104.443862,60,5561.277132
103.842648,72,5561.423027
2.72804,92,5561.60438
3.410347,61,5572.952525
0.849786,88,5573.129477
2.903272,86,5573.303871
3.679046,76,5573.454528
3.509272,73,5573.597291
2.656947,96,5573.78689
5.02179,86,5573.968099
101.307761,69,5574.115294
101.70467,86,5574.284511
3.925084,65,5574.414617
5.148395,65,5574.544339
2.03418,66,5574.672683
3.231659,60,5574.788674
101.491345,53,5574.894513
4.861157,67,5575.028251
1.561872,79,5575.183687
2.899702,64,5575.312261
102.986337,71,5575.452925
0.69564,82,5575.616164
2.110311,86,5575.785774
3.592417,62,5575.908186
3.286584,66,5576.04265
104.287214,73,5576.189889
1.361531,86,5576.360615
101.625131,82,5576.523208
103.640555,67,5576.656256
1.350366,70,5576.796934
1.410279,70,5588.125543
0.913846,101,5588.32492
4.262581,64,5588.461301
104.056465,57,5588.575783
-2.81254,291,5589.155152
104.385948,72,5589.295803
3.899539,68,5589.426744
3.302652,194,5589.8097
2.236458,68,5589.946342
102.401725,66,5590.074994
5.348777,82,5590.245953
3.791174,62,5590.369143
3.251623,100,5590.56497
4.318044,78,5590.721775
3.942533,160,5591.035052
101.512457,84,5591.201001
0.863239,98,5591.399789
0.843379,94,5591.586893
1.281918,82,5591.752977
101.210818,72,5591.892888
103.548459,62,5592.016951
101.576213,91,5603.430012
2.171803,69,5603.564844
3.677781,81,5603.726945
2.978539,62,5603.846553
102.328987,64,5603.977255
101.730107,64,5604.106098
4.445215,63,5604.232609
1.756196,94,5604.423079
1.463705,71,5604.577676
101.364599,72,5604.722399
1.10674,103,5604.926423
104.301162,61,5605.054775
102.342532,72,5605.19954
0.502348,69,5605.338806
3.213963,182,5605.696175
105.730366,67,5605.831612
1.492527,98,5606.028374
1.055652,72,5606.173261
3.701289,60,5606.292045
104.718446,72,5606.434583
103.308786,64,5606.5625
1.732548,95,5606.752703
101.646704,68,5606.883538
101.035767,32,5606.947762
101.172298,77,5607.101493
104.422846,65,5607.229615
5.166535,77,5607.386303
0.43109,67,5607.51899
1.534666,71,5618.89025
103.218131,62,5619.024054
-0.617105,85,5619.194438
4.959096,68,5619.32535
2.652125,96,5619.516573
101.386301,63,5619.641518
3.258491,70,5619.784145
-0.047731,97,5619.975637
105.795298,73,5620.128544
4.768789,71,5620.270273
3.801848,80,5620.428725
104.442703,57,5620.540139
2.058561,70,5620.681709
3.44329,75,5620.831046
2.444481,66,5620.963958
3.846394,80,5621.120472
5.166446,79,5621.282356
101.241207,76,5621.442192
0.858174,72,5621.587114
5.072355,62,5621.710087
0.519692,77,5621.864799
1.758385,63,5621.993853
3.608625,79,5622.150945
103.663863,67,5622.284523
104.981442,69,5622.419127
4.347559,64,5622.554161
5.475194,64,5622.687712
2.626801,60,5622.802892
1.410387,89,5634.163333
2.24218,81,5634.32131
101.630968,85,5634.486771
101.266061,72,5634.630157
1.417909,96,5634.833014
103.70347,69,5634.970023
1.461703,89,5635.150944
102.723491,62,5635.271476
102.932194,52,5635.374611
3.703801,68,5635.511488
3.775025,73,5635.657658
2.669181,79,5635.813675
1.035564,72,5635.955802
4.040408,65,5636.087514
1.864806,70,5636.230789
102.704783,65,5636.363378
2.745033,68,5636.498076
2.691707,75,5636.645349
4.122562,82,5636.808481
102.831876,74,5636.952149
100.590563,67,5637.082783
3.840519,62,5637.212057
2.295476,75,5637.36097
2.731996,90,5637.538998
101.558268,118,5637.773
104.291677,65,5637.89858
100.856691,27,5637.950063
5.296046,69,5638.087139
2.052176,87,5649.49422
2.191961,63,5649.633335
3.027225,71,5649.772222
103.168274,69,5649.910885
2.112672,91,5650.089785
3.252286,67,5650.22461
103.86935,62,5650.345132
102.388092,76,5650.498499
1.612597,112,5650.720329
102.584067,70,5650.860283
3.502467,61,5650.980461
2.675826,61,5651.099945
4.130094,70,5651.237491
100.150358,12,5651.261588
1.747641,107,5651.470989
2.039429,116,5651.702719
0.61125,88,5651.877448
102.42351,48,5651.96769
1.506036,83,5652.134777
2.799325,65,5652.265973
0.795552,74,5652.409487
2.464457,67,5652.543993
0.592403,78,5652.698694
3.689113,70,5652.836538
5.416794,70,5652.975652
100.4801,44,5653.06573
3.743032,64,5653.192052
101.15405,72,5653.335743
4.171078,86,5664.722412
3.061137,73,5664.866813
2.436085,81,5665.026006
4.95314,65,5665.155145
3.174433,66,5665.285926
3.374137,63,5665.412512
0.893814,100,5665.608697
102.685939,73,5665.758513
101.952174,74,5665.919435
0.447343,96,5666.106928
0.94816,108,5666.328227
4.846,68,5666.464242
3.696451,66,5666.597867
0.148015,84,5666.761159
104.331907,61,5666.885229
101.299575,69,5667.024008
1.292705,157,5667.330238
3.569879,72,5667.476882
101.419531,52,5667.579485
1.711468,65,5667.707531
0.039153,94,5667.886942
1.444629,71,5668.028537
3.329593,76,5668.178184
4.944272,65,5668.304437
101.390706,79,5668.466798
3.4505,80,5668.628908
3.699339,93,5680.054582
4.396982,149,5680.348974
103.180892,64,5680.473705
0.266757,78,5680.629343
2.38521,74,5680.781465
101.909364,51,5680.886128
1.571838,69,5681.02303
4.232493,66,5681.155487
1.331019,101,5681.357252
5.745758,66,5681.486307
1.909711,69,5681.628738
102.261831,77,5681.781028
5.997276,67,5681.914425
-1.01193,297,5682.502564
3.598482,70,5682.645681
102.809517,74,5682.790023
1.870514,74,5682.936525
6.004975,64,5683.06044
3.509568,87,5683.234919
1.843756,76,5683.389301
2.226561,84,5683.553842
101.185762,140,5683.835763
101.244661,86,5684.005725
3.290827,97,5695.429464
102.506415,69,5695.56286
101.026212,52,5695.667141
3.141334,89,5695.844423
2.450997,91,5696.02638
5.849188,76,5696.179275
100.93564,69,5696.330707
103.30744,75,5696.481798
4.885435,65,5696.611232
2.099495,70,5696.755032
3.713098,67,5696.888777
105.579183,72,5697.038105
105.707934,63,5697.161916
1.094656,75,5697.30894
1.848662,89,5697.484828
0.160577,114,5697.70991
1.649717,93,5697.89177
-0.717222,122,5698.133077
5.737268,65,5698.262583
-0.548333,112,5698.495586
5.036878,70,5698.632099
103.999673,57,5698.746174
100.573854,65,5698.875635
104.513314,67,5699.00878
4.378471,63,5699.132217
5.097074,70,5699.274011
0.94443,78,5710.679544
102.418589,65,5710.826944
2.197895,62,5710.947241
3.084362,63,5711.072423
3.203611,82,5711.240245
100.438157,63,5711.369388
2.667911,89,5711.5434
1.852148,115,5711.788538
3.474691,82,5711.947052
3.354659,93,5712.1295
3.490601,72,5712.277025
2.782212,68,5712.413966
3.067359,83,5712.584876
4.370175,68,5712.722473
101.564508,91,5712.907613
1.74117,87,5713.083695
2.58378,68,5713.228951
-0.480924,169,5713.584493
-0.356314,185,5713.974686
4.230881,66,5714.110059
3.345543,81,5714.274053
2.317408,96,5714.46436
101.717267,71,5714.607355
104.528201,70,5714.746753
3.876898,193,5726.319784
3.397002,66,5726.453814
0.929623,130,5726.720782
2.089662,69,5726.857206
1.437853,77,5727.011303
1.745502,122,5727.277774
2.205363,111,5727.50056
104.021416,71,5727.642593
2.642386,64,5727.769773
101.110891,100,5727.974481
2.102571,69,5728.109497
1.336613,86,5728.278148
105.309673,71,5728.418475
6.22144,65,5728.545356
3.18377,63,5728.674641
0.745334,64,5728.801947
1.575789,73,5728.947569
2.332825,71,5729.086899
2.61494,76,5729.241818
101.235902,82,5729.413727
2.659754,68,5729.556582
1.177494,131,5729.823189
101.719175,86,5730.004225
0.593835,64,5730.136826
4.678245,66,5741.519643
1.453795,85,5741.712058
2.059482,74,5741.859115
105.34338,68,5741.993865
5.161729,63,5742.12786
1.716205,71,5742.267518
100.922791,73,5742.413034
0.846509,65,5742.553903
4.065264,62,5742.676952
4.733728,66,5742.809163
2.442515,77,5742.962011
1.512813,75,5743.111383
102.412657,77,5743.263254
1.488907,68,5743.40186
102.760279,67,5743.535833
2.134178,89,5743.70535
3.072986,101,5743.908287
3.43566,66,5744.042027
101.55419,191,5744.422195
3.466518,68,5744.557394
1.974054,83,5744.721609
5.665953,63,5744.850366
6.009885,69,5744.987427
101.3459,84,5745.152204
2.45373,62,5745.274423
1.550486,70,5745.416577
1.727271,82,5756.781883
1.818279,101,5756.981557
4.591356,65,5757.108569
5.833792,63,5757.232342
103.406134,53,5757.337247
5.681508,72,5757.476992
2.340002,81,5757.636074
101.676789,68,5757.769288
103.180651,70,5757.905551
1.513948,124,5758.153314
1.370611,103,5758.368663
101.155843,45,5758.459871
1.535638,83,5758.62029
4.056114,70,5758.755122
3.065743,77,5758.906044
4.671774,63,5759.029333
4.094429,75,5759.177474
104.506426,70,5759.31548
1.131159,71,5759.45494
-0.840671,465,5760.371166
1.263703,96,5760.559529
0.234852,75,5760.708851
105.952575,70,5772.113669
2.904996,62,5772.250563
2.323795,69,5772.392402
0.887426,93,5772.586358
2.767308,71,5772.730752
101.705476,68,5772.866059
4.245478,64,5772.993914
101.828244,77,5773.146758
2.824623,61,5773.262744
104.563379,58,5773.38694
101.532342,71,5773.529542
102.505572,49,5773.627009
1.497068,90,5773.810744
105.726892,66,5773.946381
100.989156,85,5774.124877
105.994368,63,5774.259963
4.731189,63,5774.390594
100.510324,56,5774.509963
3.131219,66,5774.64632
1.908686,71,5774.792481
101.081626,94,5774.98185
5.075103,76,5775.133515
101.294233,95,5775.326823
104.653954,62,5775.448741
104.569262,60,5775.566499
-2.643482,230,5776.041498
2.398904,64,5776.175157
103.951747,66,5787.561178
105.718374,63,5787.688909
0.5924,92,5787.881923
0.658866,74,5788.033262
101.094963,92,5788.221857
101.489279,55,5788.351346
101.778372,83,5788.524541
102.313919,65,5788.657257
1.767591,70,5788.79886
1.336828,63,5788.920558
3.037457,65,5789.053268
102.339307,80,5789.223977
102.761351,74,5789.378025
104.953891,63,5789.50974
5.082961,77,5789.669852
105.50179,64,5789.803087
100.699859,90,5789.98964
101.365059,86,5790.168578
4.236982,63,5790.292109
3.452972,68,5790.426138
101.938095,71,5790.564822
4.63653,68,5790.69865
101.274217,66,5790.827907
3.198424,65,5790.956013
2.592959,61,5791.075006
101.924351,73,5791.221541
0.990647,1000,5804.431999
2.789396,67,5804.575607
103.213802,69,5804.726953
1.32196,126,5804.978506
2.215023,123,5805.225976
-0.416536,81,5805.385891
3.701563,72,5805.528613
1.136323,83,5805.695845
-0.003972,94,5805.883795
3.57964,86,5806.055369
101.033224,70,5806.195927
0.987348,85,5806.366416
1.697028,70,5806.507454
101.502927,85,5806.679986
101.10281,81,5806.84101
3.321403,61,5806.961473
4.192093,65,5818.551823
4.98075,68,5818.690739
4.933702,70,5818.82691
102.487258,70,5818.981029
4.959948,69,5819.116533
-2.711218,291,5819.707962
-3.560466,261,5820.225169
1.446887,106,5820.439841
101.831399,52,5820.543624
2.323862,86,5820.711691
101.631982,68,5820.846906
104.53554,61,5820.963967
3.841718,101,5821.175261
4.307155,112,5821.39463
2.282795,94,5821.582602
101.989251,68,5821.71888
4.390981,63,5821.84516
102.312143,54,5821.952657
2.862791,82,5822.115218
3.288127,74,5822.266529
1.519525,101,5822.467358
104.318029,71,5833.806668
2.008581,69,5833.947148
1.485664,96,5834.131684
5.038287,69,5834.268875
3.826831,78,5834.42445
101.036374,74,5834.5714
3.288219,79,5834.728407
101.865007,70,5834.876493
1.092512,92,5835.074196
0.902415,99,5835.271027
101.130308,144,5835.568188
101.060639,78,5835.725564
3.420372,64,5835.849587
0.892983,78,5836.005258
3.257701,70,5836.146718
4.190144,68,5836.278945
5.424697,69,5836.419865
5.146242,94,5836.606149
101.938548,78,5836.761158
4.908499,65,5836.89369
3.416132,61,5837.012519
4.424851,76,5837.164995
3.748483,61,5837.286759
100.795543,63,5837.420408
0.889939,100,5837.618383
1.853386,84,5837.781221
2.705552,133,5849.339911
1.695013,71,5849.493812
1.962707,71,5849.638133
1.61515,104,5849.841454
4.24186,64,5849.967649
100.707744,50,5850.065622
5.023297,67,5850.202146
5.017986,76,5850.361929
104.633754,61,5850.48331
101.832323,74,5850.630069
106.001223,71,5850.771442
100.952527,86,5850.943359
3.23923,75,5851.094155
4.008273,82,5851.256744
104.916526,69,5851.395942
0.90278,73,5851.53873
2.29158,67,5851.675342
102.099175,75,5851.819654
5.869491,80,5851.976352
101.173161,89,5852.15457
0.193875,95,5852.340626
102.366999,67,5852.472205
5.594133,71,5852.615162
4.625331,68,5852.748785
3.048652,72,5852.888334
3.376192,69,5853.021833
3.830733,80,5853.18425
4.097498,68,5864.551507
101.217241,77,5864.702684
4.521394,62,5864.82506
3.405815,62,5864.951427
2.713954,71,5865.09176
3.654096,64,5865.218341
2.584549,68,5865.354995
5.613031,73,5865.505969
3.623861,89,5865.682485
4.622763,71,5865.823874
1.093694,118,5866.071486
3.251275,63,5866.19382
2.300454,65,5866.324537
-0.726599,60,5866.443055
2.449175,64,5866.569409
2.456698,64,5866.701247
-0.274654,111,5866.918172
0.737393,71,5867.060883
2.179596,65,5867.190912
3.992038,66,5867.318827
2.094936,61,5867.439691
106.0372,67,5867.569962
1.049278,98,5867.758557
2.557687,84,5867.922602
101.299774,125,5868.166648
0.192435,75,5868.317612
1.572041,90,5868.493058
-0.693777,107,5879.957312
1.426338,70,5880.097347
1.238756,162,5880.420005
103.251465,63,5880.550067
5.250444,63,5880.678659
102.717362,59,5880.798366
0.735724,75,5880.950592
104.159078,64,5881.076196
104.264099,66,5881.210227
3.866677,105,5881.422859
101.481268,63,5881.549911
3.406293,67,5881.683323
2.548957,64,5881.811094
2.199905,87,5881.988168
3.900313,69,5882.12526
2.35263,94,5882.31079
3.195449,72,5882.45667
5.636844,63,5882.584932
4.136083,64,5882.713072
101.791102,51,5882.816881
103.8563,72,5882.960505
4.377772,73,5883.104362
100.980583,59,5883.223165
100.961789,73,5883.369879
101.349706,77,5883.527473
2.84805,76,5883.681133
4.182357,77,5883.835002
5.609462,63,5895.183579
5.325449,84,5895.353739
1.904791,101,5895.553241
3.095218,65,5895.682237
2.916521,64,5895.812436
4.181626,74,5895.960159
102.245169,77,5896.128453
102.158871,68,5896.268942
1.498941,94,5896.454228
3.632876,67,5896.584912
0.476663,78,5896.740384
103.693318,62,5896.865423
2.502121,90,5897.047184
101.28197,118,5897.283372
4.655225,64,5897.409229
3.793501,67,5897.545334
100.723398,55,5897.656915
4.145694,71,5897.797757
3.113136,80,5897.958709
2.375282,73,5898.10348
101.370858,83,5898.268869
2.043511,122,5898.511583
3.901581,65,5898.642156
4.013845,66,5898.769716
101.921846,53,5898.875504
0.84375,95,5899.062922
4.645793,74,5899.211302
104.155489,63,5910.534138
3.818479,74,5910.682133
101.926793,74,5910.827808
3.948927,66,5910.973324
1.26055,80,5911.131828
104.862383,74,5911.278655
5.011348,70,5911.420583
3.64661,64,5911.551234
102.117381,47,5911.650695
102.49809,77,5911.805286
1.398824,65,5911.932187
102.117262,53,5912.037438
4.491892,64,5912.164524
2.076156,95,5912.363705
101.337595,73,5912.511566
3.398454,106,5912.716777
1.697154,62,5912.839183
3.877063,86,5913.011841
104.521338,76,5913.173064
101.191592,106,5913.385981
1.570848,84,5913.556213
2.248853,62,5913.684297
105.078154,62,5913.805287
100.911208,44,5913.892368
4.971286,65,5914.020319
3.962144,63,5914.160274
5.149021,80,5914.321017
100.876772,80,5914.475973
105.025841,66,5925.785542
0.769177,147,5926.074725
105.417739,67,5926.206948
101.196559,117,5926.448555
2.538122,67,5926.582242
101.52523,78,5926.736123
3.771379,74,5926.886559
4.297607,69,5927.021514
1.56975,83,5927.185407
0.995143,73,5927.330504
3.763987,73,5927.478708
102.545124,64,5927.605637
3.869852,72,5927.751261
2.001535,84,5927.924347
103.56544,55,5928.042565
101.816721,79,5928.201419
104.163988,64,5928.328703
1.064497,104,5928.53495
105.256969,63,5928.66235
3.163725,80,5928.822936
3.158704,74,5928.968938
0.427714,82,5929.136679
3.328016,74,5929.28232
104.032744,56,5929.397989
3.206967,71,5929.538707
-1.688085,143,5929.837693
101.735382,62,5941.130981
2.162278,121,5941.372616
-0.199523,106,5941.591866
2.041291,62,5941.726133
100.776716,72,5941.866379
3.541469,66,5941.996586
100.927992,71,5942.135461
-1.7725,111,5942.352409
3.013611,66,5942.485557
102.657705,73,5942.629481
103.715198,54,5942.738
2.364355,80,5942.897362
100.967013,58,5943.01107
-0.10255,266,5943.543676
100.932557,28,5943.598196
4.35374,75,5943.746493
3.004189,62,5943.869263
5.12441,64,5943.998521
102.078149,44,5944.09182
1.352384,101,5944.293316
4.299791,77,5944.444533
101.878032,61,5944.565022
5.208693,87,5944.735715
101.070499,83,5944.900827
0.901195,77,5945.056203
2.602646,68,5956.433943
2.721699,81,5956.603945
100.440074,62,5956.733504
101.884191,46,5956.826404
102.28332,75,5956.975732
5.145439,77,5957.12778
101.781927,41,5957.210968
1.559269,80,5957.372072
-0.423784,85,5957.541111
4.366662,65,5957.68671
2.789597,92,5957.878098
3.11792,75,5958.037642
4.488743,65,5958.173334
2.914712,105,5958.392166
104.684157,61,5958.520773
101.120211,77,5958.676824
2.050893,95,5958.868431
4.386134,65,5959.000011
102.144636,67,5959.137157
-0.364841,867,5972.072519
1.545318,158,5972.385396
0.479396,69,5972.521666
5.019221,62,5972.643013
2.507299,68,5972.798429
-0.433059,81,5972.964252
5.297765,62,5973.097105
100.818364,51,5973.195873
2.748148,61,5973.317904
3.39274,79,5973.477778
-1.092329,93,5973.661584
1.224862,83,5973.829247
100.687134,101,5974.0359
5.068721,66,5974.166098
100.408526,75,5974.316368
100.923834,84,5974.484553
1.150249,65,5974.615097
0.975388,95,5974.805615
103.58642,62,5974.931296
3.249077,77,5975.087699
2.490015,80,5975.250599
101.048911,102,5975.454563
2.312127,67,5975.590241
5.122016,76,5975.742362
4.412625,68,5975.87987
3.043663,67,5987.202284
101.030713,39,5987.28383
3.347394,120,5987.522749
103.480889,65,5987.649072
1.535348,77,5987.803217
100.701449,87,5987.976796
1.759187,64,5988.111864
3.043748,87,5988.281076
4.199382,90,5988.460164
100.823751,80,5988.620732
2.957338,85,5988.794406
4.066566,68,5988.931762
1.563664,83,5989.096759
102.019646,104,5989.301178
-1.744574,112,5989.525859
3.849709,76,5989.67968
4.647836,71,5989.824918
104.324134,71,5989.9669
105.355409,74,5990.116093
102.929068,75,5990.265519
101.581577,82,5990.42886
3.32439,74,5990.574359
105.100525,65,5990.703216
101.336012,70,5990.849428
2.869903,114,5991.074659
2.87997,75,6002.441067
102.576678,64,6002.566269
100.68695,91,6002.742189
-1.70383,238,6003.214274
101.156561,66,6003.357364
4.579314,71,6003.515096
102.312912,67,6003.64514
3.755941,98,6003.839879
0.636203,91,6004.014495
103.618659,69,6004.148321
2.240398,77,6004.300451
2.624065,69,6004.438242
1.31115,79,6004.592569
106.041683,67,6004.725891
1.776096,64,6004.854397
1.327293,70,6004.992137
4.852315,84,6005.157224
101.535919,80,6005.31444
0.964077,74,6005.461941
2.59822,87,6005.637148
1.183407,85,6005.80841
4.123688,64,6005.93787
2.578718,76,6006.086535
2.521074,73,6006.229504
2.212232,72,6006.371364
3.930135,62,6017.786173
-0.448691,113,6018.026957
105.167086,73,6018.169751
104.450211,72,6018.309462
101.399157,85,6018.48177
3.993938,69,6018.620055
1.103114,136,6018.891269
101.441573,52,6018.994445
2.627205,82,6019.16132
5.033728,66,6019.291189
3.290953,65,6019.42038
4.343668,107,6019.631408
3.961287,63,6019.756391
2.240132,67,6019.893942
2.304049,81,6020.060803
3.267471,83,6020.22413
100.423757,72,6020.367473
3.066119,63,6020.489827
104.696391,69,6020.621489
102.901301,62,6020.741622
4.861354,60,6020.8608
3.316263,80,6021.022447
100.557403,81,6021.183461
2.118223,77,6021.333668
104.182533,65,6021.465968
101.369469,56,6021.576149
3.651047,208,6033.208127
3.421044,69,6033.340289
101.768956,68,6033.471378
0.200871,83,6033.639198
0.632434,73,6033.783473
0.227667,95,6033.984614
102.513401,53,6034.090526
3.415695,85,6034.258687
4.864968,88,6034.432098
3.059177,80,6034.588121
101.813548,81,6034.748933
0.656187,76,6034.901013
102.400102,54,6035.007777
3.655773,64,6035.136428
0.984551,1000,6037.108028
101.360546,80,6048.513941
1.358188,74,6048.664712
1.311963,129,6048.913165
4.715201,71,6049.049764
2.879547,124,6049.292393
2.622762,63,6049.430701
101.144282,62,6049.555876
1.346953,90,6049.733012
3.48348,69,6049.863345
101.380896,82,6050.023961
100.489478,67,6050.156696
3.155735,93,6050.335044
2.357925,72,6050.474945
103.246976,73,6050.617493
2.340795,69,6050.765501
0.898208,75,6050.920279
4.700977,70,6051.066685
101.38035,66,6051.201928
1.324299,92,6051.396078
1.174919,142,6051.690696
3.791729,84,6051.862958
4.307892,64,6051.998323
4.861766,68,6052.141149
102.222549,66,6052.280344
2.194558,70,6052.426094
0.598703,73,6063.924228
5.398688,65,6064.064986
101.331112,84,6064.237191
1.972544,67,6064.382288
101.572323,42,6064.479926
4.705742,73,6064.636619
3.941439,66,6064.776945
3.405524,167,6065.131341
2.528034,91,6065.323223
5.753896,75,6065.477963
101.893463,56,6065.592162
3.599716,62,6065.721688
102.704283,55,6065.836841
102.755095,46,6065.931281
1.956527,72,6066.083818
102.110782,61,6066.211583
1.894539,75,6066.372919
5.090264,140,6066.660136
104.138004,58,6066.779948
104.661997,64,6066.912307
-0.284148,90,6067.094286
103.086531,54,6067.208332
2.235527,88,6067.384163
101.444628,40,6067.466023
101.135128,85,6067.640988
1.266906,84,6067.81238
-2.89518,338,6080.081838
0.186038,73,6080.234577
2.131687,82,6080.405661
0.009876,100,6080.61484
2.206564,69,6080.759938
4.751685,61,6080.889278
4.553946,63,6081.021705
1.284647,67,6081.163103
1.837238,91,6081.360567
102.851287,66,6081.496653
4.154693,66,6081.636442
5.208041,73,6081.787761
1.90269,82,6081.95827
2.294123,84,6082.128893
1.550427,90,6082.312672
4.097158,62,6082.442566
100.642719,53,6082.550483
2.88504,78,6082.714417
102.037026,47,6082.811624
5.574094,62,6082.942345
1.190399,78,6083.105092
103.550893,64,6083.236446
5.880989,76,6083.391855
1.916911,84,6083.559895
0.289339,142,6083.854167
3.551334,68,6095.178451
2.518648,71,6095.325858
3.884187,82,6095.490699
4.779295,70,6095.634452
4.561196,61,6095.7608
100.373981,74,6095.915168
3.458476,94,6096.106966
0.338742,114,6096.36137
1.890281,62,6096.488571
3.577871,67,6096.631461
3.172214,65,6096.771049
3.511295,62,6096.902769
5.017342,63,6097.034445
3.901723,68,6097.180126
3.488013,79,6097.344467
0.731807,94,6097.53299
2.949845,82,6097.703051
3.607585,65,6097.837869
100.491439,74,6097.98484
3.93635,64,6098.109004
1.449924,93,6098.300409
0.940787,65,6098.429248
4.92941,61,6098.548604
1.883164,74,6098.696702
6.167384,69,6098.83988
3.865829,66,6098.973275
101.476951,51,6099.072287
1.641728,80,6099.233741
4.559723,72,6110.584997
101.729333,86,6110.769414
101.188779,64,6110.898185
1.575272,71,6111.053031
105.955565,66,6111.189881
1.640513,111,6111.419776
100.546882,60,6111.546695
100.958344,74,6111.709072
5.536774,77,6111.874144
-1.097987,82,6112.039416
2.84331,67,6112.1729
103.987173,71,6112.315093
3.294903,80,6112.473729
2.658678,86,6112.643881
2.594817,83,6112.811428
101.707876,85,6112.979754
4.613542,64,6113.10779
3.047893,68,6113.24428
1.279696,63,6113.372711
1.604602,71,6113.516136
0.789192,70,6113.651804
1.17127,67,6113.78776
100.654761,62,6113.911884
104.928565,60,6114.031171
103.401429,62,6114.157227
1.272557,86,6114.335366
101.489452,71,6114.477075
1.783485,63,6114.60313
3.602183,120,6126.066612
2.389011,72,6126.20896
105.074168,60,6126.326891
0.146174,1000,6128.347962
0.514032,97,6128.542333
2.802772,67,6128.673721
3.007816,63,6128.802212
-0.852018,60,6128.923476
5.531619,68,6129.059436
4.920663,69,6129.195958
2.092583,72,6129.338646
100.510063,66,6129.466131
1.777817,120,6129.707512
0.841773,87,6129.878071
4.00353,65,6130.010071
5.273758,65,6141.337939
102.27828,54,6141.445858
101.441337,80,6141.601751
2.540679,84,6141.787505
3.31801,64,6141.9119
3.368522,69,6142.051015
-2.294748,126,6142.297122
2.877712,73,6142.440006
100.620746,96,6142.631342
1.551671,79,6142.785071
-2.441073,127,6143.035324
1.655667,91,6143.222461
103.261418,70,6143.359967
2.33848,61,6143.478989
2.633915,121,6143.713783
104.348803,58,6143.831703
5.594935,71,6143.971182
100.402358,61,6144.089542
0.717083,101,6144.305905
102.071131,69,6144.443022
3.349077,61,6144.560725
4.359483,75,6144.711309
3.90664,68,6144.846548
101.547374,64,6144.97452
0.762525,1000,6158.231971
3.6937,85,6158.402657
0.862726,76,6158.551681
2.09059,101,6158.753471
-0.5944,810,6160.365154
2.725709,76,6160.515789
102.846218,77,6160.668226
0.802905,63,6172.046522
3.024398,82,6172.209237
1.566484,99,6172.405733
-1.440884,214,6172.842018
2.301533,63,6172.977452
4.889528,67,6173.110166
2.586463,67,6173.240195
103.149689,52,6173.358493
103.085567,75,6173.506326
3.75408,88,6173.690484
1.574275,83,6173.853457
3.72129,67,6173.984225
2.036325,86,6174.153512
1.874543,66,6174.28843
104.486994,71,6174.429417
5.283127,80,6174.591384
101.775328,80,6174.7469
100.841204,80,6174.907971
100.980916,74,6175.05275
-2.419692,204,6175.457022
1.018213,93,6175.640047
101.462893,70,6175.779646
2.921114,79,6175.938167
2.553918,61,6187.258187
105.431554,63,6187.383435
5.751943,63,6187.506334
-0.742967,127,6187.754179
2.856161,94,6187.963446
101.834619,140,6188.239868
3.732653,65,6188.380967
2.190883,90,6188.556365
101.655204,72,6188.69828
0.8654,107,6188.912184
3.000768,63,6189.037908
4.162884,64,6189.164215
6.012481,64,6189.289545
0.952863,175,6189.637975
2.773658,60,6189.758142
106.157052,69,6189.895757
2.215482,74,6190.040928
2.535265,71,6190.183805
4.247781,69,6190.319787
3.385726,97,6190.518731
1.657165,80,6190.674082
1.346247,97,6190.865163
0.988337,94,6191.052869
100.76042,63,6191.18239
2.8403,101,6202.603115
101.024088,77,6202.751259
3.712391,79,6202.909741
101.406232,89,6203.087772
100.412927,71,6203.23948
3.925962,67,6203.379333
2.063654,95,6203.567673
0.881626,66,6203.700949
3.363855,78,6203.853034
3.327565,71,6203.991991
-0.537541,105,6204.204063
-0.514536,87,6204.374498
2.376742,91,6204.553937
3.210371,69,6204.699207
2.900827,67,6204.832296
101.321891,61,6204.952601
5.025416,77,6205.106101
3.752379,78,6205.261248
2.605098,71,6205.397483
101.579576,79,6205.553935
100.996127,104,6205.759312
3.381365,61,6205.880924
3.13213,87,6206.052262
1.202153,93,6206.235795
101.290816,88,6206.408011
5.030173,88,6206.585183
101.683429,60,6217.907173
2.37058,95,6218.10233
2.165319,91,6218.289067
101.722185,130,6218.553022
103.528823,75,6218.698948
0.980917,83,6218.865189
1.325134,97,6219.064338
0.227555,90,6219.244813
101.824149,95,6219.432693
5.302341,67,6219.568578
101.195372,82,6219.731964
3.037282,126,6219.982511
4.769545,66,6220.115559
3.005098,69,6220.250741
2.090554,61,6220.3745
104.281888,70,6220.511131
1.188422,101,6220.71607
100.631082,60,6220.831842
2.345444,147,6221.13216
3.133464,70,6221.272634
2.049048,70,6221.413857
1.912199,91,6221.594964
5.54651,66,6221.727404
103.068559,76,6221.876817
3.121132,65,6233.251448
4.96255,61,6233.371748
103.708534,74,6233.521823
4.854746,73,6233.669548
4.645807,62,6233.802475
101.133031,129,6234.065727
1.106683,91,6234.264873
2.892239,60,6234.392733
101.692129,122,6234.647595
2.882679,93,6234.83753
4.89536,77,6234.991726
102.031692,69,6235.127514
2.39234,78,6235.283384
4.250483,69,6235.426552
4.704577,69,6235.567744
102.452252,43,6235.660071
3.187551,80,6235.827098
3.751925,74,6235.980757
2.176954,74,6236.134071
2.9833,75,6236.289227
101.139809,61,6236.416911
2.355562,81,6236.586061
4.573893,65,6236.716603
4.105333,74,6236.86128
103.254307,74,6237.006522
0.810967,66,6237.137087
5.342107,67,6237.269265
4.058976,65,6237.396931
1.33376,74,6248.765051
3.736671,71,6248.907287
-0.334511,181,6249.279948
2.412771,74,6249.427706
100.436906,54,6249.531582
4.232355,84,6249.694787
3.823353,71,6249.832511
1.24069,91,6250.016438
1.578693,73,6250.165443
2.791251,101,6250.384121
5.04008,67,6250.528653
1.995443,72,6250.667218
1.884723,70,6250.806789
100.211596,58,6250.922737
4.295463,65,6251.055466
4.8327,98,6251.264364
5.142979,65,6251.397326
0.928799,75,6251.553846
2.869566,85,6251.728069
2.464739,61,6251.855083
2.505944,78,6252.019917
1.432189,125,6252.280655
-1.167493,114,6252.515793
4.941872,63,6252.646202
0.015514,120,6264.162521
4.860316,61,6264.298672
100.91779,73,6264.447738
101.943893,78,6264.610312
1.213686,134,6264.888385
0.486662,100,6265.097149
4.938401,100,6265.30277
2.47192,80,6265.464262
101.602162,67,6265.604252
2.156368,74,6265.759675
4.122888,69,6265.900115
5.386682,63,6266.0256
2.956505,103,6266.228866
2.175968,61,6266.347785
2.844543,91,6266.533452
3.008573,70,6266.67171
0.824917,106,6266.885188
101.092344,91,6267.065898
4.816322,64,6267.196025
0.846184,96,6267.383138
2.509798,68,6267.522017
4.517859,83,6267.683607
4.852181,90,6267.865626
4.991128,64,6267.991402
1.133366,114,6268.221183
