#{"t_start": 1759995047.200062, "env_id": "CustomLunarLander-v0"}
r,l,t
-0.049239,139,0.850234
0.167769,98,1.035571
-0.118805,116,1.25317
-2.644153,82,1.406942
-0.101481,133,1.652333
-0.133778,144,1.942137
0.096182,134,2.205776
2.793785,111,2.415187
-1.415563,104,2.613734
0.298985,113,2.839432
0.268763,95,3.028253
-1.079876,105,3.232654
-0.116908,109,3.447344
-2.292239,117,3.687967
-0.582749,116,3.925701
-2.048483,94,4.107224
0.294114,97,4.292498
-1.461293,112,4.510259
-0.142249,87,15.744221
1.795893,106,15.953782
0.195975,93,16.141557
-2.081322,115,16.367502
-1.727968,93,16.54454
1.093693,94,16.73314
0.659058,92,16.910031
0.779058,119,17.13974
-2.192945,90,17.31251
1.695964,93,17.492804
-0.715282,109,17.703279
2.678154,107,17.906602
0.01056,97,18.092216
2.482715,122,18.324772
-1.646716,98,18.513732
0.738611,123,18.750303
2.034785,102,18.946686
2.548532,95,19.130866
1.52805,120,19.372625
1.662276,100,19.570652
1.232341,95,30.732496
3.093033,90,30.911012
2.558178,93,31.094921
0.29654,97,31.291639
0.217513,99,31.491647
-0.239451,82,31.658217
1.758539,92,31.85815
0.431558,102,32.065192
2.804719,93,32.255081
1.24489,88,32.430608
1.154142,88,32.607919
0.542034,95,32.802281
0.54807,99,33.002628
0.958185,94,33.19361
102.385589,66,33.326749
2.017099,93,33.509739
1.405278,90,33.691445
0.747739,80,33.854055
1.561799,79,34.010721
-0.581501,100,34.202259
2.730111,83,34.357453
2.549641,85,34.522205
2.986815,82,34.679981
3.77147,80,45.89865
2.440362,95,46.103034
3.785914,81,46.265435
3.464747,88,46.444331
2.913206,87,46.620109
3.476335,88,46.799557
1.53514,115,47.016761
3.542284,83,47.172249
2.911121,88,47.342181
102.1155,69,47.4741
1.989007,86,47.639634
2.554914,84,47.800582
2.094014,77,47.948037
2.697725,76,48.092438
1.479934,82,48.248338
3.781482,80,48.400319
3.287369,91,48.574794
4.128854,80,48.727282
4.238822,80,48.882635
0.576999,100,49.078096
1.859181,96,49.260826
0.366124,98,49.445862
1.08998,80,49.599048
3.476673,83,60.751127
4.548342,79,60.908628
0.34778,100,61.106169
-0.122282,109,61.322296
3.395505,75,61.466823
3.811072,84,61.632089
1.16071,79,61.786133
2.302403,77,61.952796
3.84375,77,62.101221
0.267102,94,62.286463
3.137506,76,62.435689
1.634649,90,62.610775
3.859276,79,62.767129
3.934916,89,62.942097
1.313073,101,63.141688
3.631009,78,63.294395
2.389801,82,63.45795
1.642881,95,63.646544
4.095778,90,63.837535
1.294147,84,64.003388
-0.800044,109,64.217515
3.797505,86,64.387247
3.369077,83,64.548747
2.60827,85,64.714044
0.757595,91,76.129587
1.661536,76,76.277726
2.658284,82,76.434639
3.489013,85,76.598229
0.820492,113,76.817271
1.446239,78,76.968308
4.201833,81,77.132181
2.730494,74,77.275291
2.889363,77,77.440477
1.559199,101,77.637279
3.86264,79,77.791749
3.214639,78,77.94206
1.473795,76,78.088695
-2.372192,114,78.312605
1.400631,81,78.468079
4.372291,79,78.618913
0.670157,93,78.801617
3.30806,91,78.989911
3.131243,70,79.126054
0.330827,91,79.301132
0.205927,89,79.472567
2.549497,87,79.640393
1.507571,86,79.808949
1.709049,79,79.961684
1.22435,83,91.126051
1.399066,95,91.311173
3.479449,76,91.458918
4.423442,85,91.632424
-0.827861,136,91.901767
3.075742,83,92.065691
2.744596,76,92.217112
-0.347259,102,92.422864
1.794634,77,92.57513
1.687364,88,92.74575
2.019687,87,92.915378
2.405991,90,93.094301
2.449578,72,93.236326
0.235872,97,93.428501
5.381973,80,93.588181
0.830733,76,93.745689
1.16593,117,93.973951
1.14753,82,94.140739
0.469465,99,94.334723
3.071224,70,94.471974
0.465622,87,94.644998
0.084399,119,94.8805
2.139188,73,95.023138
1.037228,76,106.229454
1.944143,77,106.378001
5.104135,89,106.553905
3.46321,69,106.691586
2.349111,82,106.858219
-0.326486,97,107.052351
3.368889,89,107.232612
3.740035,77,107.390714
3.776401,81,107.552278
3.854309,108,107.764635
0.177511,117,107.996193
0.575083,90,108.178366
3.546236,77,108.333371
2.271556,89,108.513844
3.536493,75,108.665858
1.084994,97,108.85877
0.190468,91,109.041876
0.936835,77,109.193112
2.44397,78,109.347908
2.812001,68,109.484643
0.168277,104,109.691235
1.623345,74,109.851445
2.23595,73,110.001634
4.274356,84,110.168349
1.052706,76,121.326897
3.251277,76,121.479638
3.071245,73,121.626323
1.986998,76,121.773293
4.226127,71,121.929136
3.530721,68,122.068961
4.054938,82,122.23111
4.066035,74,122.381866
2.378761,77,122.537547
0.84485,99,122.734642
0.84768,87,122.911864
3.81404,70,123.049315
2.87269,77,123.203162
2.923216,69,123.341779
2.299408,96,123.53578
-0.309089,102,123.750828
5.558495,76,123.91027
4.608188,70,124.053527
2.43583,99,124.252807
2.115947,76,124.408313
1.396871,73,124.553294
0.559614,90,124.737883
3.448784,83,124.908855
0.377169,91,125.107322
3.100562,74,125.256156
2.481038,80,125.419032
3.346976,77,136.626165
0.038248,96,136.815862
4.933526,79,136.99139
1.688477,81,137.152522
0.005657,94,137.342119
0.321353,105,137.548366
4.414956,116,137.775464
3.449848,84,137.940984
2.52733,74,138.086474
3.57886,79,138.244339
0.899333,80,138.40355
2.694254,74,138.562997
0.738255,86,138.739802
-0.422451,147,139.030612
0.339849,78,139.183931
-0.137375,103,139.384309
4.216443,83,139.54729
5.102111,78,139.700103
1.756195,82,139.870618
3.424489,79,140.030999
2.428192,86,140.200221
3.020593,73,140.343601
-0.441013,117,151.613518
4.338893,65,151.760543
-0.326154,88,151.930928
0.778346,87,152.096622
1.765438,67,152.226579
3.815129,79,152.378977
0.852412,108,152.586484
5.471675,76,152.742508
4.491692,70,152.878305
0.531757,75,153.027342
0.312059,105,153.231342
5.466355,75,153.382254
2.319176,73,153.529066
1.005508,80,153.686031
4.489423,77,153.839345
2.991488,73,153.981956
4.39642,81,154.141028
2.748218,75,154.287712
1.443702,74,154.431757
1.579146,81,154.590297
2.777787,75,154.739342
1.008596,85,154.906151
3.939572,78,155.058889
5.243177,77,155.21032
1.275269,75,155.358751
3.099601,68,155.493679
3.935402,76,155.647182
2.758725,76,166.79803
3.703729,73,166.941984
2.935773,79,167.096974
2.507382,74,167.245638
4.121338,75,167.396297
1.21798,94,167.583735
0.603462,72,167.727903
1.18317,74,167.879053
4.475889,71,168.021462
4.702153,78,168.176967
3.39204,71,168.333045
4.799923,79,168.491734
4.961397,74,168.638085
0.431476,83,168.805312
1.480107,75,168.953546
4.493013,79,169.108902
-0.973593,118,169.349367
2.591043,70,169.486645
4.202744,83,169.652859
4.981858,72,169.794641
1.187778,109,170.025512
1.400507,72,170.170883
4.479167,68,170.302543
0.741162,77,170.454192
3.972475,79,170.610969
3.766606,79,181.802582
3.331669,74,181.948653
0.828479,79,182.100039
1.511503,89,182.275634
2.229111,78,182.42831
5.195321,75,182.574752
4.335347,73,182.716465
3.08696,79,182.87288
1.410107,80,183.02771
0.977839,91,183.207854
2.346448,79,183.378188
0.190905,103,183.581401
1.983192,89,183.756462
3.576343,68,183.887881
3.013583,71,184.028225
2.743299,74,184.178288
3.457719,72,184.316447
3.508907,71,184.456968
1.027166,95,184.646477
-0.366343,118,184.877091
-1.190998,125,185.136916
101.416232,88,185.308018
0.541569,106,185.516267
3.252383,85,185.683708
3.895761,68,185.813002
2.904155,69,196.937346
2.949316,76,197.088886
5.486921,85,197.261429
1.261739,76,197.410146
1.507484,73,197.555576
1.175342,72,197.696498
1.271865,87,197.871408
2.939015,70,198.01214
-0.289528,111,198.240672
4.332061,69,198.384199
2.176217,71,198.528323
2.418257,68,198.664714
3.957715,81,198.826298
1.621364,80,198.988441
1.948093,72,199.130675
4.458423,69,199.268074
2.658976,70,199.408641
3.492594,73,199.552837
2.340628,71,199.709609
2.846319,72,199.855102
4.33724,68,199.991501
0.170411,114,200.218665
-0.013605,94,200.401203
1.92904,69,200.539208
1.765425,81,200.699501
4.387842,80,200.858928
4.770639,72,212.007286
4.448026,75,212.15388
4.309291,73,212.297952
3.434079,74,212.444147
3.603491,82,212.61245
1.184686,95,212.798095
1.047165,72,212.938221
2.502028,67,213.070311
2.996193,69,213.205701
-0.356656,101,213.404513
2.804392,74,213.56555
3.987434,69,213.699216
0.80017,86,213.870414
3.250355,77,214.027354
-0.870761,99,214.223452
2.789803,67,214.35649
1.807022,72,214.507629
4.937571,76,214.660343
0.713001,121,214.9001
1.508797,80,215.068858
-1.46202,109,215.3055
4.783033,75,215.454376
0.879838,117,215.688243
1.093057,78,215.845061
-1.035387,225,227.479589
2.890124,81,227.643087
0.664708,83,227.805683
4.675002,88,227.982478
-0.225518,143,228.273125
0.749857,84,228.442817
0.119143,78,228.599286
-0.731589,149,228.896827
2.694433,106,229.110873
1.212762,125,229.358445
3.198902,67,229.491395
0.703705,81,229.652369
0.902827,78,229.805748
1.386309,77,229.960675
0.641601,108,230.176517
3.953968,75,230.326354
2.317997,86,230.497784
2.159133,81,230.661155
1.767776,92,230.845346
-0.917289,119,231.077175
3.299556,68,231.211775
2.801138,83,242.485415
5.418069,71,242.626317
1.971253,65,242.755898
3.411079,70,242.893011
1.343629,66,243.023298
4.849592,77,243.175156
0.925754,77,243.329757
-0.009866,122,243.592685
4.585195,68,243.725711
5.442085,71,243.868852
2.395744,71,244.007461
2.623149,65,244.133253
0.890075,120,244.365636
-0.314926,104,244.569565
1.962723,73,244.712849
5.29846,70,244.851934
0.625992,183,245.219717
1.386096,82,245.381979
2.258369,70,245.521135
2.411511,75,245.667707
1.776616,95,245.854844
4.436502,79,246.011028
3.242368,71,246.1555
1.638615,72,246.298793
0.105265,88,246.471377
3.507499,78,257.694664
1.052499,88,257.871291
1.670126,70,258.010631
1.325535,92,258.193625
-0.335146,131,258.454855
2.678891,71,258.595389
1.51107,76,258.750743
5.023506,71,258.908577
3.052774,77,259.063242
-0.265788,106,259.277375
4.130664,64,259.409146
4.089175,69,259.547435
2.915335,91,259.726131
1.236683,75,259.87679
4.569858,74,260.024046
0.315629,87,260.199642
5.287653,67,260.335009
-0.010829,116,260.568093
1.398679,92,260.768218
1.855,69,260.902891
5.786845,82,261.066451
1.91879,77,261.214473
2.935889,67,261.346612
3.317434,75,261.492779
1.101662,71,261.645944
4.362592,71,272.871346
6.096326,71,273.011776
1.156763,81,273.170159
1.146039,93,273.356218
2.645721,70,273.509729
3.382679,74,273.658112
3.565347,71,273.801129
1.019716,69,273.936848
0.804484,73,274.083601
1.376687,83,274.250293
100.884514,91,274.436905
0.625965,89,274.612659
5.683073,70,274.755687
3.518974,81,274.91976
5.14018,75,275.084658
3.407837,74,275.234617
3.872591,68,275.367301
4.537124,67,275.50426
2.278366,67,275.64142
1.134634,70,275.78178
0.862861,78,275.936274
1.254341,84,276.103397
2.021679,72,276.246119
1.535193,125,276.511093
0.613123,327,288.224045
-0.230512,779,289.782056
4.804912,66,289.913319
1.732387,73,290.058422
2.719853,66,290.194566
2.741134,66,290.34191
3.907699,78,290.515863
0.236326,80,290.679122
2.483043,64,290.810012
3.961222,67,290.943221
4.609388,72,291.097483
0.704773,88,291.2753
3.058265,71,291.419559
3.571274,76,291.574001
5.465084,72,291.714674
2.021585,75,291.866294
1.405332,74,292.016378
2.498452,71,303.653167
0.822312,73,303.798067
2.413333,71,303.937647
2.298772,72,304.076718
3.415438,68,304.21089
0.832539,100,304.409704
4.898472,72,304.565593
5.061332,71,304.705734
2.105642,70,304.845115
1.623389,72,304.989098
3.825934,72,305.132492
1.243485,72,305.273191
1.557439,70,305.414268
2.280486,71,305.55717
4.221945,69,305.693431
5.709196,71,305.831551
1.798428,72,305.973481
0.654017,94,306.158687
4.826354,76,306.331699
1.903098,75,306.487525
2.814529,72,306.655586
2.321408,74,306.805948
1.74297,69,306.945225
2.151805,68,307.08354
4.590531,67,307.216546
4.017212,66,307.351028
0.435138,94,307.541953
2.879075,68,307.681207
3.854995,68,319.488282
3.923275,75,319.658878
3.824232,82,319.821949
0.613514,72,319.967136
3.728031,69,320.103292
3.434581,70,320.250645
3.707613,69,320.38526
-1.076312,135,320.655027
102.413812,49,320.75092
0.704097,73,320.896307
0.668971,103,321.105964
4.65994,71,321.252651
4.807735,69,321.390968
0.811847,80,321.54271
3.422052,67,321.677273
101.24267,186,322.03855
3.276931,75,322.187508
3.751555,78,322.353007
1.120868,98,322.546008
1.321088,74,322.693672
0.857462,125,322.938236
0.280884,98,323.127926
-0.032343,91,323.310462
-0.992706,187,334.803324
1.831586,70,334.953523
3.458703,74,335.09924
5.541602,69,335.231029
102.528009,63,335.352134
2.70438,78,335.507022
-0.313678,93,335.684195
1.669176,72,335.827353
2.570494,85,335.991519
0.119511,219,336.424448
0.362318,93,336.621527
-0.507739,351,337.30426
2.927582,68,337.434149
3.746893,72,337.574222
1.509418,73,337.718039
3.620292,84,337.887949
0.251407,97,338.088655
4.050806,82,338.245334
-0.58651,86,338.412913
0.865731,92,338.59299
4.46094,72,349.747021
3.345547,65,349.873299
4.466919,72,350.012595
0.898865,95,350.202002
4.610843,66,350.334712
4.360165,70,350.498682
3.888668,65,350.632278
-1.180839,146,350.924253
3.301504,69,351.059841
0.725082,85,351.223832
0.34283,124,351.468923
1.273116,71,351.6088
2.999587,67,351.738654
2.028692,79,351.89419
2.810853,66,352.035983
1.954842,81,352.195187
3.799244,68,352.324911
3.389849,84,352.489699
0.347789,99,352.683872
1.498859,78,352.833321
3.344448,89,353.007841
1.229784,85,353.176213
4.300866,75,353.325642
3.364293,74,353.485868
0.696563,79,353.642037
4.88172,68,353.775056
3.123636,67,364.936953
4.586039,68,365.071598
1.553779,82,365.229475
3.211515,66,365.362079
0.856527,76,365.510191
2.819795,65,365.637048
4.11186,69,365.774993
0.472503,125,366.048006
2.871798,67,366.184239
4.076292,66,366.314783
0.491829,82,366.479424
-0.838397,118,366.709251
2.764319,69,366.84469
2.979223,65,366.976103
3.736578,75,367.132413
4.230249,68,367.272449
1.165775,95,367.465165
2.894163,66,367.614367
2.22126,85,367.789228
2.565471,64,367.923946
3.194055,77,368.080181
0.001913,273,368.637292
0.748577,91,368.827172
0.339536,92,369.027418
0.947267,78,380.220041
4.388569,68,380.360477
0.154186,81,380.524996
3.8351,67,380.658779
2.484965,68,380.794066
3.668694,68,380.928401
3.802593,68,381.069849
1.948292,75,381.228038
-0.293124,140,381.519092
4.786187,69,381.65369
1.630967,68,381.788848
1.888681,74,381.93192
0.953285,100,382.125684
4.542821,68,382.259689
4.035181,68,382.391958
4.187075,70,382.529065
1.834087,82,382.698609
2.799367,66,382.83083
0.373503,110,383.064318
1.295305,87,383.234452
3.486288,70,383.374682
1.028103,90,383.549946
2.615245,77,383.704466
2.61324,69,383.843245
0.710625,109,384.053317
1.070129,69,395.248287
4.857525,75,395.397872
4.718662,67,395.545758
106.160601,74,395.692895
1.339065,71,395.841033
3.751581,67,395.977515
0.880522,72,396.122948
3.145463,67,396.255247
0.434883,117,396.485531
0.272611,89,396.66479
0.967909,92,396.850692
0.841247,75,397.000412
0.468109,85,397.174138
3.267826,75,397.335237
3.626498,66,397.469757
2.517543,71,397.614989
4.538375,69,397.751062
1.855055,75,397.901465
0.350765,113,398.126155
1.410081,70,398.264276
3.032107,66,398.393882
4.287584,69,398.544278
1.313039,76,398.6901
1.276868,84,398.854347
2.268708,73,399.000059
3.62291,69,399.136052
4.034594,66,399.265305
1.506325,74,410.940001
0.206385,97,411.148444
2.942303,66,411.276852
0.463027,72,411.421434
3.0175,75,411.59171
3.846088,71,411.737763
3.621948,71,411.882464
2.117696,67,412.024191
2.171295,80,412.192726
0.256942,77,412.355321
3.403689,77,412.507524
3.206723,74,412.653449
4.807368,64,412.778645
1.616328,75,412.927463
3.165027,69,413.085529
0.012992,93,413.275716
2.692399,72,413.424437
4.512568,63,413.554132
0.503499,82,413.722578
0.747482,77,413.878384
4.814892,70,414.01514
2.045207,68,414.146944
-0.466399,102,414.345016
1.503545,73,414.487851
0.599242,77,414.643678
4.113369,65,414.786043
4.258705,74,414.9314
5.362751,67,415.064741
101.454667,62,426.328185
2.202818,69,426.470604
1.565028,74,426.627259
6.031801,68,426.783624
1.48436,82,426.948782
5.714692,73,427.09286
0.292669,93,427.291079
1.082387,109,427.562816
3.094,74,427.714958
0.249946,392,428.628247
-0.052555,85,428.834409
2.346907,70,428.978268
2.351263,69,429.131609
2.261648,79,429.285744
1.814048,78,429.461323
3.56791,69,429.597919
2.700866,68,429.733555
4.052406,84,429.920674
2.74965,66,430.052727
-0.239619,247,430.568095
3.356186,69,442.508715
2.667039,74,442.651589
1.766723,70,442.789418
3.005641,67,442.928474
3.261105,67,443.072001
0.805062,83,443.240238
0.818598,91,443.424188
4.339134,69,443.569401
0.611657,103,443.782202
2.134589,70,443.925695
0.779755,120,444.171
0.710327,174,444.5323
4.082902,72,444.695953
1.902428,71,444.83944
1.879541,73,444.982757
1.178704,71,445.12684
3.631203,62,445.249466
3.095544,67,445.380586
4.068328,70,445.517887
2.230752,72,445.661159
-0.436661,98,445.851251
3.957342,71,445.992491
2.92863,72,446.134916
3.657573,86,446.312064
3.766841,70,446.466968
3.048482,67,446.609994
4.600132,66,457.95301
101.762107,75,458.110015
3.928711,72,458.257948
0.526907,427,459.14353
2.585421,64,459.276216
3.985666,74,459.427485
0.266183,78,459.589852
6.100471,72,459.738044
1.986827,67,459.866907
4.012376,1000,461.849477
2.099564,70,473.007442
1.562791,70,473.149973
-0.284688,120,473.393849
3.052824,79,473.553071
1.108423,76,473.710113
2.219778,67,473.846411
4.394535,69,473.990768
-1.066431,487,474.991003
5.367111,70,475.127497
2.059671,68,475.25982
3.257954,67,475.391455
2.052212,64,475.516649
3.626153,73,475.657581
4.010259,64,475.781485
3.800462,66,475.91338
-0.192068,95,476.103986
2.768737,65,476.232481
4.027009,68,476.378789
0.556099,1000,489.969403
2.471994,71,490.107954
1.926274,69,490.241516
1.168296,77,490.389559
4.127742,67,490.519497
4.705041,66,490.648803
5.338465,68,490.778303
0.174516,86,490.946421
3.646373,70,491.081745
3.53634,65,491.208798
4.201454,71,491.361628
-0.624274,110,491.579108
0.686101,116,491.810059
1.178237,114,492.036402
2.134738,85,492.202365
2.2769,72,492.344357
3.265054,66,492.478108
2.887619,66,492.607074
2.078084,68,492.74155
1.702323,72,503.915928
-0.347419,120,504.153852
2.09047,72,504.297066
1.865898,83,504.462077
4.991493,67,504.594927
4.565593,64,504.720523
0.904334,70,504.859509
3.280707,66,504.991771
3.139935,77,505.143113
2.859819,65,505.285382
2.976451,68,505.420985
1.704034,79,505.577862
3.158203,71,505.711404
2.774159,90,505.886882
0.921436,81,506.047122
4.51011,137,506.319814
0.557098,84,506.482431
3.64519,75,506.631402
2.024685,82,506.791516
-0.787579,190,507.167328
-0.034039,89,507.341416
0.411418,80,507.495702
2.334545,69,507.629077
5.808725,68,507.761804
2.726139,73,518.952501
0.632574,85,519.120245
0.805729,74,519.289933
4.07876,68,519.426784
-0.658032,92,519.609282
0.106116,80,519.768365
0.561222,92,519.952466
3.671652,75,520.101508
2.477648,87,520.273166
4.539581,67,520.406733
1.060791,79,520.561351
3.193716,66,520.695482
5.600911,63,520.822008
-0.494911,118,521.077429
3.985496,67,521.211431
3.501522,73,521.357109
3.010354,73,521.503616
-0.204108,104,521.706867
0.753916,79,521.858869
2.527997,66,521.993497
2.335789,70,522.130463
3.571088,68,522.266986
0.881164,69,522.399547
4.618925,63,522.526528
1.11828,71,522.664015
0.921032,73,522.82242
4.243828,70,522.956906
2.150129,70,534.141378
3.306935,68,534.277219
-0.283073,88,534.455263
1.295064,84,534.623827
1.624688,73,534.770335
0.122964,103,534.985196
3.31096,83,535.162719
2.629136,79,535.320193
5.047204,65,535.447809
3.116287,66,535.574432
0.389545,88,535.755705
4.601405,67,535.886871
-1.202418,119,536.116802
3.110875,70,536.253217
5.53866,68,536.387252
3.617927,72,536.527836
5.023939,70,536.669587
1.892927,70,536.807635
1.048771,87,536.977732
4.199125,69,537.116961
4.933481,65,537.240414
1.719904,69,537.376447
5.3241,76,537.528421
2.508002,69,537.664535
2.062247,74,537.80902
4.321983,69,537.941838
1.428091,80,538.098326
1.802312,70,549.247311
3.548271,72,549.383967
3.778542,77,549.549628
0.478553,81,549.710223
1.954323,68,549.849337
1.035197,82,550.016936
5.138377,65,550.144334
2.877005,69,550.288335
0.86402,116,550.521764
1.094912,75,550.671262
3.410339,68,550.808598
4.616696,69,550.951858
-0.963814,173,551.315001
102.689481,83,551.482212
4.569926,69,551.621439
-0.244837,139,551.903668
3.405872,63,552.03178
1.801439,78,552.186128
1.842178,74,552.337766
2.789787,64,552.465464
5.391201,68,552.606008
1.027762,88,552.788473
2.413,77,552.952178
2.938792,66,553.086199
1.903209,71,553.228857
1.893622,70,564.432053
0.229021,102,564.632251
3.366892,72,564.774047
5.701311,70,564.909797
5.396803,73,565.054202
2.699954,71,565.209414
4.24932,67,565.341936
2.060406,85,565.511363
4.687128,66,565.640547
4.11936,65,565.77278
1.28378,77,565.92347
-0.166963,94,566.110364
0.560803,83,566.276503
3.57135,66,566.409391
0.549454,80,566.579856
4.498365,67,566.71462
1.467104,103,566.936544
103.003554,70,567.083263
2.272794,67,567.214814
3.636996,67,567.348068
4.834691,67,567.483594
1.081078,87,567.658319
0.968401,76,567.812142
0.665798,80,567.975046
2.879929,68,568.109308
4.461853,69,568.244854
1.87859,71,568.386446
-1.790203,108,579.696562
2.122338,76,579.849808
2.823021,74,579.996812
0.982022,119,580.234569
3.91289,86,580.401561
3.107903,70,580.545711
1.048057,124,580.813415
-0.709869,116,581.045014
-1.054792,118,581.282056
-0.289207,83,581.448541
3.285092,68,581.587088
0.462166,79,581.748257
2.089804,71,581.892652
4.54375,69,582.031086
3.385979,95,582.219309
2.622701,81,582.37889
3.0036,72,582.519112
0.07917,92,582.703996
1.604097,66,582.83969
3.247404,74,582.989686
2.038332,90,583.173382
3.693728,72,583.32
0.985923,97,583.517228
3.027987,77,583.669677
2.141265,80,595.230527
0.494336,80,595.391978
3.211617,93,595.596379
-0.087197,94,595.787911
3.460125,64,595.919109
3.986262,71,596.06012
5.59492,69,596.200122
-0.68678,133,596.46753
0.558407,83,596.632958
3.946746,71,596.777748
1.474776,69,596.914227
4.588647,65,597.044539
2.44504,69,597.182108
104.064793,71,597.345631
1.251121,76,597.49857
0.760443,105,597.708622
2.813171,66,597.845615
5.480495,66,597.982199
4.757024,66,598.115113
1.415219,74,598.265206
4.602712,69,598.406167
2.033808,77,598.559999
2.25517,72,598.703626
1.870932,95,598.895867
1.118976,84,599.088176
3.512462,127,610.500596
103.915168,61,610.629766
5.591465,70,610.781847
4.26981,72,610.937037
1.0138,76,611.092144
1.146058,74,611.241554
1.78761,73,611.404826
3.806166,66,611.571647
2.199122,85,611.746886
0.349191,88,611.926136
1.944472,74,612.080199
0.624229,137,612.361476
4.956595,69,612.509307
-0.363793,91,612.697694
0.500321,78,612.854614
3.449871,69,612.993804
0.734464,105,613.206599
105.158223,68,613.342184
4.710166,74,613.492651
2.172638,79,613.657816
3.769289,69,613.798708
1.875005,88,613.979708
1.621058,77,614.139181
3.917941,88,614.328431
1.728973,70,614.468215
-0.645228,130,626.123796
3.168193,68,626.286117
1.437661,69,626.432429
3.56467,70,626.576725
3.436363,65,626.715706
0.055017,89,626.895447
3.355762,68,627.033528
1.45372,111,627.261042
2.50658,72,627.403986
1.75675,74,627.554387
3.509154,70,627.698519
1.710331,95,627.899904
2.995682,71,628.06145
-0.442608,154,628.375729
5.468658,67,628.520698
1.613129,92,628.713318
4.217281,72,628.860279
4.205989,67,628.99122
1.504349,78,629.147202
4.805083,71,629.289308
101.731534,72,629.428385
4.376622,71,629.570547
1.033023,104,629.780872
0.714895,73,629.929581
3.980555,70,630.08994
4.833298,69,630.231129
2.757951,75,641.685325
0.407589,84,641.858709
3.074222,87,642.036337
4.772399,233,642.505257
1.177828,76,642.655608
4.004203,72,642.809431
3.561204,66,642.940183
0.555843,79,643.093845
3.008624,71,643.236542
0.225015,85,643.415776
2.926352,67,643.555219
2.107771,71,643.702167
4.128892,72,643.854993
2.488986,78,644.012896
5.718237,74,644.160826
2.506639,75,644.31027
1.095589,85,644.484249
2.575367,71,644.632105
2.348451,76,644.793557
3.68952,64,644.924786
4.411155,73,645.073966
2.474751,71,645.227543
4.013703,69,645.358143
-0.474847,89,645.537256
4.304027,85,645.704086
0.672698,114,657.343298
4.252388,68,657.47608
0.785749,96,657.66319
5.853934,68,657.796417
2.509824,62,657.932007
2.254925,78,658.086121
100.927289,75,658.232291
3.521393,67,658.365033
5.342885,81,658.521249
3.87715,67,658.656344
5.820819,71,658.796486
4.421531,70,658.936302
2.516582,74,659.090235
4.773684,67,659.228215
1.695015,69,659.377115
1.279296,110,659.606653
0.928852,78,659.755453
3.325232,101,659.953805
3.969354,68,660.085562
1.954613,66,660.213742
-0.331494,80,660.376895
3.936406,74,660.521338
5.438698,64,660.65064
0.995175,101,660.8488
-0.636504,103,661.052138
3.181119,71,661.190583
-0.920663,186,672.944469
4.108656,71,673.093525
-0.383704,119,673.336066
5.678149,69,673.481991
1.750735,86,673.656126
4.113686,70,673.803564
0.258962,114,674.038553
2.948037,71,674.180799
2.5841,66,674.312335
1.165215,83,674.473092
3.279604,69,674.610029
2.606867,71,674.754144
4.46988,73,674.902685
-0.162264,99,675.097301
101.261441,41,675.182662
4.390692,71,675.327066
3.603539,72,675.466433
0.810479,94,675.64906
1.075452,77,675.801449
1.242254,72,675.940697
1.795326,73,676.083072
5.067697,82,676.240165
2.533914,77,676.384502
3.454981,77,676.534546
1.266022,70,676.672044
1.07808,78,688.356997
3.944016,67,688.490788
1.705767,71,688.637403
3.313331,69,688.771242
3.525073,85,688.954546
3.391117,87,689.128324
4.286919,68,689.264346
3.440784,70,689.405877
3.696729,81,689.567562
3.160287,66,689.699723
2.469982,70,689.84099
5.026668,69,689.978822
3.66416,79,690.137198
0.137932,104,690.344738
3.94476,71,690.486736
3.500325,66,690.621162
3.130679,75,690.771398
2.526165,66,690.900037
4.708294,73,691.041476
1.950852,71,691.185505
102.079936,45,691.278752
1.83521,67,691.421306
0.135176,95,691.614291
1.141181,80,691.772874
0.076237,84,691.948194
-0.622514,115,692.183296
1.841855,70,692.322068
-0.679474,115,704.21358
1.264863,69,704.358453
1.575024,75,704.507791
1.382748,92,704.699439
4.71613,68,704.855781
1.805016,75,705.025966
5.622626,69,705.193375
1.318043,88,705.381204
2.516806,70,705.531712
2.700828,75,705.696546
2.684217,79,705.863315
3.920329,71,706.006708
4.070962,68,706.143088
4.677338,63,706.274048
101.089734,72,706.425235
1.801846,89,706.608015
3.719168,66,706.739126
1.375331,95,706.9269
5.055774,64,707.053756
1.982395,88,707.233538
2.469452,67,707.371329
1.586895,75,707.524954
1.928705,66,707.655928
1.467909,76,707.811999
1.158009,68,707.944236
3.798617,68,708.07972
0.120472,78,708.233196
1.959063,90,719.928652
4.970566,67,720.075185
-0.410084,109,720.295518
1.701849,87,720.473249
2.500288,70,720.620767
2.494327,75,720.775864
4.134466,78,720.93603
4.319022,74,721.085678
2.786136,71,721.227579
1.916968,82,721.396226
0.041963,84,721.567317
0.534673,86,721.737158
6.112381,65,721.88298
0.764443,82,722.042102
1.722372,74,722.187605
3.790952,69,722.325135
1.255181,94,722.509299
0.750002,73,722.656598
2.606151,75,722.806083
4.519174,69,722.941813
3.880175,118,723.181088
102.733401,66,723.312089
1.622091,71,723.452439
1.679464,85,723.64202
1.343811,74,723.78277
4.259132,67,723.916129
2.581804,66,735.740599
0.720418,73,735.892668
0.992296,89,736.081106
1.277839,81,736.252078
0.029713,104,736.485695
4.188994,64,736.625621
1.412874,105,736.84063
4.584833,72,736.984143
2.088512,70,737.125557
2.136011,89,737.300018
3.506753,69,737.437573
3.393992,63,737.564273
1.304386,82,737.728823
3.299655,68,737.868262
4.572129,85,738.052297
3.581321,71,738.206327
3.145413,74,738.370705
2.272761,65,738.498307
1.988346,69,738.63502
4.843825,78,738.789505
101.743635,70,738.929606
3.147686,75,739.080674
3.020109,72,739.233011
4.517128,92,739.43001
4.947755,72,739.579646
1.630094,69,739.725097
-0.281135,83,739.889617
-0.924841,231,752.371209
1.633775,73,752.514811
4.351517,79,752.677217
5.491824,65,752.807618
3.299884,68,752.941545
2.085233,71,753.098608
-0.322596,130,753.360246
4.036413,67,753.49257
0.088479,94,753.681149
1.15584,76,753.827791
-0.096428,88,754.003748
3.515132,71,754.144092
3.094424,231,754.597617
1.755166,73,754.745901
5.159275,68,754.888479
3.220203,72,755.034385
1.908051,92,755.219152
0.163617,118,755.458224
2.072333,82,755.622075
4.661074,68,755.75981
2.339529,67,755.904649
-1.096951,115,767.592955
0.580704,122,767.836976
100.961724,46,767.928464
2.012282,68,768.084113
101.737369,51,768.183856
3.129285,87,768.355656
3.146921,67,768.488126
3.78401,67,768.622921
3.34241,77,768.7774
2.117729,75,768.934063
2.706748,69,769.076432
2.798313,73,769.223273
1.91821,73,769.370318
4.561711,82,769.534807
0.788335,68,769.671759
4.546487,65,769.799003
-1.309274,192,770.180321
3.403481,68,770.315637
1.993546,75,770.46442
-0.345347,114,770.69134
2.642474,71,770.829714
5.998886,68,770.960177
-0.75803,94,771.145803
4.119716,70,771.282009
0.29365,82,771.439613
3.343998,68,771.574363
3.594175,70,782.907422
2.437687,68,783.042092
5.544243,69,783.180096
3.206926,90,783.365706
2.96544,68,783.505442
2.265699,68,783.635785
0.799597,1000,785.565544
3.122105,85,785.727353
1.656331,85,785.893759
101.251039,43,785.978451
3.923371,67,786.109311
3.23491,75,786.254133
0.837002,74,786.395077
1.965344,80,786.550578
3.321003,76,786.692543
103.736888,61,786.810181
4.637787,65,798.071432
1.384798,89,798.244416
4.915013,64,798.367551
2.169686,71,798.507501
3.097985,64,798.632635
2.784538,79,798.787517
1.365902,80,798.945327
1.37665,74,799.093861
2.029254,69,799.234584
2.135735,66,799.389455
3.963077,64,799.522446
2.262628,71,799.671683
1.780945,70,799.818673
3.488339,95,800.009825
0.727572,81,800.16633
2.614663,67,800.297081
0.634378,242,800.767512
4.25032,66,800.897942
100.331234,33,800.962898
4.984788,102,801.17164
5.176718,66,801.30257
2.653648,85,801.472124
2.737336,72,801.614729
4.089162,66,801.746276
2.018165,70,801.883916
4.329866,81,802.037832
4.636557,63,813.748701
3.223957,69,813.893234
3.367942,90,814.08337
0.696073,80,814.241605
3.221545,84,814.417653
0.693157,104,814.62926
3.117706,68,814.773911
3.133373,71,814.917384
100.836259,524,815.970604
4.754989,69,816.106564
0.906856,91,816.287733
4.218754,69,816.421818
1.514683,76,816.570565
1.152104,83,816.730758
4.559695,117,816.96353
4.045971,66,817.092306
2.527804,78,817.241195
102.31584,48,817.33758
2.335301,70,817.474227
0.406398,78,817.640858
101.412391,870,830.56001
4.039127,66,830.707743
5.420237,69,830.856886
1.68864,73,831.01596
0.998138,91,831.204047
2.208357,74,831.353628
4.615463,63,831.481596
5.610195,69,831.621914
2.935056,97,831.811289
-0.298354,85,831.980783
3.354371,78,832.139037
0.650453,92,832.320765
0.221621,110,832.542418
4.682342,69,832.680899
0.993035,71,832.827307
1.122162,72,832.969901
2.079475,74,844.244852
-0.363346,113,844.466043
-0.33695,91,844.660441
-1.287267,549,845.739523
0.140704,82,845.897409
2.504761,74,846.038917
0.997001,71,846.182047
102.257741,58,846.296387
3.639205,71,846.434607
2.802865,68,846.580543
3.721499,65,846.708098
4.230461,69,846.845452
1.405493,77,846.99958
0.469501,83,847.159677
3.465181,73,847.308142
3.210116,65,847.443278
3.666007,67,847.57647
1.632866,92,847.759617
2.283154,69,847.903195
2.257192,96,848.097264
2.383142,71,848.240141
1.781423,71,859.756188
2.607005,69,859.891901
-0.301894,103,860.101593
3.938295,89,860.280821
1.981684,74,860.435994
0.944524,126,860.697586
-0.00447,83,860.883049
1.805702,88,861.061414
5.121684,64,861.186797
3.444209,65,861.314219
3.601135,68,861.44698
100.801877,38,861.524183
3.09777,68,861.660548
3.82456,72,861.803701
3.193039,64,861.933494
0.961518,73,862.07793
0.377693,81,862.244919
4.259655,78,862.403658
-0.134233,88,862.582342
3.040671,67,862.717206
4.665241,65,862.850175
2.319384,65,862.979774
2.963457,77,863.132912
2.642291,77,863.288582
0.99023,70,863.431003
101.181576,72,863.579124
4.368007,68,863.713712
3.95873,75,875.425196
2.373661,76,875.573133
3.59982,64,875.699903
2.135858,99,875.911155
5.021907,89,876.083431
0.153369,106,876.296812
3.245861,91,876.473762
0.549726,175,876.813102
3.335385,66,876.941764
3.158286,69,877.076232
101.957837,76,877.223035
0.85373,73,877.365887
3.743592,65,877.495267
4.16698,65,877.622366
2.970328,70,877.759881
101.313033,65,877.888021
3.84677,71,878.030597
0.7918,78,878.178722
1.297935,86,878.344957
3.617384,86,878.514026
1.043386,1000,892.018836
2.836628,66,892.149209
3.372119,75,892.298695
-0.1237,81,892.457503
0.331598,189,892.866744
3.67813,70,893.021146
0.220653,76,893.191052
1.325449,99,893.415398
1.373015,93,893.604993
0.544404,91,893.788071
0.751047,99,893.985924
-0.230888,102,894.192985
102.524838,54,894.300386
4.250881,71,894.443505
1.531895,75,894.605146
0.742961,90,894.787091
4.451906,76,894.935901
0.19415,78,895.091123
4.540119,64,906.399102
2.492814,86,906.568552
102.174316,62,906.687661
0.216553,1000,908.712921
1.053059,170,909.075638
101.971656,72,909.217751
2.396247,67,909.35132
3.802648,89,909.53681
3.013397,69,909.673522
0.203581,80,909.837121
-0.832426,104,910.045199
4.265624,68,910.183792
103.326855,60,910.308632
2.085583,66,910.441952
3.898634,69,922.066865
2.567103,71,922.209878
1.42834,78,922.364589
4.220251,71,922.507026
100.665573,104,922.718874
3.238139,72,922.86429
4.130185,92,923.050124
1.737133,77,923.215187
3.166245,86,923.386281
1.345759,126,923.653384
0.688997,105,923.859143
5.902803,72,923.999195
0.323779,76,924.152115
2.354406,65,924.283443
1.644776,70,924.421051
2.112248,72,924.564418
5.237545,64,924.700991
4.310634,67,924.845425
3.728934,85,925.014988
1.019715,76,925.166091
3.331646,66,925.295868
0.350727,77,925.447109
4.138319,84,925.618976
3.375524,65,925.752787
1.242024,113,925.977032
3.951022,68,937.426258
0.894001,79,937.596318
3.074475,66,937.726994
0.477959,75,937.875669
2.309851,72,938.017261
2.370668,79,938.175875
1.342004,75,938.324543
102.135113,88,938.514773
104.671972,67,938.643972
3.531186,77,938.802796
3.526542,65,938.93344
2.978155,74,939.087223
2.994817,70,939.258334
2.156167,82,939.432606
102.74412,56,939.543681
3.076338,69,939.679291
3.928612,77,939.831963
4.80058,65,939.960583
2.554912,74,940.106922
4.833758,65,940.234016
2.30863,71,940.374549
1.879231,76,940.54151
4.20266,96,940.733047
3.842332,81,940.891959
3.612809,89,941.071831
2.421065,68,941.210157
1.15609,117,941.457416
0.00242,373,953.669907
0.834659,72,953.816554
3.457715,65,953.943679
3.332593,91,954.139877
4.071238,65,954.272146
2.288327,70,954.410664
-0.706654,96,954.602173
3.140707,68,954.737052
1.486095,83,954.901812
-0.802119,102,955.105481
3.520911,94,955.295949
0.401532,88,955.46719
3.446106,91,955.650991
3.591429,64,955.785674
2.331615,66,955.919655
100.449891,468,956.94127
-0.051965,84,957.105664
4.55662,73,968.937113
3.950363,72,969.086458
2.163085,67,969.224149
3.211316,66,969.354748
1.225964,71,969.496163
1.345216,67,969.626575
5.296501,73,969.774692
1.249827,79,969.934533
0.402291,77,970.107877
-0.554008,92,970.297675
0.950571,96,970.488615
5.06809,62,970.629333
0.718598,148,970.934906
2.385136,66,971.080324
101.328559,45,971.175129
4.781568,112,971.40013
1.829242,86,971.600222
101.705527,60,971.737541
4.011714,70,971.878518
0.4155,98,972.069376
2.730044,65,972.198536
2.689921,67,972.335746
-0.972136,144,972.668337
3.579448,64,972.818471
1.815719,72,972.972389
-0.820794,110,973.194932
1.622321,67,985.009617
0.735379,74,985.172871
101.529601,119,985.429476
5.869186,74,985.589045
4.359005,71,985.743039
3.868659,72,985.893335
4.507047,89,986.070049
3.667857,82,986.235272
2.460117,71,986.37198
2.084322,69,986.510935
101.994654,63,986.638791
4.73909,67,986.773519
4.902565,73,986.918891
0.716562,99,987.127495
2.251032,72,987.281621
100.5835,79,987.446243
100.915817,46,987.539571
4.281556,100,987.745691
2.41768,66,987.884863
2.010798,77,988.050467
0.175711,88,988.23309
3.980559,74,988.387926
5.221992,69,988.526877
3.975826,65,988.658653
4.62855,70,988.797849
1.572567,72,988.936513
0.514742,74,989.082502
4.267486,66,1000.835408
2.879989,68,1000.968784
-0.183271,81,1001.126367
1.644559,76,1001.277039
3.607544,66,1001.40875
3.977193,86,1001.576304
2.88961,92,1001.7651
101.995207,71,1001.905622
2.636937,70,1002.041174
3.190869,92,1002.237567
102.27716,71,1002.389759
100.971458,80,1002.561908
1.97328,72,1002.715041
5.028912,69,1002.856657
1.756149,69,1002.997152
1.720459,70,1003.142722
4.222123,94,1003.332491
1.647576,72,1003.480851
103.052425,54,1003.587134
0.834202,80,1003.761115
1.540701,81,1003.921436
3.891871,70,1004.058692
2.7882,70,1004.198759
100.644325,41,1004.277819
3.099017,67,1004.406729
3.629661,63,1004.545903
1.930695,75,1004.695945
5.07675,65,1004.823434
4.047635,73,1016.234418
101.427278,80,1016.393425
1.817802,86,1016.562744
4.958733,63,1016.684398
-0.045027,98,1016.876014
4.139427,71,1017.015718
102.935491,89,1017.192212
1.69052,64,1017.324034
1.129054,89,1017.499931
3.366209,89,1017.67224
3.869911,88,1017.845678
0.849568,77,1018.016078
2.108334,74,1018.158471
4.064506,78,1018.314616
3.613513,66,1018.445503
1.578642,71,1018.586775
2.739822,81,1018.746197
3.881147,83,1018.914129
3.969107,70,1019.054631
3.557014,63,1019.178226
3.332271,79,1019.341245
1.529617,97,1019.544259
0.203407,112,1019.771995
4.273878,81,1019.935695
100.713498,43,1020.023808
4.732664,71,1020.170187
-0.592682,91,1031.949489
2.608196,82,1032.11786
3.122504,68,1032.251644
2.401498,76,1032.403782
2.112571,74,1032.554584
3.332953,65,1032.684761
1.142061,78,1032.840736
2.431054,65,1032.989365
0.650053,97,1033.185966
103.247657,67,1033.320548
3.021577,71,1033.458441
2.305651,72,1033.599775
0.010979,94,1033.782766
3.216257,69,1033.924519
3.68736,80,1034.094013
1.996798,93,1034.290353
0.386668,108,1034.515628
3.686611,69,1034.656082
101.728855,82,1034.830246
2.326548,82,1035.010048
2.150374,72,1035.159871
0.567031,143,1035.458351
4.15158,74,1035.611386
1.190336,1000,1048.874079
4.777934,74,1049.030034
3.023576,72,1049.174754
101.434877,80,1049.336735
3.813567,76,1049.494591
0.237887,81,1049.660434
-0.264751,85,1049.831642
2.940046,69,1049.968119
3.699941,65,1050.099556
-0.59696,87,1050.272475
4.558826,70,1050.412119
3.168897,68,1050.547225
0.353514,280,1051.118327
4.088581,72,1051.26142
1.208585,82,1051.423612
3.153545,84,1062.841406
-0.566626,90,1063.031857
5.126716,69,1063.174279
104.586304,63,1063.317163
2.759774,83,1063.483418
3.0262,64,1063.61339
4.417991,75,1063.764516
3.818987,87,1063.939068
0.56118,110,1064.155974
1.090024,87,1064.333121
-0.242512,109,1064.555068
5.254085,66,1064.685891
3.501803,83,1064.859825
3.72032,88,1065.041511
103.447792,70,1065.192355
1.892627,72,1065.342864
2.96838,69,1065.484165
2.11753,69,1065.632031
5.288216,71,1065.771884
2.38258,77,1065.922378
-0.426306,110,1066.134292
2.253686,69,1066.268631
0.889377,115,1066.506555
1.848928,68,1066.653905
1.944259,70,1066.789766
5.755411,68,1078.214933
4.373183,93,1078.402702
0.85276,72,1078.549346
2.071999,75,1078.694516
1.311431,78,1078.869911
1.422076,1000,1080.914057
1.972267,79,1081.073793
0.696081,79,1081.232049
0.028707,1000,1094.697308
2.239971,69,1094.845673
4.209099,89,1095.027228
1.470493,73,1095.178033
5.306914,65,1095.31109
1.024331,70,1095.449662
0.800023,77,1095.603187
3.62687,68,1095.740927
4.218463,77,1095.89825
1.886011,74,1096.04757
5.204408,65,1096.178214
4.686261,73,1096.321512
2.010121,67,1096.47047
1.502045,86,1096.638896
3.071235,66,1096.777321
3.590602,66,1096.909802
2.816187,91,1097.087274
2.095734,70,1097.22335
5.190894,63,1097.345791
1.392592,81,1097.506214
4.166636,81,1097.666179
1.705964,75,1097.814105
4.386335,66,1109.192246
4.686503,63,1109.315484
1.450146,85,1109.481765
1.160984,88,1109.657007
-0.748822,1000,1111.646151
103.382529,56,1111.758428
102.73024,61,1111.878438
3.512911,65,1112.005463
1.157801,78,1112.15889
2.609624,68,1112.293039
1.574127,95,1112.474852
1.392938,91,1112.673626
4.504348,67,1112.811294
3.836395,63,1112.931685
4.129399,80,1113.087635
0.306298,76,1124.828108
2.728076,68,1124.964958
3.931666,71,1125.108324
3.774243,71,1125.25175
0.192019,1000,1127.352568
2.570044,70,1127.487149
1.175725,93,1127.666794
2.024648,71,1127.807342
101.178028,121,1128.0463
0.914624,97,1128.248891
4.632812,66,1128.380167
0.195704,77,1128.533142
0.507528,80,1128.689466
1.353927,71,1128.82834
101.6778,47,1128.923383
1.960036,84,1140.600864
4.798885,67,1140.746105
2.362355,82,1140.906475
3.959952,99,1141.10479
1.685707,74,1141.256656
4.078743,73,1141.404131
1.429474,77,1141.563447
2.805247,73,1141.710845
1.216825,74,1141.859829
2.57278,78,1142.013647
2.077864,70,1142.150304
4.04277,85,1142.323258
2.948692,65,1142.453226
1.751361,68,1142.585144
4.558142,73,1142.73266
4.845781,64,1142.858016
5.698742,71,1142.996597
4.360753,73,1143.140272
102.268784,51,1143.241331
3.675601,67,1143.372903
1.339345,77,1143.524892
4.361486,83,1143.691996
1.269218,76,1143.841652
104.353681,71,1143.980343
1.030711,95,1144.17825
5.724405,65,1144.314389
2.177235,72,1144.457427
0.591006,83,1156.177168
1.588355,89,1156.355911
2.086398,75,1156.500276
2.990966,86,1156.66881
4.471804,63,1156.788716
4.86,67,1156.918946
0.632328,79,1157.074869
1.358452,74,1157.221297
3.391428,66,1157.34562
2.883723,74,1157.488364
101.40336,101,1157.686321
0.742389,77,1157.859665
1.979246,71,1158.017417
101.977237,60,1158.156637
102.677097,55,1158.279214
1.975364,91,1158.461407
101.080699,45,1158.560561
4.582134,67,1158.705991
0.999064,77,1158.864968
4.295074,69,1159.006189
1.857465,71,1159.159423
5.038164,67,1159.306515
3.248433,77,1159.468012
2.248804,71,1159.623622
4.789595,68,1159.770894
4.368637,68,1159.907757
1.791368,75,1160.062197
2.358756,69,1160.201341
5.106326,74,1160.35842
5.207709,69,1172.149281
0.745427,90,1172.338202
4.247101,95,1172.535485
0.368657,82,1172.703204
3.736723,68,1172.847631
3.663797,69,1172.996332
0.42048,128,1173.275836
5.207295,65,1173.414035
4.83255,70,1173.563684
100.948628,67,1173.704691
1.446712,71,1173.854972
5.84831,68,1174.003311
3.916297,70,1174.150209
4.22223,82,1174.320907
101.276677,80,1174.488198
3.008265,65,1174.619508
2.969396,65,1174.772313
2.147123,68,1174.919538
0.228953,1000,1188.564842
3.42783,79,1188.72774
3.172869,68,1188.864048
3.806232,66,1188.99506
0.787469,81,1189.165783
4.333775,66,1189.298697
1.245804,82,1189.46019
0.799629,81,1189.634051
1.569877,76,1189.791167
4.013789,65,1189.925261
1.434864,92,1190.10811
3.649187,66,1190.24284
2.421193,71,1190.384577
2.75545,67,1190.512211
5.341346,70,1190.648978
104.136239,67,1190.779982
-0.415234,98,1190.977762
0.523511,97,1191.191079
4.388104,64,1191.322535
4.067459,65,1191.454101
1.570074,87,1191.633248
1.611688,89,1191.812118
3.136191,63,1191.940085
101.195214,48,1192.035033
1.943882,73,1203.691936
4.077557,68,1203.828197
3.859117,67,1203.960326
0.54385,1000,1205.974696
-0.531582,124,1206.213915
1.591854,88,1206.387464
3.095378,68,1206.531714
5.399084,65,1206.658256
3.454731,78,1206.807283
2.214112,71,1206.947897
4.260461,76,1207.097286
4.182848,65,1207.22665
0.060806,84,1207.392783
4.346132,70,1207.53003
3.51696,65,1207.655304
101.470634,39,1219.424896
1.874127,74,1219.567712
0.44267,79,1219.722276
3.036158,77,1219.87491
1.398895,70,1220.015434
101.065627,61,1220.134406
-0.16444,147,1220.424116
105.984051,69,1220.561532
101.693556,94,1220.772536
-0.034682,92,1220.975019
102.83923,67,1221.117286
100.951331,85,1221.292842
102.34376,68,1221.439391
-0.90631,107,1221.661296
4.059806,90,1221.843696
-0.200237,112,1222.065269
2.191701,73,1222.209941
2.771573,75,1222.361784
0.424249,73,1222.5031
1.001796,71,1222.644684
3.390403,70,1222.781567
2.652829,71,1222.925763
4.090884,66,1223.069945
100.451353,48,1223.176594
0.862361,73,1223.326847
102.674834,65,1223.460385
2.167214,72,1234.969352
100.973888,63,1235.095017
-0.25076,72,1235.236054
5.139759,73,1235.386364
3.211311,73,1235.534841
4.586031,70,1235.672646
2.864096,81,1235.832526
2.308381,74,1235.981838
1.625393,65,1236.113139
1.813044,72,1236.260567
2.283825,65,1236.392724
2.186559,75,1236.565485
0.853157,74,1236.71453
5.769812,69,1236.854063
0.744541,126,1237.112663
3.342962,69,1237.25268
1.769226,72,1237.397484
4.065138,64,1237.527408
0.472632,70,1237.670857
101.358637,86,1237.853557
0.098841,99,1238.054222
3.518872,77,1238.205652
1.476347,64,1238.328284
101.434239,50,1238.429202
3.58209,68,1238.563424
2.26552,71,1238.706364
0.523351,73,1238.857016
4.525316,68,1238.992644
-0.306676,214,1250.838029
-0.359868,88,1251.014508
3.419477,69,1251.155955
2.551097,74,1251.306399
3.182361,64,1251.437482
4.074067,70,1251.578517
4.204696,69,1251.715789
102.207018,67,1251.847432
2.577858,90,1252.025261
100.839454,55,1252.133785
2.683281,68,1252.265686
2.280659,86,1252.436354
3.798397,91,1252.634697
102.132806,46,1252.721869
0.293618,96,1252.911687
-0.63158,114,1253.134937
2.003906,78,1253.289322
2.180377,77,1253.438669
4.24582,86,1253.606978
1.645267,70,1253.747584
4.261192,64,1253.874116
4.590417,70,1254.014807
102.935851,79,1254.167327
0.937942,98,1254.363939
5.92374,65,1254.499771
2.74383,73,1265.961529
1.718061,82,1266.127797
-0.482586,192,1266.510327
0.930259,82,1266.674313
3.153269,69,1266.812686
2.150619,77,1266.986984
0.42652,146,1267.278836
3.0686,65,1267.407778
3.13594,73,1267.553549
0.557603,211,1267.978607
103.518466,74,1268.134011
4.035035,64,1268.263076
3.892161,92,1268.446526
4.418525,63,1268.574578
2.171682,71,1268.733729
1.734452,75,1268.88126
1.313059,92,1269.064843
102.362444,65,1269.191613
-0.315693,75,1269.34084
-0.03384,76,1269.490407
101.53964,72,1269.626876
2.283567,79,1269.781879
4.119329,68,1269.915824
5.543118,91,1281.510152
-0.575955,95,1281.709378
2.779129,104,1281.925198
1.34711,90,1282.12704
100.970002,109,1282.346824
1.205269,100,1282.548589
1.717541,67,1282.682029
2.134957,70,1282.825287
5.206862,66,1282.958509
-0.21054,95,1283.152809
0.718384,78,1283.308018
4.497873,65,1283.454692
2.709061,75,1283.60466
4.756327,92,1283.786874
1.253101,91,1283.973258
101.740348,86,1284.143513
4.816102,90,1284.325349
3.730159,86,1284.498274
5.673914,67,1284.632628
2.905271,64,1284.762215
-0.159242,156,1285.073696
3.996738,67,1285.20726
0.895865,80,1285.384437
100.640604,284,1297.097438
100.941337,72,1297.259807
2.542968,72,1297.400688
1.205063,71,1297.539046
0.856657,1000,1299.552523
1.678443,83,1299.719779
4.205548,64,1299.851726
0.960971,77,1300.004772
2.349959,68,1300.142095
3.688331,68,1300.275017
1.565324,69,1300.412709
1.986192,80,1300.59156
4.277717,70,1300.731958
1.999127,76,1300.883025
3.852675,66,1312.445321
100.227814,72,1312.592925
2.599283,66,1312.723869
4.499813,63,1312.853873
1.966599,72,1312.998826
3.062583,64,1313.128298
3.407225,72,1313.272921
0.833778,70,1313.416877
-0.090708,83,1313.581175
3.360273,78,1313.734419
3.063916,83,1313.897969
4.632092,63,1314.024153
0.685899,87,1314.197865
2.106174,81,1314.365762
0.824415,1000,1316.395376
2.362865,64,1327.937073
1.653927,75,1328.090544
101.950633,68,1328.224355
2.353526,75,1328.371898
5.203718,67,1328.502752
2.837208,75,1328.65002
102.403467,57,1328.776243
0.866298,172,1329.124465
3.462011,62,1329.249423
2.744337,63,1329.372333
2.27527,69,1329.511585
101.918135,80,1329.668389
2.543567,71,1329.805268
4.242556,65,1329.93222
2.129692,65,1330.059967
3.178478,88,1330.233113
2.817637,67,1330.364014
3.159874,72,1330.502833
100.96935,109,1330.720193
104.268365,63,1330.846417
3.869289,64,1330.973891
4.43812,99,1331.169371
2.119152,65,1331.295123
4.902627,65,1331.434263
4.019274,68,1331.572332
1.744148,90,1331.756535
101.931001,84,1331.925383
4.669799,69,1343.357281
105.996706,71,1343.502948
2.300357,74,1343.650085
1.799551,76,1343.800103
4.568536,65,1343.92749
4.366279,70,1344.070101
2.160192,81,1344.232882
5.289333,73,1344.381169
5.292332,66,1344.511729
3.629594,69,1344.650548
-0.532302,129,1344.927608
1.920098,73,1345.07349
4.107513,73,1345.22262
4.76205,82,1345.391946
0.26255,1000,1347.386877
0.592146,95,1358.770765
1.416684,94,1358.955148
2.296709,70,1359.089933
0.5389,73,1359.233512
1.459459,69,1359.370957
0.758524,99,1359.5669
5.126606,65,1359.696045
0.601747,84,1359.860017
1.437551,68,1359.995656
2.265778,74,1360.151151
0.156915,75,1360.309236
1.114515,74,1360.474638
100.396152,71,1360.623128
4.353747,71,1360.76966
1.615856,89,1360.951669
2.439175,68,1361.091651
0.916918,75,1361.246256
0.022168,74,1361.40061
3.216297,64,1361.533251
0.030596,1000,1374.868542
101.672749,45,1374.961839
4.056115,80,1375.122545
0.363695,91,1375.299932
0.133737,92,1375.481154
-0.493521,78,1375.633966
5.031053,68,1375.778202
3.227595,66,1375.904429
4.567325,86,1376.074017
2.605396,80,1376.249702
4.35953,65,1376.378814
2.028553,70,1376.524669
0.595698,87,1376.708761
4.698989,66,1376.842873
2.53485,67,1376.994099
0.226399,82,1377.161246
103.496989,72,1377.307211
4.439795,66,1377.438037
-0.155468,85,1377.606329
100.980002,104,1377.810533
3.710694,68,1377.950022
-1.024288,220,1389.8657
1.396085,87,1390.035815
2.730921,73,1390.178967
1.045929,89,1390.357001
4.184229,63,1390.478451
3.068852,84,1390.646787
4.753424,65,1390.776182
101.544999,88,1390.95809
2.292792,80,1391.115386
1.014757,70,1391.252039
-0.003464,1000,1393.257867
3.819601,62,1393.383337
2.98862,66,1393.51126
0.626789,74,1393.660006
5.104013,66,1405.131644
4.517527,67,1405.265908
2.736187,71,1405.409904
3.597742,69,1405.549682
5.466099,62,1405.674879
0.396763,77,1405.832293
1.985769,83,1406.006652
2.763471,65,1406.141041
100.994764,81,1406.323237
4.336687,67,1406.465915
102.019075,70,1406.611174
-0.018935,112,1406.841263
2.597566,70,1406.976044
5.585384,68,1407.106576
3.414148,63,1407.22806
2.35837,89,1407.40422
101.303128,69,1407.539261
6.00628,63,1407.665765
5.030666,65,1407.793209
3.433285,72,1407.932604
1.974206,69,1408.079423
1.103248,70,1408.215091
1.47195,70,1408.350792
1.185927,91,1408.527728
4.196977,67,1408.656154
1.210408,69,1408.790897
3.737914,69,1408.924981
4.225799,64,1409.056047
0.957403,73,1409.212881
2.919059,75,1420.922607
3.544338,65,1421.049323
4.039688,65,1421.176621
1.28052,80,1421.334402
4.485396,63,1421.474274
2.27688,69,1421.608888
101.528127,117,1421.845611
1.012878,113,1422.068867
1.471419,69,1422.20451
3.129719,68,1422.341849
3.36921,64,1422.473135
2.847133,78,1422.629162
2.605475,70,1422.769726
1.277661,69,1422.909803
1.018893,70,1423.049685
2.480272,84,1423.235146
3.559313,67,1423.367331
2.696954,71,1423.512021
3.032645,77,1423.670166
-0.044036,134,1423.936412
2.960936,81,1424.094961
0.63266,70,1424.248399
5.275442,74,1424.396397
4.404902,63,1424.522418
101.397505,149,1424.815707
101.772098,141,1436.455728
0.626057,78,1436.616225
1.028394,71,1436.7627
103.746992,64,1436.894272
-0.090858,92,1437.081214
3.720473,91,1437.261512
1.381992,70,1437.402687
3.304368,65,1437.530478
2.036871,68,1437.665521
101.441058,64,1437.791737
6.121587,63,1437.914945
1.257548,102,1438.115034
1.668509,73,1438.25915
100.579441,48,1438.351299
4.526094,67,1438.479043
-1.177568,529,1439.487218
4.719095,61,1439.60181
4.646492,63,1439.722084
2.668331,69,1439.855262
2.384298,70,1439.990544
1.099062,75,1440.132008
5.578,64,1440.258199
4.385136,74,1451.908766
0.601667,113,1452.133952
0.745205,78,1452.295918
0.699878,86,1452.463051
1.429192,77,1452.613618
4.211142,64,1452.739106
2.419038,69,1452.883662
101.872923,75,1453.028801
3.257976,92,1453.211506
1.547245,76,1453.360509
106.007393,69,1453.514001
3.791217,73,1453.664689
3.645688,67,1453.802607
4.060591,68,1453.942523
-2.177558,136,1454.223874
3.03876,70,1454.366429
2.121544,70,1454.508496
1.75757,70,1454.65188
4.073745,78,1454.808749
2.047254,63,1454.950907
-0.17405,84,1455.112789
100.758109,73,1455.256184
101.459205,73,1455.398163
3.756675,68,1455.53681
3.771982,70,1455.670419
1.725024,91,1455.84752
0.505202,1000,1469.162423
2.987319,76,1469.315952
1.42925,90,1469.501028
2.896603,68,1469.639375
2.540115,68,1469.775331
0.499186,102,1469.98401
2.440174,88,1470.162191
0.30684,90,1470.346068
4.176556,85,1470.518155
100.118855,65,1470.653507
4.062719,63,1470.783635
4.198014,89,1470.958965
3.697093,69,1471.092014
1.166876,104,1471.288676
5.276292,69,1482.970304
4.567426,62,1483.102999
0.484433,93,1483.298051
3.162959,78,1483.453119
2.293261,70,1483.596
1.206252,75,1483.744716
0.019907,93,1483.929541
0.810159,90,1484.117971
2.236445,68,1484.253219
0.363982,74,1484.399296
4.415784,76,1484.546547
2.581718,84,1484.713606
4.767526,65,1484.861968
2.987063,75,1485.005844
1.018898,85,1485.171838
104.922132,62,1485.295158
3.782926,102,1485.505739
2.054683,91,1485.701708
0.892277,76,1485.864848
1.686989,80,1486.038282
101.311226,62,1486.173913
101.501119,69,1486.321495
3.996781,64,1486.453822
3.934277,69,1486.602655
2.346699,70,1486.747488
1.213019,76,1486.915172
3.03608,89,1487.116014
2.972111,68,1498.793657
1.142852,76,1498.947394
0.471731,76,1499.102141
0.522928,91,1499.287955
2.864068,68,1499.430189
-0.952169,102,1499.641683
3.75011,65,1499.773079
4.164914,66,1499.90904
1.664546,75,1500.059716
1.982768,72,1500.20329
4.314814,66,1500.354975
0.265419,91,1500.544245
2.859531,64,1500.678066
104.436655,70,1500.82579
0.685906,85,1500.997383
101.035656,45,1501.088967
2.134201,69,1501.23011
100.485002,78,1501.38914
1.556787,69,1501.534039
0.346344,76,1501.689483
103.252486,67,1501.827287
0.752713,81,1502.008511
0.676561,95,1502.203303
0.670549,72,1502.35141
0.931744,73,1502.502347
4.150736,83,1502.671679
5.5873,68,1502.810948
0.783392,74,1514.37585
1.16977,71,1514.535357
0.983624,74,1514.68351
-0.384393,98,1514.876448
3.591371,119,1515.115441
0.856099,96,1515.302946
3.474237,68,1515.439842
-0.320955,112,1515.662748
2.10834,66,1515.79163
3.089582,66,1515.921558
4.109055,80,1516.077151
2.619937,71,1516.216233
5.051196,62,1516.337852
4.22205,66,1516.468594
1.36802,75,1516.613353
1.04546,85,1516.780373
-0.227074,102,1516.983759
1.283937,70,1517.124929
4.403928,63,1517.263994
4.291448,64,1517.400168
1.43725,74,1517.558887
5.201954,65,1517.69362
5.59484,66,1517.828855
4.184139,66,1517.96204
0.056004,105,1518.171994
4.501277,67,1518.302601
5.219654,70,1518.43874
3.616858,71,1530.171333
1.633018,65,1530.304953
1.515889,68,1530.442941
1.248079,83,1530.610637
101.848288,54,1530.723102
2.650223,68,1530.862421
4.376877,65,1530.99744
4.160148,65,1531.135644
0.453735,79,1531.304013
4.730492,68,1531.440624
1.389025,72,1531.604001
5.123182,62,1531.736422
1.413802,68,1531.880105
3.312331,66,1532.02084
4.789884,64,1532.152593
2.93185,72,1532.299468
4.680173,66,1532.435856
1.998141,80,1532.597279
2.807035,68,1532.744706
3.046393,63,1532.898445
3.464528,65,1533.035211
4.810342,63,1533.162533
3.652541,91,1533.348806
2.325597,77,1533.50863
0.655708,83,1533.682858
102.306061,55,1533.802714
5.027869,74,1533.958425
3.522423,65,1534.09315
1.216409,70,1534.240334
0.926786,83,1546.04539
103.635003,57,1546.171312
4.340845,64,1546.315726
1.977642,74,1546.475963
2.459292,75,1546.639662
2.4983,68,1546.78074
3.663401,67,1546.922423
102.473935,85,1547.095979
2.074175,66,1547.234225
3.975379,69,1547.386141
4.165279,76,1547.557649
2.726532,87,1547.740236
1.636058,75,1547.894027
0.801451,83,1548.063005
4.116868,68,1548.207622
2.151342,62,1548.336429
4.131503,63,1548.465632
105.647945,67,1548.603345
0.314895,92,1548.793703
0.182867,103,1549.015133
100.661249,28,1549.078279
3.343301,64,1549.209723
5.608983,64,1549.341074
1.214091,88,1549.523194
3.40493,68,1549.663335
102.541954,85,1549.839151
3.897919,63,1549.968853
2.90437,65,1550.099967
3.866622,79,1550.26443
100.714814,74,1562.07475
0.958845,70,1562.212152
4.678096,66,1562.342224
4.028797,77,1562.496846
0.084295,91,1562.67882
3.998616,65,1562.80784
1.408407,75,1562.954544
2.017239,68,1563.094396
4.212957,66,1563.229825
102.856778,50,1563.34259
1.825635,73,1563.493534
102.565156,68,1563.632828
2.543308,69,1563.777115
3.677655,77,1563.93484
4.23772,64,1564.068989
4.322966,65,1564.202099
2.066567,69,1564.34562
4.204759,66,1564.48707
2.756795,76,1564.658513
1.427256,81,1564.829068
2.644942,69,1564.974551
3.082687,71,1565.121329
101.680067,88,1565.297839
4.185395,66,1565.431352
1.332421,140,1565.716
101.875816,72,1565.865037
0.988413,78,1566.024905
0.570382,1000,1579.747853
103.459457,63,1579.878766
5.444587,62,1580.005773
1.290351,131,1580.28227
4.826468,66,1580.420964
3.892273,69,1580.582992
3.977908,74,1580.729382
2.142798,70,1580.865408
0.320202,103,1581.075319
1.703888,107,1581.289896
0.156586,77,1581.44162
3.307408,71,1581.579661
2.317891,70,1581.716945
102.218548,65,1581.843075
3.02339,76,1581.992527
101.859779,67,1593.847813
1.160319,70,1593.989988
100.921352,70,1594.129371
2.735143,77,1594.28458
4.017126,64,1594.417398
101.278916,97,1594.617241
3.592173,64,1594.757514
102.849111,64,1594.887912
0.253626,74,1595.036957
2.480345,68,1595.172757
1.738957,74,1595.32118
4.864691,63,1595.447518
4.629315,77,1595.604492
101.587711,73,1595.761719
4.645046,64,1595.884673
3.728793,95,1596.06865
3.285636,64,1596.196932
3.338623,95,1596.389827
2.824989,91,1596.569685
0.616022,140,1596.850226
4.561633,67,1596.985969
1.911846,67,1597.117964
2.828522,73,1597.265722
4.469568,66,1597.399191
4.376091,72,1597.564393
2.154413,67,1597.695742
5.005987,69,1597.83109
3.01306,74,1609.174098
1.038381,85,1609.338153
2.395494,73,1609.477235
0.57818,72,1609.615342
-0.381537,77,1609.781011
0.51193,1000,1611.761604
4.033126,85,1611.926568
102.016212,68,1612.064073
1.896633,81,1612.226496
3.109136,63,1612.353719
0.435712,83,1612.515985
4.22838,64,1612.643742
4.148483,65,1612.77425
3.378296,72,1612.916636
2.341563,68,1613.052751
0.880585,90,1624.798679
2.402595,65,1624.931354
3.677225,86,1625.100469
1.448383,102,1625.306083
2.106063,69,1625.44335
102.619083,63,1625.56632
1.664365,69,1625.707776
3.309968,72,1625.861087
105.070193,63,1625.995192
3.458507,71,1626.137573
1.638793,88,1626.333249
0.560395,73,1626.483545
0.969523,105,1626.695649
2.489111,77,1626.851185
102.574994,64,1626.9771
3.028768,67,1627.116935
3.025934,65,1627.250214
2.572295,72,1627.397786
0.826668,1000,1640.792821
3.145538,71,1640.938893
3.167879,71,1641.084428
1.713523,70,1641.22379
101.153342,63,1641.351952
2.32024,68,1641.487303
4.516848,67,1641.632261
4.359213,63,1641.759905
2.72986,68,1641.89572
100.727333,235,1642.36251
4.35381,63,1642.491944
1.54143,70,1642.642101
-0.830459,92,1642.836435
3.987051,74,1643.019411
2.669219,67,1643.153434
1.282351,79,1643.305793
3.96936,92,1643.488164
3.582474,68,1643.62191
101.836616,63,1643.748018
101.306427,85,1643.921915
102.358452,80,1644.083457
2.611448,65,1644.212669
0.791622,79,1644.374115
2.720215,71,1656.049581
2.29004,73,1656.203221
3.185166,72,1656.349953
101.427379,93,1656.540888
102.091281,63,1656.671085
0.706991,83,1656.849467
-2.529401,136,1657.124241
4.719751,79,1657.284061
1.853427,69,1657.437296
5.07631,63,1657.57537
3.545847,64,1657.704555
101.258443,60,1657.834155
2.660161,69,1657.974763
1.105925,72,1658.122301
3.869586,65,1658.253765
101.600612,55,1658.362568
0.335597,88,1658.542142
2.171049,72,1658.696072
4.837911,62,1658.833237
4.921054,64,1658.961832
3.27127,64,1659.091599
2.100096,79,1659.250667
0.55349,93,1659.434113
1.508364,73,1659.585673
100.618314,79,1659.747962
101.238767,73,1659.899813
102.733114,78,1660.061679
3.045948,68,1671.654969
2.092287,70,1671.79745
101.252562,81,1671.961638
3.005859,72,1672.11112
-0.02977,72,1672.254407
2.347413,94,1672.442699
105.917938,72,1672.589041
3.503438,64,1672.719446
4.115087,73,1672.866901
0.048399,997,1674.855137
3.735916,97,1675.047656
1.753611,85,1675.23224
0.217895,112,1675.477741
4.465288,60,1675.60993
0.247817,395,1687.832657
2.390489,68,1687.972067
1.427308,76,1688.130621
102.915615,86,1688.309236
3.449823,92,1688.493964
3.180371,65,1688.630252
2.372159,83,1688.80696
101.641035,62,1688.937189
-0.584143,98,1689.137249
2.462818,60,1689.261769
102.191987,71,1689.409221
4.587028,64,1689.540123
100.331417,23,1689.587892
1.938613,70,1689.728452
1.482522,69,1689.868037
1.310422,95,1690.060589
2.063306,94,1690.263307
101.584035,100,1690.469304
4.479042,64,1690.600002
2.113916,90,1690.793369
101.222143,87,1690.974008
3.607088,67,1691.110644
0.629888,73,1691.260572
100.781597,55,1691.389796
3.415391,66,1702.973881
0.852313,80,1703.128902
2.052472,68,1703.26443
2.710753,81,1703.426595
3.889748,68,1703.561746
4.978318,69,1703.699216
0.660648,98,1703.909717
3.945905,65,1704.039824
5.426478,63,1704.166678
0.495302,131,1704.424309
2.664929,68,1704.561666
2.00087,80,1704.720719
0.634627,82,1704.880691
2.472349,65,1705.010416
-0.483647,178,1705.364699
3.123464,75,1705.516024
2.034978,69,1705.672193
3.181186,86,1705.842834
3.808742,89,1706.025058
1.406957,64,1706.160617
3.847232,66,1706.293111
2.185998,70,1706.435629
1.576031,63,1706.582808
2.425454,68,1706.718114
3.252791,73,1706.863287
-0.006197,1000,1720.151119
4.335301,88,1720.328907
0.089424,119,1720.568887
2.504921,73,1720.716598
1.620961,74,1720.865893
4.014783,71,1721.010274
5.438987,81,1721.174117
104.42628,57,1721.287475
3.040268,70,1721.427862
0.457691,71,1721.570886
1.960635,80,1721.74689
3.906223,64,1721.874511
0.184476,86,1722.040446
2.163419,67,1722.169694
2.026022,68,1722.300563
101.581804,98,1733.743103
4.214717,65,1733.872348
2.555865,68,1734.003955
2.615006,74,1734.152422
101.417255,82,1734.31279
0.223241,97,1734.502841
3.758491,66,1734.633925
2.375362,83,1734.805485
5.260337,85,1734.978774
4.255507,64,1735.107409
0.430941,85,1735.289404
3.252724,72,1735.43148
3.933159,92,1735.611387
2.767137,64,1735.735656
4.778341,66,1735.870035
3.966263,64,1735.99834
0.215628,94,1736.183852
2.278116,70,1736.326564
2.432312,68,1736.47348
4.615476,64,1736.601453
1.344211,87,1736.775067
4.682739,64,1736.903422
1.699103,74,1737.048604
4.187625,94,1737.235587
3.082146,63,1737.366476
2.382487,70,1737.50206
1.081707,88,1737.67564
4.163924,64,1749.189289
2.2613,77,1749.341254
1.210769,68,1749.473495
2.33931,76,1749.623907
4.060863,70,1749.759902
1.262842,74,1749.911751
-0.118686,362,1750.641629
3.789113,64,1750.786002
0.898358,73,1750.934989
3.935346,65,1751.068655
1.337228,68,1751.202905
1.105282,82,1751.367514
4.069504,65,1751.497966
4.409774,64,1751.624863
2.61327,65,1751.760781
1.860702,98,1751.9629
2.784887,76,1752.137822
1.55255,69,1752.277221
1.742369,69,1752.411225
5.205315,62,1752.535671
4.282351,65,1752.664599
100.627752,65,1752.798022
3.932507,65,1752.927935
4.372899,65,1753.058365
3.463722,66,1753.187454
1.401633,87,1764.683674
3.041213,71,1764.8248
3.795922,65,1764.955127
104.16056,58,1765.066471
1.058036,91,1765.250936
2.746704,74,1765.399399
0.710248,1000,1767.391652
3.459268,72,1767.532633
2.538311,81,1767.69318
0.923974,88,1767.879086
1.169179,90,1768.05706
0.755861,79,1768.211451
4.244851,65,1768.344892
2.641175,68,1768.476461
1.721567,69,1768.611861
0.377523,98,1780.153607
1.753491,78,1780.312787
4.194765,72,1780.456493
4.453195,69,1780.596365
4.011698,65,1780.726806
0.305095,76,1780.882387
0.32281,107,1781.09338
3.962039,66,1781.22718
3.029491,65,1781.363014
1.26114,75,1781.516349
101.221447,70,1781.66122
4.922903,63,1781.792026
2.65789,81,1781.955281
3.970964,86,1782.133983
1.422173,75,1782.284159
3.456558,70,1782.429163
0.202983,98,1782.623984
1.668555,70,1782.769269
4.881306,74,1782.921156
1.002839,79,1783.079772
0.760721,70,1783.220962
100.619177,261,1783.733885
4.038257,67,1783.869302
4.165176,77,1784.022775
3.739537,75,1784.170783
3.232089,64,1795.649029
2.390924,84,1795.815385
2.819955,66,1795.942791
1.822476,101,1796.13988
3.099365,80,1796.295737
103.536075,54,1796.39866
0.660311,91,1796.580027
3.35957,71,1796.725809
-0.161048,192,1797.148126
0.460904,1000,1799.230148
-1.588563,95,1799.412426
6.098344,64,1799.539703
1.190255,96,1799.729549
3.27087,88,1811.291356
1.470895,69,1811.427217
4.099487,73,1811.571928
1.089624,71,1811.72247
0.423324,1000,1813.779456
3.836275,80,1813.956697
2.960808,84,1814.125592
-0.658469,135,1814.395916
-0.395777,92,1814.576299
2.402027,70,1814.722168
5.633561,65,1814.850976
100.815716,62,1814.973804
0.557232,1000,1828.549199
2.942122,64,1828.678487
-0.752675,252,1829.16593
4.801832,62,1829.2864
-1.927349,109,1829.500644
3.89026,66,1829.625694
3.723195,66,1829.752961
1.250781,76,1829.901575
2.713772,68,1830.053071
4.43541,64,1830.176391
105.561949,69,1830.313161
4.687106,64,1830.43722
2.477209,84,1830.602573
3.415317,61,1830.722082
3.860695,71,1830.861037
1.377242,69,1842.264263
2.638541,79,1842.417824
4.972158,72,1842.555633
3.158561,78,1842.706055
102.056507,82,1842.870594
3.420749,61,1842.98922
3.349004,100,1843.202974
4.459471,68,1843.340226
4.214982,77,1843.492487
2.673605,65,1843.619082
3.667297,63,1843.742963
4.371252,66,1843.873581
1.044933,86,1844.046515
102.662231,59,1844.165418
4.394351,65,1844.296859
2.030446,70,1844.439045
1.233168,70,1844.582355
3.315205,86,1844.756062
2.392927,70,1844.900312
3.652857,65,1845.029114
1.758968,71,1845.189445
0.512908,68,1845.325494
1.780026,65,1845.457238
2.433807,77,1845.610584
101.34834,74,1845.759616
1.301827,70,1845.899728
4.249266,92,1846.085082
0.583999,73,1846.229033
2.66934,68,1857.665717
0.7808,88,1857.84415
3.531653,91,1858.031804
5.457466,63,1858.158075
3.267189,63,1858.28248
2.348244,61,1858.404495
1.887823,70,1858.551013
1.897386,83,1858.723281
4.347727,70,1858.864706
4.072541,65,1859.003832
101.537613,58,1859.129952
0.260697,77,1859.289162
2.429599,66,1859.41995
1.405099,70,1859.561079
4.023638,63,1859.686779
2.196849,67,1859.824857
4.218718,74,1859.977113
1.056244,70,1860.12013
100.199837,20,1860.160713
5.480529,64,1860.307468
2.051049,78,1860.465316
4.254318,64,1860.597129
0.275624,127,1860.856333
1.450042,69,1860.995641
4.527535,82,1861.161493
2.038927,68,1861.298686
1.60803,67,1861.43162
0.688441,105,1861.641523
1.202683,97,1873.165097
3.852002,67,1873.296978
1.744438,69,1873.435605
4.859479,69,1873.570236
2.609399,72,1873.713792
0.293426,81,1873.875076
2.113939,103,1874.079995
1.125817,75,1874.233134
-0.359686,89,1874.423674
4.87531,63,1874.548732
103.951664,61,1874.671139
4.233061,105,1874.888664
0.264475,81,1875.053651
2.266686,71,1875.196601
102.539802,74,1875.343701
2.714633,69,1875.480091
4.664573,87,1875.653935
3.860796,64,1875.793926
3.11962,66,1875.927805
3.883985,65,1876.060608
103.818798,62,1876.182653
1.02272,103,1876.39048
101.572801,59,1876.509981
3.982795,71,1876.650564
2.929265,63,1876.774823
4.643948,63,1876.902183
1.127668,88,1877.076224
4.037939,65,1877.206087
101.18837,66,1888.717579
1.349733,78,1888.87474
2.046443,78,1889.03171
2.023591,69,1889.16782
4.928544,85,1889.354147
3.535405,65,1889.484496
1.927076,77,1889.641698
1.021063,92,1889.83064
4.944704,65,1889.965652
101.263245,89,1890.144001
1.484005,70,1890.289162
102.28792,72,1890.437726
4.612426,64,1890.564949
0.715932,95,1890.758257
5.353623,67,1890.89316
2.474513,68,1891.028187
3.829465,64,1891.167446
4.273804,71,1891.309286
2.100533,66,1891.441081
2.911587,63,1891.569064
4.11976,63,1891.697749
3.291125,61,1891.819856
101.283117,77,1891.978384
1.111571,71,1892.120582
0.476663,99,1892.317129
103.262577,91,1892.499621
101.017549,39,1892.576252
1.582398,82,1892.754384
100.760346,93,1904.259092
102.094755,67,1904.393715
3.700024,75,1904.542927
2.479954,69,1904.678901
2.99557,122,1904.919003
0.585471,98,1905.124778
1.322601,75,1905.285098
3.861678,75,1905.430021
1.068196,105,1905.636587
101.321868,89,1905.814133
4.443571,63,1905.93987
0.790785,75,1906.087513
101.331663,81,1906.250892
1.56705,96,1906.443875
4.19181,79,1906.606692
5.712809,65,1906.752425
103.249031,72,1906.902529
100.361072,55,1907.014154
1.669503,87,1907.191823
3.162254,66,1907.329278
100.734834,227,1907.787266
101.175172,77,1907.957318
3.871081,86,1908.132835
3.276988,64,1908.268306
2.680487,73,1919.944964
2.506378,82,1920.107016
3.235571,68,1920.240798
101.298562,67,1920.370336
3.168593,66,1920.505311
1.176865,106,1920.72103
1.091442,80,1920.884884
100.740128,92,1921.066775
5.999182,72,1921.21213
4.475386,64,1921.339292
1.933456,70,1921.476953
102.043479,62,1921.598837
2.35167,73,1921.745446
1.967513,65,1921.873058
0.889116,76,1922.027206
5.138152,61,1922.146038
3.532328,70,1922.281217
4.322653,65,1922.413687
0.728573,94,1922.603147
3.172102,72,1922.748864
0.947469,98,1922.946349
-0.234192,92,1923.130636
0.149916,1000,1936.951282
3.78379,68,1937.093096
3.369112,70,1937.246578
102.232886,62,1937.390111
1.88544,87,1937.579628
101.743189,87,1937.750532
3.530046,68,1937.885804
101.279508,121,1938.145257
3.404381,65,1938.294166
4.047964,65,1938.437754
100.557969,56,1938.562046
4.231447,68,1938.706778
3.580362,86,1938.906171
4.08292,70,1939.054295
105.769851,76,1939.215623
0.474413,80,1939.391215
3.351876,66,1939.530447
3.293383,63,1939.66388
4.624096,80,1939.830099
1.744692,63,1939.960564
101.944985,73,1951.860606
1.620274,97,1952.073771
0.514015,99,1952.278587
3.370458,64,1952.410342
2.673143,64,1952.538152
2.630959,85,1952.709231
1.895776,88,1952.885696
1.043067,92,1953.067707
1.68936,69,1953.209593
1.973184,64,1953.337451
4.298921,62,1953.493127
1.854003,80,1953.659743
1.74477,84,1953.827096
2.402837,77,1953.980415
0.480749,109,1954.19995
4.04838,95,1954.385844
1.014484,99,1954.581669
0.983579,94,1954.76838
0.597505,140,1955.075814
2.560778,64,1955.202766
0.275514,102,1955.402939
0.400125,1000,1968.806299
2.419133,80,1968.977983
3.409352,67,1969.114569
4.480512,64,1969.244527
6.060736,69,1969.382967
3.056225,78,1969.548758
0.085811,1000,1982.810807
4.481148,79,1982.96321
4.743828,63,1983.086426
2.687705,64,1983.212072
3.816217,74,1983.358496
102.969037,80,1983.516073
3.456105,83,1983.678133
2.536533,66,1983.808425
0.697953,73,1983.950995
4.39074,65,1984.07656
100.937236,59,1984.19174
101.225388,56,1984.302437
103.971467,82,1984.48169
2.026405,63,1984.608296
101.361576,82,1984.769588
0.243342,93,1984.948277
1.956275,81,1985.109859
2.155389,90,1985.284157
2.709359,78,1985.440127
102.580753,77,1985.591677
2.927906,68,1985.72782
103.142708,65,1985.858463
0.947593,76,1986.028927
3.232507,77,1986.181326
0.38974,1000,1999.68392
103.068783,51,1999.78674
2.484866,70,1999.926726
2.295525,75,2000.081121
2.751438,68,2000.218793
3.806561,86,2000.392952
3.677433,71,2000.532836
101.793146,65,2000.659242
1.580107,69,2000.798808
2.783042,74,2000.958802
0.789448,103,2001.169663
4.544726,64,2001.296303
1.330284,95,2001.487324
4.526791,79,2001.646636
1.880886,70,2001.786913
3.935835,65,2001.928793
103.654682,57,2002.045056
5.026327,62,2002.170738
4.325594,61,2002.29525
-1.450764,103,2013.804999
3.819632,65,2013.95459
104.042254,68,2014.091273
2.213907,69,2014.236839
1.543751,75,2014.394809
100.492794,39,2014.471665
100.10468,21,2014.51871
1.396774,89,2014.699484
0.88784,108,2014.922575
0.739084,115,2015.146995
103.877834,58,2015.264096
4.559878,85,2015.438313
5.561752,63,2015.565194
2.948209,74,2015.712673
4.736324,61,2015.834345
1.382345,90,2016.018761
5.561512,71,2016.159263
100.807793,72,2016.304461
1.27093,75,2016.455826
2.362455,66,2016.587089
-0.265706,81,2016.748513
5.568757,64,2016.876544
5.409216,63,2017.000509
2.938375,79,2017.156943
3.704791,66,2017.288648
1.375743,87,2017.466274
2.267631,69,2017.604186
0.259407,1000,2031.11249
1.169841,84,2031.278545
2.32849,147,2031.572259
1.001273,71,2031.712323
1.92791,82,2031.875706
2.461237,66,2032.00555
4.956035,63,2032.138242
1.125992,71,2032.28812
5.205695,63,2032.412213
2.997367,76,2032.565033
101.420049,51,2032.666928
101.652909,60,2032.787973
1.24145,95,2032.983963
-1.037655,105,2033.195472
4.61774,72,2033.341911
2.942355,66,2033.473058
-0.391124,83,2044.905806
100.669239,95,2045.09911
102.31524,53,2045.205469
102.210138,82,2045.372033
101.548927,106,2045.583969
3.679223,64,2045.711529
3.409849,85,2045.878237
0.935502,92,2046.064704
1.136906,74,2046.2125
4.493847,62,2046.336021
4.897879,76,2046.489954
3.546214,69,2046.630112
0.43531,73,2046.775937
-0.117958,174,2047.127335
1.121523,85,2047.298392
3.719969,65,2047.428684
101.020111,111,2047.66041
4.78445,98,2047.862494
4.276455,62,2047.989493
4.180913,92,2048.175747
-2.312118,114,2048.408478
0.201827,95,2048.614906
4.739004,81,2048.775984
101.235523,40,2048.855663
1.92239,83,2060.31728
3.11691,76,2060.483598
4.184522,75,2060.630589
0.810485,83,2060.799961
104.110208,61,2060.924343
3.108872,67,2061.063555
102.800799,76,2061.224876
4.573749,75,2061.377263
4.773363,227,2061.826006
4.131143,63,2061.9538
3.352879,66,2062.085611
4.383677,73,2062.23732
101.061774,87,2062.414091
-0.81959,87,2062.590116
2.178684,68,2062.727585
0.916065,82,2062.894622
0.242936,79,2063.055445
4.585124,64,2063.181773
1.581818,70,2063.321071
5.089511,65,2063.455307
3.1901,66,2063.582586
4.575491,93,2063.770465
5.187232,63,2063.893435
102.890869,53,2063.999125
100.843008,72,2064.139295
2.638418,73,2064.284522
100.72495,97,2075.893079
1.215571,72,2076.035082
0.554809,1000,2078.051441
0.045516,1000,2091.479136
0.413744,73,2091.626743
3.18869,69,2091.765734
0.735774,102,2091.968366
0.327499,143,2092.256331
0.435421,92,2092.445379
2.716441,71,2092.586189
1.248216,85,2092.754047
4.603407,65,2092.885448
3.582554,91,2093.083167
4.953373,65,2093.213171
1.081574,1000,2095.245999
0.883459,73,2095.387411
3.613934,83,2106.906108
2.926897,68,2107.05724
1.507796,72,2107.201324
5.649283,63,2107.323462
3.381113,78,2107.481672
2.173859,98,2107.674559
1.337953,88,2107.849422
1.729291,97,2108.054294
-0.360803,97,2108.249018
1.153267,86,2108.425615
5.394144,66,2108.56213
100.61636,25,2108.609234
2.396376,68,2108.7482
2.941488,75,2108.897173
0.87462,75,2109.047585
2.777194,73,2109.192593
102.515227,76,2109.342065
5.207577,82,2109.498558
1.235902,71,2109.635546
2.029124,62,2109.760556
3.236641,64,2109.885718
4.624546,64,2110.008993
2.721696,78,2110.165967
1.385424,71,2110.304929
101.325532,72,2110.451767
1.710374,70,2110.588478
3.681303,79,2110.740625
0.140133,713,2123.497091
5.258181,63,2123.619324
100.780215,66,2123.751781
3.795989,80,2123.915334
1.93281,90,2124.100897
1.927025,86,2124.264813
2.836721,68,2124.397418
2.362547,68,2124.531143
3.401221,66,2124.660544
3.105172,84,2124.825962
1.003652,72,2124.968605
101.497026,93,2125.163925
5.719491,63,2125.288555
4.815354,100,2125.481459
3.051108,68,2125.611417
1.968755,77,2125.761042
0.63347,77,2125.909616
1.153808,77,2126.062713
-0.171976,86,2126.228785
4.684411,67,2137.603768
2.016194,87,2137.774097
4.088571,77,2137.920966
5.252625,65,2138.043608
2.64029,59,2138.152379
102.039834,93,2138.329551
103.708451,57,2138.439529
100.858134,54,2138.542825
101.991646,48,2138.639857
2.008352,74,2138.783955
-0.303546,96,2138.973271
3.735477,66,2139.107131
0.095639,120,2139.354352
3.042304,66,2139.496709
-1.935011,99,2139.706082
5.218637,77,2139.865223
3.570678,64,2139.992708
101.115975,89,2140.178502
101.096846,50,2140.27778
4.358557,82,2140.446453
3.295905,65,2140.580124
4.515209,62,2140.702664
100.529322,94,2140.909289
1.262339,79,2141.07091
5.096485,68,2141.20826
0.656206,87,2141.385865
0.390251,1000,2154.693122
101.079683,65,2154.819808
1.930096,74,2154.962001
4.756606,62,2155.083973
101.579391,97,2155.269693
2.725147,68,2155.403171
3.668665,91,2155.584721
4.700465,68,2155.718017
3.805949,78,2155.872193
2.397607,67,2156.007416
-0.90531,100,2156.212705
-2.034221,121,2156.45857
3.328504,64,2156.58391
2.538964,68,2156.718632
5.662853,80,2156.881278
4.830196,67,2157.012902
1.933654,85,2168.451373
1.668351,69,2168.591583
3.954425,64,2168.716522
1.343779,94,2168.905915
3.845907,63,2169.029559
102.898958,69,2169.165498
2.957723,68,2169.298379
2.515048,68,2169.438802
101.103234,84,2169.608066
5.159769,69,2169.74949
4.076802,61,2169.873059
0.364673,1000,2171.90009
3.350519,67,2172.033651
3.784955,60,2172.153313
4.299498,66,2172.283163
1.92904,68,2172.419677
1.582889,136,2183.963883
1.74765,70,2184.100056
101.685322,94,2184.281122
2.233146,68,2184.420269
101.328062,71,2184.563549
1.860281,68,2184.697201
-0.525832,141,2184.97768
2.302203,83,2185.144366
2.334736,66,2185.286869
4.395276,64,2185.415689
0.81469,92,2185.601574
4.362632,69,2185.743745
4.998941,63,2185.87244
4.261405,77,2186.028004
2.167156,88,2186.202947
2.419141,66,2186.333815
-0.85081,83,2186.517238
-0.079641,92,2186.707057
3.998002,65,2186.83643
103.253032,78,2186.993852
2.86984,73,2187.145106
101.20317,60,2187.269774
4.781261,86,2187.441198
4.550474,63,2187.565819
5.258252,63,2187.69053
4.65477,64,2187.818331
3.660874,67,2199.292848
4.100332,85,2199.463914
3.111387,65,2199.596135
0.543395,87,2199.767735
1.224509,69,2199.9072
1.627644,85,2200.078326
102.576298,70,2200.222068
4.446533,105,2200.43393
3.65569,65,2200.569765
1.622573,69,2200.710422
4.042352,64,2200.852645
3.105582,74,2201.003245
104.491393,59,2201.121156
6.051839,63,2201.250035
102.57206,53,2201.358003
102.110401,68,2201.500407
1.545413,71,2201.654672
101.33263,96,2201.884053
3.544016,78,2202.057214
100.761755,70,2202.202141
3.273487,64,2202.333773
1.087428,1000,2215.839846
3.395554,61,2215.963237
2.323976,86,2216.145788
5.057031,70,2216.286173
1.546274,84,2216.451616
2.966884,65,2216.583335
2.986296,64,2216.707669
102.643684,84,2216.874554
101.222962,82,2217.032916
3.544733,61,2217.153799
4.11667,88,2217.338394
103.642934,67,2217.467348
4.010444,66,2217.590818
1.31222,92,2217.768044
3.572615,65,2217.89546
5.067804,68,2218.024539
1.741135,73,2218.166161
3.917435,61,2218.288216
2.839248,64,2218.416852
101.065026,31,2218.477113
101.265635,102,2218.679827
4.276674,64,2218.814875
1.36302,74,2218.967054
2.624051,68,2230.458418
0.873165,93,2230.643445
1.310706,127,2230.897957
2.026248,89,2231.076956
1.333659,69,2231.241049
100.461772,74,2231.405501
0.467765,84,2231.589703
1.329606,71,2231.731513
-0.325443,106,2231.946837
3.073078,73,2232.097801
1.069015,77,2232.252594
3.365135,71,2232.395712
0.911177,117,2232.634544
0.288939,80,2232.803259
2.3601,68,2232.940028
0.511274,125,2233.198997
2.091055,65,2233.350184
0.203588,1000,2246.848999
-0.574092,105,2247.070039
100.082539,77,2247.222594
100.845616,75,2247.36715
1.107767,88,2247.547451
0.713875,88,2247.723315
100.808396,78,2247.87883
3.443342,91,2248.060413
3.932021,65,2248.192889
2.222731,69,2248.351573
4.929092,64,2248.484273
4.21022,62,2248.613915
2.203643,72,2248.761349
1.98867,81,2248.927546
0.857478,70,2249.070543
4.427051,70,2249.212383
5.070835,62,2249.335957
2.578511,68,2249.473196
5.609946,66,2249.604832
4.644295,74,2249.752509
1.472288,85,2249.925021
4.365569,68,2250.071757
2.827824,64,2250.194792
0.150863,1000,2263.598005
1.102484,69,2263.734767
2.713822,72,2263.877425
2.310098,65,2264.006399
101.205154,101,2264.217265
3.362456,65,2264.351698
2.994811,84,2264.515935
104.467286,73,2264.65584
0.229361,76,2264.805665
103.474869,60,2264.926648
0.522239,85,2265.096505
2.81812,67,2265.229604
102.197396,59,2265.341372
105.647883,69,2265.480955
3.306512,66,2265.613236
1.039754,72,2277.207758
-2.900396,138,2277.492053
3.666998,61,2277.612829
4.424714,83,2277.778961
3.097344,83,2277.948474
4.020293,75,2278.097194
101.199792,75,2278.249731
3.247314,66,2278.400087
101.436715,96,2278.586966
4.495613,68,2278.723504
2.115858,70,2278.860117
1.655521,70,2279.004534
0.807334,112,2279.223162
103.042688,67,2279.365049
-0.314449,95,2279.56763
101.452906,81,2279.721087
0.745507,95,2279.91112
100.273098,67,2280.04117
3.27096,72,2280.184025
-1.072942,103,2280.383536
101.201913,36,2280.457648
2.514096,66,2280.59029
100.978809,76,2280.742198
0.191014,94,2280.929912
0.756492,106,2281.143687
101.128655,68,2281.27768
101.047298,80,2292.737821
2.447526,80,2292.898705
-1.653249,108,2293.111313
1.477228,87,2293.285346
1.694185,86,2293.452486
3.185289,83,2293.617398
4.823834,77,2293.774606
3.576352,64,2293.901964
102.364366,81,2294.069181
2.794672,68,2294.201279
101.192209,77,2294.356693
1.769951,100,2294.550018
101.126546,77,2294.703342
4.727265,64,2294.827344
103.725597,58,2294.946731
4.498773,80,2295.102341
3.35794,87,2295.281849
4.529399,61,2295.409448
0.478095,91,2295.593579
3.870823,64,2295.719078
101.2574,92,2295.900178
3.309081,85,2296.066806
101.099694,86,2296.242058
4.387844,63,2296.365867
1.327331,74,2296.517741
100.935533,82,2296.683758
4.087775,64,2308.524253
105.539787,73,2308.679125
101.587125,57,2308.790245
4.108372,63,2308.914905
0.690316,72,2309.058442
2.330633,87,2309.233785
3.369737,65,2309.368447
101.412423,42,2309.454986
101.333697,69,2309.608643
4.349386,59,2309.725574
2.553641,68,2309.859275
3.283347,70,2309.993693
1.573561,69,2310.131104
100.617426,83,2310.310081
101.432318,69,2310.448787
101.390749,83,2310.61784
2.425373,70,2310.755828
1.365159,81,2310.915834
101.205723,81,2311.078345
100.308138,74,2311.240552
0.974028,96,2311.431944
3.785085,65,2311.563135
101.167059,82,2311.725588
4.114454,65,2311.85441
5.013055,65,2311.989271
2.151843,71,2312.131667
-0.418734,198,2312.522857
2.573862,68,2324.045228
2.903688,60,2324.178695
0.5316,1000,2326.140122
4.59625,65,2326.280452
2.931998,76,2326.440147
1.566896,70,2326.585029
3.684937,86,2326.758737
4.805902,69,2326.897267
5.162596,63,2327.020322
-1.256129,101,2327.224309
4.248817,75,2327.389327
100.491291,70,2327.575346
0.068361,1000,2341.217447
3.868648,61,2341.342247
2.13418,76,2341.504526
4.16526,62,2341.631448
5.319286,75,2341.785527
3.580703,80,2341.948034
101.440801,65,2342.081397
103.714017,74,2342.229243
3.016054,70,2342.366776
2.341974,66,2342.50665
0.321135,1000,2355.976869
100.838982,41,2356.060061
1.226524,78,2356.224121
4.099968,77,2356.38539
2.487135,61,2356.513019
1.963661,68,2356.649209
101.925712,66,2356.785502
2.72414,66,2356.924421
3.320377,72,2357.072473
2.119735,69,2357.212483
1.302455,68,2357.352049
1.119732,96,2357.550647
3.229872,77,2357.706987
1.697882,80,2357.875605
0.578289,145,2358.176944
4.960423,65,2358.312376
101.580049,94,2358.507038
1.392738,69,2358.648285
0.9082,71,2358.798602
100.689291,147,2359.102485
3.213331,66,2359.239897
5.813358,66,2359.377257
4.738628,80,2359.554168
101.566705,53,2371.04749
2.425829,69,2371.183886
1.043598,72,2371.32731
103.685722,60,2371.448763
-1.023303,404,2372.279396
3.349441,69,2372.417767
0.182417,77,2372.572414
2.31832,84,2372.737113
1.032809,81,2372.89684
103.773448,57,2373.009212
4.577929,66,2373.137
3.709744,80,2373.292807
0.767868,76,2373.440145
1.115279,84,2373.60878
101.555677,42,2373.691738
101.953689,74,2373.834738
-0.174417,1000,2387.22075
-0.498218,97,2387.410486
2.977696,67,2387.55003
4.858051,63,2387.679801
0.036957,78,2387.834595
4.198253,86,2388.013205
2.855794,91,2388.19027
0.268774,73,2388.334905
1.557439,105,2388.539582
-0.60817,111,2388.757787
4.793962,89,2388.935031
3.542117,67,2389.068251
2.566668,68,2389.201952
5.97966,74,2389.342333
1.357438,88,2389.521204
2.967104,64,2389.651738
1.59393,69,2389.785883
2.859685,63,2389.906846
0.466792,73,2390.051031
5.694872,64,2390.181324
101.24181,65,2390.306672
0.946903,88,2390.482132
3.776339,100,2402.099348
105.779007,83,2402.261902
101.432706,75,2402.408945
2.241126,68,2402.545179
103.650585,60,2402.667094
4.945618,65,2402.79559
2.668214,73,2402.937839
4.124766,61,2403.064758
104.20735,67,2403.195741
4.025375,71,2403.334684
4.69944,79,2403.509801
1.05442,79,2403.669829
3.920434,85,2403.838541
105.352177,77,2403.996871
3.352439,83,2404.164307
2.905166,78,2404.322557
102.569375,66,2404.452919
2.766275,67,2404.585378
2.786918,67,2404.732426
2.851153,90,2404.910038
3.419778,61,2405.033305
101.909185,72,2405.178076
2.967876,67,2405.311269
103.526026,75,2405.457661
3.398467,59,2405.574976
4.610035,78,2405.737069
4.875091,62,2405.858119
3.987999,65,2405.988032
2.507546,90,2417.760269
2.587409,83,2417.938503
104.899399,71,2418.077522
0.155523,78,2418.233586
101.324368,74,2418.37963
1.890222,69,2418.516348
2.790694,67,2418.649082
3.082629,68,2418.786101
0.488263,83,2418.951652
3.550478,65,2419.079293
4.185054,79,2419.238887
1.251175,81,2419.415003
104.378671,61,2419.538461
4.532656,63,2419.662238
5.78666,79,2419.818039
103.410216,64,2419.947455
0.830157,69,2420.086774
1.740819,69,2420.222439
2.187331,66,2420.356348
101.268922,71,2420.498669
2.625749,73,2420.640491
1.316231,71,2420.780445
101.128946,60,2420.896208
3.749977,85,2421.072774
103.082422,58,2421.190044
3.028823,70,2421.333588
1.387405,71,2421.476343
0.279904,130,2421.734412
4.032294,69,2433.14784
0.767812,75,2433.315136
1.468336,94,2433.504268
1.205768,82,2433.669711
3.786194,61,2433.791129
2.165116,69,2433.931336
3.005634,73,2434.079574
0.769261,125,2434.334321
3.633198,65,2434.469549
2.958708,61,2434.592934
100.473142,271,2435.144692
4.16416,69,2435.289329
1.622345,79,2435.446918
3.467044,81,2435.608276
2.999563,67,2435.741001
101.801084,54,2435.847101
102.199908,82,2436.011263
102.00697,80,2436.171525
2.996538,72,2436.315963
3.011494,67,2436.445546
5.900337,70,2436.583986
2.761903,69,2436.726572
3.474904,79,2436.886479
2.817301,65,2437.015848
3.675653,90,2448.453746
100.954893,74,2448.600477
4.388488,67,2448.728705
4.674881,71,2448.866794
4.518971,65,2448.997217
3.66676,61,2449.118209
4.614552,70,2449.256824
2.024014,71,2449.403455
2.40566,83,2449.568137
4.103437,65,2449.698196
2.715368,68,2449.84782
4.540746,66,2449.979792
1.638694,71,2450.121276
101.632777,64,2450.248432
1.74772,76,2450.399195
105.418603,66,2450.531901
1.00667,74,2450.680739
4.124575,61,2450.802316
1.64615,62,2450.926148
3.37555,66,2451.060037
1.460149,76,2451.214608
104.112286,57,2451.334693
1.550686,70,2451.478208
1.350828,81,2451.64762
105.043721,72,2451.795335
1.675341,91,2451.988388
101.420653,94,2452.181231
1.471701,72,2452.335007
1.132645,68,2452.480683
3.989709,65,2463.859372
3.512808,69,2464.018787
100.690281,82,2464.184645
-1.187125,96,2464.379913
4.598271,62,2464.505388
1.633424,69,2464.644128
3.234002,62,2464.771566
4.712889,64,2464.903178
-0.594027,89,2465.081426
1.180366,76,2465.234701
0.177042,163,2465.563164
2.916787,62,2465.684663
100.739431,80,2465.845993
102.124878,54,2465.950118
3.599352,65,2466.077816
4.745891,77,2466.235488
101.2669,41,2466.317921
0.65832,70,2466.460006
3.80926,88,2466.631657
103.313375,63,2466.757672
101.276941,68,2466.894045
5.573183,72,2467.042288
3.760912,65,2467.17302
4.634942,62,2467.299
101.775536,97,2467.495002
104.317717,61,2467.616424
3.678985,61,2467.741705
1.149276,70,2467.897386
5.447956,63,2479.285002
5.181062,63,2479.409303
2.467721,75,2479.561779
1.408759,82,2479.740219
4.121421,64,2479.867589
0.585898,90,2480.050889
101.144338,126,2480.310423
2.525524,81,2480.471786
101.994846,78,2480.62374
101.356513,78,2480.780328
3.803272,70,2480.924383
-1.197933,100,2481.128807
1.480014,71,2481.266346
5.852792,73,2481.413114
4.69655,65,2481.542945
103.827522,56,2481.650106
1.812936,71,2481.790524
2.900877,64,2481.935022
5.655603,77,2482.08611
0.187479,77,2482.239922
3.709912,64,2482.369334
1.347816,73,2482.513231
3.370916,61,2482.636797
-0.226498,99,2482.830484
0.904274,72,2482.974664
4.342426,65,2483.100994
-1.165951,96,2483.291734
5.066092,74,2494.707425
100.550607,92,2494.893562
-0.571737,82,2495.060871
1.470554,82,2495.23174
5.317894,60,2495.354698
101.948736,75,2495.52374
104.785738,78,2495.675051
5.027221,85,2495.847178
102.516421,67,2495.977158
-0.125222,112,2496.200171
1.846285,74,2496.348428
103.026712,72,2496.490117
100.441439,80,2496.646526
5.284345,68,2496.785285
5.184034,65,2496.913815
104.745454,63,2497.039079
4.013784,67,2497.173638
102.927535,72,2497.318248
1.399043,93,2497.522197
100.643325,400,2498.322529
4.151073,88,2498.501733
1.59996,78,2498.658768
4.340884,101,2510.173047
4.084446,65,2510.306167
4.266467,64,2510.436564
2.593492,62,2510.562249
4.767012,72,2510.710676
2.329268,91,2510.898239
3.745707,82,2511.060411
4.795946,63,2511.18913
103.133736,69,2511.331866
1.412059,64,2511.462052
1.410062,84,2511.643764
4.775997,63,2511.771423
0.031906,93,2511.958488
2.907023,62,2512.08116
100.424824,100,2512.28141
103.21581,61,2512.398964
101.929504,79,2512.557591
101.722833,47,2512.653655
4.351053,68,2512.789666
2.581991,64,2512.937573
3.905474,66,2513.069763
3.132148,62,2513.190438
2.39324,69,2513.332911
2.455666,65,2513.465342
-0.592563,75,2513.613609
100.844441,85,2513.781734
1.993712,70,2513.922147
1.772643,75,2514.073117
3.70133,75,2514.221751
0.009896,99,2525.797335
-0.215648,190,2526.175141
3.115833,77,2526.332084
4.013553,96,2526.525551
4.275526,75,2526.677656
5.504283,63,2526.811399
101.329518,65,2526.943213
3.17849,71,2527.08556
1.553243,70,2527.233504
3.939995,66,2527.365737
-0.070867,94,2527.553897
102.452524,61,2527.681068
4.015425,64,2527.810685
2.679542,67,2527.944977
-0.065844,85,2528.118267
4.605969,81,2528.283214
3.866158,63,2528.412855
-0.09467,84,2528.582744
3.050823,65,2528.717618
2.150096,71,2528.86298
2.160562,71,2529.004753
4.072475,60,2529.128452
103.903322,68,2529.269385
4.578483,81,2529.433554
100.896591,73,2529.58281
2.130623,71,2529.724391
0.828167,80,2541.264675
1.156126,85,2541.435554
4.257162,64,2541.561684
0.660628,95,2541.755482
101.424628,96,2541.965574
1.001668,73,2542.114737
1.15491,71,2542.25935
2.788521,66,2542.393621
1.454601,83,2542.561392
1.50716,72,2542.703066
102.347531,78,2542.855915
3.334775,68,2542.997471
3.579548,64,2543.126448
5.162028,79,2543.279392
1.685823,69,2543.41597
2.071354,85,2543.59577
5.860405,63,2543.719966
1.89235,76,2543.868717
0.869859,96,2544.059118
3.407979,98,2544.254904
0.757279,84,2544.436365
0.722856,91,2544.620314
1.33778,70,2544.757634
0.794301,93,2544.942273
2.00952,77,2545.109565
2.691052,67,2545.246551
4.192089,83,2556.646057
3.334699,66,2556.776789
-0.492876,106,2557.001808
2.410619,68,2557.135572
3.95548,71,2557.277587
4.687386,62,2557.398388
3.744282,84,2557.567726
0.743158,81,2557.727903
0.593686,95,2557.920434
2.838815,68,2558.055043
3.60891,64,2558.184186
101.538491,55,2558.292243
5.374204,65,2558.417901
1.110087,90,2558.598934
2.873965,70,2558.738877
0.751683,95,2558.927424
1.356328,75,2559.078555
4.039646,67,2559.213305
4.022433,92,2559.395587
2.983654,67,2559.537341
4.906681,87,2559.711536
2.726962,65,2559.840979
101.268735,106,2560.056126
0.708463,81,2560.233885
4.537706,64,2560.359698
4.156658,64,2560.487465
100.283881,74,2560.634647
1.107012,77,2572.082837
3.97699,90,2572.266231
1.981071,77,2572.425505
4.816244,64,2572.551589
1.724409,75,2572.703223
2.06336,71,2572.845855
3.981751,70,2572.988115
4.110777,64,2573.132671
2.189058,73,2573.282289
101.149048,53,2573.389775
1.201238,72,2573.535599
5.032404,78,2573.696025
101.318893,88,2573.871119
3.797959,80,2574.030778
4.176717,76,2574.208027
101.489856,51,2574.3118
1.513687,81,2574.476183
102.206722,71,2574.617804
1.983364,69,2574.753245
2.418632,73,2574.89883
0.769052,80,2575.05846
1.393102,71,2575.199104
0.251463,93,2575.384857
3.334938,66,2575.516204
1.814354,67,2575.668061
4.992891,63,2575.795661
3.387561,93,2575.979208
104.561465,79,2576.151379
0.4896,87,2587.593677
101.290015,54,2587.702339
3.048584,79,2587.856752
4.57675,64,2587.985434
4.139132,65,2588.114958
4.810608,87,2588.287556
5.258582,67,2588.419576
101.692373,75,2588.569446
101.023881,72,2588.711887
101.573532,85,2588.881716
100.267495,60,2588.997886
1.016102,74,2589.147732
1.655969,70,2589.290199
4.106985,82,2589.453902
0.2931,76,2589.60425
-2.016156,106,2589.813877
100.735704,65,2589.943118
2.408705,59,2590.065257
102.508203,72,2590.207793
1.242136,95,2590.392739
4.466891,64,2590.51652
5.922563,72,2590.660036
2.91881,85,2590.827104
0.707923,79,2590.981478
0.957241,74,2591.131201
1.049503,65,2591.258879
1.073349,72,2591.402556
106.075289,75,2602.90497
3.460521,59,2603.026662
3.784849,73,2603.175332
1.43022,67,2603.311976
1.720432,70,2603.455323
3.640928,60,2603.576915
0.752684,71,2603.721575
0.098377,109,2603.971179
1.857405,71,2604.113542
2.04817,70,2604.255395
101.672333,99,2604.456219
104.642128,69,2604.594248
-2.034542,109,2604.813129
-0.187041,138,2605.094408
-0.863774,94,2605.288207
4.509317,67,2605.440428
4.993666,66,2605.57507
100.904342,78,2605.733823
1.135481,78,2605.890182
4.542792,75,2606.041945
1.551708,77,2606.198452
2.70815,72,2606.356022
4.132689,64,2606.485871
1.601026,74,2606.634103
-1.013947,91,2606.817691
2.253834,69,2606.95956
101.919862,43,2607.049247
3.761069,90,2618.580954
1.858916,68,2618.714865
-0.211375,106,2618.925224
100.515556,69,2619.064336
1.130324,87,2619.240138
4.030606,68,2619.373122
-1.677718,105,2619.593151
3.946865,67,2619.730082
4.87894,63,2619.856599
1.450035,73,2620.004459
2.996138,64,2620.134607
3.358961,85,2620.305412
4.595678,88,2620.481048
3.767474,75,2620.631281
5.134507,60,2620.750337
3.921442,77,2620.90589
3.119653,63,2621.029108
5.851837,90,2621.207153
100.438524,45,2621.299859
2.152227,70,2621.439571
102.652926,65,2621.570567
5.732973,62,2621.696743
-0.008919,1000,2635.16696
1.658111,71,2635.317348
101.114379,66,2635.453098
0.877718,96,2635.651817
3.648354,95,2635.850171
4.6567,60,2635.971939
4.514308,83,2636.145369
1.622123,77,2636.3184
4.396193,61,2636.444829
1.467909,81,2636.618917
3.8867,64,2636.751345
-0.487813,79,2636.918758
2.518461,73,2637.072926
0.350285,99,2637.279958
2.930815,61,2637.418049
4.520947,61,2637.54239
103.556293,71,2637.683044
4.281317,71,2637.829437
1.958047,86,2638.007037
5.971543,65,2638.145489
4.22,83,2649.543512
3.447699,67,2649.690344
-1.010023,101,2649.89902
3.174608,84,2650.07685
4.175163,64,2650.21246
3.366311,65,2650.345797
100.557372,64,2650.480214
1.181165,82,2650.653487
4.061849,89,2650.834991
-0.098166,84,2651.006948
3.860601,69,2651.147765
5.612216,72,2651.300864
4.928615,76,2651.454226
4.067055,85,2651.627713
2.695114,73,2651.777653
3.483005,71,2651.923183
5.719418,83,2652.091334
101.205078,65,2652.224855
-1.802883,108,2652.448935
3.273919,73,2652.602209
0.625029,80,2652.768437
0.503439,79,2652.933314
3.383876,72,2653.075328
102.408936,52,2653.184759
3.678902,60,2653.306503
3.645379,83,2653.472687
5.449685,87,2653.665739
1.387869,73,2665.264817
3.349951,105,2665.486631
3.537491,66,2665.622036
1.988911,68,2665.770984
103.665556,73,2665.928578
0.233332,90,2666.114504
1.330588,79,2666.284117
4.292725,66,2666.424195
3.247962,61,2666.553336
4.539176,64,2666.680876
-2.709923,130,2666.945554
0.286209,72,2667.09321
1.669481,73,2667.240703
103.819476,59,2667.376733
0.934001,77,2667.538962
4.126732,83,2667.712
2.973578,67,2667.850957
4.086199,60,2667.971905
0.75934,76,2668.127737
5.10403,74,2668.277601
3.832621,64,2668.407143
100.549084,78,2668.572622
3.857216,64,2668.703732
2.91339,95,2668.897593
5.672755,71,2669.044428
102.508193,52,2669.152265
3.619276,60,2669.277615
2.974542,98,2680.70861
3.030556,63,2680.836253
3.518558,62,2680.96466
0.531288,74,2681.117965
101.481124,75,2681.274162
4.882615,59,2681.395462
1.41106,73,2681.545626
103.250444,59,2681.667897
3.872275,60,2681.788915
2.410786,81,2681.947348
4.549316,63,2682.07284
2.848427,68,2682.207635
2.344227,72,2682.348728
0.471723,77,2682.515617
3.229569,110,2682.736636
0.584838,79,2682.892355
101.170639,75,2683.043305
3.91838,65,2683.171915
4.635438,67,2683.309087
3.955378,64,2683.435052
1.274942,68,2683.567803
100.604292,73,2683.709458
-0.021792,77,2683.862239
3.221127,78,2684.013632
4.893943,63,2684.138814
3.518772,60,2684.255978
4.501074,67,2684.386702
1.392917,74,2684.527176
3.976588,79,2684.697248
3.200967,72,2696.078496
2.28346,65,2696.211268
3.600796,75,2696.362711
0.860297,76,2696.516933
-0.720477,230,2697.012055
103.884726,53,2697.130699
4.462029,63,2697.262102
-0.384107,102,2697.471215
0.665048,85,2697.64497
5.028651,88,2697.827613
3.009917,60,2697.952158
0.726369,95,2698.150667
102.185269,69,2698.310845
104.95278,62,2698.433199
0.544729,75,2698.580048
101.770976,72,2698.723461
3.117192,65,2698.849431
3.049705,64,2698.978246
104.598442,77,2699.12739
101.22687,85,2699.290908
3.874175,64,2699.416348
2.218178,72,2699.554213
1.625388,73,2699.695299
3.338161,66,2699.824221
100.795061,48,2699.920057
3.005216,64,2700.046665
2.555587,65,2711.434541
4.171965,61,2711.555545
6.074488,66,2711.684332
2.162426,73,2711.827508
5.275598,63,2711.950882
4.524099,67,2712.086098
-0.20907,135,2712.374993
3.037433,67,2712.51218
3.974294,63,2712.636809
1.480408,71,2712.784091
2.487028,63,2712.908118
101.061051,60,2713.025911
5.011673,72,2713.16718
0.047352,1000,2715.10835
1.069923,74,2715.248991
1.491071,71,2715.408293
104.37789,64,2726.826655
101.02735,63,2726.957591
1.757827,71,2727.096937
2.912216,69,2727.236598
100.624527,50,2727.33423
101.699867,63,2727.461597
2.704778,61,2727.584911
101.092886,126,2727.860736
2.844774,71,2728.01052
1.200518,74,2728.164716
1.535482,87,2728.343988
105.770762,66,2728.478756
2.294726,71,2728.624768
4.399222,67,2728.76299
4.260316,72,2728.913839
4.581544,63,2729.04076
2.633968,69,2729.173423
3.470544,67,2729.305452
-0.279873,194,2729.690756
2.160983,70,2729.828488
1.275607,148,2730.119887
1.742099,64,2730.251316
1.84934,71,2730.389638
5.359717,63,2730.510531
103.211794,67,2730.642606
1.059465,73,2730.798212
105.607618,81,2742.343559
2.701383,82,2742.530466
100.697666,50,2742.63305
0.46608,74,2742.785691
103.220569,58,2742.896442
102.644065,77,2743.049009
1.930122,96,2743.240397
3.133526,72,2743.382433
2.015269,75,2743.533716
2.223538,70,2743.672996
4.352618,65,2743.801055
-1.003674,87,2743.967398
2.553623,76,2744.116515
101.340737,84,2744.285627
3.725931,68,2744.423785
0.71097,88,2744.605439
4.17485,64,2744.733391
101.224326,93,2744.917649
2.748186,60,2745.035283
3.638882,65,2745.167381
4.436247,76,2745.319858
0.650548,78,2745.477598
1.849122,72,2745.620013
105.714704,74,2745.767943
4.563047,80,2745.922256
0.5275,1000,2759.311339
102.793196,60,2759.431108
-0.375874,1000,2761.485425
4.333644,63,2761.619943
5.169301,78,2761.779483
101.286879,85,2761.945385
102.303292,80,2773.253341
101.327211,104,2773.466879
3.154425,65,2773.594589
4.411422,71,2773.737936
1.663636,86,2773.911629
3.411233,66,2774.041985
2.714796,77,2774.190104
1.862504,87,2774.35565
3.925622,74,2774.494804
4.104642,65,2774.619867
100.743751,36,2774.690164
3.611021,65,2774.816535
3.392675,88,2774.98831
102.655922,70,2775.124857
101.161915,61,2775.242458
1.318976,73,2775.386649
3.869763,71,2775.526027
0.708317,67,2775.661998
3.752489,69,2775.795433
3.286265,66,2775.923782
0.401863,95,2776.117328
2.830957,67,2776.253067
102.852511,63,2776.379884
0.489386,93,2776.570543
3.106247,67,2776.710889
0.920128,83,2776.882114
5.45932,66,2777.015994
2.971698,75,2777.168102
101.208876,93,2788.698971
3.567457,65,2788.827212
102.268935,58,2788.939979
3.145929,59,2789.056052
2.208364,70,2789.191485
1.312642,102,2789.40025
1.429947,77,2789.552575
5.305196,61,2789.67048
102.266686,74,2789.819119
0.934046,81,2789.978525
2.908944,68,2790.111314
2.702559,71,2790.251332
3.176439,69,2790.397694
5.215049,60,2790.513609
1.600737,80,2790.672473
0.947007,71,2790.810242
100.524961,74,2790.949559
3.231098,65,2791.075436
5.110863,73,2791.217312
102.686841,62,2791.336575
3.914842,66,2791.463474
101.416116,74,2791.610819
3.3317,74,2791.759326
2.471296,70,2791.895287
-0.125368,78,2792.04847
101.37864,76,2792.200822
101.581493,60,2792.322249
4.727614,66,2792.469771
1.227322,65,2803.916235
0.163061,1000,2805.939023
1.294725,78,2806.096639
1.641322,97,2806.286952
0.913712,119,2806.525115
4.625476,60,2806.64639
0.812094,72,2806.786985
103.020391,68,2806.920692
1.947822,66,2807.052509
101.463637,82,2807.216551
1.484118,86,2807.383494
2.738756,65,2807.509311
4.284197,64,2807.63876
101.629172,45,2807.728611
3.656747,88,2807.915987
0.861106,85,2819.587312
3.625705,67,2819.72431
1.719744,70,2819.867504
0.641493,82,2820.035522
0.806161,74,2820.187416
4.78773,67,2820.326805
1.877874,81,2820.491938
3.681508,62,2820.621108
101.676145,69,2820.763841
1.637491,74,2820.911135
100.743158,80,2821.069945
3.972821,62,2821.204069
4.699143,65,2821.336279
4.512996,69,2821.475512
4.706743,65,2821.607527
101.655964,53,2821.718146
0.997068,82,2821.890999
3.691718,61,2822.016692
3.854945,65,2822.150833
101.180603,65,2822.285041
4.895342,62,2822.411783
5.162327,60,2822.535343
3.780087,69,2822.678725
101.973118,100,2822.892855
2.670061,81,2823.052064
4.723539,64,2823.177593
2.494332,69,2823.30993
1.793735,71,2823.449068
3.49407,65,2823.576235
3.701987,87,2834.9737
1.524437,75,2835.123809
0.867118,76,2835.268979
2.386791,78,2835.419586
-0.387436,86,2835.588045
100.727519,78,2835.742007
100.572973,30,2835.799285
1.033305,63,2835.927056
3.461294,69,2836.070065
5.187923,66,2836.198566
2.469006,69,2836.334564
-1.549338,123,2836.578912
1.372273,73,2836.722944
0.205366,80,2836.882672
3.441219,67,2837.020125
2.531384,60,2837.139329
1.225596,112,2837.36343
1.370384,88,2837.540949
-0.51201,94,2837.727309
0.503599,81,2837.890638
3.154644,67,2838.023648
1.499666,74,2838.178802
103.466676,75,2838.334254
0.813794,103,2838.545153
2.237355,70,2838.689244
101.651398,50,2838.794741
3.865396,65,2838.953263
2.796519,65,2850.266581
5.166653,89,2850.450151
2.162275,70,2850.60396
3.917758,65,2850.73777
1.821599,74,2850.886976
1.391447,70,2851.032396
4.013838,70,2851.175351
0.694637,86,2851.353109
3.761302,63,2851.482579
2.726388,75,2851.635383
101.325683,49,2851.73753
3.01609,65,2851.868581
101.601355,99,2852.070179
2.911246,60,2852.194606
101.596206,80,2852.355072
0.253936,95,2852.549115
1.252555,118,2852.789033
102.575597,86,2852.983323
5.189839,72,2853.127305
3.404638,85,2853.295707
5.491514,71,2853.440651
-0.548315,85,2853.605693
3.830426,64,2853.728452
3.211336,66,2853.859154
0.855616,119,2854.088178
4.50983,65,2854.213316
4.978474,62,2854.335058
0.364004,93,2865.949781
1.917935,72,2866.096869
4.13515,59,2866.213602
100.719885,65,2866.343552
104.941587,59,2866.478999
1.283157,78,2866.631283
101.545022,79,2866.785098
2.473867,77,2866.937046
-1.982971,107,2867.144964
4.705575,70,2867.278542
4.638737,67,2867.410097
0.206137,1000,2869.485806
2.705446,68,2869.618697
101.73096,58,2869.730686
1.789771,74,2869.899141
101.555013,59,2881.575833
3.200303,70,2881.7194
3.580775,92,2881.90057
101.241669,63,2882.022541
2.022728,73,2882.165634
0.757589,82,2882.341545
2.515716,85,2882.511039
1.232209,66,2882.643116
3.250301,72,2882.793454
101.473512,57,2882.919967
102.841938,55,2883.035013
4.081855,87,2883.215086
3.703769,62,2883.341209
0.193185,78,2883.501233
102.911611,55,2883.614112
4.99806,63,2883.741391
3.464674,77,2883.900825
4.27156,62,2884.038037
101.363272,70,2884.180755
-0.043415,77,2884.337232
1.888396,86,2884.512192
4.669568,63,2884.63711
4.088352,70,2884.789782
4.544986,63,2884.925862
102.048982,51,2885.032573
4.672183,68,2885.169783
1.692887,91,2885.355944
1.691846,64,2885.486282
1.792614,77,2885.644635
1.155493,503,2897.927184
3.173923,67,2898.054749
104.547015,59,2898.174618
103.442909,57,2898.28464
103.724335,57,2898.396563
105.467685,77,2898.546323
0.500714,86,2898.718422
3.259396,66,2898.848116
102.665334,62,2898.973315
4.286281,99,2899.17626
3.577953,86,2899.356612
103.756936,65,2899.481294
2.082333,106,2899.69539
104.087937,81,2899.85053
4.319004,66,2899.979369
0.963946,92,2900.159628
2.188251,77,2900.310971
106.018119,67,2900.444142
3.875811,65,2900.570306
0.591824,100,2900.76543
3.707624,70,2900.921428
0.471627,79,2901.074808
4.201429,84,2912.502785
104.866805,68,2912.638916
-0.7661,94,2912.835526
4.223703,66,2912.967773
100.127239,213,2913.394038
101.394633,73,2913.543011
3.984884,76,2913.690603
0.68729,101,2913.889264
3.661075,81,2914.055023
1.966004,91,2914.240011
101.169498,70,2914.383982
2.497903,67,2914.524004
1.395788,89,2914.705444
102.749226,49,2914.804049
4.841494,65,2914.944552
2.465349,76,2915.10435
3.227895,96,2915.296576
5.084779,60,2915.415187
-0.721497,95,2915.604924
3.322555,75,2915.75438
-0.900732,110,2915.970707
1.126142,140,2916.268057
2.542159,96,2916.462101
3.572817,99,2927.874239
104.55205,67,2928.053602
100.713482,81,2928.251896
104.77671,78,2928.402044
101.297934,102,2928.603743
2.12287,71,2928.746078
3.553335,61,2928.867881
3.566546,83,2929.029955
4.745301,62,2929.147584
4.246669,63,2929.267614
2.277513,68,2929.40342
2.919318,60,2929.521774
4.615847,66,2929.650886
1.326492,90,2929.82557
100.86893,50,2929.924277
1.713655,71,2930.066596
101.442647,86,2930.233355
3.402939,64,2930.357631
2.842656,67,2930.486506
104.480961,60,2930.604398
104.17703,57,2930.711161
2.477401,82,2930.871068
3.262749,73,2931.011067
-1.195809,93,2931.189534
3.328652,79,2931.340476
5.356324,184,2931.709094
0.010324,81,2943.119708
101.274096,50,2943.222631
4.467255,61,2943.362919
0.433348,86,2943.541497
1.422311,74,2943.694144
100.881764,79,2943.855094
104.213272,55,2943.962795
3.481014,83,2944.125551
4.477216,98,2944.316137
3.585877,89,2944.489894
4.588897,85,2944.656583
1.511824,68,2944.79873
3.460923,100,2945.007206
2.158044,70,2945.151237
1.427541,135,2945.432244
1.427864,72,2945.576502
-0.736001,126,2945.845217
3.753267,65,2945.978683
103.657891,76,2946.137458
5.280829,63,2946.2702
0.691615,68,2946.408688
3.646542,60,2946.533978
3.248491,66,2946.669033
4.939753,66,2946.80194
2.211378,83,2946.963161
5.253572,76,2947.111586
101.434537,39,2947.187335
3.592117,68,2958.489932
-0.561408,95,2958.676329
3.065162,68,2958.807459
4.742819,70,2958.959198
2.549195,104,2959.164318
2.056416,70,2959.300937
-0.125468,178,2959.651593
4.193197,85,2959.821131
2.748321,62,2959.94369
2.198586,65,2960.073649
4.894928,63,2960.193883
1.24411,82,2960.355053
1.93032,72,2960.495944
3.431808,73,2960.638838
102.332155,57,2960.751344
1.865083,88,2960.937834
3.203132,73,2961.081284
1.430897,71,2961.223674
1.617091,79,2961.374748
4.189588,68,2961.506711
3.691965,70,2961.64483
2.587673,72,2961.783863
1.919968,86,2961.952434
0.12343,1000,2975.230758
102.117778,80,2975.396136
1.40824,76,2975.549844
4.75802,65,2975.682687
103.204718,68,2975.820688
101.024912,67,2975.948158
101.323764,80,2976.105777
2.883565,69,2976.236928
4.171854,68,2976.367129
-0.077848,91,2976.57021
4.109526,68,2976.70654
4.56148,66,2976.835997
1.589224,83,2976.99834
5.410756,63,2977.126123
-0.28647,125,2977.375367
101.537399,65,2977.50504
0.938238,69,2977.641776
2.815522,67,2977.771714
1.532721,82,2989.111528
5.160351,63,2989.251981
100.757159,42,2989.336306
3.69899,81,2989.502868
2.548053,74,2989.651327
2.193956,78,2989.811975
3.407078,64,2989.942782
4.122316,75,2990.092055
100.607716,28,2990.148758
101.962989,78,2990.301482
5.141718,67,2990.436586
2.568497,60,2990.557341
4.536493,64,2990.690098
2.098664,139,2990.975827
1.251146,77,2991.129972
100.199931,50,2991.234133
1.216321,102,2991.441077
101.686046,54,2991.549766
0.051332,83,2991.71831
0.369805,91,2991.899977
2.278869,70,2992.041112
3.661039,91,2992.223422
104.301737,59,2992.336196
101.221338,77,2992.484813
1.761249,73,2992.626667
3.984066,75,2992.777128
2.237176,60,2992.902098
3.812995,68,2993.039618
5.359225,64,2993.168721
4.545057,98,3004.72805
0.873181,76,3004.87812
5.15937,63,3005.002042
100.889459,71,3005.141318
102.149186,60,3005.263206
4.336893,64,3005.389613
4.330349,85,3005.551845
101.819997,46,3005.638804
2.4088,69,3005.777379
4.009505,64,3005.918501
4.433755,66,3006.048763
3.92282,62,3006.172735
1.874991,64,3006.298522
1.870488,71,3006.442711
105.16464,70,3006.578204
2.016479,73,3006.724838
3.816306,68,3006.859716
4.193959,64,3006.985397
4.760566,70,3007.124077
4.413793,63,3007.246425
4.120603,85,3007.416924
2.604266,65,3007.547403
101.145978,74,3007.692846
3.683332,70,3007.831227
3.365809,64,3007.954671
104.171138,56,3008.084866
103.37204,61,3008.202189
4.794754,60,3008.320391
0.500899,1000,3021.623135
-0.074429,87,3021.806219
4.714278,62,3021.934444
3.043276,67,3022.069599
1.99885,70,3022.22977
5.14903,110,3022.445019
103.324396,75,3022.59516
4.885654,75,3022.744488
100.970941,87,3022.919747
102.037049,76,3023.071182
2.943105,62,3023.193448
4.558946,69,3023.329489
102.530879,78,3023.484825
3.187341,65,3023.616689
3.990107,94,3023.799555
4.1891,61,3023.918942
0.870254,74,3035.391184
0.769719,136,3035.67344
1.166249,74,3035.826829
1.613608,143,3036.123469
1.705297,90,3036.310901
100.488843,59,3036.434433
1.448575,69,3036.584318
2.896281,79,3036.754891
102.452349,65,3036.888496
105.971756,64,3037.015044
2.200404,92,3037.195715
5.250813,64,3037.32456
1.18502,62,3037.451118
101.031177,41,3037.533121
4.479401,66,3037.6621
1.588823,70,3037.802249
101.238253,67,3037.933056
3.459066,59,3038.049388
102.369925,58,3038.162546
0.836721,69,3038.299068
1.417025,83,3038.462592
105.826638,73,3038.604799
2.103893,59,3038.722285
3.844713,78,3038.880863
3.385907,61,3039.009551
4.982573,62,3039.142411
3.129563,66,3039.271816
3.013484,67,3039.409472
101.170345,98,3050.971898
101.302786,78,3051.141223
100.625208,358,3051.860254
3.453248,146,3052.157466
1.516296,89,3052.342054
-0.162681,85,3052.518407
4.965589,90,3052.698697
3.197161,67,3052.832117
2.731939,69,3052.971007
2.792867,83,3053.134188
5.222882,61,3053.256213
-2.205294,118,3053.489155
-0.663355,98,3053.685647
101.433871,92,3053.865834
2.881214,87,3054.042337
105.807215,79,3054.198181
1.870618,73,3054.341844
5.099404,85,3054.508852
2.477114,74,3054.653306
1.429769,118,3054.8988
0.894735,81,3066.231939
3.292902,84,3066.40291
1.446733,71,3066.551303
0.704431,74,3066.711244
5.270812,80,3066.884479
4.896752,63,3067.014972
-0.147956,90,3067.199769
101.396096,59,3067.325194
1.00621,76,3067.483301
100.547652,76,3067.64249
3.428899,62,3067.773532
5.013603,61,3067.911697
4.524962,62,3068.041605
4.101073,64,3068.17409
1.003393,76,3068.328972
4.764174,64,3068.463227
1.16666,71,3068.605697
-0.865718,97,3068.795262
106.101443,66,3068.928313
-0.081641,100,3069.123219
105.275476,76,3069.272333
3.718644,76,3069.42362
101.410466,70,3069.563691
0.511621,126,3069.820595
104.464435,70,3069.9651
-1.314981,96,3070.166353
101.043209,53,3070.275043
5.407405,65,3081.631506
3.741538,63,3081.756398
2.509789,83,3081.927067
2.250921,76,3082.083459
4.714033,70,3082.228014
0.1146,85,3082.405099
100.407585,59,3082.528433
100.571529,82,3082.698523
2.406278,77,3082.868189
4.178044,83,3083.029946
2.611405,91,3083.206705
0.201562,81,3083.372175
1.566542,71,3083.506741
2.725104,93,3083.687157
3.672022,71,3083.825297
4.807549,70,3083.964288
4.481409,85,3084.131219
0.464494,82,3084.297909
4.016113,69,3084.453194
5.421773,89,3084.626079
1.220455,76,3084.775017
3.902667,77,3084.925022
1.118246,87,3085.098887
0.163465,109,3085.31516
1.006287,98,3085.507305
2.047714,74,3085.653669
-1.017007,102,3097.14003
3.687403,73,3097.280281
100.824612,55,3097.391342
0.117311,87,3097.561159
0.709791,84,3097.728824
1.707034,68,3097.861074
1.775324,62,3097.981557
102.814859,49,3098.07551
1.122396,72,3098.216672
1.141905,72,3098.355792
102.058297,71,3098.496248
3.370241,68,3098.635721
0.390965,84,3098.80873
4.192315,100,3099.001206
2.500068,70,3099.137085
1.699142,73,3099.274818
-1.46319,106,3099.487409
4.504265,67,3099.624277
3.439098,65,3099.757329
0.087175,80,3099.910902
3.618196,69,3100.050582
4.422046,63,3100.198363
5.678176,90,3100.370454
101.555041,63,3100.495628
0.869894,88,3100.667936
4.259787,60,3100.787038
3.430693,97,3100.982724
2.021336,82,3112.452087
0.302612,86,3112.632592
3.706316,80,3112.811373
100.939759,62,3112.940471
103.595878,72,3113.087067
101.072815,79,3113.252528
1.683202,86,3113.438318
0.277795,80,3113.609232
100.935984,81,3113.779617
103.549093,74,3113.93681
4.722349,81,3114.107321
2.723609,61,3114.234121
1.214908,72,3114.382958
0.805029,1000,3116.457133
3.493322,65,3116.581471
1.338887,74,3127.93326
1.514821,79,3128.097235
3.950807,63,3128.225232
101.988936,63,3128.355558
102.72648,79,3128.532614
6.083355,74,3128.685619
0.946426,100,3128.892913
1.842865,91,3129.082998
3.153347,59,3129.204413
100.953062,63,3129.335907
3.965614,71,3129.481728
3.330276,63,3129.611873
102.852878,77,3129.772483
1.53829,81,3129.933592
2.655487,80,3130.104302
1.061048,73,3130.249182
1.572213,84,3130.417439
4.301513,65,3130.542862
1.375111,64,3130.667587
4.066867,61,3130.786983
103.151583,63,3130.933332
102.227397,54,3131.042209
3.719361,80,3131.208419
1.334153,93,3131.397916
1.270028,65,3131.532206
3.806133,74,3131.684167
-0.065699,101,3131.891001
3.400334,69,3132.033275
103.056417,73,3143.395474
-0.027332,85,3143.575959
4.400549,66,3143.711323
1.603322,122,3143.965259
4.003895,62,3144.09442
102.541971,63,3144.223021
5.572101,67,3144.369777
2.748124,70,3144.506228
1.140115,64,3144.63319
0.727284,86,3144.800519
1.314177,78,3144.951662
3.231196,78,3145.112807
2.090706,69,3145.254985
2.306383,61,3145.380024
2.341598,68,3145.524326
1.772023,62,3145.65052
-0.314087,159,3145.974671
-0.567383,106,3146.202748
1.834865,82,3146.369636
100.302558,72,3146.519231
-0.095298,79,3146.68426
100.586739,53,3146.795676
0.914713,74,3146.948692
3.315263,67,3147.082721
5.170607,60,3147.222824
0.729349,81,3147.388928
4.348431,60,3147.514709
2.531895,69,3158.889064
4.178247,95,3159.092141
3.58133,61,3159.207963
2.807623,68,3159.341948
4.370201,72,3159.484939
3.903363,62,3159.605266
2.976645,155,3159.911994
2.047516,65,3160.03953
1.073957,64,3160.163826
2.236106,70,3160.303336
5.175578,72,3160.444534
1.565041,79,3160.602778
0.264538,92,3160.783094
101.218806,103,3160.991619
2.123354,73,3161.14037
2.557743,81,3161.303243
103.186529,49,3161.405263
2.472093,69,3161.54438
4.366979,74,3161.692829
4.822495,62,3161.823003
2.12348,70,3161.965652
1.006262,66,3162.099044
1.61005,76,3162.258286
4.308584,68,3162.399068
2.722532,100,3162.606541
101.307978,83,3162.790065
4.353734,68,3174.148916
4.06622,67,3174.283749
2.771238,102,3174.491153
4.007223,68,3174.645562
4.451431,78,3174.80273
104.311809,67,3174.934594
0.770318,77,3175.082984
-1.866166,106,3175.297138
101.109454,37,3175.37111
1.576236,61,3175.492882
0.812926,89,3175.666118
102.121372,53,3175.772763
100.845788,92,3175.964787
4.374278,81,3176.133158
0.061311,87,3176.323945
2.877678,67,3176.452079
3.648841,94,3176.637027
3.654075,66,3176.762941
5.106826,72,3176.900426
1.050811,98,3177.094218
100.782333,74,3177.23609
100.610123,74,3177.384517
3.452298,60,3177.497183
3.030711,70,3177.634909
4.115825,62,3177.757544
-0.206223,85,3177.923849
-0.78833,95,3178.111647
104.070651,61,3189.590822
4.81021,62,3189.72354
1.012503,64,3189.856266
101.02047,84,3190.030895
4.376522,61,3190.15458
2.077387,68,3190.294485
-0.271522,87,3190.471271
1.522654,74,3190.631747
1.491112,85,3190.809751
5.383301,68,3190.949251
101.236236,89,3191.133414
0.57677,93,3191.335338
5.37424,81,3191.500677
2.605767,59,3191.624039
101.340653,68,3191.768702
100.97137,64,3191.89923
0.906256,79,3192.065941
4.602677,64,3192.199249
0.770648,139,3192.481564
5.089257,69,3192.625158
3.557857,68,3192.785511
2.274702,65,3192.919706
3.005273,69,3193.062533
3.645594,60,3193.186167
100.818258,48,3193.283978
1.300351,84,3193.455889
100.188608,43,3193.543541
-0.481529,668,3206.109488
2.468366,94,3206.301589
103.939216,63,3206.428176
1.103337,130,3206.697006
3.1298,68,3206.838269
103.756184,57,3206.954619
2.591045,69,3207.09978
101.097718,92,3207.284896
5.080003,63,3207.413469
2.22059,70,3207.554511
3.064418,80,3207.721608
3.285278,66,3207.86781
2.389011,61,3207.996628
2.828406,81,3208.163229
4.098111,95,3208.359288
1.757967,72,3208.504625
3.207587,67,3208.637713
101.055813,76,3208.796659
2.955027,66,3208.934341
1.749436,75,3209.09149
3.198968,66,3209.227326
3.756316,65,3220.534388
5.293997,88,3220.718689
102.320491,61,3220.84478
2.276712,69,3220.98731
2.228059,66,3221.131649
3.681049,78,3221.294365
4.926541,64,3221.426316
1.691041,84,3221.602545
101.096428,75,3221.756077
1.451318,83,3221.926574
2.043851,78,3222.086513
1.889556,59,3222.203055
101.386984,89,3222.385296
1.169508,73,3222.534259
2.256349,76,3222.689203
2.737107,65,3222.823858
3.573539,95,3223.018236
2.839064,68,3223.163607
4.556047,66,3223.294836
2.750448,98,3223.489642
101.594745,57,3223.604385
4.953454,60,3223.722748
3.488784,74,3223.868861
100.978937,70,3224.007605
1.619986,71,3224.146392
3.401991,61,3224.267929
101.758049,79,3224.439862
0.334811,82,3224.602252
4.995966,65,3235.945417
1.241291,65,3236.084523
2.549601,72,3236.244526
0.751565,112,3236.46467
3.829529,61,3236.584922
1.243449,130,3236.837645
0.679101,80,3237.005015
0.376581,1000,3239.034769
3.508038,89,3239.221549
4.413969,70,3239.369422
2.610384,92,3239.556611
105.613123,70,3239.703229
3.292432,66,3239.835672
4.690412,62,3239.958079
0.607496,1000,3253.387864
2.305161,81,3253.555426
4.706949,66,3253.688419
2.943249,63,3253.815293
101.771612,62,3253.937392
3.038693,87,3254.107391
3.039676,65,3254.23418
2.807515,68,3254.368261
1.385656,86,3254.536966
100.95245,80,3254.694149
2.643438,69,3254.82768
0.649235,276,3255.367162
4.730792,68,3255.501171
104.574361,76,3266.937439
101.519279,66,3267.069611
0.165474,91,3267.251839
3.167761,72,3267.398464
1.460705,72,3267.549261
1.262752,87,3267.741096
4.528227,68,3267.881656
3.35383,69,3268.024436
3.946013,70,3268.168856
0.520713,81,3268.336805
2.825113,68,3268.478296
4.543599,62,3268.607401
0.97822,82,3268.778113
5.713521,66,3268.92381
101.588567,58,3269.050468
3.804969,69,3269.191671
101.473029,86,3269.369438
5.023777,70,3269.515265
3.471808,63,3269.647173
1.056587,80,3269.807585
4.659829,90,3269.988802
3.519739,67,3270.123079
3.354148,68,3270.263026
101.259783,34,3270.336605
0.99376,85,3270.513724
2.953222,79,3270.691701
3.684643,91,3270.882956
102.698685,74,3271.032189
104.863558,74,3282.453963
-1.876179,123,3282.712615
3.229114,61,3282.834803
4.692278,145,3283.139985
-1.849921,138,3283.427637
5.268007,84,3283.600407
5.159735,63,3283.730649
2.01882,70,3283.875666
3.26239,78,3284.040614
1.709999,93,3284.229751
3.412016,82,3284.39698
3.774321,90,3284.583473
100.938787,69,3284.726193
2.659511,68,3284.86219
3.637542,62,3284.982875
100.539845,47,3285.076297
2.306348,71,3285.212881
104.135356,76,3285.358553
3.695359,75,3285.506221
3.771663,71,3285.643269
5.547498,76,3285.791096
2.474182,60,3285.906664
1.016084,71,3286.06485
100.680787,70,3286.202916
-0.213927,95,3286.385809
1.403448,77,3297.819044
101.747316,80,3297.98317
2.685246,84,3298.15142
2.410615,71,3298.294935
5.465108,73,3298.459408
2.876986,80,3298.62638
100.985387,83,3298.799046
4.166655,76,3298.952871
0.861362,1000,3300.943791
2.826156,62,3301.067776
101.169282,69,3301.211694
100.5671,53,3301.314307
3.516975,65,3301.448934
101.859392,75,3301.602093
105.069274,76,3301.759304
1.393547,64,3301.893639
2.796797,69,3313.287152
4.155962,64,3313.419076
5.259555,85,3313.591327
-0.390882,179,3313.961464
104.251823,55,3314.07005
1.300482,78,3314.230258
1.750962,62,3314.354261
101.234451,84,3314.523069
104.438555,72,3314.682692
5.241316,65,3314.811466
4.037726,72,3314.956943
3.890511,65,3315.090339
3.528825,88,3315.269435
4.704194,72,3315.421788
101.782432,49,3315.523416
4.950845,63,3315.656052
3.085719,67,3315.791252
3.154248,66,3315.928709
4.562788,80,3316.093395
5.616893,63,3316.22255
101.664788,92,3316.408529
2.414995,71,3316.552827
100.082619,26,3316.607143
3.545008,61,3316.732987
102.58192,64,3316.864296
3.390295,74,3317.014543
5.330618,65,3317.147628
101.07146,73,3317.306531
3.124336,60,3328.665051
5.616899,63,3328.807198
103.767485,63,3328.937354
1.272805,67,3329.074271
3.781264,64,3329.208455
101.344797,84,3329.38394
103.772173,75,3329.534646
2.803496,70,3329.674968
2.627642,71,3329.823632
3.12418,62,3329.94966
-1.609961,98,3330.153582
100.534487,47,3330.252995
3.225337,66,3330.387816
0.62806,82,3330.569269
4.349955,98,3330.769962
2.681535,79,3330.935897
1.769408,74,3331.089821
101.723978,70,3331.230769
2.258177,70,3331.375403
0.768055,72,3331.525316
103.055058,65,3331.658628
104.008779,54,3331.770586
2.355062,68,3331.912449
0.983617,102,3332.119974
1.513042,69,3332.283698
5.679085,64,3332.413774
-0.820607,107,3332.634413
2.534425,69,3332.779274
1.439864,71,3344.22233
100.079025,11,3344.243595
101.049627,76,3344.392469
103.224624,64,3344.51813
5.437494,64,3344.641975
4.684558,63,3344.785777
4.6929,61,3344.904599
1.3001,101,3345.111425
4.262566,69,3345.24999
4.627892,60,3345.371675
102.015644,70,3345.513572
2.294166,80,3345.679201
4.766131,66,3345.818184
2.656397,78,3345.977905
1.545992,65,3346.112709
100.693356,235,3346.603469
0.270235,78,3346.761271
3.63233,76,3346.922598
3.134347,71,3347.066815
3.07509,62,3347.195815
1.427843,73,3347.349254
101.185934,66,3347.489465
3.829013,67,3347.629262
2.482254,60,3347.756335
2.179262,72,3347.904734
103.676285,63,3348.03696
101.33246,48,3348.135156
0.317696,136,3359.637687
101.012374,60,3359.770271
100.772998,85,3359.940782
101.012522,61,3360.06585
102.989625,77,3360.22513
1.332865,85,3360.400689
2.611026,80,3360.563556
1.101805,261,3361.095412
102.043209,62,3361.224259
1.635211,91,3361.411917
0.658398,94,3361.60396
101.241158,171,3361.952616
4.384999,97,3362.149354
101.417878,79,3362.310597
1.661033,62,3362.438737
4.241299,65,3362.570236
101.830854,65,3362.698534
103.596029,75,3362.855554
4.749158,80,3363.020121
101.054149,82,3363.18644
3.751378,79,3363.349827
101.087629,69,3363.492747
2.720711,69,3363.635214
4.316166,67,3363.776212
102.996464,59,3375.163773
5.565596,63,3375.292893
3.202771,70,3375.43694
4.628334,86,3375.627093
100.994615,67,3375.771231
2.145095,73,3375.917645
4.080451,87,3376.102678
100.079601,59,3376.220196
0.731166,68,3376.361886
101.828596,70,3376.50702
3.771803,68,3376.645683
1.524184,80,3376.813665
1.37955,78,3376.974015
3.458348,65,3377.10616
3.828658,77,3377.276463
102.393064,58,3377.393647
3.307478,62,3377.519989
0.586447,77,3377.676305
1.914646,71,3377.81962
3.995369,61,3377.944188
4.270926,70,3378.086706
2.585554,64,3378.215268
3.534389,70,3378.360523
0.757033,1000,3391.647509
4.390242,91,3391.837128
1.204484,75,3391.993052
2.276352,81,3392.157929
105.973174,73,3392.308284
0.892239,90,3392.493571
4.398217,61,3392.621519
101.395506,77,3392.78134
5.29225,65,3392.913499
100.80754,76,3393.06567
3.811506,94,3393.269526
3.910329,72,3393.421685
2.787232,68,3393.558711
2.638737,70,3393.703866
101.055095,124,3393.958142
100.889348,90,3394.139617
104.831027,71,3394.28837
1.103595,72,3394.435148
2.042326,70,3394.580775
1.214525,90,3405.952176
2.23904,76,3406.107024
101.987695,54,3406.234408
3.82714,61,3406.360579
1.87828,103,3406.569667
101.710762,92,3406.755772
1.296639,78,3406.917557
1.199907,107,3407.147757
3.141991,70,3407.293585
3.897155,69,3407.434567
101.036447,54,3407.545453
3.572263,86,3407.71744
103.778207,54,3407.827385
101.702589,107,3408.052657
101.440905,48,3408.168634
0.791608,116,3408.404864
102.625696,78,3408.562297
2.25132,69,3408.702335
0.442882,81,3408.86633
5.048746,89,3409.04872
3.47846,64,3409.180417
2.36768,81,3409.34631
1.195661,80,3409.508488
2.656379,74,3409.660259
2.922994,76,3409.822403
4.053111,62,3409.952492
3.193887,62,3410.081531
4.127242,69,3421.357487
101.858033,61,3421.47768
0.374494,95,3421.663329
102.039364,70,3421.797168
3.626016,92,3421.990512
4.225939,61,3422.11927
3.478263,69,3422.2598
-0.02399,165,3422.600903
1.981978,80,3422.768113
3.657069,66,3422.904782
1.33214,88,3423.091434
4.468774,72,3423.241092
104.800973,60,3423.363016
2.494659,70,3423.506011
3.637469,59,3423.624406
1.699971,58,3423.743262
104.189703,56,3423.856506
102.266373,64,3423.98768
2.45282,108,3424.207093
2.719729,70,3424.350123
101.77078,54,3424.458304
1.578192,67,3424.594589
3.00284,66,3424.730983
4.419541,67,3424.865979
4.321312,93,3425.059778
4.572837,65,3425.192983
4.30276,76,3425.344839
101.626411,62,3425.477206
3.622329,70,3436.878168
-0.345951,85,3437.052645
3.964166,71,3437.210983
3.478192,83,3437.37677
1.655676,76,3437.534858
0.841765,86,3437.711908
5.295473,63,3437.84189
103.030172,53,3437.954476
3.569459,81,3438.115511
1.851348,76,3438.263646
2.15204,71,3438.403427
101.615387,60,3438.526564
101.558719,98,3438.721081
105.038863,72,3438.860537
4.044221,63,3438.983364
2.790147,68,3439.116166
5.282445,62,3439.240352
102.800228,61,3439.359771
3.659483,66,3439.49396
-1.684313,109,3439.709695
2.616513,83,3439.868893
-1.756796,101,3440.065346
102.948873,59,3440.184254
101.571209,52,3440.286613
3.808811,79,3440.442194
102.431596,66,3440.573738
101.010572,71,3440.712894
2.048148,62,3440.833769
103.982619,79,3452.227303
1.946345,59,3452.337194
4.45479,70,3452.479453
105.28606,73,3452.627453
4.3184,90,3452.808435
-0.632876,98,3453.006855
101.226252,82,3453.17425
2.143967,81,3453.336768
102.536367,72,3453.481521
101.505962,53,3453.587847
3.024403,77,3453.745798
4.363222,86,3453.920169
104.540985,74,3454.072794
2.065481,73,3454.234437
4.904394,61,3454.361227
2.497665,60,3454.482583
4.635668,66,3454.619718
101.18164,54,3454.730308
102.817026,61,3454.858194
1.496227,80,3455.023063
4.001361,62,3455.142576
2.874776,67,3455.277247
101.466447,91,3455.45733
1.895715,65,3455.583856
2.030064,70,3455.718564
0.98721,89,3455.927044
3.30857,63,3456.060991
2.599875,69,3456.205646
0.143388,99,3467.554094
0.85482,1000,3469.572822
4.114357,67,3469.705699
101.779509,89,3469.87961
1.43524,79,3470.035939
3.513986,66,3470.171823
2.20797,77,3470.321203
0.412219,642,3482.857799
101.21543,81,3483.011509
1.766392,71,3483.155944
2.196308,80,3483.328995
101.06809,47,3483.423136
1.534058,82,3483.584124
1.960945,77,3483.735758
0.672969,74,3483.890198
101.366389,37,3483.965957
1.506378,79,3484.122129
0.11277,76,3484.275823
2.717264,112,3484.493939
2.820324,66,3484.628338
2.750199,96,3484.829867
101.088314,70,3484.985871
4.714535,81,3485.153155
4.370256,67,3485.290079
3.136304,66,3485.427441
100.88793,93,3485.616129
2.078908,71,3485.75934
1.181632,83,3485.922513
3.715897,70,3486.056879
102.473787,67,3486.195717
100.967716,87,3486.376109
1.230376,97,3486.585318
0.451986,70,3486.730055
101.920553,59,3486.84997
103.742304,55,3486.966411
3.040552,72,3498.346778
102.418961,46,3498.437007
100.780932,63,3498.560169
0.476545,71,3498.705337
2.684284,82,3498.890061
100.709639,80,3499.049191
2.129679,77,3499.199561
5.347042,102,3499.399968
102.043858,64,3499.522365
100.592729,38,3499.599888
0.790043,305,3500.211969
100.83317,29,3500.270069
3.008173,67,3500.408712
2.581698,63,3500.539995
102.247137,64,3500.688799
102.943923,73,3500.838924
102.686581,69,3500.980546
2.802159,72,3501.126323
2.069571,69,3501.268708
2.948578,68,3501.409769
1.568445,74,3501.562735
1.39511,77,3501.718558
100.701462,97,3501.915847
-0.023926,1000,3515.225379
104.454476,65,3515.367843
2.371794,73,3515.519689
103.529794,58,3515.636805
0.419201,74,3515.790453
4.839474,62,3515.91872
1.241142,103,3516.137893
3.203506,71,3516.285192
0.336324,76,3516.443026
102.179639,73,3516.59099
5.20333,64,3516.722046
3.585037,70,3516.867813
106.113793,66,3516.998601
101.444339,104,3517.215114
3.508781,74,3517.363186
1.178263,86,3517.541747
0.54647,81,3517.707716
2.142698,65,3517.845705
0.202998,91,3529.404213
-0.51585,98,3529.608241
2.773736,75,3529.762707
2.548069,78,3529.927407
0.994193,80,3530.091193
104.415968,58,3530.209877
4.608983,74,3530.372307
102.413659,66,3530.505237
4.207519,73,3530.654829
4.591488,67,3530.792194
3.779465,61,3530.931271
103.117773,73,3531.083346
4.53082,73,3531.231934
101.771574,50,3531.332871
101.33143,79,3531.498276
103.711517,76,3531.658211
2.793006,68,3531.796449
2.738037,69,3531.939422
101.094684,91,3532.129271
3.418326,193,3532.528428
105.363886,71,3532.675345
3.771803,67,3532.813333
100.862779,57,3532.930175
0.703649,87,3533.111044
2.333599,72,3533.256289
0.356819,91,3533.45559
4.93634,66,3544.841183
4.123011,69,3544.981081
0.562984,1000,3546.980462
103.106358,68,3547.115976
101.210113,89,3547.294006
1.414957,101,3547.497847
100.870707,49,3547.590106
3.926758,68,3547.728101
0.631343,81,3547.885953
1.662468,88,3548.059016
3.919791,64,3548.188086
3.643567,72,3548.328304
102.89504,60,3548.459406
2.800264,71,3548.596056
4.776211,69,3548.736107
2.005854,70,3560.084519
4.06257,88,3560.266128
-0.631102,85,3560.438559
4.465684,61,3560.565013
100.984076,84,3560.748459
5.324255,82,3560.918519
100.339555,62,3561.045689
101.803266,42,3561.132041
5.90285,62,3561.26082
101.602888,56,3561.377649
3.769092,64,3561.509188
-0.03957,126,3561.766809
102.300598,84,3561.926323
3.811987,65,3562.056283
100.616631,51,3562.155886
101.083948,79,3562.312788
103.222102,58,3562.427597
0.009341,89,3562.607121
101.199348,48,3562.701641
100.9412,114,3562.928848
2.505279,60,3563.046486
3.787813,61,3563.167087
2.09223,71,3563.30893
1.93255,71,3563.448666
4.377163,85,3563.616895
100.946838,64,3563.740873
2.846626,82,3563.903943
104.518809,61,3564.025241
0.90135,73,3564.167925
101.267253,55,3575.466912
101.666737,108,3575.676713
103.085278,67,3575.811856
101.712435,67,3575.946755
101.260994,79,3576.107672
103.465797,63,3576.229839
2.867932,86,3576.399563
4.911744,80,3576.577673
3.976849,69,3576.718584
2.886705,62,3576.840964
2.975242,81,3576.995259
3.359682,59,3577.111184
4.231882,99,3577.308657
1.482689,60,3577.421692
4.695188,62,3577.543598
5.357456,68,3577.676398
0.852027,79,3577.831779
3.64863,69,3577.969351
4.889482,83,3578.134275
2.763881,84,3578.297918
0.55395,88,3578.472451
-2.206687,118,3578.70931
3.294053,61,3578.82809
101.309506,86,3579.00144
5.555785,62,3579.123719
2.300654,72,3579.257739
4.88484,87,3579.429324
3.016005,93,3590.839805
102.511842,67,3590.988272
1.466481,138,3591.261989
0.503345,105,3591.466671
0.53761,85,3591.631946
100.657154,58,3591.74671
102.275017,77,3591.900371
5.572019,69,3592.038561
100.473854,73,3592.181491
4.611815,89,3592.359511
3.001096,58,3592.478968
102.265316,53,3592.589644
0.271074,81,3592.755162
3.750903,70,3592.913965
103.920972,57,3593.035379
100.317286,55,3593.149413
2.930633,87,3593.335271
4.787786,87,3593.515161
3.376397,96,3593.714764
101.398097,87,3593.889202
5.603305,62,3594.010222
3.361739,90,3594.187963
103.865426,73,3594.350549
4.134943,69,3594.488895
102.833481,60,3594.608717
2.118948,65,3594.737788
0.960339,92,3606.191546
5.921126,74,3606.338336
2.85525,63,3606.467173
101.068933,85,3606.633038
3.34151,65,3606.776026
2.273969,68,3606.912979
100.475404,65,3607.041955
4.959827,62,3607.163615
101.093771,90,3607.344692
3.927047,62,3607.464354
1.693796,81,3607.62566
100.664947,75,3607.772393
6.242867,78,3607.924205
1.745824,74,3608.071553
3.962745,62,3608.198797
104.115626,73,3608.357444
1.866043,71,3608.495562
101.480114,88,3608.667199
5.650986,65,3608.792936
3.392035,148,3609.079375
100.728834,80,3609.237871
4.603173,62,3609.359576
103.897821,57,3609.473087
102.270066,66,3609.598948
4.244922,74,3609.745959
104.746455,57,3609.85526
4.246903,63,3609.984552
3.429194,66,3610.143236
2.411483,73,3621.545522
1.322327,76,3621.702254
2.57174,85,3621.878039
0.055727,111,3622.120233
101.197264,83,3622.291313
101.64583,52,3622.401254
4.168513,65,3622.536842
5.638479,64,3622.685832
0.615713,79,3622.840857
1.779303,69,3622.981891
1.414467,72,3623.127894
2.623512,66,3623.257478
0.91877,67,3623.386815
103.924301,63,3623.508441
1.230689,78,3623.667846
3.08125,70,3623.811029
1.170941,63,3623.943032
3.880188,64,3624.074822
0.041226,111,3624.300313
0.186354,89,3624.48475
4.762454,88,3624.669806
101.794378,95,3624.862476
101.121885,70,3625.001413
1.518055,102,3625.20266
2.243764,72,3625.347215
101.303505,78,3625.504331
101.12257,86,3636.833353
2.720911,66,3636.964099
0.435146,79,3637.119764
3.049586,61,3637.242982
3.437265,63,3637.379623
5.536659,79,3637.533898
2.874686,61,3637.650934
4.952116,70,3637.788891
1.691156,70,3637.930554
3.308652,74,3638.071829
1.733513,70,3638.207497
100.771156,94,3638.391852
3.447486,66,3638.51826
101.475462,92,3638.701394
0.662324,103,3638.918791
1.110332,66,3639.044806
4.772147,87,3639.21601
1.3168,85,3639.381732
3.920259,62,3639.503639
1.766826,70,3639.636357
4.534513,67,3639.765138
1.758013,66,3639.895409
3.128428,60,3640.01283
100.939353,69,3640.147743
4.946141,63,3640.273047
-2.17284,102,3640.480503
3.935652,68,3640.614961
1.89801,74,3640.759295
-0.960821,108,3652.134796
0.981653,81,3652.305711
2.414981,72,3652.447757
-0.207827,362,3653.172895
5.268636,80,3653.331122
5.791683,64,3653.458591
1.815706,83,3653.622757
2.920115,75,3653.767925
100.904782,76,3653.916571
3.049243,68,3654.049681
1.190363,83,3654.22657
4.413793,79,3654.38097
3.821018,78,3654.53623
101.869404,40,3654.615167
3.901258,82,3654.779536
3.165809,64,3654.906937
1.033153,84,3655.06905
105.114295,82,3655.228277
3.929808,61,3655.346487
3.034523,73,3655.487902
3.044464,68,3655.616303
2.841785,70,3655.755834
101.363645,44,3655.839994
1.553352,68,3655.970095
102.291312,47,3656.06359
2.630533,65,3667.327183
-1.315384,112,3667.554522
2.054363,75,3667.706863
3.708516,60,3667.84685
-0.104796,84,3668.019425
0.994735,239,3668.515814
3.091973,72,3668.664266
1.762111,59,3668.787157
103.610215,54,3668.895853
1.974466,70,3669.034558
102.440901,73,3669.178024
0.76012,65,3669.307947
2.987116,97,3669.511201
5.165952,86,3669.687557
1.738646,64,3669.817091
103.307855,73,3669.965705
0.976712,82,3670.134684
4.332736,78,3670.298527
101.233391,65,3670.429754
-2.209302,109,3670.652355
102.045515,95,3670.84681
101.849153,75,3670.996124
4.174509,69,3671.130921
1.36297,62,3671.251706
103.720018,73,3682.602252
101.90813,53,3682.711386
5.217765,138,3683.010856
104.213158,80,3683.175446
0.665542,81,3683.346135
4.765869,82,3683.514592
1.0298,93,3683.705721
1.365365,87,3683.884901
3.099257,68,3684.028538
4.100646,69,3684.168777
2.665933,71,3684.313843
3.916238,71,3684.461129
100.744666,71,3684.60533
4.046318,71,3684.750559
102.551383,73,3684.895279
4.395969,65,3685.025833
3.031665,65,3685.156668
3.991514,87,3685.331622
1.859557,72,3685.477365
101.236922,57,3685.58956
-0.604015,93,3685.791239
0.009178,84,3685.963741
101.586697,99,3686.171265
2.835512,68,3686.314311
2.942382,67,3686.453838
101.345826,128,3686.720257
3.302728,65,3698.177759
4.626836,67,3698.311682
101.412982,36,3698.387479
101.174292,42,3698.474758
4.16388,66,3698.614646
1.746371,78,3698.783115
4.41289,96,3698.974201
102.076502,53,3699.08508
1.608763,113,3699.320297
-2.340193,108,3699.543601
100.192989,69,3699.676615
100.875515,76,3699.838938
4.244657,61,3699.956848
1.132763,62,3700.077538
101.348852,71,3700.218905
3.052443,70,3700.353909
3.586535,106,3700.56277
5.561432,63,3700.689517
2.297033,78,3700.842037
4.533136,91,3701.02291
1.874052,70,3701.161728
4.577962,65,3701.297224
3.802717,63,3701.425584
-0.250793,94,3701.618716
1.172058,75,3701.77626
5.85146,63,3701.917408
102.704241,58,3702.03505
3.249278,66,3702.16961
1.33337,87,3713.54306
0.571971,110,3713.769514
4.343218,63,3713.894196
104.826588,60,3714.014028
104.635729,74,3714.17257
0.780834,72,3714.323496
1.252478,69,3714.469656
0.719951,87,3714.650164
3.630641,81,3714.820513
3.043709,62,3714.953993
101.149891,54,3715.061219
101.461454,52,3715.172215
2.575461,59,3715.297612
4.753706,68,3715.443599
101.414766,91,3715.638566
4.97896,91,3715.825896
5.043311,60,3715.962744
4.513896,70,3716.107738
3.141794,221,3716.566482
-0.269165,99,3716.772241
1.629317,72,3716.912194
3.723013,72,3717.051847
100.834079,61,3717.173712
5.984361,73,3717.320411
105.209758,65,3717.448324
4.206448,63,3717.57105
1.493851,87,3728.928493
0.03761,1000,3731.018353
1.776876,90,3731.195165
2.855243,59,3731.312095
101.211001,78,3731.465201
4.229783,81,3731.624037
3.285802,67,3731.757876
103.969776,55,3731.87262
4.761339,60,3731.996758
-1.396455,110,3732.210109
5.470732,70,3732.349624
5.780188,66,3732.48081
101.435239,64,3732.606933
101.980296,58,3732.720628
2.404781,81,3732.877967
4.430209,67,3733.00811
100.913511,90,3744.426562
1.980851,59,3744.553373
102.329878,66,3744.689355
101.418191,87,3744.870825
0.023849,101,3745.084719
101.102564,49,3745.184457
3.975974,60,3745.30938
3.563059,67,3745.447342
0.905388,110,3745.676051
103.86068,60,3745.801266
4.461976,73,3745.941864
101.47064,97,3746.128873
-1.939367,893,3747.948207
4.362307,67,3748.085257
102.120915,72,3748.232055
2.80541,83,3748.404443
2.263103,73,3759.832965
2.442649,66,3759.963382
101.248957,43,3760.050308
4.660827,80,3760.224848
3.621294,88,3760.393582
-1.697134,950,3762.293114
100.7967,88,3762.472242
6.096913,67,3762.621167
2.303029,77,3762.779844
1.357156,87,3762.9521
4.30084,71,3763.092241
100.426008,71,3763.234254
2.06339,69,3763.367311
1.582651,70,3763.512442
101.116892,49,3763.615897
2.079708,73,3763.767163
104.658817,68,3763.905854
-0.027051,75,3775.31458
4.805311,71,3775.456813
-0.240928,78,3775.613616
-1.122267,663,3776.936288
3.493208,75,3777.083732
101.018367,79,3777.238385
1.122292,72,3777.379364
4.415458,62,3777.501884
101.98215,70,3777.642303
3.495305,60,3777.759549
4.449706,80,3777.916898
3.945389,94,3778.101256
1.615305,61,3778.22101
102.672342,65,3778.355664
100.503066,51,3778.456368
-0.083582,177,3778.818574
1.088421,90,3778.996775
104.461763,58,3779.109783
2.602281,68,3779.241612
5.286932,88,3790.753394
4.59588,63,3790.876591
101.876358,130,3791.154221
2.475016,61,3791.278578
102.839377,71,3791.41811
0.561884,79,3791.572382
4.302872,64,3791.706601
101.331781,41,3791.787753
3.854412,74,3791.934977
105.613297,69,3792.06941
5.013561,64,3792.190977
2.844844,74,3792.337298
1.18916,136,3792.600542
101.381585,78,3792.752005
3.842418,73,3792.894383
3.536741,84,3793.061551
3.330209,69,3793.196443
0.790183,112,3793.415837
101.193236,74,3793.561031
3.699998,71,3793.707205
104.005481,62,3793.830158
105.143443,71,3793.971755
3.556797,69,3794.105189
101.154059,71,3794.244047
103.489813,63,3794.365553
2.986185,75,3794.513942
0.342943,80,3805.895157
1.552289,74,3806.05527
1.832176,80,3806.206757
3.90163,87,3806.372813
3.599461,84,3806.535198
100.437994,152,3806.830834
102.844809,48,3806.92348
-0.046803,181,3807.272593
2.136648,70,3807.40612
4.99865,67,3807.534364
103.430896,56,3807.642852
4.057677,61,3807.759603
2.989391,84,3807.927564
2.891043,68,3808.060758
105.825666,72,3808.202327
2.481815,67,3808.331386
1.643743,69,3808.463544
6.051605,67,3808.608147
101.611509,78,3808.758242
103.808754,59,3808.876289
100.633403,79,3809.036326
102.213925,71,3809.182439
0.217942,111,3809.413806
2.044279,63,3809.539414
1.985602,72,3809.681317
100.753109,46,3809.77448
2.010819,67,3809.904922
1.544259,78,3821.330303
2.515648,64,3821.45428
4.67776,68,3821.5895
102.337658,65,3821.715692
4.089888,61,3821.833346
5.285906,64,3821.958648
3.046247,72,3822.099011
3.554089,94,3822.278992
2.394281,82,3822.453583
2.810198,61,3822.576692
1.912107,96,3822.763039
0.600214,1000,3824.721698
-0.16095,94,3824.907909
0.165554,94,3825.093053
3.876689,72,3836.426736
102.837607,63,3836.548676
2.547759,75,3836.697787
104.908312,80,3836.86941
104.309194,62,3836.991382
0.751509,72,3837.133298
2.166316,70,3837.27042
-0.297073,81,3837.432211
101.963707,68,3837.566976
4.77831,61,3837.687958
4.149725,68,3837.826382
2.821726,78,3837.985414
5.98445,70,3838.12503
3.51383,80,3838.283929
101.448456,93,3838.471364
104.570232,60,3838.590805
4.836409,72,3838.732372
104.104229,58,3838.845856
4.54539,72,3838.989976
4.551844,63,3839.112195
101.521995,88,3839.284004
101.671201,91,3839.478738
0.992218,69,3839.614662
103.484934,74,3839.760285
0.641952,97,3839.948201
2.250397,88,3840.123427
0.082476,94,3840.309816
0.642018,92,3840.490154
3.806374,76,3851.821862
4.846264,69,3851.969417
101.389897,79,3852.125442
4.831144,66,3852.256206
3.051091,66,3852.385486
101.6241,80,3852.544562
3.286759,81,3852.704959
3.685092,68,3852.845452
2.325329,78,3853.003137
104.454879,60,3853.124337
3.896111,65,3853.254001
0.005829,100,3853.457839
102.627862,50,3853.559942
102.210522,50,3853.65573
3.635703,60,3853.774189
101.25463,94,3853.962113
100.645229,47,3854.054119
2.094231,68,3854.188643
1.713858,70,3854.337156
-0.271281,93,3854.52048
2.974056,125,3854.770722
3.751283,77,3854.926247
102.741027,61,3855.062063
101.495177,81,3855.219491
-0.015112,97,3855.419297
3.945614,61,3855.544618
103.933048,54,3855.652401
1.472093,88,3867.211563
2.975819,66,3867.362577
2.279293,64,3867.487907
100.987467,88,3867.657959
4.136872,100,3867.854758
2.572257,75,3868.009149
1.849563,93,3868.193756
4.11246,61,3868.31651
101.287565,54,3868.420643
1.324255,70,3868.557775
1.354851,84,3868.7221
3.405031,59,3868.841375
1.777949,84,3869.008477
4.536673,76,3869.158731
4.035496,104,3869.364442
101.686857,99,3869.563126
102.484561,63,3869.687187
4.490898,64,3869.814953
0.196506,97,3870.005307
1.638563,69,3870.141472
0.299331,82,3870.305717
3.785986,67,3870.439327
3.679729,72,3870.58456
2.969546,84,3870.746021
101.737883,102,3870.948253
5.155002,80,3871.103916
103.820311,74,3871.248062
1.356131,76,3882.679667
100.944869,93,3882.864923
2.245387,71,3883.0184
1.654934,69,3883.154432
101.429177,68,3883.285319
105.142703,67,3883.418316
2.696193,72,3883.5603
1.233353,78,3883.711767
101.307586,79,3883.868737
0.105877,110,3884.083839
101.321219,90,3884.262154
105.315461,67,3884.397103
101.445146,76,3884.546726
101.146536,82,3884.711996
4.66727,65,3884.83612
5.477928,65,3884.963745
0.058279,83,3885.123274
102.834265,69,3885.257657
3.673516,65,3885.38388
0.350506,120,3885.615762
3.763675,73,3885.758182
1.51641,106,3885.963195
5.520832,61,3886.077484
101.592055,94,3886.268224
2.846438,71,3886.409576
1.71674,78,3886.565413
101.36245,66,3897.974967
2.172746,70,3898.121266
3.298344,84,3898.294249
0.017279,91,3898.481325
1.842206,83,3898.65045
100.968232,77,3898.804051
4.809616,121,3899.054539
102.893664,54,3899.166988
100.681395,87,3899.347867
1.159384,76,3899.50852
101.019638,64,3899.642311
1.07022,72,3899.800999
4.819627,68,3899.935904
3.279128,72,3900.074033
3.458404,59,3900.190345
-1.689745,108,3900.398069
-0.199479,110,3900.613832
1.588332,95,3900.800263
3.138926,73,3900.948009
4.165294,75,3901.096073
2.67043,71,3901.240229
3.43338,81,3901.397086
2.100281,76,3901.569923
101.730301,103,3901.768143
101.01767,80,3901.930942
2.36461,119,3913.427624
102.784298,65,3913.56037
0.873226,85,3913.732544
3.169096,95,3913.936661
0.598516,70,3914.075564
101.51707,55,3914.181584
101.631926,76,3914.331641
2.790019,81,3914.48908
3.553295,70,3914.629044
2.514774,69,3914.764838
3.046455,98,3914.959049
4.085762,60,3915.077822
100.952267,84,3915.24497
2.78151,68,3915.381912
103.13753,68,3915.514679
101.039082,99,3915.713507
102.198287,78,3915.868222
6.126249,64,3916.010985
1.972045,74,3916.159867
2.593381,67,3916.299674
104.732516,60,3916.421909
103.035512,70,3916.567869
4.150014,90,3916.751921
4.451285,67,3916.890337
0.53133,84,3917.062297
3.040146,72,3917.211527
1.094194,75,3917.367461
0.114307,96,3928.740245
2.013615,75,3928.893871
2.216833,84,3929.083457
103.640903,62,3929.209474
100.980373,130,3929.482586
-0.037246,101,3929.690341
2.955778,70,3929.832545
-0.711125,224,3930.279206
101.604341,70,3930.417042
4.593307,81,3930.574597
3.329033,67,3930.706332
101.573679,78,3930.857888
-0.224965,94,3931.038822
100.99953,68,3931.17086
2.590977,59,3931.290242
3.807046,67,3931.423553
0.955347,74,3931.568073
101.313341,86,3931.736633
1.517076,77,3931.891646
104.065708,63,3932.023845
1.439621,64,3932.152392
1.51141,74,3932.318224
5.678322,65,3932.451787
105.849416,67,3932.590684
100.642335,61,3932.715365
105.278293,67,3944.183301
5.343394,79,3944.348599
102.095935,62,3944.478318
3.580625,81,3944.647313
1.088043,84,3944.830716
4.020313,61,3944.950393
2.342496,78,3945.106058
2.691753,82,3945.267936
5.14064,72,3945.409424
3.583327,68,3945.544541
4.061068,66,3945.674581
101.996943,68,3945.807732
1.712911,71,3945.94795
100.489352,57,3946.059924
1.360029,105,3946.266688
103.072886,61,3946.389897
2.920339,69,3946.526266
-2.564515,276,3947.079469
0.764417,86,3947.247581
0.717019,69,3947.384047
4.539387,69,3947.520133
103.566811,59,3947.637049
100.673743,46,3947.728649
2.162876,69,3947.861736
3.296013,74,3948.004784
100.999525,71,3948.145113
2.469514,67,3959.443036
3.509304,64,3959.569058
100.650716,74,3959.715612
1.659135,70,3959.870656
4.314865,67,3960.003534
0.912595,76,3960.149185
0.219211,1000,3962.124974
1.605126,79,3962.281354
4.893688,67,3962.415447
5.260544,89,3962.5898
103.256289,57,3962.70361
5.376145,61,3962.822733
101.635708,83,3962.98308
4.383335,67,3963.112706
0.488709,81,3963.273592
101.149292,57,3974.606819
2.7592,84,3974.773702
100.699742,80,3974.929645
4.606613,65,3975.058903
3.143995,60,3975.178392
4.191797,74,3975.336158
1.920844,71,3975.489068
101.737603,73,3975.632354
1.566058,61,3975.75561
0.92286,90,3975.934988
2.345733,86,3976.102143
4.408777,67,3976.235826
102.329253,45,3976.326235
3.715348,70,3976.468258
3.914788,68,3976.596668
0.834704,1000,3978.595014
5.472351,65,3989.905799
5.065082,77,3990.064578
102.977298,62,3990.193647
5.05741,77,3990.35165
3.959907,64,3990.506242
5.657729,82,3990.679903
101.360611,78,3990.840173
-1.999214,126,3991.106459
1.421873,72,3991.256155
4.944413,63,3991.386946
5.069344,62,3991.519469
0.314784,74,3991.672329
0.552248,84,3991.845077
101.680935,75,3991.999754
100.999383,96,3992.197522
5.592385,65,3992.333498
104.005331,55,3992.450486
3.823432,69,3992.59884
0.243481,1000,4005.882244
0.441716,71,4006.028308
3.877426,140,4006.308095
3.865811,76,4006.460153
1.159103,68,4006.594611
1.665659,73,4006.738049
4.006951,65,4006.867091
101.267031,80,4007.028187
1.390241,84,4007.196984
102.115729,58,4007.311923
103.145983,56,4007.435035
3.020654,91,4007.612023
101.279181,58,4007.725754
102.012644,76,4007.873268
103.607824,70,4008.013471
102.354013,81,4008.172281
102.662657,56,4008.281959
5.528348,84,4008.465047
2.759767,91,4008.639894
1.685464,75,4008.786574
2.513903,68,4008.918752
3.768583,81,4009.081934
2.528075,65,4009.211969
4.987159,71,4009.35077
3.246454,66,4020.815307
0.746867,78,4020.97997
2.062799,69,4021.12398
3.183893,66,4021.25946
2.08224,94,4021.451128
1.46253,127,4021.714131
102.674304,63,4021.844466
5.263907,83,4022.000433
100.628271,69,4022.140203
102.117683,55,4022.250706
2.751394,70,4022.389524
2.074878,78,4022.547518
3.843641,74,4022.699665
3.635468,63,4022.823298
3.758421,71,4022.963787
4.677593,68,4023.098076
4.509748,87,4023.272564
105.179038,66,4023.407703
1.810455,71,4023.547719
5.242945,67,4023.680025
2.057996,70,4023.81717
101.310569,75,4023.979317
103.005267,48,4024.073009
100.822806,69,4024.214271
2.594581,69,4024.358154
0.517542,71,4024.507118
3.879636,87,4024.692909
0.880552,77,4024.853383
4.891582,82,4036.305434
5.861199,63,4036.428107
3.536937,66,4036.558867
0.431723,69,4036.694461
4.320081,64,4036.817648
0.258449,88,4036.993396
101.078973,37,4037.070347
1.337644,92,4037.256636
3.096604,61,4037.386577
5.688622,62,4037.514479
0.223428,89,4037.691238
2.628982,59,4037.811237
3.198045,67,4037.965598
1.643338,94,4038.153929
105.196803,65,4038.280515
4.404379,67,4038.420738
1.058035,66,4038.557364
0.592852,149,4038.86095
105.715738,67,4038.993348
0.849308,115,4039.215543
1.904148,71,4039.3544
100.170687,64,4039.47925
3.490367,61,4039.600076
101.85312,62,4039.720896
3.672882,66,4039.847193
2.635059,75,4040.012642
5.016996,64,4040.135498
2.635881,66,4040.265103
3.823877,76,4051.660797
4.885858,62,4051.780691
101.128046,87,4051.953016
0.854595,88,4052.126576
4.364397,65,4052.264394
2.430266,69,4052.400924
2.900102,62,4052.532555
4.858348,69,4052.674817
3.742604,66,4052.812218
2.748765,66,4052.947326
4.729022,98,4053.144887
103.80953,69,4053.293134
100.772958,33,4053.359388
0.219771,117,4053.593688
0.057377,1000,4055.603837
2.04661,119,4067.048003
2.827186,62,4067.200313
3.486012,61,4067.330269
4.081778,98,4067.532976
3.774128,94,4067.737395
103.143319,61,4067.861471
103.644126,75,4068.012757
4.557122,71,4068.162329
103.360113,61,4068.287068
3.855394,61,4068.429177
102.688637,51,4068.533737
3.95871,72,4068.687503
1.751684,87,4068.861289
5.106783,79,4069.015756
6.029937,79,4069.172514
4.002546,64,4069.300106
-0.521783,91,4069.483563
2.750301,78,4069.637829
3.606268,75,4069.784575
100.772748,96,4069.973408
2.493707,70,4070.112072
104.698056,58,4070.236495
1.220461,77,4070.385571
1.211487,69,4070.517845
103.022615,68,4070.653332
0.551463,87,4070.825007
101.941317,61,4070.948672
0.881229,79,4071.116483
0.346004,77,4082.654754
3.991958,72,4082.806246
4.878044,65,4082.937709
0.155905,1000,4085.006189
1.851763,76,4085.158817
3.203699,91,4085.336035
2.734918,68,4085.472763
0.894396,1000,4098.769951
2.853652,59,4098.891256
5.451772,63,4099.023858
0.293377,72,4099.171747
4.453386,75,4099.329264
2.375454,62,4099.454867
2.998018,76,4099.624882
2.475058,65,4099.762388
1.299306,59,4099.88597
2.599987,59,4100.00912
-1.26509,132,4100.277495
101.556291,74,4100.427645
104.417005,61,4100.551807
103.142708,70,4100.698206
3.86383,71,4100.841101
2.760344,62,4100.963469
4.323123,65,4101.092504
2.783021,75,4101.239787
4.140912,76,4101.387053
101.07608,57,4101.502574
103.119438,52,4101.608939
100.827551,88,4101.785513
1.87369,72,4101.926801
101.034758,61,4102.046883
102.014537,146,4113.546147
102.488825,69,4113.685855
104.527947,66,4113.836318
1.508937,82,4114.005426
1.638178,82,4114.172729
1.401176,80,4114.335604
102.356934,72,4114.483482
105.528532,70,4114.628426
1.931312,59,4114.753068
0.985629,91,4114.928958
3.107348,70,4115.072773
2.831627,69,4115.205432
2.849038,60,4115.325323
5.688534,72,4115.474213
102.016372,67,4115.615938
0.964933,80,4115.789099
2.006124,78,4115.952513
4.163414,69,4116.099287
3.256845,104,4116.312426
104.21729,63,4116.443589
101.974656,76,4116.603499
103.56482,71,4116.751814
2.632558,61,4116.87063
2.686278,89,4117.045589
102.425386,54,4117.154922
0.741118,1000,4130.442301
0.334054,658,4131.737053
103.558046,63,4131.866138
3.659744,90,4132.04967
4.059088,68,4132.187962
102.436911,62,4132.316431
101.099967,63,4132.447272
1.374662,100,4132.646846
5.420896,76,4132.798877
1.208404,98,4144.234368
102.085349,65,4144.371771
101.868154,68,4144.512453
3.331763,70,4144.66697
101.216557,51,4144.775081
104.730136,62,4144.912996
100.823362,163,4145.250915
3.117441,87,4145.43003
1.734132,60,4145.553995
3.725174,89,4145.736047
4.843174,77,4145.890189
2.323009,71,4146.031208
101.60081,61,4146.15416
104.863729,61,4146.269698
102.034558,56,4146.382255
1.920771,108,4146.596008
5.802973,64,4146.725286
100.987811,80,4146.889026
2.99311,63,4147.015266
4.236626,67,4147.148071
2.300122,81,4147.311325
3.909942,68,4147.452961
0.005156,87,4147.632323
4.613544,66,4147.779781
4.248883,67,4147.910995
1.996452,94,4148.097241
2.693342,68,4148.232599
100.764369,78,4159.705387
6.116869,74,4159.851599
4.064904,67,4159.999123
2.263241,80,4160.154403
5.493889,62,4160.274012
102.688229,47,4160.365679
5.533655,68,4160.49705
4.90903,139,4160.765853
2.533362,61,4160.884549
103.540451,63,4161.005764
0.193141,72,4161.154226
102.577354,70,4161.290951
5.412789,64,4161.421514
-0.838873,106,4161.635878
100.863233,85,4161.80607
0.948927,72,4161.951756
101.501798,92,4162.136192
6.098074,81,4162.296263
3.401644,178,4162.652111
4.709513,68,4162.788098
105.192769,66,4162.919556
4.063589,69,4163.058135
1.310622,102,4163.264011
3.369869,76,4163.412441
101.173184,78,4163.576011
2.341463,70,4163.722208
5.325265,84,4175.158761
1.192512,82,4175.329237
5.472797,70,4175.473543
0.157617,90,4175.65528
102.024608,65,4175.793151
1.312651,67,4175.925563
100.886061,33,4175.991247
-0.709022,84,4176.158942
2.869422,74,4176.301727
101.526944,101,4176.495973
101.928068,50,4176.597041
100.944642,53,4176.712157
2.983897,63,4176.841537
102.891573,71,4176.98178
1.80223,59,4177.09871
-0.982799,95,4177.287571
2.329839,62,4177.411863
1.404637,64,4177.535905
105.101739,59,4177.655635
2.483506,63,4177.77704
4.14968,71,4177.921354
0.478459,97,4178.121601
105.910078,63,4178.25028
3.297037,70,4178.39566
2.279501,87,4178.573668
100.772904,81,4178.740055
3.490858,69,4178.881561
0.546549,112,4179.102764
4.193165,91,4190.576265
1.802455,75,4190.726847
4.615863,77,4190.897946
100.727209,73,4191.043296
3.73978,81,4191.207232
1.974324,71,4191.345937
2.205913,72,4191.489338
0.447013,204,4191.892298
3.061973,73,4192.042499
102.340112,48,4192.142767
4.165816,63,4192.285891
0.694772,68,4192.427784
101.23395,47,4192.519232
3.326702,70,4192.667068
101.903342,67,4192.804551
-0.823062,99,4192.999082
5.020801,66,4193.128872
4.966831,62,4193.250895
2.767486,84,4193.414828
5.490285,70,4193.553497
5.018335,75,4193.703987
1.210884,76,4193.857741
-0.291099,77,4194.005272
3.158009,74,4194.15074
106.210978,72,4194.291995
2.9951,73,4194.431858
3.479855,65,4194.559862
3.095622,86,4206.028291
100.741274,54,4206.140695
3.075045,69,4206.28508
3.896759,67,4206.422238
2.604556,69,4206.563148
101.505184,72,4206.712592
1.029824,73,4206.855729
102.450183,75,4207.010888
3.40116,77,4207.185734
1.858207,70,4207.338738
104.22717,63,4207.468842
101.6331,42,4207.55916
5.101674,74,4207.712333
2.573865,77,4207.873549
101.344145,78,4208.030174
4.413972,61,4208.156087
104.779166,65,4208.293203
4.558953,67,4208.432644
1.606157,84,4208.622442
1.600685,85,4208.799598
5.384416,65,4208.934231
101.190379,82,4209.102436
2.221964,74,4209.255673
101.181152,88,4209.43585
-1.430466,110,4209.663723
101.916959,76,4209.8216
3.952887,91,4210.009209
1.605639,74,4221.365402
104.324242,76,4221.521831
4.774823,63,4221.65255
101.172934,79,4221.813549
0.989513,102,4222.028925
2.177462,60,4222.151114
4.647516,116,4222.394465
101.016944,69,4222.536206
104.338938,62,4222.664379
1.64025,71,4222.810677
2.138947,67,4222.947929
101.662914,149,4223.24914
2.545155,72,4223.391401
2.643285,70,4223.531136
100.751171,32,4223.593882
101.308825,83,4223.75835
4.362771,67,4223.89102
102.142421,46,4223.987601
105.708497,61,4224.106436
2.70299,63,4224.231236
100.947275,98,4224.425514
-1.311584,117,4224.659197
102.226282,69,4224.796438
3.612802,66,4224.924435
3.109073,69,4225.062477
4.864953,84,4225.229253
3.28723,72,4225.372348
100.169278,65,4236.76799
4.032567,67,4236.901749
3.980933,62,4237.026118
3.851176,70,4237.158518
4.610185,73,4237.312791
4.008682,95,4237.494493
4.42353,86,4237.658091
3.967148,66,4237.78745
105.64493,65,4237.917335
1.238694,77,4238.067439
101.385787,86,4238.235513
4.448534,75,4238.384089
3.216491,68,4238.516757
102.871439,72,4238.657415
101.626994,63,4238.781621
4.838195,66,4238.914254
2.557741,72,4239.054415
100.896532,54,4239.16001
1.288272,86,4239.326073
3.570055,68,4239.459433
100.634122,50,4239.553343
0.397137,98,4239.750649
1.934645,78,4239.906609
0.192428,136,4240.17716
-2.519145,155,4240.480101
0.645878,87,4240.653232
101.328721,78,4252.065162
4.108899,68,4252.20637
1.455782,82,4252.374917
100.403252,69,4252.523102
2.656418,63,4252.666842
4.04862,73,4252.818113
4.696854,71,4252.976421
4.552934,89,4253.162807
105.076944,63,4253.293054
0.64531,84,4253.467091
2.717757,77,4253.617027
4.589144,65,4253.744664
3.217123,83,4253.906983
103.205504,67,4254.041558
3.023939,60,4254.166244
102.991495,71,4254.312936
101.216788,56,4254.427857
104.473105,63,4254.557457
101.028471,48,4254.656353
2.108756,74,4254.811391
4.680115,60,4254.932014
1.532833,76,4255.078395
103.583105,53,4255.183918
3.473166,73,4255.328389
5.781174,67,4255.461281
4.602154,64,4255.590131
3.40045,66,4255.719477
2.468189,72,4255.862286
4.853622,63,4255.983647
0.786406,93,4256.166431
3.257832,75,4267.554469
4.571844,93,4267.740816
3.595329,95,4267.925871
1.341354,72,4268.068914
103.432207,65,4268.195943
3.105827,62,4268.32437
5.770591,73,4268.478935
101.515478,58,4268.601903
3.418714,66,4268.73894
1.347685,79,4268.892923
106.223081,73,4269.054426
101.4026,52,4269.158413
102.72193,62,4269.275812
3.132734,77,4269.427572
3.963498,80,4269.591089
1.380467,91,4269.770039
2.385329,66,4269.896739
4.683618,70,4270.033237
4.633616,75,4270.179159
2.554539,62,4270.301079
-0.037846,78,4270.454126
100.703003,76,4270.606555
101.522149,90,4270.779465
5.515836,71,4270.920769
2.662289,80,4271.077163
2.974837,69,4271.208577
103.759128,74,4271.356425
0.015924,85,4271.521689
2.946941,65,4282.895694
0.780348,92,4283.09441
5.086339,67,4283.234669
4.265287,63,4283.368186
2.313571,77,4283.526319
4.232305,70,4283.668505
101.744057,96,4283.875814
3.031399,68,4284.016546
1.461143,75,4284.172718
2.030627,64,4284.306857
1.743562,73,4284.466287
100.965655,83,4284.636648
3.645132,95,4284.834535
1.43082,89,4285.012178
2.972787,95,4285.202407
5.069971,87,4285.376854
0.703852,79,4285.531617
102.178354,68,4285.667204
3.743427,73,4285.817555
101.988457,178,4286.18469
101.981281,71,4286.331328
101.339028,54,4286.444486
3.072371,62,4286.574482
4.508068,62,4286.703099
4.089432,73,4286.848656
104.666304,69,4286.980205
4.588956,69,4298.489617
0.164283,1000,4300.530834
4.239508,73,4300.677733
5.674101,63,4300.798577
1.783365,60,4300.916552
103.970503,64,4301.048151
3.452804,76,4301.197108
4.921085,68,4301.33188
100.267707,52,4301.435357
2.871491,82,4301.59953
101.054278,89,4301.77325
5.461204,68,4301.906704
3.709015,65,4302.041953
3.642064,80,4302.207204
3.207583,65,4302.34379
3.066771,71,4302.489506
2.404328,86,4313.983454
103.232425,82,4314.145251
2.962031,95,4314.33147
103.34896,75,4314.477933
4.173771,91,4314.657209
5.045551,65,4314.784293
3.922734,68,4314.923959
101.272097,69,4315.057193
0.867197,80,4315.217386
101.773923,74,4315.360852
101.437236,145,4315.648832
-0.032381,93,4315.840022
1.726673,75,4315.999985
100.674375,73,4316.152191
0.957667,86,4316.333261
106.143591,71,4316.478436
1.408959,71,4316.618825
100.09925,13,4316.644456
3.982767,75,4316.793176
2.080027,149,4317.089533
101.923015,57,4317.204545
1.287901,74,4317.351715
100.827874,102,4317.560994
4.104515,72,4317.701809
5.111164,64,4317.825237
3.915516,69,4329.142788
0.042633,545,4330.243788
104.976598,73,4330.3859
3.728162,65,4330.514426
1.933135,98,4330.722297
4.148115,64,4330.852794
101.94474,61,4330.974224
3.963937,68,4331.103063
2.010689,106,4331.311822
102.260524,64,4331.438884
1.939996,61,4331.562099
1.818409,95,4331.757811
4.247165,66,4331.890653
0.60923,101,4332.110111
4.098369,66,4332.251447
3.640751,72,4332.398667
-1.862032,127,4332.661282
101.525858,72,4332.810295
1.558471,63,4332.933431
103.041117,72,4333.074573
2.693773,60,4333.193443
3.756632,64,4344.683178
0.364671,87,4344.867531
1.688805,85,4345.033713
101.468574,53,4345.136024
100.523192,33,4345.201332
4.352868,66,4345.333153
101.618425,69,4345.46909
100.698278,42,4345.549988
104.871321,73,4345.695667
101.430781,75,4345.83931
100.867554,87,4346.010124
102.212537,50,4346.104764
4.723747,72,4346.249972
1.833276,74,4346.393823
4.707419,62,4346.513139
106.096373,66,4346.644022
5.445734,67,4346.786316
2.160494,71,4346.932678
3.15,65,4347.068131
3.715819,125,4347.321987
0.723545,72,4347.468673
103.497831,72,4347.61438
-0.899084,98,4347.816577
5.327888,62,4347.946297
1.658183,79,4348.106538
-0.569857,91,4348.290746
3.141628,82,4348.455259
0.040798,97,4348.651207
2.155364,61,4360.002436
4.179608,62,4360.125034
3.422574,68,4360.256245
101.386995,90,4360.429065
102.833118,51,4360.529092
3.288562,79,4360.688989
3.64495,192,4361.066455
101.159715,92,4361.265518
-1.914682,228,4361.721771
5.364504,67,4361.858142
100.728412,70,4361.996428
102.818132,70,4362.134752
3.711404,102,4362.335586
105.492504,67,4362.466063
0.959353,84,4362.63065
3.118058,63,4362.754753
2.609731,61,4362.876215
3.640355,80,4363.033762
3.2395,67,4363.166645
2.726742,74,4363.31648
100.622684,72,4363.463206
1.546457,70,4363.601747
3.187903,68,4363.737086
3.53444,61,4363.860818
-0.239669,86,4364.027104
1.617405,71,4375.360174
4.118156,83,4375.525612
5.372885,80,4375.69993
103.799421,71,4375.843052
4.167657,60,4375.95768
2.530195,71,4376.098792
1.472204,102,4376.303856
-0.876454,433,4377.158025
105.227359,63,4377.282656
103.721076,55,4377.392036
3.030178,70,4377.534419
0.691192,78,4377.68918
102.355966,81,4377.856452
3.375299,69,4377.995044
101.112861,63,4378.118946
105.229902,65,4378.249559
3.986281,68,4378.392342
0.965717,75,4378.541749
2.460933,66,4378.676446
2.950327,75,4378.829313
101.024837,76,4378.980544
4.282952,65,4379.112069
4.520368,62,4379.237897
4.340769,62,4390.554472
5.351438,73,4390.700053
103.944824,56,4390.811323
101.029288,68,4390.942848
-1.171283,107,4391.156148
3.688251,154,4391.461723
2.075526,87,4391.633759
3.950167,80,4391.806435
1.443204,86,4391.976203
4.134026,86,4392.152545
-0.244895,107,4392.361476
5.349396,73,4392.507624
1.921034,82,4392.672859
2.237318,69,4392.808143
4.878914,73,4392.954256
101.370866,33,4393.018904
2.038411,82,4393.18088
1.418069,86,4393.351375
4.437818,86,4393.520961
-0.251026,103,4393.721019
2.681146,77,4393.877308
4.30407,66,4394.009549
102.732536,62,4394.131115
-0.272064,96,4394.316086
104.243267,62,4394.440947
102.964615,57,4394.556001
3.650589,65,4405.975477
4.241216,82,4406.13716
102.256832,64,4406.264923
101.665539,95,4406.465113
5.513026,77,4406.615047
5.05952,75,4406.759751
4.80456,66,4406.889833
101.701631,65,4407.021924
102.14424,52,4407.126397
4.548596,68,4407.262916
100.800268,134,4407.526066
1.284525,72,4407.673949
3.217307,59,4407.788904
-0.648505,465,4408.734265
102.749819,64,4408.859854
3.435076,85,4409.023425
3.632066,93,4409.206523
6.018807,80,4409.362635
1.061963,82,4409.52289
104.377129,64,4409.64969
102.436621,70,4409.787709
2.693351,74,4409.931144
5.154204,83,4421.305282
101.146233,77,4421.457929
3.730953,62,4421.576789
3.737274,94,4421.775517
-0.399034,98,4421.96549
4.147288,89,4422.139728
4.548052,74,4422.287232
100.961388,91,4422.464731
2.199562,74,4422.610752
1.693774,70,4422.752211
5.197487,62,4422.870584
1.791376,81,4423.027919
0.393205,83,4423.193938
100.85433,61,4423.319859
0.554832,87,4423.488186
3.873004,62,4423.608505
2.587772,81,4423.781004
1.785661,103,4423.990143
102.85146,51,4424.094378
2.351387,65,4424.22121
1.555661,79,4424.37688
3.480396,77,4424.530319
101.250423,77,4424.678494
-0.521251,92,4424.861156
104.748546,74,4425.006312
1.286823,118,4425.252761
2.287551,66,4436.631271
4.079731,67,4436.764732
101.098735,101,4436.965246
103.536062,61,4437.08199
1.675393,70,4437.220193
1.665758,65,4437.347948
1.532464,90,4437.5405
-0.113086,103,4437.743366
-0.1496,158,4438.068381
3.102556,90,4438.241667
2.762905,72,4438.382023
4.997037,67,4438.512969
101.564513,82,4438.676224
102.714983,63,4438.80141
1.404967,70,4438.938292
4.33921,73,4439.081896
0.420624,87,4439.250892
102.482726,68,4439.382901
1.123013,81,4439.540148
1.806267,76,4439.697978
1.867252,63,4439.821423
2.485902,66,4439.951145
1.455766,70,4440.088706
3.97337,63,4440.211756
103.641952,68,4440.345332
101.287159,77,4440.49484
1.520711,70,4451.842797
1.544726,69,4452.000337
103.720865,65,4452.123248
102.14209,62,4452.247399
2.946781,69,4452.384414
1.839786,79,4452.549179
3.087718,73,4452.69281
1.632083,97,4452.885982
5.122882,65,4453.020333
3.600706,168,4453.359798
0.650045,77,4453.507675
4.21515,74,4453.655823
103.741967,56,4453.767174
101.008704,89,4453.940956
4.367632,70,4454.078309
101.385873,85,4454.247391
4.07204,69,4454.380209
5.950215,66,4454.509618
4.717075,72,4454.651001
4.262207,67,4454.779922
2.692431,61,4454.901599
1.043178,80,4455.055604
4.107741,75,4455.204461
-0.298142,150,4455.495541
5.176533,77,4455.642193
104.121717,66,4455.773147
4.004149,75,4467.09941
2.326071,80,4467.257995
3.740468,65,4467.385818
-0.020966,124,4467.647755
2.808299,61,4467.765571
102.702987,50,4467.864731
2.446839,70,4468.000229
101.409963,88,4468.176013
3.828312,68,4468.310749
102.495492,71,4468.449182
4.319926,89,4468.629445
4.800749,85,4468.79618
2.387249,59,4468.912376
100.431272,28,4468.965971
4.230169,82,4469.128578
3.97066,63,4469.254555
3.832377,92,4469.435136
4.708141,92,4469.618516
5.938619,71,4469.757646
103.629707,66,4469.884863
2.075961,75,4470.032686
1.110335,83,4470.197169
3.585493,66,4470.330673
2.143581,69,4470.465629
102.196217,48,4470.563278
104.195233,59,4470.675073
100.842441,86,4470.84609
4.621637,65,4470.969185
1.676065,66,4482.373677
100.672124,45,4482.465695
1.399227,69,4482.606692
102.198489,118,4482.847418
101.350284,64,4482.966831
4.548891,82,4483.129021
0.961757,73,4483.273333
0.599109,117,4483.506996
1.194877,80,4483.666251
2.878128,95,4483.865721
2.533117,69,4483.996505
105.047228,61,4484.119413
102.280185,66,4484.252097
-0.274448,275,4484.797614
1.020501,65,4484.934502
1.858871,62,4485.058259
104.044615,72,4485.201544
1.254828,79,4485.369544
102.828554,47,4485.469745
103.546578,58,4485.591591
0.186809,116,4485.828274
3.966376,155,4486.148557
101.076123,50,4486.252901
105.597252,64,4486.391394
4.974445,79,4497.749156
102.488087,54,4497.870304
4.646341,94,4498.058561
104.600299,62,4498.18344
3.519336,78,4498.33671
2.159253,84,4498.508659
3.149996,88,4498.680034
101.577014,88,4498.856328
103.719414,63,4498.984744
101.885922,112,4499.20551
101.766545,60,4499.324834
0.564368,87,4499.498143
0.985764,79,4499.654579
0.836063,109,4499.863622
1.772457,75,4500.008864
4.192724,95,4500.191192
3.866244,75,4500.339175
2.854514,83,4500.500894
3.576069,66,4500.633953
101.279137,79,4500.798543
101.310209,58,4500.921338
3.496536,105,4501.142837
102.14678,77,4501.304214
4.114321,85,4501.484838
101.111183,80,4501.648364
101.688572,103,4513.222279
1.191595,117,4513.466928
102.276262,71,4513.613117
1.791557,78,4513.776665
4.356985,74,4513.932142
4.50955,65,4514.064914
101.192869,82,4514.234595
2.565854,71,4514.390601
100.749392,27,4514.447483
3.537825,84,4514.618771
4.287254,74,4514.785108
5.262006,65,4514.921162
3.781419,62,4515.053732
2.810785,70,4515.197308
1.353137,98,4515.398576
2.974021,75,4515.551764
2.896688,62,4515.68433
1.44158,71,4515.832276
2.078068,77,4515.991144
101.456168,103,4516.200309
103.055812,65,4516.331607
103.968913,54,4516.447745
2.672393,65,4516.574256
101.874869,77,4516.728542
4.993064,65,4516.860976
1.931806,98,4517.055618
2.264806,61,4517.172379
2.482185,76,4517.321612
4.474567,93,4528.86531
2.066968,82,4529.048575
101.373973,76,4529.213629
1.668648,85,4529.392025
101.027166,109,4529.616739
100.547092,45,4529.709692
4.214092,77,4529.870462
101.445786,67,4530.007035
100.535709,67,4530.137247
2.914819,65,4530.264166
1.799711,85,4530.436283
4.232759,62,4530.555706
5.647041,62,4530.676095
2.215943,65,4530.803194
1.422722,541,4531.869968
5.30332,67,4532.00224
2.230088,84,4532.177792
-0.077136,104,4532.389302
102.625562,48,4532.491244
1.491283,75,4532.641168
3.166774,68,4532.778623
1.053144,73,4544.260068
0.252645,120,4544.522191
100.955566,78,4544.679374
1.633344,85,4544.854879
3.384946,59,4544.971693
102.069465,110,4545.197261
3.349737,83,4545.36318
4.135144,83,4545.52615
101.522435,54,4545.631843
3.813356,89,4545.80778
103.391131,61,4545.927986
3.781203,74,4546.070897
4.720645,71,4546.212715
2.946499,81,4546.386623
0.443627,86,4546.560029
4.225955,74,4546.706318
4.458471,80,4546.863592
3.748787,79,4547.026897
101.530949,72,4547.167454
2.992206,79,4547.324759
3.628683,70,4547.467929
5.563456,83,4547.641507
3.68037,117,4547.875587
104.051781,58,4547.995162
2.594813,67,4548.129328
-2.283911,152,4559.614639
0.189792,97,4559.814996
1.01274,89,4559.985279
100.938377,75,4560.136369
4.652952,70,4560.275597
101.166304,86,4560.444388
2.46099,81,4560.639722
101.962058,63,4560.765391
4.893338,60,4560.883992
0.994983,89,4561.058671
100.687298,68,4561.193942
2.929485,72,4561.339769
3.527658,84,4561.509175
2.846161,67,4561.641139
5.116167,88,4561.810885
1.734558,71,4561.947182
3.176071,97,4562.140584
-0.927975,125,4562.387633
100.374803,71,4562.526183
5.133882,91,4562.709631
6.147885,63,4562.834394
0.877962,94,4563.01894
4.510303,65,4563.148589
1.774465,76,4563.297208
102.656945,56,4563.408023
4.362336,79,4563.561182
4.297666,61,4574.866881
2.157368,76,4575.019186
4.209814,68,4575.167495
1.560894,76,4575.318256
100.733088,64,4575.45149
102.444338,60,4575.570539
0.624004,87,4575.741471
2.905227,83,4575.907077
3.226281,70,4576.043709
105.933313,69,4576.183302
4.194659,61,4576.304945
101.096828,81,4576.468628
3.36553,60,4576.584929
101.066852,55,4576.694738
3.589201,60,4576.811966
100.798189,85,4576.979978
3.872984,66,4577.112428
1.898926,79,4577.271161
5.404077,62,4577.392765
101.061204,53,4577.497951
-1.101616,179,4577.847793
101.006572,78,4578.001783
-0.543059,97,4578.194928
-1.508119,136,4578.464567
102.982033,73,4578.609523
3.139475,60,4578.72741
3.6576,85,4578.892488
0.734896,96,4590.338264
105.056291,61,4590.460343
0.204591,99,4590.656586
101.305928,90,4590.839585
3.246027,75,4590.987764
102.892307,64,4591.122058
3.259374,73,4591.268385
2.367741,60,4591.389487
2.358147,62,4591.51215
103.8627,58,4591.626145
3.115188,64,4591.765191
101.631725,66,4591.898131
5.516112,69,4592.035319
101.386326,85,4592.202646
101.649309,78,4592.356601
2.720787,60,4592.475533
102.480588,64,4592.598996
2.66136,73,4592.742073
100.296326,58,4592.855728
4.753153,81,4593.010519
3.759984,75,4593.15993
102.374534,73,4593.304199
102.551105,62,4593.426435
4.572486,79,4593.582507
4.229437,61,4593.702397
104.163393,71,4593.848778
3.888703,71,4593.989507
101.327302,86,4594.15833
3.24713,69,4605.524753
4.139946,73,4605.670811
0.985509,85,4605.853403
103.0044,70,4605.992138
102.641967,64,4606.120468
3.664476,65,4606.250818
4.509601,93,4606.436582
6.0074,67,4606.570091
4.947079,62,4606.699664
2.063913,73,4606.841618
2.054889,73,4606.986519
3.427683,64,4607.112507
3.755117,93,4607.294161
100.90867,52,4607.392872
4.356161,82,4607.556059
0.799512,64,4607.684357
3.222444,65,4607.814084
101.229795,83,4607.977255
4.947696,65,4608.102425
3.897914,64,4608.227322
1.776966,96,4608.417822
3.892458,69,4608.549434
2.910111,61,4608.680759
2.948293,69,4608.82848
105.80316,70,4608.964542
1.241936,65,4609.092891
4.215562,68,4609.228029
2.041934,71,4609.369254
4.022092,93,4609.548878
3.691985,58,4620.857119
1.288612,136,4621.124674
100.788702,63,4621.247984
1.607683,71,4621.391637
2.104762,84,4621.556288
4.273011,98,4621.747933
2.338957,81,4621.920224
4.405346,76,4622.066708
-2.175197,616,4623.295147
4.12232,60,4623.413752
2.071615,103,4623.615491
103.925185,55,4623.725747
101.540808,127,4623.981336
1.838036,117,4624.216887
101.724995,70,4624.355064
100.932789,68,4624.488563
3.569493,71,4624.627668
4.281708,95,4624.820071
104.580612,60,4636.105514
4.714471,62,4636.229844
100.811129,28,4636.302009
2.723732,60,4636.418975
4.941715,64,4636.548721
1.580111,68,4636.681159
-1.45455,110,4636.900915
1.588785,84,4637.065527
1.176399,112,4637.287207
1.508165,68,4637.42337
1.207854,63,4637.552565
101.31159,75,4637.699475
100.716949,88,4637.875578
4.109339,68,4638.013794
0.178668,80,4638.173344
4.290532,59,4638.292267
2.255789,93,4638.479504
4.582279,61,4638.597856
2.188092,97,4638.791096
4.708266,77,4638.945008
102.532433,68,4639.079848
1.447479,105,4639.288528
101.704758,63,4639.413178
2.704074,75,4639.560201
1.109882,117,4639.793145
4.410759,71,4639.933864
1.831609,172,4651.560287
101.881056,69,4651.696588
2.472724,91,4651.875463
2.021854,86,4652.044425
-0.261506,86,4652.222144
102.102927,63,4652.34984
4.182437,82,4652.511605
5.498296,76,4652.6617
1.113644,72,4652.813164
2.950254,97,4653.012976
4.135249,69,4653.149578
5.621012,62,4653.271091
2.878996,61,4653.39282
104.46085,75,4653.540302
101.990806,108,4653.757736
2.906753,80,4653.919607
102.668864,70,4654.059215
100.873448,88,4654.237124
101.468417,87,4654.408612
0.466329,79,4654.568781
1.403396,97,4654.762552
5.322174,61,4654.885745
0.738869,84,4655.053259
4.294248,76,4655.208639
3.609602,64,4655.346736
2.984816,242,4667.010276
5.076081,73,4667.151894
0.31321,75,4667.316914
2.158369,69,4667.453216
3.088138,63,4667.575609
1.926986,61,4667.699878
4.385984,67,4667.835089
1.424696,89,4668.011523
103.649638,61,4668.131449
101.436783,69,4668.268369
1.780894,70,4668.406963
5.591159,77,4668.562644
4.420724,65,4668.698705
1.794191,64,4668.871699
1.778514,82,4669.091907
0.636985,71,4669.232552
102.003279,74,4669.385409
104.244592,63,4669.51011
1.169755,99,4669.704602
5.137954,67,4669.835972
101.659057,63,4669.962913
-0.200664,95,4670.152978
1.879901,86,4670.320856
4.321227,86,4670.485204
4.58133,62,4670.60683
100.733185,51,4670.705115
-0.504855,485,4682.89531
100.850418,76,4683.053405
1.239678,103,4683.267018
4.359581,66,4683.403685
-2.119948,190,4683.795993
1.414321,87,4683.97453
0.133415,102,4684.187462
1.059405,93,4684.380517
4.153506,66,4684.519138
1.474403,78,4684.680445
101.149416,127,4684.936754
3.711539,66,4685.06946
3.99281,63,4685.191987
101.133716,55,4685.295264
3.746543,69,4685.434277
4.304694,94,4685.635962
103.451684,68,4685.772311
3.07046,60,4685.891658
3.298056,75,4686.036234
1.237082,88,4686.21322
1.885844,88,4697.579301
100.861676,101,4697.800556
100.891224,97,4697.990258
102.974816,70,4698.131462
5.624836,65,4698.260712
0.32763,86,4698.428258
1.49616,87,4698.613445
0.528006,1000,4700.601957
0.558432,174,4700.949034
3.211225,70,4701.081468
2.345734,64,4701.20579
101.309701,90,4701.388556
4.455885,73,4712.709125
1.788832,70,4712.858454
0.603345,511,4713.863537
5.257838,72,4714.008614
101.052787,108,4714.219523
4.758522,68,4714.366577
4.114334,69,4714.50402
-1.99548,217,4714.930819
101.4252,75,4715.079382
3.679212,61,4715.198614
3.885722,60,4715.327305
2.4156,68,4715.463852
101.661218,77,4715.61934
105.942004,70,4715.754689
101.485303,82,4715.91434
100.879705,76,4716.066308
100.911325,68,4716.201151
100.764976,73,4716.349308
104.032624,57,4716.4624
0.707635,103,4716.666137
2.958943,76,4727.987471
102.238774,56,4728.10152
1.474509,69,4728.233656
0.626789,95,4728.429759
3.186576,64,4728.566327
1.286704,65,4728.69409
0.956081,110,4728.987818
2.936259,84,4729.192762
105.609481,63,4729.315472
102.603333,46,4729.402493
3.971018,90,4729.585968
-0.034003,96,4729.774272
3.946659,59,4729.892567
1.725018,73,4730.037161
2.201681,68,4730.17274
4.429839,68,4730.30505
102.952406,73,4730.452405
3.963637,85,4730.641694
101.581581,67,4730.775923
2.068035,80,4730.93248
1.880817,70,4731.072141
100.899373,75,4731.223023
4.482537,75,4731.368871
2.697269,73,4731.515768
4.847582,62,4731.645386
1.562824,71,4731.783902
2.069541,90,4731.959799
104.238103,61,4732.085959
1.933957,76,4743.437502
0.930093,95,4743.637558
3.962725,75,4743.787576
4.392707,84,4743.952435
0.182705,129,4744.209832
4.261312,60,4744.324873
4.942032,67,4744.466867
101.437823,63,4744.593827
5.266666,93,4744.775665
3.27608,110,4744.997119
4.761525,76,4745.146568
2.940077,74,4745.292566
2.907551,71,4745.429797
100.767011,80,4745.589329
5.347061,66,4745.7177
5.23274,68,4745.849509
2.550345,73,4745.992881
102.533907,49,4746.091482
4.090141,76,4746.240529
1.282498,82,4746.406342
0.515431,105,4746.617182
2.757921,59,4746.733047
4.279686,75,4746.87698
2.573692,80,4747.036319
102.123618,52,4747.140653
1.869912,87,4747.313705
5.157276,63,4758.705465
104.560464,63,4758.852887
3.519017,69,4758.988398
2.069858,75,4759.133325
101.821769,102,4759.330051
5.288163,78,4759.484445
2.503764,57,4759.596161
3.807312,86,4759.770169
1.338489,71,4759.913601
3.082454,83,4760.086995
102.663602,71,4760.22243
102.908,47,4760.313008
1.110582,153,4760.615412
0.478535,1000,4762.591624
101.596545,76,4762.737198
4.482785,59,4774.097692
105.736511,63,4774.222687
4.589057,68,4774.356363
4.788422,62,4774.485844
0.287492,85,4774.662944
2.587364,68,4774.795994
-0.796836,98,4774.993486
3.904042,64,4775.119365
103.865144,69,4775.250822
100.664389,87,4775.421773
2.403265,70,4775.558455
2.859506,72,4775.70729
0.790923,99,4775.907233
-0.852625,145,4776.196772
105.634648,65,4776.325949
2.456817,72,4776.466888
4.225279,69,4776.602395
-0.666748,258,4777.113918
102.83764,51,4777.216484
3.834232,62,4777.343518
4.037434,69,4777.484299
2.956128,62,4777.608319
3.105975,83,4777.772726
1.162717,102,4777.971694
4.135077,69,4789.387738
0.198387,105,4789.595351
1.60839,89,4789.776324
102.861908,50,4789.875931
3.893261,68,4790.015433
4.900733,79,4790.175036
100.515017,66,4790.313027
4.755377,66,4790.450692
3.01502,60,4790.568398
3.188976,70,4790.711147
102.999076,51,4790.811514
1.250805,62,4790.937368
0.357962,260,4791.464381
101.304688,75,4791.612455
101.497039,83,4791.777833
3.95589,83,4791.944271
3.955208,61,4792.063763
0.197065,125,4792.308821
2.376871,66,4792.439234
4.330918,65,4792.568377
3.381247,80,4792.725498
101.356924,76,4792.876779
3.326827,67,4793.020163
4.176893,80,4793.198115
3.237555,63,4793.324374
2.148182,69,4793.463725
5.218137,81,4804.791008
101.039998,109,4805.005005
1.892924,75,4805.151562
1.389464,132,4805.427311
100.746828,59,4805.546537
2.035566,69,4805.683506
101.149887,99,4805.879065
1.611803,67,4806.014288
100.707607,54,4806.120187
3.995126,68,4806.254874
101.54831,60,4806.381149
2.632024,72,4806.524266
3.106871,62,4806.6469
5.540042,72,4806.791568
4.856208,66,4806.917559
101.381615,67,4807.046496
1.579388,70,4807.177614
1.758213,95,4807.364204
101.720667,60,4807.481902
4.078573,67,4807.615522
102.493359,75,4807.766713
2.376803,88,4807.936612
3.604688,79,4808.091982
104.62258,61,4808.2101
6.075696,75,4808.360013
4.346193,65,4808.493695
2.284654,71,4808.634934
103.361239,66,4820.044096
104.419825,57,4820.159661
2.100981,84,4820.338705
4.690345,66,4820.481078
103.274806,67,4820.629077
-0.717278,94,4820.817513
0.932823,81,4820.973765
2.376216,70,4821.115517
2.723443,68,4821.250454
4.388937,76,4821.399737
101.072343,72,4821.541024
4.013433,68,4821.679579
0.688023,96,4821.86808
1.604973,85,4822.033225
4.897723,63,4822.160349
4.035828,77,4822.313147
105.436405,64,4822.437669
-0.757214,91,4822.61206
104.691542,68,4822.744422
2.341671,72,4822.887815
-0.403964,104,4823.094058
106.095839,67,4823.224858
1.733773,97,4823.41362
100.973643,89,4823.586996
-0.040739,162,4823.911416
-0.705923,122,4835.433872
105.199222,63,4835.574739
101.369887,89,4835.74887
4.827589,68,4835.881956
1.309737,77,4836.031284
103.394296,72,4836.172507
103.085169,49,4836.267517
102.647301,69,4836.404114
2.069209,71,4836.54357
3.077547,61,4836.660562
102.664483,54,4836.768478
102.352404,54,4836.874639
3.890851,130,4837.133687
3.950664,64,4837.256325
3.141072,70,4837.392471
2.334272,87,4837.561126
4.104452,71,4837.703081
1.365915,99,4837.899329
102.123753,69,4838.035881
2.962754,66,4838.163814
104.276432,66,4838.295819
3.503329,66,4838.426008
2.095356,72,4838.567552
105.870201,63,4838.693396
1.392706,93,4838.878563
3.931926,75,4839.028236
1.467846,73,4839.174895
0.229191,83,4839.341832
0.882494,79,4850.693395
1.54172,75,4850.840217
3.943663,94,4851.050296
100.290995,69,4851.186992
102.64934,65,4851.319592
1.834994,75,4851.468346
100.941231,75,4851.614572
101.021114,97,4851.809052
4.047703,72,4851.953553
0.552242,661,4853.248244
5.770679,66,4853.377176
102.46001,45,4853.462923
3.329202,66,4853.591209
1.604417,86,4853.7596
105.582717,65,4853.888834
101.114081,75,4854.036456
5.563352,63,4854.158784
104.299111,55,4854.268933
1.723292,89,4854.445966
2.496719,69,4854.581079
4.483822,74,4865.889742
5.941772,63,4866.033978
2.29122,117,4866.267454
4.079347,100,4866.468866
2.56199,69,4866.609154
1.708057,104,4866.816566
3.690559,73,4866.963563
100.909211,128,4867.214332
1.968915,94,4867.405538
100.100768,16,4867.438113
-0.430273,184,4867.801925
-0.281512,278,4868.347582
3.796302,89,4868.525322
2.269163,73,4868.667626
4.131862,86,4868.837559
1.470394,70,4868.980731
101.09447,53,4869.084724
3.519086,74,4869.229808
4.678706,67,4869.363176
4.773306,79,4869.517969
1.386819,94,4869.708267
105.081928,59,4869.824587
3.497057,66,4881.173784
3.783502,77,4881.32259
103.190007,73,4881.469679
4.097913,62,4881.597502
3.237827,67,4881.733312
100.876109,53,4881.838161
1.075421,88,4882.005855
1.632879,93,4882.186318
2.872533,61,4882.310615
1.982224,106,4882.52005
0.844928,69,4882.656999
0.34903,70,4882.814874
4.047986,61,4882.938288
5.444227,76,4883.086346
4.654131,70,4883.22443
102.284686,69,4883.363544
3.339428,67,4883.498337
104.503341,67,4883.634597
2.218038,81,4883.792873
3.173011,98,4883.988125
1.927446,75,4884.138076
101.148547,57,4884.249545
101.466818,84,4884.411869
4.178276,84,4884.582399
4.553327,67,4884.717261
1.544861,94,4884.904086
100.733666,107,4885.119448
2.768244,60,4885.23955
3.971198,77,4896.683803
101.007423,40,4896.762185
4.211949,77,4896.914053
2.229919,75,4897.068284
0.638345,103,4897.273971
0.989679,93,4897.451519
101.322421,79,4897.605745
0.39399,76,4897.753314
0.103367,122,4897.988057
101.561661,95,4898.172142
5.231598,65,4898.299635
2.224087,67,4898.430996
101.010627,72,4898.57045
3.646417,68,4898.705269
106.211461,68,4898.838807
100.727726,84,4899.003275
100.992877,74,4899.149011
102.672558,72,4899.29112
3.674742,61,4899.410802
0.778772,83,4899.570768
0.781174,67,4899.703321
106.144131,64,4899.831981
1.298567,95,4900.015522
0.542401,104,4900.217003
1.641504,62,4900.339608
4.922886,64,4900.468399
105.560104,65,4911.943421
3.285034,74,4912.088934
101.505941,35,4912.155457
3.554081,67,4912.286744
2.249189,68,4912.421367
2.33509,75,4912.56631
105.079163,66,4912.69639
103.550123,64,4912.822611
-1.361624,134,4913.123733
4.371669,69,4913.260604
101.957555,60,4913.37777
101.044085,129,4913.629889
3.177464,61,4913.752017
1.269778,114,4913.981295
5.456279,77,4914.134233
102.194242,61,4914.253731
101.105157,90,4914.433091
2.574772,69,4914.576604
2.242742,91,4914.757577
0.688056,100,4914.957919
2.011771,75,4915.103761
-0.472097,106,4915.320382
101.648331,119,4915.553203
3.393107,97,4915.749985
104.442914,74,4915.901441
-0.860032,105,4927.287618
100.741821,81,4927.44853
1.872283,72,4927.592113
3.437022,84,4927.769955
0.669243,93,4927.951338
4.162114,72,4928.095303
103.263303,53,4928.200435
0.204984,99,4928.401784
2.671571,59,4928.517334
100.354849,30,4928.580157
101.291898,68,4928.712408
3.061646,76,4928.867409
1.49846,88,4929.04739
2.698975,78,4929.199755
1.195219,79,4929.353702
0.208886,91,4929.533735
3.405342,80,4929.691058
5.30608,65,4929.823302
1.80552,70,4929.963654
2.07339,96,4930.149025
102.356507,61,4930.268925
4.910589,63,4930.390725
3.344852,78,4930.540598
0.604323,72,4930.701405
3.579383,87,4930.882533
2.032927,87,4931.054026
2.869727,69,4931.186013
3.121665,77,4942.508665
4.310302,89,4942.686797
0.567558,90,4942.859995
3.365662,60,4942.993186
1.139258,74,4943.135263
4.584885,65,4943.261388
1.554715,94,4943.442483
4.174881,93,4943.631411
4.560428,70,4943.767661
1.966762,66,4943.895571
100.737097,73,4944.038801
3.141246,69,4944.176213
101.014206,83,4944.341564
103.010815,69,4944.478159
4.020496,66,4944.607895
1.230573,136,4944.880842
3.382084,79,4945.037923
1.733292,148,4945.342101
101.56354,35,4945.410308
4.261901,107,4945.624291
2.132986,73,4945.77013
0.795322,1000,4958.922884
105.735211,65,4959.053979
5.632212,68,4959.187812
102.775597,71,4959.326455
104.503433,59,4959.437366
3.020915,69,4959.571695
105.854771,70,4959.70822
3.37201,78,4959.863906
2.786483,68,4960.015439
-0.416347,104,4960.224227
3.806829,69,4960.363814
104.097006,62,4960.487381
3.902244,102,4960.692841
3.367639,66,4960.822178
4.503459,66,4960.954649
101.263949,132,4961.213075
2.211648,95,4961.403987
101.199836,76,4961.550919
0.668956,85,4961.718224
2.371953,74,4973.146934
105.83031,67,4973.277988
-1.85998,119,4973.524762
4.136569,65,4973.655136
3.018589,59,4973.773705
3.665771,203,4974.183501
4.425945,94,4974.367671
1.52799,72,4974.507296
3.715531,65,4974.637226
105.431956,64,4974.764917
0.65849,98,4974.955427
5.118242,63,4975.081868
3.011491,67,4975.223738
0.995747,81,4975.38581
5.089944,60,4975.502042
2.155369,75,4975.64753
4.85584,61,4975.769478
4.466144,69,4975.911417
0.882221,71,4976.055647
3.345159,65,4976.181573
5.036584,64,4976.309385
100.674757,72,4976.452438
0.684485,98,4976.64231
1.045838,73,4976.784496
103.931526,74,4976.933307
1.942889,85,4977.102673
101.084616,32,4988.339824
1.38552,69,4988.474291
1.931298,76,4988.623693
1.315903,111,4988.861353
4.071063,59,4988.974119
4.308013,95,4989.161013
1.864251,72,4989.297089
2.109305,59,4989.420979
101.197511,82,4989.58277
3.393085,67,4989.716086
100.509592,233,4990.176616
3.674741,78,4990.34317
3.498124,71,4990.484931
0.193141,85,4990.65054
105.489056,63,4990.77462
2.090254,70,4990.913345
106.020496,68,4991.051333
3.53394,86,4991.221028
3.165553,89,4991.397596
105.434149,68,4991.532731
-0.789312,88,4991.710924
3.9705,94,4991.895673
3.976323,64,4992.019128
2.69827,67,4992.154714
5.238058,85,4992.321991
101.841065,87,5003.702283
103.47026,70,5003.847928
2.023598,69,5003.982629
3.73337,89,5004.157854
104.014325,65,5004.28561
101.481854,128,5004.534561
1.92485,89,5004.719802
3.487914,86,5004.887363
2.693161,76,5005.036201
3.3518,65,5005.165138
0.753367,101,5005.364109
4.405827,68,5005.501859
1.696464,77,5005.65147
2.864365,67,5005.787242
0.834452,107,5005.995646
0.467738,68,5006.12717
3.194211,70,5006.263159
101.31769,71,5006.401381
101.833403,50,5006.502889
2.111283,94,5006.686165
2.290935,82,5006.851226
101.32135,196,5007.243135
101.433023,34,5007.308842
1.530151,65,5007.435803
100.670679,64,5007.558918
3.183438,81,5018.910453
1.879362,88,5019.083202
1.164854,85,5019.254277
1.41222,95,5019.444897
0.205728,77,5019.596658
4.599416,71,5019.734872
3.280744,70,5019.877191
5.299927,74,5020.024346
3.680095,68,5020.158277
5.401454,75,5020.326705
3.887444,87,5020.496441
3.529367,97,5020.685478
101.902651,50,5020.785016
4.711158,67,5020.916684
4.882689,75,5021.062886
105.72415,65,5021.193732
5.49897,69,5021.326293
-0.582012,89,5021.50996
1.130161,141,5021.783827
1.099092,74,5021.92853
0.978323,71,5022.06882
3.896669,71,5022.210867
4.514737,109,5022.423407
3.492192,74,5022.571841
2.900833,75,5022.723459
102.228706,71,5022.865439
2.170291,75,5034.235457
102.705843,66,5034.371607
3.82347,68,5034.520465
102.019083,58,5034.638606
101.266769,59,5034.757595
2.580852,80,5034.914771
101.662137,63,5035.037156
101.689233,67,5035.1702
3.353384,82,5035.336194
101.247602,71,5035.474997
100.988109,73,5035.623198
2.818895,69,5035.766325
1.895176,88,5035.935857
4.99849,188,5036.311677
5.363077,74,5036.456856
0.90899,109,5036.679487
4.218697,62,5036.801463
1.305562,80,5036.960856
1.267852,71,5037.101117
100.575488,84,5037.264565
100.507931,57,5037.374367
101.713317,69,5037.508844
105.051127,61,5037.628013
3.743646,94,5037.813748
104.415222,59,5037.93039
101.642589,75,5038.079341
4.061766,90,5049.444453
101.434199,77,5049.598558
3.457499,89,5049.772326
3.955206,89,5049.951178
5.601744,62,5050.080691
3.23394,68,5050.219484
1.854462,89,5050.398392
101.266065,60,5050.518398
3.483229,77,5050.676072
4.101698,63,5050.803664
101.129586,76,5050.968111
0.713845,106,5051.175717
105.152195,69,5051.312078
0.095906,99,5051.50786
101.979576,70,5051.645952
1.761372,70,5051.78594
2.76965,59,5051.902023
101.101379,64,5052.027185
102.020506,49,5052.12516
3.870366,81,5052.285027
3.186245,61,5052.403853
1.481006,61,5052.525507
101.211159,87,5052.693441
4.5397,66,5052.822955
2.403574,99,5053.015551
105.106118,66,5053.145951
102.477813,64,5053.271831
1.230393,89,5053.446938
101.484268,56,5064.753383
100.750287,74,5064.909846
4.507571,88,5065.08547
1.702295,78,5065.235584
5.31339,62,5065.358144
101.969857,73,5065.498575
101.545611,193,5065.8866
3.269815,67,5066.016196
2.538886,82,5066.176572
101.96999,49,5066.272079
4.398632,72,5066.416231
104.67223,62,5066.539391
3.321371,69,5066.676367
-0.880359,99,5066.869713
4.460681,67,5067.001099
0.742679,102,5067.198802
100.969157,84,5067.364143
101.504438,66,5067.498275
100.988235,105,5067.705928
2.750087,64,5067.837482
101.222112,81,5067.994386
4.613816,66,5068.124481
105.537804,64,5068.251462
4.918413,69,5068.38812
5.037243,80,5068.545952
4.509482,63,5068.670069
4.598773,67,5079.991049
101.057854,59,5080.105569
103.225147,51,5080.201491
4.159441,76,5080.363963
3.580016,61,5080.501972
3.183203,85,5080.674212
104.170959,72,5080.825272
101.729986,135,5081.108174
1.529478,85,5081.277946
105.101117,69,5081.413632
3.097531,65,5081.541707
2.102616,74,5081.685871
4.159629,65,5081.81287
2.383516,80,5081.96784
101.207856,71,5082.111597
1.528395,82,5082.26851
3.632999,66,5082.395963
3.722515,76,5082.542022
2.130634,82,5082.702461
4.943785,69,5082.854991
0.726199,75,5083.00143
2.039855,68,5083.134691
5.866989,62,5083.255907
2.138308,84,5083.420246
0.874345,106,5083.63074
100.548008,73,5083.774943
4.909024,60,5083.893786
4.552623,64,5095.213416
104.948168,59,5095.329679
1.841429,85,5095.49807
1.69896,74,5095.645334
101.302638,34,5095.713707
2.435549,73,5095.855098
5.581076,78,5096.006594
1.257464,75,5096.152918
105.325045,66,5096.301615
3.855056,78,5096.454443
-0.305135,96,5096.642994
-2.331122,328,5097.307086
3.016415,67,5097.437876
1.807836,92,5097.620536
1.36478,82,5097.776583
1.902892,69,5097.913287
102.317713,67,5098.044605
104.928929,64,5098.173847
4.667481,63,5098.302791
101.633966,70,5098.465197
0.969919,71,5098.606603
4.035728,60,5098.723152
4.263036,75,5098.872805
-0.141959,93,5099.055775
101.534903,103,5099.262055
4.185222,75,5110.568926
1.973464,72,5110.709201
2.481329,91,5110.886775
3.694456,74,5111.057385
1.177349,94,5111.264796
4.080928,83,5111.445537
1.826115,91,5111.625648
4.031341,71,5111.771094
-0.430422,83,5111.941134
0.722009,77,5112.095574
4.42318,65,5112.228558
5.09524,86,5112.398972
1.85949,90,5112.580516
0.376395,118,5112.818608
1.651998,85,5112.987551
103.009935,61,5113.114211
4.287506,87,5113.294709
102.978634,50,5113.391623
2.10113,69,5113.520873
1.353396,74,5113.664714
2.293797,72,5113.803712
1.285871,81,5113.959353
3.987172,80,5114.114075
1.980113,85,5114.282439
4.147013,70,5114.418667
5.480116,63,5114.541657
104.52547,70,5125.836576
3.317796,95,5126.022769
1.317712,66,5126.161239
2.203106,89,5126.343998
3.412252,59,5126.46394
3.683337,72,5126.607191
4.304172,60,5126.724918
2.69566,88,5126.90882
5.209028,76,5127.05683
102.602347,46,5127.147306
3.259975,66,5127.279503
1.342129,89,5127.456342
3.778428,63,5127.579354
101.092176,87,5127.748674
4.413312,69,5127.884551
100.989802,166,5128.212543
1.886877,74,5128.36112
2.098107,72,5128.503294
102.778965,62,5128.626106
103.408835,72,5128.76977
3.175667,71,5128.908963
3.513465,69,5129.048146
2.967424,77,5129.199993
1.587245,147,5129.494544
1.954555,69,5129.628223
0.573994,92,5141.02132
2.64775,66,5141.150929
3.895241,61,5141.288337
100.911642,86,5141.462747
100.98478,79,5141.624021
100.636336,56,5141.741137
3.758291,89,5141.9164
1.040113,74,5142.064515
4.455762,68,5142.20866
2.273714,71,5142.350446
0.857093,65,5142.481477
2.185773,90,5142.66365
4.667811,65,5142.793846
4.149667,66,5142.923563
1.893229,63,5143.046882
4.045069,81,5143.211144
100.580663,22,5143.253774
5.096086,61,5143.3785
101.436639,76,5143.531673
1.71714,93,5143.714903
103.327433,75,5143.863321
104.625102,65,5143.992491
0.83474,102,5144.191922
103.976339,61,5144.313337
103.9912,54,5144.421071
-2.460506,295,5145.012771
0.936937,120,5156.468351
2.291636,68,5156.605662
2.14673,76,5156.759841
3.158501,63,5156.887456
4.736536,64,5157.016558
3.297333,76,5157.169946
103.076885,50,5157.269716
101.738113,41,5157.34952
101.742408,80,5157.513452
103.846666,57,5157.627531
3.175964,78,5157.783598
3.577411,77,5157.950545
1.6451,88,5158.12806
2.115324,70,5158.26256
100.850728,71,5158.401176
1.831628,69,5158.537942
4.945198,66,5158.669932
4.079829,70,5158.808897
5.001083,65,5158.936185
3.49725,107,5159.145751
2.178689,62,5159.270879
3.579887,71,5159.412795
103.214798,70,5159.560608
2.580642,72,5159.695161
100.908301,85,5159.862345
4.575083,61,5159.989899
3.745445,66,5160.126185
3.143111,66,5160.254959
-0.166129,76,5160.404263
101.051504,107,5171.982594
101.294608,71,5172.133171
4.737069,69,5172.270978
2.426652,69,5172.408145
3.131712,69,5172.547216
3.641523,66,5172.674648
-2.415891,184,5173.051873
3.68977,77,5173.208746
1.789177,85,5173.381891
3.728389,71,5173.535575
2.85783,69,5173.676963
-0.087286,295,5174.268044
101.50288,53,5174.376638
105.775327,63,5174.511494
5.195189,62,5174.638458
3.736543,70,5174.781019
104.665151,57,5174.897302
101.511696,56,5175.019845
102.903458,64,5175.154863
101.993725,63,5175.286052
102.421078,77,5175.446111
105.603723,63,5175.574074
4.117966,65,5175.712145
1.2217,88,5175.89351
2.55026,67,5187.255116
101.082144,96,5187.45504
0.333645,78,5187.615644
4.691857,74,5187.765808
4.049279,64,5187.896506
102.644981,66,5188.035346
4.22565,104,5188.262619
100.902407,92,5188.454617
101.206631,57,5188.570291
2.359416,62,5188.699264
2.192166,67,5188.831611
4.205575,68,5188.963057
3.650134,67,5189.092393
3.396327,67,5189.226063
2.449678,118,5189.4608
3.378415,67,5189.595192
2.577477,90,5189.773085
4.28792,63,5189.902239
2.867844,68,5190.039408
102.677,67,5190.180468
3.447716,72,5190.327311
3.01004,71,5190.47571
101.465388,86,5190.655243
101.147135,47,5190.744194
-0.518225,203,5191.136613
3.705544,66,5191.26808
1.384449,84,5202.709256
0.257487,97,5202.909079
104.10596,58,5203.025911
104.424367,55,5203.145579
5.164238,82,5203.328318
2.363574,70,5203.472843
2.630564,65,5203.604249
103.686644,75,5203.76612
2.329751,71,5203.923877
3.518427,73,5204.076823
3.629482,66,5204.213822
100.61694,29,5204.276603
104.500273,65,5204.408764
1.471694,70,5204.553187
1.697189,59,5204.675577
101.350183,155,5204.985054
0.372862,81,5205.141669
0.126602,230,5205.593909
102.393152,71,5205.732027
3.806449,76,5205.882169
1.801191,70,5206.020556
2.744724,70,5206.16027
1.08031,67,5206.291013
3.697447,66,5206.420988
-0.397103,115,5206.66219
3.84321,87,5206.832479
5.178435,68,5218.236448
101.864521,64,5218.362137
2.762577,62,5218.483299
101.503806,88,5218.660877
1.500817,91,5218.8553
100.690994,55,5218.966061
100.534977,79,5219.122647
1.327044,75,5219.280012
101.153994,34,5219.347155
3.305274,67,5219.482293
-0.301596,101,5219.69148
2.92144,69,5219.834217
4.908931,80,5219.996155
100.845692,73,5220.148398
1.566649,80,5220.316989
0.758452,80,5220.482234
5.261825,62,5220.60497
3.676334,61,5220.731069
3.791533,73,5220.877292
3.068861,69,5221.015116
5.249397,64,5221.143183
3.789255,61,5221.264933
4.112456,68,5221.399016
100.824249,76,5221.548455
-0.880012,212,5221.96402
104.593858,70,5222.101745
102.057989,70,5233.487885
3.769794,61,5233.615684
104.465556,57,5233.744348
1.659174,92,5233.934889
104.074536,71,5234.074301
101.384284,91,5234.257348
4.103692,70,5234.393444
1.791634,82,5234.565686
2.740289,67,5234.708869
102.342605,74,5234.860179
102.272827,73,5235.006181
101.027658,86,5235.179938
100.844184,79,5235.338538
3.844255,82,5235.496335
1.672257,90,5235.67709
3.622513,67,5235.809855
4.360156,61,5235.927577
1.480926,84,5236.088996
3.141085,99,5236.279856
102.494696,67,5236.415337
2.204692,60,5236.535389
2.176559,62,5236.661114
0.255633,107,5236.874848
4.123666,81,5237.034688
1.794734,73,5237.181023
3.176479,72,5237.326508
105.64831,64,5237.454739
101.545833,89,5248.936043
102.554474,66,5249.073108
101.878144,70,5249.216259
-0.520094,85,5249.394848
1.247017,87,5249.582766
0.627126,1000,5251.625158
-0.899569,116,5251.849109
-0.822259,158,5252.169347
1.580187,77,5252.329679
2.813492,72,5252.479209
4.382992,63,5252.612816
1.611705,121,5252.862404
1.383891,69,5252.996613
105.264012,68,5264.395819
101.725967,54,5264.503035
4.634329,73,5264.661896
102.807539,71,5264.802824
101.364674,90,5264.979477
102.06637,77,5265.131729
103.366387,65,5265.260717
103.413826,55,5265.37492
3.219775,64,5265.498183
3.93382,85,5265.66405
102.026197,101,5265.860234
1.978092,77,5266.01388
105.705619,67,5266.143865
3.227846,69,5266.282019
1.227059,66,5266.410671
103.493545,68,5266.541505
103.763235,59,5266.657647
3.253674,81,5266.814665
1.791264,89,5266.994557
2.484048,67,5267.129542
2.478758,92,5267.311643
2.519543,73,5267.456528
2.257588,89,5267.632437
100.523043,57,5267.744514
1.402107,75,5267.904948
1.921588,64,5268.033938
101.938605,80,5268.193016
4.709722,73,5268.340756
0.071914,142,5280.075131
0.211149,103,5280.286655
1.921489,75,5280.434693
6.128766,63,5280.558407
104.073593,56,5280.668901
102.412485,125,5280.917773
3.657767,86,5281.084882
102.561997,56,5281.196554
3.067836,68,5281.330175
4.175322,91,5281.521108
101.373434,92,5281.699689
4.316959,65,5281.828624
2.296345,74,5281.976683
3.21218,79,5282.135113
5.241207,64,5282.261349
1.455036,95,5282.451532
2.002274,66,5282.589018
101.327826,77,5282.743855
2.68684,60,5282.861897
3.599225,78,5283.012289
4.107677,67,5283.146059
5.081666,81,5283.304864
2.435702,75,5283.44955
4.65348,61,5283.571065
2.873809,77,5283.728434
100.307715,58,5283.842325
0.309381,67,5295.229691
2.20912,82,5295.413437
1.885467,61,5295.53834
101.500497,56,5295.651134
101.009867,47,5295.743697
100.746292,44,5295.832224
3.761577,84,5295.997398
4.701287,65,5296.124444
1.73653,84,5296.28733
0.751993,109,5296.497186
102.602179,71,5296.639956
5.165539,69,5296.776373
3.55399,72,5296.912253
0.580535,69,5297.046298
-2.036203,150,5297.34034
104.610544,62,5297.468367
2.853688,90,5297.649421
3.745659,81,5297.808894
104.936348,64,5297.939856
3.521951,65,5298.070974
1.890751,70,5298.211057
0.460554,561,5310.727449
-0.527203,84,5310.889893
3.635027,79,5311.042568
1.523983,89,5311.216907
5.021402,77,5311.371042
4.296943,62,5311.494034
4.239882,64,5311.620001
104.668813,66,5311.749456
5.008995,63,5311.872125
104.403646,68,5312.008511
102.327523,60,5312.126631
102.312972,68,5312.273283
2.709171,81,5312.434177
5.84402,63,5312.558213
2.661491,81,5312.719336
2.853462,70,5312.863197
104.125601,64,5312.991414
4.535782,64,5313.125599
100.537754,57,5313.246289
0.653373,75,5313.402419
3.467435,71,5313.549259
101.106474,100,5313.751775
101.161661,86,5313.924069
3.866422,66,5314.058412
2.211751,68,5314.194309
103.638566,70,5314.333051
2.499617,89,5314.509368
-0.353715,209,5326.182141
4.433119,60,5326.301599
-0.645799,94,5326.484654
3.371014,73,5326.630816
4.708809,78,5326.814543
101.851731,72,5326.952841
0.324336,83,5327.118289
3.608342,63,5327.243349
-1.079268,340,5327.934188
5.017747,81,5328.103339
0.993584,69,5328.247334
104.651515,62,5328.375916
0.735628,212,5328.817014
-0.178006,86,5328.997288
0.427355,112,5329.293963
2.502627,91,5329.516077
1.875011,70,5329.658762
2.514514,72,5329.802692
-0.867426,107,5330.017212
2.297689,62,5330.140319
4.561702,64,5330.270538
101.723888,109,5341.742148
1.270317,102,5341.966959
2.452005,62,5342.09494
0.406402,70,5342.23986
5.560143,63,5342.370715
103.232327,64,5342.501301
0.887428,106,5342.717748
2.099327,68,5342.853693
100.654073,73,5342.998422
101.409635,72,5343.137431
4.108274,62,5343.261182
1.765393,87,5343.445625
101.395389,78,5343.600402
5.21869,90,5343.77862
1.353007,101,5343.978185
105.704124,62,5344.103024
103.417594,52,5344.214695
1.428894,122,5344.468334
101.591384,95,5344.665114
101.539885,106,5344.879052
5.06153,62,5345.008939
1.979099,58,5345.133879
1.963991,80,5345.301695
105.689572,65,5345.437283
101.581837,39,5345.523765
2.590174,80,5345.686149
1.996906,66,5357.101321
4.042726,62,5357.222607
4.586304,78,5357.37631
1.316134,78,5357.54486
2.913214,94,5357.73944
4.187888,62,5357.865527
2.756945,86,5358.038363
4.208203,63,5358.163902
101.686142,91,5358.342312
2.379176,71,5358.489164
5.268396,75,5358.640764
-0.347508,133,5358.909221
1.794687,81,5359.069308
3.199115,114,5359.295893
3.810481,72,5359.441377
2.505021,82,5359.606899
103.207806,68,5359.748503
4.628047,63,5359.878929
101.280666,86,5360.052632
4.289003,144,5360.337417
6.089655,64,5360.465908
3.668109,75,5360.620072
4.11499,68,5360.769571
102.749176,73,5360.928199
4.503941,63,5361.058953
3.750536,77,5361.219597
5.869165,68,5372.610953
105.517527,65,5372.735984
1.579252,97,5372.926501
3.942679,66,5373.057908
5.667482,72,5373.210822
1.520398,59,5373.324506
0.449112,171,5373.665942
2.348459,68,5373.803114
3.029322,62,5373.926305
3.911824,66,5374.056242
3.662311,73,5374.198124
1.22338,95,5374.384056
5.759951,62,5374.50143
1.506054,70,5374.63306
4.006826,64,5374.756975
102.504352,56,5374.865415
2.197991,64,5374.992154
100.728625,73,5375.136449
2.886339,61,5375.255973
102.52367,73,5375.40145
102.807761,66,5375.550642
-0.058265,79,5375.70164
2.042844,76,5375.850603
103.278219,57,5375.963721
3.392704,74,5376.110134
2.595466,96,5376.3
1.418597,69,5376.437392
-0.588544,93,5387.839618
4.448505,104,5388.04632
102.721119,61,5388.166996
102.670078,69,5388.30562
3.408489,63,5388.431205
1.20095,74,5388.58187
4.282034,61,5388.70797
5.265951,76,5388.862282
1.176507,82,5389.023696
1.996764,67,5389.156863
101.06068,83,5389.339855
102.221987,64,5389.472978
103.182732,55,5389.587811
0.193564,80,5389.753399
1.626369,64,5389.881625
4.161801,72,5390.022482
2.637242,71,5390.158279
4.376876,61,5390.283504
0.818968,68,5390.420492
3.89263,76,5390.571298
3.489204,77,5390.724826
101.597845,92,5390.90814
100.887,69,5391.041346
1.988981,74,5391.189689
101.282675,93,5391.370434
3.520584,61,5391.492304
1.542486,77,5391.642942
4.171577,65,5391.770186
1.338659,74,5403.116057
100.82755,68,5403.255679
2.040692,83,5403.440798
3.727643,74,5403.591983
2.819851,61,5403.721958
4.435429,64,5403.853063
3.149657,88,5404.035621
1.966297,98,5404.241089
0.798213,93,5404.434
2.119817,70,5404.580544
1.334279,90,5404.765739
2.784743,82,5404.931781
2.537885,72,5405.076482
2.719853,67,5405.206857
1.942712,103,5405.40887
102.752218,64,5405.536676
1.359192,120,5405.77645
101.464394,73,5405.92213
105.268969,67,5406.060103
-2.060989,223,5406.528037
3.882285,70,5406.674816
4.333386,60,5406.801947
1.789737,84,5406.976943
3.146021,80,5407.142161
106.076431,67,5407.279226
101.870635,69,5418.833772
1.019031,67,5418.969289
4.612115,64,5419.095731
101.904378,63,5419.223159
2.957266,70,5419.358379
4.622169,81,5419.517828
4.529009,81,5419.679999
1.94229,71,5419.837353
102.739189,70,5419.976852
0.844696,93,5420.18076
2.807723,214,5420.62621
1.457189,131,5420.893827
0.774636,92,5421.08098
4.012494,74,5421.234367
1.181769,76,5421.391063
4.70574,81,5421.559569
2.94164,90,5421.745525
2.931107,68,5421.886586
1.000673,76,5422.040008
2.592631,75,5422.194441
103.138778,72,5422.344286
0.571604,81,5422.511456
101.273939,36,5422.596075
102.916508,68,5422.728104
103.032867,72,5422.875789
4.461664,66,5434.411326
2.914616,91,5434.595252
0.087556,224,5435.077328
4.010423,66,5435.210776
5.921806,71,5435.360885
101.093287,65,5435.502749
3.663436,62,5435.634209
0.715542,69,5435.776799
100.640429,64,5435.906712
4.442662,63,5436.038308
5.69793,64,5436.172113
3.310816,65,5436.309444
4.752138,67,5436.45193
0.653974,129,5436.717516
101.212406,53,5436.826228
101.270531,79,5436.996119
6.062276,64,5437.129287
5.943114,63,5437.261248
5.177435,72,5437.411926
104.012381,70,5437.562762
4.357591,66,5437.699841
100.88156,78,5437.861809
2.413755,68,5437.998473
101.14927,52,5438.10732
100.603882,65,5438.246742
1.89599,101,5438.451431
102.401027,67,5438.591972
102.804278,65,5450.038018
101.16558,77,5450.194044
105.943622,65,5450.320763
101.173694,82,5450.484518
101.059533,53,5450.587404
101.077008,73,5450.735054
101.459735,60,5450.853895
101.3605,74,5451.000821
1.758273,99,5451.210217
0.346638,70,5451.354949
1.687678,85,5451.551491
4.069176,71,5451.703984
3.769723,79,5451.867759
0.857102,148,5452.169779
5.617927,77,5452.334543
102.023631,148,5452.647372
1.049692,91,5452.836131
100.591829,72,5452.989807
102.571969,62,5453.121525
-0.829383,105,5453.351278
0.246015,99,5453.564092
5.102286,70,5453.714778
102.633434,66,5453.863168
105.202124,62,5454.009582
3.601479,65,5454.148897
3.032604,63,5465.560283
-0.951889,128,5465.807471
3.225323,67,5465.938812
4.864111,71,5466.090836
4.010401,64,5466.216335
2.557958,73,5466.355267
1.346836,63,5466.479683
1.16804,63,5466.601582
100.843751,80,5466.755687
2.788326,70,5466.896427
2.112364,69,5467.033536
101.904154,72,5467.173052
104.440234,58,5467.284534
1.898658,64,5467.407797
4.205358,101,5467.608418
0.216706,117,5467.85171
1.345218,71,5467.997422
1.374503,79,5468.153592
105.221863,68,5468.288091
-0.277792,251,5468.814493
3.306211,63,5468.935555
4.284784,68,5469.069842
101.930675,98,5469.266236
1.894247,80,5469.426446
1.995701,69,5469.56374
4.512592,65,5480.918215
3.219956,69,5481.067345
105.644649,74,5481.220293
3.195079,68,5481.36016
4.002962,79,5481.522772
1.08834,96,5481.715801
1.72747,87,5481.897512
101.125523,61,5482.032254
103.741373,67,5482.168171
3.553718,63,5482.299989
101.733404,66,5482.434854
103.673196,57,5482.546106
1.694064,95,5482.732383
102.414278,71,5482.8677
4.106953,67,5483.000825
1.680824,89,5483.173265
103.075545,62,5483.295258
3.093719,71,5483.433959
1.815276,90,5483.610388
2.909324,88,5483.782805
0.938008,78,5483.941012
2.866737,105,5484.148997
3.141737,78,5484.304447
-0.540269,102,5484.503633
2.03151,62,5484.626132
101.903294,73,5484.769083
102.281475,56,5484.877653
103.267718,67,5496.31684
2.150844,74,5496.468994
3.690501,69,5496.611501
0.999922,98,5496.83158
0.654855,139,5497.104729
1.025458,93,5497.286715
1.166943,1000,5499.257449
5.094855,62,5499.380919
101.301458,57,5499.499105
4.519613,65,5499.631318
103.620375,71,5499.774547
1.418149,86,5499.949032
104.499864,61,5500.069014
4.025795,62,5500.190085
4.44029,92,5511.703623
1.787571,61,5511.821097
3.336145,85,5511.991993
3.953318,78,5512.150507
2.566158,80,5512.31478
104.21573,56,5512.423711
101.496716,72,5512.566662
1.69042,85,5512.736083
101.629483,64,5512.872335
4.39543,72,5513.015592
2.881731,73,5513.160975
3.779035,64,5513.284197
3.330372,70,5513.439539
102.598126,65,5513.569401
1.408516,88,5513.740861
2.809609,76,5513.898206
4.486036,62,5514.022735
4.031676,76,5514.172692
2.961575,68,5514.309742
104.646764,69,5514.453878
-0.323928,133,5514.719535
100.521197,58,5514.835726
4.255578,63,5514.962822
3.218157,91,5515.143759
2.018542,70,5515.280191
101.511013,83,5515.44241
4.30828,64,5515.568973
3.590861,77,5515.716521
3.980578,62,5526.998857
101.037512,83,5527.163762
1.254591,79,5527.324684
2.382203,82,5527.499154
4.305587,82,5527.662679
3.641943,67,5527.793672
101.60925,104,5528.00552
3.783877,72,5528.150856
104.70992,73,5528.29903
4.573752,61,5528.418988
4.179899,83,5528.586898
100.669941,90,5528.767371
3.535779,69,5528.907525
104.333078,70,5529.0456
102.697914,73,5529.192753
0.150827,93,5529.378899
2.353836,77,5529.530849
3.551298,60,5529.653489
4.131186,81,5529.839616
0.510617,90,5530.012779
4.610941,62,5530.134147
104.265,69,5530.267964
102.385644,68,5530.402495
2.939273,83,5530.566186
4.477261,67,5530.698276
2.861018,72,5530.839852
101.623244,104,5542.21928
2.90826,70,5542.360776
101.35286,112,5542.590421
100.994968,34,5542.657896
3.753566,61,5542.778022
103.734173,55,5542.886293
101.019178,70,5543.02588
101.91133,71,5543.161908
101.31011,76,5543.312443
2.380289,85,5543.481305
100.959306,82,5543.643278
102.161766,64,5543.772346
0.295358,113,5544.009396
2.767837,67,5544.142979
101.238672,109,5544.360831
4.785237,66,5544.492422
101.44452,77,5544.647203
3.777258,67,5544.776458
4.4897,63,5544.903411
100.63187,82,5545.064745
101.88069,54,5545.17427
0.915535,71,5545.312512
5.052086,63,5545.444911
1.825211,65,5545.572987
4.021893,71,5545.711401
1.459286,74,5545.861139
3.702171,78,5546.021856
4.145343,72,5546.167253
1.898016,69,5546.303961
1.101663,71,5557.638122
102.698404,63,5557.762796
0.59312,70,5557.91771
104.299274,74,5558.062762
103.790423,62,5558.186736
1.657376,96,5558.380939
103.082399,61,5558.503479
2.220482,104,5558.711606
1.832101,71,5558.851746
3.456553,69,5558.986859
4.74444,65,5559.116719
1.265978,74,5559.259087
4.101529,79,5559.415715
3.938074,70,5559.554272
4.663258,68,5559.697974
104.415178,58,5559.812425
3.253348,98,5560.009028
0.4382,96,5560.203849
1.931064,91,5560.384744
3.435626,63,5560.508845
3.77097,96,5560.702434
5.111418,75,5560.851882
5.059925,72,5560.993761
102.587992,54,5561.104623
105.900763,65,5561.235964
4.547796,66,5561.367923
4.68691,93,5561.554581
1.431729,90,5572.958595
101.015988,79,5573.117208
0.638635,71,5573.259084
5.650262,66,5573.390172
103.844107,59,5573.506395
4.927664,69,5573.643331
2.56721,77,5573.798497
2.524889,68,5573.933709
2.116781,69,5574.086873
101.09014,85,5574.257192
4.017379,66,5574.387297
3.313783,87,5574.561728
102.958356,63,5574.686241
5.458259,119,5574.916623
102.541054,53,5575.023057
3.513303,75,5575.169762
103.046976,54,5575.278561
102.749099,71,5575.419254
101.778419,71,5575.560851
101.314617,68,5575.697868
105.575354,67,5575.829317
101.609226,81,5575.991394
101.407528,78,5576.147016
101.64771,84,5576.316742
0.832879,146,5576.605401
4.208643,106,5576.820646
102.129351,72,5588.150511
2.313558,87,5588.320797
5.446993,71,5588.474401
3.073159,73,5588.620476
3.409582,81,5588.778306
103.491883,72,5588.925184
0.607716,140,5589.202905
2.25601,68,5589.335845
2.695662,68,5589.468308
100.350735,56,5589.576165
101.597127,63,5589.698154
2.439039,85,5589.868228
3.789477,89,5590.046484
101.085303,41,5590.127342
4.583429,71,5590.27743
4.753615,61,5590.39647
1.463765,70,5590.533878
3.177156,61,5590.654321
2.783432,70,5590.792165
3.689866,75,5590.936654
100.951126,90,5591.117478
0.996908,79,5591.276699
-0.320304,84,5591.443607
2.147827,69,5591.580946
104.353519,58,5591.696482
1.874544,68,5591.832275
1.666632,85,5592.001813
1.662515,101,5603.435458
100.939678,72,5603.578517
104.007516,69,5603.712095
3.516134,68,5603.846582
2.563509,84,5604.014375
4.622604,90,5604.195955
3.935585,71,5604.339436
1.534991,68,5604.479623
104.896763,67,5604.629005
1.653881,85,5604.796088
-1.057275,104,5605.004188
0.898271,75,5605.159601
106.036115,69,5605.297577
102.633243,68,5605.431892
3.895121,66,5605.561967
102.358177,69,5605.697928
101.729637,56,5605.810954
3.408518,73,5605.958157
4.655519,64,5606.091171
103.091874,69,5606.226583
1.666628,90,5606.402472
3.453985,66,5606.534869
2.844033,78,5606.691104
2.813554,66,5606.820608
105.747888,67,5606.952232
101.405228,106,5607.159491
2.702647,73,5607.308651
103.110076,67,5607.443125
5.313876,81,5618.831736
1.543636,85,5619.013305
1.417343,93,5619.199798
103.479405,73,5619.342304
1.509957,86,5619.511169
1.323709,92,5619.696156
105.527651,63,5619.823991
3.050611,83,5619.989645
3.457686,68,5620.130986
1.578144,83,5620.295007
4.276672,61,5620.414979
4.087607,66,5620.546295
1.512169,102,5620.751322
0.907466,70,5620.891189
102.16351,59,5621.008456
2.952275,65,5621.138294
4.305261,82,5621.305217
3.444511,62,5621.43478
2.261604,68,5621.571604
4.292697,65,5621.701776
4.165241,66,5621.834282
3.383563,75,5621.98713
100.42764,78,5622.140731
100.575582,56,5622.254009
3.741875,73,5622.396889
101.014479,84,5622.577528
2.197218,85,5622.743791
100.938644,74,5634.073523
103.613411,53,5634.177167
4.899312,120,5634.414624
4.094552,64,5634.537508
101.423739,68,5634.684216
3.176712,61,5634.807717
100.6184,90,5634.985276
2.847297,203,5635.390021
1.436079,69,5635.530441
101.145014,76,5635.681633
100.807214,82,5635.844832
3.675731,64,5635.969542
4.797687,64,5636.099337
100.445161,47,5636.193624
102.075542,70,5636.338451
100.616326,45,5636.427709
101.628044,65,5636.555851
101.371784,53,5636.660174
4.257683,72,5636.803701
102.243454,60,5636.919667
101.784924,76,5637.0685
2.649102,79,5637.231942
4.438226,105,5637.442564
2.303764,90,5637.617267
3.544985,66,5637.748073
4.500061,67,5637.877938
4.531435,69,5638.013631
1.407348,77,5649.400194
-1.894108,134,5649.679729
2.255476,61,5649.800941
0.885667,76,5649.953835
0.248514,80,5650.112482
1.321806,90,5650.289453
2.124071,79,5650.447197
4.84295,66,5650.57747
103.248946,68,5650.710115
103.628644,71,5650.853947
2.794064,71,5650.994239
4.469915,65,5651.12179
1.024921,72,5651.263311
2.485337,89,5651.437402
5.982842,64,5651.564379
101.315815,78,5651.721276
100.707802,62,5651.839453
2.309276,70,5651.979365
2.31595,82,5652.143003
101.414239,84,5652.310923
4.345112,64,5652.43407
2.19856,64,5652.563149
100.999604,78,5652.717193
1.042629,75,5652.865295
3.836666,62,5652.990065
4.973539,76,5653.144793
101.458403,82,5653.306684
2.505641,67,5653.439223
1.138717,75,5664.804687
2.873273,93,5664.986572
101.662101,57,5665.098642
100.96587,108,5665.3143
3.528601,76,5665.469563
103.256235,74,5665.610432
103.833097,68,5665.749689
1.77044,81,5665.92548
2.062248,102,5666.123706
3.415573,157,5666.443339
3.181699,65,5666.571955
-0.362524,111,5666.794719
104.307856,59,5666.911969
105.477418,71,5667.055839
100.967755,85,5667.223514
3.286099,99,5667.415378
5.816594,65,5667.547493
4.291985,67,5667.679241
1.003054,109,5667.889279
105.481618,64,5668.015514
102.080803,51,5668.116621
101.461351,44,5668.204231
101.044079,81,5668.363482
0.17462,76,5668.520046
104.08886,65,5668.653513
102.623882,64,5680.007481
3.84674,68,5680.151768
4.558035,72,5680.295032
3.10782,74,5680.441402
101.171574,103,5680.646306
3.442128,74,5680.798312
101.728456,62,5680.922938
3.289853,105,5681.133303
101.039488,100,5681.333906
-0.021312,128,5681.591322
3.928747,62,5681.715177
101.052681,82,5681.877689
0.602303,114,5682.100964
100.616011,69,5682.238088
0.203707,168,5682.572508
1.37919,61,5682.695348
2.040487,77,5682.848478
5.637486,68,5682.979495
5.408527,71,5683.118949
4.910937,64,5683.248647
100.301851,56,5683.36362
2.854867,80,5683.520809
2.768762,79,5683.682728
3.415927,75,5683.827449
1.554979,71,5683.968175
101.263191,73,5695.344684
104.39151,76,5695.495712
4.097288,69,5695.630247
103.674169,53,5695.732972
4.3183,66,5695.867218
2.444306,68,5696.003821
3.884503,65,5696.133939
2.900142,64,5696.262714
2.361373,84,5696.445842
4.484144,104,5696.652893
100.928295,95,5696.845204
103.147247,75,5697.003549
1.797679,71,5697.141776
105.483352,72,5697.281286
1.248342,94,5697.467185
101.009081,67,5697.597311
100.690495,70,5697.740789
101.927231,41,5697.820271
1.646093,164,5698.142408
102.619714,59,5698.259478
100.420363,76,5698.414147
101.685175,92,5698.602162
4.589019,68,5698.737145
4.271606,66,5698.867275
101.496085,91,5699.052113
3.316857,108,5699.265146
0.257515,322,5711.174778
4.294319,65,5711.306154
1.542694,73,5711.455995
3.111075,68,5711.587092
103.928713,68,5711.734509
5.178612,68,5711.86928
102.037058,60,5711.987633
5.536404,72,5712.129506
0.286024,92,5712.320921
102.995784,75,5712.470065
1.400335,83,5712.638829
2.051148,76,5712.794902
0.84792,74,5712.943639
1.02078,87,5713.122058
5.464475,75,5713.282344
1.403389,71,5713.428618
104.257711,60,5713.555002
4.678826,62,5713.69042
102.381315,77,5713.854364
103.896757,57,5713.968068
105.879151,64,5714.100614
100.826604,81,5714.265488
1.319312,63,5714.390332
1.484286,70,5714.530855
4.019721,66,5714.661687
4.2677,62,5714.784618
4.433895,63,5726.102693
2.526457,68,5726.236682
4.466694,97,5726.431533
0.518377,183,5726.802823
4.319103,65,5726.934444
102.966503,49,5727.0295
1.759386,70,5727.194036
1.578504,87,5727.369098
101.80309,75,5727.517945
5.563101,68,5727.654239
3.342784,74,5727.804228
2.950761,68,5727.940473
2.63605,75,5728.086899
102.483434,48,5728.180933
3.550943,93,5728.366224
105.112136,61,5728.485694
5.245767,86,5728.660387
100.952212,90,5728.84094
100.835097,58,5728.954895
1.904097,71,5729.094771
3.368992,74,5729.245462
2.314206,68,5729.389256
5.153808,64,5729.521675
5.368789,72,5729.669492
2.699861,77,5729.82791
4.237591,105,5730.045135
1.408799,65,5741.43746
3.282796,85,5741.625022
101.873703,50,5741.724451
0.203606,89,5741.899694
3.33467,102,5742.110089
1.183184,76,5742.259882
102.287088,65,5742.392338
1.181395,76,5742.553932
101.944534,103,5742.755961
-0.340285,93,5742.94295
1.423691,137,5743.216169
101.824707,83,5743.382876
4.168582,70,5743.522103
2.269579,81,5743.679244
3.181652,71,5743.82051
3.379667,63,5743.946207
3.156425,72,5744.092658
2.704575,68,5744.226157
2.876214,87,5744.400517
1.37364,95,5744.591308
102.01142,65,5744.716164
3.968944,63,5744.845481
4.943601,70,5744.984191
4.006272,62,5745.107875
1.524502,88,5745.280856
1.814325,73,5745.428751
3.962903,62,5756.752925
1.290562,63,5756.878581
4.534914,63,5757.002228
3.452471,66,5757.131226
4.575741,75,5757.279203
101.073448,76,5757.426889
100.678254,58,5757.541213
3.586156,63,5757.665154
2.467359,79,5757.821947
2.450001,87,5757.987485
2.830727,65,5758.113611
0.451954,92,5758.313128
0.467913,66,5758.445921
6.063305,65,5758.572418
3.2817,206,5758.97621
103.255444,56,5759.086289
4.74746,67,5759.219966
104.152496,71,5759.359092
1.462699,109,5759.569978
0.195562,86,5759.738909
4.348182,63,5759.863368
103.110231,69,5759.998257
4.55031,61,5760.117126
100.841222,83,5760.275698
0.142529,73,5760.428684
104.813208,59,5760.542667
101.173799,82,5760.705292
4.022696,63,5772.092227
100.998971,70,5772.250606
101.613612,125,5772.507846
101.735286,95,5772.704922
5.121227,63,5772.830884
3.932212,69,5772.967007
-0.387595,86,5773.13816
1.30355,93,5773.317823
3.287984,70,5773.465625
1.738169,88,5773.643925
2.574812,78,5773.800477
104.180042,69,5773.94331
-0.680532,89,5774.132294
3.880574,67,5774.275056
100.949952,64,5774.407081
2.415277,90,5774.596017
2.463854,69,5774.738066
100.584261,74,5774.887735
0.282337,106,5775.100218
4.603259,89,5775.281352
101.235293,74,5775.426655
100.515201,48,5775.523086
0.775105,140,5775.81064
3.048082,72,5775.958271
3.763648,72,5776.108328
5.865108,69,5787.501156
2.351643,68,5787.638839
0.6488,75,5787.797287
3.523278,66,5787.934994
104.667526,58,5788.051088
1.114132,72,5788.198865
2.180224,75,5788.371964
0.696388,94,5788.56824
3.844745,65,5788.699563
1.745165,64,5788.82543
4.709715,65,5788.951877
2.005692,72,5789.103893
1.069236,73,5789.256217
4.78854,65,5789.392695
3.297311,80,5789.558611
1.247414,82,5789.728625
4.788372,63,5789.860896
105.381585,68,5790.002046
102.337854,75,5790.156025
3.227936,93,5790.339686
102.637068,65,5790.469347
100.720812,64,5790.591436
105.014956,61,5790.713031
2.570345,102,5790.912307
106.150559,69,5791.049736
2.759109,68,5791.186275
2.776794,62,5791.308721
105.987021,65,5791.439499
101.391339,72,5791.582537
2.189112,89,5802.955339
1.791557,124,5803.212382
2.471537,83,5803.376437
2.920547,65,5803.507427
104.220111,72,5803.650568
102.013267,75,5803.804094
3.205033,66,5803.940411
0.828546,104,5804.150568
103.489762,70,5804.289104
5.183054,68,5804.42421
2.636473,76,5804.593608
0.916193,106,5804.816107
104.904507,74,5804.961549
3.261435,65,5805.091085
4.209482,62,5805.212964
2.20523,72,5805.35575
3.842665,93,5805.542025
105.117756,66,5805.673998
5.468275,63,5805.798958
5.802404,65,5805.931081
4.259781,64,5806.05924
2.026147,69,5806.197718
4.542247,74,5806.346499
4.614572,64,5806.474986
4.029972,62,5806.601932
3.921333,85,5806.771448
102.282787,66,5806.901879
-0.222629,132,5818.625036
1.537031,93,5818.807688
3.171008,67,5818.956768
1.762402,103,5819.164389
2.404074,81,5819.32706
3.9645,71,5819.474542
3.715831,65,5819.605966
103.441745,61,5819.727966
0.40975,113,5819.951265
1.869,64,5820.078388
2.635589,71,5820.21702
4.896194,67,5820.355574
101.616564,151,5820.654372
5.502827,86,5820.823201
101.526167,62,5820.944141
2.34516,81,5821.113842
101.267993,44,5821.202193
3.514535,76,5821.353051
5.502403,80,5821.507902
104.468478,64,5821.63625
2.598961,68,5821.771701
2.107321,174,5822.120564
2.824153,103,5822.328695
2.289359,143,5833.812069
1.550592,110,5834.032031
101.549133,50,5834.127047
1.379383,87,5834.301097
101.245867,65,5834.430773
3.126871,73,5834.574987
101.054487,87,5834.749873
-0.105168,88,5834.94774
4.117936,64,5835.074231
104.398832,69,5835.213915
4.632636,75,5835.36526
4.855399,78,5835.52477
4.76246,78,5835.680082
101.534819,84,5835.846501
102.344016,48,5835.942374
2.9542,68,5836.075328
100.522199,48,5836.176049
3.462778,82,5836.335221
101.598401,116,5836.567479
2.674857,74,5836.716414
3.90463,71,5836.860219
101.094186,73,5837.003231
100.619001,87,5837.17916
2.379616,93,5837.363471
101.422373,70,5837.507124
-2.621333,224,5849.249686
2.482833,68,5849.383666
1.908211,111,5849.617502
4.968497,89,5849.791519
104.938047,71,5849.931762
103.380721,53,5850.038145
101.098785,75,5850.181727
101.327739,79,5850.353111
1.974083,70,5850.492313
0.976503,144,5850.779737
2.990498,80,5850.938723
0.839992,84,5851.108071
102.774408,69,5851.244405
102.609725,58,5851.365106
5.282773,79,5851.516646
4.565508,71,5851.659862
100.663944,75,5851.805245
2.970085,63,5851.930654
1.585933,70,5852.070153
5.009461,67,5852.202629
3.26677,81,5852.36083
1.888385,80,5852.518286
5.713235,67,5852.652834
1.132649,115,5852.874979
0.435844,100,5853.07216
100.837421,97,5864.500557
4.297915,77,5864.65277
103.270273,53,5864.755982
3.18619,68,5864.895004
3.331991,65,5865.021071
4.454565,67,5865.154071
4.138213,73,5865.302488
5.007753,65,5865.430579
100.9618,92,5865.62133
1.441697,82,5865.780446
3.526765,71,5865.922842
4.405448,66,5866.066652
101.03947,97,5866.256805
1.884881,65,5866.388234
100.59387,81,5866.546832
102.304758,74,5866.698114
5.089384,86,5866.868288
4.471399,66,5866.998346
3.645239,61,5867.121097
103.960746,60,5867.236677
6.057778,75,5867.385276
0.023877,266,5867.903424
4.109476,65,5868.030394
3.250464,75,5868.175192
4.884987,72,5868.321131
1.818624,73,5868.464257
101.780134,89,5879.877333
4.703208,64,5880.022119
2.294218,75,5880.171526
0.951913,75,5880.316145
100.734678,72,5880.460337
0.427475,98,5880.660691
2.242654,89,5880.84563
102.024463,66,5880.976321
101.28371,57,5881.090354
3.905474,67,5881.226434
1.497741,85,5881.39757
3.580957,64,5881.52613
5.660839,77,5881.680374
4.846686,70,5881.821264
105.162182,62,5881.944787
3.015042,69,5882.083266
3.493824,79,5882.239738
1.6998,111,5882.464542
2.783283,75,5882.616158
100.840677,77,5882.770767
2.572046,80,5882.930288
1.843327,77,5883.084064
0.035526,121,5883.327379
104.204694,65,5883.460695
4.928527,73,5883.608265
102.968157,65,5883.738082
5.196093,66,5883.870705
1.578996,70,5895.234212
4.169951,65,5895.365705
2.56373,78,5895.518731
100.985269,88,5895.694771
103.914969,69,5895.835226
3.486602,74,5895.980716
3.689495,65,5896.124685
4.44226,65,5896.25956
101.34031,90,5896.436138
3.298477,102,5896.638542
3.01188,77,5896.792263
5.597349,71,5896.935743
2.022238,64,5897.064065
101.108306,87,5897.238879
-0.856584,141,5897.521225
1.587603,69,5897.660372
4.388591,65,5897.787812
4.177231,64,5897.919335
102.023094,44,5898.007147
4.050177,106,5898.215889
3.965017,73,5898.363316
1.408595,85,5898.531206
0.905952,85,5898.696772
1.297284,73,5898.843592
0.730066,98,5899.03468
1.480482,64,5899.163182
3.024668,103,5910.570508
1.227866,71,5910.709669
5.838156,68,5910.845263
102.742698,76,5911.005508
2.277193,89,5911.184742
2.811922,76,5911.336553
2.849008,65,5911.468845
0.371915,73,5911.620797
100.697935,52,5911.726793
1.558821,136,5911.994817
103.282685,74,5912.142791
3.098686,61,5912.260754
1.152303,73,5912.417933
3.727893,85,5912.588026
4.100509,208,5912.998503
102.015384,96,5913.201766
3.450071,70,5913.342615
4.281956,64,5913.469233
1.315815,66,5913.607514
2.740866,72,5913.75089
100.544953,79,5913.904686
3.190544,67,5914.038771
103.976873,69,5914.191684
2.410415,70,5914.33197
1.229127,70,5914.464398
3.699937,65,5925.771921
3.962336,69,5925.908472
1.506626,73,5926.051304
103.721199,54,5926.158328
2.053405,116,5926.395309
104.486637,67,5926.534277
4.226669,75,5926.683815
2.993234,64,5926.810364
101.358001,64,5926.936366
1.632914,112,5927.154527
3.009045,67,5927.289025
2.001557,70,5927.431225
2.462397,74,5927.579393
5.059055,74,5927.72923
1.483456,77,5927.881656
-1.200396,112,5928.119335
3.715867,66,5928.251664
-0.518414,97,5928.445019
101.530601,73,5928.585144
5.597806,80,5928.752045
2.058567,75,5928.903386
102.49764,57,5929.017079
104.14392,55,5929.12671
101.070148,85,5929.295892
3.201619,87,5929.472322
1.442591,102,5929.687624
4.26717,72,5929.832893
2.742084,125,5941.252639
101.206119,120,5941.486554
102.529119,62,5941.626534
-0.310054,97,5941.824429
105.274236,68,5941.958637
2.929687,61,5942.074698
2.194241,70,5942.216789
1.498162,71,5942.354205
101.153892,81,5942.517235
101.816488,68,5942.649369
5.078412,84,5942.82018
2.171475,64,5942.946505
4.957382,72,5943.088867
3.117251,71,5943.231481
103.498789,69,5943.369325
-1.257194,101,5943.570425
101.034016,60,5943.689476
5.040161,81,5943.850163
0.430877,76,5944.002607
2.610547,79,5944.162451
-0.174516,93,5944.347738
0.471812,72,5944.49101
101.068598,70,5944.629465
101.382416,38,5944.704449
1.42989,70,5944.844826
6.305114,67,5944.978036
3.668895,68,5945.109585
3.957362,66,5956.490996
104.831266,76,5956.650852
101.050749,102,5956.858712
3.345643,99,5957.0559
101.545384,47,5957.146645
2.412202,78,5957.304447
3.091508,73,5957.450428
0.954057,101,5957.667523
101.544348,66,5957.806444
4.515677,72,5957.956809
2.562542,65,5958.091668
101.8702,65,5958.228891
101.84007,62,5958.359045
101.4299,78,5958.523288
0.5839,73,5958.670004
3.967003,63,5958.800967
4.858719,63,5958.925974
2.715832,81,5959.093024
101.694524,87,5959.260755
5.375767,85,5959.427813
5.219782,66,5959.558872
-0.525649,104,5959.764114
1.833273,86,5959.930169
101.358071,63,5960.055279
5.202607,65,5960.18466
4.065748,78,5960.339692
1.759018,81,5960.498665
5.216611,90,5971.903755
4.245214,66,5972.03362
2.02811,65,5972.163024
105.471067,73,5972.308989
1.837775,156,5972.61432
1.836686,65,5972.764451
2.970048,70,5972.905056
1.877232,81,5973.076642
2.526359,68,5973.212216
2.835607,67,5973.344799
104.534647,66,5973.479565
1.088237,89,5973.654492
4.620372,91,5973.839337
101.863111,99,5974.041805
3.91729,85,5974.207247
100.980952,57,5974.324843
3.660603,81,5974.486356
4.811025,73,5974.632544
101.173452,79,5974.790392
103.128936,64,5974.921003
4.067217,75,5975.07105
3.416279,62,5975.200186
101.977716,57,5975.316075
3.399959,63,5975.438627
2.378681,68,5975.577296
0.059169,723,5988.215567
4.414396,62,5988.334525
4.526174,66,5988.469071
104.661596,66,5988.601448
102.294167,48,5988.704603
0.365121,108,5988.918435
4.18295,65,5989.046941
2.24895,81,5989.20826
103.208216,74,5989.35406
100.976877,73,5989.499466
5.718094,73,5989.647037
2.70237,63,5989.781472
104.0814,70,5989.919554
101.723659,90,5990.09538
3.138557,93,5990.283755
101.006278,96,5990.478378
100.555546,86,5990.648394
4.387961,63,5990.781421
4.86657,91,5990.960655
101.082583,82,5991.118476
3.538295,81,6002.49601
104.656163,59,6002.612126
3.303164,61,6002.730364
103.580024,66,6002.860145
102.354641,62,6002.984763
4.208417,65,6003.116601
2.697435,68,6003.248787
101.664968,45,6003.343981
3.062082,71,6003.505406
102.535068,70,6003.642136
3.230002,85,6003.811116
-1.038343,127,6004.058881
2.253108,74,6004.19927
101.436282,63,6004.324906
2.5751,87,6004.496339
1.108539,82,6004.657851
102.561988,72,6004.804509
102.835832,49,6004.899343
5.773703,69,6005.036913
101.495426,56,6005.14598
2.508081,70,6005.280263
103.593671,66,6005.414791
1.914151,82,6005.577324
2.653974,84,6005.74709
101.488144,78,6005.905952
100.705057,68,6006.041938
101.29751,72,6006.182031
1.469428,90,6006.357678
103.794062,73,6017.795583
4.461009,94,6017.996256
4.481786,66,6018.124473
2.897411,78,6018.27815
101.710773,75,6018.427866
100.883028,68,6018.567839
2.508116,62,6018.689403
4.363461,67,6018.822808
2.993986,86,6018.996588
102.743237,59,6019.116517
5.061317,66,6019.249325
2.330438,66,6019.380027
1.953389,99,6019.572513
101.641692,82,6019.735395
2.36669,82,6019.90457
102.965435,66,6020.037016
103.934618,55,6020.148806
102.879053,67,6020.283272
5.581359,63,6020.407799
2.304537,61,6020.522441
102.361339,69,6020.654315
2.353734,68,6020.787749
101.404065,61,6020.911145
101.969531,81,6021.074397
1.727008,100,6021.269144
3.451529,99,6021.470941
104.29636,67,6021.603255
2.142527,75,6021.748412
4.623218,68,6033.10415
1.530352,94,6033.289163
5.77742,71,6033.426646
0.057376,106,6033.636195
101.644138,92,6033.816803
101.221915,43,6033.901947
2.841827,66,6034.046032
4.178203,62,6034.175503
101.736316,78,6034.32434
2.805811,75,6034.475133
4.666607,67,6034.604254
0.943337,1000,6036.579075
104.297718,62,6036.700656
3.905214,66,6036.826043
3.687255,71,6036.967633
105.501258,66,6037.102808
101.343673,55,6048.449948
4.345485,84,6048.630914
103.403336,68,6048.765439
0.324619,1000,6050.737916
3.61829,79,6050.898849
3.784795,68,6051.040767
5.664955,78,6051.203867
100.305814,50,6051.310299
3.455395,63,6051.441801
5.224113,69,6051.585619
104.213308,62,6051.712663
102.801475,65,6051.847229
101.835829,40,6051.932878
101.03613,75,6052.088505
0.716912,108,6052.314459
102.480888,48,6052.41519
3.661089,66,6063.898081
0.871728,74,6064.057588
104.742729,59,6064.178338
104.914033,75,6064.334432
3.49395,67,6064.491052
100.938258,78,6064.656578
102.683585,57,6064.778776
2.266524,68,6064.926854
5.723993,74,6065.079973
2.299404,63,6065.21378
3.114636,68,6065.354215
102.012311,66,6065.490988
5.121282,66,6065.627306
102.411804,60,6065.75368
0.858935,105,6065.970815
5.261479,79,6066.13976
0.952005,100,6066.348828
0.989934,1000,6079.977632
0.156994,104,6080.193223
3.057605,69,6080.336686
100.931197,71,6080.483657
5.305963,67,6080.623997
1.601329,69,6080.771274
4.488597,73,6080.924651
2.665494,101,6081.135793
101.005269,74,6081.301086
1.846418,76,6081.45701
102.702969,72,6081.606812
4.411661,73,6081.759748
0.561323,91,6081.9497
1.377498,92,6082.137034
2.754381,76,6082.289638
4.118373,65,6082.425638
3.701352,67,6082.568491
104.940501,68,6082.706737
101.049754,110,6082.93709
2.371723,93,6083.129189
3.913823,66,6083.268244
5.170883,96,6083.459835
3.394896,71,6083.606112
3.12291,90,6083.788691
5.802299,68,6083.942607
3.285354,79,6095.278833
104.467321,60,6095.400506
100.564373,78,6095.563566
1.741337,121,6095.809101
2.853614,93,6096.001912
4.38067,65,6096.137762
3.432167,62,6096.278152
4.738375,68,6096.420894
3.037815,90,6096.610693
1.216734,79,6096.781446
105.099411,62,6096.913307
-0.576798,85,6097.090084
100.944719,77,6097.255565
5.479329,62,6097.381675
102.140552,80,6097.544584
101.246955,49,6097.646417
-2.260185,118,6097.886048
-0.240803,164,6098.206909
0.746901,90,6098.395044
1.655804,69,6098.530312
101.391192,77,6098.680976
1.126841,75,6098.839921
5.083846,121,6099.080261
103.087078,62,6099.205858
1.717714,70,6099.34613
1.533456,70,6110.690032
102.046347,73,6110.850531
1.372738,71,6111.002671
0.295895,112,6111.23746
100.845475,51,6111.34177
101.402844,75,6111.499734
3.176384,63,6111.632139
101.24384,73,6111.793664
0.496712,77,6111.953764
4.463589,74,6112.101018
101.587098,70,6112.241743
1.315773,86,6112.413062
3.785401,91,6112.594949
4.155923,75,6112.742849
4.651139,67,6112.876508
-0.263022,84,6113.044788
4.105286,73,6113.193593
3.069117,82,6113.358869
101.099871,95,6113.549385
3.19338,62,6113.669166
104.493479,60,6113.791664
1.925137,68,6113.926094
-0.411824,162,6114.257143
-0.411545,79,6114.418396
2.390666,61,6114.538228
100.489167,74,6114.682975
101.126148,78,6126.066652
5.010555,71,6126.205959
1.306283,76,6126.358642
104.123834,71,6126.502895
2.692427,73,6126.649121
1.458132,91,6126.830516
101.184082,84,6127.015071
1.618703,69,6127.154801
2.93455,74,6127.300972
4.931842,72,6127.446948
1.860828,80,6127.604875
101.455786,66,6127.73382
103.701104,54,6127.841436
2.751757,73,6127.988331
4.667561,117,6128.226093
4.768504,72,6128.371213
103.976066,63,6128.495373
2.291787,66,6128.626439
3.835927,110,6128.847062
3.769311,66,6128.978713
1.079314,82,6129.143511
3.842983,62,6129.265336
101.480017,96,6129.453785
2.662199,69,6129.591585
2.573852,72,6129.735278
2.32122,90,6129.914135
5.67881,67,6130.051977
4.15799,65,6141.375987
3.401835,62,6141.49769
0.755094,68,6141.633863
3.529919,65,6141.780315
2.979902,72,6141.922631
102.931364,74,6142.070954
101.928292,70,6142.205581
105.362118,59,6142.324287
101.194301,85,6142.489161
2.983732,63,6142.614067
100.412812,66,6142.742329
1.680658,91,6142.924094
2.729577,78,6143.081688
101.263644,115,6143.309194
0.811252,70,6143.447551
5.441542,71,6143.583253
-0.76972,96,6143.775935
104.799532,59,6143.892776
102.946109,66,6144.021177
1.233353,70,6144.173904
1.991331,61,6144.29521
100.789741,75,6144.444734
105.452174,63,6144.566308
1.148849,90,6144.744962
2.69692,67,6144.879918
103.153281,62,6145.004304
103.957622,70,6145.139662
4.50891,100,6145.339535
101.300956,54,6156.724007
1.201438,70,6156.867961
101.247635,69,6157.00654
2.446978,61,6157.127579
104.427049,59,6157.244509
2.275702,115,6157.469252
0.690086,126,6157.719572
3.754708,61,6157.840414
-0.191834,91,6158.018802
101.48453,83,6158.179193
0.97343,81,6158.339088
102.431161,71,6158.481861
2.617633,119,6158.717264
105.260532,62,6158.843468
101.831406,61,6158.966719
101.873039,65,6159.090844
2.94901,66,6159.221592
2.356683,79,6159.378823
3.899823,75,6159.52524
4.462359,79,6159.682061
3.01186,63,6159.807439
104.401304,77,6159.961725
2.317172,92,6160.147758
0.882526,69,6160.287827
4.828452,75,6160.437884
1.68562,65,6160.566574
1.589453,82,6171.981296
100.80098,76,6172.133217
4.683981,72,6172.27422
0.772917,112,6172.498819
3.116502,70,6172.645079
4.084166,67,6172.778082
100.177694,45,6172.868837
2.645655,98,6173.074522
0.0538,147,6173.378739
3.955644,70,6173.516407
1.440163,70,6173.663562
2.223673,72,6173.80517
100.859946,74,6173.948552
1.876303,66,6174.081286
3.642061,85,6174.252611
101.615043,117,6174.484272
1.716897,64,6174.614562
4.79789,63,6174.736765
1.501648,60,6174.857159
105.048962,66,6174.987253
103.721262,71,6175.129295
2.988629,99,6175.324521
2.197889,64,6175.449886
101.355764,78,6175.602111
1.920131,74,6175.750333
4.388738,64,6175.880563
3.234875,90,6187.258289
4.019792,69,6187.395119
103.963047,72,6187.535078
103.490081,53,6187.6392
2.81257,63,6187.765529
106.094528,71,6187.924119
101.145886,107,6188.138576
101.17829,103,6188.35202
2.2197,69,6188.486303
0.201389,89,6188.661189
3.714308,75,6188.811428
2.44767,65,6188.941043
4.227017,84,6189.107989
-3.903231,253,6189.609926
2.327425,68,6189.745402
2.242609,78,6189.90131
0.846551,85,6190.068685
5.163107,73,6190.217313
1.59352,69,6190.354407
0.820775,75,6190.504421
3.804023,70,6190.643263
3.446875,68,6190.775417
2.992531,203,6191.184617
101.261316,51,6191.304227
4.134351,108,6202.717395
101.669073,115,6202.944751
0.702652,85,6203.114705
4.170497,68,6203.267516
2.831833,68,6203.402945
3.125639,90,6203.581215
102.829383,67,6203.716634
4.535992,72,6203.857167
1.494982,75,6204.005131
101.884132,79,6204.162914
2.235094,101,6204.362686
100.831627,45,6204.451868
4.006075,66,6204.582302
101.592034,71,6204.732108
101.306185,73,6204.875224
4.191197,70,6205.014158
5.212264,64,6205.13971
4.603103,68,6205.275528
102.034287,72,6205.415405
5.369326,69,6205.550905
3.131806,88,6205.726621
0.904035,79,6205.882733
-1.983384,142,6206.161622
2.56135,80,6206.318618
1.327217,78,6206.472805
2.80981,75,6206.622731
0.964362,153,6218.145585
2.733571,64,6218.272293
2.844209,62,6218.394833
4.615431,70,6218.539664
101.085241,51,6218.636152
0.229277,72,6218.778657
3.184859,68,6218.915206
2.149527,69,6219.058617
103.071244,65,6219.190345
3.859926,66,6219.32123
2.883777,62,6219.444334
3.080059,70,6219.586229
6.25448,76,6219.737213
3.311246,63,6219.864126
100.879193,81,6220.025016
101.502214,80,6220.184579
102.109031,82,6220.347747
101.299682,86,6220.518184
2.812886,82,6220.681374
101.139629,66,6220.811333
0.763488,151,6221.118655
3.950465,73,6221.265717
102.353682,66,6221.400109
4.172482,62,6221.522156
102.004746,82,6221.687536
100.670579,61,6221.805208
105.527197,66,6221.936915
-0.981975,130,6233.441684
102.089967,77,6233.59875
2.744297,59,6233.720827
5.229058,83,6233.896436
103.365143,70,6234.037293
-1.082523,123,6234.30444
4.556061,63,6234.434962
0.714205,76,6234.595998
101.11631,73,6234.745469
-2.587331,342,6235.434536
101.136868,87,6235.615227
3.158486,65,6235.747366
103.413109,62,6235.87934
100.745091,80,6236.04684
3.488703,60,6236.171204
1.421719,89,6236.356767
102.338831,66,6236.491975
2.394161,90,6236.677569
0.615249,114,6236.902734
1.837908,110,6237.118538
2.72041,97,6237.310158
4.313529,72,6248.677746
4.853406,65,6248.804487
101.943146,47,6248.896297
2.750623,73,6249.052677
5.686619,67,6249.188614
0.666445,100,6249.386077
1.194067,74,6249.5316
2.707245,72,6249.671086
4.220776,64,6249.795598
106.065318,64,6249.923032
2.915567,89,6250.10404
1.366928,97,6250.316858
4.628452,74,6250.466616
1.117784,140,6250.752283
3.54375,75,6250.897813
2.809116,62,6251.024013
101.516753,35,6251.097653
101.613785,40,6251.179926
101.946665,82,6251.353424
5.581258,77,6251.514078
1.89847,81,6251.680049
103.424679,65,6251.814868
4.769405,70,6251.959712
101.269483,75,6252.118621
1.127539,70,6252.265022
2.722206,67,6252.401634
101.9065,90,6252.591265
3.800013,70,6252.733573
5.160015,71,6264.150504
100.902365,51,6264.25703
2.130385,72,6264.413313
4.89372,62,6264.544038
100.313974,115,6264.777869
3.159739,94,6264.976552
103.913218,56,6265.09121
101.259405,129,6265.359097
104.111821,60,6265.48053
2.716861,101,6265.69347
1.912455,60,6265.816499
5.630637,64,6265.945623
0.995013,122,6266.185141
4.205947,67,6266.316474
3.801387,69,6266.453103
3.337647,94,6266.643696
3.640068,73,6266.789899
2.020105,86,6266.960802
103.083458,78,6267.117225
3.551288,72,6267.262544
3.233467,101,6267.464085
5.409586,66,6267.597306
102.598995,59,6267.710259
5.285948,70,6267.849864
5.234929,93,6268.037597
4.761512,81,6268.19705
