#{"t_start": 1759995047.2013657, "env_id": "CustomLunarLander-v0"}
r,l,t
-1.394783,106,0.78415
-0.36046,110,0.992426
-1.978264,95,1.16902
-0.337877,115,1.385506
-1.858152,100,1.5726
-1.214987,98,1.767018
-2.248215,104,1.974324
-2.065218,115,2.196334
1.699194,91,2.369138
-0.337976,125,2.608335
0.749246,97,2.804262
1.497321,105,3.011588
0.263369,113,3.232203
-2.476322,95,3.418538
-1.369246,123,3.663749
1.805553,87,3.853345
-1.526207,124,4.091575
2.525029,106,4.295249
-2.53986,110,4.509788
2.65885,101,15.770126
2.229026,108,15.987077
1.811642,98,16.182434
2.694128,97,16.372118
1.515002,114,16.591331
1.987862,97,16.782314
-0.724114,103,16.980861
0.362492,107,17.187481
2.194419,96,17.373026
1.380424,101,17.565151
1.431414,86,17.733784
1.790773,96,17.917779
-1.37432,117,18.138451
1.919827,109,18.347151
0.333684,106,18.553808
1.707595,109,18.763533
2.294342,96,18.947839
1.08667,93,19.127122
1.752292,112,19.350681
-0.447015,101,19.55159
2.424386,98,30.721457
2.452009,106,30.933613
3.081196,83,31.096218
3.160559,98,31.294891
1.30079,81,31.460303
0.138753,99,31.659776
-1.231973,100,31.876809
3.178581,101,32.080543
-1.874695,118,32.319751
2.831121,100,32.520089
2.880018,86,32.69356
2.944127,90,32.876803
2.466499,93,33.065303
2.508305,93,33.25397
2.755069,83,33.418098
-0.071983,97,33.610759
1.933803,93,33.796683
3.344336,87,33.976069
0.989567,112,34.191704
-0.740012,95,34.373239
-1.271931,100,34.564676
2.246657,113,45.841372
1.467915,89,46.036235
-0.59848,80,46.195065
2.391046,85,46.368134
2.498581,80,46.529251
3.167309,83,46.698472
1.619572,78,46.853239
-1.095633,100,47.043148
4.045479,81,47.196501
-0.060979,103,47.394785
3.915262,88,47.563823
4.230169,80,47.715654
2.636824,82,47.870711
2.7313,81,48.024246
4.538264,82,48.181149
4.074247,87,48.348338
2.259325,94,48.527293
3.289717,100,48.717122
1.323312,94,48.90103
1.845066,78,49.051427
-0.593106,89,49.22342
0.924914,86,49.388029
0.687172,94,49.563684
2.621094,76,49.709898
0.898702,101,60.90309
-0.029754,81,61.06327
0.65565,83,61.225412
0.752448,107,61.437493
2.443505,78,61.58863
-0.581779,119,61.824784
3.303044,82,61.997098
3.04319,82,62.158686
0.518999,77,62.31036
-0.316558,93,62.490325
2.86276,77,62.641628
-0.272335,105,62.849659
1.531448,84,63.015978
2.474895,80,63.172887
3.21344,82,63.339432
1.935173,86,63.507123
2.737388,89,63.681992
0.236603,76,63.844823
3.163846,83,64.008907
4.260306,85,64.175114
0.24731,104,64.378419
-0.374231,95,64.564693
4.302527,78,64.717923
2.644212,80,76.109358
0.772287,85,76.27728
0.213196,123,76.510216
3.930968,84,76.67274
2.602492,78,76.827188
-0.539803,131,77.085577
-0.687923,97,77.274745
3.401239,73,77.43047
4.510291,69,77.564918
0.668633,100,77.76026
2.509503,82,77.918594
1.625272,79,78.070608
1.261751,80,78.2281
1.467552,78,78.375479
4.075698,74,78.519879
1.312709,78,78.671912
3.896328,76,78.820716
3.102758,108,79.044397
1.163631,76,79.190211
2.830556,77,79.337806
0.81269,85,79.504452
0.670907,87,79.674387
4.018005,74,79.817086
3.70569,81,79.974304
0.049663,98,91.167425
4.017218,82,91.326105
3.251363,90,91.502491
1.558912,90,91.684774
2.849489,76,91.836601
3.318134,87,92.006456
1.235285,75,92.15661
-0.192902,96,92.347676
0.695351,95,92.535573
2.000142,76,92.687015
3.795429,104,92.889677
2.861615,77,93.041097
1.485809,75,93.191999
2.333646,85,93.355262
3.193686,82,93.51753
2.975927,84,93.69131
0.39906,91,93.871391
0.496726,85,94.037368
1.245016,93,94.225173
0.811162,94,94.412158
3.3107,80,94.570792
0.818777,89,94.749837
2.995916,81,94.906979
3.307264,79,95.060126
0.501014,93,106.295866
4.256155,69,106.433627
0.379086,93,106.619426
0.192784,108,106.833964
4.194378,1000,108.844041
0.502754,94,109.032598
2.657348,80,109.189532
3.86228,74,109.337082
4.454766,77,109.492691
4.391469,80,109.652434
4.50529,74,109.800384
3.905179,76,109.967034
2.626414,89,110.143369
0.821124,99,121.347043
0.306806,137,121.622824
2.551051,72,121.761661
1.240917,86,121.949126
1.920797,69,122.089094
2.818751,79,122.245394
0.492179,92,122.432165
-0.080874,138,122.710296
4.794307,81,122.872015
3.245958,72,123.014694
2.728406,91,123.196637
3.159331,83,123.366143
-0.961007,131,123.642776
4.179977,78,123.797019
3.34317,80,123.961544
5.222253,75,124.113903
2.276797,73,124.263609
1.80558,87,124.441452
4.251227,75,124.591884
1.770857,82,124.758762
-0.764681,115,125.011345
3.891669,71,125.155414
2.945372,79,125.309725
0.810559,93,136.551686
2.249336,94,136.738387
1.445071,92,136.939705
2.639445,77,137.095776
1.282896,88,137.269762
1.726955,81,137.431541
3.965534,75,137.579787
3.282411,70,137.71824
-0.281808,86,137.882192
0.478833,107,138.095492
1.89586,94,138.283171
2.452869,70,138.423964
103.621742,66,138.567092
3.073139,91,138.754464
3.75992,81,138.911728
4.42735,73,139.055337
0.014447,87,139.22663
0.590264,80,139.383798
1.08604,72,139.523727
1.776209,84,139.687419
3.100092,78,139.844663
1.243626,94,140.041765
2.300434,68,140.175154
0.702758,95,140.364862
3.804048,83,140.528368
0.192028,98,151.777752
3.805887,78,151.927395
2.420095,83,152.085187
2.523102,83,152.246775
0.324275,104,152.446202
0.732572,80,152.600525
3.430331,72,152.750528
4.178255,70,152.885763
0.814309,78,153.039588
2.507665,70,153.179019
5.051712,83,153.342792
-0.993792,130,153.601606
0.710411,80,153.76042
2.489599,72,153.901601
0.156154,88,154.072411
2.693636,70,154.208666
2.258314,78,154.362041
3.06861,109,154.573927
2.628369,69,154.710847
0.561331,87,154.88235
1.501306,79,155.037261
2.890676,82,155.199517
-0.115851,117,155.430892
1.432162,82,155.595293
4.300409,80,166.75514
3.837068,77,166.907759
0.542897,108,167.12119
0.024019,87,167.296759
2.700682,78,167.453526
3.590892,90,167.631357
4.101124,83,167.798303
5.323173,77,167.954091
2.398797,86,168.125354
2.526934,83,168.304214
0.643908,111,168.526964
1.826846,79,168.685547
1.475017,70,168.827393
1.514529,69,168.964092
3.364158,80,169.12082
3.317123,70,169.26036
2.658049,91,169.442018
1.855973,72,169.582239
0.13186,80,169.740773
4.476988,74,169.889899
5.245529,73,170.051691
0.831269,77,170.205924
2.922365,74,170.353412
0.37524,109,170.564855
-0.485465,100,181.79821
3.143937,73,181.943215
3.954417,81,182.09947
1.517421,89,182.27503
0.62455,91,182.454592
-0.409355,114,182.674329
1.772459,75,182.823639
2.727312,79,182.976859
0.896433,79,183.129312
3.668194,80,183.303161
0.837009,100,183.499
2.16914,76,183.648263
1.230537,77,183.799434
2.848099,74,183.944746
3.112662,85,184.110866
3.745282,73,184.259048
2.585723,77,184.410395
0.606857,100,184.607595
2.214451,73,184.751922
1.792491,70,184.889322
3.013985,73,185.046721
1.570998,70,185.185405
3.017941,70,185.321748
2.400445,75,185.468179
3.171424,79,185.621375
3.846172,74,185.766241
3.456547,71,196.894393
1.308702,93,197.078134
0.547896,85,197.249496
1.656358,87,197.419919
4.63172,70,197.561628
0.785417,120,197.799268
1.991765,76,197.950207
5.12326,73,198.097917
3.714963,76,198.262177
0.946837,81,198.423798
1.917574,69,198.564274
4.760997,77,198.718406
3.732486,72,198.863389
2.101259,68,199.00153
1.136068,92,199.181747
0.856329,82,199.344022
4.785769,68,199.482453
3.416196,72,199.62388
4.183437,75,199.790464
2.547296,79,199.950166
0.641471,98,200.143247
4.143525,83,200.30534
5.356892,70,200.446347
3.698478,72,200.587729
4.014017,79,200.745586
3.257106,69,200.884548
4.062333,71,212.028787
0.257134,90,212.205969
0.399751,121,212.443588
0.499178,125,212.69779
4.126667,68,212.829105
3.933994,78,212.978559
4.471186,78,213.133723
3.803493,66,213.264423
0.841311,90,213.446526
2.437777,88,213.630222
1.989962,78,213.783845
1.377934,89,213.961399
0.767359,80,214.120872
1.556586,77,214.273303
4.125129,72,214.415614
1.736427,99,214.622044
4.067228,74,214.771151
2.546678,73,214.916567
-0.135464,146,215.232464
0.770074,78,215.390123
2.411588,70,215.530523
101.84622,45,215.621349
1.115401,86,215.792736
3.775331,72,215.93954
4.239745,69,227.247576
1.03129,88,227.4342
3.383209,68,227.57167
1.513324,69,227.70774
4.626137,96,227.901924
2.575901,82,228.068208
3.534428,69,228.201478
2.312539,67,228.340802
3.706513,72,228.483899
-0.018601,88,228.659538
-0.571933,172,229.005936
4.97148,79,229.164671
0.759621,81,229.324669
104.027872,65,229.455106
0.510011,108,229.672311
3.77014,77,229.821436
0.915189,75,229.971023
2.735883,70,230.110038
-0.360188,85,230.279643
3.659305,68,230.415942
-0.837369,123,230.665119
1.798123,93,230.850754
4.277324,82,231.011648
4.145738,73,231.154651
4.651704,68,231.288588
2.985887,75,242.545309
0.036189,111,242.768658
1.29281,83,242.932127
-0.611448,91,243.109267
0.405584,80,243.265984
2.062338,69,243.407502
1.409163,80,243.585032
2.021608,71,243.725204
100.575503,41,243.805916
2.371235,73,243.949843
3.50755,73,244.092245
2.615422,68,244.2228
3.282731,70,244.359549
3.098026,79,244.51482
0.583678,114,244.739028
4.564954,81,244.898508
2.81122,73,245.036195
-0.382568,103,245.255274
2.919292,79,245.411561
1.920654,99,245.608931
5.081184,76,245.757008
1.198408,75,245.902858
2.194799,70,246.0428
1.858997,72,246.187609
1.399298,82,246.350267
2.692211,71,246.494017
3.023242,67,257.691088
4.323237,69,257.829019
4.02646,71,257.971363
0.867963,98,258.166092
1.427902,73,258.313735
0.404549,89,258.487621
2.06575,71,258.630655
4.64211,77,258.786183
1.638829,73,258.948096
2.124856,73,259.096572
2.062758,72,259.242567
4.873634,66,259.375081
2.459004,67,259.509903
2.825104,66,259.639507
-0.060761,105,259.850961
1.304629,92,260.035583
0.89088,126,260.292264
2.053312,69,260.430014
2.207402,69,260.567912
4.277652,75,260.733802
3.209145,72,260.87511
1.270545,68,261.011425
-0.169869,96,261.195764
5.52697,70,261.332624
0.142974,101,261.531409
4.494693,67,261.67567
3.895764,77,272.913234
2.594981,73,273.058079
5.019211,69,273.194464
0.948651,91,273.374543
4.695262,75,273.539003
4.603125,106,273.748754
0.866583,96,273.942847
0.63269,77,274.098724
4.180362,66,274.228102
1.981567,69,274.369759
5.05467,73,274.517919
1.13414,87,274.694067
2.255534,74,274.843773
4.683128,77,274.997134
0.869472,78,275.168839
3.932714,66,275.299047
-0.248527,118,275.53851
1.300678,104,275.74911
3.508108,74,275.895161
100.654454,77,276.048652
4.486767,67,276.181657
2.646373,67,276.314015
-0.42646,208,276.746364
0.805174,94,276.938406
3.710583,73,288.141964
4.699428,70,288.293053
1.901908,68,288.427105
-1.381351,99,288.618165
0.224632,101,288.81879
-0.668806,392,289.599092
3.456561,103,289.804177
-0.261908,125,290.053029
3.559484,69,290.196024
2.026901,73,290.35629
2.638287,73,290.521954
0.02049,96,290.715596
-0.814319,167,291.048187
-0.490934,109,291.282117
3.100425,73,291.429675
1.311508,79,291.589508
1.814572,73,291.732615
3.910607,68,291.872184
3.543079,66,292.005102
2.760509,94,303.68744
4.214878,68,303.822949
0.322769,75,303.969109
100.049684,13,303.99561
0.702838,76,304.140229
3.078949,66,304.272666
2.571279,72,304.418261
3.891701,67,304.560019
3.340977,68,304.695273
3.784787,72,304.838387
0.746702,75,304.990379
2.920605,69,305.12674
0.111709,78,305.280822
1.802534,80,305.442142
1.427283,100,305.640747
1.683798,75,305.787728
3.663072,66,305.916339
3.752214,75,306.067123
2.957029,70,306.204196
4.092799,67,306.363675
3.851659,68,306.507322
0.652703,95,306.715376
1.168963,82,306.878887
1.613242,73,307.027986
2.022764,70,307.169798
0.861217,102,307.376297
0.559105,90,307.560035
4.557634,66,307.697183
3.565384,70,319.508621
2.265265,73,319.673417
3.572444,67,319.803164
1.237271,78,319.961023
0.419307,137,320.240242
2.752442,70,320.378182
2.317941,94,320.566665
3.087621,71,320.705397
0.871578,75,320.854906
3.265736,69,320.988774
4.166771,66,321.13689
1.98453,72,321.277529
2.741406,66,321.407576
0.723535,83,321.568088
1.691002,83,321.73192
3.642947,66,321.859697
3.341785,72,321.999586
3.463542,80,322.160222
4.698946,68,322.292927
1.6445,76,322.455838
2.587554,76,322.60658
5.324793,74,322.750901
1.095108,82,322.912351
4.928787,71,323.049286
0.477771,105,323.254405
4.874016,92,323.446702
2.008134,72,334.707592
0.287342,111,334.935626
0.868647,76,335.084469
3.931193,68,335.213984
4.073866,76,335.364238
4.852834,64,335.488493
4.695138,72,335.625897
3.815809,67,335.75865
-0.836498,125,336.003974
-0.228256,112,336.221206
1.026499,85,336.386859
2.207372,73,336.534985
1.869304,64,336.67072
2.926033,71,336.811825
3.916132,70,336.949833
2.621245,67,337.077526
4.183488,72,337.220545
0.65484,79,337.373442
1.990147,82,337.532215
1.287593,103,337.733783
2.925817,65,337.863314
0.460229,77,338.027819
1.961747,76,338.171622
1.841301,67,338.301153
0.056389,540,350.387793
0.367412,111,350.626486
2.956881,73,350.77101
3.030395,71,350.914276
1.183863,71,351.053147
1.024506,86,351.22034
2.409345,72,351.361062
2.783466,68,351.497773
3.343125,72,351.639359
0.14558,92,351.81846
4.474373,71,351.956518
2.921654,67,352.102812
4.80379,66,352.230625
0.312891,127,352.476059
103.446696,60,352.593824
0.307134,77,352.742432
3.875661,70,352.880048
6.008797,69,353.016374
-0.794897,117,353.245514
0.196215,218,353.69067
3.169637,66,353.819643
0.87944,96,365.038675
1.821864,72,365.181091
3.119745,74,365.327435
4.164821,75,365.47379
1.069534,72,365.613445
1.211699,79,365.771298
4.625624,67,365.929514
101.745639,63,366.054419
3.475332,64,366.186363
4.405287,65,366.314216
2.341811,74,366.461232
2.209393,78,366.616301
2.608778,80,366.772418
1.720219,72,366.915236
0.805284,102,367.124555
100.869897,70,367.268794
4.164651,64,367.399778
4.590465,68,367.538189
3.028901,65,367.686979
4.502217,65,367.820079
3.623521,69,367.962151
3.044532,70,368.105656
0.959007,80,368.267902
-1.193583,119,368.510819
3.039806,77,368.66878
3.289988,80,368.837501
0.729885,74,369.000403
1.034343,67,380.172023
1.852283,72,380.317979
5.378535,68,380.456497
0.853187,72,380.599782
3.331835,67,380.735158
5.682005,70,380.874363
0.72149,77,381.029516
3.822397,1000,383.045999
-0.562585,118,383.277296
3.082621,69,383.413509
2.773961,65,383.543032
1.358173,75,383.692628
2.607749,71,383.835053
4.486792,70,383.970885
2.877066,66,384.10105
4.213471,68,395.29659
4.807209,70,395.433238
5.099459,70,395.586229
2.345691,66,395.72044
1.559329,73,395.871533
1.312172,70,396.01221
5.531071,66,396.14404
3.084944,70,396.283881
1.279686,69,396.421082
1.654177,70,396.561083
1.718335,71,396.701019
-0.533524,119,396.943733
1.494532,97,397.137705
0.235879,109,397.368989
1.576858,93,397.55843
2.847904,86,397.730094
3.54892,67,397.861865
1.437982,70,398.004067
2.867058,69,398.141556
3.634213,80,398.298523
103.983743,66,398.439923
2.34611,75,398.589211
0.631046,77,398.738969
2.994762,66,398.86767
4.720864,68,399.003468
3.824962,68,399.137304
3.595046,81,399.294806
101.491687,49,410.921091
4.163935,66,411.064723
5.036716,63,411.191396
5.023173,72,411.33669
0.605542,72,411.4865
-0.512162,137,411.778258
5.646848,73,411.925559
1.697416,100,412.13988
-0.696691,100,412.349631
102.550221,51,412.453396
2.311892,73,412.597257
4.145998,68,412.728746
0.916468,81,412.887099
101.690043,98,413.1031
0.886358,98,413.304387
2.290649,65,413.438683
5.298438,70,413.585517
-1.004218,84,413.756961
1.663263,77,413.913395
0.552188,83,414.073549
3.95831,72,414.212026
2.997121,68,414.344468
3.255984,67,414.47386
5.105944,64,414.604325
4.594453,79,414.773364
4.797592,66,414.902841
2.329864,77,415.05669
1.204789,67,426.333252
1.818859,75,426.485607
1.500115,75,426.64746
4.231119,70,426.806224
1.04189,75,426.955747
-0.294776,88,427.131631
3.841455,71,427.28253
-0.307737,107,427.550269
3.172239,67,427.689766
2.90701,70,427.852665
4.155005,73,428.059893
3.187049,88,428.253758
4.284929,72,428.401201
3.877043,80,428.579386
2.871795,66,428.73752
2.738453,67,428.893508
2.003683,68,429.033273
4.236936,64,429.171909
1.301465,69,429.305729
-0.093771,85,429.495191
0.651271,91,429.674315
4.259247,77,429.839471
4.58648,73,429.993994
1.623005,85,430.166791
1.133095,77,430.339892
0.911158,85,430.508225
1.575474,76,442.466439
3.247607,71,442.603882
-0.227148,108,442.814015
3.096892,67,442.96063
4.657005,82,443.126929
1.279278,69,443.267686
5.120896,66,443.402557
2.167952,66,443.537927
5.219934,68,443.683617
4.659062,66,443.81886
1.128916,71,443.961169
4.24421,81,444.128772
3.124419,69,444.269684
2.353603,66,444.406998
5.26825,66,444.544259
3.042256,71,444.706823
3.508117,64,444.83427
1.27983,81,444.995234
4.213301,69,445.133971
0.152286,99,445.329981
2.975425,67,445.460869
0.904364,72,445.603435
0.520562,73,445.745752
2.214147,65,445.870652
2.526936,80,446.032154
2.758351,73,446.175907
3.377714,64,446.308288
0.122417,520,458.611053
5.070042,68,458.756121
100.319878,136,459.034541
4.694073,70,459.173838
0.510866,879,460.95172
1.883222,71,461.090863
1.183166,100,461.28127
3.243062,68,461.413968
4.188988,69,461.549196
3.233208,87,461.722018
2.927945,64,461.84594
5.656316,70,473.003872
2.05654,69,473.144131
1.035555,137,473.422324
0.810693,80,473.584928
0.984639,73,473.733781
0.675154,140,474.024202
0.239861,85,474.200967
2.692381,74,474.353138
2.325282,69,474.493919
4.898055,72,474.641942
3.633566,72,474.800229
0.136985,80,474.955534
3.949616,68,475.088893
100.40262,136,475.35578
-0.714716,119,475.584736
100.539686,92,475.763008
5.192311,72,475.90569
0.208423,83,476.074402
3.679588,81,476.234243
2.849014,70,476.387205
-0.179015,93,476.57002
5.904131,69,476.703766
1.770595,69,476.839432
0.523226,86,477.006225
5.049122,67,488.756913
-0.919998,93,488.935425
2.245453,74,489.078699
0.672964,196,489.460444
-0.293659,100,489.667603
2.833925,76,489.817713
1.136485,82,489.984583
0.616727,73,490.125923
2.87986,70,490.263841
-0.10132,98,490.452471
2.108263,86,490.618747
103.851039,65,490.742669
-0.863946,98,490.933377
1.203483,81,491.090461
2.195674,69,491.224561
2.653554,87,491.409417
2.664444,65,491.536296
4.750014,70,491.677688
1.824962,85,491.848697
4.36645,67,491.979212
2.926574,68,492.114706
2.048557,78,492.267564
1.246705,76,492.418828
4.581499,67,492.550807
1.671971,76,492.698576
5.528398,67,503.86338
1.504456,77,504.0142
4.093621,72,504.161169
-0.387303,90,504.341077
4.355075,78,504.495892
3.485302,77,504.647922
4.488861,66,504.77673
0.215128,92,504.962458
3.992939,75,505.107218
2.356928,70,505.260494
5.545151,66,505.390397
1.560203,99,505.58777
0.988872,85,505.752458
4.313428,68,505.881557
1.976732,72,506.025819
1.48958,113,506.246733
1.120011,100,506.44477
5.200748,69,506.577881
2.359684,74,506.724873
2.132607,85,506.893235
4.541972,71,507.034089
1.762261,78,507.187679
-0.705824,89,507.362188
3.291737,65,507.486386
0.275187,104,507.69078
1.028023,73,507.831289
1.131584,79,519.03338
1.091973,79,519.199207
1.968109,80,519.375282
2.20335,69,519.51014
2.952334,79,519.666439
4.890525,69,519.804586
2.948318,68,519.939527
1.842797,84,520.10784
5.391608,68,520.242605
4.028208,70,520.380133
4.074484,66,520.51248
2.387178,67,520.644811
-0.124223,104,520.851417
2.269037,73,521.000456
1.415843,86,521.192228
2.050917,68,521.32787
4.555252,73,521.475384
3.481027,82,521.637162
-0.417692,84,521.797256
1.0846,66,521.927818
1.937707,75,522.077586
2.913733,72,522.220251
1.341342,75,522.366978
3.047299,70,522.507982
4.364847,63,522.630529
2.920103,69,522.770605
3.330893,66,522.910075
1.293759,81,534.112752
100.971396,48,534.209367
1.791857,71,534.349446
-0.936782,123,534.598179
1.838148,81,534.760973
2.472282,77,534.91248
3.77585,72,535.072788
0.570752,78,535.236149
4.184858,66,535.36755
1.456788,142,535.645432
3.13814,67,535.781876
4.217069,67,535.913584
2.33859,75,536.059187
2.965784,68,536.188982
0.693223,91,536.367602
3.26203,67,536.499896
3.470141,71,536.639699
2.779186,69,536.777906
2.816893,77,536.928658
3.984406,70,537.069706
0.429105,101,537.26474
3.798162,65,537.395159
3.51611,83,537.559807
4.100208,67,537.692467
0.047107,102,537.889469
5.325867,61,538.008794
4.586568,70,549.157072
4.245494,67,549.286993
3.872568,99,549.492717
0.728638,69,549.631527
2.389123,66,549.76356
1.29367,74,549.912729
4.163459,67,550.05067
1.81744,74,550.198096
4.410521,66,550.332719
1.813204,105,550.543144
4.182298,69,550.681887
2.638024,89,550.86002
4.60273,73,551.011837
1.833963,69,551.154741
5.068316,67,551.298723
3.334561,68,551.436943
3.724677,68,551.574332
1.025791,76,551.729921
0.490671,116,551.964485
101.329591,84,552.131731
2.180011,73,552.27944
-0.04773,85,552.449678
0.911641,74,552.602227
0.888913,106,552.828701
4.395665,65,552.960925
101.323883,79,553.122533
2.026869,68,553.259388
1.58786,74,564.469974
4.101297,66,564.596784
1.356332,100,564.793769
1.762285,72,564.932418
4.216332,66,565.063905
0.599671,74,565.227525
4.604136,70,565.36487
-0.90358,93,565.548172
3.699666,70,565.686491
0.124121,79,565.8432
1.561409,69,565.981004
-5.5e-05,119,566.219028
4.049374,71,566.363453
3.294508,68,566.502279
3.976061,65,566.638591
-0.432893,96,566.842122
0.054477,127,567.10794
2.229802,68,567.243308
4.663569,79,567.399948
4.417795,69,567.539
1.86519,71,567.684588
-0.390245,131,567.944939
-0.078874,301,579.640543
2.4245,71,579.784539
0.898502,77,579.936019
3.434372,67,580.072593
-0.311145,106,580.281232
5.263891,69,580.415745
4.948108,76,580.571075
1.458107,89,580.76922
2.633383,68,580.90649
2.783649,68,581.039705
4.514681,65,581.169102
-0.122614,81,581.335151
0.326841,84,581.504076
4.571367,68,581.637209
0.070547,99,581.840404
4.002733,70,581.982709
0.927254,81,582.142188
3.926432,71,582.285954
-0.766689,104,582.489825
102.207719,80,582.650187
1.846427,76,582.803095
2.10046,71,582.94708
2.163273,76,583.102306
-0.790922,215,583.540721
2.144954,71,583.682629
1.346514,93,595.269519
2.587943,69,595.408587
4.370734,81,595.586063
1.753115,72,595.7323
5.285477,73,595.881784
-0.365325,93,596.069474
3.666132,67,596.204794
4.443139,75,596.35486
2.783628,71,596.497728
105.385082,67,596.632358
2.43358,73,596.781885
5.359057,69,596.917171
0.709639,100,597.116522
4.253861,68,597.269473
3.659042,68,597.414134
1.157545,101,597.614907
0.33703,83,597.782835
1.850021,74,597.935289
2.14319,67,598.069275
3.095036,78,598.228343
105.850965,71,598.373138
1.035146,72,598.518329
1.593068,100,598.718812
4.197887,68,598.855263
1.295326,72,599.016395
1.962711,69,599.163432
1.289937,73,610.466001
1.563333,84,610.643757
2.645122,66,610.787253
2.156695,83,610.965336
1.41075,81,611.130645
4.356025,76,611.294132
0.252764,81,611.486904
0.241298,104,611.708963
100.650012,88,611.889539
1.708963,78,612.05005
0.720796,91,612.23619
101.613502,58,612.356018
-0.172449,87,612.542813
2.744549,66,612.676628
4.53184,68,612.814128
4.720395,71,612.957518
4.313256,67,613.093287
3.643479,68,613.231555
0.871041,76,613.380313
101.426822,66,613.51896
4.337208,81,613.687703
3.546396,68,613.828774
0.740328,78,613.986274
1.767137,73,614.138747
3.655082,75,614.296677
0.866043,77,614.453803
2.079657,73,614.601426
2.4631,89,626.198275
3.214126,66,626.334487
1.850979,73,626.489187
4.587322,69,626.634723
3.235834,69,626.776325
-1.515374,101,626.981273
0.981413,100,627.182491
4.534819,69,627.329166
4.886131,81,627.489739
100.829967,41,627.572881
101.143003,71,627.720467
2.71433,85,627.899449
1.002398,75,628.06882
0.598996,75,628.220531
2.640297,67,628.357553
5.530929,66,628.498495
0.736321,84,628.675528
2.094184,69,628.819048
0.844495,77,628.970179
3.207956,71,629.111315
0.435304,90,629.292983
-0.434593,105,629.497812
2.085829,71,629.63897
5.405602,71,629.784593
1.225667,471,642.062671
1.850987,71,642.200895
3.271166,67,642.333992
5.121329,64,642.471424
1.149453,106,642.690233
1.639327,71,642.832308
2.781302,64,642.958828
-0.169553,101,643.159889
2.600417,81,643.327585
0.967619,76,643.484154
4.423701,68,643.624461
100.0,1,643.627395
5.387967,72,643.780198
0.982029,76,643.935843
1.919699,71,644.077103
2.7909,73,644.224107
3.821977,69,644.364106
2.579032,81,644.527394
3.220949,70,644.676737
0.012248,85,644.854923
4.269555,69,644.99717
1.682342,86,645.178627
3.856878,102,645.380117
1.903786,70,645.515709
2.192944,67,645.64688
103.540592,80,645.807201
1.456425,89,657.401017
1.341091,68,657.53322
4.389846,63,657.653801
2.232108,68,657.786332
3.497766,66,657.931515
0.614758,1000,659.934787
4.67686,71,660.072726
4.346596,68,660.206375
0.714237,74,660.356355
1.173656,106,660.56636
4.757106,70,660.70838
1.377165,76,660.856463
0.781324,79,661.010971
1.064106,79,661.167334
0.028258,81,672.706128
1.572824,77,672.863121
3.017259,75,673.014088
1.081811,98,673.215505
4.875636,68,673.357422
3.089826,69,673.502281
2.748608,74,673.652337
4.139415,82,673.833724
4.497032,86,674.0035
4.121647,67,674.135453
1.079988,74,674.283297
2.004295,76,674.431518
1.631056,74,674.577239
0.865462,73,674.725834
5.296901,66,674.86011
0.815482,76,675.011794
4.609352,71,675.153939
5.294122,65,675.284242
-0.336244,146,675.569678
-1.02701,113,675.794237
1.535562,69,675.928127
3.754464,103,676.125829
2.722077,69,676.258693
2.603803,66,676.383931
101.333628,61,676.501146
0.702302,77,676.65229
105.542629,65,676.780079
-0.253507,84,688.478121
3.825932,68,688.618683
0.274356,88,688.794323
100.681896,111,689.027283
2.98585,94,689.211835
4.265921,70,689.355499
2.849377,69,689.496084
-0.250044,77,689.646632
2.337092,68,689.78226
0.295684,86,689.956933
3.286683,69,690.092132
1.344001,73,690.239719
4.568703,68,690.376567
2.751897,70,690.51591
1.296556,100,690.718025
1.203566,74,690.862082
1.188402,105,691.072886
2.616787,89,691.254855
3.102427,71,691.403857
2.985724,68,691.547432
-0.55685,92,691.725365
4.677423,73,691.874892
2.356698,87,692.059402
2.182947,82,692.22311
1.222,71,692.364644
-0.075579,174,704.378569
1.435199,75,704.528254
4.645513,69,704.670693
3.614173,68,704.824998
0.47281,76,704.998846
2.705088,64,705.14253
1.156187,87,705.342933
2.232342,92,705.540451
2.460202,79,705.715942
3.895031,68,705.85808
2.124141,68,705.994981
1.062974,78,706.15318
5.168569,75,706.306671
4.372464,65,706.445647
1.060042,75,706.59842
5.269721,77,706.751326
0.688659,84,706.917325
1.712986,82,707.080232
2.200783,75,707.234997
1.14417,71,707.38065
4.549526,61,707.504951
3.651022,66,707.638307
0.060275,78,707.79577
-0.631071,179,708.149415
0.78889,92,708.333969
1.416591,71,719.998215
4.706775,68,720.136441
1.844097,67,720.273736
3.647189,68,720.413568
2.423824,69,720.558658
1.629284,71,720.702368
101.370458,74,720.857797
2.071111,74,721.007002
1.439235,71,721.150651
101.101281,70,721.294068
4.11923,69,721.433425
4.285815,81,721.595731
4.083842,64,721.724716
0.693502,107,721.951809
1.930232,75,722.09835
1.978939,73,722.240205
5.077261,67,722.373181
1.827596,88,722.546642
1.021543,80,722.708322
4.09313,62,722.831561
5.026039,72,722.973253
5.240237,74,723.122771
2.074193,68,723.26152
4.891334,65,723.390431
4.953712,76,723.554424
0.84028,71,723.70016
1.018307,73,723.841883
0.683937,76,723.992781
102.729788,74,735.840538
4.742146,73,735.991619
2.415708,85,736.172684
4.295564,64,736.304702
2.970338,69,736.454466
0.211639,105,736.688409
2.029809,82,736.860571
1.501107,84,737.027925
2.633385,67,737.158542
101.700165,60,737.276206
1.436693,99,737.477088
3.870394,72,737.621776
1.831572,75,737.770474
4.281488,91,737.958388
-0.569439,88,738.145684
2.651631,77,738.319648
3.196021,75,738.474227
5.470029,65,738.601559
3.068401,86,738.773435
1.504312,92,738.960346
1.363048,83,739.128796
1.021666,107,739.353181
4.036058,71,739.506482
2.172709,66,739.648618
0.61829,1000,753.682257
0.13311,77,753.8308
0.758665,120,754.069416
3.116951,71,754.207925
0.899252,82,754.368501
2.242642,67,754.502483
2.093963,71,754.645504
2.603181,66,754.781548
4.374299,71,754.928364
2.686601,69,755.065201
1.802833,93,755.255872
3.803834,74,755.404114
4.341416,72,755.54624
3.470824,67,755.681888
5.569709,63,755.812265
4.72016,72,755.968016
4.078356,85,767.592905
3.943225,79,767.750239
5.017206,64,767.874951
2.091494,93,768.083845
0.836403,81,768.241664
0.566913,153,768.54455
1.878195,69,768.682816
2.858953,72,768.828842
-0.700876,132,769.101176
2.179351,87,769.274256
101.781865,88,769.451259
4.023854,86,769.625363
0.954209,94,769.813776
0.547271,76,769.960524
4.166375,88,770.137893
3.67043,86,770.310265
0.576465,73,770.455493
4.240861,64,770.583719
101.437927,41,770.66379
2.020905,68,770.798294
1.621521,68,770.928355
2.260733,98,771.121451
4.870304,74,771.265078
4.731315,66,771.393746
0.927682,80,771.550654
1.506551,82,782.906775
4.288258,66,783.035474
2.734844,66,783.165721
2.698304,63,783.304194
3.750973,80,783.461379
2.121389,78,783.615835
2.217707,73,783.759892
1.5135,87,783.930157
1.918114,86,784.0919
4.408263,88,784.263783
102.323447,50,784.360789
4.217563,68,784.490234
0.704299,131,784.741453
3.593501,66,784.866073
4.334555,68,784.994912
4.337614,87,785.159071
101.33573,76,785.305154
0.777773,77,785.458629
1.715998,67,785.591476
4.281049,89,785.762501
3.074509,83,785.92319
3.230713,66,786.052347
2.413587,73,786.193625
2.142833,74,786.336266
2.765458,71,786.472667
0.09827,89,786.642087
4.02152,98,786.830317
2.60876,68,798.097729
4.142166,195,798.475859
4.502516,93,798.660506
101.210159,380,799.445126
0.174257,86,799.623763
3.946582,72,799.77451
2.564117,71,799.918459
3.234517,66,800.049671
0.351051,77,800.198239
2.949474,74,800.344104
3.908817,65,800.469316
2.724337,87,800.636736
2.000016,78,800.790668
3.551517,65,800.918962
1.456994,81,801.081067
3.962986,69,801.224559
4.769963,68,801.358891
1.415108,68,801.494582
4.918706,75,801.644048
3.138697,67,801.774329
4.438383,76,801.920864
3.661033,93,813.684933
2.618534,68,813.823268
102.545988,51,813.945354
0.633933,1000,815.966298
2.179086,64,816.093677
4.960147,72,816.233358
5.059177,67,816.367061
2.991732,70,816.506879
1.723627,75,816.652386
0.597086,105,816.857213
2.030012,75,817.007026
4.736992,71,817.141956
1.960424,68,817.275448
3.093316,73,817.416916
3.897876,63,817.554374
0.091086,112,828.939063
4.534589,64,829.067701
1.411394,73,829.208727
2.144617,69,829.342721
5.169909,71,829.479534
1.109951,96,829.668641
3.137826,66,829.797875
4.011684,78,829.96637
1.131354,80,830.126447
1.098707,78,830.286178
1.158827,75,830.446787
3.455806,62,830.583174
0.823869,80,830.760666
0.490985,75,830.925398
0.700697,113,831.163713
4.867061,64,831.296005
3.435445,84,831.462051
1.112839,86,831.637424
2.55496,69,831.772623
2.562665,71,831.9119
101.181937,98,832.109642
105.982883,72,832.252968
1.439976,91,832.433243
2.752252,68,832.571655
0.869061,74,832.719801
2.8186,71,832.865814
0.077556,85,833.033964
2.944221,85,844.329523
2.217477,75,844.476697
3.774499,80,844.648429
2.774492,93,844.830467
0.903923,75,844.980535
4.515491,65,845.108898
3.935249,122,845.35118
2.972903,87,845.519586
0.546222,96,845.706945
102.795329,54,845.808438
101.765029,62,845.93008
1.519131,71,846.067548
100.811062,53,846.17451
4.449407,75,846.324114
4.148025,66,846.452912
4.518148,67,846.597001
2.888217,71,846.735257
1.376835,74,846.884063
2.121526,66,847.014145
1.95047,87,847.185986
-0.209446,95,847.377973
1.950678,70,847.522443
101.250485,80,847.682375
2.56607,67,847.81632
2.023669,73,847.96611
4.351878,69,848.104721
4.360043,66,848.23655
2.543783,70,859.749081
101.469819,88,859.92421
4.648089,67,860.052863
1.616582,69,860.198984
4.604859,64,860.331898
-0.637836,97,860.537224
104.376287,67,860.670886
2.203829,76,860.842973
2.496206,68,860.980257
3.597518,63,861.110459
0.83496,87,861.278587
4.489695,71,861.418114
4.477225,81,861.582082
1.039892,112,861.805157
1.30511,83,861.970527
1.092653,75,862.121142
3.661036,69,862.263587
0.344,82,862.430492
4.003249,68,862.56833
2.455601,94,862.758374
4.733128,67,862.898227
0.335652,84,863.062422
1.405513,73,863.212173
3.682081,65,863.343061
1.853536,107,863.556724
1.413967,84,863.727648
2.574311,67,875.420913
3.211331,65,875.547346
101.11087,75,875.696209
2.954921,68,875.831748
1.710557,88,876.019573
4.259019,70,876.156381
1.70641,80,876.316513
2.548732,67,876.445775
3.942023,78,876.596926
102.379872,77,876.746834
3.058867,64,876.87123
1.35847,71,877.012293
2.630077,74,877.152719
0.488433,96,877.340656
5.126801,65,877.468437
101.354166,47,877.562088
1.156339,74,877.709232
-0.511014,374,878.438571
5.803119,75,878.585365
-0.70805,150,878.874963
2.029085,65,879.002975
-0.087018,103,879.202809
1.444293,81,879.363359
4.287099,75,891.048455
1.092038,79,891.203884
3.767431,95,891.389109
1.428778,71,891.532195
0.719936,91,891.711676
-0.039902,128,891.964194
3.195887,66,892.097835
1.671534,69,892.23595
101.715877,58,892.351163
1.74429,72,892.492885
3.876584,91,892.67237
103.339496,62,892.819562
0.555285,81,893.003492
3.890615,75,893.171176
3.760596,68,893.321173
3.8755,64,893.469523
1.338053,69,893.606803
100.451056,72,893.752311
4.881124,86,893.927493
5.05251,75,894.073836
-0.11179,1000,907.268662
0.261383,88,907.463315
0.640101,89,907.636067
4.420604,73,907.77933
100.602686,61,907.904857
1.097133,91,908.084172
3.978514,62,908.203073
1.254557,118,908.43708
2.055889,79,908.606196
2.790899,73,908.753731
-1.013789,421,909.622108
-0.182397,107,909.838281
-0.301902,252,910.35022
5.673123,65,921.965929
3.553989,86,922.13823
2.168257,69,922.276807
1.880633,69,922.414305
1.35115,83,922.583474
2.304434,72,922.730489
-0.218242,88,922.90825
4.288765,94,923.098028
103.124691,77,923.263082
101.802076,56,923.373872
3.659631,66,923.505277
1.824579,72,923.662971
0.950772,69,923.798597
4.812453,70,923.936469
1.12789,70,924.075189
1.152186,76,924.22985
0.213446,87,924.40072
100.735372,59,924.514943
2.231133,68,924.657527
0.917317,77,924.825665
1.888494,76,924.979008
2.509533,66,925.113087
1.043241,73,925.253445
0.90841,81,925.41198
102.087523,62,925.535931
0.902634,106,925.755942
0.264176,98,925.950774
2.366333,72,937.406757
5.258847,65,937.549978
1.732817,80,937.708153
2.722773,66,937.839905
4.47827,82,937.999887
100.588501,586,939.22176
1.775481,72,939.369834
4.260244,74,939.524485
2.480745,70,939.66237
4.413612,65,939.78905
0.400657,80,939.947801
1.401114,113,940.170874
102.3177,89,940.345436
3.070006,72,940.491136
2.786042,87,940.680995
1.562901,78,940.833391
1.0621,121,941.077982
0.48425,70,941.22037
0.663559,78,941.383776
5.165138,73,941.535334
1.615716,123,953.248049
0.903067,86,953.418366
2.583181,69,953.554147
2.025276,74,953.705089
4.540581,67,953.840021
1.477915,74,953.987908
3.455662,77,954.156021
4.091343,70,954.298807
1.493166,70,954.436098
3.29195,71,954.575597
5.241957,65,954.705436
0.522116,73,954.851663
4.790348,66,954.985576
2.142333,71,955.126997
3.384307,65,955.254551
102.121925,76,955.40432
-0.919727,115,955.633883
4.442062,71,955.785292
1.280795,74,955.935822
0.592479,95,956.123349
1.780908,67,956.263007
1.055276,79,956.497643
4.30141,67,956.635436
2.801846,90,956.81693
2.921346,69,956.953434
4.549894,68,957.087812
2.089912,71,957.224849
4.229929,65,969.050117
1.800041,70,969.193751
2.604116,74,969.339076
3.324665,72,969.483097
1.286447,74,969.628269
0.783114,86,969.802553
0.280996,76,969.9657
3.247978,77,970.131737
3.457321,72,970.277332
1.701369,88,970.452235
0.816771,67,970.602931
3.343944,70,970.747459
4.578403,72,970.896116
0.903613,86,971.083988
4.667835,66,971.220642
5.425868,65,971.350588
0.33428,78,971.537868
3.320139,68,971.678519
0.728799,82,971.853256
0.512331,111,972.070581
1.648291,73,972.216013
2.657861,68,972.356609
4.519292,88,972.544445
3.07289,93,972.781998
0.466841,103,973.000981
3.768002,66,973.134133
5.960149,65,984.938828
1.088624,81,985.118554
0.814615,80,985.294025
1.702822,76,985.452547
1.859399,68,985.601748
1.828974,71,985.756033
0.600218,130,986.022936
-1.147802,202,986.420281
100.664641,90,986.600752
1.217733,77,986.756178
2.98639,67,986.891095
3.931276,64,987.021371
1.01722,71,987.175811
2.652204,70,987.323785
0.978873,98,987.524499
1.052105,75,987.68018
4.300632,71,987.829583
2.962049,65,987.968076
0.194242,86,988.150884
1.752256,67,988.287142
2.704101,64,988.419287
4.128621,69,988.556869
2.277505,66,988.693778
5.46818,68,988.826441
1.328697,79,988.978311
-0.734555,120,1000.838255
2.286585,72,1000.979134
4.108421,67,1001.108672
5.520786,71,1001.249415
101.294517,58,1001.363402
0.893052,94,1001.546001
2.520697,65,1001.676141
1.911824,72,1001.825688
2.088082,67,1001.957188
2.243382,66,1002.088645
2.732658,73,1002.253942
3.859327,64,1002.382479
1.384363,68,1002.527656
100.525653,271,1003.089509
0.851086,74,1003.24134
4.388535,69,1003.384703
-0.490503,99,1003.582952
1.402947,88,1003.774757
103.263731,62,1003.894872
2.331792,73,1004.040267
2.065661,91,1004.219403
5.055493,67,1004.349412
2.642681,78,1004.515202
1.08014,81,1004.678215
1.569268,1000,1017.936094
2.051243,71,1018.077443
2.014724,72,1018.216934
3.461286,77,1018.3706
2.363394,71,1018.511793
2.449372,73,1018.656265
1.156612,81,1018.818924
0.993132,73,1018.964545
4.856065,79,1019.122414
0.937555,86,1019.289595
2.38159,71,1019.447397
3.844784,81,1019.609941
0.890781,74,1019.75987
3.795539,95,1019.953337
3.429884,102,1020.162385
0.069222,74,1031.906782
-0.649532,1000,1033.928155
1.044543,81,1034.100303
2.244481,74,1034.258522
0.562977,102,1034.468462
2.073762,72,1034.613754
2.749882,68,1034.758433
-0.209663,159,1035.101157
0.373717,84,1035.277516
4.417971,66,1035.414701
4.878685,70,1035.555514
2.422212,71,1035.705297
1.73413,83,1035.868755
4.918104,62,1035.991398
2.143713,67,1047.364743
3.938593,66,1047.496711
-0.935603,99,1047.697589
-0.265713,1000,1049.741117
-0.025321,332,1050.402253
3.662326,65,1050.532549
0.037031,99,1050.727594
4.447708,68,1050.865152
1.756804,73,1051.027082
1.116536,75,1051.174471
4.159412,74,1051.320363
3.274126,66,1062.704168
0.423934,103,1062.909988
101.229508,44,1063.005192
0.580513,81,1063.169548
-0.042064,84,1063.35815
0.46595,99,1063.55775
2.895917,66,1063.688419
3.11981,68,1063.82195
102.326794,57,1063.940141
2.141748,73,1064.084877
3.404189,67,1064.220034
1.654193,71,1064.361289
0.312841,94,1064.554489
-0.372405,89,1064.731478
1.339937,86,1064.918336
3.944016,64,1065.045879
3.086573,73,1065.200258
3.943716,1000,1078.507662
3.915268,64,1078.636844
3.175017,69,1078.786122
1.169964,87,1078.966982
4.509027,71,1079.112429
3.592512,63,1079.238414
2.17846,82,1079.403843
3.990676,90,1079.590101
1.169139,86,1079.76387
3.583088,74,1079.919142
4.16209,68,1080.060829
4.901914,68,1080.198831
1.784559,81,1080.363385
2.934667,64,1080.497185
5.263682,66,1080.6376
3.725878,71,1080.780464
0.398572,82,1080.942766
-0.195363,1000,1094.389375
2.691275,83,1094.559355
3.503945,78,1094.736725
2.654691,81,1094.906195
4.108314,81,1095.071664
4.079986,94,1095.264988
6.061652,67,1095.39753
102.498942,75,1095.549415
0.951023,75,1095.700802
2.399954,77,1095.856534
2.598918,85,1096.028976
1.626537,87,1096.202703
-0.399738,89,1096.392271
0.144621,94,1096.582115
3.70734,96,1096.776992
4.975353,69,1096.916217
1.51689,116,1097.141885
5.669877,86,1097.307954
4.597656,99,1097.50265
1.937644,97,1097.69565
1.647318,81,1097.853677
2.7679,67,1109.232634
-0.268105,84,1109.399324
1.157835,70,1109.534507
4.238966,72,1109.678526
2.791357,66,1109.804862
4.497577,65,1109.934788
105.12424,76,1110.087177
2.088398,73,1110.23477
0.772884,84,1110.408882
1.918052,72,1110.553058
0.187797,94,1110.740214
4.740974,65,1110.874928
0.441314,83,1111.038154
1.089367,74,1111.181974
3.00135,67,1111.315279
0.460461,83,1111.473728
0.284158,92,1111.657585
2.982758,68,1111.791943
101.968526,72,1111.932593
0.999264,89,1112.106094
3.681251,74,1112.253579
101.081326,117,1112.47958
-0.181292,96,1112.687475
2.196927,67,1112.824809
1.271306,83,1112.985306
1.990351,70,1113.121343
2.679479,71,1124.852615
-0.678065,105,1125.063166
1.679894,73,1125.210889
101.475122,81,1125.377898
0.778752,74,1125.528925
103.557933,67,1125.671353
101.292448,76,1125.829954
1.078457,83,1126.002928
1.814334,84,1126.166679
1.405676,107,1126.40502
101.884966,40,1126.514425
1.894979,69,1126.695715
3.74574,81,1126.857492
0.515639,92,1127.031433
2.375081,64,1127.152714
3.22763,70,1127.289644
3.840223,71,1127.427844
3.470225,74,1127.570841
0.975185,71,1127.709113
1.456312,93,1127.896378
0.528304,81,1128.053733
4.481779,73,1128.209029
102.366334,60,1128.326967
3.68544,72,1128.470546
2.440291,75,1128.617683
0.66511,136,1128.885723
102.337805,78,1140.542558
2.821442,70,1140.70015
3.926553,68,1140.833927
0.222094,104,1141.043648
5.474528,68,1141.17903
5.452722,76,1141.334548
4.513202,70,1141.477309
5.134289,77,1141.635746
5.824584,63,1141.765809
2.00917,77,1141.916545
1.833837,82,1142.077402
102.346875,76,1142.227852
1.212165,70,1142.370661
3.918716,71,1142.511245
-1.117656,122,1142.755478
1.388564,75,1142.903614
3.203996,68,1143.036774
0.604478,102,1143.235854
2.169767,74,1143.382557
4.525163,67,1143.512646
0.867971,83,1143.677801
101.063493,68,1143.812757
1.475966,74,1143.961214
3.473771,63,1144.088819
1.93839,70,1144.238725
2.265592,73,1144.386525
4.019399,63,1144.509309
2.83457,66,1156.196453
2.520362,71,1156.338592
102.755543,82,1156.496614
1.633116,71,1156.635301
102.655515,69,1156.767663
-0.254011,103,1156.970412
1.536117,74,1157.113532
1.931933,73,1157.257698
100.623073,679,1158.688007
100.907493,58,1158.808316
2.307323,77,1158.966434
4.294844,73,1159.112582
3.683138,74,1159.284126
0.219067,148,1159.60028
2.798602,83,1159.783154
3.608312,70,1159.921193
1.081185,112,1160.149136
3.776403,67,1160.285804
1.032661,100,1172.144465
3.253057,114,1172.383897
0.522341,76,1172.542462
2.802235,71,1172.688513
2.922058,62,1172.818705
3.130999,74,1172.97742
0.839331,151,1173.30687
3.307604,74,1173.465289
4.250414,73,1173.617436
4.240015,69,1173.767286
0.089559,88,1173.954629
1.195493,88,1174.139039
3.21222,68,1174.283859
0.251265,76,1174.43842
3.859555,75,1174.594465
102.202973,66,1174.743924
5.063925,66,1174.887051
2.954704,74,1175.057328
1.271094,88,1175.239759
0.989352,76,1175.402345
1.150667,77,1175.560717
4.154082,90,1175.756161
4.802354,64,1175.879788
101.179028,96,1176.066973
4.094708,64,1176.198771
0.065262,72,1176.345581
0.765623,118,1188.181229
1.510586,94,1188.369118
0.914188,78,1188.51797
0.566832,79,1188.676761
-0.282994,87,1188.855992
3.274717,79,1189.01495
100.922078,61,1189.143233
2.050678,71,1189.285564
0.825503,73,1189.428602
4.433563,69,1189.564774
4.4522,74,1189.733845
2.636105,72,1189.880203
2.437123,71,1190.024019
1.033018,77,1190.179498
0.693969,99,1190.37553
-0.043095,77,1190.526901
4.923153,75,1190.673545
0.338562,133,1190.937197
3.142881,69,1191.090766
3.828741,74,1191.244829
100.294469,344,1191.943708
1.535706,68,1192.078784
2.684924,67,1203.723171
3.400595,97,1203.914477
103.444285,69,1204.052352
2.831917,71,1204.190459
5.028303,66,1204.321373
100.140654,38,1204.398103
0.922151,88,1204.573689
3.418829,66,1204.705193
2.676678,68,1204.837019
2.569003,75,1204.985309
5.11041,72,1205.137538
4.058632,101,1205.353661
101.445693,62,1205.483819
101.468906,93,1205.672355
1.300235,73,1205.818882
0.126653,113,1206.039592
3.831384,71,1206.173708
2.978688,80,1206.328737
4.047834,79,1206.489239
-0.432065,118,1206.725015
2.508205,79,1206.87715
5.068832,66,1207.010573
103.215036,70,1207.146342
102.828887,74,1207.294237
100.707658,85,1207.462121
4.492848,67,1207.591781
1.738931,69,1219.418217
1.459122,80,1219.574806
101.011161,68,1219.707402
5.429955,67,1219.839938
1.345269,116,1220.0712
5.405249,78,1220.22233
102.601213,66,1220.35207
5.12798,75,1220.501523
4.334729,68,1220.656241
4.701426,91,1220.84606
-0.840119,353,1221.598729
1.313956,135,1221.873416
2.866947,70,1222.010893
1.721614,103,1222.216197
4.01891,66,1222.348052
1.014683,94,1222.538694
4.406265,93,1222.716707
-0.091684,87,1222.888437
100.888614,156,1223.227732
101.272244,59,1223.350128
102.834736,80,1223.51228
1.069878,77,1235.02921
103.581615,66,1235.159455
0.280916,87,1235.335605
0.23918,77,1235.49263
3.207355,86,1235.660892
4.037401,87,1235.835575
4.989595,67,1235.969558
2.18463,77,1236.12767
1.042151,84,1236.296128
1.301067,84,1236.484872
3.731359,84,1236.657775
4.207341,69,1236.797138
2.550315,68,1236.938423
1.017584,67,1237.077765
2.295071,66,1237.210536
3.314676,67,1237.346555
0.936378,96,1237.541284
2.815833,63,1237.667253
3.689172,104,1237.888067
2.205396,79,1238.045166
4.017713,72,1238.187986
1.919764,73,1238.331295
2.075561,72,1238.472856
3.973058,72,1238.618515
4.272,69,1238.760572
5.216801,65,1238.88917
2.306324,80,1239.04857
3.267091,69,1250.60727
4.573946,80,1250.767762
100.8766,78,1250.920234
0.248437,1000,1252.929918
3.767094,65,1253.055259
2.023921,73,1253.201341
0.525918,109,1253.412019
101.96587,54,1253.516713
101.136239,75,1253.665752
4.739176,68,1253.804311
3.812926,76,1253.956272
-1.337184,300,1254.559023
101.18134,99,1266.069808
3.49087,67,1266.205535
0.953178,132,1266.465218
6.219691,66,1266.598012
0.86904,87,1266.770349
102.111214,72,1266.933018
2.357711,65,1267.068063
102.559804,72,1267.208185
4.963954,86,1267.381918
1.82842,72,1267.526368
1.417646,72,1267.671862
1.343096,82,1267.835538
1.361986,76,1267.989547
4.930224,76,1268.148946
0.485177,76,1268.303926
0.747362,78,1268.457622
0.768738,75,1268.608607
2.477997,77,1268.778274
3.239352,64,1268.907134
1.943442,70,1269.043892
-0.754783,103,1269.24875
3.246553,92,1269.427856
0.385933,84,1269.590334
4.565823,68,1269.725912
4.857076,72,1269.866878
100.56221,61,1269.989771
1.281351,78,1281.559462
2.055582,65,1281.693494
2.684732,73,1281.845266
4.576691,67,1281.981635
2.772667,65,1282.134106
101.894855,61,1282.256827
2.450779,73,1282.404342
2.337304,74,1282.554256
101.644344,84,1282.721642
2.781089,76,1282.876415
0.628549,82,1283.04068
1.75706,73,1283.190598
0.851632,1000,1285.212589
2.568001,72,1285.370222
4.315788,66,1285.506608
102.835338,64,1296.787102
103.429819,59,1296.901616
3.603563,64,1297.026586
3.4736,64,1297.169364
2.597774,72,1297.312686
3.022227,70,1297.450878
2.252077,78,1297.603907
1.705015,80,1297.757954
4.624123,68,1297.896981
5.374398,65,1298.02749
5.205336,66,1298.159485
3.877953,65,1298.286635
2.188719,72,1298.431306
-0.699772,96,1298.628836
3.669691,74,1298.77845
1.44134,71,1298.929731
2.504308,64,1299.060982
5.984086,67,1299.194024
3.250277,65,1299.319944
3.252778,72,1299.467722
0.660206,135,1299.739967
102.032682,66,1299.876261
4.053903,66,1300.007364
3.978315,78,1300.16349
2.253206,71,1300.302088
3.905587,65,1300.435473
0.338213,73,1300.59759
102.478024,54,1300.704385
5.326547,67,1300.83748
0.186282,93,1312.456008
4.62915,63,1312.584101
5.684152,68,1312.718414
0.263733,1000,1314.728591
3.958906,71,1314.870139
101.016773,60,1314.995164
5.337972,65,1315.128181
2.061399,67,1315.261731
1.501793,71,1315.408348
3.215409,71,1315.557633
-0.141954,79,1315.719742
1.089963,136,1315.999547
1.378127,88,1316.176104
3.657695,68,1316.310014
102.653506,77,1316.463111
3.302657,77,1328.034523
3.094891,71,1328.174116
102.194601,68,1328.307581
0.951849,81,1328.467477
4.947842,83,1328.630127
1.625717,71,1328.785633
101.027836,67,1328.920822
4.010517,69,1329.06125
2.744915,82,1329.224245
101.513813,51,1329.326871
3.267962,65,1329.455496
-0.318127,1000,1331.433803
101.568319,129,1331.697721
0.979433,74,1331.845522
101.351341,155,1343.454232
-0.769719,110,1343.67204
3.755819,81,1343.834906
-0.202272,89,1344.010798
3.732268,80,1344.171936
1.747637,72,1344.316239
2.173042,72,1344.461122
3.941458,71,1344.602914
-0.84533,91,1344.7985
3.815199,65,1344.935374
4.523997,66,1345.066335
100.904049,85,1345.239684
101.610956,78,1345.400792
4.115059,69,1345.537358
2.945797,64,1345.667144
4.414978,65,1345.799382
3.049402,63,1345.934014
5.532423,73,1346.088958
4.480329,68,1346.219903
2.483019,78,1346.371878
3.213891,66,1346.50448
101.357486,100,1346.703538
3.809472,68,1346.833973
4.415103,66,1346.963597
3.356137,70,1347.100739
2.642124,71,1347.240411
1.248155,72,1347.381495
3.930314,81,1358.739079
100.769323,103,1358.939304
3.499653,78,1359.091192
3.179303,70,1359.228071
3.941866,67,1359.360373
2.986834,64,1359.487581
101.379399,104,1359.695475
102.972484,55,1359.801472
3.228785,72,1359.942323
4.971564,63,1360.073428
3.863697,92,1360.264754
4.629081,66,1360.417311
3.074994,68,1360.561238
1.481425,70,1360.703589
1.505077,144,1361.000799
0.684946,126,1361.260773
2.298444,71,1361.408867
2.789066,65,1361.542251
1.960589,72,1361.692037
4.22687,63,1361.838241
1.895087,90,1362.01521
2.54655,83,1362.180958
5.896879,1000,1375.489697
0.796474,104,1375.707796
3.93516,64,1375.830469
4.310398,63,1375.95434
5.002879,68,1376.085262
3.336772,74,1376.249365
3.195767,66,1376.38013
0.613377,137,1376.664833
1.413543,73,1376.818438
-0.21324,103,1377.042617
2.518092,95,1377.235665
1.79943,75,1377.384169
2.759861,67,1377.517527
1.704409,69,1377.652668
2.673312,64,1377.779024
0.443239,91,1377.96487
4.031951,70,1378.107527
3.595301,65,1389.713231
1.266377,77,1389.865137
2.420423,77,1390.013655
101.118914,54,1390.122479
2.495024,73,1390.265654
1.079607,84,1390.429302
0.955761,72,1390.573785
0.909199,146,1390.857395
105.739578,64,1390.998573
0.486424,122,1391.237988
-0.18125,84,1391.402722
4.885953,87,1391.572002
101.358442,71,1391.710837
3.662469,70,1391.847008
0.963674,73,1391.989473
5.371019,67,1392.124089
4.296669,67,1392.254638
3.666477,63,1392.397205
3.367381,69,1392.538956
0.862289,88,1392.720143
4.296484,65,1392.852452
3.195764,90,1393.030299
2.320987,71,1393.17165
-0.123355,85,1393.344115
2.018308,81,1393.501946
2.637082,69,1393.640196
4.275216,74,1405.127579
1.136404,69,1405.267425
6.076002,66,1405.399781
2.837951,77,1405.558706
1.804233,83,1405.728299
1.70184,66,1405.862339
3.81775,71,1406.010352
2.893136,80,1406.175677
5.549013,63,1406.319478
5.685415,69,1406.467963
5.22404,82,1406.638932
1.997342,73,1406.789324
101.879015,80,1406.944819
102.474086,49,1407.036967
-0.139579,72,1407.173501
2.5006,78,1407.326805
0.301024,1000,1420.869992
4.836828,60,1420.991208
0.312178,122,1421.231634
3.053502,68,1421.368301
0.439105,82,1421.543152
4.421246,63,1421.665357
1.329951,72,1421.812229
1.115956,93,1421.99786
4.632428,68,1422.133264
4.656025,63,1422.257852
1.086784,71,1422.401532
0.928473,1000,1424.43947
100.880182,53,1424.542519
-0.415983,97,1424.733788
4.72991,63,1424.857461
1.649169,146,1436.508812
4.653101,64,1436.643868
0.201668,1000,1438.623514
-2.815278,301,1439.192815
4.326515,80,1439.347386
1.465279,73,1439.486691
101.078325,86,1439.64909
101.909812,58,1439.760455
-0.47087,1000,1453.238696
3.910913,73,1453.381444
3.447627,74,1453.547231
3.55536,69,1453.689777
5.140249,87,1453.868586
101.842995,76,1454.024502
1.430797,85,1454.200261
1.355562,68,1454.339953
3.633004,79,1454.499327
0.785317,89,1454.682204
2.479363,69,1454.819792
100.570722,87,1455.008658
104.911417,61,1455.125603
3.196701,64,1455.250598
1.462421,70,1455.387089
101.744339,70,1455.529454
2.598531,91,1455.702789
1.877843,68,1455.836933
1.808655,78,1467.286957
2.336309,75,1467.448786
2.823971,72,1467.589258
1.770294,71,1467.727319
2.19276,72,1467.869102
1.494013,80,1468.029243
2.538502,75,1468.180608
3.934964,72,1468.326803
3.339331,65,1468.457457
0.786933,134,1468.733555
101.912874,75,1468.884883
5.883613,64,1469.013773
100.010698,45,1469.105331
102.040099,92,1469.292819
0.863555,74,1469.443506
0.825318,73,1469.592451
3.609423,71,1469.735344
2.723929,76,1469.891045
1.245758,69,1470.029402
3.096495,82,1470.198417
2.441026,66,1470.331688
1.038537,72,1470.478135
3.82133,74,1470.629921
3.800643,97,1470.830227
106.008574,71,1470.969522
3.496537,69,1471.102737
4.251254,92,1471.276288
2.640233,77,1482.975161
3.812805,64,1483.11191
5.378072,64,1483.247923
3.20531,80,1483.4062
4.098161,67,1483.537742
101.043384,45,1483.63168
2.338485,68,1483.767246
2.878717,67,1483.900651
1.581673,71,1484.050117
3.077617,64,1484.180129
4.566287,67,1484.313989
4.54156,65,1484.440553
3.58581,62,1484.561067
2.034301,84,1484.726916
2.306548,70,1484.882529
3.098201,77,1485.032245
102.042696,61,1485.15165
4.591498,75,1485.29984
101.196586,96,1485.497754
4.042925,65,1485.630045
2.959662,68,1485.784113
4.354203,79,1485.946221
5.425295,70,1486.108308
2.490799,68,1486.249532
2.324598,87,1486.433901
3.699155,67,1486.579092
3.961447,64,1486.711809
2.173379,67,1486.858345
0.60308,74,1487.024041
2.10481,72,1498.720005
2.849351,64,1498.850393
4.397221,66,1498.981992
-0.231648,1000,1501.053179
4.805881,63,1501.180606
-0.565961,151,1501.492705
1.740168,64,1501.623828
2.941459,68,1501.762359
4.516954,63,1501.891613
4.136063,64,1502.036862
3.997359,64,1502.167804
1.302901,70,1502.310979
0.989618,71,1502.459448
2.748156,69,1502.598861
1.627862,77,1502.758754
4.268658,79,1514.333578
3.914037,71,1514.492796
3.925743,62,1514.621106
1.725209,73,1514.764652
0.012973,1000,1516.736121
100.796166,87,1516.908226
3.156487,66,1517.038892
3.028642,95,1517.240532
4.088236,71,1517.391975
3.161187,79,1517.562102
1.077993,72,1517.710266
1.925189,68,1517.850943
3.712485,63,1517.978459
2.866114,81,1518.135658
3.011392,67,1518.268803
101.9397,54,1518.375338
4.793508,81,1530.124332
1.813352,65,1530.258318
2.255297,71,1530.400298
-0.324406,80,1530.565947
4.911125,63,1530.69462
100.702497,60,1530.815531
2.321226,84,1530.991941
1.688809,82,1531.167092
2.301594,73,1531.32029
3.895838,66,1531.458509
102.251661,51,1531.573963
3.664578,98,1531.781843
2.525995,73,1531.935963
103.477546,64,1532.071001
0.730464,81,1532.237092
1.436877,91,1532.422769
2.564868,80,1532.584465
5.847925,66,1532.72748
2.834688,77,1532.913399
1.891486,90,1533.09752
2.068858,70,1533.239588
3.690246,82,1533.408128
4.165518,62,1533.540645
3.250361,79,1533.708208
4.905588,87,1533.892539
104.195345,90,1534.078999
3.734234,68,1534.219873
1.787811,70,1545.999079
1.61759,70,1546.150675
105.834529,72,1546.315221
1.982335,63,1546.45244
3.050372,75,1546.61352
102.841766,84,1546.791184
0.710518,75,1546.947346
1.613928,74,1547.099303
2.173746,78,1547.26167
1.919582,66,1547.415741
104.58247,70,1547.566995
3.931805,62,1547.696355
2.590274,68,1547.835331
4.252174,66,1547.97166
4.679742,66,1548.112362
3.686491,65,1548.246073
3.274543,68,1548.386851
4.014782,64,1548.518521
1.118341,70,1548.663312
2.054151,66,1548.798772
0.700007,104,1549.024921
0.879754,117,1549.267602
1.818686,82,1549.439091
5.012089,76,1549.592141
1.926924,76,1549.747005
3.020488,68,1549.891049
4.771726,64,1550.022564
1.45884,78,1550.181408
100.57913,52,1561.949773
1.216834,78,1562.108114
2.19489,68,1562.240181
2.271587,80,1562.397031
3.978021,74,1562.54983
102.28441,60,1562.668194
3.364798,69,1562.803646
0.93206,116,1563.033348
5.616353,89,1563.218327
2.33796,68,1563.368547
1.320915,71,1563.516759
1.220936,74,1563.670082
1.989439,84,1563.841361
3.265262,86,1564.018787
3.239744,74,1564.172735
0.467972,83,1564.345103
3.418383,65,1564.482812
1.280295,93,1564.691283
-0.569293,1000,1578.345429
2.124235,66,1578.477324
1.160384,104,1578.688616
1.471195,81,1578.863849
101.636696,68,1579.010774
4.093439,64,1579.16105
4.395113,73,1579.320928
-1.764107,93,1579.525182
4.494134,73,1579.691663
3.196881,64,1579.824157
100.832754,59,1579.942752
3.345242,66,1580.080566
4.728971,71,1580.234505
2.117004,73,1580.386859
105.151203,66,1580.539175
3.183038,86,1580.71429
0.383263,1000,1594.430527
103.554774,66,1594.568541
3.138059,64,1594.694801
1.292633,71,1594.850186
1.749404,68,1594.986342
0.050933,77,1595.139928
3.263537,67,1595.275146
3.948725,64,1595.40477
1.469457,89,1595.583052
4.038931,63,1595.711852
101.47276,82,1595.881145
102.024881,71,1596.020304
1.328002,76,1596.169544
3.817419,66,1596.304772
101.680788,54,1596.412769
3.449976,65,1596.539919
0.505584,77,1596.694163
2.473514,64,1596.82309
2.983177,69,1596.96143
2.152847,94,1597.150363
100.848103,93,1597.337718
3.738259,64,1597.474116
4.659162,64,1597.613766
5.985963,67,1597.743843
0.775678,74,1609.086268
1.225869,68,1609.220854
100.310367,26,1609.269367
3.863008,73,1609.411778
2.943717,70,1609.543437
100.710596,35,1609.611798
4.657513,72,1609.767254
4.155219,65,1609.895918
4.845863,65,1610.023106
2.914884,95,1610.207157
103.364209,64,1610.331562
5.726317,66,1610.464666
3.588785,65,1610.594825
4.774602,62,1610.715436
102.54081,90,1610.890215
102.799873,61,1611.009937
-0.428737,94,1611.191293
0.773862,91,1611.386542
4.933987,71,1611.527009
1.060784,92,1611.708367
2.339982,64,1611.83492
5.208816,63,1611.960203
1.429875,67,1612.092828
1.69618,71,1612.236403
5.456313,66,1612.370063
2.757366,88,1612.54585
0.836395,68,1612.678426
3.57098,69,1612.816219
1.336882,81,1612.978775
4.57568,65,1613.106369
3.856492,69,1624.81192
1.791537,81,1624.974946
1.618518,75,1625.122992
1.216324,72,1625.266032
101.762492,43,1625.35291
101.131768,106,1625.562762
101.338124,80,1625.729528
-0.280384,1000,1627.800583
100.622872,67,1627.934222
3.563907,64,1628.065748
3.020607,63,1628.195728
4.230946,72,1628.342671
3.524412,63,1628.47208
100.331666,29,1628.528495
3.927664,65,1628.658944
100.482583,78,1628.814615
2.242509,75,1640.329892
3.0837,67,1640.46555
4.452189,63,1640.595045
-1.873953,116,1640.82463
0.127758,95,1641.017466
2.32267,79,1641.174299
4.180849,69,1641.316542
101.082394,94,1641.504211
100.359042,81,1641.677615
6.022155,63,1641.805382
4.116145,67,1641.939452
101.329986,51,1642.040529
4.676344,67,1642.171999
3.483759,64,1642.299136
100.687045,121,1642.548902
3.833941,64,1642.68628
4.272596,65,1642.821652
4.157153,82,1643.022433
2.061662,69,1643.160475
2.235341,78,1643.311009
3.938231,61,1643.431085
1.028325,102,1643.634665
3.671592,69,1643.770276
1.776766,77,1643.930417
100.935568,97,1644.124702
100.932952,74,1644.275852
2.277528,68,1655.94736
0.59336,80,1656.109423
3.163335,62,1656.237563
5.329674,65,1656.368402
3.408221,64,1656.497844
100.487371,67,1656.638249
101.452332,101,1656.854946
3.063108,77,1657.00624
-0.465892,117,1657.245554
2.561238,75,1657.400133
101.736896,73,1657.569894
2.400137,96,1657.77116
102.09373,67,1657.90681
2.526242,72,1658.055844
102.935632,78,1658.215298
1.576666,71,1658.354567
100.833411,262,1658.904222
4.353837,89,1659.084686
4.573163,64,1659.214908
100.993051,53,1659.321745
2.832594,75,1659.471027
101.942953,70,1659.615476
2.104119,69,1659.757402
4.903659,70,1659.902827
2.017935,75,1660.058102
2.671973,71,1671.658113
3.467241,96,1671.850805
3.249701,66,1671.98738
3.883256,63,1672.118106
5.547031,68,1672.254001
1.301347,70,1672.393557
0.789277,108,1672.611838
2.366427,69,1672.754062
2.796107,64,1672.881163
0.057891,1000,1674.876178
2.702811,65,1675.003704
1.51251,78,1675.170254
2.033267,68,1675.319276
100.292768,26,1675.378507
1.596317,79,1675.549641
1.321478,69,1675.700197
3.225192,69,1687.240032
0.326177,78,1687.414987
-0.207763,82,1687.581065
4.288759,74,1687.733195
2.884629,65,1687.865031
104.019787,71,1688.010123
103.732966,57,1688.126997
2.040947,72,1688.275006
4.782166,75,1688.429961
1.45455,67,1688.563241
5.5666,66,1688.706308
2.916434,72,1688.855827
6.127314,81,1689.029917
102.442653,67,1689.164885
2.426703,70,1689.307909
3.716198,71,1689.455523
-0.495229,77,1689.613351
2.372456,71,1689.75419
3.204818,75,1689.90835
1.099137,125,1690.173105
4.903189,62,1690.299595
101.16643,82,1690.468875
4.089259,65,1690.601514
3.204472,64,1690.739913
1.989785,71,1690.890712
4.100496,66,1691.023584
101.233033,90,1691.211028
2.711977,75,1691.369061
2.018918,98,1703.022492
5.943581,75,1703.172102
2.353529,69,1703.307407
4.994297,62,1703.435511
5.799872,73,1703.579917
1.516161,75,1703.731395
2.828134,71,1703.883665
4.651631,64,1704.01075
0.566628,79,1704.172714
1.369153,106,1704.378481
101.458556,75,1704.529168
4.082172,65,1704.660794
105.765752,74,1704.80571
3.892938,91,1704.985003
4.360666,72,1705.127034
5.534896,68,1705.264534
101.394422,86,1705.432787
1.112671,77,1705.611231
1.82661,78,1705.762144
-0.869402,120,1706.007542
3.726678,75,1706.166726
2.672834,64,1706.294645
0.998398,86,1706.470164
2.770068,68,1706.624616
1.199641,73,1706.77243
2.945559,63,1706.894901
4.267381,70,1707.030616
3.603506,64,1718.43676
3.420422,73,1718.578863
-0.003117,1000,1720.605673
2.372624,68,1720.743273
3.896903,89,1720.922131
1.386164,96,1721.113019
103.436087,61,1721.239
1.496853,89,1721.414096
4.886929,78,1721.572258
103.871875,61,1721.69833
5.116942,83,1721.876326
101.442776,105,1722.078606
1.090354,102,1722.2746
3.72073,95,1733.709825
2.202944,68,1733.844405
2.665932,76,1733.991766
3.777376,65,1734.124331
4.027235,87,1734.294143
1.315819,65,1734.422857
2.41338,68,1734.556149
4.529444,62,1734.680279
3.390124,72,1734.82885
1.94171,71,1734.97215
4.245201,64,1735.101732
2.95485,64,1735.241567
3.299673,74,1735.388876
2.938106,86,1735.556809
2.420998,68,1735.692376
2.972622,69,1735.83016
-0.205716,95,1736.017082
2.601678,68,1736.153117
101.223317,82,1736.315954
101.460026,73,1736.476468
102.006787,91,1736.659282
5.374327,66,1736.789548
100.977707,72,1736.933528
3.039514,67,1737.065338
1.468937,72,1737.207005
100.609876,24,1737.256706
2.195646,68,1737.395118
5.531418,76,1737.544865
3.419711,67,1737.676836
3.978728,65,1749.192197
3.558923,77,1749.344399
1.365691,70,1749.482073
0.986465,72,1749.623337
0.778591,106,1749.8352
3.70925,64,1749.962848
4.568134,64,1750.091539
4.567084,75,1750.24109
0.207323,184,1750.611784
1.842373,69,1750.768216
2.656394,73,1750.911683
4.612205,66,1751.052489
-0.067085,1000,1753.088207
4.229515,65,1753.214417
0.506484,91,1764.718426
2.957017,72,1764.861521
1.690916,76,1765.011867
4.743566,63,1765.136537
4.873747,70,1765.277888
1.407016,70,1765.417469
5.29784,72,1765.559678
3.484579,72,1765.703975
1.50501,81,1765.86529
4.646059,71,1766.00562
4.269955,61,1766.126192
1.265425,70,1766.264034
2.842085,76,1766.417194
2.559478,75,1766.582578
5.153674,73,1766.724392
1.985094,65,1766.852728
0.057478,112,1767.071564
101.551205,71,1767.212238
2.674611,68,1767.345864
4.755699,72,1767.484977
-0.155282,88,1767.660107
100.765178,80,1767.829328
5.662811,61,1767.952151
3.430191,63,1768.075624
0.270051,1000,1781.429196
2.130614,72,1781.577741
4.374352,64,1781.710968
1.766711,71,1781.855629
-0.276423,103,1782.064658
0.649518,1000,1784.076988
3.482157,91,1795.606331
2.681383,67,1795.736706
2.614494,70,1795.877212
2.263336,67,1796.008315
3.308242,76,1796.155389
4.033115,68,1796.287194
3.836277,65,1796.411776
1.536255,69,1796.544062
-0.180711,122,1796.812754
5.267938,63,1796.948701
0.770678,75,1797.106622
101.98706,76,1797.26886
3.638843,66,1797.416655
5.364004,63,1797.551566
2.055557,77,1797.713526
3.30956,77,1797.865356
3.976397,65,1798.002674
0.616161,76,1798.157979
101.767318,78,1798.329651
3.011728,82,1798.497344
5.136596,68,1798.637659
-0.246464,80,1798.80419
3.886045,69,1798.940388
1.5814,71,1799.07801
2.351265,66,1799.219877
1.249383,75,1799.367173
1.977302,79,1799.521401
2.860546,73,1799.666023
100.475483,70,1811.194083
101.685255,60,1811.311847
100.82935,115,1811.537435
3.380512,76,1811.696076
3.260096,68,1811.841963
104.341232,59,1811.956389
2.989837,72,1812.103908
0.817634,90,1812.295682
2.703015,84,1812.464602
0.779311,91,1812.6625
0.86467,94,1812.853685
2.189477,69,1813.000593
1.725646,72,1813.144686
101.038259,64,1813.274833
1.216464,73,1813.420969
1.308727,82,1813.584597
2.645489,68,1813.722829
2.316083,65,1813.871443
2.207557,68,1814.009654
1.110276,77,1814.163793
0.751598,94,1814.35284
0.459707,112,1814.57266
0.532666,75,1814.729703
-0.793417,88,1814.904607
0.52944,128,1815.15554
2.018107,67,1815.286626
4.043142,88,1827.018469
1.898627,69,1827.154728
100.684687,77,1827.306843
4.517475,65,1827.436744
-0.386865,97,1827.637924
3.974121,65,1827.771668
1.983548,69,1827.922816
1.151644,69,1828.074155
2.076306,70,1828.21183
2.553561,67,1828.341842
4.740523,68,1828.474853
0.837593,80,1828.633663
3.734846,73,1828.777162
3.136209,80,1828.935986
3.064682,65,1829.060124
-0.707282,132,1829.315492
1.821468,81,1829.474735
0.250591,1000,1842.708053
100.875338,67,1842.843073
4.569388,62,1842.960375
2.215555,69,1843.111271
3.090506,99,1843.312857
102.904687,53,1843.416707
-0.433704,98,1843.608087
3.895457,79,1843.76624
1.909485,71,1843.908116
2.586527,67,1844.040709
102.35186,80,1844.20179
101.91166,57,1844.31892
1.117765,85,1844.491255
3.312261,66,1844.626906
3.696635,67,1844.761183
102.475322,59,1844.879991
5.123251,85,1845.053546
2.567336,67,1845.204599
3.037222,64,1845.333141
2.663235,74,1845.481354
-0.014765,78,1845.638225
1.53264,69,1845.778069
3.59984,65,1845.906911
0.502253,77,1846.06221
4.062753,127,1846.319281
2.533235,65,1857.745358
100.98578,62,1857.873412
101.416931,87,1858.052026
101.676818,74,1858.200349
5.25734,64,1858.329823
103.226339,54,1858.434744
2.407676,68,1858.575891
4.115238,64,1858.708959
0.242275,75,1858.85992
3.839197,74,1859.025572
103.69911,65,1859.16019
1.737327,84,1859.330515
4.27433,66,1859.465621
-2.26898,155,1859.777339
3.94339,75,1859.930732
100.571155,51,1860.034006
1.734446,82,1860.199931
1.621684,102,1860.424792
-0.681046,85,1860.600015
101.190247,68,1860.738765
101.046552,79,1860.901171
1.435156,77,1861.056948
104.967367,66,1861.189667
101.256337,65,1861.321073
101.47547,90,1861.499226
0.303435,99,1861.696861
101.867463,63,1873.150565
4.291608,66,1873.281756
0.986257,72,1873.424643
103.023,54,1873.532184
0.364421,85,1873.701502
-0.196984,470,1874.655064
100.723814,83,1874.826913
2.746186,76,1874.979021
103.662312,54,1875.091254
0.114656,1000,1877.105834
1.935222,71,1877.245495
5.447416,62,1888.749576
3.002612,65,1888.879716
1.731192,75,1889.031113
4.665416,63,1889.152203
2.270344,67,1889.287656
102.55966,76,1889.454811
5.235953,63,1889.585308
3.172568,79,1889.749437
101.190923,71,1889.894738
101.299009,84,1890.064108
2.295924,70,1890.206783
100.530439,39,1890.28859
0.542607,69,1890.42904
5.736534,63,1890.554996
0.593698,74,1890.702432
2.379878,69,1890.843066
3.175024,65,1890.974811
1.561794,80,1891.145459
1.045821,73,1891.291221
101.558289,61,1891.415854
101.192472,79,1891.574257
4.583371,63,1891.702886
3.607683,64,1891.833288
4.34947,63,1891.961331
0.568454,97,1892.153964
103.666426,59,1892.273573
104.942683,67,1892.40613
0.855696,104,1892.613987
2.303509,77,1892.783963
102.130819,57,1904.214597
1.347827,81,1904.376277
4.740695,70,1904.517682
1.643097,77,1904.667435
102.026017,72,1904.807518
1.595978,96,1905.014801
4.114522,80,1905.182201
100.956977,74,1905.325797
1.169752,70,1905.461001
4.348528,64,1905.59051
2.067199,77,1905.739308
0.980308,81,1905.902975
1.758974,80,1906.059879
5.349672,74,1906.205594
100.556727,49,1906.309534
1.297906,100,1906.513359
100.841976,63,1906.652815
100.07408,53,1906.762896
0.392039,108,1906.984012
2.999372,66,1907.121386
2.253359,69,1907.264025
1.229945,88,1907.444384
4.750105,65,1907.574975
4.445883,64,1907.702435
3.663883,64,1907.846142
0.76137,82,1908.012929
2.093435,68,1908.150778
0.629243,195,1920.075909
2.617831,75,1920.223646
4.129094,78,1920.375735
4.183272,63,1920.504961
-0.97608,87,1920.683354
3.261379,63,1920.810447
3.90112,99,1921.008655
2.021715,75,1921.157717
3.677599,70,1921.298126
101.398615,70,1921.435974
0.252999,95,1921.624747
1.199709,98,1921.818348
3.539875,75,1921.968811
2.265212,68,1922.105647
5.671894,67,1922.235151
3.862618,64,1922.361631
4.878575,66,1922.498746
2.462252,81,1922.656308
5.197006,67,1922.794391
4.534531,85,1922.966413
0.812838,91,1923.148571
100.273604,64,1923.276149
-0.64163,124,1923.525121
103.964531,61,1923.646709
1.740667,69,1923.782748
2.241949,67,1923.911411
2.779368,68,1935.779516
3.316597,77,1935.953184
3.391611,96,1936.193045
104.232529,57,1936.313526
1.694064,70,1936.46875
104.047474,58,1936.587866
0.614675,1000,1938.713367
4.104064,65,1938.868073
3.799931,66,1939.006975
100.856748,57,1939.127222
1.70034,72,1939.282581
3.513702,82,1939.456514
-0.290303,90,1939.647587
1.581697,73,1939.799642
102.208663,61,1939.928574
3.913236,84,1951.850704
103.233788,60,1951.973004
1.598918,72,1952.139107
1.824986,69,1952.279968
5.253879,63,1952.409767
1.739675,69,1952.546772
4.451928,66,1952.681209
3.330603,67,1952.813739
5.638794,80,1952.975579
2.509465,90,1953.153662
100.767728,62,1953.282271
1.473799,72,1953.450905
2.498972,75,1953.608523
1.690462,102,1953.816311
3.976686,74,1953.961948
1.861557,71,1954.103463
100.981704,52,1954.209729
3.144396,71,1954.349691
3.898673,92,1954.53304
3.295977,66,1954.661265
0.994603,180,1955.046806
101.462987,75,1955.197274
1.279883,77,1955.348133
4.349495,63,1955.471133
101.508271,64,1955.597873
1.952524,71,1955.739765
3.40237,67,1955.87413
3.137728,89,1967.460968
101.75537,41,1967.543292
4.258527,65,1967.670986
1.039337,147,1967.968339
1.262304,69,1968.104513
5.225558,63,1968.232837
4.494382,71,1968.37175
101.216928,65,1968.507989
2.880015,67,1968.639306
100.33218,77,1968.789925
2.934908,65,1968.919745
1.027783,76,1969.083998
2.948112,93,1969.271397
4.758584,64,1969.403727
4.688212,83,1969.579123
3.135555,67,1969.713095
101.467049,100,1969.911663
-0.493286,128,1970.170351
3.926997,73,1970.314423
3.18348,59,1970.432615
4.766136,64,1970.562958
4.107464,64,1970.695388
4.749689,64,1970.82258
1.592246,71,1970.960662
2.504091,68,1971.092513
3.302614,62,1971.211929
3.426254,73,1971.352782
1.794153,69,1971.48586
5.925578,71,1982.90481
1.490234,66,1983.032228
100.974875,67,1983.160413
2.736885,68,1983.294186
3.764471,65,1983.42443
-0.459871,94,1983.610388
101.124468,95,1983.794396
1.41265,68,1983.928401
3.127018,93,1984.108476
1.312239,70,1984.24505
0.445209,78,1984.415675
4.112055,78,1984.571821
1.438324,71,1984.71038
1.699747,68,1984.844064
1.483382,70,1984.981625
-0.846184,131,1985.238026
1.317932,92,1985.418873
5.294214,76,1985.570594
0.417423,83,1985.736282
4.86887,73,1985.883724
101.468451,86,1986.071002
1.068608,90,1986.250858
0.310186,89,1986.425009
0.216302,1000,1999.934576
0.455976,87,2000.116047
102.230697,57,2000.228049
2.721068,64,2000.355439
4.019545,74,2000.504304
1.833814,80,2000.66067
1.801355,72,2000.806503
2.419901,65,2000.942522
1.025936,74,2001.100049
102.230477,59,2001.218549
101.903625,66,2001.350457
4.299152,60,2001.468634
4.019587,65,2001.601599
2.611423,70,2001.740038
4.740412,84,2001.920074
-0.195141,161,2002.247522
101.999008,68,2002.388052
3.025559,64,2013.818306
4.917911,63,2013.964252
0.710088,82,2014.129224
1.474549,85,2014.303759
4.317636,63,2014.438538
0.92288,67,2014.578251
2.759546,82,2014.746289
3.48695,65,2014.876904
5.394175,61,2015.000335
104.767308,63,2015.124408
0.138277,126,2015.380533
4.360868,64,2015.510317
3.655083,67,2015.642724
1.244914,90,2015.821212
100.583002,117,2016.062819
2.564303,75,2016.210781
101.475486,84,2016.377835
0.786596,81,2016.539772
5.668026,64,2016.668897
4.220135,64,2016.79689
2.850368,77,2016.951633
2.78205,70,2017.088
0.591059,1000,2030.608135
4.571044,61,2030.727467
4.64675,64,2030.852108
2.210919,79,2031.009466
103.163212,63,2031.134457
5.394048,65,2031.262504
2.135031,72,2031.402168
4.346826,64,2031.528611
3.512807,90,2031.711819
3.356036,73,2031.856751
4.465551,63,2031.979142
4.124416,68,2032.118357
2.683414,65,2032.26016
2.100527,68,2032.394687
4.658452,64,2032.523112
2.446835,69,2032.660693
100.989814,48,2032.75916
-0.210888,87,2032.935111
1.075428,71,2033.083662
2.57601,66,2033.215682
0.458652,80,2033.376966
3.432216,66,2033.507267
2.619437,74,2044.926402
1.120849,74,2045.073737
4.643707,63,2045.19973
-0.989114,481,2046.163808
5.630877,72,2046.307003
103.587965,67,2046.442781
101.192561,71,2046.585079
0.465497,83,2046.751588
0.916661,96,2046.946863
3.739182,65,2047.07683
101.697099,67,2047.211857
0.919054,108,2047.429962
1.445681,139,2047.718068
3.072572,88,2047.902369
1.952433,69,2048.04036
3.588339,83,2048.210832
1.852429,64,2048.340219
4.258013,70,2048.483448
4.758879,65,2048.626768
5.093269,70,2048.765439
2.500974,62,2048.89017
101.777543,69,2060.324144
-0.83653,121,2060.580337
-0.264859,107,2060.794258
2.909904,73,2060.944703
3.304872,63,2061.076829
102.42081,73,2061.230729
2.198704,69,2061.369089
4.391936,65,2061.498385
1.75294,70,2061.637456
2.98006,67,2061.771664
1.744165,70,2061.910388
1.571731,79,2062.069196
4.264133,64,2062.199028
3.532001,76,2062.354633
0.223814,82,2062.52111
1.667406,79,2062.679219
2.072432,68,2062.818043
2.668799,73,2062.967895
2.860154,67,2063.104357
4.367423,71,2063.244496
4.369579,64,2063.372227
1.207425,95,2063.560147
101.401778,57,2063.676157
101.623926,41,2063.757498
2.126968,71,2063.898551
103.412362,66,2064.027064
2.351453,78,2064.182252
103.601891,63,2064.306112
2.10527,80,2075.881661
2.793656,69,2076.017466
3.029861,95,2076.201731
3.421907,65,2076.333801
4.062776,63,2076.466295
105.277441,63,2076.593382
0.314024,273,2077.139217
-0.0894,89,2077.329024
101.309233,100,2077.526115
4.861941,63,2077.653287
-0.370551,86,2077.821309
2.419014,73,2077.969217
0.585103,90,2078.152139
2.109698,89,2078.332816
-0.141211,191,2078.713965
103.018808,80,2078.885635
101.279502,79,2079.046237
101.083521,53,2079.151676
3.431952,66,2079.283589
1.15719,80,2079.442019
1.809368,72,2079.591698
100.807699,29,2079.647347
0.038497,104,2079.858967
0.800702,109,2091.485962
1.099142,95,2091.679793
4.14199,65,2091.811673
101.254233,63,2091.932211
1.685721,70,2092.072286
4.716688,64,2092.202336
0.571247,80,2092.362739
5.391929,62,2092.491205
2.230115,87,2092.663443
2.564524,68,2092.799443
4.729243,72,2092.951451
4.585869,70,2093.099895
2.945762,65,2093.229327
2.093958,76,2093.380441
2.760895,88,2093.557784
2.382664,81,2093.718641
2.937986,70,2093.860341
2.866354,64,2093.990666
101.628456,41,2094.076486
3.197489,65,2094.205699
3.71871,78,2094.364753
2.017039,69,2094.502465
3.869835,63,2094.652667
5.197413,73,2094.798089
3.826197,71,2094.939574
4.424746,78,2095.099311
-0.876811,99,2095.294809
3.089093,65,2095.421421
3.345425,67,2106.908268
3.885866,68,2107.058336
2.588939,76,2107.21172
1.794236,80,2107.367907
1.520144,90,2107.551532
0.233866,90,2107.725187
1.987659,94,2107.914921
2.986466,65,2108.053763
0.104179,96,2108.2454
5.597345,67,2108.381794
101.047477,72,2108.529969
3.610519,66,2108.668066
0.198458,163,2108.989284
0.527748,88,2109.165237
3.51226,64,2109.291505
5.789279,69,2109.423614
102.443613,51,2109.521901
3.221457,66,2109.650338
3.395246,66,2109.782412
101.495624,77,2109.931595
102.277048,86,2110.104093
1.955366,76,2110.251824
101.889613,67,2110.388296
5.004058,67,2110.52163
-0.124645,185,2110.882754
0.204177,83,2122.3527
101.427342,66,2122.486243
4.486443,63,2122.613744
100.583819,56,2122.725424
3.735218,64,2122.856787
5.112203,65,2122.987051
3.749704,66,2123.116609
-0.977267,120,2123.366157
0.190487,80,2123.540536
102.842913,73,2123.685274
105.473478,68,2123.822251
-0.681287,1000,2125.797391
4.075094,64,2125.920915
102.76436,81,2126.080164
1.784644,98,2126.269974
0.976715,80,2137.669835
101.582993,60,2137.787945
2.294968,67,2137.915711
2.078074,81,2138.069302
1.015601,69,2138.198651
-1.090996,114,2138.414356
0.070294,84,2138.576218
4.278971,73,2138.72145
2.962197,73,2138.864247
2.218146,76,2139.018872
1.957494,72,2139.16417
102.514597,88,2139.34537
100.723002,76,2139.512831
3.326647,65,2139.644469
3.629434,62,2139.7779
0.584796,86,2139.948704
4.988119,63,2140.080982
2.727928,64,2140.209161
1.566667,74,2140.363698
1.926398,69,2140.50422
0.632753,71,2140.647778
3.973669,65,2140.776966
2.947232,69,2140.931188
4.678044,62,2141.058994
4.832786,63,2141.185349
1.391157,74,2141.337687
3.701604,69,2141.478004
2.785663,71,2141.624402
101.815459,67,2153.070254
1.853445,72,2153.232481
104.149438,58,2153.346511
0.274324,83,2153.513008
5.246457,63,2153.636768
3.266233,73,2153.778866
5.523838,65,2153.906865
4.411942,63,2154.028413
4.655824,63,2154.156225
101.686483,73,2154.298086
101.618957,75,2154.44582
0.599197,116,2154.668459
100.920316,64,2154.794924
4.37352,65,2154.919546
1.195278,82,2155.078608
1.843678,72,2155.2187
2.459423,73,2155.359927
102.867506,66,2155.491869
1.562624,71,2155.632081
4.453813,79,2155.787146
-0.539261,105,2155.995747
3.098802,65,2156.12627
1.999739,69,2156.267152
3.114378,91,2156.454837
1.800331,69,2156.590549
102.052717,72,2156.733531
3.143089,85,2156.908572
103.825453,77,2157.057234
1.934593,72,2168.472243
3.031102,67,2168.605479
101.419605,87,2168.777414
100.586676,37,2168.851874
3.833809,62,2168.973626
4.895943,63,2169.09845
0.725197,76,2169.247983
4.871287,64,2169.3764
1.20632,69,2169.516502
1.015878,72,2169.663909
100.886714,112,2169.89361
3.985371,70,2170.033419
2.274781,68,2170.170527
101.507939,79,2170.34292
3.471185,85,2170.510605
3.104865,90,2170.687458
3.601962,89,2170.865972
4.046147,64,2170.996357
-0.330828,83,2171.16135
4.296803,63,2171.285021
4.048474,89,2171.476555
1.208283,86,2171.651878
2.781937,65,2171.779166
3.216835,74,2171.927851
-0.840691,94,2172.115384
1.4749,75,2172.263756
5.050814,76,2172.416118
1.861687,70,2183.833013
4.398818,62,2183.95061
2.163961,70,2184.086524
3.473804,85,2184.253071
2.754428,67,2184.390144
2.393539,85,2184.559891
101.057136,79,2184.716718
-1.782365,150,2185.01452
101.257813,90,2185.206017
103.206614,57,2185.31993
2.464346,72,2185.464137
1.49398,87,2185.641902
1.237821,118,2185.887588
4.41342,70,2186.024292
102.041782,70,2186.163563
2.863561,76,2186.311961
105.97773,81,2186.491633
3.732476,79,2186.656904
101.388935,75,2186.808401
2.1145,72,2186.954329
3.912595,77,2187.112166
3.42368,64,2187.243686
3.043216,64,2187.371393
1.542187,74,2187.51851
3.580924,76,2187.665671
3.198417,62,2187.78966
101.415355,82,2199.297935
1.335634,69,2199.437248
-0.444385,111,2199.661603
3.769155,76,2199.811235
102.886206,62,2199.936883
1.997431,70,2200.077832
0.409424,98,2200.276992
3.443061,105,2200.495898
0.222947,79,2200.656283
2.961456,75,2200.807558
5.299645,63,2200.947719
3.876891,64,2201.074
3.306606,69,2201.215719
1.548194,70,2201.359447
-0.309398,90,2201.550854
2.443226,65,2201.691869
2.079259,70,2201.858078
3.894059,64,2201.999247
3.222072,74,2202.163523
-0.364448,93,2202.351012
0.084882,208,2202.770111
2.001346,68,2202.909778
101.575099,73,2203.055844
3.398787,75,2203.205811
4.957986,65,2203.338697
0.565803,76,2214.958582
0.732344,197,2215.355479
2.111928,70,2215.498188
1.848679,95,2215.702728
2.05858,76,2215.864318
101.265645,61,2215.991225
3.844813,70,2216.138466
3.102244,66,2216.27142
4.083709,61,2216.393839
2.62959,72,2216.534464
5.497478,67,2216.665724
2.720276,64,2216.792686
102.251706,68,2216.927643
4.994929,64,2217.050883
-0.06306,1000,2230.390205
101.19539,51,2230.492512
-4.110402,160,2230.81201
2.662182,72,2230.954726
104.164801,64,2231.083698
1.890013,93,2231.302221
-1.332172,98,2231.520422
3.716462,61,2231.645348
102.27428,68,2231.783315
3.035831,66,2231.916598
4.072171,91,2232.105066
3.170992,83,2232.2727
100.890508,103,2232.47927
-0.996117,103,2232.698088
4.953842,68,2232.837017
2.413521,73,2232.982872
0.120961,1000,2246.512881
3.712373,63,2246.634128
102.474616,70,2246.777537
102.811993,67,2246.925591
3.933731,62,2247.044441
101.439522,66,2247.176201
3.723367,83,2247.337505
3.743948,67,2247.477985
4.58927,63,2247.604047
5.636935,63,2247.727234
1.511207,83,2247.895249
2.717759,70,2248.03111
4.260927,66,2248.163881
-1.042257,224,2248.647976
0.253032,76,2248.801693
1.662462,70,2248.944222
2.774762,78,2249.101248
-0.265767,1000,2262.504567
101.71905,85,2262.679295
0.716424,71,2262.821287
1.112081,72,2262.96674
102.261432,73,2263.113875
1.882289,71,2263.255574
5.051105,64,2263.384914
100.427639,58,2263.502486
0.572412,95,2263.693883
4.935513,72,2263.836638
5.127509,63,2263.960808
101.591703,57,2264.074769
101.546029,72,2264.229016
5.569274,63,2264.359029
3.36431,94,2264.541115
2.022515,69,2264.673846
5.211956,70,2264.812357
101.041412,58,2264.930338
3.452664,66,2265.061032
104.184095,68,2265.195452
0.473091,91,2265.376226
1.172771,86,2265.547885
2.310542,68,2265.68413
3.06711,60,2277.253158
101.592489,43,2277.342394
2.711805,79,2277.504816
5.53938,61,2277.626512
2.478601,77,2277.780216
104.647347,59,2277.901989
2.936852,67,2278.03435
1.940669,69,2278.17282
0.836021,75,2278.343159
4.992176,80,2278.500698
0.056744,88,2278.674551
2.319636,70,2278.811251
3.708968,64,2278.943297
4.664513,70,2279.081588
3.077335,76,2279.229668
100.562678,33,2279.295652
0.998239,77,2279.470229
-0.052371,205,2279.87088
3.116121,68,2280.003676
3.492403,70,2280.142904
1.173882,74,2280.288411
3.495322,87,2280.460697
2.345755,64,2280.589961
0.990101,87,2280.763744
2.242229,71,2280.905545
-0.43402,145,2281.195158
-0.118249,96,2292.67904
-2.279619,128,2292.943833
4.095536,77,2293.094609
1.368197,79,2293.249946
2.646625,68,2293.385095
104.940408,72,2293.527619
0.253073,1000,2295.534295
100.727102,77,2295.687749
3.483533,70,2295.825773
101.469964,84,2295.987927
4.596741,76,2296.137412
0.038417,90,2296.319811
4.764452,79,2296.479949
0.321776,94,2296.66898
101.384718,75,2308.534019
5.045319,74,2308.690964
102.973099,65,2308.817971
4.917662,62,2308.938638
100.197173,85,2309.110326
1.95504,64,2309.238635
100.985145,77,2309.39926
4.328435,68,2309.537297
100.342088,36,2309.622679
103.136649,74,2309.768831
5.00069,66,2309.897104
4.965037,75,2310.041763
1.281154,136,2310.328573
2.129105,74,2310.480205
2.601624,79,2310.638711
5.215628,68,2310.772171
-0.342913,536,2311.855649
104.354412,58,2311.974544
0.999692,72,2312.119382
0.068563,80,2312.277729
2.5991,68,2312.412235
103.757716,67,2312.546564
4.316646,65,2324.069574
-0.337196,108,2324.288633
2.157151,69,2324.422725
1.044558,74,2324.565843
2.285894,80,2324.718974
5.467089,69,2324.857065
1.329255,101,2325.057763
4.584461,72,2325.198609
3.197609,68,2325.332496
2.822345,60,2325.449647
3.431805,60,2325.567019
4.900606,74,2325.712623
101.577025,65,2325.842164
2.686247,68,2325.97485
0.678977,96,2326.166293
0.334681,77,2326.337823
4.322417,64,2326.467663
4.654491,76,2326.623233
103.737233,65,2326.753317
2.165743,61,2326.87693
2.867313,66,2327.004219
3.828647,66,2327.138701
102.008919,79,2327.298286
3.694237,85,2327.512228
5.127868,62,2327.677226
3.513342,66,2327.848701
4.445646,65,2327.978907
102.272897,50,2328.07598
103.278142,73,2339.7174
101.063227,72,2339.880337
3.193223,90,2340.067379
2.59246,65,2340.201113
-0.611944,89,2340.395643
3.560805,62,2340.521734
3.15993,102,2340.742064
100.59853,65,2340.880883
4.271758,68,2341.024488
3.696166,80,2341.186324
102.704594,64,2341.31697
0.108844,1000,2343.350281
4.601088,86,2343.520675
3.637518,64,2343.651714
1.448507,88,2343.834979
6.031194,82,2355.44724
103.845379,64,2355.578967
2.521974,82,2355.745985
100.624963,59,2355.866875
4.263031,74,2356.015483
4.558484,81,2356.186468
3.002807,80,2356.353277
2.407005,74,2356.507435
1.777774,71,2356.651344
-0.007239,86,2356.827539
2.236688,73,2356.980943
3.961627,64,2357.110415
3.698958,63,2357.240658
1.436032,74,2357.39173
1.296208,91,2357.581
4.300117,63,2357.708465
1.415008,75,2357.863588
4.60911,72,2358.013926
101.664806,64,2358.147082
-0.096331,90,2358.33722
0.739424,80,2358.500792
1.325414,128,2358.767282
1.385494,71,2358.912489
4.999042,84,2359.089535
3.366389,73,2359.24132
2.622323,70,2359.386469
2.540089,68,2359.538406
2.466604,64,2371.054331
2.792529,98,2371.251112
4.551561,69,2371.385391
4.551004,65,2371.515827
4.555624,63,2371.647344
1.292404,89,2371.823937
2.603047,67,2371.955748
3.514264,74,2372.108098
2.341403,70,2372.263388
2.62837,69,2372.401103
3.327556,91,2372.58705
-0.158935,99,2372.783872
101.857656,57,2372.893251
104.443548,62,2373.016164
2.922003,81,2373.17542
4.471653,81,2373.330499
-2.078871,93,2373.515169
1.146019,87,2373.685746
3.229541,66,2373.81448
4.896823,67,2373.944392
2.998511,59,2374.066677
5.193482,61,2374.181177
102.411883,53,2374.285667
2.614317,68,2374.420453
-1.814699,113,2374.645888
2.719667,64,2374.768667
4.731217,64,2374.899179
2.866372,82,2386.459899
101.427536,72,2386.608556
1.420047,65,2386.745073
3.02913,73,2386.886847
2.8095,93,2387.070542
1.004969,75,2387.217021
3.33539,62,2387.340615
4.933238,69,2387.480735
5.615542,73,2387.631103
4.124207,65,2387.762556
3.914396,82,2387.922087
101.33388,80,2388.08814
2.698183,69,2388.224047
101.350153,70,2388.359379
5.18415,85,2388.523967
0.882621,88,2388.699605
102.547136,68,2388.834325
3.244947,65,2388.964348
103.821942,78,2389.118083
104.365768,77,2389.265667
2.664421,64,2389.391097
101.966141,65,2389.524343
101.654919,75,2389.677373
1.256237,84,2389.83775
-0.584354,110,2390.054245
102.606503,65,2390.187907
102.816382,73,2390.326817
4.377627,87,2390.501138
104.633344,82,2402.082653
101.709082,80,2402.236979
2.637142,84,2402.403678
101.069099,70,2402.544731
2.374314,74,2402.693784
1.497971,142,2402.975117
101.04576,85,2403.144848
101.183342,49,2403.241688
0.925257,77,2403.39523
100.573004,74,2403.560987
-2.655295,109,2403.778516
-1.544433,110,2404.001817
3.166324,69,2404.139578
2.765314,81,2404.303797
-0.415657,194,2404.700882
0.478974,1000,2418.301235
3.996802,67,2418.433238
3.760851,63,2418.558267
100.375067,48,2418.655692
3.925162,87,2418.828719
3.780636,63,2418.954647
5.409998,72,2419.097343
4.876558,63,2419.222571
104.872794,67,2419.37023
1.572353,75,2419.523061
2.077656,70,2419.661741
3.315298,66,2419.791604
4.196988,106,2420.006563
4.471028,69,2420.145001
2.290874,62,2420.271124
3.901794,67,2420.403356
2.090943,67,2420.534685
101.054189,80,2420.690322
102.529817,79,2420.846734
2.310489,63,2420.969199
0.412918,76,2421.130066
4.417514,63,2421.256334
2.403032,71,2421.400789
0.528429,94,2421.590416
0.612054,96,2433.053968
0.543248,71,2433.198606
-0.073033,1000,2435.241209
1.809419,70,2435.386514
3.02881,72,2435.530631
-2.211797,116,2435.761452
3.767721,66,2435.891203
-0.463446,86,2436.061834
-0.576382,1000,2449.307901
103.101793,76,2449.466944
101.454953,82,2449.629375
103.998246,57,2449.754232
104.779225,67,2449.888098
104.102391,76,2450.040593
4.204297,94,2450.229725
1.45022,127,2450.480185
101.198419,35,2450.555521
0.984679,71,2450.695579
0.101156,99,2450.893895
100.808901,51,2450.99886
104.90453,59,2451.115929
2.350883,68,2451.255047
101.720898,66,2451.39504
3.459967,69,2451.535805
2.077212,70,2451.682531
101.188322,62,2451.811242
5.128493,72,2451.959823
5.057738,69,2452.104587
0.59692,75,2452.261046
101.511135,98,2452.471427
1.679817,70,2463.860533
0.460903,88,2464.058376
101.612423,70,2464.201744
101.186444,80,2464.361945
0.333398,75,2464.514299
102.546866,82,2464.681084
2.62917,69,2464.819682
1.309777,67,2464.956441
4.432363,97,2465.155303
3.908087,74,2465.306838
-0.135474,88,2465.480082
0.200364,82,2465.639883
101.160131,104,2465.8512
2.884703,68,2465.983437
3.213634,66,2466.113713
5.48671,86,2466.289038
5.149493,64,2466.416921
102.846857,51,2466.516822
101.120525,63,2466.643562
101.792356,70,2466.782418
1.055302,78,2466.940551
103.658006,74,2467.090599
2.485563,67,2467.228473
4.717659,63,2467.357028
5.751234,71,2467.498563
4.314731,64,2467.626971
2.468092,62,2467.752297
0.745545,121,2479.270241
105.185413,69,2479.408833
2.720519,73,2479.556436
1.794857,68,2479.706236
103.178002,66,2479.839393
4.079332,68,2479.976174
100.576539,57,2480.099622
102.703759,53,2480.205762
2.40638,76,2480.35714
103.271128,74,2480.505256
4.426394,63,2480.628866
104.125541,58,2480.743815
101.723803,97,2480.941354
1.098648,72,2481.086976
1.271869,70,2481.225103
4.54997,65,2481.356813
100.646899,54,2481.464244
1.090051,72,2481.60697
2.79644,90,2481.781503
3.69244,82,2481.961158
1.290018,71,2482.10169
2.719222,72,2482.245387
0.765546,86,2482.421051
-0.264059,83,2482.583132
3.415581,67,2482.716361
2.991319,69,2482.850972
103.728903,56,2482.962795
3.697705,94,2483.149048
3.73919,61,2483.270103
3.760237,65,2494.667401
0.227033,80,2494.827953
4.489081,70,2494.967702
0.468114,96,2495.170532
3.072558,62,2495.296027
101.05042,96,2495.50823
100.596678,69,2495.642545
5.361048,62,2495.768366
101.252268,95,2495.954511
2.56843,69,2496.090577
4.145095,64,2496.21927
5.499677,63,2496.34447
4.522845,65,2496.472205
3.597686,72,2496.611362
5.519346,61,2496.737592
3.383011,70,2496.875012
1.093718,71,2497.014387
2.711733,72,2497.16116
4.859206,83,2497.344846
102.736104,63,2497.471285
2.887828,71,2497.615069
4.654047,83,2497.781095
1.911364,69,2497.919718
1.383506,95,2498.109701
4.575035,68,2498.245859
2.050945,65,2498.378078
104.338236,73,2498.52353
102.134013,48,2498.618333
101.682985,87,2510.109477
103.965035,70,2510.251868
2.861474,61,2510.373929
100.338058,53,2510.484061
101.031879,72,2510.630497
1.952595,77,2510.793087
105.252078,67,2510.92457
1.09292,96,2511.114919
104.016744,58,2511.237489
100.791653,65,2511.371184
1.052291,71,2511.514204
4.730568,68,2511.662067
4.250293,89,2511.843117
1.071765,97,2512.038046
101.566624,52,2512.14186
3.601039,66,2512.272186
-0.111385,97,2512.463036
1.207821,72,2512.606763
101.541233,39,2512.68583
1.769957,71,2512.84573
2.751502,64,2512.97836
4.123495,64,2513.103159
3.996519,73,2513.250565
1.345584,78,2513.405737
2.25467,75,2513.557498
2.859904,67,2513.691626
1.915951,73,2513.835306
2.776946,65,2513.967941
0.801054,76,2514.120775
1.559051,74,2525.625322
0.985528,74,2525.790672
2.579769,72,2525.933963
101.117182,60,2526.055305
101.165557,94,2526.24504
100.968445,129,2526.505199
4.532102,71,2526.646968
101.824115,54,2526.765147
4.589434,70,2526.905419
102.102178,63,2527.033044
1.950949,81,2527.203397
2.315189,73,2527.348762
0.836874,68,2527.486827
101.122119,59,2527.602818
3.966957,94,2527.794539
103.240795,60,2527.915579
3.409649,63,2528.046358
1.244538,85,2528.217674
5.530011,62,2528.346904
4.43284,65,2528.480641
1.92889,71,2528.623979
3.867391,60,2528.747197
2.923949,104,2528.960569
2.114517,64,2529.088895
1.282748,70,2529.232332
3.599665,74,2529.383172
1.385096,71,2529.530574
0.001167,79,2529.686318
3.759914,66,2541.198949
4.919687,63,2541.328435
1.607071,73,2541.473926
4.051993,65,2541.605216
5.133688,73,2541.749515
4.033902,101,2541.970634
4.890957,62,2542.096808
105.42829,78,2542.255754
103.18933,55,2542.369194
0.801679,124,2542.617815
3.433232,63,2542.742246
1.536894,72,2542.88527
1.651407,70,2543.028327
2.807888,71,2543.167656
1.618643,77,2543.319383
102.169897,64,2543.455656
101.182347,184,2543.81999
1.741157,64,2543.948216
3.466919,89,2544.122488
1.631052,69,2544.264692
1.807231,77,2544.428372
101.365078,42,2544.513838
1.633229,108,2544.728329
4.957646,71,2544.869603
4.344313,63,2544.994564
1.708599,68,2545.145184
1.232647,79,2545.304474
1.216226,66,2556.672682
2.306836,66,2556.80194
-0.718351,79,2556.970939
0.409751,76,2557.12205
-0.321623,1000,2559.115984
0.273228,95,2559.306609
102.598148,53,2559.410236
103.560905,67,2559.551854
2.409168,87,2559.726891
3.919947,72,2559.871183
103.242575,75,2560.021285
4.697725,81,2560.199212
3.140048,65,2560.328009
3.257644,65,2560.459387
105.174155,72,2560.6008
5.025638,66,2572.026906
3.299031,87,2572.205077
3.05961,64,2572.336847
2.669826,68,2572.474653
1.354886,72,2572.621942
102.953386,71,2572.763555
2.095294,73,2572.908726
2.776885,83,2573.081733
2.290484,62,2573.217045
2.441987,67,2573.35311
-0.451887,138,2573.634232
104.541507,65,2573.763217
102.473068,67,2573.898504
2.014662,66,2574.032135
0.167028,110,2574.277868
3.817113,65,2574.410236
105.138608,66,2574.543321
101.246529,68,2574.677981
4.883815,86,2574.847394
0.54604,80,2575.007139
3.316693,66,2575.140665
3.099544,80,2575.298707
2.139548,80,2575.458632
1.518636,154,2575.783607
0.184666,91,2575.964811
2.132219,71,2576.119957
105.033805,76,2587.544106
100.620326,72,2587.686496
2.587508,93,2587.867532
3.227175,65,2587.998139
4.458206,63,2588.123226
3.530815,65,2588.253327
1.929275,71,2588.393432
3.44016,64,2588.520847
3.157795,69,2588.657633
3.650394,61,2588.779035
3.368827,67,2588.91226
3.536605,74,2589.057846
0.597533,76,2589.209592
-2.286719,105,2589.422949
1.373356,87,2589.594081
1.782874,70,2589.731725
5.132511,65,2589.862908
5.057415,66,2589.996214
2.411928,70,2590.137547
-0.192696,1000,2603.485854
1.669508,76,2603.640673
2.938205,83,2603.81986
3.785894,85,2604.009171
4.862244,72,2604.152564
4.65757,80,2604.315307
3.822127,64,2604.442869
-0.261982,99,2604.644253
1.461476,74,2604.79157
3.717908,84,2604.962977
101.769973,58,2605.081021
1.872538,70,2605.224634
3.649364,63,2605.354028
1.067928,68,2605.507858
-0.452574,79,2605.667718
3.349099,80,2605.830051
101.335041,71,2605.970306
2.775487,69,2606.114185
105.733409,65,2606.241835
0.369468,90,2606.436493
101.146833,62,2606.564714
4.474258,65,2606.695271
103.503806,67,2606.832134
0.225696,81,2606.997772
3.392961,73,2618.482807
1.567405,73,2618.642076
2.318243,66,2618.774205
5.232743,69,2618.908751
4.320733,61,2619.033982
3.247598,65,2619.163926
3.809133,65,2619.296674
102.030574,58,2619.409696
1.61991,69,2619.555476
4.921039,85,2619.729522
101.669854,92,2619.912199
101.84139,43,2619.999245
0.482859,77,2620.157567
4.1451,71,2620.300157
0.215965,73,2620.446289
103.802863,59,2620.563304
4.166727,62,2620.686999
3.079944,63,2620.812659
4.327335,64,2620.939003
2.155483,69,2621.07519
2.282454,70,2621.215681
101.150071,61,2621.338357
3.071241,60,2621.460436
0.916831,96,2621.651534
1.068017,80,2621.811732
1.710403,66,2621.944373
4.362195,76,2622.096656
103.348568,76,2622.245259
104.550932,70,2622.381196
1.93515,73,2633.934962
102.088074,87,2634.119234
102.16396,60,2634.245473
4.886729,66,2634.386421
4.309208,60,2634.512539
4.628241,64,2634.656716
2.514096,60,2634.780411
1.198067,73,2634.930991
0.610185,85,2635.113854
3.697909,65,2635.253142
1.101895,81,2635.420824
2.665468,68,2635.56263
4.040844,61,2635.688995
1.178115,74,2635.842096
101.331083,81,2636.006502
3.548372,70,2636.154107
4.400424,64,2636.298969
0.531858,79,2636.464402
101.257326,88,2636.654452
3.607757,90,2636.839693
3.280403,87,2637.024423
100.374187,74,2637.179026
0.619787,80,2637.354986
1.479561,83,2637.527715
104.690596,75,2637.676977
0.353188,1000,2650.990623
-0.701519,104,2651.20878
1.799127,69,2651.351174
0.637146,77,2651.507257
-0.593715,110,2651.731434
4.410356,65,2651.865328
3.853209,99,2652.065821
1.764004,118,2652.30855
0.052842,88,2652.492641
102.129627,61,2652.619258
4.913173,63,2652.751469
1.939379,83,2652.923207
1.176655,78,2653.078472
3.297827,101,2653.285527
101.223594,39,2653.367633
4.162933,60,2653.487865
2.826621,81,2653.66808
3.891939,69,2665.255903
0.963731,83,2665.430471
2.488092,68,2665.570121
2.464936,61,2665.69772
102.85553,68,2665.856462
1.044074,81,2666.021791
1.6284,72,2666.177021
4.080558,62,2666.305648
3.876669,69,2666.450452
1.978459,70,2666.597873
1.963808,84,2666.767768
101.668166,134,2667.040933
3.588224,67,2667.178275
3.716935,65,2667.313746
1.400348,69,2667.468413
101.638609,86,2667.647223
4.599399,67,2667.787247
0.89851,77,2667.944525
4.368326,69,2668.087805
5.28333,67,2668.223399
3.144891,76,2668.377411
4.763474,80,2668.545459
2.069341,94,2668.736242
2.251054,96,2668.932446
1.527071,95,2669.131416
2.517563,80,2669.297946
102.01943,85,2680.700687
3.404309,75,2680.85425
100.63077,89,2681.038023
-1.654536,106,2681.25751
101.324286,73,2681.410234
0.597973,1000,2683.4215
100.80142,90,2683.597822
4.484228,62,2683.718894
3.08713,63,2683.84235
5.58667,71,2683.981768
3.122774,96,2684.172167
5.36136,73,2684.31369
-0.25434,150,2684.607711
1.468412,78,2696.007202
2.916659,72,2696.152516
3.181755,65,2696.285751
0.561439,75,2696.437611
3.324831,62,2696.566257
105.649896,67,2696.724807
3.701554,66,2696.861977
-0.64518,109,2697.087721
5.776757,141,2697.386611
0.98097,74,2697.538898
4.337692,104,2697.749772
100.43766,78,2697.913002
104.953037,61,2698.041597
5.828965,71,2698.189712
103.566301,68,2698.346223
100.965466,40,2698.42433
3.332211,66,2698.5529
100.160213,41,2698.633859
4.594483,110,2698.850806
100.875583,48,2698.947528
1.202046,75,2699.094013
3.551594,71,2699.231887
2.875451,63,2699.352082
100.203716,309,2699.952568
1.198253,106,2700.173611
1.441028,74,2711.569931
0.08217,71,2711.709076
2.165806,64,2711.833818
1.472125,72,2711.976655
3.606803,66,2712.118934
-0.503912,89,2712.301319
-1.275903,101,2712.511693
4.733657,60,2712.62951
100.53556,58,2712.748506
3.334112,63,2712.873359
3.680962,73,2713.018559
-1.115313,131,2713.276703
101.270123,64,2713.400805
3.636367,67,2713.532933
3.940194,62,2713.654486
0.536822,77,2713.804049
1.565709,72,2713.94253
5.51988,60,2714.059328
2.991808,59,2714.171425
103.239768,58,2714.2813
2.323305,92,2714.460905
2.301607,69,2714.596083
3.545495,60,2714.713129
3.724034,70,2714.849487
1.485939,71,2714.985277
2.421399,72,2715.123757
3.557718,86,2715.291278
-0.103273,85,2715.482039
4.459013,83,2726.935256
1.976764,61,2727.057269
104.269505,68,2727.19131
3.627813,70,2727.3338
2.307042,60,2727.454473
3.114168,66,2727.590452
-0.641884,81,2727.770543
3.670144,64,2727.907481
3.669852,66,2728.043734
3.835517,68,2728.185664
102.047479,49,2728.284228
101.608803,72,2728.435492
-0.141671,130,2728.69935
4.74095,69,2728.84029
101.637459,72,2728.992234
5.227107,60,2729.106178
-0.692578,104,2729.312485
102.321107,59,2729.431914
101.321026,89,2729.609042
104.415667,65,2729.74071
2.451984,74,2729.883018
-0.107113,86,2730.051564
2.888524,77,2730.203853
-0.540132,91,2730.383213
2.720766,69,2730.518274
3.088265,79,2730.670816
2.763774,69,2730.821173
1.788281,72,2742.349227
1.339898,76,2742.521868
4.526037,64,2742.653834
101.023788,71,2742.799793
3.765758,60,2742.913404
0.338971,77,2743.067839
1.84617,121,2743.309459
102.496022,57,2743.424508
-0.212184,89,2743.600584
6.093821,70,2743.738283
100.570873,29,2743.795087
101.408922,54,2743.899807
1.334986,75,2744.044238
2.12646,78,2744.198385
2.826577,58,2744.317416
3.333815,79,2744.483418
2.350728,79,2744.639887
3.928626,62,2744.76256
2.774111,73,2744.907338
3.852317,60,2745.025162
5.233557,81,2745.188775
3.471159,88,2745.364751
2.362384,83,2745.534266
3.219217,69,2745.669926
1.279194,72,2745.813786
3.711346,67,2745.946022
2.053863,98,2746.142132
-1.997877,110,2746.371943
-0.675481,110,2757.942323
3.654584,64,2758.072884
4.99633,60,2758.193924
3.384998,61,2758.316333
4.048034,62,2758.444237
2.286494,69,2758.584003
5.25488,128,2758.861519
103.46681,60,2758.980065
1.907826,89,2759.15686
1.437249,98,2759.350487
3.569934,101,2759.548031
3.756575,64,2759.674854
104.502379,78,2759.826581
1.780599,69,2759.959869
101.154619,77,2760.117845
1.456779,86,2760.306062
4.337389,70,2760.452197
4.208763,64,2760.579851
2.512361,63,2760.711087
0.105883,106,2760.931189
0.58843,87,2761.110863
4.036651,66,2761.261286
5.912555,88,2761.441175
1.181265,66,2761.579132
5.27385,63,2761.712394
4.507601,67,2761.845165
1.930276,61,2773.102967
4.794339,92,2773.299275
101.539463,100,2773.500792
1.133069,73,2773.645677
2.951055,65,2773.776372
3.692101,61,2773.90034
2.326045,92,2774.080831
103.457323,60,2774.196424
2.135599,66,2774.321221
1.816841,75,2774.463704
100.383582,45,2774.548361
3.26296,68,2774.681073
3.690064,68,2774.811393
-0.098474,246,2775.292661
3.130203,61,2775.413659
100.878899,105,2775.623473
3.612973,63,2775.744592
4.97058,110,2775.958706
101.047212,57,2776.076017
0.266213,73,2776.225439
1.356662,92,2776.411544
1.039719,109,2776.636565
1.833403,64,2776.770866
2.559534,73,2776.922339
4.120987,66,2777.055019
3.25582,79,2788.549385
1.818229,66,2788.688348
3.971203,64,2788.815738
5.70898,87,2788.991018
3.306641,61,2789.110205
102.444988,59,2789.22346
1.758244,71,2789.365278
4.556476,65,2789.494591
100.65714,45,2789.585024
100.764635,82,2789.744974
5.098461,65,2789.877106
0.954224,89,2790.048346
1.124523,77,2790.198634
1.448392,68,2790.34799
-2.167537,365,2791.052792
2.428294,70,2791.190415
-0.07822,87,2791.359763
4.22033,64,2791.481049
3.273292,64,2791.606978
-0.065799,94,2791.795848
0.520093,76,2791.945163
1.674848,71,2792.085003
102.343431,54,2792.190809
0.418833,79,2792.365001
1.66299,62,2792.489791
103.497266,71,2803.950997
2.972315,69,2804.083633
3.850223,63,2804.215941
3.664321,70,2804.351513
1.075031,69,2804.491901
2.533755,90,2804.677694
1.744934,90,2804.858016
2.976501,69,2804.993234
1.799316,78,2805.149672
1.555313,83,2805.322604
4.019821,62,2805.448243
103.695535,76,2805.604403
3.808597,65,2805.736999
4.632641,87,2805.913838
1.94122,81,2806.077032
2.692402,60,2806.192996
100.974863,67,2806.327181
4.154149,67,2806.461267
4.445867,63,2806.587039
100.898237,84,2806.753751
-0.481792,92,2806.937707
4.44359,117,2807.169065
4.463287,61,2807.288285
4.20108,64,2807.411952
4.440796,79,2807.56832
2.5525,71,2807.710769
1.909416,71,2807.863388
1.936786,63,2807.997097
101.269404,44,2819.579062
4.278667,61,2819.705026
0.897782,87,2819.883673
-0.743357,100,2820.088153
2.53422,68,2820.227678
1.47681,73,2820.375491
101.857895,44,2820.468895
101.499619,77,2820.62971
103.85447,64,2820.760182
103.871614,62,2820.8838
4.128127,65,2821.010434
5.833635,63,2821.136454
3.374788,68,2821.28663
2.919969,81,2821.449402
100.474148,51,2821.553168
102.004263,63,2821.683085
2.939125,93,2821.878015
-0.60266,119,2822.123168
6.118857,70,2822.269479
103.497002,61,2822.393294
3.472469,62,2822.521808
3.555407,68,2822.66247
3.83389,68,2822.816997
103.560406,70,2822.954441
0.977923,74,2823.09995
4.736791,63,2823.222609
101.563501,126,2823.467412
3.96302,107,2823.673637
101.77902,44,2834.993362
0.815021,115,2835.214404
2.907676,68,2835.345451
100.85269,67,2835.475288
1.849223,79,2835.631479
5.185281,64,2835.756443
-0.566087,88,2835.932071
3.867684,78,2836.092099
1.488853,132,2836.351782
101.220153,72,2836.493121
101.293258,42,2836.578303
2.841213,69,2836.712684
105.347455,81,2836.875426
5.017451,82,2837.045923
0.387809,74,2837.189737
1.97229,74,2837.335885
3.329194,82,2837.500476
4.827547,63,2837.630278
2.361008,70,2837.770048
5.151432,71,2837.911346
3.080471,75,2838.063285
1.829997,74,2838.216461
3.94159,112,2838.450116
0.621728,79,2838.611443
3.884028,70,2838.7538
2.587748,70,2838.927632
102.357823,71,2850.251552
4.322831,64,2850.384186
101.637569,62,2850.512666
4.307138,76,2850.679852
3.242155,66,2850.810539
2.382116,60,2850.934441
100.351979,55,2851.048031
101.816183,63,2851.176654
4.980659,75,2851.331374
101.324932,89,2851.5132
0.800842,94,2851.708601
1.49198,78,2851.864511
4.987768,74,2852.019827
103.32338,62,2852.145146
2.385118,93,2852.332423
2.557491,92,2852.518141
3.822225,69,2852.659487
1.159525,140,2852.962143
101.298602,73,2853.110545
2.581721,61,2853.23056
3.053753,66,2853.361863
3.894953,88,2853.537683
4.187704,60,2853.654277
1.818599,65,2853.77718
-0.787758,122,2854.018815
3.574215,92,2854.194876
3.918644,70,2854.331409
5.2314,64,2865.890683
3.828874,77,2866.045867
100.737266,61,2866.168717
4.192053,64,2866.295407
2.381326,76,2866.459105
2.971371,68,2866.595371
3.992157,71,2866.734454
5.497221,61,2866.851523
101.408602,91,2867.033449
3.410593,78,2867.184556
2.00413,71,2867.320411
2.477853,65,2867.453622
3.700617,60,2867.570466
-0.016078,104,2867.779576
5.838522,65,2867.952318
4.465654,63,2868.117088
101.258853,87,2868.305941
2.481971,82,2868.467734
101.346403,90,2868.645597
1.564655,72,2868.785568
3.422838,71,2868.923121
3.18924,68,2869.055926
3.944741,60,2869.172993
100.117284,15,2869.203171
3.02829,63,2869.327245
-0.077305,84,2869.492369
4.741134,72,2869.633321
2.404092,92,2869.814744
2.514617,67,2869.968495
2.817801,81,2881.690672
100.420913,146,2881.978709
0.091355,184,2882.354819
3.807463,61,2882.472633
4.066546,87,2882.650998
-1.217504,100,2882.859632
4.442544,68,2883.00838
100.721512,50,2883.110669
4.012488,64,2883.244425
101.444288,76,2883.399933
0.121046,1000,2885.4642
102.767564,55,2885.576417
3.668383,69,2885.728672
4.853496,66,2897.110595
2.662593,69,2897.252503
3.679534,65,2897.385427
3.262624,68,2897.523491
3.20473,62,2897.661983
101.209055,76,2897.809929
1.780462,62,2897.932602
4.409107,65,2898.057528
100.634402,74,2898.203615
3.529733,68,2898.337634
1.63197,74,2898.480952
101.832953,57,2898.59391
2.875532,67,2898.728021
3.815936,61,2898.847568
3.87466,64,2898.976349
1.518206,70,2899.112137
100.974988,69,2899.26963
1.266767,98,2899.458532
3.118249,73,2899.598134
3.183504,95,2899.790663
0.37424,92,2899.970658
4.122845,67,2900.102516
101.303312,94,2900.285474
1.745293,73,2900.430396
101.091067,36,2900.500656
104.901544,70,2900.638338
1.699946,70,2900.77468
5.794105,64,2900.916998
1.548971,91,2901.095831
105.183771,65,2912.48693
101.567655,66,2912.617251
3.557239,62,2912.739434
101.578502,92,2912.935544
2.619774,76,2913.087835
5.444075,62,2913.21188
3.873779,85,2913.382102
4.092535,81,2913.547091
2.477323,89,2913.720796
0.453182,72,2913.861571
2.466826,60,2913.984318
3.150746,84,2914.156793
2.795299,69,2914.296224
2.456349,61,2914.420833
3.739469,123,2914.674321
102.972133,51,2914.776078
1.094884,131,2915.056752
2.620662,75,2915.207315
3.366325,78,2915.364343
3.467823,68,2915.498847
2.656965,65,2915.62823
4.766254,64,2915.755591
101.560526,67,2915.886655
2.410122,68,2916.0214
4.019915,68,2916.176345
1.990521,72,2916.318944
2.922983,70,2916.461529
1.721332,117,2927.921062
101.16055,75,2928.12296
-0.637176,125,2928.38381
2.543671,96,2928.576422
3.471158,82,2928.737309
103.334109,56,2928.849009
100.946088,84,2929.014765
2.49772,70,2929.148665
103.005504,56,2929.252757
101.870553,66,2929.38499
2.019748,69,2929.522943
3.896393,60,2929.639486
100.737903,77,2929.790015
1.753733,75,2929.936213
3.840559,65,2930.067925
102.282022,53,2930.168887
100.537871,75,2930.313601
1.020323,74,2930.458701
101.510637,62,2930.577412
100.26876,36,2930.647319
5.47365,63,2930.767921
4.955295,60,2930.884688
-0.517555,98,2931.073276
4.307931,62,2931.192424
4.104885,64,2931.313891
1.355158,62,2931.44646
102.592001,73,2931.586475
3.444102,69,2931.721191
101.106672,77,2943.126622
1.812377,69,2943.278086
100.875804,97,2943.479423
101.638136,54,2943.590371
1.268898,96,2943.793976
4.743334,64,2943.916588
2.420474,64,2944.042118
-0.668314,88,2944.216044
2.418335,69,2944.350087
1.939209,78,2944.503934
3.128782,68,2944.636091
4.180191,78,2944.798163
105.084446,76,2944.955907
2.678466,72,2945.106885
101.555475,91,2945.295386
2.323754,71,2945.441803
102.743694,68,2945.577743
0.476315,90,2945.767505
4.705785,72,2945.919151
4.626319,76,2946.076533
4.588785,65,2946.212238
3.239457,74,2946.366891
4.159824,87,2946.547703
5.972658,71,2946.691876
2.681658,67,2946.827536
4.598177,64,2946.950703
3.102458,77,2947.10085
3.508347,67,2947.233247
4.407052,60,2958.519245
2.4715,71,2958.65693
3.055625,60,2958.773008
0.837489,70,2958.923047
1.93876,70,2959.065395
100.869642,68,2959.199797
1.948953,92,2959.375859
0.649795,100,2959.573111
3.343719,74,2959.725241
2.160232,70,2959.858856
100.2322,17,2959.893593
0.852971,69,2960.029215
5.163123,71,2960.169061
103.634701,78,2960.319321
101.242844,61,2960.439214
5.717335,65,2960.567648
4.360222,113,2960.790467
2.944346,71,2960.942661
4.661036,76,2961.093588
105.276273,69,2961.230026
101.757924,80,2961.384333
0.36756,84,2961.545599
1.235887,142,2961.824803
4.551805,63,2961.946214
3.354778,91,2962.127199
4.177424,64,2962.253362
1.365075,78,2962.403794
0.436854,138,2973.970199
1.870802,76,2974.118896
2.085985,71,2974.258259
0.471009,87,2974.425583
4.170559,83,2974.588559
2.68082,66,2974.728321
5.10534,66,2974.861178
2.404831,76,2975.016729
2.63399,68,2975.152435
4.991542,65,2975.284013
0.417681,1000,2977.294443
3.805166,63,2977.417293
4.688457,103,2977.621135
3.487618,70,2977.756788
4.803525,119,2989.171581
1.543243,84,2989.353567
101.529252,94,2989.543689
3.364906,61,2989.66793
1.389633,92,2989.857919
1.437622,73,2990.00592
4.524549,69,2990.142373
101.786977,72,2990.283959
1.456834,102,2990.489043
1.84465,70,2990.631625
2.577427,73,2990.783878
4.177084,64,2990.916001
0.789666,106,2991.129387
1.860901,67,2991.267042
2.615474,65,2991.399993
1.105097,79,2991.558707
5.002796,64,2991.688119
4.031404,96,2991.880839
1.570858,63,2992.007592
4.134209,64,2992.137305
1.675324,75,2992.283207
1.730154,73,2992.42366
4.319739,68,2992.555881
3.849663,67,2992.686424
2.962265,69,2992.823963
1.577836,70,2992.968263
-0.079711,102,2993.178281
4.691937,65,3004.672947
2.250007,93,3004.855501
3.44302,70,3004.991588
0.789766,79,3005.148105
103.382246,70,3005.288783
1.463765,81,3005.44547
3.98219,63,3005.568214
1.63833,72,3005.707072
102.022891,74,3005.869148
1.387838,71,3006.010514
102.58779,63,3006.136247
1.253802,81,3006.294321
104.268981,60,3006.415112
0.848697,75,3006.563695
4.813512,63,3006.688267
3.059506,77,3006.842025
2.655928,68,3006.976562
100.519956,78,3007.131813
100.768137,79,3007.28514
3.753213,74,3007.43544
3.254679,66,3007.565279
1.642739,73,3007.71128
2.152073,75,3007.855602
1.253101,110,3008.093081
4.350539,62,3008.212035
102.596564,47,3008.302575
4.65437,69,3008.446198
4.164111,63,3008.570828
1.324033,91,3020.046821
1.478229,74,3020.190972
0.483073,107,3020.398104
4.701098,65,3020.523597
102.493359,72,3020.667425
3.066774,65,3020.795275
1.21654,87,3020.982295
101.759362,88,3021.159722
4.53215,82,3021.326863
0.990712,71,3021.469835
5.338806,65,3021.603675
-0.52897,98,3021.809523
5.671946,81,3021.976834
3.049777,81,3022.158399
102.705282,49,3022.255218
5.315643,66,3022.384547
1.322762,81,3022.546232
2.228565,112,3022.770864
4.200256,68,3022.906413
4.328595,62,3023.030046
3.863193,60,3023.148725
0.105776,1000,3036.505037
4.359738,72,3036.669108
3.782706,64,3036.802345
4.723489,67,3036.936665
3.024172,92,3037.119102
0.104948,132,3037.382293
2.438326,81,3037.546493
5.254081,79,3037.700264
4.823387,67,3037.833591
101.722769,117,3038.063745
4.230144,65,3038.19034
2.522608,90,3038.368479
102.665899,63,3038.495147
4.776533,73,3038.638202
102.184699,68,3038.774659
100.952661,58,3038.89076
3.81265,64,3039.034111
101.104629,166,3039.366467
1.495262,80,3039.526738
1.744894,71,3051.044977
4.47817,69,3051.189916
-0.292706,97,3051.381124
3.727814,70,3051.530549
5.740255,61,3051.651364
3.429334,67,3051.78418
0.828997,70,3051.921715
100.853739,71,3052.06675
2.075498,70,3052.209418
101.077497,70,3052.352898
3.932492,66,3052.490095
101.243622,62,3052.61503
1.24541,83,3052.779941
2.892352,66,3052.913918
4.317156,64,3053.04063
3.413383,85,3053.206784
3.18757,65,3053.335468
1.201113,77,3053.491256
2.069831,69,3053.628591
2.23117,76,3053.779075
2.989723,68,3053.913208
3.710773,73,3054.062725
4.516093,62,3054.183245
4.954187,100,3054.380763
3.641812,70,3054.518315
2.683798,67,3054.647811
4.623606,61,3054.766761
102.067771,64,3054.908031
2.464861,62,3066.199477
-2.359806,163,3066.536778
5.957023,70,3066.6826
101.292617,76,3066.854274
101.64333,74,3067.007608
5.146277,64,3067.138058
1.994127,76,3067.297391
4.606016,64,3067.432143
2.993165,90,3067.621224
3.543217,66,3067.758698
3.261022,83,3067.94669
2.79602,86,3068.124789
3.880053,65,3068.259359
1.93651,89,3068.442223
3.283318,66,3068.575225
0.109885,83,3068.737865
3.70814,71,3068.878939
2.796626,71,3069.019602
2.358663,99,3069.212437
4.967425,88,3069.385787
4.740779,69,3069.522877
4.693669,86,3069.698869
100.933305,68,3069.837922
0.693846,93,3070.03137
101.622816,100,3070.23698
5.134281,88,3081.641768
1.007729,78,3081.799273
104.553758,79,3081.960565
3.47819,91,3082.150037
1.718666,70,3082.291285
102.225579,65,3082.428453
3.852623,67,3082.569904
3.428201,69,3082.713593
0.97519,119,3082.961586
5.474355,68,3083.093829
103.954786,66,3083.224602
3.856743,60,3083.341534
101.204256,79,3083.495897
101.760464,66,3083.625168
102.213853,100,3083.819883
4.281654,62,3083.943475
1.103697,113,3084.166779
3.104049,128,3084.441809
101.48807,65,3084.568801
105.211502,67,3084.695924
1.060431,82,3084.86156
1.303349,75,3085.007096
0.384301,78,3085.160408
103.415466,55,3085.273131
2.716781,69,3085.410096
1.934727,92,3085.5897
5.173039,65,3085.718008
3.340097,67,3097.134261
100.303004,58,3097.24526
5.170843,65,3097.376851
4.439363,84,3097.540235
0.789163,81,3097.701268
101.805389,67,3097.832576
101.540696,60,3097.949039
3.444004,81,3098.108219
3.404396,64,3098.230969
2.77016,73,3098.372178
-0.489791,83,3098.536657
100.585115,61,3098.672363
3.23829,67,3098.80174
0.917011,76,3098.948565
101.415351,105,3099.150497
102.924725,70,3099.284312
100.901452,64,3099.411494
100.742041,73,3099.559818
102.481987,78,3099.720123
-1.592358,104,3099.922603
2.629489,61,3100.044882
100.497951,66,3100.199559
4.25335,61,3100.316787
104.683419,59,3100.432649
4.082496,75,3100.57971
103.49471,67,3100.710539
3.483839,110,3100.924698
2.587353,87,3112.41152
2.286586,67,3112.549573
1.978106,76,3112.713994
2.803894,77,3112.880564
4.163258,62,3113.007748
103.330904,76,3113.165843
5.028747,65,3113.303196
1.981802,124,3113.568142
102.358333,45,3113.665274
4.749082,83,3113.840752
1.201968,72,3113.99359
3.457012,73,3114.147287
3.440988,89,3114.331759
3.895695,62,3114.458914
3.306372,80,3114.630423
2.709266,91,3114.816819
3.698807,68,3114.955128
4.522302,62,3115.085158
5.027845,60,3115.207285
3.459225,67,3115.345028
1.593164,85,3115.521483
0.890927,79,3115.681486
3.468602,86,3115.860652
1.110066,90,3116.045859
5.131361,62,3116.17939
2.007978,70,3116.323786
3.835042,62,3116.452837
2.655235,72,3116.593107
4.004427,74,3127.946824
0.79082,77,3128.104877
1.459809,76,3128.259795
104.904047,59,3128.381353
102.661774,62,3128.521881
3.036338,63,3128.652858
3.12761,77,3128.813605
103.059256,71,3128.963557
100.642512,63,3129.09273
101.173307,82,3129.262223
104.476668,66,3129.398391
1.59822,70,3129.542242
3.009161,66,3129.680362
1.003368,71,3129.824664
2.428868,60,3129.944349
3.656477,62,3130.0793
1.737245,65,3130.207536
1.644922,74,3130.354665
3.522539,66,3130.485593
-0.289782,159,3130.797283
9.1e-05,84,3130.982464
1.98207,88,3131.161502
100.862736,116,3131.403711
100.563349,86,3131.582766
100.775603,86,3131.757589
3.457616,65,3131.890445
102.086977,65,3132.024073
101.309778,59,3143.358152
1.873108,72,3143.509309
105.848949,65,3143.64374
3.842997,90,3143.832052
2.234971,71,3143.980725
0.160917,1000,3146.014853
2.58844,86,3146.202731
1.086113,64,3146.330136
103.083982,55,3146.44481
4.891923,67,3146.584301
3.374911,63,3146.717975
0.464343,76,3146.875114
3.266207,61,3147.00388
3.158613,73,3147.160231
1.853485,76,3147.321784
2.618955,76,3147.4763
0.816646,91,3158.899134
4.656729,61,3159.019918
100.289358,53,3159.135553
1.1683,69,3159.269088
2.499283,67,3159.402339
2.970458,60,3159.520064
4.106615,72,3159.661671
104.790165,70,3159.799795
4.53135,62,3159.92261
0.457224,98,3160.112594
101.75714,101,3160.314326
3.736071,69,3160.449464
2.383757,98,3160.645471
5.001572,63,3160.767886
102.682086,54,3160.877755
0.330404,98,3161.076072
1.395476,89,3161.254544
3.068368,74,3161.408517
3.217909,65,3161.538269
102.09212,70,3161.680174
3.655017,64,3161.812632
1.985256,76,3161.970085
5.181893,77,3162.126036
102.13534,70,3162.272264
2.183385,72,3162.420539
3.991504,72,3162.568224
1.922218,72,3162.730373
4.514672,66,3162.866527
4.786424,96,3174.280071
4.925892,61,3174.40493
0.867619,79,3174.56996
4.351034,63,3174.70886
-1.121591,104,3174.916143
3.818262,68,3175.048719
2.452833,68,3175.1829
3.559017,65,3175.314691
100.879929,70,3175.454154
3.980705,63,3175.577921
2.620123,70,3175.714092
102.90846,52,3175.815186
0.251956,80,3175.986104
4.00768,68,3176.129515
4.495416,65,3176.278311
4.853772,60,3176.395099
1.934203,72,3176.533603
2.917823,73,3176.67424
102.018951,45,3176.762316
3.784232,67,3176.889832
105.03086,61,3177.009938
3.450968,61,3177.131379
4.549888,66,3177.259239
-0.20329,163,3177.576491
103.597371,63,3177.699492
3.225224,84,3177.864215
5.22035,66,3177.995757
103.475983,76,3178.143652
103.479306,65,3189.635079
2.389865,69,3189.781961
101.400947,62,3189.91025
4.250517,65,3190.044717
2.631743,87,3190.221579
2.53125,73,3190.369714
4.321112,67,3190.50665
1.512284,81,3190.684547
3.127646,74,3190.839287
3.193735,66,3190.973067
0.519599,93,3191.16505
4.702381,67,3191.314906
100.575094,65,3191.447426
2.661301,68,3191.587543
2.942411,99,3191.79473
100.203179,60,3191.9201
2.536092,82,3192.09213
1.677458,87,3192.26868
1.346862,77,3192.426912
100.426544,67,3192.569442
4.234008,93,3192.777189
102.342863,60,3192.901113
4.776104,70,3193.046881
104.766349,80,3193.212151
104.080349,71,3193.356773
0.469208,79,3193.517406
1.048747,76,3193.674979
1.126177,64,3193.806703
3.737237,64,3205.140431
2.809994,63,3205.281988
2.140578,65,3205.410327
1.411294,88,3205.586196
101.278074,61,3205.705842
100.83879,76,3205.857844
101.856321,90,3206.038297
2.703368,75,3206.192327
101.853756,62,3206.320811
3.720317,65,3206.451514
103.001466,74,3206.603245
3.710728,62,3206.73281
0.611965,1000,3208.798244
101.023364,40,3208.882035
101.236871,89,3209.066669
1.284772,71,3209.212842
3.703825,72,3220.535761
0.553788,82,3220.706467
4.210571,111,3220.933981
0.7953,778,3222.544814
5.510727,63,3222.672033
2.541666,70,3222.816415
2.724256,70,3222.960697
4.736605,70,3223.106961
4.184202,70,3223.248765
104.658907,72,3223.394145
4.175257,68,3223.530835
4.948586,67,3223.662029
1.526828,79,3223.816079
101.044807,57,3223.929068
102.759562,74,3224.074443
4.398799,68,3224.208835
103.117423,75,3224.35686
0.908844,116,3224.605112
1.594036,86,3235.994147
101.365409,64,3236.128039
3.874756,67,3236.278347
0.913289,77,3236.427892
5.235968,65,3236.554494
1.725096,74,3236.699105
2.839646,108,3236.915262
3.216851,61,3237.042485
0.727289,81,3237.193995
100.890813,30,3237.257473
101.121596,86,3237.425743
4.928148,84,3237.590598
0.451897,79,3237.746602
4.085908,171,3238.083239
3.740846,63,3238.224938
-0.379044,99,3238.429406
0.169123,1000,3251.867004
3.769263,73,3252.01503
101.231659,62,3252.138497
4.313939,61,3252.264951
1.198429,79,3252.429621
3.55889,92,3252.629086
-0.232949,86,3252.801981
3.992104,67,3252.941512
1.702354,71,3253.088958
2.550733,72,3253.236704
101.458424,81,3253.402063
105.100615,75,3253.556556
2.831516,70,3253.697492
100.472273,82,3253.861327
3.555137,108,3254.075584
102.082495,44,3254.161295
3.743413,65,3254.28512
100.832547,101,3254.484772
3.667174,69,3254.62145
1.734572,81,3254.779389
0.500532,65,3254.907093
-0.357593,96,3255.092467
1.554159,76,3255.24195
0.418233,83,3255.404619
1.287931,84,3266.851615
1.932053,71,3266.997083
0.968619,116,3267.22688
2.756251,71,3267.370071
101.984039,91,3267.565608
101.723087,62,3267.700033
4.004633,87,3267.883793
2.944779,76,3268.041945
4.255267,64,3268.172049
101.944506,55,3268.286004
100.885105,73,3268.439153
4.237153,80,3268.603687
3.872717,70,3268.749745
0.203124,101,3268.97557
-0.806141,89,3269.160345
103.03001,52,3269.267223
1.038818,80,3269.4309
104.538847,72,3269.583354
2.028391,74,3269.734062
2.912875,64,3269.861838
0.042741,132,3270.127144
1.417162,108,3270.351356
104.013208,56,3270.470414
4.402091,69,3270.627476
2.741355,64,3270.759881
101.148927,50,3270.863305
3.631223,69,3271.002291
104.05248,70,3282.407635
3.429206,66,3282.55579
3.4646,71,3282.703434
2.981313,74,3282.855507
3.404326,65,3282.989518
4.988449,66,3283.13015
3.736947,101,3283.342737
2.612204,70,3283.488246
2.069612,71,3283.633132
1.718402,86,3283.812559
1.240478,133,3284.087039
4.369593,70,3284.231187
2.942979,96,3284.430775
3.133894,83,3284.599231
0.318936,85,3284.777691
3.551655,87,3284.943686
0.170669,82,3285.107352
0.804817,93,3285.286488
0.879054,113,3285.505683
0.460264,79,3285.657836
101.319996,269,3286.202281
4.753985,66,3286.326314
2.127083,60,3286.442951
4.291097,78,3297.881063
0.516948,75,3298.036171
2.52283,70,3298.175651
1.538331,75,3298.328624
2.899585,71,3298.488978
3.939356,65,3298.62577
4.551396,61,3298.753029
1.412013,70,3298.897358
101.956835,41,3298.97639
101.289527,87,3299.14203
-0.066981,91,3299.323282
2.846716,78,3299.485477
3.283684,62,3299.608356
0.426058,1000,3301.616567
4.128459,63,3301.744071
1.009127,71,3301.895535
-0.753957,90,3313.332514
100.976638,75,3313.48498
105.737458,66,3313.619976
103.096539,75,3313.770549
-0.59149,85,3313.947482
0.873587,123,3314.195568
3.229045,74,3314.346018
2.999248,79,3314.505929
4.766955,64,3314.645618
4.793005,67,3314.781762
4.108248,70,3314.923177
2.865322,76,3315.078421
4.274634,68,3315.217606
1.344453,81,3315.385534
4.228243,72,3315.537845
5.037753,88,3315.720177
-1.85172,122,3315.972639
1.710987,60,3316.094769
2.421692,66,3316.22927
1.693764,59,3316.349819
4.097848,96,3316.542822
1.378216,63,3316.674666
2.818622,61,3316.800909
2.89634,65,3316.932183
103.023265,56,3317.046988
1.898299,76,3317.210362
4.642651,66,3317.348126
5.026056,62,3328.714177
1.498442,97,3328.920211
102.748571,57,3329.039195
101.642535,75,3329.194447
3.512412,84,3329.369787
-0.375981,80,3329.530278
0.865798,123,3329.78456
1.235704,101,3329.992332
4.84022,81,3330.158751
1.955497,81,3330.331156
3.365807,74,3330.48188
1.482739,74,3330.645683
3.456388,63,3330.773837
3.14267,67,3330.914842
2.969273,78,3331.07658
-0.195545,89,3331.256371
3.521949,77,3331.415079
1.597254,63,3331.546789
3.835295,62,3331.675623
5.018985,85,3331.85078
100.969503,378,3332.648802
0.857786,76,3332.808465
4.949955,77,3344.260497
1.977111,69,3344.395589
0.894802,76,3344.546108
3.746141,71,3344.684088
0.169335,1000,3346.74929
3.797532,67,3346.892664
101.667627,63,3347.02226
4.653868,88,3347.20327
2.813374,66,3347.340399
1.720381,82,3347.517395
4.510202,71,3347.665916
103.467439,55,3347.779493
4.908541,72,3347.927817
3.869508,80,3348.096007
4.673942,63,3348.224306
-0.668918,93,3359.63887
0.627768,594,3360.857703
2.261686,85,3361.03424
103.693592,53,3361.142975
2.676715,74,3361.294899
2.410855,71,3361.442631
101.568362,99,3361.648267
104.682285,65,3361.782127
4.066769,70,3361.921829
2.081554,71,3362.06671
3.213526,69,3362.206656
4.567069,66,3362.340751
101.286919,67,3362.475916
3.377943,64,3362.607269
4.054482,67,3362.74318
1.832731,61,3362.869523
3.833045,67,3363.005824
100.138418,109,3363.229306
100.948489,90,3363.412409
101.426051,76,3363.568635
1.57641,60,3363.691882
-1.76871,477,3375.963316
1.139919,137,3376.247094
101.144976,50,3376.348278
4.471201,76,3376.509032
0.943342,85,3376.682995
101.887584,53,3376.794509
1.235592,89,3376.977105
1.100512,79,3377.136745
0.240051,1000,3379.205576
3.007745,63,3390.563225
5.091022,63,3390.688601
0.6176,116,3390.913764
4.019387,65,3391.042132
2.079191,77,3391.208613
100.605227,70,3391.353904
3.43045,82,3391.526024
1.335852,81,3391.699098
101.332124,77,3391.855472
4.396347,62,3391.982609
3.361075,65,3392.117093
103.367666,61,3392.242976
0.912475,77,3392.400491
3.667002,67,3392.539456
3.907007,75,3392.697513
100.157856,39,3392.774381
100.721169,92,3392.965952
100.800154,75,3393.115664
102.842235,48,3393.221492
3.148751,87,3393.40421
1.01843,69,3393.544461
3.637252,91,3393.735166
4.126538,168,3394.076948
0.710853,97,3394.276156
4.378037,65,3394.410367
2.867853,65,3394.543779
1.846715,61,3394.669087
5.244594,66,3405.991881
101.084515,130,3406.275696
1.855825,91,3406.461385
0.840318,109,3406.682621
3.474781,60,3406.805961
5.381459,63,3406.936311
100.801311,54,3407.053459
101.361378,61,3407.181038
-0.485634,86,3407.361104
1.209734,85,3407.53287
1.089799,109,3407.753298
2.880294,79,3407.914011
101.008619,94,3408.131944
3.345817,72,3408.279493
101.190912,75,3408.430007
104.607073,69,3408.570426
4.592441,68,3408.707908
100.643905,85,3408.880534
101.832981,99,3409.081933
2.743279,86,3409.257347
1.773638,67,3409.394355
3.399736,71,3409.539565
0.87902,73,3409.69022
4.341539,60,3409.816839
2.033985,72,3409.970485
101.212184,71,3410.119204
2.538584,83,3421.420106
1.860247,63,3421.543723
3.602655,72,3421.684694
100.76715,83,3421.843401
102.409048,62,3421.975453
1.925008,69,3422.122341
5.593381,63,3422.249335
2.946843,76,3422.409199
2.762801,60,3422.533759
3.38051,70,3422.677497
0.603301,78,3422.839039
101.854437,39,3422.921785
-0.050634,75,3423.077216
100.46997,51,3423.184603
1.883481,69,3423.325361
100.640339,78,3423.486184
100.617707,55,3423.598259
100.412997,48,3423.696048
101.403716,105,3423.908298
1.004039,71,3424.053175
101.178,87,3424.229365
0.01889,88,3424.408326
0.537628,93,3424.598439
3.376473,72,3424.74593
100.957308,84,3424.914296
0.522773,88,3425.101996
105.714714,74,3425.250779
3.28047,62,3425.376579
103.798132,78,3436.796452
0.947595,67,3436.933977
5.004272,79,3437.102528
1.601079,84,3437.277826
1.720354,83,3437.450228
0.982829,1000,3439.451025
100.414166,58,3439.568109
6.036623,64,3439.691429
103.676336,67,3439.819414
1.726773,79,3439.978917
2.193782,62,3440.096162
4.176931,62,3440.222118
1.457155,80,3440.378804
4.65821,60,3440.494999
1.395747,78,3440.653012
3.013604,64,3440.77316
1.790576,78,3452.166046
102.588666,71,3452.302386
2.314856,66,3452.431576
105.827596,68,3452.568612
100.74071,88,3452.749078
5.053526,84,3452.918011
4.458208,67,3453.055967
4.328089,64,3453.185663
101.336102,83,3453.351694
4.357187,65,3453.482838
101.002133,54,3453.591582
102.504834,62,3453.717132
3.240524,69,3453.856393
3.753623,73,3454.005313
0.399248,69,3454.14963
100.630748,65,3454.291221
100.930157,59,3454.416148
0.736343,75,3454.568324
100.984117,81,3454.738438
4.856508,69,3454.880097
0.919454,80,3455.047003
100.64684,54,3455.151178
100.905605,83,3455.317163
2.805095,90,3455.492859
101.504614,84,3455.656684
2.117725,62,3455.806717
1.296795,70,3455.949494
4.066656,78,3456.115161
5.944142,82,3456.289696
-0.860862,81,3467.591668
2.036156,83,3467.754391
-0.33271,160,3468.092234
0.915193,73,3468.254702
2.44622,79,3468.412721
101.485582,143,3468.692433
3.315474,69,3468.830435
1.276638,108,3469.044952
101.953675,42,3469.133524
105.948374,67,3469.26674
5.07735,67,3469.395962
5.032384,66,3469.526446
5.352325,63,3469.651919
3.756995,81,3469.812789
-0.348183,90,3469.989103
3.142692,62,3470.116977
5.160309,83,3470.280117
2.730401,70,3470.416942
100.786599,95,3470.604186
4.000787,85,3470.770981
2.387914,77,3470.926341
101.661348,98,3471.125982
1.747801,95,3471.322442
2.397959,59,3471.442347
101.520003,78,3482.844042
1.636289,89,3483.014997
101.932634,74,3483.169234
2.530579,68,3483.313851
3.321486,81,3483.473421
101.114269,80,3483.629364
4.672817,68,3483.76417
0.05169,93,3483.960576
104.025992,61,3484.080406
1.157886,76,3484.234151
4.073718,78,3484.384188
4.737492,70,3484.524494
4.616203,99,3484.727443
3.107462,67,3484.87963
105.101695,59,3485.00337
101.381799,55,3485.116798
0.693147,79,3485.276901
2.777487,65,3485.411538
5.61185,65,3485.549239
1.970331,71,3485.691258
102.140188,76,3485.839964
3.99315,71,3485.980187
3.351107,82,3486.14001
2.890078,72,3486.287906
3.211373,67,3486.434764
3.744463,83,3486.610467
102.941268,68,3486.750748
3.843041,60,3486.876523
4.494263,68,3498.255063
-0.647186,80,3498.410473
100.978347,48,3498.503546
102.279003,48,3498.602457
100.379928,61,3498.723881
3.503725,65,3498.874414
3.478433,73,3499.021794
2.385739,86,3499.188363
4.145086,66,3499.319276
102.065652,101,3499.513147
1.563597,90,3499.690024
1.271468,69,3499.82526
4.70596,85,3499.996698
0.897158,82,3500.164869
2.464505,68,3500.306078
1.521766,66,3500.443052
2.224412,79,3500.609598
0.738204,1000,3513.904811
2.009998,62,3514.033036
0.964668,84,3514.204304
6.022853,83,3514.371309
5.834773,72,3514.523158
2.34295,75,3514.676613
0.328948,93,3514.887149
4.012016,62,3515.021036
3.418376,65,3515.15411
101.576323,68,3515.300564
1.323043,85,3515.475726
2.760351,84,3515.65185
3.440153,75,3515.80775
2.692181,72,3515.957413
3.076834,64,3516.091049
2.076072,70,3516.235998
3.481509,59,3516.361265
1.36662,77,3516.519842
0.957799,81,3516.681965
2.177531,76,3516.838114
101.309319,80,3517.002287
4.59202,86,3517.179655
4.208751,74,3517.329792
101.106265,55,3517.441268
2.506347,94,3517.63691
2.404473,88,3517.822902
3.6361,88,3529.370456
101.825208,42,3529.4633
1.260043,103,3529.675141
1.47933,89,3529.863047
0.606913,96,3530.058984
100.441275,70,3530.200569
2.282665,64,3530.342192
101.501617,87,3530.521458
101.871599,66,3530.656268
2.650005,69,3530.797825
2.166501,79,3530.97331
2.345097,78,3531.1361
1.972016,102,3531.343564
3.062206,93,3531.537022
1.73476,61,3531.666351
102.109385,68,3531.805806
102.813958,52,3531.910821
4.623329,61,3532.037138
0.577637,88,3532.221152
104.348084,67,3532.359347
1.148868,101,3532.567662
2.72104,60,3532.694295
-2.186477,130,3532.959735
101.25705,53,3533.070946
3.224886,62,3533.196921
0.462094,79,3533.365232
100.688736,74,3544.778141
4.128786,125,3545.036926
102.374955,66,3545.165874
1.417671,65,3545.295014
2.628242,79,3545.4561
3.309871,84,3545.625503
1.400521,88,3545.798395
101.641352,63,3545.924882
103.392338,57,3546.037601
2.406233,69,3546.170415
3.295613,74,3546.310997
2.529713,59,3546.428029
100.788302,83,3546.588313
3.296574,69,3546.73659
0.087012,408,3547.550297
-0.057284,89,3547.729362
4.144593,61,3547.848308
2.427583,74,3547.995668
101.32945,65,3548.123002
2.773864,80,3548.280773
101.2874,52,3548.381229
5.078826,64,3548.519745
4.820834,70,3548.65767
102.286786,68,3548.795633
1.400041,122,3560.252559
3.048745,74,3560.401329
0.536192,81,3560.571204
2.71451,71,3560.72779
106.146131,75,3560.881457
4.051698,61,3561.007641
2.796121,69,3561.150192
102.229018,69,3561.292874
3.747063,74,3561.44577
5.23145,63,3561.572851
3.94302,69,3561.715669
4.802614,71,3561.855376
-1.942591,108,3562.067476
101.611357,76,3562.217968
1.363224,73,3562.360849
2.796312,88,3562.537202
3.766521,65,3562.666144
2.506677,74,3562.813726
102.61089,75,3562.962242
2.213275,62,3563.085264
100.889552,70,3563.224925
3.57652,70,3563.362224
103.068634,79,3563.519863
2.543753,88,3563.687792
2.757288,60,3563.807735
1.328981,120,3564.045413
1.242854,73,3575.38396
5.502173,65,3575.509827
3.823326,88,3575.680342
103.584236,63,3575.806323
3.880018,66,3575.938956
2.053819,80,3576.102447
3.2388,66,3576.231658
4.715678,77,3576.379702
3.137874,60,3576.515734
101.913027,75,3576.672668
100.151003,17,3576.706812
0.183759,104,3576.908276
1.676697,67,3577.037758
4.736143,76,3577.187549
1.998293,71,3577.330896
-0.934339,89,3577.500871
-2.509764,104,3577.703828
2.813574,65,3577.833008
3.37003,73,3577.979941
1.400701,81,3578.13953
100.485241,82,3578.299141
2.357311,64,3578.424637
1.164291,98,3578.618877
3.327089,72,3578.763973
0.693412,117,3578.996812
105.531869,71,3579.138371
0.860777,81,3579.292106
100.814114,70,3579.428833
3.301609,80,3590.81154
101.939821,67,3590.953462
4.324439,75,3591.109017
2.778087,68,3591.241038
5.625243,81,3591.403456
3.2197,70,3591.538124
2.605834,117,3591.772083
-1.959905,97,3591.963944
2.403338,83,3592.125865
2.846875,73,3592.270805
2.103136,73,3592.419279
4.575759,98,3592.625128
1.595473,70,3592.770687
4.89049,64,3592.913618
2.628751,83,3593.089335
1.065784,72,3593.239348
5.184226,79,3593.407032
3.706541,64,3593.538006
0.769544,72,3593.686929
4.39146,81,3593.854811
6.024515,70,3593.989237
3.050523,69,3594.123202
0.070634,86,3594.306454
1.261567,81,3594.474074
2.011111,83,3594.639428
1.762962,84,3594.804933
4.020016,101,3606.281113
3.212134,60,3606.402911
101.171205,75,3606.552246
2.058914,75,3606.697362
101.697339,98,3606.907463
101.652028,88,3607.08165
3.288735,65,3607.211581
4.539957,65,3607.340299
102.060965,94,3607.525713
3.141617,105,3607.733163
5.413565,71,3607.87139
3.424278,92,3608.050277
3.213096,60,3608.174649
1.045138,95,3608.37829
101.686397,74,3608.523381
3.657411,73,3608.663723
4.438548,65,3608.78799
3.311896,82,3608.948539
3.575268,86,3609.114606
3.530705,89,3609.293009
3.315966,67,3609.422252
0.973825,932,3622.628859
-1.557349,108,3622.843751
5.401559,67,3622.98149
0.344943,82,3623.149169
3.319889,67,3623.280454
5.725212,62,3623.397574
1.756509,82,3623.561558
1.463823,85,3623.734195
-2.606022,132,3624.005787
1.975786,78,3624.165662
104.44253,81,3624.328716
2.588371,71,3624.47536
0.146352,95,3624.678115
2.100956,74,3624.828689
0.650575,88,3625.002636
2.067096,78,3625.157587
3.154106,67,3625.290622
0.383136,109,3625.50986
2.013151,79,3636.824442
1.92772,71,3636.965259
0.965071,76,3637.113948
0.653712,1000,3639.102199
3.101058,100,3639.295389
-1.2542,114,3639.521437
101.66869,123,3639.753639
101.237094,148,3640.045098
4.192973,77,3640.200075
4.052852,73,3640.342111
101.06902,132,3640.606677
0.272589,74,3640.750794
3.139391,71,3652.056332
1.018354,89,3652.23872
5.031438,70,3652.383146
3.294981,61,3652.500149
101.099534,112,3652.728851
0.759734,77,3652.878871
104.565028,60,3652.995341
4.386256,64,3653.125154
1.665484,73,3653.273787
4.906485,96,3653.463565
2.71426,78,3653.615748
101.370996,67,3653.746704
3.450304,65,3653.874128
1.144001,64,3653.998693
3.869824,84,3654.173302
101.580506,65,3654.306758
1.259199,356,3655.009207
5.875736,79,3655.161641
4.529931,66,3655.290893
102.14169,74,3655.434418
1.09618,97,3655.619256
3.309114,63,3655.744617
0.331067,100,3655.935866
101.029201,102,3667.272746
104.788563,80,3667.431516
4.37668,75,3667.587287
105.597696,63,3667.71369
4.719862,62,3667.857763
5.759567,62,3667.98762
1.833193,75,3668.141673
4.254497,81,3668.308219
101.130958,64,3668.443882
3.244196,69,3668.584441
2.890289,68,3668.724357
0.718033,80,3668.888967
4.350061,82,3669.051662
3.757146,93,3669.235487
1.845953,58,3669.3534
0.634289,83,3669.527941
-0.744846,122,3669.774219
5.175693,76,3669.929408
2.777995,69,3670.07076
0.488841,72,3670.218119
101.722406,133,3670.491731
1.150525,160,3670.821092
2.302972,112,3671.045334
1.82943,70,3671.180706
0.419942,1000,3684.453449
101.351694,91,3684.640407
2.04554,72,3684.788638
2.235929,71,3684.930313
2.444894,71,3685.071202
103.187581,70,3685.210307
2.599351,70,3685.352004
100.792698,34,3685.419893
4.583573,69,3685.558052
0.875229,94,3685.759712
101.912549,70,3685.905972
4.89356,77,3686.065071
2.691034,80,3686.231205
102.032769,57,3686.351314
100.899489,69,3686.496182
0.482102,381,3698.609131
4.890324,63,3698.741302
1.880406,70,3698.888097
103.054708,48,3698.984168
104.660755,77,3699.144426
2.531166,182,3699.521218
5.080338,83,3699.683538
2.541117,71,3699.835402
3.337962,85,3700.000392
1.2966,80,3700.156401
100.695057,70,3700.292616
4.773795,87,3700.463264
4.341254,89,3700.640297
102.290844,66,3700.772727
1.663685,80,3700.92919
100.818507,27,3700.983832
100.504421,74,3701.131062
4.6369,64,3701.260598
3.045568,68,3701.40014
4.9181,61,3701.523611
2.376653,74,3701.678232
2.793513,68,3701.831029
3.989628,104,3702.048084
5.105077,65,3702.179553
0.826391,95,3713.567626
101.132523,51,3713.673869
2.535863,94,3713.859978
4.202945,67,3713.994783
4.658668,68,3714.134206
102.093768,42,3714.23315
5.563246,65,3714.368261
1.329354,72,3714.521097
2.475957,68,3714.661857
0.353646,125,3714.920583
2.94867,68,3715.063346
1.556345,74,3715.218874
2.206339,72,3715.371285
3.486118,68,3715.522144
101.010374,94,3715.717573
3.305526,66,3715.857166
3.022833,70,3716.011002
101.268246,82,3716.182249
1.335423,78,3716.34506
1.548047,76,3716.501694
100.62135,59,3716.621278
2.856855,70,3716.768592
101.861069,102,3716.968998
3.078051,74,3717.112159
101.551741,70,3717.251376
101.528996,102,3717.455878
4.608506,68,3717.589212
105.558498,66,3717.727936
101.159941,75,3729.060661
3.082697,73,3729.214508
0.371248,96,3729.41775
4.046001,62,3729.548941
3.96949,65,3729.683877
104.364968,62,3729.813246
-1.699595,115,3730.071124
1.23534,71,3730.223494
103.363036,61,3730.346931
2.26184,60,3730.47254
2.584644,82,3730.641409
4.066207,59,3730.759097
4.405574,63,3730.883949
100.806003,84,3731.050396
103.228419,56,3731.157783
5.733527,63,3731.281956
1.930296,68,3731.416956
101.078588,84,3731.581051
5.686905,67,3731.714017
2.229663,70,3731.856842
1.452777,132,3732.120547
1.878646,80,3732.278814
1.457545,78,3732.435584
5.395062,84,3732.601286
1.252971,82,3732.760103
3.526519,64,3732.886994
4.123526,90,3733.063634
3.471628,65,3744.433964
101.599187,74,3744.587813
0.46882,88,3744.770618
1.241522,75,3744.934227
0.949494,217,3745.3801
2.769323,61,3745.506658
101.593893,77,3745.66691
0.504404,86,3745.843174
4.664179,64,3745.966042
0.92009,74,3746.107411
0.748493,81,3746.267552
4.894173,75,3746.4227
2.521301,73,3746.573748
104.302999,74,3746.72579
4.165181,80,3746.885922
101.102335,82,3747.05405
1.490115,70,3747.194777
104.368598,71,3747.342117
3.540773,68,3747.479981
100.4115,37,3747.553333
1.103148,72,3747.703143
2.563239,84,3747.873909
2.484255,60,3747.998621
0.564937,119,3748.238969
1.16431,94,3748.431658
2.561167,61,3759.837635
101.07424,81,3759.999239
101.150571,69,3760.153678
3.54793,78,3760.304382
2.180478,69,3760.438237
4.76886,67,3760.568129
101.89507,72,3760.71197
2.38257,86,3760.88194
-0.826952,87,3761.05377
0.814848,67,3761.190794
0.864261,718,3762.649431
103.344608,57,3762.767806
101.334592,70,3762.908101
3.294127,73,3763.050985
103.578589,76,3763.202263
103.49598,75,3763.348324
101.966701,66,3763.485144
2.948434,65,3763.621564
104.234492,58,3763.737219
105.007137,75,3763.893041
3.386136,72,3775.290963
100.517747,60,3775.417747
2.254492,128,3775.675455
102.73894,60,3775.795509
-1.944294,119,3776.028436
4.988622,73,3776.174571
0.977415,104,3776.387305
100.428531,73,3776.531313
4.605213,74,3776.675145
0.30099,1000,3778.653528
5.585865,69,3778.800267
101.594955,42,3778.888238
101.132062,84,3779.050836
1.527567,75,3779.201179
3.28646,69,3790.673679
3.278824,60,3790.792424
-0.557395,93,3790.982663
1.415987,105,3791.202878
2.400041,73,3791.348528
3.874526,69,3791.485019
3.774876,82,3791.647978
3.259073,60,3791.772464
102.037924,64,3791.899124
3.161972,80,3792.054538
-0.129312,96,3792.240519
0.216034,72,3792.382498
101.566739,89,3792.553629
3.295323,69,3792.687969
3.707236,90,3792.865342
2.552524,89,3793.040151
3.442576,77,3793.190446
101.590135,73,3793.333343
105.62832,71,3793.473687
0.592844,1000,3806.666623
103.092672,72,3806.805741
1.411836,63,3806.930599
3.527941,59,3807.045002
3.066704,81,3807.200355
0.792545,81,3807.354615
2.314304,83,3807.514345
4.018448,62,3807.633433
101.224534,90,3807.808361
1.273493,87,3807.977455
1.477173,82,3808.139756
3.3139,94,3808.323487
100.185499,55,3808.427522
1.162355,70,3808.569139
5.757033,67,3808.708854
1.968296,72,3808.850192
1.189038,61,3808.972978
3.075446,65,3809.110226
5.109877,61,3809.234924
3.094243,69,3809.377115
3.177785,70,3809.51837
3.767979,104,3809.724855
102.157032,79,3809.882079
4.498602,59,3821.27167
4.63991,60,3821.386297
5.076909,69,3821.521086
102.921891,70,3821.657435
100.839588,86,3821.824317
-1.775291,476,3822.768695
2.79136,76,3822.914676
0.392306,1000,3824.877798
4.630634,68,3825.010348
4.64342,59,3825.126073
4.054537,80,3836.475176
2.657926,84,3836.642699
3.16589,71,3836.781199
4.963856,81,3836.95364
2.182733,69,3837.090293
3.282141,77,3837.242004
0.863566,89,3837.416484
0.576063,1000,3839.423202
2.204413,61,3839.545373
0.841745,1000,3852.708209
101.707509,84,3852.879577
101.913919,72,3853.026546
0.345794,72,3853.170783
101.949225,70,3853.315967
0.281244,1000,3855.329242
5.929643,72,3855.474543
0.426427,1000,3868.861036
4.013181,87,3869.036077
4.863762,79,3869.188562
4.104123,77,3869.342311
-0.165451,81,3869.502227
3.179034,69,3869.640779
101.158382,87,3869.817393
101.777308,68,3869.948736
0.871333,67,3870.080309
1.421352,65,3870.213259
103.897718,61,3870.333855
-0.04674,80,3870.493747
-0.261515,258,3871.001662
101.677125,92,3871.176748
2.223174,66,3882.590729
4.754187,94,3882.776712
4.835321,63,3882.912914
101.924195,85,3883.079885
100.67479,116,3883.310212
4.333655,76,3883.458783
103.220467,66,3883.589103
103.996068,59,3883.702953
101.53694,43,3883.789548
105.034891,68,3883.920702
2.246513,70,3884.059208
105.938607,69,3884.197114
3.138423,64,3884.321171
3.925668,76,3884.475521
4.152844,91,3884.657698
1.914136,74,3884.801158
4.964502,61,3884.919998
101.561229,71,3885.057044
4.911863,110,3885.269369
3.916647,66,3885.39766
4.810154,71,3885.533306
4.725967,72,3885.673971
2.766909,80,3885.829166
-0.58017,1000,3899.128728
2.553633,78,3899.290882
100.595312,84,3899.468763
2.125874,79,3899.632228
100.788619,74,3899.795691
102.19858,61,3899.918179
101.303416,91,3900.092673
2.987908,63,3900.217689
-0.051197,247,3900.696705
4.919915,61,3900.81871
1.26364,85,3900.98628
3.430427,90,3901.165563
100.198092,56,3901.278745
101.132328,81,3901.437053
1.843436,88,3901.630605
105.017674,79,3901.785575
101.62047,51,3901.889102
5.412222,68,3913.285186
0.615268,76,3913.437171
3.237731,78,3913.595516
104.497149,57,3913.710806
103.591598,71,3913.851347
1.202236,76,3914.017376
100.87184,80,3914.173719
3.003475,59,3914.290568
2.388854,59,3914.406095
4.224461,67,3914.539351
4.32031,74,3914.686747
2.884762,70,3914.822125
100.392339,56,3914.934762
4.108961,73,3915.079495
4.404661,67,3915.211436
101.370472,56,3915.321764
100.586626,72,3915.464924
101.837581,65,3915.596452
104.290874,57,3915.709785
2.683643,77,3915.862679
3.358128,61,3915.999249
3.845024,69,3916.138971
3.65449,65,3916.273684
100.985602,91,3916.459017
102.329325,61,3916.58667
2.761888,83,3916.757527
101.204722,67,3916.895479
2.613773,68,3917.035681
4.54953,69,3917.176881
102.795306,69,3917.320374
2.015591,86,3928.673397
5.580707,66,3928.808812
4.39444,100,3929.026877
3.096523,87,3929.209456
4.58059,69,3929.354244
4.424906,67,3929.493744
6.004764,83,3929.665194
5.118802,69,3929.805224
2.848506,72,3929.947594
101.186517,123,3930.193297
-1.096741,98,3930.388299
1.553319,83,3930.551877
100.946347,33,3930.613537
0.952809,88,3930.789093
2.769956,61,3930.904969
0.240978,92,3931.083729
5.370274,80,3931.241864
1.635977,78,3931.396073
3.211698,64,3931.519691
3.007996,76,3931.669021
5.714691,65,3931.799074
0.984743,79,3931.959994
0.159957,80,3932.123179
5.96762,73,3932.286619
0.850407,622,3944.910769
0.509337,88,3945.084354
4.415303,73,3945.230266
2.172508,69,3945.365268
3.499633,61,3945.491698
4.306802,81,3945.648434
0.899302,77,3945.798198
4.866885,77,3945.950927
100.632441,59,3946.067122
4.756455,64,3946.193025
101.059185,81,3946.354834
100.445559,79,3946.510756
101.485935,49,3946.606727
2.892388,95,3946.803917
2.075961,111,3947.022394
103.189073,60,3947.140255
101.190699,40,3947.218905
-0.236291,109,3947.434658
101.527961,92,3947.615198
105.551496,66,3947.747561
4.489711,77,3947.897438
100.832804,51,3947.993203
-0.518659,253,3959.657539
2.131212,75,3959.826022
0.536234,76,3959.975503
4.806419,63,3960.097188
2.115992,72,3960.240476
3.201089,70,3960.38396
1.480629,91,3960.560245
2.996433,72,3960.7027
101.633525,50,3960.798393
-0.227905,90,3960.974064
101.146561,93,3961.157984
4.573103,71,3961.299275
103.479065,55,3961.405217
100.470984,131,3961.660643
1.067462,70,3961.801081
3.657849,69,3961.937411
1.626704,83,3962.103813
4.154691,63,3962.229345
3.979747,92,3962.411338
4.087302,64,3962.539069
1.335848,70,3962.675757
4.782318,65,3962.802557
0.416416,77,3962.952204
100.284152,52,3963.053154
102.385576,58,3963.167071
104.262958,70,3963.315928
3.566942,62,3974.649792
1.640685,70,3974.787731
102.552799,66,3974.916361
104.02592,53,3975.022703
1.356303,81,3975.184299
4.909718,75,3975.34269
1.215267,83,3975.519811
102.465416,71,3975.658262
1.799575,89,3975.83849
2.303989,70,3975.975682
2.302047,75,3976.123775
3.970785,77,3976.277194
104.956934,66,3976.4076
101.772389,84,3976.571244
3.096869,74,3976.718016
106.158398,76,3976.866893
4.420236,87,3977.03644
3.213693,73,3977.177922
3.046266,73,3977.323941
0.685599,80,3977.483333
105.837457,70,3977.622107
103.818712,65,3977.752217
3.623406,70,3977.893869
4.902575,96,3978.08816
100.770875,82,3978.260189
3.57148,66,3978.393657
101.734324,71,3978.535448
104.216549,56,3978.649295
1.581627,86,3990.004906
0.76145,82,3990.174474
4.125636,67,3990.311576
103.389159,71,3990.479716
1.217546,92,3990.674274
102.189225,105,3990.890132
2.42019,64,3991.025282
4.953548,68,3991.168927
5.061853,72,3991.319006
-0.924199,79,3991.483785
5.835577,64,3991.616567
102.683678,49,3991.721561
1.940287,81,3991.886629
100.78093,84,3992.060435
-0.64588,85,3992.237886
2.641997,70,3992.385008
5.085342,61,3992.516565
-1.802469,135,3992.791935
0.874611,154,3993.11128
1.032893,72,3993.263965
4.327206,62,3993.390656
3.728142,64,3993.522713
3.503848,68,3993.657251
2.327985,71,3993.799631
4.855396,64,3993.934403
1.098715,81,3994.102369
103.741218,56,4005.42606
2.004133,75,4005.579953
3.979967,125,4005.855098
5.261989,61,4005.98216
1.989958,71,4006.126476
1.627257,75,4006.274194
101.895155,85,4006.443128
4.253792,94,4006.63243
101.915627,75,4006.779586
2.249247,70,4006.92014
2.186387,62,4007.04489
101.623213,67,4007.179366
3.138182,67,4007.311348
2.434908,65,4007.452381
2.579756,86,4007.618896
1.765043,70,4007.755209
4.05,64,4007.881536
2.308882,87,4008.053234
1.912988,72,4008.196481
105.719796,68,4008.330989
2.157468,65,4008.47308
101.713071,60,4008.587988
100.849105,105,4008.793621
5.20909,65,4008.92066
103.585144,71,4009.061577
1.412529,72,4009.206675
5.584944,71,4009.345289
0.616985,95,4020.865066
2.950133,71,4021.01879
1.855947,64,4021.152737
2.623359,75,4021.306848
5.700136,69,4021.447265
2.326045,65,4021.585227
3.897483,77,4021.741471
3.920917,67,4021.875193
3.259729,68,4022.00538
4.025067,61,4022.127711
3.379835,64,4022.257454
3.313177,68,4022.39258
1.725923,72,4022.538415
2.557717,66,4022.673759
2.296019,79,4022.830524
-2.037409,394,4023.614943
0.554113,86,4023.784163
1.940485,75,4023.946775
3.687963,60,4024.063792
2.681091,68,4024.203276
0.143562,90,4024.390862
4.226186,63,4024.523105
0.5527,80,4024.694172
103.046176,71,4024.840623
3.673506,63,4024.972175
101.748159,56,4036.365865
3.023325,192,4036.745751
3.545708,94,4036.92769
2.944977,67,4037.064928
0.358723,151,4037.37623
101.387092,89,4037.55821
1.622063,62,4037.682439
3.790002,74,4037.831928
1.996206,75,4037.999395
4.343654,84,4038.171568
1.103989,88,4038.347279
2.046444,97,4038.547284
5.023877,65,4038.682112
3.996526,62,4038.806986
103.540219,68,4038.942702
-0.310486,233,4039.395607
3.346469,82,4039.554743
104.36943,67,4039.689574
5.350879,62,4039.807984
3.320058,76,4039.975923
0.592715,84,4040.136742
3.937156,91,4040.318298
4.046448,71,4051.700382
4.346556,67,4051.833211
101.570388,74,4051.977899
6.058933,64,4052.104918
103.376205,54,4052.207798
5.068814,68,4052.353722
5.800559,65,4052.49095
104.548258,59,4052.613236
0.541852,83,4052.786241
3.82136,60,4052.906269
4.075752,72,4053.051985
102.967221,68,4053.192721
1.199342,74,4053.34775
2.653772,71,4053.49212
104.037501,63,4053.615921
5.655792,68,4053.749337
102.36712,66,4053.887413
2.804238,61,4054.012697
101.187875,84,4054.181399
102.087127,73,4054.325652
102.266576,45,4054.413878
0.342333,70,4054.554478
2.771853,102,4054.759477
0.409881,95,4054.953446
2.884327,88,4055.129545
1.976691,70,4055.268422
101.612104,40,4055.346101
-0.979853,247,4067.05145
5.188593,65,4067.209934
101.063029,79,4067.376102
1.22906,81,4067.545487
3.29666,62,4067.681234
4.90274,75,4067.834718
100.847996,229,4068.307311
2.584825,106,4068.540945
4.209091,68,4068.687017
101.780954,63,4068.813593
2.504666,65,4068.939903
3.870627,60,4069.057793
1.225252,64,4069.185307
2.015741,60,4069.305371
2.839032,63,4069.432524
5.20822,62,4069.558135
104.121828,74,4069.702885
104.451357,74,4069.847419
102.35501,71,4069.986971
102.206762,62,4070.107633
104.106778,74,4070.263642
100.354687,74,4070.408769
2.129817,68,4070.53947
-0.678876,245,4071.033081
2.881001,68,4082.555315
2.811417,86,4082.733055
2.173759,63,4082.864369
3.682605,72,4083.024202
3.716377,67,4083.166566
4.073851,66,4083.302383
2.629716,85,4083.476263
1.610005,84,4083.652911
3.002843,68,4083.791725
2.857166,71,4083.937598
3.16532,62,4084.066923
1.86444,82,4084.233536
3.631013,78,4084.392815
103.12702,72,4084.542032
101.124349,80,4084.707652
4.967697,68,4084.847295
101.166115,106,4085.054198
2.967412,83,4085.219559
5.404478,64,4085.345275
2.479816,61,4085.467164
3.469268,67,4085.598938
101.309192,89,4085.775138
3.675283,70,4085.928984
3.918894,61,4086.051944
104.117903,54,4086.158112
2.95894,68,4086.294855
1.545717,64,4086.420203
3.590695,81,4086.583982
1.095823,119,4098.09093
2.706796,71,4098.237801
102.019708,47,4098.33376
2.918676,94,4098.527781
3.227064,75,4098.682611
0.6848,74,4098.835129
3.772974,70,4098.976637
4.744597,67,4099.117798
101.703925,92,4099.310147
2.104357,86,4099.488086
102.931172,54,4099.605678
1.577326,88,4099.796167
1.132225,99,4100.002795
100.78856,250,4100.511557
3.694425,65,4100.645945
4.636193,82,4100.813445
1.123066,73,4100.957837
0.47247,79,4101.11537
104.245474,63,4101.239156
2.132221,71,4101.375438
4.199643,89,4101.555556
3.238082,79,4101.712918
4.550006,117,4101.948944
0.625242,1000,4115.19227
5.232263,68,4115.329028
5.291465,65,4115.463262
5.301255,88,4115.646614
4.72864,107,4115.877523
102.495012,71,4116.030279
101.746527,66,4116.167156
104.518223,55,4116.279032
4.721711,83,4116.451079
104.357371,65,4116.587449
4.762065,67,4116.72828
3.198981,73,4116.872533
104.470414,59,4116.986415
4.754192,108,4117.201818
105.34594,61,4117.335618
3.263821,78,4117.488534
4.136977,69,4128.905282
3.949631,71,4129.046349
4.015166,99,4129.236636
102.958354,55,4129.343855
105.196124,59,4129.464499
2.808997,114,4129.706875
3.352592,70,4129.845952
2.074233,68,4129.988374
1.947707,73,4130.128633
5.392165,66,4130.259503
3.015156,65,4130.387564
4.335163,85,4130.554782
5.496641,62,4130.678854
2.895963,62,4130.800344
104.681101,62,4130.922549
3.836989,62,4131.043135
5.97888,65,4131.169878
103.775331,64,4131.295342
103.802447,64,4131.422004
-1.883823,253,4131.929793
105.161718,62,4132.055423
1.350018,84,4132.227571
3.836383,64,4132.358933
101.383469,51,4132.464516
4.884239,72,4132.611245
101.205287,75,4132.757809
3.458174,64,4132.885108
105.033923,58,4144.242687
101.1379,65,4144.378615
4.056093,70,4144.52344
0.751457,90,4144.722087
100.702605,61,4144.856286
3.538013,68,4144.998184
0.840148,95,4145.192398
3.301882,79,4145.35956
3.02599,98,4145.561292
2.526026,75,4145.712852
100.668151,61,4145.839047
4.316063,67,4145.973074
2.355518,71,4146.113724
103.244937,55,4146.220448
4.005799,75,4146.366992
2.965043,72,4146.508512
101.582877,81,4146.672916
100.779617,81,4146.836174
0.858657,89,4147.016704
1.265757,89,4147.195794
100.849143,76,4147.351978
3.636825,71,4147.494793
2.724066,67,4147.633975
5.238092,79,4147.808017
4.583971,74,4147.952456
4.063269,61,4148.07233
2.577224,76,4148.223044
4.497131,67,4148.352617
101.262103,90,4159.852721
1.276457,71,4160.008507
4.426162,61,4160.124268
102.527142,68,4160.256229
101.370317,83,4160.417891
100.79223,75,4160.56374
101.137287,64,4160.687116
1.241491,74,4160.830532
1.18203,72,4160.969501
1.30467,66,4161.106506
2.431911,71,4161.245364
104.489451,63,4161.374023
102.966411,60,4161.494179
4.517515,72,4161.639623
4.573321,61,4161.759501
1.61098,78,4161.919718
1.695763,107,4162.132628
101.40027,76,4162.281789
2.94792,70,4162.419076
2.972742,69,4162.556989
3.504841,61,4162.682421
3.832834,64,4162.810454
105.238586,62,4162.935643
0.694987,82,4163.098388
104.513053,61,4163.21901
0.912095,742,4176.00371
101.467711,76,4176.155101
0.001548,97,4176.341186
5.729845,84,4176.505113
101.95306,51,4176.607625
2.368377,76,4176.775087
0.624189,82,4176.935059
4.207936,60,4177.054155
4.220656,67,4177.18804
3.804163,65,4177.315958
101.954483,66,4177.447933
101.3666,76,4177.600275
0.493429,1000,4190.929092
102.565579,44,4191.016969
2.934224,69,4191.154995
3.579074,76,4191.304838
3.596036,80,4191.463026
1.506312,73,4191.609031
6.046514,70,4191.746768
4.111176,81,4191.908409
-0.366768,158,4192.239756
0.579633,87,4192.429029
102.729246,47,4192.520673
0.400849,1000,4194.498723
3.767283,60,4205.900054
0.420967,79,4206.077557
5.275939,72,4206.228543
3.227005,84,4206.400652
103.913051,65,4206.532265
100.955457,89,4206.718719
2.32939,70,4206.855169
101.235252,159,4207.201829
2.081313,71,4207.354932
4.658793,101,4207.567361
2.496635,91,4207.754595
5.029567,97,4207.951862
1.611615,67,4208.093674
102.808598,48,4208.187378
5.959349,66,4208.327706
101.179613,114,4208.582201
100.880189,70,4208.727562
4.875329,89,4208.911048
103.178142,70,4209.052739
105.599082,66,4209.190828
101.246684,97,4209.38941
101.448355,47,4209.490093
100.813729,103,4209.702871
4.446991,74,4209.856951
1.736073,79,4210.019735
5.898731,64,4210.149246
2.786039,67,4221.492315
3.574228,65,4221.626904
103.126373,65,4221.759152
0.64466,99,4221.967223
0.670353,67,4222.105703
101.01301,77,4222.265885
5.39908,71,4222.413537
4.661277,67,4222.554574
102.048504,65,4222.687491
5.046824,72,4222.832428
3.456695,71,4222.986436
-0.206056,92,4223.168338
0.028803,98,4223.360951
101.852029,61,4223.484386
2.071443,62,4223.605262
2.074965,80,4223.763138
2.034749,75,4223.911047
2.413827,69,4224.050634
2.969927,75,4224.201704
4.714525,86,4224.368085
5.233565,64,4224.498739
3.218977,77,4224.65141
3.144486,90,4224.830505
0.362314,97,4225.021984
3.357357,62,4225.145557
1.391091,87,4225.318296
-1.54773,741,4238.042205
1.709422,96,4238.230178
4.305638,70,4238.36616
4.156698,68,4238.50113
1.005496,88,4238.676147
100.673141,81,4238.833968
0.753426,90,4239.012213
2.504157,68,4239.144172
4.55513,72,4239.283192
0.73727,127,4239.52994
3.196043,82,4239.68916
5.94686,69,4239.831714
105.298123,65,4239.959294
3.177372,62,4240.081059
1.890555,62,4240.207199
2.609371,90,4240.381377
3.682228,71,4240.523468
1.889522,77,4240.678107
1.248802,80,4252.095218
2.179458,79,4252.260422
1.916625,84,4252.431166
3.353415,75,4252.598403
1.962381,71,4252.745617
0.170938,86,4252.938128
4.168606,64,4253.067715
100.645936,83,4253.247423
2.038684,61,4253.371401
2.193493,62,4253.499024
1.282621,71,4253.638553
101.535508,59,4253.754225
3.390015,82,4253.914086
100.76604,72,4254.059617
0.962479,63,4254.190376
1.313055,61,4254.31685
5.25255,69,4254.459816
103.627521,68,4254.59771
3.345817,61,4254.729348
0.975824,78,4254.885368
102.869193,57,4254.995652
4.67539,79,4255.148665
4.148717,73,4255.293801
0.492013,1000,4268.530786
1.024492,88,4268.711276
3.423462,67,4268.844971
1.683838,75,4269.008689
4.720969,63,4269.135721
4.654718,68,4269.265484
4.449752,95,4269.452067
3.849948,79,4269.613158
5.003377,64,4269.737631
101.522351,59,4269.854005
100.889392,87,4270.021263
0.852807,90,4270.198307
-0.041985,105,4270.404073
2.626659,66,4270.533905
2.801934,82,4270.693516
4.196138,60,4270.812632
4.770712,64,4270.940106
2.331532,70,4271.076631
4.800063,89,4271.247868
3.93256,70,4271.386244
101.647211,70,4271.523969
100.942911,47,4282.86001
2.439497,62,4282.985745
104.889143,62,4283.123946
2.591839,83,4283.297097
1.184485,75,4283.454426
3.002638,73,4283.603716
2.386912,99,4283.81535
1.123806,75,4283.969324
3.330747,73,4284.122111
3.508004,70,4284.267512
3.113907,67,4284.413598
1.249225,78,4284.578134
0.230517,101,4284.788911
100.599095,55,4284.899886
101.257775,89,4285.076867
3.755948,62,4285.201843
100.982456,65,4285.327111
101.206863,87,4285.503705
4.626637,79,4285.657856
5.762237,62,4285.785735
2.088828,60,4285.908004
0.185616,77,4286.067757
105.162336,64,4286.20253
3.795318,88,4286.384611
101.250963,100,4286.59529
1.801351,77,4286.753347
1.754821,71,4286.890236
102.359786,53,4286.992909
2.132477,60,4298.483766
101.944052,112,4298.723626
0.350461,77,4298.875586
2.107388,63,4299.006267
2.548276,93,4299.191374
101.664732,66,4299.319384
2.062314,70,4299.455417
1.330816,71,4299.592118
1.359409,63,4299.714864
2.09792,85,4299.882626
3.977441,72,4300.03872
3.498953,81,4300.219517
2.276523,61,4300.345705
4.523062,70,4300.493481
101.995554,42,4300.578665
4.112515,69,4300.715435
-0.460587,121,4300.950573
0.874457,78,4301.108812
2.158206,77,4301.260872
2.76557,76,4301.410107
4.689163,68,4301.547789
2.049108,69,4301.684979
1.454019,96,4301.870639
2.218709,71,4302.017629
2.786089,73,4302.170556
-0.455765,121,4302.418823
100.827103,84,4313.898796
1.540013,103,4314.116379
-1.985541,159,4314.427418
4.013692,60,4314.546885
1.967086,75,4314.689925
1.418284,76,4314.839873
4.634706,77,4314.99731
2.433914,70,4315.136295
100.711385,56,4315.246552
102.25936,46,4315.337636
0.921495,1000,4317.364518
103.138799,70,4317.50763
4.564892,62,4317.631663
2.184425,76,4317.778301
1.231481,77,4317.925562
0.057242,98,4329.309794
104.348211,75,4329.465677
100.810416,123,4329.720187
0.191818,1000,4331.713452
101.301266,68,4331.852079
3.077548,87,4332.042139
1.573266,84,4332.219446
101.299508,55,4332.332433
100.704704,103,4332.546456
2.906206,64,4332.679854
101.480716,74,4332.832003
4.697091,64,4332.955483
-2.025811,140,4333.232363
1.369239,91,4344.771665
1.682291,73,4344.928808
0.832831,64,4345.0541
4.516292,64,4345.181133
2.84084,61,4345.301521
102.389005,59,4345.415995
104.740991,59,4345.532867
101.437981,81,4345.695014
4.214478,82,4345.853553
3.480679,70,4345.98807
-0.606703,90,4346.165102
2.382461,90,4346.341969
4.490813,73,4346.482973
100.697332,59,4346.600544
4.359167,61,4346.722528
-0.048449,87,4346.907663
3.831894,65,4347.040994
104.859902,67,4347.17581
4.491812,66,4347.312197
1.601358,100,4347.517729
6.003483,64,4347.647249
4.476894,63,4347.775421
5.409792,62,4347.902869
4.675876,72,4348.050009
4.774303,65,4348.182779
2.638694,60,4348.305349
1.127049,126,4348.559598
4.827265,74,4348.711893
104.909192,62,4360.060321
101.924721,100,4360.255685
5.256999,77,4360.403417
3.674393,66,4360.534017
4.052995,65,4360.663404
3.35337,88,4360.837439
101.665513,83,4361.000255
101.605945,44,4361.087265
2.232801,73,4361.24687
4.246907,67,4361.380764
102.111286,55,4361.491361
0.495516,67,4361.625884
4.307776,73,4361.773563
101.169828,73,4361.92031
101.600224,148,4362.212997
3.882408,74,4362.357107
3.916669,99,4362.55088
102.022474,51,4362.65167
2.172347,76,4362.802354
1.770515,99,4362.997761
104.815835,65,4363.126677
4.357694,65,4363.255466
4.11855,65,4363.390286
0.42451,104,4363.596414
5.8401,69,4363.733518
5.393054,89,4363.91468
2.351044,85,4375.273179
4.705149,67,4375.403532
103.415924,65,4375.534221
105.199148,65,4375.676449
0.5297,81,4375.839496
101.786248,80,4375.99643
100.757915,67,4376.129788
3.918269,61,4376.25189
-0.322018,121,4376.487599
4.841984,62,4376.613614
101.553474,65,4376.742492
2.250659,70,4376.875463
103.576495,62,4376.996718
102.104714,69,4377.136707
0.547732,74,4377.284392
4.174813,67,4377.418377
1.579752,72,4377.562009
104.040496,72,4377.707477
101.852717,64,4377.838525
0.559303,73,4377.984831
2.111833,59,4378.102232
2.094536,132,4378.372588
1.880456,144,4378.663583
5.324323,63,4378.794734
101.230988,65,4378.923395
101.880205,63,4379.04799
103.166488,77,4379.20274
101.008386,87,4390.572758
101.766243,66,4390.704095
0.763158,100,4390.899447
101.32281,61,4391.018089
4.528888,102,4391.22124
1.135645,107,4391.43534
4.968323,85,4391.602283
2.428959,61,4391.736311
102.630094,78,4391.895994
3.721801,69,4392.033892
101.020005,69,4392.170114
101.288968,54,4392.276813
1.488814,94,4392.460926
3.207812,69,4392.602002
0.875349,80,4392.760575
5.225338,64,4392.888106
101.010265,112,4393.109969
100.927791,77,4393.259776
2.090319,62,4393.382953
4.622472,62,4393.505918
4.31694,86,4393.673622
1.181776,83,4393.839373
5.196412,71,4393.983782
2.064619,81,4394.140985
-2.110392,179,4394.493686
4.143997,165,4406.11049
101.265917,129,4406.381308
1.640427,79,4406.534853
0.767528,78,4406.689425
106.051852,74,4406.833712
4.121458,67,4406.9666
102.039033,41,4407.047632
3.932795,82,4407.212463
105.913632,66,4407.342565
1.328091,70,4407.480368
0.147202,84,4407.651117
101.274164,64,4407.778279
100.901163,80,4407.938974
1.143733,83,4408.104451
0.210872,75,4408.248551
105.191448,64,4408.372572
2.597982,99,4408.598977
3.939947,69,4408.733813
2.08321,60,4408.850405
-0.365944,1000,4422.028603
5.325598,61,4422.149797
102.688293,64,4422.278086
3.705881,70,4422.413901
5.510375,61,4422.536325
1.237611,101,4422.736006
101.422164,114,4422.957427
101.430143,39,4423.033332
3.819835,71,4423.174529
101.232374,51,4423.278355
102.632056,59,4423.397275
101.983471,114,4423.617848
0.729388,83,4423.794812
100.502766,77,4423.950018
101.541019,47,4424.047167
102.795998,70,4424.181976
-1.379227,770,4436.966645
4.298938,65,4437.091983
0.607437,124,4437.334777
6.14554,66,4437.480604
2.773045,65,4437.610201
103.516384,53,4437.712312
1.81795,106,4437.928648
0.715913,98,4438.127902
2.67161,70,4438.263756
1.657066,63,4438.385114
4.481944,76,4438.532723
3.917959,72,4438.677458
100.804896,135,4438.942774
1.391582,79,4439.098019
103.74747,72,4439.238096
100.856174,74,4439.382364
1.590283,85,4439.549869
103.754168,71,4439.6938
2.658314,69,4439.830122
0.612538,68,4439.962766
101.303458,52,4440.065466
3.940117,111,4440.284943
2.171513,67,4440.414084
2.64443,65,4440.541908
5.095257,68,4451.885705
5.172899,81,4452.062276
-2.159905,158,4452.373606
4.054456,62,4452.50521
1.332322,102,4452.707694
3.727353,67,4452.840438
0.37462,1000,4454.819254
5.060142,94,4455.003019
4.479315,62,4455.125878
0.13638,82,4455.285043
0.00964,78,4455.435796
104.001362,67,4455.565716
102.306697,56,4455.674219
3.746901,62,4455.796467
3.991158,65,4467.103114
3.442764,104,4467.31023
5.378996,71,4467.450188
4.481819,71,4467.604014
100.938563,155,4467.905391
2.480305,95,4468.096191
3.921666,98,4468.288986
1.273335,98,4468.483744
1.85744,82,4468.646657
3.964597,78,4468.801054
100.698432,59,4468.916977
102.20217,72,4469.058714
2.322205,74,4469.207075
3.046225,73,4469.348969
4.284255,133,4469.613011
4.447126,61,4469.733327
3.297765,77,4469.881328
2.95744,75,4470.028996
102.848211,69,4470.163632
102.194642,46,4470.258435
0.604268,135,4470.526015
4.047115,75,4470.670669
102.071381,77,4470.824136
100.386701,53,4470.925182
101.037377,54,4471.031602
4.670612,70,4482.446255
100.74742,82,4482.614804
-0.616571,510,4483.626448
101.291157,92,4483.816703
5.636353,76,4483.963379
1.013402,95,4484.156871
4.855849,60,4484.276602
3.10064,67,4484.407388
1.483584,82,4484.567313
1.67497,88,4484.746866
4.020758,64,4484.877999
101.704205,71,4485.020866
4.211751,74,4485.167894
3.962991,65,4485.306026
101.347112,83,4485.480688
4.656809,73,4485.632567
-0.619604,99,4485.835207
4.88611,75,4485.990216
0.043483,72,4486.138775
5.695322,73,4486.290686
3.038805,84,4486.471016
4.649001,65,4497.798867
1.712925,79,4497.968145
2.95858,90,4498.14992
1.904816,64,4498.273582
1.337466,83,4498.446803
3.006577,67,4498.576317
100.617273,87,4498.748615
101.144568,93,4498.936167
1.622861,75,4499.083639
1.045672,64,4499.214428
0.325065,1000,4501.210225
2.462424,76,4501.370547
1.97174,63,4501.50536
100.684656,75,4501.6583
-1.704095,581,4514.223871
4.229738,80,4514.400221
2.557621,91,4514.58625
4.891666,63,4514.724541
4.420395,62,4514.860195
3.304262,73,4515.01372
3.677454,79,4515.177271
0.134441,86,4515.355254
0.665954,118,4515.599616
2.844174,68,4515.739396
101.459909,44,4515.8336
0.650303,108,4516.055569
2.811087,80,4516.219006
4.399438,63,4516.345768
102.728661,57,4516.466724
1.250205,120,4516.703073
101.262145,74,4516.85248
2.988523,150,4517.148772
2.346781,98,4517.340677
-0.180603,147,4528.996837
4.792365,78,4529.178615
4.019444,62,4529.313791
4.433575,69,4529.452769
2.376741,62,4529.578418
1.953467,71,4529.728317
-0.095753,80,4529.893906
2.305194,106,4530.106124
5.5344,64,4530.229648
1.563247,79,4530.388041
101.658126,89,4530.563001
2.913975,63,4530.68574
0.941249,82,4530.846656
2.815375,59,4530.964897
0.816237,67,4531.096067
1.655578,69,4531.233087
4.945833,70,4531.368446
101.831042,81,4531.529683
0.077695,97,4531.717986
3.363678,65,4531.844634
101.897613,135,4532.120799
4.157662,70,4532.261833
1.184395,74,4532.41689
2.741929,98,4532.61571
103.052023,65,4532.748188
2.382388,65,4532.881982
3.515225,67,4544.354498
2.272564,77,4544.523418
2.549923,80,4544.685745
1.625338,73,4544.834828
104.904064,76,4544.987442
100.647701,71,4545.136697
5.081943,61,4545.26026
103.397837,73,4545.406654
2.002056,68,4545.535397
101.064555,92,4545.718698
1.662852,83,4545.879646
101.0524,81,4546.03669
1.747115,72,4546.180338
4.319903,59,4546.309746
1.485555,91,4546.494692
4.187316,71,4546.63498
-0.406777,87,4546.805814
2.403078,70,4546.951937
3.109364,88,4547.122765
3.651134,69,4547.260923
1.768587,81,4547.425433
102.951957,57,4547.536548
5.292113,75,4547.70025
102.147805,111,4547.918838
1.966939,65,4548.050029
5.664776,66,4548.185564
102.037056,61,4548.305161
2.162601,76,4559.643396
4.807901,70,4559.782531
2.982476,114,4560.00875
-3.022549,920,4561.865067
0.770479,96,4562.050617
2.446682,72,4562.193788
4.310789,68,4562.330641
3.121655,93,4562.5122
3.319963,78,4562.668231
5.024567,71,4562.810484
4.109969,60,4562.927356
-0.689449,95,4563.117104
5.188802,64,4563.241707
4.576147,61,4563.359282
100.319932,67,4563.493587
4.918985,74,4563.636201
0.770376,101,4575.027799
100.572627,36,4575.109155
102.900509,61,4575.229187
-2.063679,415,4576.056558
106.075996,67,4576.192869
3.319503,78,4576.347251
3.71765,62,4576.473512
3.38729,77,4576.623033
3.846436,71,4576.764122
100.424317,72,4576.905899
3.290957,75,4577.052294
0.990938,75,4577.203313
101.412727,56,4577.31605
3.43649,96,4577.506118
2.575153,75,4577.650406
101.631897,81,4577.811086
3.383582,88,4577.98409
1.519043,90,4578.164052
4.175129,90,4578.343962
101.290919,73,4578.488493
2.124652,76,4578.638439
101.304195,67,4578.767114
3.639004,83,4590.186416
5.086305,79,4590.344432
4.507452,63,4590.468803
3.728312,98,4590.664161
103.926351,54,4590.774003
101.959828,68,4590.908284
101.99596,65,4591.044558
104.022741,64,4591.171295
4.215607,70,4591.313763
0.861757,95,4591.50153
2.588387,96,4591.702577
4.166926,70,4591.845608
5.186335,75,4591.99445
2.560285,205,4592.398108
3.430794,85,4592.564783
4.363959,69,4592.699038
0.715968,78,4592.851978
2.085213,78,4593.001046
1.539419,89,4593.17876
4.635888,73,4593.323632
5.00355,76,4593.474413
-0.183022,118,4593.705659
1.435963,78,4593.866039
-0.681269,82,4594.027507
4.41512,70,4594.164805
3.665136,75,4605.543195
4.35009,88,4605.735088
100.842773,69,4605.869342
0.902343,79,4606.024185
0.082116,88,4606.202222
5.194979,82,4606.362252
3.46826,75,4606.518523
2.603237,81,4606.681868
2.253505,67,4606.816336
1.950996,86,4606.985993
1.517956,67,4607.118095
2.906143,66,4607.245793
1.952754,86,4607.41252
1.3749,76,4607.562509
101.095704,87,4607.735585
2.232286,72,4607.881612
3.738277,60,4607.996902
101.217123,69,4608.130599
4.768545,126,4608.379244
4.924606,89,4608.550843
101.661977,80,4608.731712
4.143349,65,4608.85685
0.731523,65,4608.986488
2.673624,76,4609.133435
4.931161,80,4609.293302
0.038702,281,4621.040391
1.965705,80,4621.196794
104.485331,64,4621.323682
2.100204,75,4621.473888
3.583131,78,4621.628549
2.173485,90,4621.814649
0.561037,85,4621.982749
102.557581,69,4622.116687
-0.964309,913,4623.93416
3.967564,73,4624.079322
2.932632,62,4624.20383
100.522233,57,4624.318563
1.966033,77,4624.468755
-2.858045,108,4624.683847
103.926868,66,4624.816477
105.153604,64,4636.111245
100.551891,61,4636.232653
-0.359116,1000,4638.240003
0.124098,1000,4651.509988
104.060532,63,4651.636222
103.157713,65,4651.763694
2.910313,71,4651.901604
3.427245,92,4652.08763
-0.1854,546,4653.190701
3.556951,68,4653.325783
3.998405,67,4653.460702
0.388306,102,4653.660766
4.619263,59,4653.779659
5.008234,67,4653.916116
1.514717,88,4654.094375
2.264655,78,4654.250559
-0.896682,84,4654.415011
102.455158,73,4654.562134
5.665047,65,4654.694093
3.280174,65,4654.823755
2.819339,66,4654.957296
3.571282,107,4655.169294
2.850366,68,4655.318408
1.385366,74,4655.466457
4.494058,72,4666.7941
4.457035,68,4666.929359
102.963726,71,4667.07056
2.831735,90,4667.246188
101.141097,89,4667.436699
100.919002,83,4667.597731
102.807676,72,4667.743449
2.572083,74,4667.891133
102.310156,54,4667.998545
5.164473,77,4668.153301
1.988608,78,4668.305018
1.170565,112,4668.533444
103.046363,68,4668.665458
105.392313,68,4668.846502
3.382058,67,4669.027136
1.590763,70,4669.185089
2.611035,69,4669.325616
2.952195,68,4669.46088
1.487002,103,4669.66264
3.258444,76,4669.811781
4.901504,74,4669.962449
1.684945,89,4670.138786
103.936984,58,4670.251111
2.432081,79,4670.404199
102.014792,108,4670.614918
-1.405566,124,4682.062502
102.133311,44,4682.150585
4.185409,96,4682.338991
2.371893,73,4682.482157
4.312696,100,4682.694338
1.350758,60,4682.820165
3.934795,90,4683.008384
103.57928,73,4683.162071
1.392785,111,4683.392589
2.274928,84,4683.564569
1.922342,76,4683.720502
0.503878,72,4683.869844
103.805164,72,4684.019669
4.583181,81,4684.188792
4.331223,65,4684.323469
103.447916,72,4684.47312
102.456537,66,4684.609478
1.91376,94,4684.803912
3.510093,66,4684.936317
101.663965,73,4685.082039
101.469672,62,4685.202168
0.235556,128,4685.453604
0.779148,1000,4698.672278
101.201837,75,4698.821134
101.510711,89,4698.998527
100.593142,41,4699.087791
103.487554,64,4699.213671
2.987661,75,4699.361677
2.114102,77,4699.515109
1.269995,77,4699.669298
2.720479,66,4699.798701
5.314455,69,4699.931553
101.278211,79,4700.088392
5.409661,66,4700.216776
3.138154,91,4700.394959
100.189479,71,4700.539957
101.357345,93,4700.728605
-0.774195,138,4701.000097
4.311053,62,4701.120861
2.123421,61,4701.240144
4.015588,66,4701.373075
2.832598,83,4712.713917
2.528204,65,4712.852104
101.490732,115,4713.077605
101.110822,78,4713.23318
2.645933,203,4713.630115
5.091527,71,4713.77084
105.347872,61,4713.893604
101.120144,83,4714.058684
104.398439,72,4714.197436
0.288618,107,4714.424631
3.456509,90,4714.601583
1.053473,99,4714.79725
1.36812,81,4714.957417
101.588677,68,4715.091753
2.606324,71,4715.231731
4.379952,69,4715.375127
4.740304,65,4715.507772
101.323594,66,4715.639807
1.240215,63,4715.761796
104.571609,66,4715.890594
103.568783,62,4716.011512
3.157937,91,4716.194098
3.359204,65,4716.324367
100.681668,78,4716.483643
101.981425,70,4716.622316
103.282686,54,4716.727885
103.460224,60,4728.018019
2.868398,60,4728.138269
102.629531,55,4728.24363
-0.52478,274,4728.835919
4.400727,88,4729.073254
2.905648,69,4729.224547
1.733263,89,4729.397063
5.03172,60,4729.517637
1.25988,207,4729.93356
2.876922,66,4730.064147
103.447251,64,4730.1899
101.491219,72,4730.331884
5.588602,77,4730.484672
3.965706,73,4730.652089
1.918847,75,4730.802594
1.400967,91,4730.979091
100.975767,79,4731.137657
2.177471,70,4731.275772
4.31218,69,4731.411452
-0.411651,141,4731.69609
4.534297,63,4731.820095
0.530248,75,4731.970841
2.582411,59,4732.095333
103.997416,57,4743.404777
2.177441,76,4743.554261
0.571807,146,4743.858566
2.764302,79,4744.014723
5.30398,82,4744.176703
3.573956,90,4744.350591
106.178871,67,4744.493238
1.875536,84,4744.658
103.6024,73,4744.804477
1.72301,78,4744.95899
4.035047,74,4745.105069
102.080629,70,4745.244441
101.222298,70,4745.381979
100.985719,72,4745.521614
4.716266,62,4745.648154
1.633097,86,4745.812968
3.379694,60,4745.93363
3.236642,72,4746.075241
1.294965,87,4746.245982
0.340756,104,4746.454578
5.533886,62,4746.579388
101.969717,96,4746.768564
3.332114,64,4746.893276
101.963463,75,4747.041686
2.063085,129,4747.298
0.812273,105,4758.786965
-0.11334,91,4758.974681
101.276439,66,4759.101125
3.706989,70,4759.238747
101.134093,71,4759.378469
5.032297,61,4759.497802
100.989524,78,4759.650594
100.972533,79,4759.813061
2.961736,68,4759.949643
101.206521,44,4760.043591
3.86509,74,4760.184693
3.792422,73,4760.328558
0.111534,101,4760.529526
0.894581,84,4760.693166
4.486389,62,4760.815785
101.507395,71,4760.953301
101.245909,82,4761.117127
4.774317,71,4761.257838
3.072458,65,4761.391376
2.51193,71,4761.53036
4.047013,103,4761.735107
-0.425211,1000,4774.963607
2.652043,68,4775.097374
102.149386,49,4775.192978
5.119151,71,4775.331934
3.810217,62,4775.453798
100.321114,27,4775.503416
101.816137,75,4775.657278
100.874029,260,4776.180824
0.924338,104,4776.38316
100.481522,62,4776.506275
4.341078,80,4776.663344
4.517545,80,4776.821127
4.275383,67,4776.956286
-0.575831,130,4777.215847
101.097665,47,4777.310225
1.946514,73,4777.460415
103.718856,53,4777.566911
1.111271,74,4777.714338
3.653673,65,4777.84276
101.455506,70,4777.978143
100.92131,72,4789.400358
-0.203866,174,4789.749022
5.505217,68,4789.886869
1.600475,89,4790.06816
5.459571,80,4790.234624
3.082855,68,4790.370956
2.0222,71,4790.51563
2.384595,69,4790.654028
102.165186,48,4790.749467
1.214999,99,4790.952958
100.704416,78,4791.11994
1.497725,84,4791.286325
2.000556,71,4791.423183
-0.0074,82,4791.585616
0.679332,1000,4804.76676
2.181964,75,4804.910971
4.40054,66,4805.041828
0.907835,72,4805.182754
4.197664,69,4805.328626
3.807482,61,4805.455938
5.399985,74,4805.605258
104.095423,69,4805.742034
103.949236,57,4805.853707
6.203472,72,4805.996812
-0.184718,75,4806.146486
4.829243,80,4806.312385
4.194542,85,4806.482088
3.106855,66,4806.613227
4.262254,62,4806.73837
2.449556,93,4806.91702
0.713922,70,4807.051223
4.900332,60,4807.163015
104.236589,61,4807.277914
103.302764,66,4807.410468
102.100181,76,4807.56039
100.998204,49,4807.662067
1.981048,93,4807.842834
100.722947,70,4807.981399
101.234155,48,4808.07488
105.83789,73,4808.218198
104.847723,126,4808.470261
2.588577,90,4808.651156
104.770715,70,4820.067573
3.372137,66,4820.202344
1.624048,78,4820.377161
105.866012,64,4820.507686
2.37817,76,4820.67397
5.241226,67,4820.808751
101.827686,57,4820.917709
100.925324,80,4821.076894
105.365607,69,4821.213649
101.646968,92,4821.395953
0.297819,81,4821.556078
1.919043,77,4821.713043
102.371919,51,4821.808519
3.56032,66,4821.94032
102.057829,47,4822.032695
102.738561,67,4822.168619
5.669637,73,4822.312553
-0.343627,236,4822.770411
0.874503,77,4822.922073
4.701822,77,4823.075479
2.260162,77,4823.226228
4.555802,72,4823.368233
101.700258,78,4823.517331
4.276833,76,4823.670231
4.684967,67,4823.80418
2.848362,68,4823.9403
1.978563,105,4835.422889
4.393843,65,4835.571254
5.389827,65,4835.700552
1.852612,70,4835.835011
1.760264,64,4835.959066
101.569907,95,4836.146347
103.069037,54,4836.25118
5.447208,82,4836.413645
2.731127,64,4836.537572
3.420291,88,4836.709554
4.019671,70,4836.844957
0.909748,73,4836.992715
2.552968,80,4837.151392
103.890405,65,4837.277663
1.488791,97,4837.466249
101.960984,81,4837.623484
-0.800357,108,4837.839964
5.8933,72,4837.982651
3.417713,86,4838.14827
101.620862,87,4838.323955
2.796879,87,4838.490719
100.045087,64,4838.619689
101.285262,78,4838.776271
-0.868469,75,4838.924246
3.950262,67,4839.057859
2.419248,92,4839.240712
104.703273,73,4839.390002
4.9263,61,4850.707699
2.466755,71,4850.845283
101.274368,59,4850.96049
2.57755,69,4851.121335
2.116318,77,4851.278576
0.177323,82,4851.440205
104.957945,64,4851.564554
3.21342,68,4851.700206
104.730971,67,4851.833823
2.278762,90,4852.016302
101.410524,74,4852.160811
1.561429,82,4852.32396
5.153201,63,4852.445427
102.649913,48,4852.538746
1.139109,76,4852.685346
106.07056,70,4852.821577
101.429586,61,4852.943784
104.782205,69,4853.079287
2.85484,70,4853.214101
104.867648,58,4853.329396
-0.077565,456,4854.221763
1.298022,69,4854.357618
2.113448,74,4854.505702
0.562537,98,4865.859429
3.483733,66,4865.992187
101.756868,91,4866.194258
4.702901,61,4866.316482
0.253093,107,4866.531133
1.931803,73,4866.677678
101.618163,91,4866.861482
100.663809,74,4867.008249
2.643092,67,4867.138618
4.314677,84,4867.307243
2.678739,67,4867.445062
3.142125,60,4867.563992
2.857718,85,4867.732651
4.128757,111,4867.945907
103.03741,52,4868.050652
102.217652,65,4868.17714
102.877668,47,4868.269594
1.543593,63,4868.394402
2.60583,69,4868.532624
5.002075,65,4868.658739
3.600838,74,4868.803607
1.205439,70,4868.942254
5.011318,81,4869.106462
100.282895,65,4869.234489
3.435739,85,4869.406309
1.951284,64,4869.52948
5.410493,65,4869.657492
100.075716,59,4869.776855
102.198246,74,4869.92746
105.496453,63,4881.267235
101.014452,75,4881.413878
4.603201,75,4881.567104
1.639649,74,4881.716351
-0.02074,1000,4883.717233
3.489871,80,4883.876047
2.441625,71,4884.01859
4.158273,88,4884.191488
0.039085,131,4884.447915
1.189432,80,4884.611913
1.381726,70,4884.751242
3.587096,117,4884.983506
2.148141,70,4885.124423
3.625894,70,4896.554222
3.92925,84,4896.71926
5.575564,82,4896.882931
4.886576,79,4897.035504
3.574776,71,4897.19219
1.266525,69,4897.323183
4.008113,83,4897.484007
-0.704923,138,4897.749575
2.874312,68,4897.880955
1.196125,130,4898.129874
101.18619,60,4898.250595
4.390458,71,4898.388728
4.715386,71,4898.524992
-0.860914,142,4898.804917
0.972281,73,4898.948665
4.993288,65,4899.075375
100.344755,114,4899.301755
0.662783,94,4899.484386
2.19424,71,4899.621398
2.545126,78,4899.775935
2.198661,70,4899.914372
1.189145,70,4900.051414
5.398817,68,4900.183327
3.923132,79,4900.33902
-0.88066,121,4911.925148
0.719187,67,4912.054952
0.385639,108,4912.267984
3.068594,66,4912.398542
102.364245,47,4912.488858
100.924787,74,4912.633796
2.419506,75,4912.781684
104.138734,69,4912.91948
2.227895,74,4913.099061
1.690349,85,4913.270769
4.289119,65,4913.395695
104.361553,63,4913.520786
3.40258,64,4913.644918
104.962685,67,4913.780724
3.116455,82,4913.942249
2.189131,75,4914.093018
5.438677,63,4914.218209
101.402342,65,4914.347972
3.267108,67,4914.481388
101.593088,34,4914.553169
1.573271,74,4914.700842
0.829087,74,4914.848284
2.029294,74,4914.996771
3.616587,91,4915.176814
101.785983,67,4915.311388
2.405898,70,4915.450358
2.216057,116,4915.681887
2.203024,83,4915.84828
2.682165,87,4927.203405
2.63517,72,4927.347363
2.083258,70,4927.485522
5.502105,63,4927.609825
3.102524,84,4927.789045
1.453029,66,4927.917027
2.346136,72,4928.060488
101.458918,87,4928.240821
5.215493,71,4928.378723
100.444423,79,4928.535697
4.165234,62,4928.659748
3.771949,88,4928.834774
4.35504,66,4928.966253
2.679028,95,4929.156834
4.217619,67,4929.291625
-0.657849,277,4929.840131
1.138462,70,4929.980407
2.709104,64,4930.103092
4.01227,67,4930.232439
1.7681,79,4930.38711
5.212758,73,4930.528315
3.858047,66,4930.674906
2.194034,75,4930.832129
102.310865,70,4930.971172
3.239249,101,4931.168023
100.358685,55,4942.448231
2.847663,79,4942.605101
0.492953,1000,4944.580391
0.985675,86,4944.750153
103.543788,64,4944.88211
102.24976,77,4945.034238
1.216229,92,4945.226242
3.738243,63,4945.351852
3.857879,68,4945.487982
2.393644,69,4945.625447
4.887091,66,4945.756959
3.159088,69,4945.893739
1.905983,68,4946.027591
0.500821,85,4946.196752
0.523186,81,4946.354548
101.454631,65,4946.48329
100.550587,85,4957.816717
4.915417,61,4957.936747
102.931788,72,4958.077941
4.860734,80,4958.249095
2.551664,70,4958.387127
3.756245,76,4958.537047
3.898619,159,4958.849768
2.204305,72,4958.994275
4.095829,76,4959.146615
2.217619,70,4959.282723
0.477413,690,4960.665966
4.569787,94,4960.854599
101.442952,56,4960.964339
3.327237,96,4961.151836
2.317394,168,4961.486515
2.567316,82,4961.648458
101.186593,81,4973.089416
2.592055,70,4973.226462
100.517203,85,4973.392027
2.750038,59,4973.521088
101.118089,42,4973.605816
3.514532,73,4973.752805
1.784722,70,4973.891103
4.090497,71,4974.029511
3.808517,66,4974.170088
2.803366,82,4974.330605
103.594911,74,4974.474783
2.731737,63,4974.59943
0.809698,74,4974.746745
4.781044,68,4974.879706
4.1135,61,4975.000999
3.540474,94,4975.19605
0.286767,88,4975.373356
5.297099,61,4975.489325
100.793054,88,4975.66127
100.0,1,4975.664298
101.195235,45,4975.753769
103.257352,66,4975.890307
105.034042,66,4976.02283
2.15093,69,4976.15787
4.891385,79,4976.317983
4.082809,86,4976.485427
5.38266,60,4976.603375
2.54249,80,4976.757394
3.646488,76,4976.909886
3.697779,97,4977.103922
5.086037,60,4988.396466
1.339655,72,4988.537703
101.160083,71,4988.677469
3.518397,64,4988.818918
3.497134,64,4988.943278
0.68449,127,4989.192075
103.398527,65,4989.315325
100.305838,151,4989.62285
102.011889,68,4989.753935
101.076087,73,4989.899141
4.457481,72,4990.044678
1.394293,79,4990.20377
1.528546,71,4990.353081
0.059171,92,4990.53488
0.754082,86,4990.700974
103.685652,72,4990.844325
2.80902,64,4990.97431
4.463452,84,4991.140449
100.967458,90,4991.318718
1.389954,73,4991.464212
4.024782,62,4991.590882
103.186107,54,4991.69541
5.078865,75,4991.84348
100.851759,116,4992.073438
2.005891,96,4992.264384
100.978472,84,5003.62675
3.504426,60,5003.765037
0.440158,65,5003.890875
1.332121,83,5004.05123
5.129974,66,5004.18381
4.01594,79,5004.337618
2.889586,89,5004.509832
4.071631,66,5004.649392
101.124237,43,5004.736446
2.993997,79,5004.890326
1.834084,71,5005.027926
3.090908,66,5005.159768
100.793171,73,5005.305258
3.87096,77,5005.459999
101.146146,74,5005.605023
4.401229,62,5005.726984
0.563639,93,5005.911848
2.508953,70,5006.043472
3.023574,100,5006.240489
102.836894,59,5006.354045
0.492112,68,5006.491824
2.985232,61,5006.609542
1.134925,71,5006.754071
101.205587,122,5006.995915
2.269418,77,5007.145368
105.645754,70,5007.289011
1.038895,108,5007.496954
2.796911,81,5018.850346
104.118371,71,5018.989289
3.765566,76,5019.135953
103.661173,71,5019.282228
2.93033,59,5019.397748
101.018403,83,5019.560709
100.678422,62,5019.686527
1.820472,76,5019.837166
3.361619,65,5019.966621
4.736579,66,5020.097657
2.210608,73,5020.244467
2.831165,86,5020.432214
0.026042,97,5020.619824
2.436299,70,5020.756913
3.278264,66,5020.885391
0.583649,67,5021.017715
2.161213,83,5021.182952
101.030406,97,5021.370994
0.724596,75,5021.527931
0.66645,72,5021.667524
-1.092388,139,5021.939478
3.51413,71,5022.080008
4.689685,63,5022.205534
3.383822,67,5022.336614
1.4208,82,5022.50126
2.535015,68,5022.635061
2.651651,83,5022.803199
2.739044,80,5034.184474
5.216314,83,5034.348562
4.248118,60,5034.486468
3.255677,73,5034.633253
103.662509,54,5034.742201
4.473856,68,5034.8755
2.632081,100,5035.071174
0.275991,739,5036.548632
3.953737,65,5036.680752
2.198475,60,5036.797819
2.580704,78,5036.953671
2.88986,68,5037.087534
5.34148,86,5037.255697
2.44678,69,5037.388619
101.016987,80,5037.544611
101.632816,63,5037.668372
103.512262,66,5037.797676
4.35777,76,5037.94952
2.779474,81,5038.110439
1.450916,103,5049.49898
3.654679,87,5049.672376
100.968735,72,5049.815485
102.6026,61,5049.937736
103.057782,66,5050.075386
102.272223,63,5050.203329
5.278627,79,5050.362751
102.010066,54,5050.473483
0.779061,365,5051.213564
1.433788,72,5051.358397
5.066062,79,5051.514177
1.200432,85,5051.68156
3.741803,85,5051.847715
4.25957,75,5051.992745
0.325557,97,5052.187766
3.762139,82,5052.351252
3.465032,64,5052.477614
1.793,75,5052.620659
2.915002,73,5052.764235
3.733841,99,5052.957072
102.100902,83,5053.120974
100.896971,29,5053.178707
1.601217,70,5053.317111
2.884915,73,5053.459893
3.503121,67,5064.795634
2.224379,59,5064.915137
102.214911,44,5065.002598
0.599509,1000,5066.972862
-0.332289,97,5067.161136
0.664314,66,5067.291497
1.247397,75,5067.441836
3.635721,75,5067.589587
105.121703,66,5067.722094
2.305419,81,5067.882369
3.237602,73,5068.027412
0.961497,112,5068.247939
2.028849,72,5068.392503
4.923016,71,5068.530908
100.465527,65,5068.658746
3.313121,73,5079.99226
100.295967,67,5080.123191
0.676486,105,5080.333215
102.961373,66,5080.482889
1.622708,79,5080.644941
2.334602,88,5080.828675
0.166084,355,5081.546974
3.801288,80,5081.701927
4.826901,70,5081.840125
1.305485,130,5082.09619
4.130242,75,5082.240389
2.694181,70,5082.375817
1.890266,71,5082.510869
101.913078,40,5082.587953
103.191621,72,5082.729085
100.724677,66,5082.877622
4.905538,72,5083.016753
-0.482845,101,5083.214602
101.397901,91,5083.394789
0.433174,78,5083.546737
100.730087,70,5083.686554
3.896788,61,5083.805695
3.786187,66,5083.937166
100.778745,94,5095.315681
2.494344,72,5095.460356
106.017808,67,5095.594196
1.231165,75,5095.743032
2.627488,70,5095.877023
4.05298,77,5096.02757
4.325105,77,5096.178723
3.048967,67,5096.328
0.975713,109,5096.543044
104.348272,71,5096.683603
2.239577,83,5096.864493
3.170194,73,5097.009979
1.295767,108,5097.22156
3.980346,67,5097.352655
4.324368,77,5097.504544
-1.259527,119,5097.731431
103.557815,54,5097.839187
2.91647,72,5097.984002
1.549717,70,5098.121602
4.641796,69,5098.258846
1.164199,97,5098.477329
3.459879,65,5098.607944
-1.808471,684,5111.154061
1.421243,88,5111.342618
100.671542,74,5111.499887
101.224521,81,5111.661445
101.678285,78,5111.817205
3.958251,72,5111.967252
101.064259,72,5112.110657
101.40427,87,5112.287977
1.672049,74,5112.434131
101.256684,44,5112.522895
2.441145,86,5112.698406
2.720388,84,5112.867233
0.175938,88,5113.041508
0.298858,1000,5126.173381
3.645693,100,5126.37201
2.451423,69,5126.510392
3.173166,72,5126.655711
101.228354,161,5126.983385
100.630257,78,5127.133687
101.996929,74,5127.282943
1.910605,71,5127.420743
3.361586,77,5127.573997
100.486034,46,5127.664385
3.106278,94,5127.84614
101.227598,81,5128.01062
2.931044,78,5128.162842
101.161265,82,5128.324857
102.468586,64,5128.450186
2.937526,93,5128.637917
3.162381,70,5128.776565
3.444495,87,5128.948641
3.343352,79,5129.105822
3.152033,94,5129.296033
101.096146,103,5129.498986
4.003214,65,5129.624699
3.428716,84,5129.789847
3.040076,91,5141.182939
1.989694,73,5141.344642
3.051377,59,5141.464228
101.302777,82,5141.633888
101.386889,117,5141.867899
3.041896,67,5141.999612
1.934481,69,5142.141942
4.965088,86,5142.321104
102.939921,67,5142.455593
4.520029,69,5142.595918
1.279214,71,5142.738187
4.951585,75,5142.884739
2.282547,84,5143.050045
2.855461,60,5143.174613
101.926762,50,5143.270972
102.056218,62,5143.39637
1.546703,61,5143.519604
0.869515,63,5143.644176
5.702606,72,5143.785527
2.495187,73,5143.93337
102.522202,64,5144.059308
5.094722,69,5144.193809
101.687902,36,5144.265539
4.222664,66,5144.396595
101.491459,74,5144.540917
2.889626,64,5144.673554
103.514011,68,5144.808886
2.933456,62,5144.934699
2.001398,78,5145.090124
103.900983,62,5156.429799
2.518353,65,5156.561067
101.407377,88,5156.738983
4.465336,127,5156.996212
4.653937,66,5157.129453
4.312411,65,5157.258555
1.775285,70,5157.401121
2.844711,73,5157.547486
4.889246,74,5157.694265
0.852939,429,5158.557565
102.026008,119,5158.794017
103.086604,69,5158.928943
105.707265,67,5159.063301
102.561704,61,5159.182341
103.043123,72,5159.325852
3.643109,112,5159.555921
1.570948,79,5159.708555
-0.479783,149,5160.009522
1.4201,97,5160.201422
101.378284,104,5160.408113
2.20913,75,5171.920807
0.594353,86,5172.103943
4.779417,64,5172.231761
4.154058,66,5172.364177
3.73431,72,5172.506163
101.202857,44,5172.594278
2.725374,67,5172.7237
2.810736,63,5172.848662
5.708243,77,5173.007738
1.936461,76,5173.163611
105.031203,62,5173.291759
1.285535,65,5173.430382
105.654545,66,5173.568107
3.112406,70,5173.711194
3.011917,68,5173.849767
105.627282,70,5173.989927
4.979489,80,5174.147876
3.915972,71,5174.292199
101.479051,85,5174.472909
3.173456,66,5174.604156
100.592968,73,5174.752662
0.862468,89,5174.943278
3.649918,64,5175.078159
2.566946,72,5175.228164
105.121119,61,5175.357254
0.80227,75,5175.510664
102.176241,69,5175.6508
1.512125,109,5175.878765
102.036942,81,5187.270727
2.752909,79,5187.435017
100.939349,70,5187.577319
2.220048,71,5187.724881
2.458658,84,5187.895994
3.238763,82,5188.066865
102.520564,70,5188.224097
104.654916,62,5188.355123
101.962646,72,5188.501384
2.494306,149,5188.805342
104.971868,62,5188.925918
2.878131,61,5189.044958
3.4805,70,5189.181184
3.917477,88,5189.353412
1.763492,73,5189.501698
100.451066,58,5189.617777
104.091643,62,5189.740698
102.891084,54,5189.850927
2.55137,67,5189.986858
101.000136,90,5190.1733
102.088662,79,5190.334917
3.868179,66,5190.472081
1.351862,71,5190.620642
1.932494,73,5190.76377
3.808002,81,5190.919611
3.217055,83,5191.07864
3.377827,72,5191.220649
101.406948,87,5202.666768
4.00643,82,5202.833704
1.923608,77,5202.991392
102.347712,68,5203.135939
5.471547,63,5203.282165
100.335898,81,5203.448414
0.662115,87,5203.626283
1.56867,81,5203.804796
2.731341,79,5203.977317
1.927471,69,5204.118465
1.696362,73,5204.271288
103.631112,68,5204.411953
4.004021,64,5204.542946
3.916908,61,5204.670004
2.121161,68,5204.809598
101.287437,43,5204.896654
1.099332,97,5205.081533
1.730787,67,5205.210686
101.338038,72,5205.350913
1.555145,79,5205.5064
3.026099,202,5205.90677
1.741461,119,5206.142914
4.222171,70,5206.280329
3.550833,71,5206.420457
4.945782,66,5206.566314
101.199926,83,5206.725824
3.333453,64,5218.119874
4.569586,95,5218.305466
2.376878,71,5218.449521
3.261447,71,5218.58987
100.979601,72,5218.743344
103.986921,55,5218.858274
101.294851,81,5219.017926
2.75787,79,5219.174806
0.242909,98,5219.377919
2.532479,70,5219.522722
101.602064,41,5219.607073
100.949036,66,5219.746566
3.003187,85,5219.920501
3.093059,69,5220.062961
3.131323,69,5220.207065
1.717694,66,5220.341931
102.502982,79,5220.504413
102.556536,74,5220.651989
2.442202,75,5220.806028
1.46602,60,5220.923784
2.398272,75,5221.073895
5.573497,71,5221.216922
1.647181,75,5221.368072
3.440729,69,5221.501142
1.3723,121,5221.745454
5.098332,80,5221.899738
1.214485,73,5222.043144
1.8067,63,5222.166093
102.50648,67,5233.547739
2.365635,78,5233.719121
101.651892,60,5233.845735
-2.045019,293,5234.430629
3.993161,61,5234.557655
2.783468,82,5234.731494
-2.223082,116,5234.966188
101.058043,74,5235.113685
100.639118,391,5235.889949
1.607069,73,5236.030617
102.626133,61,5236.148307
4.400532,69,5236.281195
102.178425,57,5236.396586
2.102385,78,5236.553608
4.509221,62,5236.679563
4.708595,69,5236.816305
4.897552,70,5236.954986
-0.730093,106,5237.165517
101.015724,82,5237.331151
-0.359911,140,5248.915737
2.153313,67,5249.054308
1.552086,86,5249.22994
4.757641,70,5249.375543
4.489696,73,5249.53671
3.79259,100,5249.743167
101.038703,79,5249.905514
5.222165,63,5250.043019
4.178764,79,5250.209447
1.845707,60,5250.332323
-0.504764,95,5250.546081
1.263921,71,5250.69291
1.979913,127,5250.944822
1.246708,82,5251.10587
102.028412,130,5251.357647
5.407687,64,5251.484465
3.145601,65,5251.609901
3.019339,63,5251.728444
2.695597,67,5251.862182
100.666552,26,5251.915017
1.325737,60,5252.033796
4.483453,69,5252.177075
101.279602,78,5252.338507
4.358989,67,5252.478723
101.621328,102,5252.694129
100.811458,86,5252.869731
1.726224,77,5253.021188
101.426655,55,5264.392272
105.320913,61,5264.514343
105.116033,66,5264.658215
3.287716,84,5264.8248
102.654098,49,5264.919621
1.496417,89,5265.095453
104.875814,66,5265.224043
5.093486,69,5265.368365
4.593825,61,5265.486509
3.749004,75,5265.632526
-0.183344,75,5265.782851
6.109102,74,5265.925615
0.249752,162,5266.240536
1.758561,62,5266.365305
3.73775,64,5266.490947
4.806697,70,5266.626924
101.680612,85,5266.792225
0.826194,91,5266.972859
102.15954,71,5267.117551
4.870101,71,5267.256982
2.666213,86,5267.427957
103.0936,54,5267.537224
101.882411,82,5267.697413
4.28639,69,5267.84683
101.741304,94,5268.035091
1.084086,60,5268.154712
2.403582,85,5268.324998
101.271132,81,5279.931004
1.513888,99,5280.136856
103.527006,61,5280.261586
4.292268,72,5280.406741
4.402208,65,5280.533837
3.111319,64,5280.660178
101.329903,63,5280.784803
4.403781,61,5280.906718
5.386119,68,5281.039005
4.137525,66,5281.167228
3.974466,93,5281.362709
-0.503178,1000,5283.347826
103.084259,63,5283.468547
101.157251,75,5283.621275
101.044162,69,5283.761777
103.834351,58,5283.874448
4.58535,71,5295.270532
1.046197,82,5295.457275
100.91233,70,5295.597424
0.417086,82,5295.760972
101.938409,71,5295.90382
3.66406,77,5296.055943
1.498128,66,5296.180217
3.613263,65,5296.309151
0.366374,1000,5298.28926
0.6855,93,5298.477235
0.068863,114,5298.701322
0.835867,90,5298.890628
3.767437,62,5299.016507
1.097029,77,5299.168527
2.708956,74,5310.699877
101.029772,69,5310.838414
1.548403,65,5310.962142
0.553425,1000,5312.956887
3.415442,80,5313.121869
103.148505,69,5313.267832
101.289334,110,5313.492612
102.443615,53,5313.602984
101.495143,67,5313.739829
3.525823,85,5313.909455
3.117718,60,5314.030344
2.548888,67,5314.164829
1.302664,90,5314.345551
104.750606,61,5314.467191
105.376488,66,5314.605156
3.038005,76,5314.763869
1.817241,65,5326.131883
3.276178,70,5326.272481
1.152315,85,5326.440418
1.979132,62,5326.558695
3.948462,65,5326.69841
4.318913,72,5326.862105
4.065242,95,5327.049362
2.726307,75,5327.199996
105.779978,67,5327.327507
101.338169,79,5327.482475
104.032318,57,5327.600374
101.090065,74,5327.752441
-1.358657,122,5328.009232
4.073397,71,5328.157584
101.266582,56,5328.274908
2.626933,118,5328.520164
103.559752,56,5328.635585
3.916396,66,5328.772975
103.103899,74,5328.92765
3.759236,69,5329.086617
0.84518,86,5329.322158
3.215964,64,5329.483306
0.879504,424,5330.331428
102.781491,71,5341.730661
5.201891,64,5341.8614
2.293539,60,5341.999902
103.844996,56,5342.115785
101.09639,67,5342.255687
2.24517,63,5342.385351
101.112996,45,5342.475933
100.501056,77,5342.631655
1.373706,70,5342.779758
-0.413756,109,5342.992543
3.817623,79,5343.147324
0.217976,85,5343.314601
106.1138,72,5343.468771
4.273684,63,5343.59515
103.433328,71,5343.73523
101.299718,64,5343.86126
102.338052,55,5343.971092
103.169976,56,5344.081734
101.913583,103,5344.304924
5.883455,64,5344.435363
3.801024,59,5344.552964
2.954926,80,5344.720446
1.417467,79,5344.881016
101.246669,89,5345.069779
5.017602,62,5345.20177
102.006163,72,5345.352029
5.708388,63,5345.485851
1.124896,86,5345.662503
2.284459,73,5357.090838
2.150382,59,5357.207536
100.927668,60,5357.326149
3.281398,77,5357.476223
1.714177,77,5357.650641
1.178391,87,5357.82682
101.121575,74,5357.975639
0.524218,142,5358.258528
5.537397,63,5358.383724
1.718951,87,5358.56129
3.981043,61,5358.686081
103.339855,52,5358.792344
4.806602,66,5358.924007
2.727266,76,5359.074665
3.587283,68,5359.209689
2.125478,60,5359.329462
0.200785,102,5359.534156
4.48024,81,5359.697126
4.121386,79,5359.865037
101.156708,69,5360.008889
4.22681,72,5360.149302
3.503164,65,5360.275455
101.209309,111,5360.501398
-0.461555,93,5360.689381
3.310809,74,5360.859709
4.855074,63,5360.992823
4.290092,67,5361.131268
2.306515,84,5372.557536
2.729424,88,5372.728829
3.239232,77,5372.87897
4.72192,85,5373.048778
4.488005,76,5373.210204
2.254719,65,5373.3369
3.063196,79,5373.494045
-0.65683,117,5373.729978
0.508926,82,5373.889585
3.900455,66,5374.020709
4.298661,90,5374.197533
5.158609,82,5374.356648
3.284867,77,5374.504953
3.997159,68,5374.632469
3.188398,62,5374.751504
102.044492,61,5374.869987
2.078659,65,5374.999706
1.411094,89,5375.174117
3.420008,72,5375.31859
3.504015,62,5375.439444
104.435042,65,5375.586127
1.103947,96,5375.769461
3.858662,69,5375.905957
105.923468,67,5376.040498
105.088073,67,5376.172908
101.593794,55,5376.28157
3.522045,77,5376.433602
103.663863,72,5387.797051
5.453251,62,5387.91972
4.896568,63,5388.042777
102.883039,60,5388.161611
105.157224,61,5388.282694
3.420086,64,5388.410496
1.332933,134,5388.686985
1.444664,94,5388.877272
2.637781,60,5388.99409
103.220869,56,5389.108146
3.047825,87,5389.288269
3.308039,66,5389.434064
0.010477,74,5389.587297
4.10363,75,5389.740078
-1.928754,481,5390.697288
104.663699,69,5390.835033
2.642941,71,5390.974077
3.453885,68,5391.106874
101.352354,122,5391.347938
3.092626,76,5391.499007
2.1457,98,5391.690543
2.666916,95,5391.875177
3.017718,78,5403.235381
105.570094,67,5403.382667
5.227682,80,5403.548284
4.742262,73,5403.70149
0.437447,81,5403.872594
101.005303,71,5404.01941
2.882664,100,5404.228488
3.046603,84,5404.402961
101.086086,64,5404.536396
4.655162,84,5404.706911
102.479647,62,5404.836857
102.417241,76,5404.992208
101.203985,120,5405.228337
3.719863,60,5405.344405
102.267827,45,5405.434904
101.342671,76,5405.586605
2.805177,66,5405.71785
101.491682,107,5405.931738
4.325423,66,5406.067657
5.683305,65,5406.202127
4.361228,60,5406.331244
100.848988,64,5406.464185
4.770087,67,5406.603474
1.424472,89,5406.791983
3.208217,67,5406.933044
102.951105,64,5407.066232
3.360135,110,5407.29107
100.713748,54,5418.814368
5.606039,77,5418.970661
3.065617,66,5419.100455
101.689927,57,5419.215126
2.568405,69,5419.347143
101.023293,97,5419.541759
3.326539,65,5419.671249
2.597332,96,5419.878688
100.851694,69,5420.014333
1.983985,59,5420.149944
0.751607,92,5420.346637
3.93564,90,5420.530026
0.239281,89,5420.715139
2.768193,65,5420.845474
106.072268,71,5420.989775
101.349517,91,5421.176848
5.533302,87,5421.355602
3.684492,71,5421.503723
1.409922,150,5421.813403
4.732285,73,5421.962027
101.175136,141,5422.251326
101.420896,81,5422.42478
100.579973,32,5422.486741
3.101582,74,5422.648261
1.09017,73,5422.793121
3.725153,85,5434.371065
103.683838,63,5434.497592
101.513611,74,5434.645343
1.461149,79,5434.809192
105.582278,72,5434.965349
2.382487,72,5435.124295
100.763506,61,5435.249369
100.766963,72,5435.406511
3.514091,79,5435.572971
100.363742,69,5435.718471
4.507298,68,5435.85919
3.779146,66,5435.99352
3.987121,61,5436.121563
3.563931,79,5436.285952
100.499182,59,5436.411214
101.257516,79,5436.572772
3.76083,62,5436.703037
5.857321,72,5436.852614
2.818777,83,5437.031862
101.261043,88,5437.211632
1.554034,85,5437.390452
104.156336,58,5437.516068
105.955005,69,5437.661896
3.007591,63,5437.794079
1.435828,123,5438.043633
4.660069,61,5438.168042
103.778197,65,5438.307528
1.447634,70,5438.450856
2.164215,65,5438.586495
102.355962,71,5450.046072
0.543359,84,5450.214338
3.198951,95,5450.400413
-0.015504,1000,5452.478966
2.783084,93,5452.677575
101.870405,60,5452.803141
5.832342,64,5452.938864
2.893281,70,5453.087253
2.721649,111,5453.322693
4.382703,89,5453.519808
2.672715,66,5453.661385
104.848101,60,5453.788797
1.46827,89,5454.002017
1.329999,90,5454.193448
103.013019,54,5465.584302
102.304859,54,5465.690478
2.629136,83,5465.848032
1.706832,97,5466.050179
0.684005,103,5466.253421
100.779012,67,5466.381469
2.506024,77,5466.533186
101.168761,83,5466.694847
103.557757,77,5466.844573
3.827721,72,5466.988758
100.999529,46,5467.078215
4.287578,80,5467.233643
106.07067,67,5467.359813
1.232234,87,5467.532071
3.867301,70,5467.674516
101.24492,65,5467.809344
100.435928,68,5467.95122
-0.767169,245,5468.43582
1.832036,84,5468.619752
-0.769799,89,5468.808518
-0.657309,111,5469.024261
2.085401,86,5469.19401
4.595487,63,5469.321197
104.515513,62,5469.448588
4.869443,76,5480.818968
4.129825,89,5481.006091
3.46065,66,5481.145977
4.662708,75,5481.299272
4.387434,74,5481.451515
4.492052,66,5481.588496
-0.659336,339,5482.294454
1.634359,87,5482.470509
1.881239,63,5482.59583
101.255025,73,5482.737717
101.174471,114,5482.957335
3.095442,67,5483.086941
101.077454,94,5483.271409
1.410897,159,5483.583366
3.056731,79,5483.737797
100.79152,84,5483.905458
101.331586,99,5484.105646
3.19328,63,5484.229211
4.302075,65,5484.355479
100.925932,88,5484.529895
5.125092,65,5484.65866
1.519324,91,5484.835074
1.990973,91,5496.321755
101.319201,66,5496.455988
101.319591,70,5496.600759
100.577188,74,5496.773634
2.886032,65,5496.903232
5.067634,67,5497.034442
4.14321,66,5497.163787
1.241425,95,5497.353307
5.999054,68,5497.48617
100.453209,57,5497.596741
101.171756,57,5497.709677
105.773175,74,5497.856692
-2.426094,129,5498.10553
3.525204,80,5498.263725
101.45565,68,5498.397049
4.957901,67,5498.525251
1.84479,114,5498.748296
101.527758,45,5498.837339
3.162272,74,5498.991818
3.63669,72,5499.134572
102.583119,64,5499.260502
101.563678,63,5499.38713
2.585026,77,5499.543744
101.465067,75,5499.696831
102.633835,70,5499.836812
3.500388,61,5499.961877
3.998775,61,5500.082816
0.088406,92,5500.260419
1.48441,75,5511.741268
105.882265,79,5511.900213
3.481449,62,5512.020818
-0.562152,173,5512.372048
0.878629,88,5512.545723
102.235155,70,5512.685843
4.919457,77,5512.846182
0.256457,124,5513.092506
101.060217,87,5513.264339
4.200628,68,5513.414335
5.926322,63,5513.541318
-1.942688,215,5513.97094
4.805485,75,5514.119566
3.8237,100,5514.324203
1.357564,72,5514.470066
1.41441,460,5515.382923
4.751678,158,5515.69093
103.59536,72,5526.993269
2.002523,64,5527.121929
3.007716,81,5527.284048
1.164377,96,5527.487203
103.544315,51,5527.587641
4.619596,68,5527.723312
104.197386,73,5527.867412
101.244133,57,5527.985599
102.252677,54,5528.094265
100.719432,57,5528.208951
101.07255,55,5528.321092
3.998407,93,5528.507493
102.793755,61,5528.631404
101.354112,60,5528.750231
105.108862,73,5528.897157
2.642344,71,5529.037162
100.789012,69,5529.176693
4.078902,68,5529.314963
2.305201,68,5529.445207
0.248013,96,5529.642518
5.516213,82,5529.830723
102.394862,77,5529.980245
1.593566,187,5530.343622
104.235434,74,5530.490664
102.650758,68,5530.622942
101.690567,65,5530.751629
1.14195,93,5530.937161
2.390276,70,5542.248363
3.063448,63,5542.381263
3.872258,68,5542.522287
100.686898,88,5542.693016
3.491589,97,5542.882751
3.544668,62,5543.008095
101.12782,92,5543.185838
-0.9277,90,5543.365297
3.146643,65,5543.492129
5.628432,64,5543.618177
2.512369,73,5543.763873
102.703916,67,5543.911589
101.812383,78,5544.067369
0.46084,100,5544.267689
1.875446,64,5544.393718
101.411472,82,5544.559315
2.298034,71,5544.699476
101.960451,77,5544.850235
3.965288,93,5545.034092
4.774893,78,5545.190063
104.903349,73,5545.33415
101.640765,92,5545.519379
104.853707,61,5545.643648
3.956135,63,5545.764891
1.817823,64,5545.899974
3.774875,73,5546.04568
1.141062,73,5546.192113
102.020523,63,5557.512653
-0.87408,257,5558.035247
100.606436,80,5558.197453
1.141947,72,5558.338634
101.171406,34,5558.408332
0.211354,90,5558.590377
2.158937,72,5558.736407
103.380186,60,5558.852855
102.017604,64,5558.976959
3.216437,89,5559.152746
4.301287,64,5559.279678
2.091153,83,5559.442904
5.58583,63,5559.567779
101.111375,69,5559.714509
2.202769,85,5559.881795
2.296581,83,5560.048364
3.426333,68,5560.185741
3.951624,63,5560.313259
101.251928,81,5560.470273
4.845337,64,5560.595834
3.248247,69,5560.740774
2.684039,79,5560.897935
2.758041,72,5561.040714
101.11535,74,5561.188433
100.826141,58,5561.307325
1.289868,101,5561.507061
2.019082,61,5572.852207
5.573574,73,5573.001539
-2.867906,146,5573.295306
105.088129,60,5573.412576
5.095425,86,5573.581344
5.04649,204,5574.006714
103.138017,73,5574.152508
3.346874,68,5574.286868
102.107997,74,5574.4359
2.674074,75,5574.583973
1.723828,60,5574.703313
101.23223,62,5574.822853
4.989036,68,5574.953094
1.139982,92,5575.136339
4.925484,84,5575.305938
4.305958,61,5575.427037
2.444307,86,5575.597429
1.731284,66,5575.729412
0.594111,195,5576.118053
101.188551,75,5576.270438
4.433381,63,5576.396873
3.93796,73,5576.538392
5.18591,66,5576.67324
2.985583,62,5576.795877
2.629894,61,5576.914737
103.540874,59,5588.220581
3.149525,73,5588.378434
103.603345,69,5588.51377
3.247604,63,5588.640524
3.543485,73,5588.784295
106.216434,73,5588.932549
2.45744,77,5589.080588
-1.873378,222,5589.51893
2.783095,97,5589.710842
0.791821,66,5589.839949
4.072545,77,5589.995748
2.419947,83,5590.158207
3.628257,66,5590.297262
0.762274,67,5590.429584
3.149694,70,5590.565506
1.738122,72,5590.710442
1.370204,92,5590.888439
105.860463,71,5591.029277
2.070355,71,5591.169936
2.922843,73,5591.31894
101.160723,40,5591.398571
101.590356,84,5591.563974
101.510065,78,5591.719376
4.360304,72,5591.86372
3.695389,78,5592.020064
3.497692,74,5592.17137
3.779841,65,5603.524295
101.47994,168,5603.856927
3.488711,78,5604.013947
1.015202,105,5604.225683
-1.965927,504,5605.256141
2.539451,73,5605.402329
4.706051,80,5605.558393
102.94755,50,5605.657123
1.387525,70,5605.797094
6.126542,76,5605.950137
104.56293,58,5606.070169
101.439033,85,5606.240697
5.291601,72,5606.377338
3.013389,94,5606.567038
102.324256,42,5606.653137
1.303805,68,5606.786581
2.736843,73,5606.928065
3.747672,73,5607.074271
104.990696,65,5607.20208
104.73928,71,5607.345227
101.990546,69,5607.48418
2.705489,67,5618.844893
-0.234069,157,5619.16936
-0.064716,83,5619.331568
1.184335,106,5619.545783
100.688052,70,5619.68332
1.798767,77,5619.840489
1.170051,81,5620.000371
-0.163237,119,5620.241466
3.752057,62,5620.364845
101.141374,73,5620.507944
2.282311,68,5620.645376
1.398358,85,5620.815998
102.239603,44,5620.903697
4.146317,66,5621.033685
1.886046,76,5621.190244
1.937054,73,5621.336415
2.735254,67,5621.477777
2.651053,68,5621.614147
-0.354696,145,5621.903475
3.666641,75,5622.055046
3.192556,73,5622.200286
2.690332,72,5622.341698
3.673353,63,5622.467726
102.195452,82,5622.645223
4.164568,94,5622.826626
4.458859,102,5634.213415
101.022884,80,5634.36939
1.476421,73,5634.509545
1.530009,67,5634.643567
4.374302,69,5634.794566
5.376811,63,5634.920125
102.847504,65,5635.046816
2.67339,67,5635.183916
-0.284857,182,5635.548468
1.065445,92,5635.73161
2.205304,67,5635.865858
100.729082,65,5635.992913
2.615532,83,5636.156787
0.402909,155,5636.472174
102.32873,72,5636.613412
101.064423,77,5636.765324
1.186204,96,5636.954493
101.381812,74,5637.099525
2.753369,61,5637.226687
4.622109,103,5637.432775
3.949163,76,5637.580329
102.151185,59,5637.696
4.829548,63,5637.819587
1.909393,96,5638.007599
2.49003,70,5649.380157
3.952123,66,5649.512658
4.717167,68,5649.661904
3.276626,75,5649.810142
3.618161,81,5649.970829
103.755252,70,5650.11194
105.230389,61,5650.232312
1.564521,94,5650.417604
1.833805,75,5650.565978
102.325471,73,5650.709661
2.846962,61,5650.832424
102.099944,83,5650.997778
4.356914,81,5651.153954
1.691318,90,5651.330934
2.492124,62,5651.453029
2.011421,100,5651.653571
0.998477,97,5651.842401
3.221628,72,5651.987424
5.640732,80,5652.145963
5.918377,69,5652.2852
4.96616,99,5652.478227
1.390744,81,5652.640078
0.810253,100,5652.837216
4.032816,65,5652.964323
3.441151,67,5653.105794
100.786314,87,5653.274199
3.571187,67,5653.406777
2.841779,63,5664.747447
5.429219,70,5664.885983
3.477225,67,5665.017586
102.255433,70,5665.157567
102.128607,57,5665.270742
101.831102,41,5665.351795
101.363586,47,5665.449068
2.588539,68,5665.577078
2.82366,61,5665.700208
102.55403,61,5665.824421
101.363176,82,5666.004547
101.106716,85,5666.175113
2.60459,126,5666.424907
100.68082,80,5666.585714
2.186515,101,5666.786942
3.858472,66,5666.921792
4.76359,113,5667.143494
-0.661989,98,5667.335908
103.762315,69,5667.475645
3.27886,69,5667.61406
101.973236,101,5667.807012
1.370519,72,5667.948364
2.230322,77,5668.100308
4.733539,73,5668.244002
2.724318,67,5668.377301
101.111629,74,5668.52892
101.182177,90,5668.709075
5.610065,81,5680.108437
3.158283,68,5680.245026
102.24166,77,5680.396442
101.402128,75,5680.542866
1.989715,100,5680.74664
104.118616,60,5680.870976
104.076865,55,5680.982263
3.614007,63,5681.105998
2.736936,66,5681.238636
3.898066,65,5681.367233
0.442897,148,5681.666326
4.249939,64,5681.79261
3.046073,193,5682.176862
4.112234,66,5682.305663
1.220964,64,5682.430703
105.27399,72,5682.57634
100.768178,393,5683.357848
4.657229,66,5683.489988
0.256428,91,5683.672322
100.829603,80,5683.829367
3.227838,62,5683.950416
3.953323,74,5695.328357
4.361151,79,5695.48702
101.836003,83,5695.649025
-0.86962,58,5695.763157
1.385024,93,5695.950848
1.277407,69,5696.089731
1.241631,90,5696.273179
4.737541,70,5696.424625
1.455375,87,5696.596894
3.838342,66,5696.730905
5.389254,76,5696.884337
2.041213,81,5697.050698
1.751909,84,5697.214374
1.300298,146,5697.504641
2.565992,85,5697.670833
5.082242,76,5697.823513
2.115689,72,5697.96555
-0.46615,93,5698.147222
101.506911,90,5698.328107
103.779692,53,5698.44025
5.595551,64,5698.567642
100.916438,35,5698.638062
3.084787,87,5698.809548
0.920016,98,5699.00431
103.934009,73,5699.147931
3.823105,64,5699.279858
3.472833,82,5710.691572
5.368497,70,5710.846775
0.691869,103,5711.051012
104.394712,72,5711.197505
101.853775,79,5711.35845
100.976141,102,5711.560236
100.986323,77,5711.725182
101.851243,72,5711.868689
2.75863,76,5712.017408
102.339565,67,5712.151133
101.672096,66,5712.285803
1.935624,98,5712.487333
4.310574,104,5712.695462
0.026105,112,5712.92429
1.16464,80,5713.086715
3.331767,65,5713.223784
100.555535,58,5713.34539
3.530314,75,5713.503697
2.535223,68,5713.646948
101.837931,67,5713.797135
101.526538,64,5713.923848
101.123286,80,5714.088224
100.744444,57,5714.202325
-0.102599,188,5714.581881
2.023855,62,5714.705109
1.09759,72,5726.041831
3.188055,122,5726.279024
100.73022,56,5726.395016
100.487818,54,5726.5032
-0.018109,109,5726.726759
1.028056,78,5726.881539
2.157983,79,5727.043792
3.010651,89,5727.239697
103.776975,74,5727.388517
103.762236,64,5727.5174
2.284462,100,5727.717627
4.627532,62,5727.84232
5.10413,92,5728.025558
100.658809,91,5728.206018
3.089163,201,5728.600562
102.383949,83,5728.769458
100.791892,57,5728.884746
102.365347,54,5728.991924
103.637113,72,5729.133317
101.779194,73,5729.284198
101.03714,104,5729.500117
3.763309,102,5729.711979
101.305183,90,5729.89634
101.338827,75,5730.053607
3.129012,71,5741.454487
4.684949,67,5741.606087
4.661143,76,5741.76061
5.890843,74,5741.90474
4.921039,72,5742.055301
104.502809,67,5742.189149
0.716542,73,5742.33395
2.995398,73,5742.487041
1.82746,68,5742.622481
103.226518,78,5742.780651
102.72793,73,5742.9258
1.001892,73,5743.072777
0.071761,104,5743.279888
100.975303,73,5743.423865
100.896974,91,5743.602051
2.710381,84,5743.766076
3.198484,77,5743.923292
1.823105,77,5744.080446
104.930652,64,5744.205659
2.233993,61,5744.330303
5.197442,64,5744.456153
3.900312,91,5744.634858
101.088971,66,5744.763853
103.320577,68,5744.902813
100.519633,81,5745.064323
2.891587,63,5745.191971
5.125424,73,5745.33749
4.673131,65,5745.466655
4.806091,103,5756.871476
0.453725,1000,5758.847655
0.805246,103,5759.048464
5.289736,66,5759.179758
100.775447,68,5759.314247
102.168177,131,5759.571397
102.054516,70,5759.709199
101.381762,74,5759.853386
101.323201,85,5760.019261
101.065445,81,5760.178314
4.152909,81,5760.333315
4.370385,71,5760.480808
4.559577,100,5760.679133
1.030316,100,5772.154754
101.035181,79,5772.318326
4.294364,74,5772.469681
3.474809,68,5772.611906
4.384918,102,5772.818047
2.143741,70,5772.955617
102.706396,70,5773.095975
100.273122,118,5773.325808
4.338768,93,5773.519067
2.545015,76,5773.673649
4.76042,75,5773.826037
1.539886,93,5774.021823
4.236045,72,5774.17437
3.329157,93,5774.367293
3.457873,69,5774.513109
5.827206,67,5774.651706
2.5483,83,5774.818645
0.729237,165,5775.152762
5.054334,62,5775.277674
3.76506,74,5775.422567
102.153612,59,5775.541816
5.211276,69,5775.679994
1.348057,69,5775.824756
1.137425,90,5776.010667
2.10384,69,5776.155753
103.885698,71,5787.550723
1.099129,73,5787.701025
3.123142,116,5787.944181
2.551215,76,5788.097715
100.960425,73,5788.245709
3.987769,66,5788.400021
1.689775,70,5788.545996
0.828339,112,5788.773159
1.384662,90,5788.947537
1.85817,69,5789.091651
3.722741,64,5789.229151
101.916413,72,5789.378801
4.934664,72,5789.529114
1.173707,66,5789.665494
1.577906,85,5789.84207
1.612797,70,5789.988482
3.448295,67,5790.125577
104.807972,71,5790.270424
100.962079,93,5790.451884
4.100765,117,5790.680728
3.024357,69,5790.816851
5.43877,63,5790.93947
4.519668,73,5791.084703
0.867164,108,5791.299909
103.218017,59,5791.417896
101.29457,44,5791.507237
1.155698,70,5791.645419
2.877395,63,5802.966475
0.905305,100,5803.176107
4.489538,67,5803.307191
3.36674,81,5803.46759
100.733343,81,5803.630579
1.891404,71,5803.776099
2.868404,75,5803.930067
6.127233,73,5804.079576
104.47462,69,5804.21345
100.885079,70,5804.351401
0.534711,94,5804.546045
2.32732,81,5804.730357
1.301557,87,5804.907712
3.834378,66,5805.035584
4.417708,63,5805.161178
-0.502167,187,5805.532972
2.399582,74,5805.681655
3.58919,103,5805.888051
2.23466,72,5806.031048
3.810647,61,5806.15295
3.609524,75,5806.305126
5.374976,66,5806.438217
5.444934,66,5806.570144
3.584985,69,5806.710078
102.060902,66,5806.841772
104.94959,73,5806.984362
2.262177,69,5818.582376
4.152877,64,5818.712462
3.031211,74,5818.867466
104.736879,57,5818.989321
105.504319,66,5819.117202
2.996101,66,5819.248169
100.413887,69,5819.390201
5.470914,63,5819.52213
3.600125,88,5819.697257
4.936307,73,5819.844008
101.245266,60,5819.962317
4.741816,67,5820.095016
4.942177,77,5820.247665
2.285188,81,5820.411605
102.372909,47,5820.507902
2.99355,83,5820.668373
3.534232,63,5820.792756
4.763625,64,5820.916414
102.238792,128,5821.182507
103.653087,70,5821.321475
103.006518,50,5821.417656
3.293755,69,5821.553839
3.373719,72,5821.699683
2.582255,90,5821.879014
-0.451782,123,5822.124633
1.383407,101,5822.328122
4.172125,120,5833.762737
102.138636,54,5833.876135
1.997658,62,5833.99775
1.425371,72,5834.138782
2.70271,92,5834.319522
-2.064838,147,5834.612303
2.060329,69,5834.751074
2.219151,64,5834.892283
3.871789,69,5835.035234
0.053927,123,5835.283125
2.743122,70,5835.427994
1.151731,72,5835.57487
4.385337,85,5835.743675
4.82583,63,5835.868426
101.640145,54,5835.975235
104.158214,71,5836.115592
100.696485,85,5836.285861
2.014253,64,5836.415313
1.45945,125,5836.664095
4.86186,69,5836.800172
2.213884,81,5836.962658
1.073579,85,5837.134009
102.892034,49,5837.231514
0.802626,99,5837.437806
2.1632,81,5837.596459
4.123908,62,5837.717292
3.265174,80,5837.876687
1.247165,98,5849.365074
0.665307,118,5849.613953
3.105555,78,5849.766685
4.047954,72,5849.909286
1.896219,94,5850.093911
4.642376,70,5850.241096
1.400362,157,5850.556445
1.577374,86,5850.729253
5.477413,67,5850.863999
2.97163,83,5851.030699
105.823107,65,5851.161599
3.309492,61,5851.278993
3.69354,62,5851.40342
1.600901,79,5851.560215
101.08727,49,5851.65929
3.596401,68,5851.790427
2.367512,98,5851.982704
4.031943,74,5852.129687
101.51468,65,5852.25592
101.222752,79,5852.411433
3.498238,67,5852.547183
3.343362,67,5852.681291
105.484672,64,5852.807506
3.254603,68,5852.938973
4.804485,71,5853.076994
1.774772,73,5853.226241
102.406475,67,5864.591533
2.311533,69,5864.724348
3.581347,69,5864.863212
101.745489,76,5865.013548
1.386468,95,5865.203262
100.939124,65,5865.334073
105.587638,72,5865.476723
102.014149,85,5865.652619
3.395182,63,5865.772513
101.216156,69,5865.913307
4.584536,69,5866.062359
101.622774,128,5866.315999
104.88225,58,5866.430364
0.734236,95,5866.61936
3.975807,62,5866.746526
2.522698,114,5866.972374
5.094993,66,5867.102867
5.546283,70,5867.239657
102.614768,71,5867.379277
100.251448,214,5867.795929
101.111815,113,5868.016723
102.763927,64,5868.141904
3.510847,98,5868.338726
1.655058,104,5868.539507
2.004017,99,5879.992321
4.965985,69,5880.129848
-0.798973,129,5880.382881
3.551879,70,5880.525986
3.232169,66,5880.660094
4.58228,117,5880.899525
100.974077,70,5881.039139
4.958357,66,5881.170255
4.818784,81,5881.333754
2.354301,68,5881.471776
1.99083,69,5881.6119
2.609377,68,5881.749362
1.216258,103,5881.95435
5.20552,80,5882.11416
103.756205,67,5882.247458
3.480053,64,5882.375014
4.323185,140,5882.658429
104.949183,74,5882.808562
100.164232,65,5882.938135
0.189191,461,5883.865366
3.951894,96,5895.282534
105.022364,68,5895.417812
4.171234,67,5895.549051
4.831697,69,5895.687728
3.925795,96,5895.881183
1.545777,86,5896.06589
102.082266,68,5896.205551
2.591451,69,5896.344474
2.889525,68,5896.478093
1.483605,69,5896.612806
3.615412,66,5896.745031
3.386448,65,5896.877189
101.356534,70,5897.018115
1.211281,90,5897.199325
101.317556,88,5897.372459
102.025771,56,5897.484575
4.350268,63,5897.611147
3.207434,179,5897.971278
5.321388,88,5898.145733
4.93059,63,5898.271321
101.155756,86,5898.442245
2.045027,64,5898.571076
101.775082,118,5898.801995
101.458478,72,5898.942613
1.235169,90,5899.121425
103.869252,58,5899.240162
100.540504,86,5910.611523
2.597478,71,5910.7514
2.173124,95,5910.952155
1.394687,92,5911.134211
1.290388,62,5911.255868
102.197904,61,5911.378409
1.683255,69,5911.520238
2.569574,69,5911.666187
102.348654,80,5911.824172
1.055113,87,5911.996271
4.953289,64,5912.123187
103.009625,71,5912.262036
101.780339,74,5912.421761
1.382018,85,5912.590951
101.734503,65,5912.717296
2.849235,68,5912.850744
3.156717,63,5912.97467
4.015823,67,5913.111116
4.535171,69,5913.258657
0.307855,89,5913.437763
-0.423114,81,5913.607004
101.007467,60,5913.725588
3.292953,71,5913.864224
3.620094,66,5913.995487
3.992149,67,5914.14093
5.847016,78,5914.296984
4.278799,144,5925.755372
5.412587,85,5925.927729
2.334571,61,5926.045873
1.664557,75,5926.195405
101.790336,70,5926.331178
4.129872,66,5926.474776
104.754477,66,5926.605473
3.080622,68,5926.741241
2.580982,65,5926.870026
101.540376,91,5927.052015
3.83547,67,5927.184249
1.596961,60,5927.301585
5.065744,63,5927.430656
103.489805,58,5927.546536
102.560907,64,5927.677387
4.532237,96,5927.865555
3.549095,73,5928.024995
0.261585,72,5928.170939
2.393021,60,5928.291176
2.992403,69,5928.428634
0.691965,104,5928.634521
2.135365,95,5928.827526
101.001949,82,5928.990917
1.681335,87,5929.166811
4.253707,65,5929.295345
102.257423,64,5929.425048
0.264469,118,5929.670624
5.761045,71,5929.813511
0.606396,85,5941.156524
1.316453,66,5941.287099
2.372556,70,5941.425949
5.240622,62,5941.549965
4.517079,71,5941.709323
2.443624,62,5941.830639
2.022267,66,5941.962134
102.364605,70,5942.098383
-0.501548,88,5942.273495
0.518186,99,5942.467971
0.942872,92,5942.648805
1.005961,69,5942.788426
2.171148,69,5942.925474
0.859694,87,5943.098341
-2.443038,123,5943.342917
3.27873,69,5943.482378
103.967064,67,5943.612883
2.80582,62,5943.736245
0.628998,94,5943.925102
1.341585,96,5944.120795
3.462368,66,5944.252342
4.614895,80,5944.412006
3.166889,94,5944.597361
1.592259,100,5944.794489
2.552366,64,5944.922428
101.348232,126,5956.417131
3.435604,81,5956.585612
2.606555,61,5956.714276
0.699441,66,5956.847674
4.857841,61,5956.968184
104.577063,58,5957.084307
4.461125,70,5957.223299
1.057627,98,5957.418562
101.013241,83,5957.599647
101.232866,86,5957.777307
2.966954,78,5957.940313
2.602554,84,5958.116849
4.608305,73,5958.268892
3.037903,118,5958.515749
106.09528,69,5958.654122
2.785594,62,5958.785577
1.037547,89,5958.962888
3.953368,93,5959.152013
4.471418,65,5959.276529
-1.101257,129,5959.533664
4.597835,66,5959.661661
-0.542822,146,5959.947501
-0.679359,56,5960.05822
1.145149,83,5960.222096
100.818226,29,5960.281183
3.57031,72,5960.422403
2.080008,85,5971.818436
0.964086,1000,5973.838912
3.753021,68,5973.978514
4.51151,67,5974.112595
5.375962,68,5974.246738
101.29424,93,5974.429285
1.376461,63,5974.557512
2.955462,74,5974.709481
1.665334,60,5974.829063
100.557824,71,5974.970687
102.545453,55,5975.082694
1.095818,63,5975.212528
2.097696,69,5975.353285
5.434956,82,5975.517066
102.557169,56,5975.633713
4.637292,67,5975.765404
105.106359,68,5987.076392
100.762746,247,5987.582137
1.51619,77,5987.734333
103.708673,62,5987.859016
2.088676,66,5987.991428
0.875521,78,5988.152656
101.231665,108,5988.362402
101.430955,106,5988.578297
3.23905,87,5988.755466
2.498811,63,5988.881253
3.037116,94,5989.066573
102.991862,61,5989.189229
-0.769972,92,5989.372647
101.483566,66,5989.50324
3.984358,82,5989.667398
105.240475,61,5989.797362
101.472516,66,5989.928177
4.841354,64,5990.054821
101.303858,68,5990.19763
105.02385,65,5990.322852
5.48101,64,5990.449968
100.72034,75,5990.596272
4.889814,94,5990.794398
1.830205,80,5990.950604
101.429975,93,5991.13051
1.466019,118,6002.581149
101.434831,117,6002.81118
1.53884,84,6002.977781
0.863967,67,6003.112876
1.341889,82,6003.273316
102.355699,61,6003.41538
101.84745,78,6003.576968
100.907933,81,6003.735404
4.171457,77,6003.88735
4.224064,65,6004.009588
4.2137,70,6004.147188
-2.224321,135,6004.412274
3.025616,65,6004.541493
4.431993,64,6004.668409
3.069195,81,6004.828962
5.262842,63,6004.954619
102.072172,73,6005.097681
2.521813,100,6005.293696
-0.336995,91,6005.475437
4.348875,62,6005.597405
4.362896,68,6005.736095
3.390561,68,6005.873457
105.788894,64,6006.000779
5.500138,64,6006.126683
5.030774,64,6006.252975
2.276591,75,6006.402251
100.982586,67,6017.830828
2.081561,85,6018.009449
1.542494,72,6018.152071
1.962595,108,6018.36442
100.980467,85,6018.53849
3.677749,76,6018.685082
-0.112461,188,6019.064149
3.237582,63,6019.191128
101.347441,61,6019.311724
103.664029,60,6019.431593
100.798831,63,6019.552785
4.531762,72,6019.696477
102.893797,75,6019.844843
100.599684,57,6019.963085
3.69231,66,6020.098851
105.478905,66,6020.231133
2.622328,62,6020.352982
2.291448,123,6020.589785
5.051884,63,6020.711421
2.571231,69,6020.848043
3.722239,69,6020.989127
101.242314,62,6021.114036
-0.17624,1000,6034.319691
1.239083,364,6035.045562
4.204317,63,6035.166047
3.610278,62,6035.288696
1.997638,65,6035.416216
2.612472,96,6035.601532
0.503011,1000,6048.830136
102.036848,96,6049.014178
0.492061,77,6049.163717
102.845661,67,6049.294777
3.130819,65,6049.441183
103.350217,63,6049.564632
103.012925,51,6049.660675
0.665316,106,6049.867369
3.437147,101,6050.066512
3.579164,83,6050.229552
101.104062,108,6050.436943
4.905335,73,6050.577789
105.540688,79,6050.744588
102.638595,57,6050.861257
-2.008554,226,6051.334373
3.773326,64,6051.467403
4.129278,61,6051.595885
3.538661,107,6051.816023
2.372169,61,6051.944621
1.617088,1000,6065.407108
-0.90861,90,6065.593379
-1.150662,311,6066.246032
101.034336,61,6066.376644
2.229766,175,6066.733282
1.586251,115,6066.971539
2.401354,82,6067.140026
1.937492,86,6067.315122
4.172119,65,6067.444693
4.286519,73,6067.597379
4.450438,62,6067.724607
101.333334,73,6067.873981
3.497852,67,6068.014987
-0.78059,185,6079.965413
2.870873,60,6080.089998
3.768865,65,6080.22291
2.005599,63,6080.357027
3.960532,74,6080.513515
102.012401,72,6080.662893
5.805626,62,6080.794503
3.438307,73,6080.947227
3.546867,61,6081.073124
5.255525,93,6081.276765
102.568988,48,6081.377188
0.98823,78,6081.539469
101.779239,91,6081.730438
104.85747,72,6081.879929
104.239423,57,6081.997843
2.293252,69,6082.138309
100.456618,51,6082.240206
5.209123,64,6082.370615
4.791494,133,6082.652096
101.695358,70,6082.79601
1.341959,94,6082.988853
1.437439,73,6083.141694
4.397766,65,6083.27889
-0.628723,106,6083.491506
100.542592,78,6083.650161
2.124294,80,6083.81494
4.289999,63,6083.957767
2.211144,64,6095.263845
1.286308,96,6095.459246
102.46743,61,6095.586726
100.543999,77,6095.74282
104.525388,64,6095.875822
1.060927,72,6096.024145
5.328748,66,6096.162892
3.742831,62,6096.302697
105.236087,77,6096.463473
4.508735,64,6096.596125
1.627613,66,6096.73708
-0.126748,95,6096.945425
2.660055,79,6097.10943
102.996499,72,6097.265552
100.795063,392,6098.056526
-0.767371,239,6098.535339
101.834026,75,6098.6829
1.958658,97,6098.885725
3.09009,66,6099.017693
2.542949,74,6099.164044
100.356847,71,6099.307438
5.160342,73,6110.656899
105.756961,63,6110.798634
1.114179,92,6110.990001
4.44702,69,6111.130888
1.313779,101,6111.345387
100.521512,94,6111.542428
5.198425,88,6111.734258
1.613939,62,6111.867445
3.78411,62,6111.993456
0.530656,78,6112.14959
4.564453,62,6112.273365
102.965215,69,6112.409429
4.614887,77,6112.5626
2.328202,94,6112.749428
101.635936,77,6112.901536
102.949541,51,6113.006484
3.552647,65,6113.135485
0.418787,100,6113.338388
105.789445,72,6113.485091
-1.836782,277,6114.03673
100.191865,57,6114.150904
0.677743,96,6114.34939
100.841073,92,6114.532695
0.493826,203,6126.161608
4.93183,63,6126.284771
2.66145,91,6126.469689
2.749025,68,6126.608026
1.775239,66,6126.738499
101.18734,83,6126.918204
2.357873,66,6127.053888
0.996071,65,6127.184545
5.454132,69,6127.32256
100.599319,43,6127.410151
1.12887,114,6127.636645
102.388254,69,6127.769896
101.530943,61,6127.890728
101.132878,78,6128.045622
3.105367,65,6128.181684
2.492299,73,6128.328598
1.243886,81,6128.490089
-0.327367,71,6128.631111
3.385121,81,6128.792824
0.79549,98,6128.990443
102.013276,70,6129.129338
2.039166,65,6129.256889
101.054845,56,6129.370188
102.786129,57,6129.482464
2.496713,73,6129.629011
-0.719951,100,6129.827429
4.267979,75,6129.978254
100.493279,60,6141.295918
3.466303,68,6141.430112
105.867259,71,6141.568181
103.978607,72,6141.729026
-0.618886,89,6141.903958
3.13688,77,6142.060338
4.486872,64,6142.182548
101.020889,113,6142.405729
4.487978,75,6142.555697
2.708412,67,6142.685328
104.261775,57,6142.798897
4.644917,123,6143.040013
3.622693,69,6143.179459
1.786834,76,6143.333518
4.716583,66,6143.461151
-2.565174,142,6143.736815
3.448777,82,6143.902872
2.794766,68,6144.035668
101.214911,36,6144.110671
3.695694,81,6144.282942
3.264936,70,6144.422319
1.303949,74,6144.565702
100.903023,67,6144.698254
100.70299,76,6144.851145
100.535075,64,6144.980643
1.531194,65,6145.106719
100.693144,29,6145.1624
3.491553,71,6145.30408
3.422379,69,6156.715121
2.928785,103,6156.929804
1.331917,94,6157.115492
4.120328,109,6157.330972
101.065497,43,6157.412799
1.454547,65,6157.544199
0.942779,84,6157.709582
4.452939,72,6157.852999
5.803793,69,6157.98695
102.324059,65,6158.111408
100.838131,76,6158.264077
103.37806,58,6158.381167
0.154598,96,6158.57194
1.827505,69,6158.705544
-1.636275,291,6159.284052
3.467121,73,6159.427047
101.381286,64,6159.554405
2.985496,92,6159.73755
1.999137,81,6159.897916
-0.643859,98,6160.093555
0.297651,110,6160.3187
100.140425,61,6160.441144
103.292362,61,6160.560384
4.12181,83,6171.97769
2.96924,82,6172.141371
103.501171,73,6172.28606
2.397123,80,6172.444181
5.242873,65,6172.579602
103.027622,52,6172.68835
4.596583,63,6172.811465
0.496648,92,6173.00641
4.326572,68,6173.140404
2.594659,63,6173.272839
1.532534,75,6173.429081
101.325932,68,6173.568436
1.440899,72,6173.712596
105.971579,73,6173.856783
1.843183,78,6174.010266
102.442799,80,6174.167935
1.350854,70,6174.308201
103.464532,75,6174.455502
4.238297,63,6174.584697
5.613701,64,6174.709046
-1.814234,105,6174.918856
3.122797,73,6175.065605
3.765474,73,6175.21043
4.387165,69,6175.346226
1.93941,59,6175.46117
3.996467,74,6175.606087
2.644763,98,6175.802179
5.335217,62,6175.924616
100.784656,58,6176.04445
4.38983,86,6187.410942
101.016436,82,6187.567244
2.911348,71,6187.70719
101.504452,59,6187.850435
1.495613,69,6187.986439
5.122457,68,6188.118953
101.780009,59,6188.235565
2.070345,69,6188.38541
101.378633,86,6188.552158
-0.003354,114,6188.777793
1.455964,97,6188.971453
3.478794,79,6189.12773
1.321407,107,6189.341182
100.687336,87,6189.512723
2.889993,93,6189.700877
1.669599,66,6189.828566
2.442046,80,6189.987896
2.728641,90,6190.16669
4.300573,64,6190.29361
101.990621,77,6190.448978
4.083506,65,6190.580624
2.823231,87,6190.750129
4.068388,75,6190.897964
3.927038,70,6191.037944
102.506904,76,6191.196476
103.892656,55,6191.322802
3.481204,66,6202.651649
4.650496,72,6202.795043
101.829321,43,6202.878188
101.201169,117,6203.114145
103.874917,76,6203.2834
4.224597,68,6203.418694
1.205664,73,6203.561688
2.053175,92,6203.747401
3.033334,65,6203.875154
5.129014,68,6204.008318
5.975104,77,6204.162371
4.985739,68,6204.297016
3.576526,99,6204.491081
3.066883,61,6204.612377
3.858535,71,6204.763321
100.877018,100,6204.960639
2.208448,61,6205.080477
1.209855,74,6205.229625
3.729879,95,6205.411785
4.838624,65,6205.539485
102.13916,70,6205.677208
3.57325,86,6205.849595
4.503992,70,6205.98881
4.975487,76,6206.137203
101.601623,60,6206.257101
0.580581,95,6206.442559
103.572417,69,6206.580901
2.8698,78,6217.939787
-2.288969,141,6218.232088
101.179656,76,6218.382654
1.89163,73,6218.533165
1.458447,78,6218.684295
3.21696,67,6218.817605
4.672094,77,6218.972703
2.583101,78,6219.134037
0.920775,96,6219.327671
102.63196,62,6219.4491
3.739568,72,6219.594871
0.883443,73,6219.740756
102.22015,54,6219.847409
102.528953,76,6219.999545
101.395358,69,6220.13767
0.730274,90,6220.314483
103.398389,75,6220.463608
102.953734,49,6220.566556
2.461372,72,6220.707778
4.437768,73,6220.849334
-0.08995,178,6221.213187
101.361787,89,6221.39242
3.761948,73,6221.537316
1.417346,176,6221.886369
102.431029,44,6233.217405
102.836765,68,6233.35561
1.407168,79,6233.513339
4.282544,120,6233.76524
102.672744,67,6233.904024
3.94866,62,6234.028575
2.318413,123,6234.291632
0.28027,76,6234.453283
4.635411,75,6234.611053
3.738219,68,6234.750517
-0.938359,110,6234.970393
105.804574,62,6235.094021
3.886926,95,6235.284981
105.150267,67,6235.422204
1.480761,76,6235.579035
3.702542,206,6236.011186
102.65262,62,6236.138711
5.727004,62,6236.264518
102.914558,65,6236.40352
101.94235,80,6236.566414
4.814073,65,6236.699891
102.14266,66,6236.829891
2.637414,73,6236.973851
4.28014,117,6237.206288
101.136825,69,6237.341399
103.934869,54,6248.669128
101.676306,90,6248.847201
102.966172,71,6248.989916
0.440868,78,6249.158094
105.954755,69,6249.293492
5.740297,64,6249.42176
2.583746,76,6249.569385
101.864252,99,6249.760507
103.874898,64,6249.887544
102.573823,71,6250.03002
4.21554,64,6250.160725
-0.072526,124,6250.428219
4.246648,70,6250.573908
5.557991,67,6250.705831
1.621872,65,6250.836307
102.808671,61,6250.95743
3.944142,67,6251.097229
4.86929,62,6251.223862
1.300884,83,6251.400129
3.215492,99,6251.604889
3.269201,72,6251.754863
4.420365,70,6251.898898
2.324244,73,6252.055923
1.121764,101,6252.264627
1.384838,72,6252.410824
102.287285,55,6252.527848
100.811707,43,6252.616848
3.233189,87,6252.794671
3.514836,95,6264.265313
0.786901,90,6264.455566
101.214772,87,6264.635685
1.42149,90,6264.82273
1.8526,72,6264.972052
2.372185,70,6265.119053
101.075918,32,6265.182126
101.296695,74,6265.334949
4.003397,66,6265.469548
3.671095,93,6265.667027
1.376989,65,6265.801416
102.366533,65,6265.932039
2.017654,103,6266.133851
101.820124,59,6266.250975
103.818746,68,6266.382494
0.856145,76,6266.540392
1.264048,91,6266.719761
-1.66325,104,6266.925748
0.088396,125,6267.180038
101.283575,51,6267.28067
102.396204,73,6267.426429
102.514162,72,6267.57078
101.256315,66,6267.698118
3.34471,79,6267.856532
3.296746,74,6268.004716
4.108223,64,6268.132561
