#{"t_start": 1759995047.2039971, "env_id": "CustomLunarLander-v0"}
r,l,t
-0.390089,108,0.78726
1.884657,87,0.945405
0.41969,120,1.174213
0.645452,107,1.374709
1.349767,88,1.536072
0.192741,113,1.761441
-3.030639,91,1.942464
-1.560225,106,2.147795
-0.650677,108,2.354676
-2.051785,103,2.547397
-0.164732,104,2.758554
-2.41272,111,2.979616
0.266124,93,3.160474
-1.836212,111,3.378013
-1.459304,105,3.584062
0.73798,95,3.79316
1.507195,117,4.020491
-1.449888,98,4.208653
-1.920501,106,4.412722
0.185332,116,15.701338
0.461928,128,15.956771
2.601467,120,16.198848
-1.803658,112,16.415654
-0.838531,90,16.589619
-0.60199,106,16.797335
1.478552,103,16.995788
-0.580276,95,17.179216
1.871979,82,17.337443
0.534697,116,17.558297
0.379155,93,17.740822
-0.170529,101,17.934344
-1.429821,112,18.146238
0.295111,128,18.393106
0.522347,94,18.574007
-0.398137,115,18.794526
2.92399,95,18.976304
0.723861,105,19.183147
-0.819745,138,19.458926
-0.724709,108,30.6491
-0.313103,98,30.844435
1.460405,87,31.013473
2.777154,83,31.180056
2.897383,77,31.33563
2.920057,103,31.545923
1.378542,96,31.738339
2.340748,102,31.961052
1.6429,82,32.126198
0.506098,135,32.398293
1.321092,94,32.588127
3.038536,111,32.81469
1.877353,88,32.992942
0.472153,104,33.20432
-0.114528,78,33.361127
2.212465,100,33.559715
3.500111,90,33.740579
0.873145,86,33.918758
-1.486606,113,34.13356
0.041713,108,34.336773
2.637798,86,34.502103
1.952158,87,34.668894
0.663984,87,45.906412
3.366784,93,46.103906
-0.450432,84,46.272167
2.550884,80,46.433552
-0.267187,108,46.652643
1.082839,80,46.814195
2.181607,76,46.956573
2.053558,93,47.1338
1.320053,85,47.295365
2.871049,96,47.479603
3.576871,86,47.645931
1.471766,82,47.802689
-0.38332,99,47.991772
2.803464,104,48.188199
1.759963,85,48.352447
1.884738,100,48.544309
0.318875,90,48.712231
2.695796,79,48.866621
2.45889,98,49.057449
-0.80959,115,49.279562
-0.733111,90,49.44869
3.337993,90,49.619612
1.27007,78,60.763616
1.561831,84,60.934015
0.346107,86,61.100248
3.244173,85,61.26916
1.690238,77,61.419416
0.5351,93,61.601226
0.40607,77,61.753362
0.613974,88,61.9396
1.30247,90,62.113465
4.217984,81,62.272096
0.520137,110,62.48852
4.041553,86,62.658839
4.478586,84,62.822261
3.878516,78,62.975534
3.229254,79,63.131063
1.174861,75,63.274865
2.562072,75,63.426561
4.071363,89,63.604666
3.587659,84,63.782439
3.055389,82,63.94452
0.308308,84,64.111154
-0.720112,99,64.303418
1.887213,79,64.460145
2.094298,92,64.639792
3.986821,77,76.025474
-0.211011,100,76.220768
-0.273602,93,76.401414
2.396504,85,76.565804
1.121897,79,76.720158
-1.207652,134,76.98135
1.839826,110,77.197803
1.525854,85,77.378981
0.046897,93,77.558278
-0.265036,99,77.751907
1.791128,94,77.933737
0.153568,103,78.13459
-0.140586,136,78.397334
1.684367,84,78.559324
3.646568,74,78.702878
3.677814,82,78.862816
0.416699,81,79.033883
-0.146982,103,79.231574
4.306649,81,79.387965
3.166334,87,79.556273
1.937324,78,79.710096
0.124238,130,79.96049
2.834653,71,91.101458
4.701593,93,91.28192
4.271255,86,91.448563
-0.657264,115,91.683041
5.149803,84,91.851019
3.724674,76,91.998108
-0.458972,88,92.174053
3.635199,80,92.332719
3.045441,81,92.495421
1.390173,76,92.64628
-0.010503,115,92.869581
3.910496,99,93.06337
0.484194,98,93.25918
4.470388,81,93.418515
4.836538,76,93.571069
3.544514,75,93.724536
0.045343,82,93.88466
3.501051,78,94.037411
0.045369,105,94.248741
5.360803,83,94.414155
1.161693,79,94.570848
3.738412,102,94.772277
0.805667,101,94.971594
3.698388,78,106.172041
3.094668,76,106.326359
2.122436,75,106.47456
0.573078,101,106.675525
3.073961,87,106.852096
3.307964,68,106.985467
3.20085,80,107.148686
2.238156,70,107.293753
2.955838,78,107.449198
0.431765,80,107.60827
0.870651,101,107.809587
3.033283,80,107.966928
4.298912,82,108.13133
0.99964,83,108.298154
3.056289,80,108.460734
1.080228,89,108.642109
2.497139,73,108.78545
-0.037686,113,109.012765
-0.469451,126,109.261136
1.954418,91,109.445127
0.860695,104,109.654797
3.914531,73,109.80031
2.119226,80,109.974928
0.847388,84,110.141626
3.993994,80,121.30542
1.93273,88,121.484915
1.733527,79,121.642234
4.564931,76,121.791257
4.407502,78,121.962041
0.521015,96,122.155398
4.746685,79,122.314189
2.568716,71,122.455087
0.12753,95,122.648983
0.611012,84,122.816081
3.622379,75,122.966074
2.94843,78,123.123114
0.697909,92,123.307258
1.044884,98,123.503281
1.203157,87,123.693981
1.879511,71,123.83263
2.524586,73,123.984127
4.675712,73,124.131687
-0.475542,103,124.338811
4.775941,72,124.486865
4.090723,73,124.63568
3.909455,81,124.801529
1.459038,75,124.95999
2.577536,74,125.11992
1.1272,90,125.299288
-0.084596,117,136.58963
2.896759,93,136.77369
1.412689,97,136.985456
0.412472,88,137.160611
0.61019,119,137.399192
1.753588,83,137.563855
4.158486,75,137.711784
1.556054,94,137.891617
5.610661,79,138.048508
0.526066,122,138.293021
1.632271,75,138.443803
1.177342,103,138.670436
4.091993,76,138.822371
3.307308,74,138.963634
2.884416,73,139.108091
0.232187,82,139.267297
2.133553,76,139.417291
4.740907,74,139.560647
0.084343,92,139.740106
4.132493,81,139.915689
3.566513,76,140.066432
4.565278,77,140.216606
3.059415,74,140.363158
3.04491,72,140.50241
2.931033,74,151.701225
3.31112,85,151.868684
0.99972,78,152.017263
1.736361,77,152.169295
1.73412,84,152.329045
4.846058,68,152.46067
2.007612,78,152.612472
-0.599427,111,152.83705
0.851423,78,152.990833
2.940127,81,153.149835
-0.450977,117,153.380983
3.968979,74,153.530642
4.978995,72,153.67142
2.516916,73,153.81455
1.748345,73,153.95757
3.953931,71,154.097964
4.974786,69,154.231475
4.305986,76,154.382268
4.828203,72,154.521864
3.764812,72,154.66492
1.155685,99,154.857783
2.168837,83,155.020877
1.727843,72,155.162716
3.179314,76,155.313148
3.450006,76,155.464071
4.872081,73,155.611701
1.937356,78,166.766603
1.932193,74,166.913801
0.27409,85,167.080082
-0.65733,131,167.34305
0.620586,77,167.497382
3.854905,72,167.640806
2.710757,74,167.789311
-1.452599,118,168.028394
0.670167,88,168.202375
3.887285,77,168.371129
4.142771,75,168.520401
4.750292,80,168.680212
3.844627,80,168.843556
3.53562,75,168.988924
1.45567,115,169.217018
2.358691,74,169.368374
4.423869,68,169.503605
4.971906,74,169.652664
0.031135,120,169.884993
2.58827,68,170.037726
4.420425,81,170.199212
2.220778,80,170.359389
3.993118,81,170.514503
0.633721,110,170.73225
2.602569,76,181.91854
4.107655,79,182.071237
3.975625,77,182.224383
2.186409,76,182.372653
6.099065,73,182.517534
3.547947,82,182.674297
1.9886,66,182.805651
-0.05963,153,183.1007
2.63335,75,183.263756
1.503091,81,183.428411
1.530441,104,183.628472
3.617164,68,183.764109
1.028448,81,183.921628
-0.285306,123,184.168031
4.20373,69,184.300111
0.765897,83,184.465154
1.047228,78,184.619268
5.273921,78,184.772348
4.713897,71,184.919762
0.940734,85,185.094387
1.816552,78,185.247257
0.403478,104,185.449864
-0.415261,99,185.642183
2.822728,72,185.782141
0.178107,81,196.929553
3.60206,70,197.069465
3.994552,80,197.229872
3.439002,72,197.374143
0.376193,91,197.554295
2.904909,71,197.693756
0.295129,80,197.85283
-0.985946,156,198.165128
2.878261,77,198.332213
1.999305,73,198.4813
2.111482,73,198.627674
3.045211,74,198.772513
2.15744,75,198.923562
4.087828,69,199.065786
-0.46198,88,199.240023
2.67703,106,199.451594
3.866323,76,199.602533
1.777438,74,199.768187
3.663401,70,199.90908
1.869688,73,200.05298
0.94217,121,200.288571
2.190874,75,200.438378
2.876274,75,200.587785
3.837232,97,200.77862
2.230775,87,211.95885
4.16845,74,212.10407
3.469994,78,212.258344
2.624766,73,212.402228
105.203954,70,212.544899
2.760456,72,212.689547
0.658972,78,212.839978
1.373276,99,213.03478
2.347356,88,213.207833
1.444586,81,213.365534
3.533977,86,213.548826
0.512077,87,213.720843
0.880842,110,213.941722
2.756074,90,214.121388
0.727773,121,214.361682
5.386825,72,214.512806
1.428045,83,214.680464
-0.75664,132,214.942912
3.783631,70,215.099799
4.403588,90,215.286605
1.997305,74,215.434915
3.49656,86,215.609017
3.840428,67,215.742345
4.644382,70,215.885065
0.757586,124,227.304726
0.614175,104,227.522995
1.437472,70,227.663457
3.288606,74,227.807937
4.226636,77,227.963092
3.233899,90,228.146024
2.55404,67,228.281012
100.960518,55,228.394566
3.692986,70,228.535467
1.348032,75,228.684972
1.07621,71,228.824591
5.183456,66,228.958883
0.242056,126,229.209709
0.036007,97,229.403328
2.746163,66,229.537171
0.64792,92,229.718538
2.978164,79,229.87547
2.893608,69,230.0126
3.558021,85,230.183263
1.48017,79,230.340385
3.443033,72,230.481093
4.133626,70,230.623619
4.381082,77,230.776069
4.287704,76,230.92713
3.921974,71,231.065934
0.509994,80,231.225115
4.839316,66,242.46245
4.563747,83,242.629024
101.09521,171,242.96835
4.078174,85,243.134217
3.46526,68,243.268563
1.926953,90,243.463475
1.005977,99,243.664896
1.543789,71,243.805894
3.539016,73,243.949924
0.950105,85,244.116179
1.949577,75,244.259497
0.407672,93,244.442555
-0.442615,119,244.676669
3.897544,88,244.850806
-0.605336,113,245.071564
0.314901,117,245.313293
1.324835,70,245.451149
2.177003,74,245.597645
4.542052,85,245.764791
1.064316,76,245.911898
1.870623,74,246.059333
3.733222,79,246.220636
2.388179,70,246.359065
0.805855,73,246.506662
2.336415,72,257.713598
4.914262,71,257.855852
1.886936,72,257.999258
2.964531,70,258.137836
2.856958,66,258.271954
1.331419,76,258.42197
0.904566,94,258.609748
3.902454,66,258.742832
1.878344,74,258.907667
4.206204,73,259.052237
3.06075,73,259.201229
2.166658,73,259.347096
5.187018,80,259.509937
1.358917,68,259.643507
2.602243,67,259.77732
101.206525,69,259.917313
3.554893,69,260.054585
0.91484,89,260.237262
0.745558,72,260.381846
3.006185,73,260.525641
2.104478,71,260.685258
0.866359,81,260.847848
3.263436,79,261.003148
4.442852,71,261.142166
-0.107815,118,261.369117
1.571756,95,261.555192
1.086754,71,261.708942
3.07732,69,272.929477
2.59926,82,273.092471
3.259357,77,273.247479
2.83165,71,273.387964
2.365151,73,273.546032
0.585485,75,273.6976
-0.742632,122,273.941031
1.821887,75,274.09146
4.308186,85,274.26225
1.636739,80,274.424955
2.177593,71,274.567066
3.829064,79,274.72699
0.910128,76,274.879877
2.772063,74,275.036028
4.354231,73,275.192226
1.118455,94,275.37756
3.797306,79,275.538868
2.980213,79,275.69935
4.585321,72,275.841473
1.611224,82,276.006085
0.65125,97,276.198256
3.257662,67,276.329686
2.125554,83,276.511672
0.584961,94,276.699494
4.776194,74,276.85056
1.941046,71,288.052153
1.761757,71,288.191084
-0.043663,107,288.415824
2.491074,72,288.554531
5.255922,63,288.681616
0.531052,84,288.845657
2.470528,67,288.978498
-0.119143,86,289.154947
2.358488,78,289.304771
0.647853,83,289.469934
1.100649,71,289.611699
4.25481,76,289.764914
2.243841,70,289.903992
0.224676,140,290.186805
1.551154,69,290.340773
4.459375,65,290.485043
0.676901,128,290.749043
3.318577,73,290.893429
4.174134,72,291.035533
0.632883,106,291.262603
4.262626,70,291.405346
0.742796,131,291.669252
5.260717,70,291.807131
2.131982,76,291.96098
3.330961,71,292.102771
2.008974,69,303.7363
0.58852,85,303.90447
2.235305,72,304.045284
4.573633,71,304.181729
3.99068,73,304.32845
4.485063,72,304.468223
6.026675,73,304.625255
2.48651,72,304.771946
1.1193,85,304.941893
3.298223,74,305.088591
0.215944,83,305.251858
2.531654,73,305.39812
1.401017,75,305.549366
1.18261,81,305.709527
0.981339,94,305.891209
3.436318,71,306.03198
4.308378,67,306.165985
2.953704,65,306.313569
102.440659,85,306.495128
1.307961,96,306.706956
5.26369,66,306.839324
1.845424,74,306.991249
4.63396,73,307.13914
5.173617,71,307.28361
-0.330398,120,307.522792
2.29633,70,307.667837
3.687158,74,319.48963
2.999604,67,319.643232
0.073538,105,319.852139
0.714622,103,320.055468
0.292445,104,320.274365
-0.482587,139,320.548736
2.302733,68,320.682077
0.980128,76,320.833172
0.198717,113,321.055732
0.492154,76,321.219367
0.295574,149,321.512285
4.620412,69,321.648916
3.019492,69,321.780858
2.822348,68,321.913049
-0.654023,107,322.124317
0.443445,81,322.283037
-0.210843,144,322.579774
0.208171,92,322.763685
1.244785,92,322.942637
-0.084172,116,323.165286
4.282628,70,323.309485
2.52308,84,323.48176
2.517075,76,334.74974
5.846194,66,334.892251
0.868599,92,335.068847
3.181944,70,335.204073
2.228638,73,335.346187
-0.175119,165,335.665902
3.011811,70,335.806064
0.831317,98,335.996376
4.315451,65,336.123437
1.936066,77,336.274115
4.166941,64,336.400493
4.671177,64,336.52827
1.314705,100,336.737834
-0.218973,87,336.90738
3.454029,68,337.039038
4.062731,66,337.168608
4.635797,69,337.303208
0.912217,72,337.441347
4.734079,74,337.586988
-0.214833,82,337.747977
2.908826,66,337.880134
2.502873,74,338.036655
5.407554,69,338.16682
2.786283,87,338.334451
5.26673,67,338.468372
2.512553,73,338.610811
1.142855,90,349.800251
5.041002,67,349.929756
3.309479,68,350.063598
3.215708,69,350.200789
1.2986,71,350.34436
3.66776,77,350.523638
3.242615,72,350.665934
3.57192,68,350.802214
1.933541,72,350.945356
-0.229692,122,351.186517
4.792309,70,351.320664
1.365735,65,351.450525
2.646375,70,351.58769
2.986862,66,351.716959
0.770401,77,351.87
1.757394,81,352.04204
2.536271,72,352.18001
5.554259,64,352.304361
1.446828,76,352.452232
4.17847,70,352.58893
2.46709,65,352.715998
1.923514,72,352.85433
101.780487,80,353.014577
3.160918,67,353.142216
0.850552,169,353.49299
4.848739,68,353.627482
2.733132,68,353.761932
0.693256,72,364.934138
-0.308196,121,365.169822
4.498442,71,365.309433
4.889547,63,365.431167
1.055025,70,365.568476
2.153761,70,365.705809
0.806357,75,365.868265
1.899339,67,366.018365
0.344375,77,366.172878
0.227626,147,366.465976
1.407207,66,366.595434
5.207042,64,366.719624
1.744615,65,366.846924
1.250723,66,366.982385
0.610112,77,367.140299
1.323728,70,367.285744
-0.291188,101,367.490072
4.110969,68,367.643834
101.248001,70,367.788764
2.929437,78,367.949945
1.350701,74,368.100813
3.703123,66,368.234802
1.389117,72,368.381371
4.744253,75,368.532875
1.04352,95,368.731948
3.370146,65,368.867877
-0.307349,134,380.186982
2.668805,91,380.373809
3.818921,68,380.510264
-0.347737,107,380.724394
1.085013,78,380.879824
3.077755,74,381.029615
3.066642,67,381.173157
1.475984,72,381.324852
103.234195,67,381.463011
0.230444,115,381.690526
1.272669,73,381.832709
4.087139,74,381.976367
3.098649,87,382.146959
5.136188,70,382.286083
2.574214,65,382.411127
3.427726,66,382.540485
4.30216,67,382.677241
0.016115,84,382.847613
3.214294,77,383.012671
-0.593962,128,383.265213
0.49649,82,383.428117
0.298106,107,383.641933
2.193507,69,383.777947
2.994956,83,383.941344
2.789813,72,384.081322
5.001473,67,395.273899
0.579136,88,395.44897
5.396162,68,395.598492
3.206755,80,395.758475
1.853881,72,395.910918
1.975261,70,396.051501
4.923501,68,396.186086
0.417156,80,396.345647
4.453168,79,396.501781
3.17159,76,396.651638
0.937692,74,396.800946
0.680787,79,396.962178
-0.524106,96,397.155952
3.403495,65,397.298901
3.129543,72,397.444458
2.906825,68,397.583561
3.998723,72,397.725157
1.524827,88,397.903687
0.294276,83,398.0693
3.383939,77,398.216465
0.762343,94,398.40739
1.942683,69,398.555
0.047309,76,398.700001
0.643873,72,398.841266
0.221855,127,399.091261
2.303647,71,399.230433
0.643825,81,410.921192
101.503648,80,411.093055
4.648155,69,411.228719
2.692215,69,411.369883
-0.130304,98,411.582967
5.182064,78,411.745043
101.159052,72,411.891679
3.67056,81,412.063541
0.972414,97,412.269399
1.925064,72,412.416792
1.28644,71,412.556459
-0.067062,90,412.73298
1.658317,65,412.85768
-0.35479,378,413.650398
4.067785,78,413.811322
104.701452,68,413.947461
3.449886,68,414.079859
4.354217,63,414.199748
3.050443,70,414.335332
3.256238,79,414.490761
4.77467,62,414.61653
3.727389,75,414.777613
-0.910748,144,415.063707
1.646921,88,426.382709
1.308406,227,426.866966
1.616111,87,427.041804
2.102677,70,427.185592
2.238081,66,427.328262
4.39074,65,427.50518
2.621371,69,427.646286
1.451842,90,427.853458
1.701142,70,428.052615
1.690973,72,428.212597
3.287038,73,428.356386
0.95898,103,428.589512
0.925079,77,428.774323
2.289923,66,428.923831
3.523091,68,429.062254
3.281661,66,429.203635
5.215739,68,429.348085
2.890519,66,429.48841
0.470104,82,429.649489
-0.253535,301,430.287735
1.753214,95,430.482377
2.724553,76,430.632077
1.260486,74,442.582443
3.603902,76,442.72886
3.516921,67,442.860936
2.02228,71,443.019474
1.274817,73,443.171642
1.35805,75,443.323603
2.096164,67,443.458004
4.387431,70,443.606457
1.26086,69,443.745762
1.995058,70,443.889679
5.592687,67,444.024719
2.871679,85,444.199377
3.44994,88,444.382536
3.093509,66,444.519914
1.213225,74,444.686397
4.069444,84,444.858043
1.280369,75,445.007978
4.618008,67,445.142733
0.723122,76,445.292154
1.972391,73,445.435927
-0.383263,103,445.639245
4.623219,81,445.794987
3.444036,73,445.940294
-0.363272,91,446.120016
4.082427,71,446.26607
2.946371,68,446.41765
0.881736,125,457.886544
2.375849,73,458.03601
-0.641161,139,458.324706
0.777609,112,458.555406
4.807494,72,458.716793
1.036587,90,458.899649
0.027225,102,459.106048
4.901587,67,459.241797
-0.841638,102,459.45196
1.351151,104,459.66836
1.679722,101,459.868504
0.688682,1000,461.850223
2.681118,69,473.006294
-0.035673,80,473.170669
4.662118,64,473.300083
2.334874,73,473.445555
3.453129,83,473.616418
2.323979,71,473.759687
3.590565,65,473.896253
3.937531,73,474.047355
3.931337,64,474.180632
4.818431,73,474.330975
4.538014,77,474.487271
4.112561,68,474.627004
3.720955,109,474.857413
4.179397,65,474.982776
2.813742,87,475.156974
4.465562,69,475.290025
3.392378,73,475.433223
4.262742,71,475.56793
2.275965,73,475.710032
3.672473,73,475.8538
1.035232,71,475.99698
0.955817,96,476.188366
2.98202,72,476.33389
4.183956,68,476.480917
100.410409,104,476.681927
3.972101,70,476.818057
3.965897,68,476.949941
1.439701,64,477.073201
3.340965,69,488.827847
1.0334,87,488.996656
4.137786,67,489.125202
0.258584,81,489.283617
5.218542,67,489.417459
0.156764,130,489.683114
1.27846,83,489.84569
3.988511,65,489.978167
3.086212,67,490.108868
2.504898,68,490.240773
4.318386,99,490.431974
3.747515,67,490.561942
1.034994,85,490.725709
0.857645,73,490.869111
4.286251,72,491.007878
1.235762,91,491.185239
1.307641,88,491.369002
4.002718,68,491.502863
4.646532,73,491.647946
4.026824,64,491.776003
3.490047,68,491.911746
4.95495,65,492.042292
1.775088,88,492.212825
1.962626,69,492.349486
0.629616,94,492.534899
0.273345,82,492.696832
0.767964,77,503.881052
1.040809,70,504.018538
3.766164,64,504.147235
4.264171,72,504.291116
0.727632,77,504.44406
0.716174,77,504.59807
5.81449,69,504.733714
1.262859,107,504.946703
3.075551,66,505.075146
5.397001,63,505.217173
1.482051,151,505.513351
0.035504,115,505.73688
-1.126863,107,505.94584
3.558622,66,506.075805
-0.001343,112,506.297376
1.90965,75,506.444653
3.393382,69,506.578763
-0.414353,92,506.760236
3.029315,72,506.902583
2.220698,73,507.047881
1.336029,75,507.196292
3.57792,88,507.368476
4.6226,71,507.506168
1.406158,90,507.678774
5.97333,70,507.814333
102.396749,89,519.037924
3.486216,67,519.170972
4.164995,68,519.327291
2.982652,67,519.461918
3.816353,69,519.599824
4.007979,65,519.728772
-0.822529,89,519.904632
-0.434454,230,520.358059
5.400116,69,520.500041
2.399172,68,520.634006
1.969895,68,520.771517
0.900443,79,520.927438
3.778111,65,521.083376
100.767473,107,521.293753
0.10564,81,521.458392
3.207675,70,521.597763
4.059801,68,521.72438
4.193219,69,521.859324
1.244936,89,522.037644
4.432352,75,522.184093
3.080878,65,522.314226
4.545779,63,522.439128
3.34704,63,522.564094
1.675686,77,522.713526
-0.614044,121,522.963705
6.024932,69,534.146019
-0.012266,83,534.313031
-0.550653,89,534.491113
4.640603,67,534.627566
0.35269,83,534.792855
-0.37383,104,535.012644
4.400667,67,535.15231
1.346146,71,535.296748
2.294699,74,535.441823
3.363142,69,535.575166
5.115457,66,535.708719
1.724286,77,535.864429
1.11867,75,536.009584
1.629056,73,536.152138
3.914031,66,536.280627
5.562481,69,536.414925
1.082443,76,536.563817
1.995313,74,536.709962
1.290588,74,536.857072
1.407756,71,536.999374
3.641638,69,537.134927
0.755765,79,537.28798
1.989587,88,537.464455
3.940718,67,537.596629
4.146739,65,537.725196
3.291936,68,537.856185
0.375385,104,538.058699
1.551159,83,549.228731
1.495496,79,549.382806
3.065926,76,549.546733
0.905487,118,549.785501
1.881946,68,549.922016
0.799723,75,550.07509
1.974728,72,550.219295
3.042937,69,550.360176
4.045465,70,550.498684
1.571609,71,550.640874
4.106235,121,550.8869
0.731705,96,551.082606
1.096356,73,551.245075
5.458011,66,551.377611
0.645134,85,551.549798
1.445728,77,551.707194
4.219891,70,551.848621
-0.085174,90,552.030487
3.816065,65,552.157906
3.056325,83,552.328376
3.479187,71,552.475595
1.199126,67,552.609536
0.57112,82,552.775336
3.269474,75,552.938285
4.365034,71,553.083319
0.093034,82,553.248385
0.400049,72,564.454694
1.504043,97,564.644624
0.29619,86,564.811243
1.648959,78,564.961442
2.64628,73,565.106732
3.827142,71,565.266022
0.656954,103,565.469465
0.946019,120,565.706767
0.892483,74,565.855098
5.438752,66,565.986664
3.706317,65,566.115253
2.853107,67,566.245996
0.752095,88,566.429067
0.592655,76,566.59008
2.493976,69,566.72875
2.034659,69,566.881119
1.66396,84,567.053735
1.296752,73,567.198917
0.663464,109,567.417929
0.535559,77,567.57425
1.296638,76,567.728747
0.994558,106,567.936892
1.192001,80,568.097966
2.945817,64,568.225649
3.577849,67,568.357953
3.9914,94,579.642798
0.528758,77,579.797099
2.257712,78,579.950765
3.225886,69,580.091274
1.223431,73,580.23508
0.678086,72,580.374633
4.995143,71,580.519179
5.219616,68,580.67011
0.288609,107,580.890479
5.931563,66,581.021369
3.978756,70,581.159775
1.636168,72,581.309104
4.402992,75,581.458869
1.694629,91,581.639019
1.719248,71,581.784863
2.619818,74,581.93346
3.944186,67,582.071409
1.919577,77,582.223655
4.262854,68,582.358064
2.545678,71,582.496927
1.809122,71,582.640021
101.252345,94,582.82991
1.192216,93,583.019959
1.697365,70,583.160511
4.396736,68,583.298221
2.905354,69,583.440689
5.609742,69,583.580068
2.147487,71,595.115816
2.632951,67,595.256973
4.239797,142,595.556134
3.169598,73,595.704957
5.282401,68,595.84591
2.54949,74,595.995688
1.821008,73,596.142473
1.203464,110,596.364308
2.967138,66,596.495944
4.209449,67,596.630566
1.882591,75,596.784354
-0.399817,102,596.98699
6.107434,67,597.119189
0.489836,82,597.302955
2.228198,71,597.44864
0.119175,80,597.60722
-0.278288,128,597.869305
1.565581,73,598.016794
5.295428,66,598.150333
1.45899,73,598.299463
4.295624,69,598.440309
3.396626,87,598.614806
5.620289,71,598.757503
1.009888,115,598.99748
4.171824,66,599.143069
1.891751,72,599.296669
1.493687,83,610.619058
1.912742,69,610.768919
1.357694,77,610.937696
3.422454,64,611.067018
3.698872,65,611.196722
2.414496,78,611.370084
2.737935,67,611.537354
3.790355,73,611.689825
3.816474,67,611.828706
0.675588,80,611.990981
2.928638,74,612.142693
0.960842,107,612.3656
2.211323,70,612.51372
3.920271,107,612.732904
0.824186,77,612.890996
1.691587,71,613.034019
0.355452,112,613.258642
2.910807,74,613.406821
4.561715,71,613.55348
4.659183,67,613.69478
103.482341,53,613.801523
4.345897,68,613.942167
2.121812,87,614.120831
100.755007,47,614.222749
1.094177,78,614.382687
2.808586,76,614.536629
4.994255,66,614.668951
4.146663,66,626.22204
1.971826,71,626.367442
1.18025,75,626.526474
0.90648,87,626.709354
2.918024,65,626.842284
4.134878,70,626.98563
2.327945,98,627.180885
3.499395,69,627.327459
4.275479,75,627.475749
2.194573,73,627.624663
3.564814,67,627.763459
0.846995,92,627.955341
1.648812,88,628.15256
0.346845,87,628.329393
-0.175237,95,628.533294
0.530864,100,628.740056
1.364378,98,628.938192
1.105501,70,629.075386
3.719368,65,629.203961
1.643391,77,629.357577
4.633216,66,629.486388
4.680041,77,629.640783
3.008665,66,629.774849
5.291622,68,629.910948
0.129121,90,630.117609
1.996635,72,630.264872
3.281271,77,641.724081
4.347078,64,641.852122
4.299808,70,641.994916
3.792217,67,642.1255
-0.105153,94,642.310481
1.699797,85,642.492285
1.269917,78,642.645094
5.796066,68,642.79098
101.003812,61,642.912536
1.235546,97,643.10336
-0.774475,91,643.288315
2.193937,65,643.425312
2.163295,67,643.563968
3.618518,71,643.71347
103.561529,61,643.8413
1.800323,71,643.984877
0.586208,79,644.142994
0.604764,91,644.325628
4.281878,72,644.471622
4.413326,65,644.607224
1.301418,71,644.756819
1.680211,72,644.906899
4.445309,68,645.045718
4.78645,67,645.191294
3.370268,72,645.326458
3.332367,70,645.46417
0.696406,94,645.651736
4.448884,67,645.784952
3.686955,615,658.422369
5.652062,69,658.558999
0.55061,100,658.753411
4.886903,70,658.894809
3.196567,70,659.039047
0.936415,80,659.203148
1.24971,69,659.35376
0.934779,77,659.506978
0.709191,84,659.681792
0.695571,72,659.821272
3.179337,69,659.955848
1.059673,99,660.147393
0.101305,92,660.329088
-0.398059,202,660.732971
2.006871,71,660.873196
5.370985,67,661.003576
0.775042,145,661.2992
2.061612,71,672.813015
3.24468,64,672.94329
4.078797,70,673.090634
0.21559,72,673.233842
0.649194,77,673.395512
2.818357,80,673.560727
4.109965,71,673.70683
4.191782,74,673.87155
0.729329,75,674.01659
3.943867,70,674.157641
0.572137,94,674.341518
102.354133,76,674.488954
101.581542,77,674.644512
0.905161,100,674.847407
1.842238,79,675.004564
2.756974,74,675.15462
3.175331,74,675.304544
4.197608,77,675.454601
1.750261,70,675.590743
5.862646,70,675.727468
3.090521,66,675.858902
0.373748,80,676.014469
-0.410432,238,676.469008
3.554231,71,676.60636
1.082508,72,676.74714
4.186739,68,688.415451
3.094146,67,688.552982
0.384282,85,688.720429
1.42473,74,688.875275
4.809711,71,689.022512
3.175322,69,689.160647
3.564432,75,689.313205
2.510225,74,689.461668
0.846544,72,689.605613
1.299474,89,689.780463
3.404702,68,689.918617
1.045565,95,690.106395
5.400603,71,690.248748
0.659378,97,690.441553
4.609761,68,690.58155
1.369865,73,690.728997
100.290991,83,690.891706
3.490671,79,691.047098
0.359236,94,691.241372
3.894873,79,691.405575
0.333604,143,691.693664
2.305656,71,691.838317
3.987951,66,691.979944
4.164481,70,692.120337
0.958074,75,692.268052
102.480964,68,692.405875
3.795223,75,704.216422
1.022388,76,704.373814
101.571196,57,704.489195
4.678365,77,704.646516
0.48036,82,704.828946
4.755034,73,704.997091
3.677424,66,705.14809
3.577104,75,705.318399
0.12889,134,705.608133
3.761288,70,705.763902
3.853987,68,705.902945
5.430543,65,706.033433
4.581614,73,706.18307
0.012226,97,706.381022
2.901615,68,706.524951
0.659284,77,706.678669
5.576187,75,706.829301
1.075604,74,706.973341
1.264743,72,707.117006
0.83551,75,707.272213
3.736922,65,707.407017
100.229475,104,707.618039
1.015289,98,707.816642
2.210041,67,707.947292
101.316318,66,708.078465
3.647469,65,708.207222
4.916734,66,708.341319
0.784739,77,720.019187
1.240827,73,720.166258
2.790367,86,720.340504
0.521602,78,720.503246
3.836044,83,720.671404
1.257273,72,720.823676
2.282197,67,720.958615
101.828165,69,721.099257
4.817042,68,721.237501
2.345449,72,721.383853
0.49972,81,721.548063
2.086814,68,721.684181
0.208445,132,721.963515
3.743009,75,722.108332
5.716744,67,722.238496
1.489734,85,722.408113
1.510515,76,722.5594
2.90343,74,722.706608
1.748452,74,722.853732
3.267905,64,722.979608
-0.484758,102,723.187233
4.81886,67,723.32203
4.854925,66,723.451403
1.164112,74,723.618269
1.059761,76,723.763413
5.535229,68,723.896671
2.2935,79,735.750267
4.447581,76,735.907314
4.400496,77,736.070095
0.23709,76,736.232208
-0.431367,86,736.410234
2.458012,75,736.58912
3.858475,69,736.732337
3.190346,68,736.875299
4.716647,78,737.030476
1.295496,167,737.356826
1.864083,82,737.521129
1.963082,84,737.689403
3.818576,71,737.834397
1.929798,70,737.982934
1.364443,75,738.140964
4.828616,76,738.312847
5.043212,76,738.469119
0.049921,92,738.656545
4.091723,73,738.797148
2.595914,85,738.970658
2.829017,73,739.118317
5.065659,82,739.292661
0.144881,79,739.460017
4.412268,63,739.592303
-1.10655,147,739.890721
4.284152,66,752.03562
1.820504,71,752.175612
4.632027,74,752.327624
101.386846,94,752.519042
4.214409,75,752.671307
3.92415,89,752.84883
3.053698,66,752.979563
5.313946,72,753.14726
1.589613,72,753.286932
1.308614,91,753.462592
3.070395,66,753.595901
6.083162,67,753.728551
4.489632,67,753.861487
0.216636,94,754.045811
0.150533,93,754.229183
2.261223,75,754.377239
5.714857,71,754.516481
1.23354,78,754.674301
3.489004,86,754.854054
2.341461,64,754.986121
4.432699,73,755.131966
1.023832,75,755.28419
3.139732,92,755.466735
3.782313,78,755.624175
0.495925,142,755.922725
5.338903,65,756.056189
1.895842,72,767.653136
3.89841,81,767.813238
1.68458,71,767.95414
0.086839,298,768.565282
4.008751,67,768.69809
3.198439,78,768.857775
3.924928,84,769.032759
0.595151,81,769.196647
5.2054,65,769.323767
0.994836,72,769.47047
4.354936,67,769.603798
1.301468,77,769.759165
3.73138,83,769.920854
4.613755,63,770.047769
1.344089,81,770.213238
2.09571,64,770.340458
0.786339,112,770.562256
3.369632,73,770.707397
0.88206,75,770.850074
4.236538,79,771.001798
5.8594,67,771.135774
3.843536,89,771.310334
4.146323,69,771.442098
0.955432,81,771.603434
3.091004,69,782.934388
2.292537,82,783.093297
3.484463,67,783.238497
4.193497,75,783.385575
-0.054742,193,783.769091
0.652665,73,783.911871
1.43249,72,784.049843
3.386204,70,784.184507
0.449727,97,784.373207
0.604979,72,784.508975
2.734312,70,784.644029
3.008117,180,784.984787
0.020033,91,785.157297
-0.518468,142,785.434793
103.250979,59,785.551959
102.265767,48,785.645907
1.897032,73,785.786567
-0.144859,96,785.972032
2.467417,69,786.108194
2.476036,69,786.239504
-0.288853,88,786.411405
0.069434,119,786.635601
3.524291,74,786.777774
2.544562,69,798.047188
1.568152,73,798.190305
1.290984,75,798.332784
1.048544,79,798.487548
3.640166,65,798.615392
3.409059,73,798.759266
4.784519,67,798.893461
2.468041,80,799.049917
0.71788,104,799.266346
2.517553,69,799.424858
-0.084225,76,799.580296
0.388207,87,799.764948
2.617499,68,799.903674
100.771505,49,800.001122
1.893906,77,800.151011
1.509311,70,800.287013
2.109829,71,800.426022
3.601717,91,800.601089
0.747855,113,800.824004
0.259911,139,801.099279
0.473434,84,801.272818
2.393199,64,801.40042
4.493688,62,801.523357
2.356102,69,801.662067
3.34107,71,801.799973
0.360587,92,801.977584
4.451707,76,813.708709
1.783893,69,813.850231
0.576088,1000,815.890525
4.648975,91,816.069757
4.344282,67,816.199244
3.090396,102,816.403252
3.005797,70,816.542709
0.974519,77,816.692533
2.654146,66,816.822596
0.891654,75,816.971905
3.609103,76,817.116349
2.903739,72,817.25648
4.710265,66,817.38475
1.84503,70,817.533362
1.682536,71,817.676049
2.223099,106,829.051936
0.319677,93,829.232498
-0.113434,82,829.393935
2.808741,85,829.556888
1.512263,81,829.714288
5.523592,66,829.846213
-0.175221,165,830.191435
2.491588,69,830.3373
5.006051,63,830.470268
3.64085,75,830.6372
102.185881,71,830.791308
0.967666,81,830.968688
1.762336,77,831.129703
2.560733,68,831.271022
-0.116423,108,831.486171
3.987845,65,831.619099
3.32799,72,831.759692
1.082812,86,831.93016
102.11651,72,832.075392
3.959567,65,832.205209
3.862663,63,832.32813
3.914121,66,832.46385
4.190434,80,832.620066
-0.081837,155,832.933581
1.468102,70,833.072836
4.980263,64,844.331342
2.071553,66,844.4573
-1.312184,194,844.855686
4.681281,70,844.994392
0.835958,84,845.158118
1.795943,85,845.327092
5.13614,63,845.453855
4.299591,70,845.588647
2.084036,69,845.722999
3.314972,68,845.8535
1.490674,116,846.078617
4.389779,89,846.252175
3.996994,68,846.387365
5.498232,70,846.532419
1.229834,74,846.682868
2.591606,75,846.831353
4.334614,63,846.959171
-0.873695,1000,860.346241
1.052356,77,860.50582
1.015939,74,860.658346
4.868105,68,860.813295
3.976245,76,860.968547
0.267274,126,861.221766
0.488737,81,861.379084
-0.133032,96,861.571891
1.236139,71,861.714698
3.071891,68,861.850134
1.250266,85,862.018245
4.713694,63,862.148489
4.69555,68,862.285862
-0.539522,105,862.496125
2.713185,69,862.63508
-0.429534,145,862.931361
2.108613,68,863.068788
3.14111,84,863.240074
0.920395,84,863.407667
3.56167,69,863.546483
0.761026,92,863.732841
3.371994,87,875.467403
0.901769,82,875.623689
105.119011,86,875.796637
2.891957,79,875.967674
4.008634,74,876.110684
1.071968,79,876.271577
2.096773,84,876.433389
2.264644,67,876.561929
5.246858,64,876.68758
3.157447,66,876.817251
1.819929,73,876.959213
0.02215,124,877.20044
5.277395,75,877.346456
1.959728,66,877.475926
3.496253,93,877.661313
0.756961,74,877.808754
4.592755,64,877.933877
1.184833,76,878.082108
1.436286,70,878.214973
3.153217,78,878.367146
1.246106,109,878.5799
4.347627,65,878.706229
2.781955,76,878.854389
0.448285,80,879.010633
-0.4149,151,879.303282
1.193593,92,891.025276
1.243757,69,891.160741
0.629941,79,891.317702
4.465483,75,891.468548
4.412016,77,891.619296
0.608158,71,891.75852
2.064299,71,891.900157
3.650702,72,892.044958
0.941351,73,892.190197
3.20449,69,892.324735
103.247253,72,892.467103
1.311094,80,892.622551
-0.929208,115,892.889899
2.332739,69,893.044787
1.156645,77,893.213644
2.226944,68,893.36687
2.480005,70,893.518589
4.689079,77,893.677342
0.745865,71,893.812456
0.785888,89,893.992266
3.647728,73,894.139997
3.263719,93,894.328776
4.356633,100,894.532993
2.308913,70,894.685543
103.868912,62,894.806073
3.768483,86,894.976218
3.504258,67,895.109279
2.878198,67,906.422683
2.094324,70,906.557341
3.720092,63,906.679517
3.702512,76,906.825992
-0.846005,100,907.017492
1.551059,70,907.151557
1.813761,72,907.347126
103.411291,66,907.477966
-1.007036,900,909.298773
1.387098,71,909.437789
-0.59712,86,909.613863
2.124862,83,909.783128
1.596756,74,909.935003
4.8621,64,910.06037
0.571998,79,910.223377
5.116067,67,910.361231
3.990748,69,921.985413
0.264734,85,922.156585
1.250303,73,922.299273
4.046061,86,922.473325
1.945338,77,922.628187
4.434227,77,922.784575
-0.45522,100,922.98933
1.814917,68,923.136758
0.226312,80,923.29823
1.592496,123,923.538222
3.722043,73,923.697511
2.766751,69,923.833651
100.59394,48,923.929911
0.676729,76,924.080625
5.861782,71,924.225045
3.271501,68,924.357936
-1.458828,190,924.749244
100.563343,162,925.080582
4.938767,65,925.208417
5.016495,76,925.356199
102.497237,66,925.486539
2.001116,70,925.63085
3.456528,74,925.78415
3.918016,91,925.963669
4.646891,78,937.432944
1.087067,80,937.604729
3.007668,73,937.750324
1.116979,73,937.893401
3.432535,66,938.025084
101.13645,66,938.154787
-1.362746,489,939.178657
100.461224,70,939.325219
2.060036,66,939.466242
4.654016,70,939.604546
-0.125013,94,939.789169
-0.447073,227,940.237985
2.042835,73,940.382467
1.498766,94,940.587253
2.294672,68,940.721173
3.086798,73,940.865507
0.251559,75,941.015075
0.135946,99,941.218656
3.954741,63,941.347987
2.651686,76,941.507888
-0.652995,115,953.206133
3.706014,71,953.347663
0.177967,108,953.55961
101.025033,41,953.645487
3.554432,66,953.778957
1.951525,68,953.910495
2.773915,65,954.045445
0.968778,76,954.20889
104.525549,62,954.335899
3.862695,69,954.473032
-0.210996,102,954.673726
2.244283,70,954.811632
4.001296,64,954.93963
1.934871,82,955.104455
3.397377,87,955.277894
4.364202,65,955.406311
2.862604,78,955.560852
1.995488,71,955.709119
0.119962,85,955.884333
3.648952,72,956.029178
1.229027,73,956.175742
4.786802,80,956.389134
3.228425,66,956.549065
4.564153,89,956.732536
-0.182201,94,956.917734
3.725755,67,957.050793
3.456538,64,957.175712
3.941411,95,969.057387
1.195583,72,969.204588
-0.108107,221,969.64324
2.133817,64,969.771843
101.523293,78,969.928457
5.35218,68,970.082342
1.431055,73,970.231504
3.600261,78,970.388339
1.316887,77,970.548989
0.195664,85,970.734665
3.561212,66,970.871263
3.046863,80,971.030801
2.154479,68,971.188227
-0.362739,119,971.428699
3.025307,71,971.597251
0.917796,83,971.777543
2.558867,77,971.932314
1.642441,79,972.088038
4.754887,73,972.233897
0.839424,73,972.386901
0.525301,114,972.653855
3.456314,75,972.828914
1.652876,79,972.995936
0.598439,75,973.147415
0.854604,78,984.980071
0.223396,108,985.218721
5.116525,79,985.387691
0.419259,83,985.568292
4.036066,76,985.732623
5.695761,71,985.881572
4.165333,65,986.014646
1.803259,67,986.14246
2.223064,103,986.34782
0.199176,107,986.564167
103.063588,58,986.679716
1.407871,69,986.818244
101.435715,83,986.987464
1.377352,85,987.166758
4.525186,67,987.310796
2.593374,65,987.445212
-0.185571,79,987.608551
2.323819,71,987.752126
0.437826,94,987.952997
1.934524,70,988.103123
101.135436,72,988.251648
-0.354143,94,988.445624
3.568839,83,988.611516
1.538598,78,988.76791
3.618696,83,988.928752
2.205792,80,989.087351
101.03017,49,1000.805574
4.722619,66,1000.935213
1.300913,109,1001.14916
3.200105,67,1001.281993
1.637891,75,1001.431285
5.22647,63,1001.551159
1.281893,78,1001.710061
1.37387,84,1001.880938
4.646835,90,1002.054476
3.714807,82,1002.228383
101.55812,67,1002.373352
3.509612,69,1002.521038
2.217431,69,1002.670614
1.804731,74,1002.823429
103.248223,60,1002.948014
1.427976,71,1003.090152
101.964619,79,1003.252949
1.248547,79,1003.417686
3.648844,79,1003.572373
5.035952,66,1003.720968
4.670369,71,1003.859557
1.748505,73,1004.005064
103.846972,62,1004.126793
101.288159,95,1004.310757
3.120406,68,1004.450908
2.526697,71,1004.599805
2.704611,91,1004.779929
101.409719,77,1016.200062
2.470192,81,1016.359883
2.888746,71,1016.501145
102.333967,84,1016.662084
-0.123566,84,1016.827172
3.821905,65,1016.95273
-0.644079,97,1017.146978
3.005133,67,1017.282637
4.164262,88,1017.456958
3.983314,63,1017.582828
2.971857,90,1017.757869
2.807696,69,1017.907967
0.220581,80,1018.070989
4.604544,75,1018.217125
0.682589,81,1018.378822
4.022974,62,1018.500399
2.344191,84,1018.668567
0.974258,73,1018.813728
1.681638,75,1018.964802
3.547405,67,1019.09867
1.356456,103,1019.299171
1.372506,75,1019.464759
1.062177,75,1019.616413
102.841592,71,1019.759852
4.266547,72,1019.905628
102.958258,88,1020.087645
4.154871,90,1031.864333
3.634607,67,1032.001002
1.427647,72,1032.148939
4.626849,67,1032.282718
1.824595,74,1032.428793
3.06686,75,1032.581837
2.802109,78,1032.740871
2.924951,65,1032.86878
4.004717,63,1033.016597
5.359526,65,1033.143449
0.729947,77,1033.298516
102.124315,53,1033.40352
3.403062,70,1033.539434
4.824624,68,1033.673832
4.675158,75,1033.820886
2.305619,67,1033.957539
5.697894,84,1034.13908
-0.149375,122,1034.394981
3.417893,82,1034.563873
0.058523,77,1034.724308
1.850852,88,1034.905334
1.272316,75,1035.073079
2.168769,67,1035.211193
1.010565,76,1035.370214
1.697554,71,1035.517621
4.147367,77,1035.678329
0.992865,81,1035.83942
3.737024,74,1035.984028
2.981872,74,1047.373015
1.460208,77,1047.526069
103.448129,80,1047.689151
-1.19936,124,1047.93869
1.767854,89,1048.130414
2.724931,80,1048.288134
103.290244,55,1048.403817
2.198914,76,1048.554308
0.650725,80,1048.713887
-0.769836,105,1048.933433
4.246298,76,1049.089504
5.814921,70,1049.230114
5.53034,65,1049.360627
100.722861,60,1049.486559
1.530003,81,1049.652562
3.463317,71,1049.795135
1.84013,72,1049.938781
3.33318,65,1050.070045
3.011573,80,1050.230045
0.442182,117,1050.460573
3.009819,78,1050.615768
101.506449,66,1050.74689
0.808753,74,1050.899068
0.107894,77,1051.063372
2.041917,68,1051.198815
1.708705,87,1051.369849
101.811252,72,1062.766846
4.219242,92,1062.952536
0.746978,88,1063.135393
102.083199,98,1063.353335
1.225651,78,1063.508871
1.749773,68,1063.644252
4.066105,88,1063.820248
2.66746,71,1063.96475
103.995413,64,1064.091912
100.882262,55,1064.201782
2.414804,72,1064.347244
2.729043,64,1064.471856
0.940214,74,1064.627085
-0.076593,119,1064.877223
3.945091,66,1065.009027
2.361601,73,1065.165935
4.284437,67,1065.302564
4.180987,64,1065.438447
101.327371,76,1065.599399
3.275862,71,1065.739943
102.239674,71,1065.879696
4.970531,89,1066.052919
1.176508,72,1066.193604
4.556516,66,1066.321902
1.018976,73,1066.463915
2.25449,63,1066.611622
2.375701,71,1066.749655
1.335226,70,1078.177696
1.41901,72,1078.322842
1.995025,85,1078.492865
2.952863,69,1078.632105
100.831108,63,1078.762127
2.681921,76,1078.925262
2.193553,69,1079.067395
3.787379,70,1079.209416
0.813351,71,1079.354853
4.042051,1000,1081.396451
3.061992,66,1081.529537
4.532471,78,1081.684716
-0.444551,103,1081.890315
2.288779,75,1082.038063
1.109207,76,1082.190722
1.449314,77,1093.780652
-0.441455,79,1093.941944
4.314552,65,1094.073997
3.521633,64,1094.203417
4.437858,64,1094.332068
3.424674,72,1094.476855
1.926969,79,1094.642381
1.502214,76,1094.816056
4.287905,64,1094.948571
101.644392,89,1095.13257
-0.180449,92,1095.318928
2.48994,71,1095.460228
3.471481,67,1095.593255
2.728633,71,1095.737944
1.381607,70,1095.880364
2.197647,69,1096.02034
5.083724,66,1096.15156
2.618507,77,1096.303649
4.696377,75,1096.470115
0.837133,108,1096.682155
3.712014,63,1096.815325
2.93282,85,1096.983825
0.087072,103,1097.185725
102.13492,82,1097.342984
0.079151,87,1097.515527
4.805422,86,1097.685056
101.244537,71,1097.824189
6.003318,71,1109.212215
103.01421,58,1109.326379
4.391309,77,1109.475859
0.550115,84,1109.642559
2.162481,75,1109.787719
5.302196,67,1109.921332
2.183932,70,1110.061311
1.750334,69,1110.200718
3.085704,79,1110.354805
5.095902,70,1110.507676
2.973239,75,1110.651495
3.278098,64,1110.781632
104.349148,67,1110.918919
3.511956,76,1111.069245
-0.618575,201,1111.459985
4.607308,64,1111.590256
101.178826,66,1111.719016
1.671582,78,1111.872263
101.28768,84,1112.035844
1.40221,75,1112.185018
4.640464,69,1112.320591
0.151459,100,1112.517792
4.421429,63,1112.656023
3.293009,63,1112.78271
2.877895,85,1112.950567
1.565445,72,1113.091076
3.2437,75,1124.829246
2.97169,77,1124.983796
4.873683,68,1125.120448
1.733624,74,1125.271137
1.157697,636,1126.653661
4.668578,68,1126.80105
-0.134378,106,1127.002173
-1.367811,119,1127.234007
1.864644,88,1127.401933
0.412613,1000,1140.906876
5.298918,70,1141.048265
0.610395,76,1141.203511
3.439369,80,1141.362944
1.32332,70,1141.505393
-0.726831,97,1141.704682
2.476218,63,1141.831363
4.124031,65,1141.96229
1.715237,68,1142.092877
-0.203946,104,1142.303435
3.832853,64,1142.429471
3.966214,71,1142.569846
2.711332,100,1142.770318
4.23179,66,1142.901808
4.231104,63,1143.024975
3.494907,71,1143.161911
0.941442,1000,1156.710278
3.111622,81,1156.866625
1.827662,70,1157.002359
0.321304,77,1157.152214
1.43695,69,1157.288676
101.361892,98,1157.475462
4.388949,65,1157.600792
2.478843,75,1157.764433
3.570089,96,1157.975382
5.043108,91,1158.181817
101.269732,55,1158.300964
0.12094,101,1158.507999
0.126741,1000,1172.262705
4.52845,68,1172.406803
101.115502,83,1172.578565
-0.198019,75,1172.732265
3.059479,92,1172.930688
1.48779,73,1173.088093
-0.477355,84,1173.269466
106.152272,73,1173.427635
0.701285,136,1173.714856
3.483179,75,1173.875453
-0.427839,85,1174.055939
3.473758,69,1174.201001
5.415022,65,1174.335718
4.016995,73,1174.48919
2.022996,72,1174.635329
103.553116,84,1174.828156
2.801588,74,1174.99484
1.782608,81,1175.165955
3.290145,69,1175.315561
4.691186,63,1175.446527
5.573056,64,1175.577401
1.783328,75,1175.737647
4.3063,79,1175.895589
4.244682,77,1176.044156
1.105809,75,1176.198905
2.968917,76,1176.353242
3.515238,68,1188.089744
0.837503,79,1188.247393
104.835087,73,1188.390703
1.186452,75,1188.535826
2.968804,81,1188.700868
100.337227,72,1188.846436
3.116063,90,1189.028724
4.558328,67,1189.17057
0.702371,81,1189.329896
3.607607,65,1189.460629
0.264607,107,1189.688129
103.177396,84,1189.860176
3.929037,70,1190.0019
5.838767,64,1190.131698
1.251785,79,1190.289678
101.491136,68,1190.424639
1.729569,75,1190.571485
0.895865,76,1190.71873
5.394165,63,1190.845337
2.295483,71,1190.987211
1.733487,79,1191.160872
1.167203,74,1191.31378
1.187661,74,1191.465268
0.341671,90,1191.649811
5.220422,70,1191.788359
2.394252,72,1191.937147
3.893217,67,1192.070306
0.5821,84,1203.747679
3.370702,64,1203.874749
0.882043,82,1204.036175
103.92713,72,1204.17892
103.575433,82,1204.3412
-0.128147,87,1204.515455
1.289751,76,1204.666649
1.095006,73,1204.809114
1.553464,74,1204.952837
4.289531,84,1205.128565
4.529183,83,1205.310152
3.606261,65,1205.446154
1.056082,79,1205.607906
1.257209,70,1205.747969
3.589504,91,1205.926809
5.382167,70,1206.065679
3.565033,83,1206.222715
0.759917,109,1206.434146
4.226018,93,1206.629033
-0.556881,129,1206.877823
3.594443,88,1207.053279
4.306371,72,1207.193497
3.708427,73,1207.341242
1.064976,76,1207.487414
4.13712,86,1207.656048
102.74298,76,1219.496486
3.772106,75,1219.642184
-0.484211,95,1219.828411
1.34355,127,1220.081813
3.525818,69,1220.21494
2.016194,73,1220.359922
101.170739,96,1220.551913
101.744085,85,1220.740455
2.996573,66,1220.882438
1.356301,79,1221.058513
1.062294,69,1221.198977
1.352091,73,1221.356378
3.580365,80,1221.526279
3.327939,75,1221.681059
104.683069,63,1221.808438
3.79324,69,1221.942613
4.006379,94,1222.13079
4.595679,67,1222.266343
100.303172,25,1222.315701
1.25359,71,1222.453804
4.186129,64,1222.584563
4.8623,77,1222.733026
0.811038,67,1222.865548
4.561425,88,1223.051233
4.279705,65,1223.198275
4.678963,77,1223.357902
4.409966,85,1223.532711
4.391218,67,1235.027562
4.270222,73,1235.171184
3.832592,80,1235.333828
0.791966,145,1235.624227
100.915423,120,1235.865948
0.134014,125,1236.115654
3.942434,65,1236.248263
101.395902,74,1236.400034
102.771272,71,1236.564234
4.676857,82,1236.730033
4.028474,74,1236.883625
2.884753,68,1237.023836
1.342943,88,1237.199457
2.484328,67,1237.334549
2.448542,73,1237.481685
100.787304,48,1237.581668
0.92719,73,1237.741832
1.971858,70,1237.879622
0.655899,83,1238.045807
2.758959,70,1238.183036
3.595746,74,1238.32953
3.537748,68,1238.461821
2.050464,73,1238.608767
1.92888,89,1238.791518
0.698446,78,1238.947748
0.685582,125,1250.617123
-0.971434,113,1250.840196
0.681493,81,1251.001575
3.590217,69,1251.143007
3.901067,65,1251.276831
4.079412,62,1251.40376
2.793978,85,1251.575567
4.78821,72,1251.718805
3.968573,69,1251.854106
104.633259,64,1251.983114
1.538851,76,1252.131038
1.629415,72,1252.270336
3.783512,69,1252.407331
2.634697,71,1252.547742
0.61215,71,1252.702623
2.529375,84,1252.865991
4.189152,86,1253.036298
1.104004,82,1253.202159
3.705067,67,1253.330525
101.016959,114,1253.552794
4.69511,67,1253.687345
1.151177,107,1253.898976
1.991289,84,1254.067224
-0.141654,94,1254.252591
1.143044,119,1254.492867
2.247297,71,1265.951308
101.392908,98,1266.151028
1.432634,75,1266.301159
100.909549,75,1266.446334
0.047143,108,1266.664186
5.851974,68,1266.800583
4.872789,69,1266.956558
1.173307,75,1267.106428
0.629451,85,1267.28061
0.353159,154,1267.584293
3.378578,91,1267.767981
1.707546,78,1267.92382
2.997188,70,1268.069469
1.565612,75,1268.224046
1.474273,77,1268.379575
4.865904,71,1268.523298
2.162139,69,1268.661891
104.688763,68,1268.810184
103.178447,74,1268.958914
2.912967,65,1269.089377
2.612116,76,1269.238304
1.310086,140,1269.512025
2.914411,74,1269.656173
2.495403,75,1269.804339
5.105014,62,1269.924491
2.751556,73,1281.480817
2.935706,87,1281.663289
101.828582,58,1281.787822
3.508871,74,1281.938021
100.807547,68,1282.095138
5.185899,68,1282.231988
1.869412,69,1282.372277
1.963731,75,1282.520827
0.601924,74,1282.670482
-0.485294,147,1282.968402
5.532312,64,1283.098116
2.361733,72,1283.241843
4.537928,88,1283.436647
4.640489,73,1283.581616
4.711555,63,1283.709557
0.732858,77,1283.865859
1.248408,87,1284.040552
-0.55326,95,1284.230983
1.728994,70,1284.37195
3.118684,76,1284.522286
-0.18823,92,1284.708001
3.63781,65,1284.839006
1.222909,74,1284.985193
4.231289,67,1285.118521
2.398693,64,1285.248626
2.535998,102,1285.470959
3.208359,67,1285.603014
4.43826,73,1296.899911
4.78859,63,1297.021747
-0.695789,202,1297.4382
2.716618,78,1297.590761
3.257766,68,1297.724344
0.845163,70,1297.861657
3.988207,70,1298.00573
5.246966,66,1298.137747
0.792156,81,1298.295674
1.094188,156,1298.613742
1.583468,71,1298.756145
2.060361,82,1298.932808
-0.265049,95,1299.1234
101.397513,71,1299.263484
2.835018,68,1299.399403
3.591225,80,1299.561072
1.412554,113,1299.790433
1.506546,82,1299.954504
100.478668,61,1300.078085
4.49535,70,1300.21728
3.443748,63,1300.342628
106.09306,68,1300.490474
3.424895,86,1300.669721
1.763874,67,1300.802798
3.665912,62,1312.338271
4.598251,64,1312.486419
1.779278,70,1312.62586
2.057989,68,1312.763236
3.594631,67,1312.898583
3.679837,64,1313.033351
3.347764,84,1313.201128
101.255168,84,1313.3702
3.488898,88,1313.544738
0.941985,144,1313.827257
-0.388406,403,1314.640901
4.348802,62,1314.765458
-0.11611,90,1314.947651
0.67632,79,1315.110186
1.765012,64,1315.23563
4.520565,68,1315.377598
3.034208,66,1315.513686
101.135735,56,1315.628131
3.675259,64,1315.761695
3.571679,79,1315.921893
-1.183794,195,1316.316913
2.980066,86,1327.900882
1.647216,75,1328.054376
0.299216,98,1328.2484
0.634988,217,1328.679222
1.970463,76,1328.841032
3.473953,73,1328.986856
5.341547,71,1329.132172
5.154204,70,1329.273779
4.264674,70,1329.411276
0.171363,92,1329.592279
3.721791,65,1329.719713
4.313648,82,1329.878915
4.6625,64,1330.00447
1.635046,72,1330.144372
2.176247,81,1330.303972
1.045418,80,1330.457676
2.280033,64,1330.584814
1.449007,73,1330.730445
4.545352,77,1330.882274
0.913905,90,1331.06179
5.770578,65,1331.190968
101.648913,89,1331.369315
3.196722,71,1331.518071
5.031607,63,1331.6449
3.046525,68,1331.786654
0.942349,642,1344.366263
3.648534,78,1344.526102
1.651516,86,1344.710117
104.139988,61,1344.831837
103.001161,65,1344.966799
1.753182,89,1345.147469
4.410745,63,1345.274558
1.905194,84,1345.446107
2.426099,71,1345.588779
1.462461,89,1345.767011
2.570306,68,1345.907063
3.527257,66,1346.052717
2.463829,69,1346.187688
100.392464,255,1346.691834
101.143359,100,1346.884828
3.583516,65,1347.013754
4.39937,64,1347.141343
2.54508,76,1347.289998
101.463545,76,1358.633322
1.045991,73,1358.779737
4.045325,74,1358.92238
0.45485,72,1359.061915
1.075971,75,1359.209541
2.737315,74,1359.35545
4.321845,69,1359.492942
0.10046,117,1359.726605
4.534537,62,1359.845963
3.95402,63,1359.970231
101.738137,72,1360.119482
101.144978,82,1360.293762
-0.550763,92,1360.498458
100.65061,52,1360.606947
4.62388,63,1360.737192
4.666606,67,1360.873573
102.752314,56,1360.989894
3.7396,70,1361.133464
4.534969,73,1361.286552
2.870233,79,1361.44814
2.96245,66,1361.58544
100.810216,109,1361.82659
1.695778,67,1361.959475
4.658468,64,1362.08699
101.023992,97,1362.279098
2.174678,71,1362.415129
3.55394,67,1362.54639
1.166201,89,1362.72445
2.532728,85,1374.233864
1.841254,79,1374.386791
3.865487,75,1374.531994
-0.2597,266,1375.059873
1.184521,70,1375.200826
1.035102,76,1375.348032
3.685112,71,1375.488141
2.082398,69,1375.622415
2.05794,74,1375.778655
3.61183,68,1375.91167
5.697877,72,1376.051316
4.220437,71,1376.19738
3.846061,63,1376.334209
0.147039,89,1376.515681
3.262858,70,1376.663019
2.089596,68,1376.804595
100.251274,65,1376.939518
0.535215,124,1377.205724
3.162441,73,1377.351379
100.411481,116,1377.58155
1.728495,75,1377.728698
4.61942,70,1377.867382
0.769546,89,1378.051358
3.797594,66,1378.185755
3.935496,61,1389.784582
3.613116,63,1389.902897
100.309134,686,1391.26478
-2.153022,168,1391.594812
3.233677,77,1391.745189
0.138158,81,1391.903504
1.167162,74,1392.049583
2.612647,63,1392.175743
3.236404,67,1392.317057
0.706382,75,1392.474337
2.891346,69,1392.614152
1.482839,87,1392.795181
1.980324,72,1392.938169
4.941504,80,1393.099193
3.613399,66,1393.229583
101.345333,109,1393.443478
1.749448,87,1393.615595
1.028532,69,1393.75331
1.409084,81,1405.257292
100.768464,68,1405.394828
5.146912,70,1405.535268
5.349651,63,1405.664362
3.655504,65,1405.797342
1.575309,75,1405.953969
100.786278,70,1406.099663
2.676614,68,1406.246422
3.080017,67,1406.395711
1.977573,65,1406.533302
4.243423,74,1406.687078
1.995558,73,1406.835325
102.433912,52,1406.935682
4.700248,71,1407.071956
2.012845,72,1407.210237
3.68538,66,1407.341507
102.418942,70,1407.477762
4.348996,62,1407.601959
4.192243,69,1407.738219
101.041255,95,1407.920966
1.897336,75,1408.081729
3.226635,75,1408.227939
0.036018,81,1408.383835
3.767626,64,1408.506349
3.894923,87,1408.677025
0.128754,78,1408.827745
3.828864,73,1408.971699
-0.739933,91,1409.166507
2.728425,67,1420.85496
3.152594,66,1420.98936
2.974621,68,1421.123309
2.907876,67,1421.25645
3.253317,79,1421.424312
2.409272,80,1421.583202
5.161642,87,1421.755475
100.322915,39,1421.83783
1.232345,81,1421.997867
3.383072,66,1422.128467
2.804999,94,1422.313202
1.047765,73,1422.464087
3.824102,68,1422.599106
1.046935,75,1422.752126
1.797697,66,1422.883527
105.714224,64,1423.013967
3.650009,69,1423.168926
3.033772,70,1423.305696
3.053934,64,1423.436808
100.553932,76,1423.588035
2.362744,66,1423.725943
0.206653,1000,1437.104226
2.440945,77,1437.255563
4.168779,62,1437.380016
5.159829,72,1437.522737
4.139794,71,1437.664914
2.115662,74,1437.810733
102.70112,57,1437.922438
2.685038,63,1438.045289
102.207239,84,1438.209305
106.061643,75,1438.355346
3.991476,65,1438.480285
2.973789,67,1438.609013
1.924668,76,1438.752417
4.840279,68,1438.878391
0.896046,73,1439.014856
-0.258396,306,1439.602542
3.634514,71,1439.738078
3.828096,88,1439.906731
1.956059,77,1440.054054
0.240855,93,1440.236547
4.960179,77,1451.891543
2.378794,65,1452.018745
1.667176,68,1452.160003
2.635848,97,1452.353113
2.338132,91,1452.535348
2.94717,64,1452.658644
2.041137,82,1452.829643
-0.392923,89,1453.001905
4.030047,73,1453.145771
3.968696,65,1453.275902
0.190419,1000,1455.321949
2.349638,68,1455.460321
100.73396,67,1455.588884
2.821025,76,1455.734611
100.270512,62,1455.857
1.907859,70,1467.295227
-0.612766,92,1467.488888
3.913381,64,1467.611948
4.055777,67,1467.742726
1.612512,71,1467.883966
5.207917,63,1468.008675
2.216373,71,1468.152389
5.697296,67,1468.288373
3.962188,75,1468.439549
4.087607,66,1468.578071
4.315996,65,1468.708428
3.931494,68,1468.846848
5.116591,63,1468.972592
3.814622,68,1469.111249
3.475659,71,1469.256576
0.949309,84,1469.425362
2.561874,91,1469.613327
3.051228,85,1469.784629
-0.400766,201,1470.191969
2.730315,77,1470.350504
2.779344,86,1470.524512
1.198406,90,1470.710496
4.676511,67,1470.846742
3.444562,69,1470.981658
104.367489,65,1471.108799
3.047619,63,1471.228013
2.918742,64,1471.349723
5.18539,68,1483.040681
2.397801,66,1483.180767
2.828612,76,1483.33385
104.562243,68,1483.467077
106.167158,70,1483.609999
2.026387,71,1483.752191
3.944908,73,1483.895863
1.030157,76,1484.055956
1.699361,70,1484.198204
100.865844,62,1484.321706
0.6884,78,1484.471948
3.427587,72,1484.613091
2.299101,72,1484.757361
0.7877,83,1484.935671
100.722482,81,1485.093715
100.359406,64,1485.222301
4.589937,64,1485.348231
4.873781,75,1485.504901
-0.50002,104,1485.731893
4.960523,65,1485.868409
101.497179,115,1486.120296
5.360133,71,1486.266997
1.793946,75,1486.424617
4.03914,73,1486.583364
4.743096,63,1486.715437
3.96633,65,1486.856818
2.021591,82,1487.039517
104.820218,62,1498.713104
0.397469,1000,1500.781089
101.103092,92,1500.966482
102.1458,73,1501.115359
1.21858,71,1501.260206
4.071596,65,1501.394219
101.358788,83,1501.566304
1.595569,91,1501.753667
1.916254,74,1501.906726
0.180931,85,1502.09553
3.080054,94,1502.287895
2.9649,75,1502.440683
4.094189,68,1502.579071
101.355788,64,1502.712649
5.154711,62,1502.841941
1.594223,84,1514.427764
2.937597,70,1514.583201
3.209804,65,1514.712581
3.392247,64,1514.837699
100.801304,69,1514.976036
5.537053,70,1515.116223
2.967702,68,1515.247184
1.603284,98,1515.445995
-0.212415,88,1515.619167
-0.050358,96,1515.807579
100.721975,31,1515.865143
100.495565,49,1515.963236
3.475198,72,1516.103739
-1.4638,161,1516.418145
3.044541,74,1516.565166
2.140542,69,1516.700384
3.545497,64,1516.826654
2.717609,68,1516.96335
2.625944,63,1517.0907
4.079531,67,1517.233672
4.025286,65,1517.370953
4.672471,65,1517.509428
4.265149,76,1517.670418
1.386987,69,1517.812434
2.029214,66,1517.946868
2.608795,72,1518.089723
4.193962,76,1518.239157
2.336168,67,1518.37057
3.612628,86,1530.129727
4.321146,63,1530.260151
3.754718,68,1530.3953
100.468584,77,1530.553204
5.899344,98,1530.756986
101.712192,73,1530.905836
2.069521,76,1531.061891
3.568664,68,1531.216508
4.723575,68,1531.351918
1.703781,69,1531.504636
0.426068,83,1531.683545
4.772203,63,1531.815643
2.535883,77,1531.980834
4.19736,75,1532.135282
0.925047,69,1532.276131
3.9984,63,1532.403224
1.514378,69,1532.543796
3.430361,96,1532.750936
1.079937,77,1532.934166
2.908416,90,1533.1168
-0.073606,81,1533.281734
5.999408,67,1533.4215
0.493655,109,1533.646951
100.377645,55,1533.76918
-1.032507,208,1534.20341
5.217512,66,1545.97439
0.518067,101,1546.194884
1.733318,85,1546.383947
3.107528,68,1546.531941
4.559432,66,1546.673807
3.181864,80,1546.840609
0.764541,74,1546.994345
3.647022,97,1547.195594
101.440354,91,1547.396169
1.592848,76,1547.565519
3.730815,80,1547.731421
4.10639,75,1547.886028
2.211613,72,1548.031642
3.931137,64,1548.169325
1.247625,85,1548.345492
2.497674,67,1548.484754
102.265809,77,1548.643301
2.298592,68,1548.78166
3.807492,63,1548.912797
4.6477,72,1549.075415
1.243825,71,1549.220618
4.159239,67,1549.359898
0.832216,86,1549.537498
-0.51783,99,1549.736305
6.006991,81,1549.907372
1.819458,76,1550.061946
4.921654,68,1550.202221
1.72944,86,1562.038293
4.134627,64,1562.165571
0.778711,75,1562.312834
0.716006,75,1562.463578
5.165658,67,1562.598813
-0.069693,109,1562.813455
4.774445,62,1562.933496
2.956556,62,1563.061205
3.218858,66,1563.198314
3.009902,69,1563.349433
101.36464,52,1563.454703
1.356222,89,1563.640829
4.048232,67,1563.78002
3.239189,67,1563.916963
4.030078,89,1564.10445
3.773518,90,1564.290113
4.090705,63,1564.420266
0.873566,99,1564.642094
0.158882,90,1564.83193
-0.0282,103,1565.049655
2.867475,69,1565.188838
0.710467,92,1565.376624
102.622027,72,1565.519938
102.088334,83,1565.689024
0.526865,1000,1579.387479
3.862399,98,1579.602038
1.799663,81,1579.778677
1.969687,90,1579.963716
3.866116,100,1580.176563
1.269165,100,1580.386976
1.654731,72,1580.552878
0.678433,127,1580.806311
3.158921,77,1580.962158
4.005868,77,1581.116107
100.629737,84,1581.283693
1.173075,71,1581.422756
3.851648,64,1581.54972
3.647284,69,1581.681594
0.56208,1000,1595.427112
1.210964,76,1595.581313
1.530279,80,1595.753688
0.924301,78,1595.904563
2.327502,70,1596.040326
101.863424,60,1596.159037
4.325678,71,1596.304789
4.167822,65,1596.435054
0.887304,94,1596.620071
3.361508,67,1596.756383
1.223898,82,1596.91983
3.098553,65,1597.047974
101.839955,57,1597.165342
0.066518,85,1597.33606
0.792198,80,1597.51194
5.707151,63,1597.641356
2.3234,65,1597.76708
1.358671,90,1609.141835
2.349464,77,1609.290087
4.518931,66,1609.418847
2.948272,74,1609.55974
100.477713,63,1609.691971
3.186469,66,1609.825567
4.522271,62,1609.944908
4.030704,63,1610.066761
100.110083,46,1610.16101
4.033466,91,1610.338331
2.187225,86,1610.509466
3.992319,107,1610.72071
1.992378,74,1610.862666
3.251091,66,1610.993352
0.902256,75,1611.137722
1.109853,78,1611.292155
3.649801,65,1611.438589
5.564952,66,1611.568886
-0.403754,93,1611.750976
2.547631,79,1611.906532
-0.315729,104,1612.112059
0.027771,85,1612.284337
4.25342,69,1612.423255
4.043582,64,1612.551326
3.397462,81,1612.71129
3.635507,62,1612.835902
4.600479,73,1612.980527
0.878231,75,1624.695849
1.049941,80,1624.858413
0.57495,109,1625.074715
4.639116,61,1625.195797
3.434601,65,1625.325663
4.962012,67,1625.460302
101.21041,60,1625.577686
1.770768,76,1625.736861
2.429795,68,1625.880121
1.641217,70,1626.027113
1.651273,71,1626.171178
2.806043,79,1626.347924
4.547892,66,1626.483398
3.569199,85,1626.654845
1.959446,69,1626.794198
3.071364,102,1626.996654
101.105806,66,1627.135439
3.709328,64,1627.264027
2.680065,67,1627.402854
3.241013,66,1627.534275
0.654722,71,1627.694542
3.159055,79,1627.851828
4.446482,68,1627.98963
0.989716,106,1628.208442
4.215692,68,1628.34657
0.918605,73,1628.496017
4.223135,64,1628.624816
2.563533,65,1628.756104
3.366014,65,1640.248165
101.685851,77,1640.403161
3.361365,72,1640.547009
1.556685,85,1640.717557
2.76381,62,1640.843984
3.306537,89,1641.023058
0.821784,78,1641.177924
2.187818,65,1641.311523
-1.412241,100,1641.511197
0.543169,83,1641.689572
0.859122,76,1641.842143
2.597511,75,1641.991837
102.31933,88,1642.164703
3.051395,67,1642.299206
2.677653,79,1642.460479
3.493591,94,1642.660544
1.344573,93,1642.863357
100.886514,108,1643.106787
3.761764,66,1643.236025
3.060442,65,1643.362667
1.902597,75,1643.509644
3.635637,84,1643.679186
2.185571,78,1643.832591
3.763156,67,1643.972288
4.647192,68,1644.109337
1.623861,72,1644.255293
2.400301,66,1644.387249
1.920021,73,1656.070542
2.236785,69,1656.212085
3.027876,72,1656.35796
1.457395,93,1656.549757
2.462535,64,1656.683008
5.233129,66,1656.822407
2.943833,104,1657.036632
4.333064,67,1657.171391
1.318257,91,1657.356779
0.789484,79,1657.536901
3.631436,64,1657.668166
2.935302,76,1657.831437
-0.1356,292,1658.424116
1.092793,86,1658.599482
1.888317,86,1658.793707
101.57607,109,1659.011229
1.39111,73,1659.16006
101.035501,89,1659.336243
103.163275,52,1659.438173
102.328199,54,1659.551527
4.420383,68,1659.686145
2.931089,70,1659.835252
3.656642,93,1660.028085
102.235962,72,1671.63099
4.739271,64,1671.761319
3.051161,89,1671.94109
103.972404,56,1672.05775
0.098314,73,1672.204969
1.4234,83,1672.369055
0.49233,135,1672.643937
0.812248,94,1672.834789
1.132566,68,1672.97113
4.730094,64,1673.097088
2.384024,74,1673.263648
0.265572,78,1673.423414
1.758077,70,1673.564026
1.18747,79,1673.72505
4.316589,64,1673.85293
4.34585,75,1673.997102
3.759375,76,1674.143193
5.323495,71,1674.284187
4.048713,62,1674.406178
-0.011592,1000,1687.876783
0.919294,72,1688.02201
100.66708,53,1688.132624
100.803383,72,1688.278888
1.28032,73,1688.430115
101.545035,73,1688.578784
2.120526,64,1688.714603
2.301234,79,1688.880055
102.000601,64,1689.016978
0.925357,107,1689.233197
101.368612,57,1689.350794
0.732527,78,1689.508888
0.429173,97,1689.708226
3.654397,65,1689.838939
0.678557,94,1690.029578
5.368454,69,1690.184294
1.378163,75,1690.336682
3.101025,66,1690.47278
3.052872,67,1690.610562
1.684499,71,1690.762065
-0.61752,79,1690.928023
104.964354,62,1691.056207
4.964963,75,1691.211091
-0.693725,126,1702.931559
3.459542,65,1703.057527
3.4991,67,1703.192082
2.258083,68,1703.330656
3.897751,72,1703.473587
104.16644,61,1703.596084
2.308434,69,1703.733102
1.69214,71,1703.885422
3.182135,81,1704.049091
3.537352,68,1704.186344
4.035929,62,1704.305763
102.783249,71,1704.44756
5.893369,74,1704.596761
5.135337,71,1704.73753
1.524703,95,1704.92344
3.599979,90,1705.102381
1.922611,63,1705.228028
2.083679,68,1705.363605
0.14579,1000,1718.696349
101.435829,65,1718.824675
1.909855,91,1719.007141
2.777568,68,1719.141353
4.66765,64,1719.268927
2.987787,67,1719.404895
0.746226,109,1719.627927
1.287938,69,1719.76646
0.619876,92,1719.949768
1.422551,87,1720.127318
0.740976,73,1720.274258
-2.160579,293,1720.867634
102.375201,85,1721.038634
101.057862,73,1721.187518
3.900295,85,1721.361649
4.890994,63,1721.483938
2.209944,71,1721.627632
0.778394,71,1721.783468
3.574654,64,1721.909395
102.388111,64,1722.032721
1.681292,74,1722.176327
4.730235,65,1722.301369
100.451387,142,1733.829002
-0.478564,87,1734.001216
2.570015,66,1734.132744
3.505203,69,1734.265868
103.624964,60,1734.387589
1.768708,89,1734.561329
1.212006,79,1734.719382
4.201601,63,1734.848888
1.299955,73,1734.99756
101.441343,70,1735.149523
0.822779,97,1735.34494
101.316449,79,1735.498578
101.238005,79,1735.655363
100.56391,82,1735.819832
-0.482562,1000,1749.210407
2.40144,64,1749.335262
0.218689,1000,1751.356735
5.12537,67,1751.491993
101.490243,99,1751.690182
4.443563,69,1751.837153
3.235595,70,1751.979525
4.565419,73,1752.148389
2.099355,68,1752.286255
3.813582,84,1752.450847
-0.112245,86,1752.62307
1.924807,78,1752.779627
4.6168,67,1752.913458
1.246759,67,1753.048388
4.003696,89,1753.22374
3.107209,74,1764.693974
2.857984,64,1764.82179
102.977075,51,1764.921522
4.435164,77,1765.074249
103.06409,68,1765.208896
1.903411,83,1765.375262
4.699688,82,1765.538954
101.648666,62,1765.660351
4.865702,63,1765.788542
1.963097,68,1765.921379
-0.644051,114,1766.151145
1.278276,79,1766.30491
-0.90569,94,1766.49658
102.931093,60,1766.627861
3.995484,63,1766.752405
101.502728,78,1766.903906
0.375117,76,1767.053496
3.718368,81,1767.21419
1.371853,87,1767.383884
4.702288,63,1767.509032
-0.278963,114,1767.729977
100.664891,46,1767.835723
103.954413,63,1767.960686
2.779578,67,1768.092073
3.805946,65,1768.219741
4.680422,63,1768.349893
4.083814,64,1768.473501
1.708157,67,1768.604139
4.238522,64,1780.063611
100.623424,56,1780.195216
3.206535,78,1780.351535
2.779854,68,1780.488099
3.284533,62,1780.612156
3.381766,63,1780.738034
4.325396,67,1780.874205
3.206647,67,1781.006536
1.627973,79,1781.168816
3.180183,61,1781.29323
1.639355,79,1781.454476
1.450052,78,1781.612393
0.183,202,1782.029105
101.195383,43,1782.116742
2.329442,81,1782.281257
1.46659,69,1782.422985
1.095829,110,1782.642364
4.324453,64,1782.776762
103.028237,57,1782.892555
4.532661,65,1783.024713
4.144562,60,1783.144345
100.602078,203,1783.544138
1.018309,125,1783.793101
2.929958,78,1783.949596
1.464413,69,1784.087807
4.340522,77,1795.590645
1.383335,88,1795.760962
0.167615,240,1796.232133
-2.305173,114,1796.450222
3.490303,67,1796.590743
4.432086,62,1796.713966
4.406764,63,1796.85851
5.14864,81,1797.032393
3.871122,72,1797.187138
3.371148,106,1797.420223
2.057296,68,1797.566113
102.879362,55,1797.677463
101.49832,78,1797.832922
1.602249,76,1797.994176
2.772512,82,1798.162405
0.120733,184,1798.548358
1.997099,76,1798.708828
5.28423,63,1798.840158
104.570912,70,1798.975329
100.705964,75,1799.13159
-0.180326,97,1799.324729
4.715276,65,1799.449943
3.543451,65,1799.57573
1.44995,77,1799.730056
-1.122981,110,1811.337099
4.375298,63,1811.460024
2.506471,72,1811.607379
0.064228,1000,1813.666009
0.30151,107,1813.898577
-0.103057,106,1814.112045
2.002525,90,1814.292072
0.17946,80,1814.450504
104.296187,59,1814.56589
4.535381,69,1814.709988
2.783758,68,1814.844923
0.26008,86,1815.01666
2.856322,69,1815.150442
1.104837,113,1826.932696
1.617086,68,1827.065681
1.97159,69,1827.203975
5.704859,178,1827.561939
3.539182,80,1827.725832
2.073507,80,1827.89815
2.925883,71,1828.055666
100.272829,63,1828.17917
2.012084,65,1828.30686
2.500676,87,1828.477382
5.205315,84,1828.644124
2.273271,65,1828.770563
2.741138,67,1828.903373
1.996746,69,1829.036291
1.346474,69,1829.17029
0.295533,74,1829.313737
1.56031,69,1829.448606
2.219953,83,1829.608218
4.135344,66,1829.735652
5.1058,68,1829.868249
3.695192,103,1830.09036
2.519152,66,1830.217313
101.832251,68,1830.35027
0.908006,80,1830.507021
3.996541,65,1830.635287
3.90489,75,1830.781172
3.095013,66,1830.912732
102.600178,82,1842.338871
3.723196,64,1842.462962
1.663043,70,1842.59636
101.959662,76,1842.74137
0.398836,1000,1844.759339
2.013359,69,1844.901335
4.087022,70,1845.041553
3.28917,68,1845.194451
3.308569,67,1845.328256
100.211716,53,1845.432494
1.514642,92,1845.619717
-0.237086,165,1845.949578
101.792694,70,1846.092837
1.935503,69,1846.228532
3.387163,66,1857.659638
4.750327,71,1857.805027
101.884948,42,1857.891436
4.898564,70,1858.035338
1.618917,78,1858.19114
101.671283,63,1858.31764
4.799729,66,1858.450589
105.303729,71,1858.596858
3.549452,64,1858.730158
4.184645,63,1858.854326
2.944138,65,1858.994416
5.400771,67,1859.141241
1.320075,70,1859.28618
2.587456,78,1859.44154
103.167552,67,1859.577168
0.842704,85,1859.749048
3.210872,72,1859.894183
3.729137,65,1860.027309
4.712175,63,1860.157716
-0.179839,82,1860.340361
-0.103608,110,1860.563522
4.320701,108,1860.786625
1.320888,64,1860.916321
0.964679,73,1861.064979
0.789144,85,1861.234993
5.188097,78,1861.391994
3.98527,62,1861.516143
1.217238,76,1861.665909
4.783831,65,1861.795927
2.825942,65,1873.25076
3.121747,64,1873.38035
101.094887,70,1873.52019
3.75283,89,1873.696167
0.985108,70,1873.838137
3.746577,64,1873.963782
0.600662,1000,1875.999418
3.88645,65,1876.131786
4.734638,63,1876.260345
1.788586,75,1876.409112
101.445116,64,1876.540891
103.368417,73,1876.683645
3.769442,65,1876.812521
3.279894,62,1876.934416
101.180559,104,1877.144074
100.455954,68,1888.658331
2.772401,68,1888.794559
5.663402,67,1888.929098
3.137381,78,1889.085624
0.156476,1000,1891.135465
101.084547,82,1891.301593
2.674819,68,1891.43895
1.754635,99,1891.637072
1.713138,67,1891.773366
1.242946,68,1891.914822
0.686966,95,1892.105461
1.305679,64,1892.231371
-2.039275,127,1892.485514
2.636774,68,1892.622366
1.775422,129,1904.212763
3.306929,64,1904.342363
4.79668,70,1904.482228
4.238427,74,1904.627055
4.891686,71,1904.767046
100.879886,82,1904.930457
100.995049,71,1905.080106
4.181971,72,1905.234765
2.242349,69,1905.368559
1.279593,75,1905.515749
101.975257,70,1905.652264
5.426276,70,1905.792494
4.007793,72,1905.936957
2.224188,93,1906.12157
0.826345,74,1906.269467
3.031822,93,1906.457086
0.789347,85,1906.642237
2.650476,63,1906.775225
0.147261,1000,1920.341835
102.919628,89,1920.52463
102.419771,67,1920.661744
1.249062,69,1920.800799
1.301995,90,1920.981226
101.138911,60,1921.099968
2.480478,67,1921.235656
1.252239,76,1921.385519
3.523498,61,1921.507352
1.594758,69,1921.643615
3.783809,65,1921.772827
1.935405,88,1921.948996
3.459521,75,1922.09897
-0.263523,196,1922.490329
1.267516,87,1922.659955
2.639486,68,1922.799984
4.30161,64,1922.929689
3.793688,73,1923.07617
101.868267,53,1923.181723
4.283448,69,1923.319703
3.707493,72,1923.464737
2.862721,70,1923.604235
1.797948,81,1923.763571
5.147579,67,1923.894201
105.422945,78,1935.781533
1.867976,69,1935.937838
0.459694,99,1936.180504
102.185675,65,1936.321201
1.651533,99,1936.537485
1.37761,68,1936.67198
1.899568,70,1936.817796
2.427841,68,1936.951964
104.806533,71,1937.102611
4.259016,68,1937.251906
3.660299,85,1937.457515
4.073955,65,1937.58499
101.764807,68,1937.715224
2.68835,69,1937.853664
1.119597,69,1937.991616
101.052519,48,1938.103231
1.967972,64,1938.246573
2.507626,67,1938.396599
0.800317,81,1938.57673
104.718066,60,1938.703892
4.266616,82,1938.894088
1.360797,76,1939.055054
0.950878,76,1939.217805
2.120621,69,1939.36613
5.195418,63,1939.499653
3.283778,71,1939.650503
-0.181236,1000,1953.480403
3.995793,63,1953.611322
-0.156936,177,1953.965792
1.329859,82,1954.130779
0.563004,76,1954.281998
102.739221,67,1954.415947
3.847408,63,1954.540833
1.784674,83,1954.702627
3.293214,66,1954.835154
3.839204,72,1955.002125
2.530693,67,1955.139227
3.163906,65,1955.266661
4.637504,163,1955.58672
4.105401,62,1955.712438
3.243051,76,1955.863927
2.528736,64,1967.402266
101.880748,48,1967.496419
3.881105,71,1967.635817
0.949479,121,1967.877282
3.834079,65,1968.01152
103.416067,67,1968.142269
1.327557,139,1968.428259
4.791422,62,1968.552609
4.436455,89,1968.724648
4.632479,63,1968.8455
1.533915,64,1968.989213
1.91644,90,1969.169403
101.439858,70,1969.313014
1.588091,63,1969.444573
105.1477,66,1969.584275
4.740136,123,1969.82863
4.391472,68,1969.961016
100.942361,60,1970.08087
0.142874,93,1970.268898
3.778831,67,1970.402804
2.996268,69,1970.542653
5.312291,67,1970.682882
1.74491,69,1970.820833
2.441228,68,1970.952158
-0.713518,94,1971.133975
2.222405,73,1971.274177
100.888331,77,1971.421088
100.767929,103,1982.904705
102.030981,68,1983.036861
0.610084,96,1983.224102
0.385095,79,1983.377813
5.512736,82,1983.540254
3.986296,65,1983.665602
3.837579,63,1983.788957
2.87176,70,1983.928377
2.171617,92,1984.106681
4.857419,64,1984.230448
1.459048,85,1984.415775
1.206802,90,1984.5964
100.873469,76,1984.744519
104.012281,61,1984.865492
1.562553,78,1985.014795
0.751105,75,1985.163343
104.296444,74,1985.307455
4.592065,62,1985.431853
4.341117,64,1985.558596
4.287886,65,1985.687733
3.431303,69,1985.824203
4.04929,62,1985.95915
2.151139,68,1986.102139
102.23185,63,1986.225164
4.075277,65,1986.355834
-1.565877,101,1986.552868
101.951371,59,1986.668441
102.468986,47,1986.761162
4.350303,63,1998.401622
4.403586,65,1998.531473
101.319358,52,1998.637256
-0.189883,86,1998.805415
1.0714,94,1998.988834
2.039835,92,1999.1685
1.681843,69,1999.314471
2.550931,68,1999.452004
1.995498,70,1999.591589
102.932353,53,1999.699664
103.530477,61,1999.826717
2.259988,63,1999.951869
3.686881,72,2000.098801
100.242936,45,2000.189284
1.842659,69,2000.326991
2.05609,68,2000.465069
102.99774,70,2000.604661
3.508294,64,2000.730768
3.703664,67,2000.864817
0.471895,1000,2014.229335
3.739437,65,2014.363627
4.084734,68,2014.507442
102.045238,69,2014.649343
3.220693,73,2014.799452
3.597141,96,2014.991765
1.610456,92,2015.17407
1.338412,83,2015.343719
101.633972,57,2015.459455
0.344274,1000,2017.463299
1.732486,77,2017.616888
5.347442,67,2017.753536
3.096536,80,2017.917547
1.625319,81,2029.571466
3.973613,71,2029.711815
2.486867,68,2029.847924
1.611114,83,2030.016327
3.085517,68,2030.151117
103.878905,57,2030.265362
2.045146,70,2030.401143
2.795922,64,2030.538057
3.543882,60,2030.67209
4.555981,63,2030.794482
103.034439,55,2030.903479
1.541957,64,2031.028788
1.219899,97,2031.219383
-0.43056,78,2031.373614
4.101883,73,2031.516315
2.992682,69,2031.65606
2.947363,74,2031.802846
2.532371,64,2031.930439
101.1326,78,2032.085723
4.146003,66,2032.233974
0.947879,89,2032.409283
0.446789,121,2032.649548
1.868263,78,2032.807363
0.818875,85,2032.985038
1.694996,80,2033.146199
1.727043,74,2033.295097
1.518438,70,2033.435862
1.546829,77,2044.845161
1.310966,72,2045.004669
2.763666,77,2045.157471
2.127075,86,2045.330473
0.352105,93,2045.518409
4.123666,180,2045.875414
3.783827,62,2046.002704
3.672372,75,2046.150465
3.353345,82,2046.314981
0.076708,79,2046.474163
102.479732,64,2046.603915
2.110775,83,2046.769994
2.692076,82,2046.936522
3.934314,66,2047.067449
101.204596,925,2048.961833
101.015489,83,2060.43839
5.12799,65,2060.566285
5.797554,89,2060.747783
2.341254,68,2060.884988
101.537737,90,2061.071721
4.839636,68,2061.212829
101.275322,110,2061.438093
4.012764,65,2061.563643
1.496397,98,2061.760541
-0.790407,233,2062.231196
2.113609,69,2062.370673
3.579866,70,2062.511959
3.598176,71,2062.654529
0.668832,82,2062.821929
2.729442,72,2062.970982
0.094565,1000,2076.372592
2.534825,81,2076.540345
101.234358,85,2076.710591
0.000216,1000,2078.728103
1.298352,79,2078.893768
-2.376101,233,2079.361949
101.928982,78,2079.51871
0.807017,83,2079.687368
3.925376,67,2079.821859
-0.04163,115,2091.46009
2.156161,84,2091.632952
3.578182,64,2091.759794
2.241572,74,2091.905534
2.627321,90,2092.087536
0.720735,110,2092.307313
-0.138537,1000,2094.334583
-1.07401,93,2094.529188
4.750558,74,2094.693354
3.537549,65,2094.823935
-0.369443,97,2095.018581
100.754461,40,2095.101836
4.799406,66,2095.227752
3.178467,76,2095.377645
4.489421,67,2106.864279
5.547989,67,2107.015089
0.861314,79,2107.172808
5.070625,63,2107.293638
103.073488,54,2107.403054
2.634699,76,2107.559895
1.978179,88,2107.728978
3.873002,82,2107.893219
1.12409,84,2108.072459
5.118614,63,2108.195959
3.291248,97,2108.394004
3.622056,65,2108.528213
4.378991,82,2108.697722
4.51484,62,2108.817803
2.675316,65,2108.947071
1.270991,69,2109.084479
101.643268,98,2109.278682
-0.226896,207,2109.679781
2.766482,71,2109.821345
2.461083,69,2109.955824
3.685695,70,2110.095166
5.771091,66,2110.224432
101.584702,74,2110.373775
-1.755656,117,2110.604864
1.862705,70,2110.739397
4.41368,99,2110.933724
1.712626,65,2122.371014
-0.179126,1000,2124.391231
0.725834,156,2124.698523
-0.214312,106,2124.910199
3.737248,63,2125.049832
4.741988,78,2125.19986
3.412292,67,2125.325873
0.085219,83,2125.490825
5.199808,72,2125.628192
-0.098414,74,2125.771927
3.855685,68,2125.901258
3.184646,70,2126.039326
3.067216,82,2126.200615
3.21514,72,2137.584295
4.050323,68,2137.718172
101.164315,81,2137.872559
2.098155,69,2138.000901
0.202145,127,2138.24401
1.724943,79,2138.39291
3.266224,81,2138.548656
3.676099,84,2138.714348
101.472105,90,2138.89315
1.523458,88,2139.068851
0.771353,93,2139.259401
2.641715,63,2139.387577
0.69313,74,2139.552501
1.922067,71,2139.699951
5.519313,77,2139.857352
5.450287,74,2140.008662
4.519007,76,2140.166034
3.10498,85,2140.339199
101.376764,72,2140.486952
1.874301,70,2140.628805
1.728914,89,2140.806629
-1.501915,113,2141.051607
102.654136,80,2141.216852
3.482457,86,2141.39108
103.084925,78,2141.551058
-0.113355,92,2153.046713
4.024626,64,2153.193455
102.586185,72,2153.335333
5.747611,73,2153.481925
100.229926,24,2153.530262
4.110305,79,2153.684958
1.16653,76,2153.832959
104.752792,62,2153.954767
0.261288,1000,2155.915125
2.356516,69,2156.051895
3.136807,63,2156.178559
101.504212,97,2156.378935
5.098412,88,2156.551551
-0.069175,90,2156.731806
102.989957,57,2156.846716
102.989176,74,2156.992297
4.338867,81,2168.418253
103.415977,65,2168.555374
5.015061,68,2168.690482
100.68571,78,2168.844746
102.993797,82,2169.008015
-0.30241,88,2169.182345
3.058874,63,2169.306565
105.167467,64,2169.437895
102.886278,50,2169.537307
4.800373,64,2169.668012
3.627522,67,2169.805173
4.526993,63,2169.932554
2.128849,70,2170.074692
4.257818,68,2170.210085
104.357902,56,2170.336381
0.716667,87,2170.508873
101.46542,93,2170.690838
5.252943,63,2170.816067
1.103845,74,2170.967994
-0.87816,104,2171.174765
1.480695,130,2171.444038
3.085971,67,2171.585851
4.5623,71,2171.724199
0.181293,81,2171.887292
-0.400108,1000,2185.148312
105.711292,64,2185.285655
102.58404,68,2185.422253
103.934446,81,2185.584682
2.645489,65,2185.719483
3.042857,78,2185.88185
-0.40728,98,2186.076401
3.286355,66,2186.208034
-0.881132,96,2186.39856
101.73675,77,2186.571265
105.985518,63,2186.700998
2.31017,84,2186.868519
0.357875,89,2187.05061
3.982658,84,2187.224059
100.836798,96,2187.417696
1.831135,72,2187.55974
2.155948,72,2187.702154
101.686116,46,2187.792975
0.50632,81,2199.298044
1.799884,84,2199.467069
2.747557,76,2199.619236
2.187709,90,2199.798288
3.870717,63,2199.925841
-0.266794,101,2200.132054
3.075022,82,2200.297986
4.115229,77,2200.454752
-0.702095,100,2200.663627
4.208995,61,2200.784169
3.179648,76,2200.951175
1.908028,76,2201.10216
5.569848,64,2201.233076
101.407783,85,2201.410396
1.268388,88,2201.597541
2.187682,67,2201.766188
3.386912,64,2201.903513
3.827133,63,2202.040859
3.267014,67,2202.183567
103.626175,60,2202.304653
0.837819,79,2202.464333
4.638368,63,2202.590917
1.539981,76,2202.742709
0.927627,95,2202.936459
4.29053,80,2203.095899
4.123399,64,2203.227803
105.18905,71,2203.382468
3.157571,66,2214.970492
1.913582,70,2215.107967
4.711442,71,2215.250658
1.984502,80,2215.415262
1.955982,69,2215.567021
1.480159,92,2215.760151
100.570221,75,2215.915644
5.537594,65,2216.054489
4.181101,76,2216.210869
3.635601,87,2216.382289
4.729483,68,2216.515348
1.723819,71,2216.654835
2.829728,66,2216.785971
3.795359,67,2216.919189
3.501217,66,2217.045965
101.353568,89,2217.220914
3.981575,65,2217.361712
-0.596616,93,2217.539297
4.981179,63,2217.65819
3.914896,74,2217.80143
1.441015,92,2217.977472
2.674052,65,2218.105678
2.289892,67,2218.237128
-0.081037,97,2218.431235
3.466837,107,2218.640446
1.208372,129,2218.90853
2.590752,67,2230.403301
4.12022,82,2230.563935
5.908559,65,2230.694272
0.059311,75,2230.845148
2.771667,67,2230.979224
1.376897,71,2231.127629
5.288478,69,2231.290709
1.350299,1000,2233.37294
2.792365,68,2233.507768
101.034748,62,2233.62932
2.95066,68,2233.769601
2.477604,85,2233.937279
3.750793,67,2234.070031
0.274454,1000,2247.582924
0.812892,72,2247.72543
4.063707,68,2247.858214
-0.123339,86,2248.031171
101.318408,104,2248.243156
-0.644806,91,2248.449311
101.443357,93,2248.642212
3.722007,79,2248.804112
1.608802,86,2248.976286
105.838446,79,2249.136838
103.51263,76,2249.289079
4.733837,76,2249.444902
102.253957,56,2249.553772
2.921846,75,2249.705734
3.928526,64,2249.836787
-2.022433,108,2250.063188
-2.259139,138,2261.711991
2.677805,64,2261.841844
2.103658,69,2261.981686
2.030466,72,2262.123559
4.277298,79,2262.29559
-0.371645,84,2262.459107
1.668712,70,2262.601589
4.176823,64,2262.733429
101.718315,58,2262.850879
4.937402,61,2262.97506
0.566012,66,2263.105278
2.576027,66,2263.237817
1.338445,71,2263.38314
105.542994,77,2263.538538
0.469448,103,2263.745779
-0.726784,99,2263.939747
2.282202,65,2264.070074
104.47267,77,2264.234581
1.2573,79,2264.393882
1.152271,75,2264.541201
101.902661,98,2264.734247
4.560275,64,2264.859307
3.956654,65,2264.98774
1.405205,101,2265.188279
-0.298091,173,2265.532902
103.176642,69,2265.670738
3.580472,65,2277.251563
1.284932,99,2277.454575
-1.411011,114,2277.684307
101.309594,87,2277.860949
100.591697,286,2278.451401
2.509002,70,2278.5876
0.69892,85,2278.757221
5.202293,61,2278.878032
2.467878,89,2279.058012
2.844681,68,2279.191088
2.439324,71,2279.338242
4.036398,73,2279.49644
-0.847885,120,2279.730575
0.324065,82,2279.894505
5.144898,65,2280.018793
1.084482,71,2280.160442
3.988524,67,2280.292253
1.953942,86,2280.462513
5.64639,69,2280.60138
2.716906,63,2280.726383
3.030203,66,2280.857889
2.661334,63,2280.984125
4.355923,67,2281.117956
4.61081,77,2281.271734
3.932189,64,2292.69816
3.016627,68,2292.839139
4.08492,94,2293.026823
1.514101,118,2293.257853
4.069435,76,2293.405566
3.578767,86,2293.573888
0.643649,77,2293.731806
-1.915309,129,2293.995951
3.924313,84,2294.160022
3.93076,76,2294.31141
2.355825,68,2294.442295
102.302335,68,2294.577281
4.313975,64,2294.706392
4.291257,70,2294.841969
101.91367,54,2294.952626
4.507822,63,2295.074815
-1.236527,1000,2308.803606
101.587885,55,2308.913939
2.774417,69,2309.050549
1.807581,68,2309.187256
5.810145,66,2309.323412
3.997397,61,2309.448876
5.26585,63,2309.591003
2.641884,67,2309.724818
0.859579,96,2309.908911
100.321956,153,2310.227017
4.990308,158,2310.546139
3.330648,67,2310.680482
5.380736,63,2310.804444
2.006037,70,2310.943033
-1.091087,109,2311.177629
4.438241,64,2311.305376
0.880495,82,2311.466138
0.648508,82,2311.630782
2.762915,80,2311.791121
5.256329,62,2311.916886
0.735718,73,2312.063375
2.150644,70,2312.202826
102.563202,62,2312.326775
5.745357,68,2312.459964
0.901796,93,2324.030448
100.489771,99,2324.242134
0.370511,1000,2326.203808
2.082405,72,2326.367512
3.922413,66,2326.500619
1.07925,69,2326.641811
-0.114903,321,2327.283513
2.771409,68,2327.453415
4.157343,62,2327.617584
1.27217,95,2327.861824
4.524549,64,2327.987755
5.218755,62,2328.112674
104.246312,59,2339.723847
1.604086,79,2339.900836
102.762919,70,2340.046794
4.397592,88,2340.232159
0.675219,92,2340.426673
4.896512,61,2340.552779
5.267309,61,2340.674471
4.400332,84,2340.864604
-0.179265,100,2341.075667
0.571153,86,2341.248725
101.278831,90,2341.440831
102.424886,51,2341.546026
0.897862,73,2341.6947
1.947116,70,2341.837175
2.026337,68,2341.977247
4.237003,85,2342.14762
4.061902,61,2342.272369
1.072923,85,2342.439539
3.909765,65,2342.581117
100.892855,67,2342.715503
0.553439,79,2342.876302
4.899286,76,2343.028669
4.810143,77,2343.179662
1.851653,70,2343.317988
4.874727,61,2343.440771
5.661483,67,2343.576794
0.473702,83,2343.744606
0.808231,74,2355.33024
4.855632,65,2355.47572
3.368248,83,2355.645241
0.493857,91,2355.828854
0.429523,102,2356.038744
0.198928,144,2356.338982
4.164649,68,2356.483244
1.317954,109,2356.703247
3.869984,65,2356.837046
102.253941,70,2356.986178
101.97254,81,2357.14674
2.376736,102,2357.359235
-0.922402,86,2357.535187
3.254655,86,2357.712268
0.818511,80,2357.880047
4.133289,73,2358.031777
2.332133,73,2358.185305
0.463935,83,2358.357786
2.704836,67,2358.493902
3.362397,67,2358.632704
5.733902,68,2358.776837
4.368511,63,2358.903167
0.000784,78,2359.06743
2.653208,59,2359.191343
1.80632,71,2359.339148
2.003187,69,2359.490777
-0.044113,157,2371.195781
1.310006,68,2371.329848
3.114496,66,2371.463346
5.044472,88,2371.641869
-0.355188,163,2371.975399
2.257635,65,2372.099784
0.862391,79,2372.276811
2.05652,64,2372.401343
103.51066,59,2372.522085
4.512992,64,2372.653009
3.207032,66,2372.782047
4.332875,75,2372.9265
1.518658,95,2373.110431
3.482761,66,2373.240408
3.540459,61,2373.359115
2.869007,66,2373.490942
1.430716,71,2373.631477
2.425018,68,2373.764492
5.49453,62,2373.882498
3.666001,67,2374.020098
4.488503,87,2374.186936
5.206894,68,2374.321429
2.191699,69,2374.456932
102.766909,76,2374.609889
1.47638,93,2374.793666
1.780653,69,2374.930884
102.029883,56,2386.438833
3.789537,79,2386.600283
4.679214,64,2386.736692
100.712505,31,2386.794642
102.391281,73,2386.938046
-0.496405,187,2387.308695
4.582108,64,2387.434782
4.599065,67,2387.575647
5.615351,62,2387.700994
3.21697,83,2387.86531
3.431313,63,2387.998307
2.800451,74,2388.141864
101.35609,68,2388.275781
4.544178,80,2388.432749
1.692797,77,2388.582995
3.899944,78,2388.736843
3.973359,60,2388.857108
1.254346,66,2388.989565
0.496525,1000,2402.380125
104.904949,59,2402.498097
101.280786,76,2402.652293
100.044666,13,2402.67666
2.740997,86,2402.846931
1.681675,73,2402.993588
1.397357,93,2403.178056
2.68598,78,2403.331793
5.687744,64,2403.474123
-0.165545,77,2403.630065
2.302146,69,2403.770169
-0.171193,105,2403.983456
101.06741,86,2404.155571
102.287623,69,2404.294564
100.90683,92,2404.480193
-0.715979,133,2404.757069
-0.29613,95,2404.945251
2.812928,68,2405.081213
4.229266,64,2405.211549
4.359404,71,2405.350679
101.518261,83,2405.51417
3.681169,65,2405.647504
1.990323,69,2405.787803
-0.094595,84,2405.954666
2.272931,98,2417.737859
2.607802,68,2417.887154
2.969332,80,2418.045573
102.502904,63,2418.168016
2.624417,69,2418.308326
-0.793463,202,2418.708636
101.45203,71,2418.850809
5.103598,94,2419.036966
4.039137,61,2419.1587
101.082719,83,2419.334977
3.857596,75,2419.493239
4.595612,86,2419.663653
1.923748,66,2419.793428
3.934185,64,2419.921006
1.361995,81,2420.085966
3.348793,65,2420.211659
2.38886,62,2420.339422
102.864593,61,2420.461643
104.922385,84,2420.624867
4.43142,65,2420.751934
4.229337,82,2420.913332
2.357759,60,2421.031337
3.867614,65,2421.170512
4.715991,89,2421.351282
5.03463,69,2421.490917
3.103254,63,2421.618361
1.597061,74,2433.037022
2.103659,63,2433.166931
0.303323,78,2433.340221
1.58146,88,2433.514416
0.717282,92,2433.698884
0.62285,77,2433.852984
4.258067,67,2433.988641
4.800789,82,2434.158228
-2.225554,121,2434.404489
104.517608,77,2434.562125
4.722612,66,2434.698257
101.660046,89,2434.878934
100.820705,75,2435.030169
4.232163,65,2435.163286
2.917582,71,2435.310286
2.159276,67,2435.446444
1.625362,65,2435.57466
100.977124,78,2435.728707
100.248137,29,2435.785773
3.375073,75,2435.934259
3.348517,70,2436.07408
4.141029,80,2436.237346
1.968755,69,2436.373045
1.631978,87,2436.541097
2.126963,76,2436.698006
100.878188,86,2436.872568
100.430694,76,2437.023805
103.571478,77,2448.435994
2.63228,67,2448.568478
0.998392,91,2448.743091
5.210913,63,2448.868254
5.728161,94,2449.058673
100.72318,51,2449.156998
1.90691,75,2449.30285
0.862592,96,2449.502109
5.196937,65,2449.631116
-0.658688,82,2449.806606
101.052852,67,2449.940093
2.949475,84,2450.109978
2.040535,65,2450.238533
-0.595595,148,2450.536524
3.220118,77,2450.688652
103.155313,77,2450.84146
1.773066,71,2450.987068
3.182791,77,2451.141222
100.289323,33,2451.208429
1.368929,70,2451.355602
3.61389,65,2451.488648
1.183191,69,2451.633261
101.356632,70,2451.77675
1.66509,69,2451.921366
1.153753,81,2452.09054
1.639078,72,2452.240553
2.370714,60,2452.37094
2.316113,92,2452.565286
3.671972,66,2463.963255
101.681777,99,2464.164128
1.236169,82,2464.327892
3.355448,67,2464.466249
0.157101,144,2464.757636
5.04452,60,2464.882869
2.166416,73,2465.028558
101.51733,68,2465.167314
102.719598,73,2465.316036
2.783527,68,2465.451052
3.099626,68,2465.586537
101.80724,69,2465.724488
101.38341,62,2465.846373
0.536552,88,2466.018877
101.193662,89,2466.196359
102.56126,71,2466.339948
4.696909,71,2466.483073
3.692963,61,2466.602883
4.258794,65,2466.732318
3.877625,66,2466.862508
105.147274,66,2467.000745
1.309951,64,2467.130094
0.312695,123,2467.379846
1.199033,65,2467.511039
101.795708,52,2467.61341
101.029972,53,2467.720748
4.340262,73,2467.883608
106.301208,67,2479.278574
2.357285,72,2479.423024
5.067374,76,2479.576079
1.219012,85,2479.759495
4.157136,66,2479.894228
4.162245,65,2480.023669
1.179434,94,2480.221052
2.884268,65,2480.350252
3.972966,84,2480.520234
4.688568,64,2480.645253
0.701584,81,2480.805379
4.263512,102,2481.015212
105.80285,67,2481.148757
1.445347,77,2481.301769
101.117453,64,2481.43104
101.907996,64,2481.55691
101.612371,88,2481.728322
5.230286,69,2481.875416
3.060799,81,2482.041193
3.951483,66,2482.176441
4.619435,73,2482.322352
2.617383,87,2482.492519
102.836963,84,2482.66053
102.156971,83,2482.822755
1.738011,70,2482.962786
3.874134,99,2483.159029
1.639463,72,2483.299762
3.084641,88,2494.745555
2.607417,71,2494.886969
3.679878,73,2495.036211
104.545554,60,2495.162901
3.109006,61,2495.286147
-0.162355,430,2496.160709
2.258615,78,2496.3154
0.866728,126,2496.564685
3.321159,64,2496.691844
2.587901,82,2496.853611
101.444067,76,2497.004066
3.159331,70,2497.143948
3.250067,79,2497.302227
2.488729,68,2497.457436
4.345027,61,2497.581229
1.052846,1000,2510.915321
2.542004,114,2511.145856
101.108318,65,2511.280484
101.00068,94,2511.470379
103.434783,61,2511.603441
3.781181,66,2511.739191
3.58676,66,2511.873109
-2.144197,129,2512.129985
0.29654,170,2512.467274
100.099975,460,2513.407792
5.380458,69,2513.546979
4.51702,82,2513.711434
1.503239,71,2513.850884
100.244887,65,2513.983202
101.033566,109,2514.200121
105.228449,78,2525.732476
-0.442715,144,2526.018711
104.212284,63,2526.145161
0.60719,74,2526.296821
1.663872,60,2526.415934
3.758937,62,2526.542672
5.680368,61,2526.665006
102.808939,70,2526.814469
105.666221,68,2526.95158
4.308994,69,2527.091254
1.167845,68,2527.2342
3.887587,62,2527.357956
102.840771,68,2527.498057
100.799269,55,2527.605744
104.048067,58,2527.725566
101.337182,49,2527.824992
4.199031,61,2527.947364
2.773004,65,2528.079966
3.892258,67,2528.215874
101.270884,67,2528.355435
4.630134,68,2528.493475
3.309713,69,2528.632939
101.104134,68,2528.774621
1.491835,73,2528.919557
101.335661,84,2529.092735
4.901225,81,2529.25925
1.540423,63,2529.387653
4.340879,68,2529.528744
2.016823,71,2529.66718
2.464342,74,2541.197144
3.079695,60,2541.32008
4.213819,70,2541.458414
2.194629,81,2541.620636
3.144329,63,2541.74773
1.480823,60,2541.873468
101.381943,83,2542.05514
-0.04213,107,2542.272438
3.272233,68,2542.410942
1.230697,67,2542.543599
0.212365,1000,2544.557045
3.721062,68,2544.693776
4.867517,67,2544.826365
100.2626,66,2544.956691
1.166348,101,2545.172089
4.201675,66,2545.307278
103.141882,65,2556.673549
4.540632,64,2556.796551
1.282685,83,2556.975861
4.526191,84,2557.143255
101.196243,73,2557.289205
101.879389,84,2557.452614
4.605021,70,2557.596912
0.939574,69,2557.730535
2.922959,87,2557.90725
3.565632,72,2558.049109
4.884787,76,2558.202751
3.169311,62,2558.323035
101.101738,93,2558.506456
2.190124,80,2558.66567
0.896256,78,2558.824802
1.311424,70,2558.963533
1.196609,72,2559.107171
3.422747,69,2559.245474
3.365067,71,2559.385421
102.346974,54,2559.501866
-0.260124,310,2560.124252
103.118831,52,2560.245591
-0.90583,84,2560.411321
2.938878,72,2560.554536
3.116298,70,2571.988729
3.694284,97,2572.18411
3.456019,70,2572.327229
3.746354,71,2572.47298
4.210401,65,2572.605348
2.471774,69,2572.741203
-0.935203,99,2572.940084
0.38456,73,2573.100217
3.628329,84,2573.273768
4.213775,63,2573.404051
2.693002,77,2573.560237
1.28359,69,2573.700855
6.248836,79,2573.857516
1.851656,69,2573.993835
1.119812,75,2574.166539
101.359968,78,2574.329012
4.903717,62,2574.450978
3.413817,69,2574.590405
1.319415,74,2574.736539
1.111652,71,2574.878413
102.893126,73,2575.026136
5.297688,63,2575.152575
4.648598,69,2575.287668
1.8951,69,2575.425676
1.13602,110,2575.661836
3.696565,64,2575.792849
0.576984,94,2575.978032
3.757751,63,2576.118212
4.07209,65,2587.520377
0.969542,120,2587.754554
1.803954,68,2587.88937
1.995313,64,2588.019275
4.630476,83,2588.179591
100.493634,74,2588.328311
3.235869,65,2588.456951
0.615309,70,2588.598551
2.058824,69,2588.734338
2.798168,66,2588.865202
1.294912,78,2589.020369
1.292359,83,2589.184399
0.648842,93,2589.371757
-0.79006,89,2589.547983
3.461899,70,2589.686311
103.202321,70,2589.829024
4.426432,68,2589.966557
3.214927,64,2590.096683
0.189667,85,2590.263665
1.319277,87,2590.431689
100.787667,65,2590.561121
3.985578,75,2590.705714
4.283487,67,2590.839397
101.172712,62,2590.959529
4.644494,65,2591.093048
4.106911,64,2591.217272
1.400752,78,2591.374199
2.878882,73,2602.870848
5.262079,60,2602.994018
2.991003,90,2603.178673
101.619179,100,2603.381924
3.868792,98,2603.582129
3.320858,68,2603.720613
1.771827,87,2603.922397
4.329585,64,2604.053604
3.989067,62,2604.177896
-0.621147,85,2604.349805
1.475104,103,2604.558271
1.573766,72,2604.706077
2.112416,66,2604.838753
5.704006,63,2604.964947
104.288864,65,2605.098236
1.994376,70,2605.242503
2.672773,68,2605.391807
3.03188,71,2605.53968
103.323638,70,2605.681703
1.997512,91,2605.864824
104.162376,61,2605.988519
1.745904,80,2606.151283
3.441707,65,2606.281351
4.366666,100,2606.498024
3.799558,70,2606.638442
2.914888,61,2606.761092
2.015763,70,2606.9038
4.007348,62,2607.033145
3.824879,75,2618.535397
3.533945,70,2618.673581
3.186925,66,2618.804373
5.974809,77,2618.958317
5.21341,63,2619.084049
2.637258,65,2619.214833
1.660748,61,2619.33705
4.310779,60,2619.46179
1.837467,96,2619.66015
3.443091,83,2619.82756
105.120363,73,2619.971761
102.173802,71,2620.117455
4.648476,63,2620.247287
103.106973,52,2620.347914
102.201644,82,2620.511953
2.809941,70,2620.653528
105.572039,83,2620.819195
2.633189,72,2620.959364
3.260411,88,2621.134408
3.631315,67,2621.269352
102.912692,65,2621.398918
2.719482,65,2621.532194
3.826116,71,2621.67436
4.486928,66,2621.804529
102.086492,68,2621.942547
101.509974,48,2622.039279
5.679739,61,2622.159139
2.29045,74,2622.303825
2.531179,89,2622.49307
1.353078,95,2634.08381
101.28965,79,2634.251018
1.88574,95,2634.453901
4.718885,68,2634.608115
1.086868,71,2634.751371
-2.501211,119,2635.002525
2.033195,72,2635.154844
100.737329,56,2635.275484
102.265848,69,2635.41909
1.368974,78,2635.580572
100.678375,42,2635.666749
1.370127,71,2635.813206
103.058238,68,2635.952404
3.965963,79,2636.118299
2.426736,69,2636.274466
3.826496,98,2636.482072
100.950336,64,2636.617929
1.869289,62,2636.745166
3.183587,62,2636.876786
2.121074,71,2637.027716
0.730197,90,2637.212767
1.727287,71,2637.373596
2.042018,66,2637.50704
102.356045,83,2637.675188
2.533769,64,2637.804947
3.967714,66,2637.942478
100.130982,77,2638.106721
101.367759,91,2649.516219
3.395745,84,2649.703862
102.567362,69,2649.845434
3.4846,70,2649.991816
4.618589,64,2650.128616
0.863066,82,2650.29671
100.895444,76,2650.457699
3.544004,64,2650.594676
3.379112,66,2650.729064
3.881062,63,2650.856572
3.92627,61,2650.981785
2.092302,82,2651.150684
105.495031,79,2651.317849
1.326381,86,2651.492452
1.538669,70,2651.636961
2.852828,65,2651.767081
2.94545,83,2651.937735
2.91917,88,2652.116696
3.045932,68,2652.25788
3.737642,64,2652.390362
3.070281,62,2652.522189
101.239732,87,2652.701855
2.089207,83,2652.873989
0.101022,80,2653.036286
4.498418,64,2653.167172
101.086999,80,2653.329309
0.429688,75,2653.479931
4.894995,64,2653.614278
2.481023,74,2665.222021
3.453641,67,2665.358858
2.730153,78,2665.527653
4.215951,64,2665.661237
3.769855,71,2665.824969
100.574417,77,2665.980778
4.203333,64,2666.11643
1.588529,100,2666.331131
0.572626,83,2666.503329
1.139298,63,2666.632665
3.255298,65,2666.766056
101.848649,61,2666.891355
5.215372,90,2667.072129
3.567292,68,2667.212001
101.016315,74,2667.378057
105.369943,68,2667.52035
1.193938,70,2667.666386
0.328113,87,2667.848132
-0.264543,1000,2681.132049
-0.166474,77,2681.294716
3.121937,72,2681.44167
4.769382,99,2681.643541
4.534368,97,2681.840162
2.012511,65,2681.967524
100.954059,57,2682.080354
2.497118,89,2682.257937
1.893074,67,2682.387103
3.669754,65,2682.531054
4.854549,69,2682.669939
2.998151,69,2682.810184
5.427152,64,2682.934299
3.680886,82,2683.097903
102.271983,79,2683.257488
-2.065901,112,2683.48114
1.733805,78,2683.630475
101.350186,82,2683.791749
0.167909,1000,2697.069001
101.464118,58,2697.190725
4.342041,62,2697.324003
1.927511,69,2697.465054
5.036073,93,2697.656384
0.899762,74,2697.808489
102.490158,64,2697.941457
1.866731,75,2698.098883
-0.093619,84,2698.283755
4.306897,84,2698.459497
4.040784,88,2698.629024
3.662691,68,2698.764938
0.514958,135,2699.033086
1.727827,72,2699.171985
101.598538,78,2699.320824
2.510074,72,2699.460251
2.17713,68,2699.590846
103.292938,66,2699.718633
4.432108,65,2699.847106
2.525034,74,2699.991992
1.910833,80,2700.155366
4.464668,64,2711.537284
3.620991,66,2711.666047
4.573815,67,2711.796804
1.65352,67,2711.927082
2.365054,84,2712.1053
3.090291,66,2712.24761
4.618104,64,2712.37837
-0.120899,1000,2714.342301
1.091814,76,2714.488776
3.222852,66,2714.620716
3.909933,64,2714.744216
104.299517,59,2714.858656
2.850072,83,2715.017372
0.198534,405,2727.126342
2.047974,71,2727.268822
101.813079,53,2727.376092
2.817659,71,2727.518345
2.849428,60,2727.652286
4.106079,100,2727.865614
0.717882,73,2728.018811
100.955198,84,2728.195137
101.936941,78,2728.353362
1.604912,74,2728.505638
102.718433,46,2728.597723
102.240778,58,2728.718076
101.195319,95,2728.918977
-1.008151,112,2729.133989
2.044274,63,2729.261682
101.929179,63,2729.386569
4.630438,81,2729.547846
-1.024663,92,2729.73405
0.795809,84,2729.897057
3.666186,64,2730.022145
2.474385,71,2730.163386
100.937369,117,2730.395288
2.908769,61,2730.511123
-0.604847,87,2730.68098
3.815814,64,2730.821147
1.270738,87,2742.389864
3.916024,65,2742.532004
1.812212,72,2742.677634
2.093345,73,2742.824972
101.880798,95,2743.011392
3.439402,66,2743.144124
5.028131,68,2743.278915
2.411571,69,2743.417327
3.00697,86,2743.58806
101.721891,48,2743.685044
2.179909,66,2743.813972
2.949633,78,2743.96143
100.538786,75,2744.108172
4.738454,74,2744.257038
0.140282,81,2744.422507
4.154749,65,2744.55943
2.855835,81,2744.719641
102.388153,74,2744.865032
1.550333,111,2745.087162
2.78208,86,2745.260211
3.161542,89,2745.435973
100.724658,71,2745.581362
2.319718,64,2745.707085
-1.914075,146,2745.998466
2.718627,69,2746.134758
5.102878,84,2746.310065
3.90673,64,2757.791439
2.023481,70,2757.930853
1.623207,97,2758.128176
1.150626,68,2758.265876
2.957155,61,2758.391201
3.089371,69,2758.531262
4.407763,61,2758.662259
1.079987,74,2758.823332
103.266007,64,2758.947858
2.846305,63,2759.07451
101.955079,60,2759.193669
100.086141,68,2759.327868
3.070738,92,2759.508695
6.255955,87,2759.67999
1.265152,80,2759.835457
2.299036,70,2759.973748
2.379937,64,2760.10295
103.092784,69,2760.252175
0.362198,107,2760.478325
3.451175,74,2760.627084
0.564539,81,2760.795515
3.972464,62,2760.924261
105.09067,67,2761.060269
0.839973,77,2761.232689
104.5545,67,2761.372798
2.68913,64,2761.50555
3.636386,89,2761.693862
101.073402,56,2761.803911
2.774065,65,2761.931403
2.285666,94,2773.268189
1.868006,72,2773.416654
102.325987,57,2773.529352
0.51734,1000,2775.478444
1.672248,70,2775.623756
3.055088,68,2775.754295
2.174554,73,2775.895776
4.393589,63,2776.021326
0.955421,74,2776.17498
2.124053,78,2776.330356
2.121879,72,2776.477309
3.87643,61,2776.60623
3.644827,68,2776.74701
3.827816,83,2776.921176
0.798436,68,2777.05713
4.487624,67,2788.516302
1.237538,90,2788.715538
-0.797231,115,2788.940812
4.036053,65,2789.070372
1.078645,90,2789.248103
3.18301,69,2789.386813
5.417883,68,2789.521938
0.47075,85,2789.687036
3.135241,64,2789.816189
3.196339,79,2789.970623
4.602894,61,2790.08768
1.551621,75,2790.236692
-0.492417,87,2790.419689
-0.888602,87,2790.585466
4.406042,81,2790.750324
2.395532,70,2790.882181
2.989875,103,2791.08035
-0.25912,74,2791.224215
1.022289,95,2791.407583
2.086192,72,2791.546514
1.633039,70,2791.686515
-0.075878,105,2791.894634
3.22477,66,2792.022685
103.479197,59,2792.140154
106.185518,76,2792.292246
2.861855,68,2792.446073
0.051436,84,2803.931885
101.224844,77,2804.081906
3.460275,67,2804.222165
0.764291,122,2804.464284
104.728022,74,2804.616949
2.902194,89,2804.797482
5.0508,88,2804.968296
101.165163,41,2805.054431
0.259449,79,2805.212952
101.047444,80,2805.375318
4.038406,75,2805.530803
3.671219,67,2805.6674
100.981254,90,2805.849391
3.950069,65,2805.981787
3.187838,60,2806.102759
4.432916,61,2806.220849
0.291615,716,2807.641112
5.237695,63,2807.771704
1.472071,88,2807.955449
4.25536,66,2819.589967
0.969525,89,2819.77192
101.466641,93,2819.959362
105.46176,66,2820.096239
1.13281,67,2820.234788
3.827566,84,2820.404052
1.786212,69,2820.546796
3.299852,81,2820.717128
0.462344,79,2820.87482
4.241037,85,2821.043775
0.155349,179,2821.415623
4.301025,64,2821.544033
3.693704,68,2821.684998
-0.004199,1000,2834.934256
4.045586,64,2835.070254
3.267207,63,2835.192656
101.392069,48,2835.281533
101.569256,69,2835.416672
101.679603,95,2835.602711
0.564113,1000,2837.598942
5.338383,72,2837.742601
4.067515,68,2837.87837
3.841576,65,2838.008411
1.947421,71,2838.156688
1.33494,66,2838.294737
5.154988,76,2838.452066
-1.372215,90,2838.63554
101.820435,75,2838.792111
-1.119614,99,2839.019551
2.513906,78,2850.361392
104.000805,62,2850.490593
101.070325,88,2850.681898
1.790781,75,2850.831117
4.046002,60,2850.956057
101.015095,74,2851.108211
4.577783,89,2851.28998
101.264058,41,2851.375154
1.89668,100,2851.578158
1.05801,78,2851.740804
101.512171,63,2851.867893
3.826683,59,2851.988477
4.080601,64,2852.120153
101.07257,58,2852.235025
3.086778,73,2852.382913
2.777914,93,2852.573877
3.747654,68,2852.715397
4.775977,74,2852.863149
2.474614,87,2853.0581
2.226102,89,2853.235354
4.369633,66,2853.36663
5.640086,77,2853.520088
1.186174,1000,2866.934152
-0.30922,122,2867.169193
1.418767,79,2867.323082
2.089341,91,2867.506255
102.34095,61,2867.622753
100.623953,65,2867.750443
3.891822,67,2867.929416
2.279538,71,2868.115516
-0.108168,92,2868.314771
2.224823,74,2868.457016
3.201371,71,2868.59899
4.916716,66,2868.727934
4.077217,67,2868.859339
4.180454,90,2869.035302
103.676943,77,2869.185826
101.040731,65,2869.312318
3.505045,62,2869.43179
2.842279,184,2869.795365
5.151272,67,2869.951009
4.042929,64,2881.640139
3.156297,60,2881.761999
101.133451,74,2881.906197
0.966813,86,2882.071924
2.872222,78,2882.241163
101.832113,65,2882.368447
0.740954,80,2882.528299
2.173642,80,2882.688772
3.867857,67,2882.825941
4.749448,62,2882.967311
3.195245,85,2883.14124
3.932789,68,2883.281821
2.480763,67,2883.420841
1.395168,69,2883.564415
0.830711,1000,2885.623703
3.677644,65,2885.769957
4.226023,80,2897.179701
103.417383,56,2897.292764
100.244258,50,2897.398817
100.86793,93,2897.591168
100.872003,70,2897.735992
2.789806,69,2897.872483
101.124203,59,2897.987392
-1.075514,100,2898.184959
0.642075,81,2898.342651
2.408691,91,2898.519288
2.616699,97,2898.712453
6.076551,68,2898.848118
2.681778,66,2898.980296
5.031209,67,2899.110394
5.256729,83,2899.29681
4.668442,64,2899.417595
-0.392758,114,2899.644289
2.122771,64,2899.770185
3.458585,71,2899.907938
2.82921,78,2900.059176
5.149122,67,2900.192543
101.617077,46,2900.280241
100.563157,73,2900.425628
2.16927,73,2900.569818
1.035138,76,2900.716245
4.234952,90,2900.909824
101.573804,90,2901.087671
4.825447,79,2912.505926
2.55265,64,2912.63227
1.869,88,2912.818404
100.615425,46,2912.911315
4.190779,76,2913.064328
5.442004,66,2913.195775
102.324206,44,2913.281496
5.142002,63,2913.407351
3.548831,61,2913.532897
4.616334,84,2913.697692
100.965206,50,2913.796209
1.546214,82,2913.961003
3.190695,63,2914.090533
1.244451,72,2914.233992
2.208289,140,2914.524795
3.252534,63,2914.65247
100.595816,74,2914.803412
4.392567,63,2914.93689
4.124696,93,2915.134328
101.361975,69,2915.271217
3.4649,72,2915.414036
4.218978,66,2915.545365
3.445013,66,2915.675778
101.503969,62,2915.798471
-0.849827,90,2915.976369
101.400354,84,2916.163275
101.830796,67,2916.295668
101.423356,56,2916.409588
0.827083,81,2927.75947
102.330539,79,2927.96851
1.652026,83,2928.192604
2.79455,67,2928.32331
101.183855,63,2928.446604
101.227634,68,2928.581404
2.160331,70,2928.717256
102.334259,66,2928.851267
4.607649,64,2928.976017
1.590898,76,2929.120494
2.82743,68,2929.250929
2.365762,74,2929.400455
1.410333,87,2929.569465
5.030303,143,2929.849869
0.652318,74,2929.994701
103.556659,77,2930.145334
4.518234,62,2930.267647
1.797953,70,2930.401286
3.545959,69,2930.5358
0.132536,1000,2943.792142
-0.059803,87,2943.961524
2.229881,74,2944.105851
103.506588,77,2944.25722
3.804282,70,2944.394188
3.164428,66,2944.523262
3.069087,67,2944.653634
2.165188,71,2944.803494
1.669216,62,2944.93134
104.419691,57,2945.050974
3.421604,74,2945.204516
3.715313,85,2945.378751
4.763693,75,2945.530885
3.606433,62,2945.657085
101.89246,50,2945.765703
101.74577,56,2945.88385
-0.210535,83,2946.056376
3.49561,72,2946.205379
100.757039,41,2946.293786
-0.48204,78,2946.450117
1.178158,79,2946.614358
101.697484,118,2946.85183
1.127092,71,2946.990401
1.559315,73,2947.134082
4.958015,63,2947.259591
100.439634,126,2958.67331
4.893228,61,2958.790915
2.738756,62,2958.925583
0.36557,891,2960.678934
3.051763,63,2960.80419
2.238403,69,2960.953281
-0.63357,125,2961.199234
4.809143,79,2961.352079
2.892189,68,2961.485038
2.323649,63,2961.609737
3.494479,91,2961.785545
3.80748,67,2961.915205
0.511881,69,2962.05031
102.791731,64,2962.176214
4.578091,94,2962.359787
1.918226,68,2973.791445
1.985912,70,2973.925018
4.456661,69,2974.059948
5.467832,73,2974.203774
3.049596,65,2974.330511
100.826432,107,2974.541541
100.617145,52,2974.642567
4.864944,101,2974.852818
102.864624,53,2974.959782
2.459322,63,2975.086931
4.606701,91,2975.269616
3.670066,61,2975.399067
1.200543,106,2975.614479
104.619464,65,2975.74794
0.139916,102,2975.945211
2.710227,64,2976.069652
0.375242,88,2976.240384
3.978544,71,2976.378921
102.557527,65,2976.525511
2.27234,65,2976.656131
3.031991,81,2976.818029
1.166347,85,2976.982077
1.928113,82,2977.158657
1.581592,81,2977.313589
5.199158,80,2977.471347
100.346965,69,2977.606243
102.300552,71,2977.743183
2.759934,96,2989.112972
0.977147,76,2989.27784
2.149778,73,2989.426484
0.044554,162,2989.756061
101.269401,97,2989.955806
2.195779,71,2990.096142
2.78301,64,2990.225204
2.165041,74,2990.369338
2.935733,88,2990.547545
101.592961,79,2990.710341
-0.314406,92,2990.900098
0.343745,119,2991.14197
-1.508231,110,2991.367219
3.909861,78,2991.524177
3.375712,74,2991.673284
3.488175,65,2991.806468
2.506229,59,2991.92323
4.651579,77,2992.078648
1.083014,77,2992.231043
5.075536,76,2992.375322
101.514235,89,2992.548095
3.33313,73,2992.693278
101.097467,66,2992.825415
104.722697,59,2992.94584
103.105573,67,2993.082678
1.325769,81,3004.608433
2.31714,73,3004.755913
102.07982,76,3004.905108
3.450866,97,3005.096222
2.31446,79,3005.255589
101.091576,56,3005.363403
4.396916,105,3005.568316
1.576552,82,3005.726713
101.420376,103,3005.948409
5.843688,64,3006.072173
1.865322,71,3006.214059
3.477526,66,3006.3446
4.640691,162,3006.664461
102.071355,47,3006.760323
101.848435,102,3006.961279
101.002217,69,3007.097066
3.316258,66,3007.227748
101.434922,65,3007.356598
106.033249,66,3007.488364
1.49002,70,3007.625918
0.808321,81,3007.786898
0.946383,78,3007.940069
0.932219,113,3008.180359
-1.453495,161,3008.502741
1.690825,69,3019.934751
0.561357,74,3020.082811
0.234804,83,3020.243494
1.407586,79,3020.39631
3.648374,65,3020.52253
0.655546,76,3020.6729
0.942497,72,3020.815784
1.577379,73,3020.97279
101.673867,65,3021.105942
2.76566,67,3021.24096
3.528068,72,3021.38805
4.38077,66,3021.524455
1.211108,72,3021.671032
1.126519,115,3021.908863
103.496357,82,3022.077941
-0.923915,117,3022.326338
5.0084,82,3022.489213
3.97189,88,3022.662704
1.759101,71,3022.809899
0.933143,75,3022.9565
1.390344,70,3023.097883
4.468351,67,3023.228139
4.277949,71,3023.367441
5.267239,73,3023.514504
5.1158,61,3023.639881
5.313072,67,3023.767304
2.516045,69,3023.903116
102.359222,73,3035.370953
3.584219,66,3035.508824
2.367353,73,3035.659547
104.907898,62,3035.78891
3.723495,66,3035.926879
2.944706,98,3036.13168
3.076149,90,3036.318155
0.672055,75,3036.473511
5.058628,71,3036.63283
2.95275,86,3036.815093
-1.864224,123,3037.058131
-0.175793,88,3037.233125
103.214436,75,3037.38607
2.944139,69,3037.52267
-2.058061,171,3037.861595
0.981765,73,3038.003404
3.128958,72,3038.144939
3.228257,80,3038.303802
3.057138,83,3038.467367
101.408856,100,3038.665374
1.461302,83,3038.833604
-0.177181,86,3039.013484
-0.815625,83,3039.184182
3.206587,80,3039.344903
0.020039,93,3050.894198
1.282986,64,3051.036136
104.435996,68,3051.178623
102.287674,69,3051.314705
2.760341,84,3051.492775
4.252932,81,3051.65309
2.006178,58,3051.76818
4.986831,60,3051.883477
102.117885,72,3052.030207
0.219017,71,3052.176131
1.361379,69,3052.317524
2.247685,84,3052.493603
2.447915,65,3052.62327
101.630817,82,3052.788047
1.932817,76,3052.940373
0.941007,80,3053.098709
4.423634,80,3053.257063
1.586732,78,3053.410674
0.418424,82,3053.572773
2.694175,62,3053.698017
103.649607,52,3053.801548
4.911763,86,3053.97081
1.376006,88,3054.147739
3.501127,79,3054.301374
3.509085,68,3054.437121
1.868134,80,3054.5936
0.389632,77,3054.742822
3.648658,61,3054.877242
4.537299,69,3066.181112
3.398302,70,3066.326949
2.525443,71,3066.475492
1.542815,79,3066.636616
4.727712,64,3066.783629
103.881171,55,3066.899497
0.306856,133,3067.173259
101.340445,66,3067.313538
104.168739,76,3067.470836
105.387186,63,3067.605122
2.683425,61,3067.729242
103.422625,51,3067.845841
4.00149,60,3067.97706
4.838266,63,3068.1072
102.677297,73,3068.259349
1.57273,70,3068.403642
4.147248,65,3068.536065
4.137281,81,3068.694448
100.76455,72,3068.836169
4.410246,71,3068.976745
1.301282,78,3069.131127
4.69123,83,3069.292871
101.090363,59,3069.409999
-0.191232,103,3069.617809
4.302605,65,3069.750177
0.899941,66,3069.885986
0.698409,77,3070.045547
3.109613,67,3070.184709
-0.494131,89,3070.367366
0.549517,96,3081.782935
4.147164,70,3081.927985
101.104564,29,3081.987043
101.99388,69,3082.131251
2.124536,72,3082.276826
2.246553,72,3082.429019
1.897899,104,3082.646888
0.656522,67,3082.784724
1.69878,105,3083.003558
101.638037,66,3083.132101
3.591755,68,3083.268239
4.562218,86,3083.434419
-2.223565,129,3083.685971
1.10353,72,3083.826525
2.916195,68,3083.961316
2.881808,86,3084.131344
1.391715,79,3084.290161
103.217833,49,3084.398359
3.566411,65,3084.533732
-0.472395,109,3084.743434
1.214314,108,3084.959803
-0.423456,878,3097.971137
3.902355,65,3098.099234
1.930416,84,3098.261997
1.333133,91,3098.438405
104.745056,77,3098.592951
3.652884,92,3098.785669
2.033286,74,3098.928379
4.000471,65,3099.055553
2.087448,70,3099.191204
2.90631,73,3099.332197
0.836978,83,3099.497175
1.766424,91,3099.683902
2.465224,61,3099.803171
1.63445,75,3099.951963
104.170267,68,3100.089466
5.508124,63,3100.23418
3.088863,64,3100.355644
3.513676,77,3100.509335
101.083094,81,3100.666779
101.144498,63,3100.791987
2.496736,74,3100.934501
1.313575,76,3112.396864
0.928452,414,3113.272319
3.442567,65,3113.410405
2.594218,65,3113.549854
1.636922,72,3113.702013
4.923295,83,3113.876649
104.35059,60,3114.005517
1.427295,71,3114.155202
2.978788,95,3114.351072
103.952523,76,3114.50931
5.319709,64,3114.646448
101.76057,78,3114.805889
4.947314,65,3114.936308
5.501142,82,3115.110055
4.327153,113,3115.339515
0.654509,74,3115.492667
0.72116,82,3115.659673
4.410752,69,3115.804636
4.033621,84,3115.976923
0.403575,73,3116.129819
3.742083,72,3116.281833
2.586977,60,3116.404014
3.689871,90,3116.583839
2.266764,76,3127.94193
0.691752,82,3128.112363
3.029945,67,3128.246654
3.440587,62,3128.373845
3.404567,70,3128.534476
3.426768,64,3128.666592
1.720874,82,3128.836952
2.082229,70,3128.984085
1.420126,113,3129.21832
2.120165,70,3129.361178
1.07582,64,3129.491401
4.885023,87,3129.673627
4.347569,65,3129.806351
4.168318,84,3129.975003
2.880637,70,3130.126152
4.493391,141,3130.404809
-0.05455,1000,3143.672647
102.955008,75,3143.830299
2.670895,67,3143.969061
0.903266,73,3144.119433
102.49332,66,3144.253927
1.281205,78,3144.421351
104.191999,78,3144.573857
2.840618,97,3144.765027
100.967978,72,3144.904052
2.665273,68,3145.039101
2.035967,81,3145.207661
101.195373,57,3145.323917
2.147452,66,3145.461875
1.709991,75,3145.617762
103.397556,57,3145.731503
4.737115,68,3145.871538
1.244145,83,3146.043679
5.072929,78,3146.214464
1.139523,65,3146.346463
3.274168,90,3146.531986
102.364255,52,3146.639396
103.134699,57,3146.760308
100.563071,75,3146.914202
101.072674,83,3147.083673
2.025966,73,3147.248479
1.71499,80,3147.41382
2.498637,71,3158.801194
102.118942,63,3158.926561
103.141016,69,3159.072155
5.016301,67,3159.202047
0.934577,95,3159.390853
3.532428,61,3159.509501
-1.839705,110,3159.725991
0.590289,86,3159.894322
4.444982,62,3160.017364
2.341729,71,3160.155823
101.151027,34,3160.222538
2.723348,80,3160.383358
1.857941,70,3160.519808
3.889554,62,3160.645458
0.190807,760,3162.187885
4.548003,104,3162.40472
3.106081,111,3162.642438
2.114283,69,3162.789078
3.014552,68,3174.147726
104.30003,68,3174.284508
3.663337,76,3174.439142
2.431335,67,3174.584483
1.777424,78,3174.753602
2.76469,97,3174.940486
103.749971,81,3175.097562
104.886868,66,3175.232619
3.429904,66,3175.363343
1.342464,82,3175.52708
4.239892,66,3175.653055
5.199984,85,3175.820311
3.737165,70,3175.97265
106.171955,65,3176.111062
-1.242949,190,3176.501673
105.885768,69,3176.635801
2.875095,70,3176.769846
3.473823,90,3176.94132
0.981948,63,3177.065778
1.658723,69,3177.20015
2.542486,67,3177.332124
2.418405,71,3177.467502
3.175878,81,3177.627204
0.656563,97,3177.819826
-0.492423,183,3178.181778
5.173075,72,3189.686694
104.016135,63,3189.819444
100.548316,84,3189.993726
102.63541,69,3190.132781
104.489121,71,3190.280868
0.72649,1000,3192.364415
1.005781,80,3192.532176
4.339524,65,3192.666142
1.076275,74,3192.837252
1.204051,96,3193.036384
3.873994,85,3193.212285
3.592249,69,3193.351987
0.935338,75,3193.504388
4.298235,86,3193.683039
3.964345,87,3205.06832
4.921011,70,3205.219275
4.701903,66,3205.35104
2.356625,84,3205.517263
1.803501,68,3205.654324
2.243794,70,3205.791813
101.583614,68,3205.929235
2.580155,64,3206.057884
3.25308,66,3206.194288
2.330721,62,3206.323399
2.591219,77,3206.478973
1.243961,88,3206.658717
3.788859,69,3206.801354
2.326233,66,3206.938061
0.970168,83,3207.113934
5.451812,67,3207.246258
2.604818,65,3207.376831
104.239934,61,3207.501623
0.770996,80,3207.66657
2.446008,69,3207.806781
3.033371,63,3207.9546
101.415399,87,3208.133626
2.373607,93,3208.324067
101.070477,71,3208.467673
102.272862,75,3208.618998
4.741341,91,3208.808368
4.536441,93,3209.002816
4.881006,64,3209.133543
2.584092,61,3220.426226
101.176321,66,3220.573781
4.25849,62,3220.699036
5.674015,78,3220.861031
3.346357,67,3221.001435
102.590179,73,3221.159398
3.822012,71,3221.307266
101.669658,67,3221.446622
0.365738,116,3221.684058
100.443929,85,3221.859747
101.608242,80,3222.023059
-0.026406,87,3222.200128
0.649616,80,3222.3626
4.418503,63,3222.493069
-2.519622,131,3222.760071
0.89252,70,3222.905781
2.448174,65,3223.039836
0.355649,469,3223.975636
102.352672,70,3224.11149
4.810381,66,3224.244494
0.059203,121,3224.505541
1.502737,71,3235.851728
3.487712,65,3235.988786
100.36253,69,3236.133396
2.034486,72,3236.291529
102.618087,63,3236.413452
1.357524,60,3236.532217
101.90592,96,3236.719905
4.642839,64,3236.847849
101.149681,179,3237.201582
105.483274,63,3237.327909
4.699718,63,3237.453557
101.330213,80,3237.609329
4.586262,65,3237.737612
3.58403,75,3237.884089
103.176126,56,3237.996683
3.274634,85,3238.179226
1.568039,73,3238.32974
101.315392,106,3238.553322
1.361803,75,3238.710166
106.12271,75,3238.866054
3.584404,68,3239.008976
1.746545,82,3239.179579
101.777634,64,3239.315001
0.294951,77,3239.475792
2.42306,67,3239.614998
5.469311,67,3239.750585
3.044421,81,3239.910068
105.03804,69,3251.424157
2.955852,60,3251.549556
3.8919,75,3251.702273
101.473067,68,3251.83813
1.198251,78,3251.995664
3.656716,67,3252.129077
101.103521,106,3252.347489
2.295627,70,3252.492585
1.881637,70,3252.648706
2.932756,75,3252.800315
1.622577,70,3252.945991
2.696098,72,3253.095073
4.693675,80,3253.260967
1.72924,72,3253.407347
0.166341,77,3253.565737
3.479635,63,3253.690918
3.613034,69,3253.82907
4.464353,71,3253.969729
100.798039,74,3254.114218
5.217194,74,3254.256718
3.758299,100,3254.455737
2.042258,68,3254.591045
2.920295,69,3254.724725
0.950916,112,3254.941902
1.236819,85,3255.107162
102.430783,57,3255.219501
1.748722,62,3255.34039
3.797775,65,3255.467686
2.370738,77,3266.906414
4.336374,65,3267.036534
3.561848,72,3267.180258
0.523333,96,3267.372267
3.450089,76,3267.53321
100.668329,112,3267.777224
3.648682,89,3267.964
3.993843,86,3268.140643
3.831772,95,3268.33635
3.164042,87,3268.514041
4.589347,60,3268.640775
1.969272,59,3268.764835
3.439164,61,3268.891378
4.601311,75,3269.061217
2.543096,62,3269.188767
100.942702,83,3269.359447
0.482114,1000,3282.706401
4.092333,78,3282.866598
4.731064,62,3282.994289
3.746238,67,3283.137866
100.448425,91,3283.326612
0.692529,1000,3285.356876
2.996096,73,3285.498338
102.659507,72,3285.637307
4.122622,64,3285.762929
2.199855,69,3285.895287
5.295479,66,3286.03486
104.655986,61,3286.161459
101.945633,52,3286.264266
100.663131,64,3286.387965
3.062437,85,3297.83804
1.349196,64,3297.969966
2.775197,73,3298.11659
101.423424,94,3298.305007
1.560918,86,3298.496888
-2.330992,164,3298.836831
-0.504097,138,3299.110007
2.519888,74,3299.251573
-0.148093,377,3300.007211
2.947707,73,3300.15641
4.446015,64,3300.282379
5.23904,74,3300.430363
4.45153,64,3300.555435
4.753448,65,3300.68418
2.801734,69,3300.82192
1.978193,72,3300.970531
3.915192,111,3301.193458
1.021941,65,3301.326611
3.1715,90,3301.510497
2.18787,71,3301.657381
3.674387,86,3301.835669
0.800515,1000,3315.133716
100.661712,75,3315.287475
100.711721,99,3315.496073
1.122733,89,3315.682904
1.929522,70,3315.827996
5.579078,141,3316.117145
101.10806,86,3316.291111
3.345008,78,3316.450475
101.189755,35,3316.521037
103.728436,58,3316.642612
3.750108,61,3316.76806
5.841663,63,3316.895833
0.886633,83,3317.066509
100.981183,63,3317.20013
2.811021,73,3317.354744
5.022728,68,3328.740406
100.979927,91,3328.926735
3.499156,70,3329.071348
3.524769,76,3329.234163
3.354826,66,3329.368037
3.678986,67,3329.50194
5.331105,63,3329.628269
2.768079,68,3329.772408
3.696296,68,3329.91014
3.327452,67,3330.050358
3.735922,71,3330.194835
3.934944,105,3330.412642
102.766456,61,3330.551758
2.680789,72,3330.698781
4.360161,65,3330.834952
2.213995,73,3330.988317
2.513407,69,3331.128141
102.289647,44,3331.217337
100.878531,78,3331.378767
0.452531,79,3331.540995
4.207571,60,3331.666971
3.942957,62,3331.793982
3.442852,90,3331.977196
102.706417,72,3332.127748
1.906463,75,3332.301954
101.102753,75,3332.45736
1.262953,71,3332.602503
3.182758,64,3332.734552
100.600757,74,3344.187402
3.362981,66,3344.317241
2.47099,70,3344.458202
3.593218,65,3344.581963
1.212627,66,3344.727956
3.915567,80,3344.884038
101.378065,48,3344.983951
1.767416,70,3345.127927
5.348438,88,3345.306915
102.555308,54,3345.413444
3.538146,84,3345.585615
3.379569,65,3345.71988
1.637159,70,3345.864035
100.668257,127,3346.127376
4.012543,76,3346.286316
4.968848,68,3346.42803
3.101923,68,3346.56803
101.460413,76,3346.7254
1.987409,69,3346.870368
1.45569,69,3347.012986
100.903854,89,3347.196513
4.757231,65,3347.330618
4.551402,94,3347.534648
100.323686,58,3347.652735
2.448405,64,3347.786803
4.22245,101,3347.998552
1.745053,87,3348.177215
2.075875,85,3348.35459
101.321861,85,3359.758699
1.483705,88,3359.934059
-0.303295,87,3360.114247
1.12204,64,3360.247727
2.791186,69,3360.389016
4.138131,64,3360.517899
2.101579,74,3360.669886
1.088492,81,3360.832282
100.767424,73,3360.982409
2.440552,82,3361.151145
103.358534,71,3361.29741
3.373109,64,3361.429997
101.101125,84,3361.603622
3.973053,66,3361.739246
2.459556,80,3361.900602
103.966479,79,3362.061901
3.544271,75,3362.215139
4.376236,87,3362.391899
101.593545,64,3362.520173
0.210383,92,3362.707354
1.133526,118,3362.951438
4.797852,67,3363.089709
100.933198,59,3363.207617
104.525815,61,3363.332876
101.235773,72,3363.481545
3.580529,68,3363.620498
101.252029,60,3363.747032
1.559334,78,3375.177862
1.661838,81,3375.342108
100.548924,54,3375.454317
101.410259,74,3375.619256
102.740058,67,3375.762578
3.273611,159,3376.091514
101.212756,73,3376.24038
4.762855,86,3376.418688
102.024879,123,3376.671553
3.485557,68,3376.815099
103.824916,79,3376.977151
4.383113,62,3377.103287
3.911923,148,3377.418528
4.075672,64,3377.546625
100.251406,384,3378.327804
4.484378,64,3378.459576
2.089488,88,3378.641159
2.913656,80,3378.803972
0.355472,90,3379.000008
4.482876,96,3379.198434
4.433981,92,3390.615534
100.709805,97,3390.804598
2.041889,80,3390.960525
0.862245,76,3391.111703
1.640875,105,3391.339585
5.75842,80,3391.506335
3.274435,64,3391.639349
101.007982,80,3391.808036
100.350179,20,3391.848832
4.507489,74,3392.002623
100.70631,83,3392.172185
101.152093,65,3392.305276
0.926244,80,3392.469221
2.422585,78,3392.633353
102.294909,69,3392.775224
101.850883,73,3392.924837
101.057346,85,3393.095091
5.694598,72,3393.252233
101.274868,36,3393.328891
104.074961,69,3393.472813
3.165241,74,3393.623399
1.803575,92,3393.814162
2.497196,65,3393.946065
1.045872,97,3394.142219
2.057337,70,3394.289281
101.355654,83,3394.459381
3.637938,85,3394.634121
104.779092,80,3405.983771
5.04523,67,3406.123515
4.387215,65,3406.274114
101.149191,84,3406.442556
-0.068094,110,3406.665207
101.059019,68,3406.807908
104.298095,68,3406.949847
2.165348,66,3407.092041
4.450084,72,3407.241654
102.772881,48,3407.338776
103.394091,73,3407.489009
2.931666,101,3407.694241
2.926576,68,3407.83308
4.071331,80,3407.995083
1.02378,84,3408.191884
4.327971,89,3408.371991
101.137192,79,3408.531374
5.245058,70,3408.673047
4.350821,101,3408.880751
101.427361,73,3409.027046
6.075321,78,3409.189106
1.136168,76,3409.345147
0.193164,126,3409.599489
1.201102,74,3409.751271
4.243061,83,3409.933583
0.630337,82,3410.103858
100.676281,63,3421.365582
3.728031,63,3421.490122
102.189752,79,3421.643468
1.287946,70,3421.778297
1.828813,88,3421.958378
3.678123,77,3422.124966
104.798352,70,3422.266279
1.47479,83,3422.439752
2.70372,69,3422.579383
3.147779,85,3422.75727
101.333372,67,3422.895668
100.867159,80,3423.062497
2.85428,71,3423.212708
5.384187,119,3423.45914
101.156535,85,3423.629333
2.031532,75,3423.783082
0.806839,85,3423.954645
1.004581,79,3424.116381
4.267867,92,3424.30428
4.360896,80,3424.466029
2.75555,70,3424.608353
4.042935,80,3424.773435
1.82712,65,3424.902315
0.854337,64,3425.038724
0.762243,65,3425.171503
105.573923,62,3425.296564
1.162777,73,3425.446924
-1.356656,104,3436.919209
3.478701,75,3437.073358
100.820114,85,3437.257854
4.520217,81,3437.423868
4.175232,63,3437.554147
4.160763,81,3437.72105
-1.013661,91,3437.913011
1.310542,69,3438.053058
3.64723,75,3438.198765
103.547591,79,3438.352561
1.335436,77,3438.508816
100.29191,56,3438.62115
0.626152,70,3438.75862
3.243263,67,3438.888578
1.291403,75,3439.035778
-0.176765,83,3439.196367
-0.445106,113,3439.421923
1.610671,77,3439.580346
3.953754,80,3439.733416
3.255012,68,3439.865922
-0.073713,1000,3453.086641
3.809243,74,3453.239178
-2.272034,125,3453.488844
0.532925,111,3453.712241
101.026408,53,3453.818606
1.502047,95,3454.013792
100.990917,58,3454.131896
3.342689,74,3454.295908
5.184453,61,3454.424675
101.471486,68,3454.561627
5.089903,110,3454.79133
1.979182,70,3454.9361
3.008229,73,3455.085043
3.951044,67,3455.217979
101.575117,104,3455.419176
2.069523,70,3455.556268
1.307021,75,3455.702579
101.616258,48,3455.830162
5.458666,84,3456.002901
2.991399,68,3456.14465
4.459422,65,3456.284744
3.423957,92,3467.610101
1.170142,81,3467.768389
4.50492,88,3467.94207
2.992076,85,3468.147129
103.557331,57,3468.262329
2.463492,81,3468.425566
-2.084746,116,3468.650396
100.676581,61,3468.772732
0.946861,89,3468.948205
-1.340876,94,3469.140537
1.493573,93,3469.322776
1.581588,92,3469.502748
5.157826,69,3469.640608
101.155498,73,3469.787784
100.809295,86,3469.955663
5.916376,62,3470.08253
3.053673,95,3470.268636
3.74849,60,3470.386924
4.858287,82,3470.548776
102.017823,50,3470.648074
2.736073,68,3470.786342
3.59309,82,3470.945079
1.5524,75,3471.097026
4.650791,91,3471.28533
104.637456,73,3471.435195
1.544523,72,3482.824834
3.752414,81,3482.97824
0.692088,73,3483.124691
2.658912,67,3483.275344
3.511101,75,3483.425552
5.030602,63,3483.547997
3.417261,70,3483.686653
3.409514,66,3483.819057
102.293541,53,3483.930258
1.407924,124,3484.179827
0.361499,1000,3486.21719
1.357068,77,3486.376994
0.958347,91,3486.573647
3.484623,62,3486.703254
4.66581,80,3486.867262
102.562572,65,3498.238977
3.322693,80,3498.395634
102.51233,73,3498.538547
102.384211,53,3498.645494
4.065969,60,3498.765891
3.603654,61,3498.909784
0.762208,124,3499.154124
5.395732,79,3499.309466
102.996224,55,3499.418409
1.317083,62,3499.538248
4.767769,86,3499.70554
101.708884,89,3499.879392
1.733262,73,3500.030271
4.48195,67,3500.167767
2.852565,93,3500.363049
3.491196,61,3500.485496
4.762819,85,3500.67822
1.789247,82,3500.848595
101.167409,163,3501.18171
100.783996,80,3501.345835
2.157228,72,3501.494259
103.213956,50,3501.596315
102.470954,68,3501.735429
4.972925,66,3501.871298
0.896262,118,3502.109368
1.328898,80,3502.271594
100.357094,61,3513.62997
100.86791,99,3513.83397
5.351613,88,3514.015248
0.402327,72,3514.164313
4.531383,107,3514.380377
-0.404227,100,3514.589381
102.814078,69,3514.734408
3.155283,80,3514.911866
105.65426,63,3515.048507
1.558796,77,3515.206682
3.680077,74,3515.369113
4.371962,68,3515.509189
100.470327,45,3515.60136
3.956077,159,3515.930748
3.723773,60,3516.058914
102.081388,63,3516.189259
1.402678,64,3516.324448
2.530016,81,3516.491794
4.625325,78,3516.647979
1.186638,69,3516.790064
101.250374,55,3516.903823
1.032876,175,3517.261507
0.669234,95,3517.45324
106.299863,78,3517.615985
104.955666,60,3517.739506
2.10229,94,3529.295924
100.744998,62,3529.438087
4.877696,65,3529.571811
4.456498,68,3529.713497
2.149849,60,3529.84057
4.93576,67,3529.976361
-0.297894,85,3530.147654
1.431711,90,3530.345074
1.029998,113,3530.57475
1.626625,69,3530.717623
4.49458,94,3530.922752
100.67172,76,3531.08217
3.202227,84,3531.253325
101.560835,69,3531.394978
2.831157,69,3531.539885
1.47617,93,3531.731245
2.883997,86,3531.909094
5.567113,63,3532.03931
103.113454,60,3532.166332
4.703296,80,3532.331406
103.363837,76,3532.48633
1.645423,76,3532.644238
4.797706,60,3532.768627
2.983482,75,3532.921579
2.238328,119,3533.169187
2.305801,71,3533.31046
0.326604,82,3533.494544
5.43484,79,3544.905907
0.102728,113,3545.139587
100.683196,127,3545.396889
4.583315,72,3545.541195
4.467254,98,3545.737942
4.935373,79,3545.893367
3.634842,72,3546.035812
4.398177,65,3546.159823
101.345229,78,3546.309189
1.385053,88,3546.480544
0.456757,77,3546.630841
1.118577,86,3546.812622
103.303637,60,3546.937216
3.436348,61,3547.056589
1.775515,81,3547.220162
101.241533,119,3547.4568
2.563058,77,3547.608389
2.155723,78,3547.764091
102.8315,60,3547.879987
2.671741,95,3548.06725
4.137405,161,3548.385591
-0.515067,111,3548.61465
6.134044,67,3548.749888
101.899948,77,3560.115503
102.165775,69,3560.256392
104.123839,56,3560.36785
3.964983,80,3560.535375
2.498905,68,3560.676664
4.265281,65,3560.818699
4.829836,70,3560.962534
1.258148,70,3561.108029
1.1329,81,3561.276282
104.843617,58,3561.396524
3.315216,61,3561.521484
103.540258,61,3561.644949
101.465383,84,3561.812122
2.500064,69,3561.946216
101.310327,129,3562.202023
0.46384,75,3562.350835
0.582674,78,3562.507109
104.090014,79,3562.664406
1.773731,137,3562.936481
100.67997,51,3563.037137
3.826763,68,3563.172233
6.19755,64,3563.29861
4.959688,65,3563.42367
2.0775,76,3563.578315
2.788711,66,3563.704966
2.656961,60,3563.823159
1.343817,88,3564.000201
2.585019,78,3564.15204
103.904355,79,3575.499079
3.682243,66,3575.626336
1.245283,72,3575.771528
2.177189,71,3575.913863
101.159758,80,3576.074291
102.420718,57,3576.183768
2.832816,70,3576.322903
1.495063,71,3576.465443
4.495997,66,3576.618278
2.444281,68,3576.755851
2.866255,69,3576.886561
1.405707,81,3577.043236
104.084771,79,3577.20055
4.46329,64,3577.32921
4.741218,62,3577.446738
4.80126,73,3577.588807
104.666077,60,3577.706008
104.642122,64,3577.833603
2.957874,67,3577.966347
101.791173,64,3578.092069
1.760646,81,3578.250549
4.318895,62,3578.373131
102.81426,73,3578.517539
4.137143,97,3578.713085
4.134937,86,3578.881927
1.194891,87,3579.058905
100.890771,131,3579.309015
4.003303,66,3590.662699
4.141157,61,3590.781887
2.475542,74,3590.934096
2.360575,61,3591.063561
4.261451,66,3591.195266
1.475852,84,3591.362865
4.380404,93,3591.543404
-0.625626,105,3591.752321
102.112302,47,3591.845693
102.101046,65,3591.976367
100.864399,33,3592.040849
0.412841,90,3592.216888
100.546799,100,3592.420301
6.067622,81,3592.58866
2.432391,61,3592.713203
103.07301,81,3592.891779
4.30669,61,3593.022322
4.501567,63,3593.153809
4.359951,73,3593.31131
5.391343,70,3593.455223
4.387026,76,3593.613194
101.079237,91,3593.801639
101.611346,80,3593.955735
2.997162,84,3594.121543
4.792755,63,3594.246842
0.946432,77,3594.419757
3.394259,71,3594.562031
101.631307,72,3594.703319
101.074864,157,3606.289172
100.992544,81,3606.452357
101.462643,75,3606.599305
3.724725,124,3606.857467
3.714491,99,3607.057339
2.234821,66,3607.185701
5.577116,73,3607.33087
4.237208,78,3607.485688
0.45429,78,3607.639933
2.302679,69,3607.775216
3.470608,67,3607.904561
2.626028,69,3608.040509
3.100929,74,3608.192858
-0.572008,118,3608.441072
4.527138,64,3608.564773
1.308133,112,3608.779514
101.709008,60,3608.900014
5.325153,65,3609.027144
4.029062,83,3609.182819
103.506406,72,3609.329341
1.443559,89,3609.502992
3.661322,74,3609.646903
101.049869,87,3609.81602
102.600663,72,3609.956035
103.77335,54,3610.100147
0.917178,77,3621.508194
100.426218,60,3621.631438
2.003007,73,3621.782247
101.060564,91,3621.973987
4.132077,66,3622.119176
1.103018,161,3622.455323
5.978496,63,3622.5975
4.105473,62,3622.730403
5.084916,82,3622.894095
4.099346,59,3623.014643
1.150031,78,3623.168154
3.86966,69,3623.305461
1.381268,63,3623.426219
4.064134,62,3623.547072
3.867251,74,3623.697295
3.693466,66,3623.834371
103.824949,80,3623.999215
100.718717,85,3624.173394
0.136447,81,3624.33719
4.762842,65,3624.47039
1.182694,72,3624.62436
1.65772,79,3624.787939
5.212633,61,3624.908412
-0.455841,102,3625.111683
3.724429,83,3625.275874
1.113914,88,3625.450675
100.747911,36,3625.525213
101.147055,60,3625.642654
1.971685,69,3636.937417
1.656393,71,3637.077863
0.703505,94,3637.272444
104.342425,74,3637.426244
0.73847,72,3637.564972
4.033663,96,3637.751145
2.176867,84,3637.920104
101.167974,159,3638.228325
3.240404,65,3638.355272
-1.201156,112,3638.57253
3.435911,70,3638.71969
3.844589,66,3638.853596
102.556039,46,3638.947532
3.744267,61,3639.064568
5.002051,80,3639.220236
4.772032,63,3639.341261
101.279746,83,3639.506504
2.111809,68,3639.635169
2.530621,66,3639.762175
2.873809,66,3639.892487
101.020572,92,3640.072158
3.749476,77,3640.226125
5.331715,62,3640.348782
4.578071,65,3640.481789
104.224998,58,3640.594667
3.270385,68,3640.725625
101.414469,67,3652.024378
-0.572976,162,3652.354961
5.807967,78,3652.50978
101.08933,53,3652.618839
104.375571,76,3652.769482
1.344163,69,3652.904847
4.239295,79,3653.062872
103.269947,76,3653.21569
4.724864,68,3653.350085
100.656265,131,3653.607567
-0.114901,87,3653.778853
3.231903,64,3653.903913
3.971335,68,3654.036333
0.706936,95,3654.238582
2.148177,87,3654.406742
102.061591,77,3654.560467
101.037192,87,3654.734528
2.476762,86,3654.906028
101.090037,81,3655.06134
101.124543,83,3655.221855
4.824318,82,3655.3828
102.739673,46,3655.470454
4.885601,82,3655.628486
2.491895,76,3655.776535
2.510129,63,3655.897417
0.858504,82,3656.057697
5.040417,65,3667.320493
0.83616,96,3667.512069
-0.680439,476,3668.51488
101.32765,81,3668.679382
1.352852,93,3668.871997
3.119538,84,3669.038835
105.166876,71,3669.178572
-0.105099,87,3669.355367
1.845144,61,3669.482089
1.423322,71,3669.626469
0.718696,1000,3682.878623
2.922766,81,3683.045116
101.299333,86,3683.222436
2.533296,68,3683.364681
5.076106,65,3683.4967
4.178356,69,3683.637985
1.613021,77,3683.801903
-0.425086,92,3683.992777
3.840795,61,3684.116387
100.985473,104,3684.331198
103.486398,61,3684.454954
1.836751,61,3684.578168
1.049577,72,3684.724683
0.427751,83,3684.892527
103.13076,73,3685.038756
2.44297,71,3685.181335
102.193341,74,3685.330352
102.364469,68,3685.466513
4.009006,64,3685.59646
1.580435,86,3685.781611
105.184492,70,3685.926083
3.523753,66,3686.06334
0.754826,79,3686.226016
0.054789,74,3686.381948
0.573909,1000,3699.761879
0.978722,71,3699.913926
3.399381,67,3700.046959
100.688041,75,3700.19406
104.127875,67,3700.326561
1.486593,96,3700.515507
4.111499,59,3700.627774
4.401135,60,3700.749302
-0.274158,126,3700.998901
101.371669,69,3701.136763
2.715311,61,3701.260694
1.319659,79,3701.424599
104.229784,65,3701.553702
1.403046,67,3701.695892
5.85376,71,3701.856768
0.343666,83,3702.024457
102.207345,77,3702.183162
101.3277,80,3713.541908
3.273907,102,3713.752665
5.769951,63,3713.874763
3.641105,65,3714.005726
2.599113,68,3714.149894
4.99248,74,3714.306822
100.670985,81,3714.479884
1.199608,88,3714.663673
100.9111,53,3714.770761
0.656661,81,3714.943616
3.667042,63,3715.075445
2.448383,65,3715.210546
2.188958,82,3715.384504
1.192898,73,3715.547198
0.381406,1000,3717.589714
-2.842069,129,3729.035843
100.451782,73,3729.188973
2.132892,78,3729.352914
101.300813,89,3729.541819
101.191616,76,3729.699934
3.812629,97,3729.915122
101.479787,123,3730.177748
2.904683,80,3730.345243
3.21305,68,3730.487783
4.51671,94,3730.681346
2.776085,73,3730.826349
1.205652,84,3730.988161
3.197093,79,3731.141362
0.112841,82,3731.306152
0.582512,1000,3744.53513
2.276923,59,3744.657445
4.904218,65,3744.79288
4.676244,67,3744.93839
0.6486,115,3745.172628
3.72689,68,3745.314657
100.809058,95,3745.512106
3.54241,64,3745.642857
3.080168,60,3745.768217
102.501466,77,3745.916116
3.653174,74,3746.058853
3.275539,61,3746.180658
-0.187921,82,3746.342542
101.866678,66,3746.483726
0.477647,76,3746.638064
4.402001,68,3746.776883
5.72956,69,3746.922753
102.192285,66,3747.052234
0.660244,85,3747.223305
3.220386,67,3747.362029
0.566242,82,3747.526051
103.262304,53,3747.636692
2.531212,88,3747.816473
5.083471,74,3747.969431
3.144288,93,3748.15649
2.098187,73,3748.307776
101.606506,69,3748.453281
2.538076,69,3759.866766
1.455379,68,3760.004886
3.630372,75,3760.17126
3.613816,73,3760.31301
103.12603,71,3760.448821
2.782873,77,3760.602473
101.140971,68,3760.734989
2.901097,69,3760.871577
2.173423,72,3761.013291
3.366826,60,3761.138764
4.96281,63,3761.264232
1.551961,94,3761.449568
2.491511,89,3761.62194
3.422457,60,3761.738062
4.354596,66,3761.87083
4.942276,83,3762.043166
101.203325,125,3762.301985
-1.530233,239,3762.801971
1.588839,98,3762.996239
2.445125,70,3763.135258
0.851965,68,3763.27149
102.684616,76,3763.420273
2.955943,70,3763.563864
0.723098,1000,3776.829345
4.080008,62,3776.956023
4.264826,67,3777.089225
2.85227,88,3777.258846
101.621074,64,3777.386365
101.810279,65,3777.515224
-1.328728,110,3777.732519
103.053148,52,3777.836484
3.835493,82,3777.998348
3.485018,79,3778.151087
1.820223,72,3778.29158
101.389173,71,3778.439878
2.568696,69,3778.574797
4.086308,109,3778.798677
2.336712,59,3778.918256
5.345616,79,3779.072053
100.898658,104,3790.615809
2.881574,68,3790.750351
4.102764,69,3790.887827
102.409293,76,3791.05343
4.510397,102,3791.260439
3.204725,61,3791.378974
1.531906,81,3791.540363
4.383836,70,3791.681195
102.664796,75,3791.834758
101.792647,117,3792.063464
101.371979,78,3792.213073
2.331138,65,3792.341462
4.574781,66,3792.472073
4.094647,77,3792.618336
103.335695,53,3792.722594
4.278899,65,3792.849236
5.219585,65,3792.978192
4.142234,75,3793.125218
3.914211,86,3793.293688
101.51492,46,3793.382599
3.131214,67,3793.514326
100.875871,42,3793.599929
4.922164,85,3793.772518
2.936967,68,3793.904763
4.766255,60,3794.023901
5.1851,67,3794.154081
100.615999,71,3794.2929
0.761025,1000,3807.463599
5.50573,70,3807.59857
1.001867,85,3807.766449
4.153696,59,3807.878886
101.472263,70,3808.017191
3.970181,73,3808.161562
2.984964,69,3808.295504
100.663909,68,3808.425728
3.815908,66,3808.554943
2.660592,64,3808.693466
3.757203,68,3808.826865
104.227574,62,3808.950206
2.805402,61,3809.077559
103.220048,51,3809.181272
101.292482,63,3809.313633
101.355733,73,3809.463959
-0.146271,325,3821.375078
2.980329,192,3821.751479
6.123263,65,3821.877949
1.797987,62,3821.998091
4.438566,61,3822.11752
101.11051,79,3822.267614
0.029642,90,3822.458152
101.857587,115,3822.680771
102.001047,41,3822.766937
0.685498,87,3822.934068
3.658719,68,3823.068203
3.948549,70,3823.204808
4.25795,63,3823.328052
3.554857,70,3823.4649
2.233377,62,3823.586679
101.125677,79,3823.742657
3.682673,78,3823.89509
4.275743,95,3824.081756
104.75469,59,3824.198702
0.778023,366,3824.916863
2.995895,68,3825.051054
3.792532,63,3825.173856
100.387662,46,3836.455407
1.306214,77,3836.609528
5.24267,65,3836.735794
2.841766,60,3836.868359
101.569938,80,3837.023595
5.663478,64,3837.152178
0.715746,81,3837.310154
4.016019,68,3837.446921
1.386115,68,3837.582801
4.550517,68,3837.718523
2.377383,71,3837.860964
103.952763,57,3837.976935
103.189246,52,3838.080965
0.802748,62,3838.205489
2.784561,69,3838.341097
101.231399,38,3838.418025
3.158805,78,3838.574185
100.539443,39,3838.650156
1.928211,89,3838.82633
0.62605,70,3838.966896
2.982047,60,3839.083911
2.043522,70,3839.219371
1.603931,80,3839.385976
0.879207,69,3839.530209
1.042269,81,3839.687885
2.827327,59,3839.801227
1.601716,102,3840.003065
2.057808,86,3840.171421
4.569078,62,3840.295041
0.267775,1000,3853.485352
104.205759,71,3853.625688
2.860946,87,3853.797519
105.689066,65,3853.926365
-3.139041,305,3854.539665
104.590264,60,3854.657766
102.029332,75,3854.813376
4.230207,63,3854.936886
3.999457,85,3855.119458
2.656635,68,3855.255225
4.707815,66,3855.389337
101.982973,41,3855.472799
1.451263,90,3855.65543
0.985505,146,3867.34946
1.979955,64,3867.474325
3.689227,79,3867.627079
104.309521,73,3867.771209
4.060141,61,3867.893028
101.053734,69,3868.031215
101.005318,62,3868.156335
2.141555,72,3868.300118
1.44765,79,3868.452384
3.095264,72,3868.594114
1.564974,71,3868.734052
1.899191,69,3868.87238
4.640189,70,3869.014213
105.880764,70,3869.15107
0.826257,75,3869.297996
3.498919,73,3869.442515
4.894955,65,3869.574591
0.44827,92,3869.755801
101.16147,116,3869.985707
3.724298,68,3870.118782
102.561445,68,3870.257052
3.209417,83,3870.420181
102.249522,66,3870.555317
3.292776,65,3870.682029
3.736581,66,3870.809502
101.357502,76,3870.959971
2.992589,67,3871.090492
102.1889,63,3871.212782
101.452177,45,3882.58404
3.512102,67,3882.716834
101.047826,118,3882.963941
0.238488,94,3883.148476
6.089842,69,3883.282332
105.095278,61,3883.402302
-0.181732,97,3883.594864
103.832216,71,3883.730462
103.431635,66,3883.862126
3.705227,61,3883.982485
4.03486,104,3884.189013
1.361859,82,3884.349823
1.299292,77,3884.503307
102.695751,63,3884.628017
103.181759,67,3884.763888
3.120193,84,3884.925704
2.538326,64,3885.048369
5.436368,61,3885.168862
102.053484,73,3885.30933
4.505135,69,3885.442772
2.320007,65,3885.56791
1.795269,61,3885.685052
3.277887,66,3885.813749
101.113409,71,3885.951801
2.501619,71,3886.087531
5.219008,88,3886.265234
101.862813,75,3886.413752
2.107385,61,3886.536135
1.422594,110,3898.036064
101.267098,76,3898.191716
100.845695,37,3898.270951
2.230415,74,3898.422117
101.317893,76,3898.577628
0.902419,85,3898.750803
0.378839,96,3898.948609
3.340522,87,3899.127034
4.496183,100,3899.33386
3.566149,67,3899.477175
3.036445,65,3899.611508
4.281121,65,3899.75974
3.640573,66,3899.887391
2.897277,75,3900.03456
102.51487,50,3900.133047
101.486121,69,3900.266744
0.800329,77,3900.416102
0.680652,82,3900.57521
1.544693,64,3900.7019
3.508265,75,3900.85083
101.287345,66,3900.979849
3.270017,67,3901.113679
101.74428,51,3901.218566
1.355374,82,3901.377855
2.793417,80,3901.557894
5.112985,75,3901.703541
100.775906,93,3901.889823
3.093203,94,3913.33724
0.057757,85,3913.508162
2.287989,76,3913.661297
1.3839,96,3913.854676
3.103697,90,3914.046406
101.174002,88,3914.219631
3.959243,72,3914.363182
0.843685,86,3914.530748
103.560912,71,3914.672159
3.143167,79,3914.826473
1.466675,85,3914.993039
101.849506,61,3915.118434
3.957226,68,3915.252184
4.52022,69,3915.38948
0.833968,82,3915.550983
102.733285,71,3915.692231
4.715449,66,3915.822623
4.839786,80,3915.999371
102.118735,58,3916.115589
0.85956,265,3916.661989
1.45145,73,3916.812179
2.043037,73,3916.964535
1.591865,74,3917.113603
2.899892,75,3917.270295
105.363241,64,3928.578682
3.583445,76,3928.734151
102.205168,66,3928.867879
1.533984,65,3929.016095
3.074294,70,3929.162946
-1.506642,129,3929.431194
103.813425,57,3929.549241
101.608999,88,3929.730603
102.712468,74,3929.881222
4.614122,66,3930.011763
101.905982,62,3930.135546
1.256248,78,3930.29108
3.53603,62,3930.414033
105.05057,68,3930.546974
4.018799,61,3930.6648
100.8168,71,3930.805068
5.204118,71,3930.942158
102.826851,87,3931.111384
103.004418,63,3931.233997
2.364604,76,3931.384166
0.567928,1000,3944.784308
0.379113,96,3944.975657
101.352402,87,3945.148311
5.2047,79,3945.303006
1.47367,63,3945.429063
3.846777,65,3945.556964
1.584872,71,3945.697606
-0.594301,79,3945.850559
4.135219,75,3945.997982
3.973255,73,3946.142719
102.652512,61,3946.264254
103.524789,56,3946.375686
4.011916,64,3946.502533
5.384966,85,3946.667856
1.353898,85,3946.84695
2.505824,68,3946.981153
105.500751,70,3947.117232
3.915145,83,3947.280943
3.025459,65,3947.409121
100.989115,87,3947.583615
0.770219,87,3947.755478
3.39744,82,3947.916177
2.282308,61,3948.033215
1.566426,90,3959.378431
4.513531,67,3959.509364
1.413054,87,3959.677101
100.402494,40,3959.756017
4.279835,64,3959.900574
1.647672,73,3960.043582
1.969193,70,3960.180058
1.332586,70,3960.315725
1.550896,62,3960.445987
1.351852,81,3960.603047
1.520353,80,3960.759524
5.509911,71,3960.899595
101.814374,65,3961.028468
3.741557,61,3961.147928
101.515071,50,3961.245129
-2.145804,126,3961.492014
106.021462,70,3961.627601
0.688033,79,3961.785608
2.42943,69,3961.92199
3.633524,92,3962.107535
101.139539,124,3962.351455
5.188341,72,3962.495805
5.121707,68,3962.627894
5.088635,81,3962.786303
3.469959,90,3962.963303
3.732842,73,3963.104235
101.950945,73,3963.24637
103.079328,58,3963.377391
101.280965,82,3974.748474
101.578082,102,3974.9493
1.162068,81,3975.109336
2.918679,88,3975.294308
1.84858,74,3975.45483
4.233422,72,3975.593739
103.297267,69,3975.734324
4.116291,64,3975.862008
102.539452,63,3975.98532
101.12322,61,3976.104571
100.914526,45,3976.194674
2.323298,70,3976.33638
3.504164,85,3976.504638
104.524928,62,3976.62519
102.287676,64,3976.750814
100.715123,76,3976.896808
101.932277,83,3977.060817
100.867308,84,3977.225261
5.176387,92,3977.404138
2.208094,70,3977.543925
102.80801,63,3977.671158
4.408767,65,3977.803607
102.72768,69,3977.944013
1.849843,76,3978.096221
2.839049,80,3978.265364
5.420714,70,3978.405896
1.712721,97,3978.600462
103.436067,67,3989.914888
3.321154,66,3990.050145
1.847696,79,3990.212613
4.247172,61,3990.340261
100.662197,80,3990.52818
1.927934,73,3990.684789
3.384306,85,3990.856765
4.396847,64,3990.993315
0.05691,84,3991.169035
103.028781,71,3991.317211
1.894894,82,3991.488614
2.237722,74,3991.640419
4.651976,61,3991.769394
2.413872,89,3991.951344
3.528772,88,3992.134534
4.288775,62,3992.265568
105.565659,65,3992.402951
0.421886,79,3992.571302
5.82319,63,3992.699841
3.529514,70,3992.842357
1.773045,67,3992.980953
2.358071,78,3993.144938
104.554767,61,3993.272236
5.587245,68,3993.413991
4.526382,66,3993.545887
2.065323,64,3993.672122
-0.502593,86,3993.847072
101.101099,89,3994.030416
4.231911,64,4005.378294
5.411819,88,4005.553912
3.593177,82,4005.725772
3.214898,118,4005.986304
101.066574,139,4006.26405
4.383049,61,4006.387664
100.662441,88,4006.559182
3.830252,71,4006.699045
101.926606,65,4006.830662
3.237849,84,4006.997478
-1.518868,220,4007.450577
3.343959,82,4007.609075
4.425864,77,4007.758634
-0.003995,93,4007.941413
101.396564,85,4008.108279
4.455793,72,4008.250537
1.476643,80,4008.426629
102.450856,62,4008.545356
-0.007046,81,4008.700375
105.233609,61,4008.823057
0.981614,64,4008.948174
1.893683,73,4009.094503
0.154271,1000,4022.449852
3.450137,69,4022.592287
101.458619,50,4022.693599
-0.335903,73,4022.839453
1.613958,79,4022.993841
0.333504,82,4023.157609
-0.183803,134,4023.427032
102.365877,48,4023.522067
0.60808,216,4023.961517
1.774856,135,4024.232651
103.208797,70,4024.379519
0.676154,79,4024.544684
1.933714,61,4024.67633
101.341819,72,4024.825584
3.307833,93,4036.302406
4.712536,85,4036.466905
100.923092,73,4036.611841
102.706203,51,4036.712033
103.011427,69,4036.846078
5.350018,69,4036.983148
2.538869,76,4037.139499
102.369298,80,4037.304746
-0.180908,132,4037.576978
2.248483,72,4037.720567
101.606718,80,4037.891283
5.436771,64,4038.028177
4.401854,60,4038.151118
1.621014,67,4038.282431
1.147491,76,4038.439834
3.738176,62,4038.567608
4.853007,63,4038.699729
101.334653,83,4038.865782
4.183816,61,4038.985119
2.845679,64,4039.108052
1.008679,73,4039.248126
-1.036044,97,4039.439829
4.397094,68,4039.572399
2.133924,69,4039.708527
101.972274,53,4039.812143
104.735701,60,4039.941889
2.060789,73,4040.086898
0.670107,92,4040.268117
4.713921,65,4051.639073
2.162393,160,4051.956317
2.472436,69,4052.092359
100.620024,94,4052.287951
104.926301,60,4052.406624
3.2517,67,4052.547741
4.50678,73,4052.698277
3.262189,76,4052.855299
3.40469,100,4053.058255
2.770557,68,4053.199159
101.612141,73,4053.351348
1.540955,72,4053.49863
2.150893,71,4053.638766
2.962191,76,4053.791258
1.866161,75,4053.945267
6.021785,64,4054.076785
0.266898,84,4054.243478
4.08081,64,4054.36902
102.463836,68,4054.505353
1.40215,106,4054.712382
2.647396,63,4054.843577
3.305603,72,4054.989442
4.915227,76,4055.142657
102.271371,65,4055.272928
1.326184,86,4055.443033
-0.180311,76,4055.597755
3.594172,69,4055.740209
0.192765,77,4067.104815
1.67999,71,4067.271844
3.410572,66,4067.410294
0.846993,89,4067.600336
102.803127,51,4067.708394
2.542026,68,4067.84674
5.789103,63,4067.971416
4.830814,61,4068.105131
1.189332,92,4068.29218
3.149827,66,4068.443063
1.989665,69,4068.58833
3.509914,64,4068.723081
1.404919,104,4068.927897
2.123911,61,4069.046504
3.914002,66,4069.178656
-0.81985,86,4069.351481
3.945592,65,4069.482396
3.564308,88,4069.656495
4.331887,85,4069.822996
2.214432,65,4069.949407
5.437061,64,4070.073467
5.292888,64,4070.212373
0.314018,98,4070.404023
2.610897,67,4070.531518
1.951979,75,4070.680941
101.710275,100,4070.877346
1.598347,71,4071.02818
100.37582,47,4071.129337
1.705248,74,4082.660568
100.932221,67,4082.800224
1.642245,62,4082.925809
4.888996,65,4083.075028
4.180508,80,4083.244266
101.140789,63,4083.374685
3.249241,61,4083.500186
2.58336,91,4083.689644
1.622221,84,4083.85964
5.204884,83,4084.030036
101.941282,55,4084.143296
104.734181,63,4084.271004
1.382902,73,4084.421948
100.923024,79,4084.584464
1.85514,64,4084.718337
103.624025,80,4084.879384
2.48882,83,4085.042378
101.015753,69,4085.182325
2.704622,91,4085.358707
4.654287,62,4085.483527
3.933771,68,4085.616521
1.304647,90,4085.794145
1.242576,69,4085.947366
1.827125,93,4086.129839
2.291178,71,4086.272535
1.097427,122,4086.517515
5.034673,88,4086.691332
100.088809,17,4097.989064
101.759682,74,4098.144799
105.200604,59,4098.266849
104.281694,70,4098.413953
2.245866,72,4098.560693
5.470078,71,4098.707836
2.081441,71,4098.852507
4.076013,60,4098.97498
1.495328,84,4099.151785
101.957619,74,4099.304952
4.011866,61,4099.431616
101.219619,52,4099.539782
3.951184,90,4099.739728
1.597627,99,4099.946119
101.523489,89,4100.130493
102.153614,75,4100.282052
101.018452,74,4100.432797
1.07012,89,4100.61492
5.784914,64,4100.74708
100.453709,60,4100.865733
100.558839,72,4101.008489
2.70599,61,4101.130898
0.675112,85,4101.296547
2.323099,68,4101.431214
4.613805,68,4101.56685
1.453235,77,4101.72247
0.552233,1000,4114.975859
101.392357,70,4115.110539
2.379679,71,4115.249089
2.123936,65,4115.377878
3.671559,71,4115.530755
102.992042,53,4115.63815
3.535968,69,4115.793604
101.286632,46,4115.887318
4.305603,62,4116.018604
2.399225,71,4116.167286
1.845175,88,4116.3481
1.302628,63,4116.47826
-0.987368,87,4116.662245
102.885162,68,4116.800112
102.325793,50,4116.895995
2.914659,60,4117.015333
5.212831,71,4117.158338
4.845623,83,4117.333864
3.939254,76,4117.480658
102.938714,79,4128.919901
1.824207,75,4129.067213
1.074869,90,4129.240011
1.697012,72,4129.380928
104.794599,62,4129.519727
2.912168,65,4129.650894
102.376655,70,4129.78947
1.677165,78,4129.952482
4.328663,68,4130.086865
2.701905,96,4130.276815
6.049867,64,4130.401876
5.207607,72,4130.541527
102.983009,65,4130.670393
3.133257,64,4130.798534
-0.288038,81,4130.959536
1.010985,75,4131.103676
2.620359,69,4131.238637
4.111688,66,4131.370178
3.921019,69,4131.509437
1.973841,64,4131.634093
100.721899,70,4131.771276
-0.19204,93,4131.960585
3.679059,72,4132.107414
3.14358,95,4132.301094
2.084704,63,4132.43302
101.063499,67,4132.571028
102.145726,66,4132.701847
1.996876,70,4132.8399
1.450032,71,4144.22088
2.162274,67,4144.361403
104.077275,56,4144.479957
2.84952,68,4144.618931
102.564464,68,4144.772147
4.241646,60,4144.905273
3.087251,71,4145.050144
101.267268,76,4145.207346
1.978794,78,4145.372503
2.266281,71,4145.517987
104.366121,70,4145.661577
4.569223,73,4145.809816
101.613163,84,4145.978351
103.12086,47,4146.070751
4.380286,69,4146.206858
5.13018,91,4146.384921
102.211589,50,4146.482929
4.476688,82,4146.648185
1.599549,65,4146.780195
1.905911,137,4147.056958
2.675312,60,4147.176986
100.867005,71,4147.320752
101.088803,93,4147.510291
102.777856,67,4147.648966
100.895104,58,4147.780668
4.293518,72,4147.922607
2.406192,78,4148.076138
4.891142,62,4148.199172
0.940066,78,4148.351159
3.073566,62,4159.796287
101.099491,88,4159.984491
3.009839,78,4160.133703
3.850545,73,4160.277914
3.740076,73,4160.417881
3.251835,63,4160.538848
4.441627,80,4160.696073
1.305558,76,4160.84109
4.768444,69,4160.974952
100.840663,82,4161.143063
1.254583,83,4161.306905
3.447589,75,4161.459764
3.220415,80,4161.620017
4.487452,65,4161.748616
100.717769,59,4161.872169
4.820052,66,4162.005131
104.218401,58,4162.115478
2.504311,60,4162.233216
-0.055417,79,4162.39044
105.015703,62,4162.51355
1.719896,69,4162.656998
1.663503,73,4162.802111
3.790689,62,4162.927146
3.185106,68,4163.063896
2.29368,71,4163.202037
101.215349,80,4163.364068
101.374111,79,4163.522283
2.541036,61,4163.655121
5.157173,81,4175.084542
4.004707,61,4175.212531
-0.376467,105,4175.428701
3.557224,71,4175.573696
104.184782,67,4175.712307
100.594407,47,4175.809191
102.14287,54,4175.915065
101.484151,42,4175.998888
4.885919,67,4176.131158
4.358504,61,4176.250094
1.949806,126,4176.49496
100.507529,94,4176.685534
2.859365,67,4176.829229
102.501822,59,4176.945961
100.926409,31,4177.009373
102.395388,57,4177.122229
0.895922,62,4177.243309
5.686979,75,4177.391501
101.356729,74,4177.538734
100.486082,68,4177.675398
4.5949,65,4177.802758
101.008123,59,4177.922747
4.589006,78,4178.081681
0.100827,218,4178.532475
102.924091,71,4178.678696
2.297109,71,4178.823118
1.317778,97,4179.016057
-0.314577,87,4190.474549
101.853298,51,4190.582684
4.38922,69,4190.720779
105.651796,69,4190.876726
100.934454,72,4191.021404
0.709891,82,4191.184113
100.979025,71,4191.32409
1.550363,79,4191.481449
3.092157,68,4191.618404
102.295315,54,4191.723387
3.498961,61,4191.840887
3.658326,66,4191.977494
3.613403,73,4192.127479
102.664432,60,4192.264224
103.782265,75,4192.421764
1.947843,72,4192.56663
4.440311,71,4192.717048
-0.011889,89,4192.891892
1.376939,70,4193.030331
101.481928,75,4193.178473
3.896465,64,4193.30476
101.043284,84,4193.470785
0.839685,73,4193.616338
0.589206,110,4193.834222
3.183708,67,4193.964393
102.371554,43,4194.051169
1.865205,91,4194.227729
102.934932,73,4194.367573
3.490397,59,4194.481892
102.614268,44,4194.571939
5.855075,64,4205.99141
105.777226,64,4206.124809
1.537912,99,4206.333096
0.690399,106,4206.549273
104.9371,73,4206.698136
102.92009,79,4206.857671
4.020721,72,4207.004987
1.650988,73,4207.166646
105.609182,69,4207.320836
4.32668,95,4207.520601
1.710655,92,4207.714271
101.147529,73,4207.865708
102.913407,72,4208.01205
1.444627,64,4208.142582
2.724301,94,4208.338378
1.404502,77,4208.509058
2.07485,81,4208.68259
2.829059,70,4208.828722
4.125014,61,4208.955668
102.080683,66,4209.08884
5.837994,63,4209.220728
2.730353,61,4209.342066
0.910841,99,4209.55286
1.151115,74,4209.705549
5.193337,62,4209.834282
4.418859,87,4210.012928
2.402275,76,4221.373123
4.450443,84,4221.54563
2.342771,65,4221.680531
1.087628,90,4221.863524
2.062372,85,4222.043948
4.696426,73,4222.196466
1.502891,108,4222.419817
101.066447,57,4222.537025
3.761817,62,4222.666621
4.150403,61,4222.790741
2.87443,61,4222.908691
2.929555,76,4223.075121
102.277977,51,4223.176218
-0.357315,73,4223.319346
6.000418,66,4223.448858
1.9312,103,4223.65641
101.436931,98,4223.847869
5.223691,62,4223.973693
3.273554,66,4224.105837
3.920493,70,4224.246988
2.325021,63,4224.366396
100.432503,86,4224.543372
4.439692,63,4224.665533
5.188029,61,4224.785871
4.096157,71,4224.927336
3.126732,68,4225.061287
1.259771,122,4225.304412
4.674997,61,4225.425069
104.255508,74,4236.838643
1.606883,64,4236.963269
1.548398,81,4237.122853
1.879802,74,4237.276197
3.50041,64,4237.402624
100.686038,281,4237.945822
103.086358,54,4238.051636
3.733676,72,4238.191607
102.8482,53,4238.298593
1.069533,81,4238.457437
3.705745,68,4238.590239
2.10799,86,4238.757825
2.056338,71,4238.89956
4.182154,104,4239.102474
2.018328,88,4239.271833
4.272855,62,4239.394121
2.238599,74,4239.537007
-0.418435,90,4239.71459
2.818033,73,4239.862387
5.319396,64,4239.991835
3.363857,69,4240.125788
101.943627,63,4240.249102
1.747803,76,4240.399252
3.798983,65,4240.530415
3.011289,69,4240.666497
4.636529,85,4252.095449
4.258187,69,4252.238025
1.938037,82,4252.405593
104.761605,68,4252.556301
-3.379631,714,4254.025586
3.253677,67,4254.16545
1.808742,65,4254.299213
3.329711,80,4254.465655
1.774331,97,4254.66423
3.506695,72,4254.8138
2.50853,79,4254.969493
0.731056,90,4255.143893
5.255825,71,4255.284494
1.615189,86,4255.458385
3.703426,62,4255.582065
2.927337,100,4255.780795
-0.788409,139,4256.051191
0.363381,103,4267.49089
4.858186,72,4267.633158
103.968829,58,4267.752327
-0.061592,124,4267.997608
103.673489,67,4268.128625
101.277429,84,4268.296334
3.619335,85,4268.478973
103.207629,57,4268.598919
102.207501,63,4268.729024
3.423234,85,4268.895561
2.204588,76,4269.062502
0.108837,225,4269.503897
4.351661,69,4269.645417
104.95967,65,4269.772286
4.683746,101,4269.967203
-1.381126,119,4270.200104
4.740603,75,4270.347086
-0.348344,200,4270.739867
103.112819,61,4270.85959
101.07816,84,4271.028246
1.482372,72,4271.165956
4.505489,67,4271.296384
0.500763,75,4271.443988
103.113574,60,4282.806406
3.320838,84,4282.969311
100.803581,55,4283.096987
101.867239,71,4283.244828
0.742658,82,4283.416908
4.741785,64,4283.547984
4.490901,65,4283.683006
-0.490511,139,4283.976701
4.540094,94,4284.174534
5.073255,63,4284.306213
2.913229,60,4284.437997
4.441352,83,4284.607663
4.096727,78,4284.771584
101.229647,42,4284.857341
1.440897,80,4285.017131
1.532418,98,4285.212981
0.659763,76,4285.364074
2.34439,69,4285.501893
1.431886,87,4285.675145
4.701595,126,4285.93482
101.205247,74,4286.084844
3.751825,82,4286.255354
1.031624,92,4286.44726
4.367016,66,4286.585584
1.729409,84,4286.758947
4.325781,83,4286.918656
1.120932,70,4298.42609
103.517091,68,4298.56601
101.852443,70,4298.718017
2.80079,81,4298.879143
3.218153,105,4299.093899
100.558111,83,4299.256823
0.106849,84,4299.418956
1.778111,89,4299.59282
1.538789,80,4299.747604
4.170265,88,4299.928769
4.394087,87,4300.109554
4.39411,74,4300.276232
101.879038,61,4300.402607
4.154078,61,4300.532497
3.443362,68,4300.667275
102.239576,66,4300.795612
2.341908,67,4300.927237
1.80246,93,4301.114633
1.180161,61,4301.234379
101.183015,63,4301.359547
2.091008,80,4301.520986
3.497662,77,4301.672031
102.942317,49,4301.766939
3.907333,68,4301.90039
101.200259,70,4302.047
1.247212,79,4302.210203
4.179463,94,4302.404602
1.423573,76,4313.867305
2.619472,85,4314.050448
2.867846,71,4314.190207
101.368662,56,4314.298112
2.998699,69,4314.435587
1.914621,160,4314.748146
2.205499,73,4314.897785
100.944482,35,4314.965976
104.659318,74,4315.110337
4.696388,78,4315.267399
2.072802,78,4315.419275
0.656099,120,4315.657392
0.408652,104,4315.870447
101.257087,46,4315.971292
1.202985,85,4316.14937
3.892588,74,4316.304002
102.020749,64,4316.434252
1.860778,75,4316.58405
4.069906,90,4316.762745
4.129347,64,4316.889384
101.186288,79,4317.047471
4.421009,59,4317.165402
0.436463,69,4317.304459
104.057909,68,4317.44084
2.387462,72,4317.589881
0.413584,79,4317.743272
3.999902,86,4317.907867
-0.707715,92,4329.277916
3.724313,62,4329.406437
1.072209,91,4329.596055
100.906564,67,4329.733926
1.424827,88,4329.905513
100.618104,71,4330.047034
0.862472,75,4330.195837
3.728336,62,4330.316812
2.822635,147,4330.606573
1.720204,90,4330.801324
4.092745,60,4330.922706
0.767573,94,4331.102657
2.428292,66,4331.233041
102.546101,46,4331.321542
1.639016,71,4331.46431
1.20821,133,4331.733994
3.733688,65,4331.866485
100.882842,58,4331.994581
101.447767,85,4332.17316
102.226483,65,4332.308597
3.184642,71,4332.45526
-0.711594,83,4332.628012
1.193691,124,4332.880752
101.26958,82,4333.040152
101.943568,71,4333.18207
3.260781,81,4344.706173
5.778951,67,4344.850245
0.473403,112,4345.068118
1.285914,82,4345.229161
100.950315,87,4345.399615
2.883499,78,4345.555395
4.617831,64,4345.679522
2.183256,82,4345.840155
4.151288,67,4345.969762
1.638884,69,4346.103576
5.669415,65,4346.234255
3.089755,71,4346.374071
2.263817,73,4346.514989
101.444147,78,4346.668067
101.412675,89,4346.858306
1.429549,67,4346.99526
1.488992,127,4347.25297
4.91977,81,4347.416746
101.613472,59,4347.542333
1.041293,104,4347.752431
2.087055,74,4347.904836
3.305826,71,4348.050823
101.633359,76,4348.204673
3.397692,86,4348.377964
0.309633,71,4348.521953
3.69647,82,4348.689988
1.246135,92,4360.09819
-0.718247,202,4360.490552
0.512603,74,4360.63773
5.652759,84,4360.803996
2.215092,66,4360.932404
3.858144,60,4361.052958
4.151723,85,4361.236206
100.212945,261,4361.760968
2.084459,78,4361.919443
102.259967,57,4362.031314
101.138769,75,4362.179662
-0.21995,99,4362.371851
2.53392,91,4362.550885
0.682601,68,4362.685441
3.855424,65,4362.813831
3.969185,75,4362.961636
102.347102,59,4363.077115
-1.028093,103,4363.285028
3.437508,88,4363.465095
3.452338,79,4363.620463
-0.648755,81,4363.783153
4.585207,67,4363.918158
5.194493,82,4375.271364
104.599674,63,4375.393214
4.024899,63,4375.517771
102.037702,68,4375.667469
101.89287,73,4375.813536
4.628203,63,4375.934966
0.186777,84,4376.105025
105.628601,70,4376.244793
4.533312,82,4376.405049
3.540429,61,4376.529329
4.679747,73,4376.671277
100.909989,91,4376.847898
1.585448,96,4377.038366
1.713751,113,4377.262186
1.438513,104,4377.471307
2.925338,70,4377.608478
5.649299,68,4377.748988
102.936273,67,4377.887255
102.690245,79,4378.044275
4.51275,80,4378.205651
1.247046,82,4378.374418
101.167009,55,4378.48463
102.033614,62,4378.611215
1.404207,74,4378.762848
2.662621,68,4378.896027
5.473165,68,4379.033116
1.197092,60,4379.14915
102.001644,72,4379.310039
0.859938,74,4390.637637
102.01249,63,4390.765261
3.04391,67,4390.897675
4.147617,66,4391.026948
1.522401,75,4391.177298
105.726553,71,4391.316497
101.365379,98,4391.512026
1.270488,103,4391.727983
102.399893,70,4391.86788
0.892153,94,4392.060276
100.966435,103,4392.261358
4.016602,85,4392.428773
101.904479,71,4392.5729
2.47116,90,4392.751008
101.404546,69,4392.891583
1.422367,100,4393.088309
3.979188,93,4393.270118
2.112287,70,4393.40836
1.112301,89,4393.583209
102.494779,65,4393.709802
1.435151,94,4393.898883
1.018572,86,4394.071808
1.525546,89,4394.24559
101.921923,72,4394.384897
101.044186,83,4394.553112
1.552258,71,4405.984231
1.281766,92,4406.166812
100.693845,74,4406.326293
3.390579,66,4406.455623
3.254356,68,4406.587187
2.969104,189,4406.95868
0.874622,109,4407.178399
1.221119,103,4407.380367
1.392748,89,4407.560914
104.008391,63,4407.688769
1.449554,77,4407.841296
104.14044,70,4407.982034
2.367019,76,4408.133287
101.341853,94,4408.313913
3.57182,87,4408.484053
3.834012,70,4408.650155
1.467138,84,4408.810616
3.883251,93,4408.994062
3.065301,83,4409.157375
3.241394,77,4409.306359
4.234718,75,4409.455877
101.363388,84,4409.621341
4.65512,66,4409.751789
1.777743,72,4409.892132
1.521369,81,4421.260687
2.383981,66,4421.390429
2.874725,60,4421.507639
100.5865,80,4421.675073
-0.145652,110,4421.891
100.80989,81,4422.049581
0.284287,99,4422.245989
101.520863,63,4422.37205
2.582223,68,4422.505311
3.242818,80,4422.662501
0.286619,82,4422.822146
0.721911,77,4422.973614
4.017105,74,4423.119421
3.597595,72,4423.262724
3.344276,60,4423.385215
101.103234,60,4423.503664
2.872014,81,4423.663762
102.328944,65,4423.802768
2.627581,59,4423.92101
5.139942,72,4424.06719
104.451969,56,4424.173194
103.562149,59,4424.289987
4.146516,86,4424.460523
4.206099,67,4424.593623
1.989705,85,4424.761019
1.876765,94,4424.946227
-1.998508,125,4425.198961
102.526459,69,4436.589932
0.600248,102,4436.791779
5.258927,61,4436.910618
3.10543,188,4437.280986
5.94043,77,4437.448239
1.908949,69,4437.585475
3.501004,65,4437.712909
101.867885,79,4437.86673
1.821041,91,4438.059479
4.240346,83,4438.220258
1.676248,74,4438.364372
100.81945,59,4438.478246
105.632697,70,4438.613968
1.292046,71,4438.758847
1.076064,81,4438.919001
101.825796,80,4439.075716
103.960885,73,4439.218904
2.374956,74,4439.361863
103.289801,67,4439.490232
4.941018,70,4439.63444
4.004156,73,4439.781899
103.46912,72,4439.922021
100.896258,55,4440.030056
2.276934,83,4440.191728
3.947116,69,4440.327127
5.184418,65,4440.452232
1.765408,69,4451.797718
2.219709,88,4451.994308
1.974544,173,4452.329966
2.425584,86,4452.511587
102.319233,65,4452.640648
4.328633,59,4452.757519
2.989731,68,4452.895069
103.634387,55,4453.006683
3.249376,62,4453.132478
1.698649,63,4453.261097
4.125375,89,4453.433021
3.216103,68,4453.568148
103.659672,55,4453.679752
0.380053,95,4453.866676
0.376751,402,4454.653914
103.029168,69,4454.78707
1.885312,85,4454.953869
1.925188,59,4455.069453
1.45579,96,4455.255153
104.441867,72,4455.395219
100.571628,47,4455.486413
0.086362,1000,4468.652401
-0.729891,233,4469.109783
2.658663,84,4469.278074
104.815016,60,4469.394968
0.576825,70,4469.532588
2.630075,63,4469.660673
1.85485,94,4469.842503
101.753235,65,4469.9701
102.663329,69,4470.105275
1.508918,65,4470.235297
3.202248,74,4470.383096
1.026165,157,4470.693106
4.914543,71,4470.831998
102.467078,73,4470.972901
1.145178,77,4482.400792
3.981456,79,4482.561874
-1.095614,92,4482.748298
5.132594,75,4482.895567
4.694636,61,4483.017308
102.061206,61,4483.133753
2.063519,92,4483.318892
103.031927,77,4483.470038
100.530045,89,4483.64712
1.524327,89,4483.831152
3.263326,67,4483.961599
4.092986,66,4484.092364
104.403151,73,4484.238976
4.345961,64,4484.365348
-0.012312,77,4484.517481
5.314744,76,4484.668334
3.998824,69,4484.808156
101.557735,92,4484.997878
3.979718,84,4485.1663
100.320129,120,4485.422227
101.67059,58,4485.543797
2.558668,83,4485.713335
103.109327,74,4485.863542
103.844815,65,4485.998399
104.659942,75,4486.153378
1.899245,71,4486.302117
3.264611,65,4486.442086
4.47589,72,4497.783956
4.315857,88,4497.971881
102.336372,68,4498.108378
3.032138,73,4498.251057
101.463849,69,4498.391068
0.206729,957,4500.279807
4.087011,64,4500.405266
100.709622,82,4500.565549
3.737158,75,4500.719914
3.767707,81,4500.890184
3.990735,64,4501.023231
4.537966,76,4501.184379
5.57125,62,4501.31646
100.897741,72,4501.468106
100.40831,62,4501.597785
1.635652,70,4501.741226
101.685841,105,4513.319179
4.479186,65,4513.455477
1.223025,70,4513.598373
3.84648,76,4513.758803
3.365808,76,4513.918325
4.24269,66,4514.052208
-0.480282,103,4514.269073
100.983274,70,4514.419763
4.368932,100,4514.627143
5.233035,80,4514.807324
105.361518,63,4514.936681
0.899574,100,4515.147391
1.802704,79,4515.306502
3.421291,83,4515.477383
5.362819,78,4515.643904
2.093338,120,4515.890813
100.870181,71,4516.037956
4.314651,70,4516.178752
1.074003,79,4516.340279
2.110255,62,4516.473129
104.168073,56,4516.581473
1.4889,86,4516.755891
3.911744,65,4516.885547
101.556275,88,4517.06021
5.065389,63,4517.181027
-0.055908,82,4517.342466
4.347088,90,4528.880615
4.974281,74,4529.048136
-2.041072,119,4529.306356
2.510962,91,4529.489636
3.620022,66,4529.629295
2.342631,72,4529.778066
-0.768627,112,4530.007432
101.652425,79,4530.160933
-0.833834,139,4530.440274
1.159585,138,4530.706463
3.995466,73,4530.850421
102.797921,71,4530.992163
2.4276,93,4531.175768
101.212936,73,4531.316921
1.225665,95,4531.504314
3.79026,61,4531.626842
2.113818,73,4531.768178
2.961382,63,4531.893188
4.246678,74,4532.039381
101.048515,78,4532.20386
3.861192,76,4532.358244
-1.107822,152,4532.672017
2.750685,79,4532.828236
3.420707,68,4544.301142
1.700298,71,4544.461606
4.030629,61,4544.585008
104.253521,68,4544.724585
2.037099,79,4544.885769
1.581197,69,4545.02473
103.559688,54,4545.138591
0.472159,110,4545.355208
103.378484,53,4545.461535
2.924079,60,4545.579678
0.84512,1000,4547.590437
103.66007,65,4547.722035
3.735683,98,4547.914052
100.606668,45,4548.007147
5.275722,63,4548.133576
2.993723,63,4548.259787
2.931631,96,4559.636252
0.133731,77,4559.789623
100.542153,71,4559.932525
4.667017,66,4560.061985
101.632198,134,4560.32726
0.529189,1000,4562.339796
102.316602,70,4562.475637
2.053617,63,4562.60205
1.88465,80,4562.762006
2.185931,70,4562.898347
4.928322,70,4563.036575
0.869846,94,4563.221301
4.770982,76,4563.370032
2.985141,88,4563.544284
3.36763,123,4574.973036
5.458032,74,4575.13392
2.797016,61,4575.256117
3.420979,77,4575.407044
3.011504,61,4575.533807
1.808754,61,4575.657741
3.000577,61,4575.777098
0.724334,85,4575.943197
100.992414,72,4576.087142
101.006779,100,4576.286848
102.134834,44,4576.3746
3.776011,70,4576.516057
4.163007,62,4576.637351
2.888054,61,4576.757416
2.355465,94,4576.942266
3.812719,75,4577.091915
100.601193,57,4577.205964
0.584849,1000,4590.436383
4.449273,69,4590.574259
105.218642,69,4590.712985
5.032041,65,4590.84429
4.697772,105,4591.058111
2.834616,110,4591.279075
4.226524,81,4591.440272
101.070376,50,4591.542483
1.595296,73,4591.691927
1.637495,88,4591.871935
4.183311,80,4592.032445
104.048556,65,4592.159317
2.757613,64,4592.286519
100.528692,23,4592.331344
2.538328,81,4592.491675
3.64484,72,4592.630685
102.309738,59,4592.747839
102.422451,142,4593.020679
-0.00654,99,4593.218129
4.04198,86,4593.388289
1.66608,67,4593.520076
102.41755,50,4593.620366
3.195107,74,4593.765454
3.240015,74,4593.918242
101.236759,60,4594.035378
103.445161,70,4594.172877
2.449295,95,4605.589696
101.240211,64,4605.735051
3.486199,70,4605.871029
1.442336,103,4606.075798
101.249583,72,4606.219791
2.1768,105,4606.430094
102.805376,74,4606.579911
-0.054885,177,4606.933678
101.38158,78,4607.088615
1.986534,66,4607.215893
3.009973,90,4607.38986
2.033562,80,4607.548084
106.073666,69,4607.68784
102.492015,73,4607.833976
2.191075,68,4607.964531
1.153022,71,4608.104025
105.237114,65,4608.231979
4.565661,60,4608.350507
2.759573,86,4608.515768
1.603465,62,4608.637016
2.46392,100,4608.85506
103.912668,68,4608.98988
3.435373,93,4609.172222
101.183174,68,4609.308344
0.834176,110,4609.521366
103.693412,78,4620.870751
3.378562,78,4621.024488
2.134138,70,4621.160551
3.760072,69,4621.297591
-1.603692,408,4622.110308
101.592709,94,4622.306351
102.782999,62,4622.433042
4.836942,66,4622.562542
2.357022,73,4622.70384
100.287777,71,4622.842248
2.796187,72,4622.984694
2.219405,79,4623.141102
3.876389,84,4623.308694
2.587294,187,4623.675565
100.766491,56,4623.789181
4.404129,78,4623.947961
1.68229,123,4624.193166
105.560067,62,4624.318483
3.559806,93,4624.501448
101.3637,70,4624.638535
3.45155,78,4624.796175
2.064406,90,4636.143146
101.682725,91,4636.339217
4.2944,63,4636.463945
3.717267,71,4636.607557
100.673057,73,4636.751267
3.919123,73,4636.894908
101.24561,56,4637.002947
1.427476,72,4637.145798
102.384424,71,4637.287995
-0.630432,84,4637.458489
4.894098,66,4637.588802
101.860157,80,4637.746908
1.71028,72,4637.89341
103.84098,58,4638.010803
4.397162,65,4638.141128
5.635292,79,4638.300225
3.14273,140,4638.575922
0.951164,90,4638.757051
5.50055,61,4638.881161
1.478496,76,4639.030073
2.702768,67,4639.16217
104.3779,67,4639.295707
1.649829,70,4639.433767
101.16934,70,4639.571027
0.980875,211,4639.995113
0.866741,113,4651.497774
5.773077,63,4651.6235
1.361042,82,4651.786335
3.413024,67,4651.916529
103.732217,70,4652.056914
2.730718,62,4652.179983
2.408147,72,4652.328041
0.296232,97,4652.523831
5.113378,77,4652.67354
100.431391,54,4652.780499
4.24561,70,4652.935206
3.077868,68,4653.0703
104.702038,71,4653.211366
2.581364,74,4653.355306
3.388,63,4653.484291
101.594166,57,4653.595052
4.548107,62,4653.718052
2.075349,65,4653.848285
1.337069,73,4653.998325
100.350951,55,4654.109294
4.944065,65,4654.240659
3.408924,68,4654.373905
101.309856,92,4654.557295
2.418762,70,4654.699025
104.067732,68,4654.835673
2.335704,85,4655.007231
5.117169,64,4655.131908
101.988589,66,4655.278518
2.864261,67,4655.410306
4.553481,69,4666.724928
0.963037,66,4666.864908
-0.970353,121,4667.102956
3.052824,59,4667.218496
1.539655,78,4667.389569
100.727837,81,4667.547391
101.148533,79,4667.707312
2.553118,60,4667.826084
2.650802,78,4667.981108
3.095099,74,4668.128689
101.040849,85,4668.293914
0.847626,97,4668.488536
104.009894,57,4668.601907
4.629986,63,4668.750561
104.080144,65,4668.925066
100.925545,105,4669.178143
2.464198,71,4669.323886
2.074812,65,4669.451954
100.820677,41,4669.533863
102.065386,60,4669.650355
102.629287,64,4669.777976
1.217816,72,4669.921306
1.000443,98,4670.115616
101.30976,80,4670.271866
3.543208,80,4670.426704
101.598038,72,4670.56701
101.396212,65,4670.693121
2.459322,83,4682.062606
3.362123,84,4682.229095
1.055694,124,4682.471077
4.974963,71,4682.626151
0.641265,69,4682.768461
3.208709,61,4682.898936
0.678124,75,4683.054243
3.398494,71,4683.199248
-0.03184,100,4683.408283
101.898529,79,4683.570178
101.005386,71,4683.715439
101.911305,106,4683.93504
3.69038,71,4684.083716
2.802477,72,4684.233555
4.437258,65,4684.36827
2.385624,63,4684.50089
3.35852,71,4684.647295
101.807814,77,4684.806174
2.060124,77,4684.958508
0.458992,113,4685.181925
5.174221,63,4685.302613
2.693945,197,4685.712696
1.373231,71,4685.853104
102.48745,55,4685.959858
102.244138,44,4686.043809
1.084758,63,4686.170152
0.765233,80,4697.52268
3.900939,61,4697.650538
3.2762,61,4697.784866
4.31193,67,4697.916248
2.289524,69,4698.054371
105.208984,65,4698.181651
2.930571,81,4698.341352
1.976707,62,4698.47388
3.4086,66,4698.607338
101.275152,150,4698.908021
5.103806,65,4699.039305
101.20616,56,4699.150564
101.193174,36,4699.225648
2.992423,111,4699.443508
4.575139,68,4699.58027
2.288269,76,4699.732052
101.053201,84,4699.894211
1.863824,72,4700.033671
0.902105,87,4700.204446
101.246782,64,4700.331628
2.921824,74,4700.477707
3.550381,66,4700.613328
0.511504,93,4700.801312
101.325512,68,4700.934972
3.008458,63,4701.053195
101.509386,84,4701.220305
3.668566,60,4701.33965
100.485346,215,4712.951058
-0.390452,267,4713.476606
103.177843,66,4713.605418
103.047193,66,4713.737267
102.338945,63,4713.862285
2.170353,129,4714.118692
5.103555,67,4714.249469
5.680429,62,4714.386029
2.14303,58,4714.501052
102.604568,54,4714.607009
4.580915,67,4714.738896
104.488028,59,4714.856083
2.140568,64,4714.983736
1.331425,75,4715.132217
3.420312,77,4715.286457
2.574836,62,4715.414748
5.428822,64,4715.546643
2.271696,72,4715.685756
3.565355,70,4715.822039
100.865097,80,4715.977101
4.071416,67,4716.108418
1.884482,90,4716.289511
4.532875,86,4716.464782
1.926458,60,4716.586656
4.561738,75,4716.733727
4.866905,67,4728.039026
2.932167,59,4728.156207
4.456947,82,4728.31752
-0.713715,150,4728.627996
0.645707,109,4728.893873
101.775239,76,4729.098881
3.70757,62,4729.229339
3.303303,70,4729.36568
5.185365,72,4729.507457
3.181114,74,4729.654947
105.211055,64,4729.782937
3.988223,62,4729.907676
104.412954,61,4730.026617
4.15526,74,4730.1757
1.694852,76,4730.32535
101.659385,87,4730.497975
3.470525,96,4730.712294
2.318531,67,4730.844859
101.673694,62,4730.964963
3.538135,72,4731.107713
100.690669,76,4731.258862
100.970217,93,4731.447448
-0.058682,104,4731.65654
3.74273,87,4731.827142
103.162858,68,4731.961367
4.786213,78,4732.125725
105.687748,71,4743.460998
3.450599,59,4743.57841
-1.320341,121,4743.831869
0.860258,93,4744.016792
3.539101,94,4744.20138
-0.623366,89,4744.37342
3.8094,85,4744.552932
1.796919,67,4744.684243
1.992535,75,4744.833224
0.090575,78,4744.989919
2.441613,81,4745.150459
4.470282,65,4745.278731
0.160199,76,4745.426923
101.929857,108,4745.641402
5.57473,72,4745.782139
1.479059,63,4745.907951
2.551159,73,4746.047684
4.628562,64,4746.174108
2.775679,72,4746.317037
3.848545,80,4746.478198
100.349989,290,4747.051531
102.505117,70,4747.190264
1.999814,70,4747.330107
103.054463,53,4758.702662
-0.54074,1000,4760.699809
1.896193,76,4760.848483
1.106186,84,4761.01416
4.634581,78,4761.170057
100.535253,56,4761.281898
0.431381,91,4761.465156
2.064085,64,4761.594509
3.905386,122,4761.833489
3.073779,78,4761.98499
2.257934,81,4762.143569
101.162953,76,4762.293744
3.14116,60,4762.413204
3.532592,77,4762.561896
1.996172,68,4762.694802
101.710816,54,4774.04281
2.313972,96,4774.235608
4.506648,64,4774.361051
2.319521,68,4774.509889
4.39858,67,4774.643222
102.27367,66,4774.772661
4.560412,65,4774.897401
3.07395,61,4775.026134
102.068676,110,4775.237969
0.546075,87,4775.407998
105.060138,65,4775.535303
2.100374,57,4775.652448
1.320664,69,4775.79106
3.407672,76,4775.945002
1.615549,68,4776.081535
101.662496,93,4776.265799
4.127799,66,4776.397067
104.182883,57,4776.508929
4.547825,67,4776.640601
101.874037,75,4776.78861
0.638124,76,4776.938616
5.186879,66,4777.069641
100.990912,110,4777.292607
100.817529,95,4777.487616
3.065778,62,4777.610585
1.944413,128,4777.864257
101.871811,63,4777.986471
5.039461,60,4789.384786
4.255911,100,4789.580652
105.783585,71,4789.72383
1.880083,76,4789.879767
104.439473,61,4790.00236
-0.603458,95,4790.196306
103.299766,68,4790.338318
0.810335,110,4790.560362
101.435388,60,4790.682409
2.512478,63,4790.808529
104.588032,61,4790.930606
5.175183,82,4791.108611
105.366423,73,4791.251959
4.414332,73,4791.393301
101.557227,64,4791.520252
1.726114,76,4791.67334
100.673995,48,4791.767543
3.595433,69,4791.908144
0.902464,91,4792.086414
102.746028,68,4792.217901
100.743803,67,4792.350022
100.584021,74,4792.493969
2.947611,63,4792.62251
105.745995,64,4792.74903
1.549051,91,4792.940021
1.166284,104,4793.162469
2.616499,88,4793.340378
3.514827,80,4793.502686
101.130387,88,4804.839747
0.978622,80,4804.998256
4.037922,61,4805.117043
0.71719,67,4805.248956
1.508771,83,4805.429798
101.901076,114,4805.657283
3.67659,68,4805.791459
4.463155,92,4805.975549
4.147063,67,4806.108879
3.55946,65,4806.236795
2.374975,68,4806.379957
4.299221,68,4806.514788
100.830782,103,4806.721516
3.60193,69,4806.855568
1.003158,74,4806.994485
5.089989,95,4807.177755
4.180014,70,4807.313148
3.941469,62,4807.434658
2.535027,98,4807.630477
100.658333,56,4807.739836
101.393347,53,4807.844879
4.062349,68,4807.979574
4.720717,72,4808.118902
3.675174,76,4808.268416
4.020345,65,4808.40116
104.629052,70,4808.539372
102.464156,71,4808.682882
3.538174,61,4820.081146
100.929894,79,4820.241973
0.502003,94,4820.448207
1.130314,91,4820.647666
101.907953,112,4820.870589
103.556625,58,4820.983313
6.062122,69,4821.122079
101.967408,82,4821.286226
100.597706,66,4821.414587
3.033356,61,4821.532951
104.566794,67,4821.669122
100.773262,72,4821.809233
3.2188,65,4821.938569
3.513972,66,4822.068767
103.295355,69,4822.208183
4.445198,64,4822.331715
1.212642,91,4822.506688
100.542244,56,4822.617296
101.44689,65,4822.743167
4.208035,70,4822.881811
3.449238,62,4823.004891
1.911477,69,4823.139312
1.206208,95,4823.325746
3.969617,64,4823.450813
2.973066,61,4823.57079
3.333984,93,4823.757674
102.170783,64,4823.883235
-0.115602,88,4824.061661
1.8806,71,4835.49789
1.773599,79,4835.652031
1.322712,75,4835.798658
1.387165,65,4835.923368
102.848492,50,4836.021704
4.299057,98,4836.214417
3.577586,67,4836.346315
104.046302,71,4836.486399
4.09795,71,4836.62255
3.550525,69,4836.757959
4.878953,75,4836.906639
101.308205,101,4837.107876
101.165758,57,4837.217446
2.03772,88,4837.389467
4.8166,67,4837.519886
101.182016,75,4837.667509
1.284476,86,4837.839913
3.537557,68,4837.97423
1.145188,84,4838.135751
3.231961,79,4838.295077
0.824573,125,4838.539673
3.142443,103,4838.745663
1.732359,60,4838.865468
103.985458,57,4838.978754
3.04505,79,4839.137716
101.131328,114,4839.36469
106.228935,65,4850.690463
101.39647,67,4850.820625
5.05968,76,4850.974455
2.020725,66,4851.125738
100.646429,70,4851.267162
3.127964,70,4851.405597
0.941246,93,4851.588178
101.854928,39,4851.66818
101.358392,84,4851.833788
101.059438,85,4852.004805
2.483513,68,4852.137821
3.63814,81,4852.298244
100.342643,65,4852.423829
0.666122,73,4852.5704
0.383997,95,4852.754762
5.327035,61,4852.870528
2.405675,81,4853.032355
2.152785,69,4853.164751
101.338873,81,4853.324549
102.88646,69,4853.456842
2.701223,73,4853.598963
4.212874,63,4853.721725
5.422667,76,4853.872228
2.437548,90,4854.052104
3.862094,72,4854.192167
1.846896,79,4854.347056
6.069654,71,4854.489806
101.496663,62,4854.610515
101.215324,109,4865.990714
-0.273937,176,4866.362977
2.985931,69,4866.501331
1.712083,86,4866.672972
2.13666,68,4866.808685
103.093957,67,4866.943414
1.101246,94,4867.128099
105.566571,63,4867.253817
5.23938,71,4867.397678
1.728851,75,4867.548241
2.748837,84,4867.717461
3.773767,65,4867.841194
2.14577,88,4868.013278
100.894318,73,4868.154158
2.880812,76,4868.306273
1.745684,78,4868.463197
-0.180069,108,4868.674023
100.711666,78,4868.828176
3.921507,86,4869.003663
106.036529,71,4869.144524
3.361583,65,4869.271515
2.136146,77,4869.428594
103.939117,74,4869.57167
1.439935,86,4869.740816
2.54768,67,4869.876012
4.644898,66,4881.221594
0.367996,99,4881.420567
-0.635523,89,4881.600935
3.032034,86,4881.775014
2.559267,59,4881.888964
4.341213,79,4882.039187
4.614825,69,4882.172304
2.230274,77,4882.328867
2.719514,92,4882.510305
102.325608,44,4882.598911
2.500694,76,4882.755076
2.492169,72,4882.912277
101.302947,78,4883.065166
101.699653,138,4883.338864
4.379506,64,4883.470693
0.449281,71,4883.613916
101.033776,76,4883.762057
-0.199082,77,4883.913098
4.192153,67,4884.048779
103.017768,48,4884.14545
4.213157,65,4884.272457
103.12954,73,4884.413634
106.050224,66,4884.545827
104.054377,72,4884.692182
100.997899,81,4884.852795
1.506525,60,4884.972406
105.973529,69,4885.111658
1.322633,87,4896.576194
100.928541,49,4896.674063
101.900873,76,4896.822824
1.27648,122,4897.074812
-0.437566,98,4897.265998
2.033534,105,4897.468835
101.060462,32,4897.530225
4.098799,69,4897.665203
4.077491,69,4897.798822
102.501889,56,4897.904115
0.91058,96,4898.08889
4.534084,73,4898.234844
100.813362,80,4898.3904
3.800989,76,4898.536308
-0.388417,113,4898.759618
-0.103048,88,4898.932938
2.320513,74,4899.0772
103.902548,68,4899.212395
5.452777,64,4899.338246
4.261502,77,4899.488518
2.436189,89,4899.659326
104.470342,60,4899.779451
5.312775,71,4899.919867
2.886869,85,4900.08567
3.981953,86,4900.254256
3.57095,143,4900.535079
2.548414,88,4912.056225
101.071647,60,4912.172285
103.813637,59,4912.288977
1.581367,91,4912.465719
104.040309,70,4912.603999
104.983333,59,4912.719294
0.003133,111,4912.949563
105.701878,64,4913.100815
3.204419,70,4913.237893
3.872423,67,4913.371827
1.378383,69,4913.507854
1.288769,94,4913.69102
0.485031,69,4913.829671
104.031143,72,4913.974912
1.31046,91,4914.155938
4.650107,62,4914.278883
1.87947,91,4914.45943
3.68633,67,4914.601868
4.047924,70,4914.73785
3.795427,66,4914.870603
101.769293,76,4915.021209
2.077068,62,4915.145026
4.091422,62,4915.267473
1.243059,98,4915.463698
104.983514,59,4915.581474
2.442268,76,4915.733685
0.168663,71,4915.873651
1.99068,62,4916.002291
101.417203,45,4927.269934
103.086829,72,4927.414072
-2.264539,560,4928.540637
102.494927,45,4928.628021
-0.589259,86,4928.801929
0.864194,97,4928.996345
101.695911,59,4929.112684
4.073916,65,4929.244092
1.225279,112,4929.463393
0.524251,81,4929.622931
3.340094,66,4929.754009
100.126179,64,4929.882469
3.678659,73,4930.025558
5.022747,72,4930.167697
4.92921,90,4930.34238
-0.460299,108,4930.554142
105.110644,62,4930.6917
4.33697,76,4930.850403
2.575804,92,4931.032074
3.399409,82,4931.190489
103.203778,64,4942.486893
2.970716,89,4942.662997
0.807457,102,4942.863472
3.514049,79,4943.031103
103.38149,49,4943.125809
4.332847,65,4943.251804
101.089939,70,4943.38971
2.353509,69,4943.529807
4.528907,68,4943.661118
0.455516,285,4944.219209
3.32932,60,4944.340558
4.333673,65,4944.46787
2.060353,65,4944.595952
4.341235,63,4944.721462
101.314025,74,4944.871237
4.581612,70,4945.009568
0.050152,73,4945.166413
2.351172,95,4945.353967
2.558606,70,4945.49326
103.104318,51,4945.592257
103.383663,74,4945.741464
5.552322,65,4945.871947
3.737526,61,4945.990911
101.80794,42,4946.074795
3.258775,68,4946.209894
3.368164,64,4946.333014
3.070365,66,4946.463938
2.794884,66,4957.761653
2.791778,60,4957.879646
1.474962,65,4958.006478
2.616692,60,4958.123507
3.314444,187,4958.506932
2.85603,68,4958.641118
100.439459,57,4958.754063
3.209613,68,4958.887388
2.469472,68,4959.025525
-2.307402,149,4959.318043
4.143828,64,4959.440638
3.613077,66,4959.568723
4.889325,72,4959.709502
2.396236,62,4959.831291
4.285133,78,4960.003285
1.155749,84,4960.172876
2.361696,71,4960.317189
102.707047,46,4960.409404
3.184821,62,4960.534499
1.193032,97,4960.726748
3.860398,59,4960.843262
1.574331,101,4961.04269
2.496844,94,4961.226689
2.742949,66,4961.358807
1.397302,144,4961.643631
4.567744,68,4973.060112
1.497449,74,4973.205513
1.068064,89,4973.377866
3.268093,82,4973.554891
2.063737,75,4973.70831
4.180288,65,4973.834047
5.030892,74,4973.977851
1.720332,80,4974.143866
101.168002,81,4974.304973
1.150842,85,4974.469816
2.738625,78,4974.6257
1.582085,60,4974.744942
5.372714,62,4974.8658
5.112209,77,4975.019591
3.626964,63,4975.146733
5.000163,64,4975.279475
4.398238,66,4975.41106
0.747476,62,4975.533217
102.337275,64,4975.654814
3.95954,63,4975.783674
2.675711,76,4975.936597
3.190867,69,4976.075153
3.006764,60,4976.192366
104.598789,56,4976.306366
4.545189,70,4976.444728
-0.997849,104,4976.646507
101.995018,68,4976.778479
0.905294,82,4976.943757
102.610905,72,4977.086365
100.895279,77,4988.414037
3.065963,68,4988.547688
0.784319,92,4988.737893
1.571557,70,4988.882044
2.591729,68,4989.014097
102.76861,74,4989.159847
2.370553,76,4989.3037
1.602732,87,4989.484585
3.994739,83,4989.646687
1.378377,71,4989.784714
1.094359,350,4990.494437
0.472303,95,4990.677496
0.03493,1000,5003.877134
2.142565,59,5003.992667
1.922503,79,5004.148479
101.517087,38,5004.224991
4.323134,74,5004.36667
3.381217,72,5004.505061
4.746599,69,5004.651716
4.117833,66,5004.781456
1.236421,73,5004.924884
3.466312,70,5005.063394
1.724615,163,5005.384902
3.419847,77,5005.539251
1.73514,59,5005.654078
2.485262,73,5005.802044
2.203468,61,5005.921199
106.045587,67,5006.046996
5.792823,69,5006.182973
3.372612,61,5006.303477
1.774096,71,5006.442251
3.156958,79,5006.59754
2.039614,151,5006.903732
1.855469,94,5007.084893
101.442853,82,5007.253329
104.047701,53,5007.353641
1.303462,73,5007.495234
102.578829,72,5018.825905
1.002212,110,5019.044227
4.60814,67,5019.179847
1.68332,63,5019.305615
102.466944,61,5019.425824
5.585002,66,5019.554199
4.041169,97,5019.748206
5.820632,77,5019.904194
1.859396,93,5020.087487
104.852538,62,5020.211647
5.533689,82,5020.390996
2.725548,83,5020.551228
3.524841,84,5020.717006
100.959868,76,5020.866419
1.354185,67,5020.996394
1.745681,61,5021.118213
100.9576,88,5021.289289
1.497155,92,5021.478508
100.955482,79,5021.63319
4.821868,66,5021.763036
2.353763,63,5021.886848
3.479045,74,5022.031017
4.063862,64,5022.15748
0.953383,95,5022.345469
3.844398,85,5022.517213
0.354854,80,5022.675645
3.314207,61,5022.79834
3.203862,60,5034.141393
3.853373,63,5034.265173
4.376485,62,5034.401368
2.034121,74,5034.553651
2.409938,81,5034.716525
4.648061,72,5034.858505
4.761972,61,5034.978823
105.021389,71,5035.117853
2.681641,84,5035.286396
103.805164,53,5035.393346
2.670861,71,5035.538871
-0.697613,101,5035.744313
2.571675,96,5035.928223
101.384401,33,5035.996004
3.761354,83,5036.160091
4.187811,68,5036.296118
2.366735,68,5036.431025
4.78191,86,5036.602784
3.140228,59,5036.720863
101.014855,57,5036.836663
104.933424,70,5036.976844
1.93967,137,5037.242396
1.057166,80,5037.398373
102.19364,66,5037.526191
2.684021,69,5037.661849
-0.665981,94,5037.847875
1.798186,67,5037.980484
102.017323,73,5038.125277
4.18542,80,5049.469604
3.398232,60,5049.591002
3.248193,95,5049.778057
0.03311,84,5049.944654
4.649616,63,5050.077725
5.083142,90,5050.260708
0.956989,123,5050.506708
4.928138,66,5050.640184
100.998299,69,5050.781547
1.923897,100,5050.996233
2.832968,60,5051.109048
3.958759,84,5051.273231
1.408524,88,5051.447019
5.189994,62,5051.570032
104.270002,58,5051.69029
1.557124,85,5051.856482
101.580105,77,5052.00527
1.386013,148,5052.302434
103.303732,64,5052.427252
1.764291,72,5052.566477
3.971251,65,5052.693977
3.372103,85,5052.858796
2.421565,70,5052.995081
-0.028956,79,5053.151762
1.178544,98,5053.345784
3.28521,66,5064.668088
101.352726,85,5064.851288
1.897141,74,5064.99601
103.037376,59,5065.114576
101.248594,74,5065.257469
-0.501176,202,5065.645406
3.636518,68,5065.79296
2.879526,67,5065.922843
0.963536,98,5066.116233
1.187028,86,5066.284288
1.934861,61,5066.404319
4.057589,67,5066.538316
0.676899,103,5066.742557
101.332568,93,5066.922335
101.162559,111,5067.138582
3.849525,64,5067.262753
4.721144,81,5067.425836
1.557555,97,5067.619586
104.037248,68,5067.755877
101.053224,113,5067.97928
4.085392,68,5068.112374
0.855798,97,5068.305454
100.569138,72,5068.449034
1.770208,80,5068.606495
2.557476,69,5079.929036
1.13241,69,5080.06348
4.612569,92,5080.248637
1.152163,67,5080.397453
0.626768,96,5080.595151
2.319797,58,5080.71452
2.958467,69,5080.860879
101.135352,70,5081.012735
101.13432,76,5081.163634
3.796919,115,5081.390261
1.202544,79,5081.546895
101.603773,72,5081.686323
101.271016,65,5081.814486
3.580426,72,5081.952567
0.651263,64,5082.081299
4.029845,74,5082.224708
2.150698,73,5082.365958
4.245925,65,5082.489758
0.838443,82,5082.648666
101.529779,96,5082.855417
105.921734,68,5082.988153
-1.965016,134,5083.248904
2.803524,63,5083.374498
3.964738,69,5083.509891
100.792903,77,5083.66006
3.717903,71,5083.8009
4.378022,68,5083.937162
2.712619,61,5095.251899
1.071895,71,5095.394316
4.113727,101,5095.594286
4.978036,62,5095.71695
100.760688,103,5095.915569
100.876246,53,5096.018313
4.525599,72,5096.160413
2.082153,90,5096.353128
100.278985,64,5096.479968
4.562267,64,5096.607679
103.77206,56,5096.717677
1.733325,83,5096.897794
1.672461,84,5097.066531
3.926583,71,5097.205889
2.060796,73,5097.347901
4.431955,65,5097.476308
4.637046,70,5097.611737
2.778294,66,5097.737768
1.750744,70,5097.874871
2.596739,69,5098.012807
0.310703,73,5098.158296
100.851054,67,5098.293027
6.204069,79,5098.475717
1.013802,74,5098.622965
4.777657,60,5098.741955
3.995605,92,5098.921236
100.485128,80,5099.080397
1.6375,72,5099.223969
102.285464,69,5110.521358
101.564039,67,5110.652892
4.457222,77,5110.798895
0.818017,72,5110.960165
5.34051,67,5111.101673
4.564423,68,5111.25413
6.303269,63,5111.390657
5.037289,65,5111.526503
3.117168,65,5111.656709
103.000563,69,5111.794413
1.602026,71,5111.94294
4.316782,76,5112.09452
105.317719,68,5112.233711
3.741645,89,5112.409207
1.398509,70,5112.54995
1.98194,68,5112.690001
1.292715,65,5112.820236
5.132232,67,5112.954013
-2.39087,266,5113.486618
2.537199,80,5113.639817
5.150251,73,5113.77941
100.690062,60,5113.895167
3.071866,96,5114.081203
3.455099,67,5114.212766
101.898922,103,5114.41575
1.539021,80,5125.728395
4.174128,70,5125.865645
4.877304,66,5125.995049
2.080004,66,5126.124705
1.92718,63,5126.263436
1.534206,87,5126.439497
1.540758,62,5126.564981
102.96302,72,5126.705867
3.743336,60,5126.836538
100.461644,80,5126.993154
100.825833,78,5127.14434
4.213847,60,5127.263557
4.410886,88,5127.436957
4.562961,67,5127.569242
106.118607,68,5127.702805
2.845619,61,5127.820954
3.063712,68,5127.957513
2.588152,67,5128.089128
5.351657,65,5128.218529
3.198814,76,5128.370036
3.62076,76,5128.521103
1.682141,69,5128.657206
2.013872,112,5128.878952
101.792762,56,5128.990579
2.761134,70,5129.129181
4.586678,69,5129.26434
100.768004,71,5129.409198
100.747658,82,5129.569855
2.900805,59,5129.686863
104.104279,75,5141.046922
104.389424,56,5141.158151
4.679554,70,5141.312696
100.824558,55,5141.422385
1.338274,74,5141.572725
-0.60807,127,5141.831442
2.1225,71,5141.972326
100.832372,72,5142.116479
1.390796,70,5142.265706
3.832504,65,5142.394533
4.027256,68,5142.531463
100.919336,72,5142.67805
100.943953,91,5142.85983
1.178555,89,5143.032903
4.746042,65,5143.166278
-2.432999,351,5143.866322
2.714637,89,5144.041349
4.611296,67,5144.172096
3.707634,62,5144.29694
3.830291,64,5144.423359
2.838316,79,5144.577708
3.095308,66,5144.716867
0.946341,75,5144.863292
0.913967,88,5145.040641
100.743347,66,5156.390002
104.802849,57,5156.504043
3.85151,86,5156.67898
104.168088,59,5156.795349
0.122603,88,5156.975196
100.709215,83,5157.142117
1.995376,96,5157.332713
100.718046,79,5157.493018
2.044985,69,5157.631351
1.668521,105,5157.855168
4.575387,70,5157.994841
5.650967,63,5158.121872
0.951483,78,5158.272221
4.400726,70,5158.409265
3.230034,72,5158.552561
1.612252,63,5158.678972
1.785013,85,5158.844639
102.507709,51,5158.946887
101.132481,117,5159.176758
3.626066,64,5159.305972
1.290553,121,5159.554307
3.529873,64,5159.673338
5.22522,72,5159.816379
100.440351,57,5159.932901
102.449791,65,5160.067884
3.363214,78,5160.221257
104.513233,61,5160.339318
4.633567,68,5171.838996
1.006984,66,5171.970742
0.317563,1000,5174.009839
101.595245,69,5174.14602
3.330209,60,5174.267705
1.65069,83,5174.442251
2.920856,69,5174.578962
3.03787,70,5174.722886
3.219246,66,5174.8599
101.466269,95,5175.063822
1.506829,89,5175.252058
2.654781,67,5175.389697
2.101859,181,5175.764227
1.024178,83,5175.936265
2.423245,76,5187.318465
2.873521,82,5187.486993
3.636698,81,5187.653934
0.39096,71,5187.796919
105.977795,70,5187.941645
3.261063,68,5188.083881
101.346829,90,5188.285112
102.155635,65,5188.418675
5.367696,63,5188.549019
1.612081,95,5188.744549
3.807678,97,5188.933518
2.751363,71,5189.070065
103.987857,63,5189.194731
100.786385,82,5189.355193
3.769637,70,5189.496905
1.019366,74,5189.644318
2.071829,72,5189.789553
4.062268,81,5189.952783
104.552401,60,5190.0768
1.706378,89,5190.257629
102.099497,73,5190.409871
100.933277,56,5190.525774
4.000728,106,5190.741215
2.225037,77,5190.89036
4.679903,76,5191.035761
2.268997,72,5191.177513
102.447863,74,5191.327077
2.833646,65,5202.728071
3.676187,65,5202.861652
1.42747,191,5203.270974
4.612778,83,5203.442735
2.042297,69,5203.584326
1.19142,86,5203.770619
2.512186,84,5203.955013
101.807175,66,5204.091032
2.504987,110,5204.319741
104.959969,62,5204.447278
3.627996,74,5204.599373
3.63052,64,5204.734392
101.447379,67,5204.869175
4.161129,97,5205.056415
101.915166,43,5205.140359
2.890621,94,5205.321733
100.866993,78,5205.475099
4.01194,62,5205.599914
2.24065,88,5205.770065
4.509802,68,5205.907387
2.919425,82,5206.069635
3.150747,71,5206.210347
1.271894,100,5206.405135
2.425253,68,5206.555681
2.328617,74,5206.699528
0.389871,78,5218.120098
103.617926,70,5218.259628
101.752357,42,5218.339079
-0.66109,95,5218.528705
4.096421,71,5218.672985
3.658634,66,5218.819682
105.273746,66,5218.948989
2.26197,86,5219.122172
5.226952,94,5219.314577
103.956036,57,5219.428377
1.848779,91,5219.617474
101.24754,70,5219.764356
3.736242,66,5219.899635
103.077546,72,5220.047637
3.500615,73,5220.199338
103.784351,72,5220.347848
3.419832,61,5220.474259
0.402328,94,5220.661453
104.052111,55,5220.777142
3.578146,88,5220.948473
105.800559,63,5221.075662
4.033629,66,5221.207947
3.884374,68,5221.345816
1.506955,96,5221.532046
5.913886,63,5221.658402
-0.274762,104,5221.863453
100.819581,58,5221.975943
1.528136,73,5222.119929
104.48597,55,5222.22487
4.396443,63,5233.6051
102.336532,77,5233.777977
0.878708,71,5233.921174
1.068472,95,5234.111256
4.489984,68,5234.247689
100.763181,76,5234.396781
4.93922,65,5234.531173
100.775051,65,5234.671169
-0.178014,83,5234.843044
4.434718,66,5234.97544
101.426173,64,5235.098011
1.342061,78,5235.26368
3.758951,69,5235.398413
4.694147,83,5235.560313
102.426173,45,5235.649626
4.142,76,5235.79937
102.098299,70,5235.93537
3.982588,81,5236.092682
-0.819365,109,5236.303799
3.47532,65,5236.43331
1.860385,84,5236.602868
102.554339,47,5236.699291
3.468243,67,5236.832456
-2.187642,321,5237.473302
2.099603,83,5248.943232
2.760163,80,5249.107318
5.855346,63,5249.238564
4.923655,69,5249.382283
102.725437,65,5249.525128
1.127633,88,5249.707453
0.122654,128,5249.972236
103.036721,68,5250.120096
1.927488,163,5250.472634
2.211438,112,5250.706464
103.086818,70,5250.848961
4.469616,65,5250.975405
104.71198,61,5251.092569
0.837629,87,5251.263524
3.189135,66,5251.391152
2.79788,78,5251.545734
2.126884,104,5251.742206
4.123622,67,5251.875063
5.424335,64,5252.004112
0.472751,102,5252.214042
3.260997,96,5252.411944
2.73322,82,5252.585726
103.317462,64,5252.720635
101.07506,56,5252.834358
4.847051,78,5252.987106
2.155935,82,5264.414706
2.916705,67,5264.547931
101.350214,67,5264.694459
3.160073,70,5264.832046
4.569215,68,5264.965763
100.795411,64,5265.090515
2.817082,69,5265.226097
101.58724,68,5265.368983
102.367986,61,5265.487035
-0.227489,80,5265.643377
3.776617,66,5265.772919
5.049518,80,5265.929074
5.144238,67,5266.062955
4.994313,62,5266.181739
1.131313,156,5266.489175
3.963925,94,5266.671124
1.583291,78,5266.823835
101.424292,81,5266.986803
2.672225,60,5267.10626
101.432226,70,5267.244274
4.719923,59,5267.361941
101.941451,68,5267.496902
4.016412,103,5267.702137
1.360196,59,5267.827111
0.40929,77,5267.978885
4.06955,61,5268.105145
3.880509,69,5268.243828
0.980289,98,5279.882111
102.816044,58,5279.999759
2.986981,73,5280.15835
5.348384,88,5280.33799
101.324088,70,5280.473395
0.768165,72,5280.615482
2.825835,82,5280.776593
2.733857,87,5280.948471
4.408931,61,5281.067029
101.081266,80,5281.225498
4.742574,120,5281.472608
1.599239,69,5281.610165
104.287652,67,5281.742391
101.366582,71,5281.881783
100.904061,70,5282.024809
104.269689,64,5282.150474
1.438178,60,5282.267417
1.595348,86,5282.439224
103.958193,72,5282.590554
3.098264,65,5282.721457
101.450349,86,5282.890728
4.372604,62,5283.009363
101.236599,56,5283.119686
3.394795,69,5283.257537
105.400565,66,5283.383895
4.124728,60,5283.502071
101.12311,67,5283.636891
0.861434,62,5283.763499
3.891841,85,5283.928374
103.278962,54,5295.29191
102.439354,74,5295.462389
0.174567,107,5295.677114
3.011663,69,5295.815361
3.918774,101,5296.015006
101.681872,118,5296.241663
2.421866,111,5296.457547
2.782799,78,5296.612944
1.530134,66,5296.745496
1.348859,102,5296.939504
0.12664,100,5297.134551
3.951921,64,5297.258807
3.766905,77,5297.415493
2.806426,77,5297.571834
4.854148,69,5297.708126
100.822611,58,5297.824794
3.725086,86,5297.998102
3.491164,74,5298.147101
3.45342,69,5298.284344
0.78651,93,5298.472508
1.053648,100,5298.670643
100.701569,75,5298.819859
1.125081,68,5298.965986
103.778001,71,5299.107201
3.051324,83,5299.272386
103.373956,68,5310.792215
105.584823,66,5310.919295
0.894206,93,5311.099884
100.830703,85,5311.267116
3.62543,77,5311.422727
4.977641,71,5311.560564
3.699682,99,5311.756826
101.140083,76,5311.904221
0.278312,133,5312.180607
103.917072,65,5312.310718
3.462659,63,5312.434793
101.070815,62,5312.557608
1.375493,87,5312.730266
101.236148,143,5313.020129
105.39765,65,5313.155371
4.592523,66,5313.296749
2.393309,70,5313.439747
4.646265,73,5313.589842
4.820243,71,5313.733759
1.15645,136,5314.007326
5.984684,77,5314.16339
2.398074,81,5314.324165
101.363796,78,5314.481033
1.521013,144,5314.780674
103.235387,65,5326.150629
1.903221,72,5326.294849
1.725298,63,5326.414599
5.426409,71,5326.553817
0.425357,73,5326.711823
4.318095,93,5326.915614
3.485504,71,5327.055043
100.664429,57,5327.170294
-2.141422,194,5327.551193
0.618249,110,5327.779536
2.394924,67,5327.918151
101.112725,80,5328.086941
101.550675,48,5328.184946
2.531302,64,5328.319735
2.407104,60,5328.4455
0.445591,83,5328.616661
3.171755,61,5328.744617
103.53473,56,5328.86205
3.884173,87,5329.050208
101.461107,54,5329.195918
0.045804,232,5329.733343
102.282505,56,5329.845391
1.100039,59,5329.958818
2.004527,83,5330.124694
4.761314,65,5330.25677
101.843989,72,5341.655219
3.217613,72,5341.800831
-1.702221,395,5342.624123
4.627024,70,5342.772679
101.677471,94,5342.955322
1.465761,69,5343.09199
5.469705,81,5343.250341
102.218272,75,5343.411874
101.032782,81,5343.572934
100.916265,74,5343.718975
2.705248,79,5343.87517
4.546473,66,5344.006668
103.441022,69,5344.150499
100.838296,58,5344.273659
101.713694,84,5344.447161
1.257797,69,5344.588066
3.295014,97,5344.788122
4.971709,79,5344.949877
3.460023,70,5345.098668
1.503077,84,5345.27459
2.16725,68,5345.417974
100.83192,75,5345.576518
1.037476,79,5345.737744
1.359581,157,5357.329577
101.394781,78,5357.482337
3.547558,95,5357.692173
100.696539,98,5357.890021
104.299997,57,5358.006018
2.493214,71,5358.147286
5.492598,77,5358.301063
101.006051,66,5358.434953
3.688225,70,5358.57585
2.407985,66,5358.713199
3.193642,66,5358.844719
101.503157,80,5359.004196
1.584498,84,5359.167633
5.775712,65,5359.299161
101.224238,65,5359.427258
4.127651,69,5359.568827
5.598136,67,5359.704027
104.884259,71,5359.853661
2.010846,61,5359.979016
3.330715,77,5360.132419
3.362588,66,5360.260705
100.932713,73,5360.40468
3.474429,67,5360.544456
2.551423,83,5360.714622
101.480696,66,5360.868872
3.247334,60,5360.995573
1.630975,65,5361.129516
4.211445,62,5372.512552
5.750937,65,5372.642466
100.787245,84,5372.803054
3.367307,85,5372.967032
5.392051,69,5373.108407
2.811088,89,5373.290303
1.12332,107,5373.505794
1.73725,82,5373.668343
2.31597,65,5373.800153
1.69158,76,5373.950294
1.50352,60,5374.06842
101.068902,82,5374.228517
5.551787,142,5374.50314
4.034807,73,5374.64185
-1.842177,145,5374.921715
0.532917,158,5375.232161
102.131517,48,5375.330977
2.482499,80,5375.502679
101.38974,38,5375.579676
1.489886,97,5375.764624
5.276263,64,5375.890187
101.668176,71,5376.033953
105.357032,68,5376.16807
1.435604,98,5376.36329
0.490967,85,5376.529155
104.396679,68,5387.881588
3.627605,80,5388.043372
4.010628,79,5388.198746
1.949458,79,5388.354632
3.679823,71,5388.500455
3.904554,70,5388.646108
105.367972,68,5388.786008
4.213853,76,5388.934619
0.990957,67,5389.069738
100.847313,75,5389.216389
3.367804,71,5389.376982
0.379026,95,5389.574843
3.832265,81,5389.742152
0.717086,104,5389.952489
-0.065913,154,5390.254847
4.093479,63,5390.379248
102.176594,65,5390.509252
5.258053,63,5390.63561
105.724769,72,5390.780162
0.828354,123,5391.019695
-1.943955,149,5391.315475
2.569355,67,5391.449386
0.652459,1000,5404.705203
4.788897,63,5404.837651
2.816774,65,5404.969306
3.854181,75,5405.116385
102.22022,47,5405.209382
0.742392,100,5405.405888
2.471211,70,5405.545932
4.237563,75,5405.694893
105.903803,69,5405.830818
100.104595,13,5405.858754
101.177634,36,5405.931889
3.54356,70,5406.075251
2.545394,71,5406.2223
100.82031,30,5406.285724
103.52627,71,5406.435082
3.629567,64,5406.569533
0.45685,72,5406.721625
3.010166,96,5406.924364
2.640152,61,5407.049973
105.120341,61,5407.178343
101.493949,74,5418.744069
101.564291,81,5418.90402
104.580791,59,5419.023597
102.839676,59,5419.139486
100.60782,47,5419.235288
4.495302,88,5419.40616
101.224467,78,5419.56177
-1.007791,114,5419.800101
101.090018,74,5419.952006
5.139294,76,5420.119738
5.596608,64,5420.252452
5.060099,75,5420.412045
102.954395,72,5420.560814
4.040618,112,5420.787273
2.606911,91,5420.971814
1.913544,74,5421.125033
102.170839,68,5421.265065
1.556348,84,5421.437814
103.469725,56,5421.556719
2.017309,70,5421.700615
2.253868,74,5421.851673
2.939122,77,5422.009157
101.374978,141,5422.298991
102.851075,55,5422.417494
4.550855,66,5422.555143
2.938095,92,5422.743044
1.942472,85,5422.918828
101.594315,72,5434.467443
102.472987,60,5434.585024
103.662274,56,5434.699497
1.346559,76,5434.856099
3.38974,74,5435.029922
2.503132,83,5435.19929
1.607537,82,5435.375046
1.087349,85,5435.55438
3.937164,71,5435.704498
1.580205,70,5435.849795
102.520188,74,5436.002696
5.17925,69,5436.146972
2.366281,69,5436.2925
102.498091,55,5436.405664
4.438905,71,5436.552146
101.153445,102,5436.762381
102.374535,63,5436.898094
101.508405,118,5437.146358
104.441314,74,5437.299677
101.613974,98,5437.507515
-1.924784,120,5437.759036
104.647958,76,5437.914957
4.370451,99,5438.121316
2.983847,90,5438.309726
3.414665,67,5438.445123
2.138739,86,5449.939848
3.29166,67,5450.076373
4.982604,81,5450.238162
2.866874,91,5450.417224
4.516792,88,5450.590326
3.230585,76,5450.742737
3.995333,76,5450.895245
103.773781,72,5451.041973
1.584027,124,5451.299342
0.052663,84,5451.491738
2.870841,67,5451.63878
1.403083,79,5451.801447
102.489787,61,5451.926503
100.391334,63,5452.051152
2.428101,70,5452.200843
4.496025,66,5452.341246
-0.64419,96,5452.543194
0.695981,92,5452.735894
3.90683,69,5452.878249
102.56305,54,5452.996606
3.487143,86,5453.178094
100.480133,58,5453.302246
100.87139,83,5453.489099
102.922699,60,5453.618063
0.03148,89,5453.804996
1.412845,75,5453.989635
1.704065,64,5454.126584
102.464031,71,5465.554282
3.152132,65,5465.681264
-0.314346,1000,5467.646375
100.482755,68,5467.786758
1.671779,87,5467.968704
2.652346,73,5468.116272
102.834684,55,5468.226232
4.941848,67,5468.354722
1.869541,82,5468.534889
105.305141,62,5468.65942
101.554606,81,5468.831928
3.455285,65,5468.955834
4.078005,84,5469.120648
3.421306,65,5469.252196
4.767433,67,5469.383608
4.617992,71,5469.529615
1.432555,70,5480.890926
1.620557,84,5481.073242
4.947822,64,5481.203665
4.262154,71,5481.349881
106.107496,70,5481.491659
105.890141,66,5481.62865
3.056311,66,5481.762357
-0.419673,132,5482.04603
100.495459,66,5482.178746
0.163021,93,5482.371433
4.684429,75,5482.519451
102.532349,66,5482.65111
2.094055,74,5482.79399
2.384086,60,5482.907606
3.227182,77,5483.059839
4.721844,148,5483.348072
4.004505,71,5483.487077
4.449819,75,5483.63613
4.917676,67,5483.766403
4.397557,66,5483.898968
100.797499,48,5483.997082
101.265534,66,5484.127974
104.116337,69,5484.26395
102.264814,69,5484.40056
101.696397,92,5484.579356
103.940052,63,5484.705329
3.236408,66,5484.833319
1.234415,75,5496.289182
103.497741,56,5496.402408
4.313235,74,5496.554304
101.642181,64,5496.704939
100.867249,30,5496.767193
105.424855,77,5496.922761
3.33675,68,5497.052251
2.186541,88,5497.22877
2.601338,83,5497.391217
3.945957,98,5497.582547
-2.324712,125,5497.831318
2.3944,88,5498.000438
105.931614,64,5498.125899
5.282178,64,5498.251257
-0.026744,82,5498.41264
105.130491,69,5498.544041
104.498384,67,5498.674784
1.546479,82,5498.837328
101.984339,80,5499.004936
3.339433,67,5499.137671
1.871683,78,5499.289534
5.928818,64,5499.423002
100.470998,59,5499.53833
101.846981,79,5499.700671
3.814967,65,5499.830194
104.163501,62,5499.957123
1.446853,91,5500.134693
5.168576,63,5500.258673
101.106581,56,5511.70238
103.161306,66,5511.829579
3.600045,70,5511.970481
101.425222,80,5512.132638
4.905888,67,5512.266468
4.608277,71,5512.410238
102.152021,101,5512.611666
100.755153,79,5512.770274
0.220796,128,5513.0326
1.037025,94,5513.215407
1.223415,71,5513.374095
101.574929,51,5513.475181
2.417446,77,5513.629484
4.309619,66,5513.756485
104.540186,62,5513.883375
101.483846,51,5513.987019
2.663353,67,5514.120452
103.425459,55,5514.232017
3.237334,71,5514.380764
2.986819,70,5514.522367
2.676706,72,5514.663646
-0.382704,160,5514.982251
103.582714,60,5515.101453
0.064333,165,5515.425497
1.369592,80,5515.581779
2.970083,69,5515.715283
101.653545,61,5526.99592
4.603246,67,5527.129639
2.450733,64,5527.257503
105.106854,61,5527.390196
3.025385,69,5527.53018
1.338396,113,5527.753298
4.537878,68,5527.886873
101.304538,77,5528.045307
101.328132,71,5528.18819
2.801625,92,5528.371833
2.2129,61,5528.496832
3.432046,71,5528.641553
3.297016,60,5528.759451
105.669922,69,5528.898797
101.121592,80,5529.059005
3.592387,76,5529.210561
100.837069,70,5529.350739
101.069653,114,5529.578855
1.192733,66,5529.708946
2.052339,80,5529.894919
2.272398,78,5530.045762
6.20678,74,5530.191125
101.639093,58,5530.302866
0.368013,80,5530.460695
0.89731,106,5530.66703
4.568437,70,5530.805677
102.408726,77,5530.959791
3.869586,78,5542.285626
1.407917,94,5542.486121
100.603207,74,5542.630352
104.795518,76,5542.780437
3.477884,72,5542.92296
4.067397,77,5543.071152
1.315108,94,5543.258795
105.266847,69,5543.394574
101.548949,70,5543.533635
0.92877,170,5543.87996
100.964794,81,5544.046538
2.073871,60,5544.168362
3.14811,67,5544.301105
104.933454,60,5544.420694
2.623013,65,5544.550658
4.379869,68,5544.683968
2.278072,83,5544.848684
1.231687,91,5545.027054
101.971409,67,5545.162146
101.709485,64,5545.287564
0.409539,73,5545.43881
101.156046,89,5545.614642
102.813173,54,5545.718822
0.100808,137,5546.000151
4.817428,64,5546.130309
1.852416,94,5557.511065
104.338922,68,5557.644837
3.299975,62,5557.766917
3.837448,66,5557.914745
0.597059,93,5558.099235
5.553921,75,5558.249768
1.280283,146,5558.54018
4.356431,66,5558.673532
-0.823428,340,5559.344028
1.300503,80,5559.501357
101.146929,69,5559.645192
-0.495676,84,5559.813556
2.292711,104,5560.021901
3.036524,65,5560.153351
4.448246,81,5560.316644
100.862272,81,5560.474165
101.379548,89,5560.654545
100.485151,67,5560.790335
2.006062,65,5560.920375
3.255163,72,5561.062412
-0.591303,125,5561.315788
1.069821,437,5573.412479
4.739337,64,5573.537281
1.33479,64,5573.664607
3.517855,63,5573.791722
2.985388,73,5573.937923
4.858098,66,5574.085775
2.287142,89,5574.263063
103.778218,66,5574.393729
102.039564,66,5574.525592
102.687135,71,5574.664407
103.873999,59,5574.777622
4.628193,66,5574.909069
102.049702,68,5575.046639
101.638244,59,5575.160172
3.786267,65,5575.291206
0.901531,82,5575.455223
4.000029,66,5575.584267
3.255802,65,5575.715477
102.429114,67,5575.849052
3.280899,78,5576.00441
2.390291,68,5576.138713
103.694308,68,5576.278429
102.317918,47,5576.370252
3.596493,68,5576.503811
6.262653,65,5576.631388
-0.367038,87,5576.810212
-0.461655,96,5588.186113
1.947496,87,5588.371773
2.6626,71,5588.511991
2.416659,81,5588.670742
3.61858,77,5588.827009
1.426525,79,5588.981618
-0.619088,490,5589.951077
4.069832,62,5590.071477
4.028567,83,5590.244117
3.671851,69,5590.381193
2.164252,75,5590.527848
101.030124,77,5590.678763
5.032993,138,5590.951651
-0.91199,124,5591.197387
101.226787,55,5591.308741
101.149163,79,5591.467068
2.942171,71,5591.609057
101.924114,59,5591.725784
3.466706,71,5591.867115
3.470865,71,5592.007878
101.712244,166,5603.570145
3.995404,63,5603.693769
102.235658,65,5603.819868
3.164438,65,5603.953058
100.821147,67,5604.087621
-0.321614,77,5604.242405
3.62769,68,5604.380576
100.578113,73,5604.528686
101.625303,69,5604.681156
104.694532,73,5604.82664
103.129253,71,5604.967653
2.046416,78,5605.126935
2.69308,91,5605.310684
3.846376,74,5605.456207
1.471059,89,5605.629966
4.611215,73,5605.775254
100.581214,24,5605.824948
100.717811,71,5605.968435
102.291314,48,5606.068497
3.274879,61,5606.187702
2.355882,72,5606.328479
2.418279,68,5606.46755
1.074408,63,5606.592179
3.687962,69,5606.726704
2.712375,82,5606.888135
104.188394,60,5607.008229
2.806815,76,5607.156553
102.398519,69,5607.295469
3.420912,74,5607.445366
3.434527,66,5618.801837
102.001143,63,5618.938191
3.061267,89,5619.119726
1.424914,91,5619.296397
5.007166,69,5619.434688
1.321933,66,5619.568186
-0.423386,88,5619.743227
4.88597,63,5619.87133
100.376684,74,5620.017468
3.534661,95,5620.210964
3.225946,77,5620.364849
1.535017,73,5620.508287
104.228144,63,5620.633744
4.739974,74,5620.78547
0.641739,101,5620.984786
104.78044,71,5621.125869
1.392458,124,5621.382056
104.240821,66,5621.515489
-0.664041,100,5621.718858
104.805102,71,5621.857904
101.361673,89,5622.039557
1.727121,62,5622.163556
4.0361,94,5622.346954
1.174028,85,5622.515911
3.684903,76,5622.681084
1.297147,69,5622.81488
4.518727,62,5634.122494
3.288626,101,5634.319719
1.064424,71,5634.459545
1.436371,71,5634.59836
3.050984,88,5634.786376
100.709083,80,5634.943004
2.809334,79,5635.105036
102.633495,77,5635.254739
100.982231,66,5635.387124
4.748751,67,5635.521963
1.460827,148,5635.815807
102.927134,79,5635.973507
2.564658,84,5636.140974
101.487573,73,5636.291214
0.933522,147,5636.584699
5.131349,70,5636.72329
1.289333,67,5636.855774
1.406121,89,5637.02763
0.890601,76,5637.181487
104.253,64,5637.31175
1.959875,66,5637.444858
1.622994,85,5637.608876
101.427761,71,5637.750157
101.26541,79,5637.904745
3.21785,104,5638.108493
4.631552,73,5649.48765
1.474604,102,5649.702989
3.043306,77,5649.855607
-0.648814,61,5649.978084
103.587951,61,5650.098814
3.849275,84,5650.266703
2.808428,84,5650.432947
5.088949,83,5650.597955
3.861805,64,5650.724742
100.891769,61,5650.845768
102.079591,53,5650.948961
-2.571491,135,5651.216076
4.326937,77,5651.366208
101.862989,101,5651.568889
2.583473,84,5651.735666
2.155771,70,5651.873866
4.750607,75,5652.021937
102.844631,53,5652.124503
100.530562,69,5652.264676
5.023792,66,5652.391801
100.82491,60,5652.512304
2.952128,67,5652.647921
101.408929,89,5652.821328
100.596363,60,5652.939067
3.23279,67,5653.079391
100.553686,61,5653.197574
1.615058,64,5653.323415
101.242388,65,5664.671005
3.571859,70,5664.809515
3.478655,69,5664.940657
101.652321,154,5665.248578
102.91528,62,5665.370913
1.799222,135,5665.638101
106.247166,76,5665.793916
2.792027,74,5665.954139
100.411242,68,5666.088265
4.225464,68,5666.228644
-0.019651,82,5666.391351
103.680547,66,5666.523675
4.67155,69,5666.661021
3.038323,62,5666.785147
4.087205,76,5666.939129
3.407019,68,5667.073453
4.11243,64,5667.198854
0.934068,97,5667.386935
102.539158,45,5667.482774
4.998726,68,5667.617939
3.35595,63,5667.740092
3.80507,69,5667.86915
100.685304,60,5667.988961
2.76841,81,5668.146924
102.107495,66,5668.276528
3.613585,72,5668.421196
4.638509,64,5668.553473
100.621245,82,5668.717987
102.587614,54,5680.06725
101.010417,84,5680.2315
101.231612,99,5680.428502
5.139779,63,5680.550992
103.751159,54,5680.659411
2.433258,61,5680.785476
101.743941,66,5680.91989
0.450658,103,5681.125484
101.018849,84,5681.295574
3.238602,63,5681.418398
3.625304,114,5681.650277
4.060974,75,5681.799984
3.631516,83,5681.961833
2.489778,71,5682.101639
103.954026,58,5682.216653
0.451337,77,5682.367165
100.737763,75,5682.518018
5.764705,78,5682.675997
3.564542,93,5682.861519
1.21108,87,5683.029858
3.723366,76,5683.179995
3.203108,62,5683.30789
0.366165,82,5683.471028
101.88779,59,5683.589529
102.705991,47,5683.684773
3.64469,92,5683.862802
0.50237,96,5684.055295
101.763148,68,5695.421153
100.563044,81,5695.577598
3.656855,82,5695.739795
1.353202,80,5695.902908
101.19614,79,5696.058801
2.526034,71,5696.203543
100.700164,71,5696.359758
2.109939,66,5696.490728
2.466552,67,5696.625226
102.736523,51,5696.729065
101.659011,65,5696.859719
1.368675,94,5697.053278
1.472083,83,5697.214275
101.117482,52,5697.317647
2.083682,161,5697.634789
4.579474,81,5697.79711
3.293872,81,5697.956782
4.40238,63,5698.077984
1.312527,79,5698.237088
100.533595,77,5698.391852
3.495642,71,5698.540635
100.740671,57,5698.654152
3.352467,197,5699.046042
2.995658,67,5699.175759
0.508015,71,5699.318221
104.228427,71,5710.711199
101.946022,78,5710.883983
101.866056,70,5711.021486
100.866494,56,5711.133868
5.695975,74,5711.284252
4.772517,70,5711.427252
5.484292,70,5711.56381
3.908245,69,5711.711879
101.913694,59,5711.830057
2.400921,74,5711.975456
102.963023,68,5712.108362
1.816009,75,5712.262493
100.770413,107,5712.480926
3.113959,78,5712.639985
1.049932,87,5712.817849
105.230968,68,5712.954654
2.276051,68,5713.093999
6.073847,69,5713.239079
1.814051,92,5713.431173
4.222265,66,5713.571453
1.621391,90,5713.765833
101.304103,83,5713.936568
1.45135,77,5714.094619
101.395924,79,5714.254106
1.409975,71,5714.396968
101.55885,84,5714.56547
1.97392,69,5714.703404
101.497763,98,5726.088114
5.230271,70,5726.226581
1.824309,75,5726.377435
3.432898,111,5726.59855
5.244249,62,5726.730747
2.292414,70,5726.868563
105.048533,64,5726.996683
5.260837,78,5727.174874
103.760368,62,5727.301236
3.627832,62,5727.423482
3.643297,63,5727.551052
103.677732,52,5727.655576
3.553419,78,5727.812372
102.474462,60,5727.932749
4.638869,85,5728.101137
3.245462,73,5728.24418
3.04853,65,5728.373193
4.185128,64,5728.499116
104.442822,61,5728.620583
2.656872,67,5728.753237
4.883019,72,5728.900918
102.02391,58,5729.015989
2.41596,72,5729.164829
5.828187,65,5729.29325
2.548214,95,5729.489
104.041951,71,5729.634569
100.923723,81,5729.801734
4.083611,73,5729.953169
1.301997,72,5730.104203
105.926425,69,5741.49611
101.719261,53,5741.625698
2.420215,62,5741.749647
101.10221,72,5741.890044
101.869206,72,5742.040442
100.697776,373,5742.793648
2.311576,66,5742.926452
1.169153,71,5743.067935
2.245783,80,5743.226087
1.622727,84,5743.395116
2.588058,64,5743.522841
101.715663,47,5743.612311
1.251178,79,5743.766147
3.167482,96,5743.959893
3.815665,82,5744.126893
105.913294,68,5744.262633
2.223708,83,5744.427394
102.853662,66,5744.558495
2.096239,67,5744.690172
3.9507,68,5744.826824
3.620326,76,5744.977629
1.60741,79,5745.133123
101.493303,112,5745.359633
104.033649,72,5745.504953
101.972626,76,5756.855181
2.474199,72,5756.996234
-0.958175,102,5757.197138
3.86452,80,5757.353244
4.661433,92,5757.532513
2.761017,65,5757.662183
3.825288,67,5757.795043
100.932081,68,5757.927344
2.983539,68,5758.055226
0.233989,109,5758.287769
2.708624,61,5758.409296
2.43759,79,5758.563933
3.736334,67,5758.696409
3.938062,63,5758.81887
1.339067,86,5758.988121
2.538782,65,5759.117824
102.937919,55,5759.226603
1.338893,64,5759.350801
101.94025,75,5759.497994
3.734309,64,5759.623356
4.974591,72,5759.763367
2.643553,67,5759.89465
5.4429,64,5760.020119
0.068564,95,5760.206586
2.880453,64,5760.3268
101.901946,78,5760.48808
1.125718,72,5760.63133
1.357798,111,5772.122288
5.400651,63,5772.258572
101.150146,147,5772.559166
5.704057,63,5772.689993
-0.107766,127,5772.94393
4.615018,68,5773.078714
101.196036,77,5773.229551
101.050204,88,5773.408843
-3.249416,200,5773.815485
4.24798,83,5773.986727
3.274899,81,5774.161962
2.185201,68,5774.306373
101.782515,63,5774.434642
100.469648,35,5774.508259
105.573487,65,5774.642708
101.478942,53,5774.751815
3.884723,77,5774.907504
4.803168,65,5775.038699
4.510814,69,5775.175651
100.86663,45,5775.266889
102.070258,58,5775.384034
2.011887,78,5775.537135
1.533939,75,5775.690878
2.158538,95,5775.88528
1.211651,101,5776.095653
101.067952,61,5776.233214
100.774857,82,5787.640441
3.326672,66,5787.778135
5.653661,70,5787.925137
4.704045,67,5788.060509
100.997997,95,5788.258002
2.723037,118,5788.515767
4.696895,105,5788.732836
0.268066,176,5789.081517
2.02911,80,5789.253938
2.543758,67,5789.394605
0.860604,86,5789.571462
101.737786,85,5789.746899
4.772831,66,5789.885072
1.727151,83,5790.057245
3.508725,79,5790.220532
5.700166,68,5790.353587
4.406733,66,5790.484466
2.777833,70,5790.621936
104.896442,58,5790.732983
101.396065,71,5790.872061
101.663619,94,5791.057147
103.349453,61,5791.180098
101.945258,71,5791.322527
0.72083,78,5791.47959
3.169644,64,5791.604262
101.431988,87,5802.975637
0.573094,114,5803.211183
102.944916,65,5803.337395
103.332148,62,5803.458181
101.22458,53,5803.568385
4.352578,65,5803.700603
4.184832,65,5803.834738
2.022574,66,5803.969714
5.010412,68,5804.108499
3.852227,72,5804.246265
103.279306,61,5804.367308
2.555005,86,5804.546959
3.21188,62,5804.691771
2.55045,69,5804.833253
5.214779,74,5804.976663
101.159319,72,5805.121023
2.682281,67,5805.25324
2.267132,94,5805.441221
103.537077,70,5805.581306
1.648303,146,5805.872625
2.336662,80,5806.033432
100.609569,179,5806.393538
1.503303,87,5806.56841
4.166534,90,5806.750029
3.418173,63,5806.875305
3.431285,67,5818.468556
1.324014,90,5818.647787
4.774819,64,5818.772814
101.574582,102,5818.995004
0.945164,95,5819.184928
3.827484,69,5819.320963
100.870158,81,5819.488161
4.202723,63,5819.616226
102.631944,51,5819.718588
1.78311,96,5819.90812
100.380514,56,5820.019405
1.438057,92,5820.199972
103.573055,58,5820.317563
3.513379,75,5820.468671
4.363148,78,5820.621793
3.03947,63,5820.746145
1.39939,97,5820.935943
100.801264,31,5820.999257
101.498329,99,5821.206201
100.753653,61,5821.326509
3.388699,70,5821.463108
1.411158,86,5821.633251
1.495813,74,5821.78068
3.3624,71,5821.923475
101.626203,73,5822.066639
104.271112,59,5822.189689
100.853294,75,5822.339517
100.890713,58,5822.454939
1.389983,98,5833.849242
1.877255,142,5834.128246
5.061527,63,5834.251405
4.2384,88,5834.431269
5.750818,63,5834.551525
1.551257,105,5834.764247
4.099153,76,5834.938178
2.044806,82,5835.100452
4.577884,67,5835.235286
100.983996,48,5835.330525
5.456826,87,5835.510352
3.704717,78,5835.666189
100.362933,54,5835.775742
101.085213,61,5835.895005
4.59726,74,5836.04295
3.303243,84,5836.210325
1.20085,68,5836.343522
104.909088,71,5836.488317
0.462105,111,5836.70784
3.673618,93,5836.897512
1.657673,67,5837.030622
105.360953,68,5837.165395
5.125775,62,5837.289001
5.155595,68,5837.432984
4.491485,62,5837.553035
-0.143447,161,5837.8718
3.501968,95,5849.354156
2.151947,69,5849.505105
1.262548,120,5849.744768
105.442669,64,5849.870187
101.087423,53,5849.972794
1.913554,70,5850.112291
101.177147,31,5850.170047
0.993998,92,5850.367675
0.907349,113,5850.592531
105.238256,64,5850.719607
5.212369,77,5850.876106
3.734718,73,5851.021374
2.978532,73,5851.168715
0.334621,72,5851.310045
2.590831,91,5851.48791
6.122839,71,5851.632701
0.685713,107,5851.84019
3.444328,73,5851.985236
1.70134,88,5852.162337
102.180478,76,5852.309041
101.190123,125,5852.555526
2.763588,86,5852.725399
2.125881,67,5852.855766
2.257162,74,5853.000071
2.275495,65,5853.132385
101.178764,91,5864.544353
1.830106,153,5864.847324
0.929197,101,5865.051878
100.801818,52,5865.154155
103.328513,55,5865.264493
3.650045,68,5865.399472
2.772482,80,5865.56171
104.521066,68,5865.697399
3.587017,71,5865.8397
4.98072,91,5866.03167
0.283482,113,5866.255746
3.42484,65,5866.387058
106.024202,70,5866.521974
5.310362,61,5866.645166
5.195603,80,5866.807776
2.718838,67,5866.937657
4.136796,75,5867.088381
102.296245,79,5867.244508
2.416076,70,5867.382876
0.846293,103,5867.582772
-0.643459,102,5867.779344
3.832154,109,5867.99486
102.297279,50,5868.09059
101.903605,64,5868.216408
1.652041,67,5868.351687
3.162919,197,5879.993838
3.727365,70,5880.134642
101.749947,102,5880.332286
3.959931,73,5880.478875
4.728951,75,5880.630358
3.324046,66,5880.766937
2.455181,68,5880.907811
4.787523,63,5881.031129
101.927653,82,5881.197267
2.917334,94,5881.386981
101.50563,87,5881.56318
2.1386,69,5881.703705
5.653768,65,5881.834008
4.185636,65,5881.96212
1.224977,106,5882.17552
3.764541,63,5882.297923
4.149707,73,5882.445242
102.432043,43,5882.532744
105.612882,67,5882.668242
3.045105,88,5882.847017
101.068931,80,5883.00708
3.798358,67,5883.139693
2.350862,72,5883.283394
101.587372,91,5883.468695
101.023753,79,5883.628433
4.396526,72,5883.770141
2.504671,68,5883.906485
102.818125,69,5895.270391
4.716105,68,5895.407546
2.530712,69,5895.541367
103.140846,50,5895.643054
1.360548,102,5895.847614
3.1889,66,5895.979888
1.91884,87,5896.170355
4.494991,70,5896.31355
1.508389,69,5896.446917
103.552927,56,5896.556599
4.044945,83,5896.720836
3.817647,89,5896.902171
5.06689,75,5897.052769
101.23653,68,5897.189197
3.379684,94,5897.376033
100.640686,90,5897.556811
3.154748,90,5897.73398
1.870952,64,5897.865021
4.932511,76,5898.018238
4.167304,69,5898.154935
3.670339,129,5898.413866
101.96092,70,5898.55077
-0.066565,82,5898.711147
4.684921,63,5898.836874
101.248546,82,5898.99628
3.270385,73,5899.142655
102.33305,66,5910.475671
100.25771,66,5910.609734
4.456225,62,5910.72926
2.782542,78,5910.896799
105.189904,70,5911.033916
2.128672,68,5911.171518
105.792949,65,5911.300966
1.550776,88,5911.479889
100.88684,73,5911.632346
1.799957,97,5911.826484
104.772313,67,5911.956519
3.450867,69,5912.096374
1.284695,90,5912.271726
1.251852,82,5912.448198
103.270665,54,5912.555258
104.083297,66,5912.681199
0.561975,115,5912.911664
100.900742,81,5913.069943
3.792385,73,5913.229051
0.938393,89,5913.407968
100.170429,58,5913.52339
4.989594,83,5913.697208
1.519514,94,5913.879829
3.303118,79,5914.037457
102.163419,53,5914.156634
101.104708,112,5914.376848
2.921235,97,5914.56626
4.704823,72,5925.886552
0.799839,97,5926.080799
4.963455,68,5926.215208
3.242909,73,5926.356526
101.465715,79,5926.528346
102.2231,73,5926.674212
3.597489,62,5926.795052
3.566045,92,5926.97699
101.279026,113,5927.201185
1.096746,62,5927.3233
101.067842,92,5927.511782
3.380424,78,5927.668589
2.873559,65,5927.796882
3.509597,65,5927.935274
1.085953,87,5928.113245
0.336659,110,5928.336035
1.935719,63,5928.460751
100.68333,44,5928.545444
105.434369,63,5928.674137
4.437744,66,5928.806685
5.40137,61,5928.930145
0.57648,222,5929.3748
3.957099,91,5929.558266
100.83259,132,5929.834066
3.712005,62,5941.127615
3.102025,83,5941.293262
100.25691,64,5941.417936
100.78072,87,5941.605432
105.229177,64,5941.740908
102.827384,63,5941.862753
5.565256,82,5942.022593
101.297975,72,5942.163034
0.293082,71,5942.302853
2.422931,69,5942.441972
1.436934,81,5942.600665
0.664107,103,5942.807332
1.847387,101,5943.007593
4.356341,70,5943.14464
2.392853,69,5943.28547
4.239913,76,5943.439709
101.113197,78,5943.591578
2.289293,71,5943.731193
5.156751,71,5943.872941
1.618469,90,5944.058585
101.916045,48,5944.152907
102.47568,48,5944.250651
101.286961,62,5944.37508
0.586803,65,5944.502665
104.340849,67,5944.63364
1.62556,76,5944.78439
105.42458,66,5944.914786
101.591488,67,5945.048654
4.392727,71,5956.433814
2.588935,128,5956.702144
3.561782,65,5956.834205
2.484199,60,5956.953354
1.169067,72,5957.097497
2.735216,83,5957.262594
101.375042,73,5957.407305
3.471861,67,5957.544837
4.236752,102,5957.766233
6.047589,65,5957.902744
4.202944,66,5958.042338
4.156626,73,5958.195503
102.459551,70,5958.342005
100.65573,64,5958.472272
4.771678,65,5958.607939
104.116371,66,5958.745438
4.007124,78,5958.898523
101.624566,90,5959.084646
4.274807,103,5959.284981
2.29964,62,5959.406591
105.640718,65,5959.537066
5.622106,80,5959.690601
101.140617,32,5959.755737
101.481756,44,5959.838315
4.134971,65,5959.968193
4.188649,62,5960.089723
101.486006,72,5960.233823
1.736696,98,5960.427701
100.725409,74,5971.802089
4.347121,153,5972.103706
101.629775,72,5972.248402
1.441817,85,5972.415173
4.844855,73,5972.557615
3.814221,86,5972.74773
1.067811,62,5972.872672
103.680387,56,5972.996709
3.809484,97,5973.187211
103.02531,58,5973.303014
2.103741,69,5973.442467
2.719089,100,5973.640934
4.798098,76,5973.795246
102.160708,62,5973.925039
3.747026,69,5974.061357
2.888396,75,5974.208704
103.602136,67,5974.343733
3.481108,75,5974.49602
0.782545,1000,5987.692754
3.454174,66,5987.825013
101.626114,60,5987.942861
3.095564,71,5988.085033
5.045659,74,5988.238009
100.92003,84,5988.403374
2.000343,121,5988.647678
0.938765,70,5988.790901
101.921989,66,5988.923314
103.609267,67,5989.054689
103.281425,62,5989.178078
2.611085,66,5989.308697
104.490271,60,5989.429434
101.1838,91,5989.610733
3.049294,73,5989.765842
3.677017,61,5989.883289
-2.072019,231,5990.347974
1.604218,79,5990.506365
100.812853,56,5990.615655
104.426075,66,5990.754728
104.487978,72,5990.895332
2.738424,61,5991.01481
2.551728,66,5991.145962
104.902503,62,6002.484724
0.297693,91,6002.662371
1.156321,95,6002.847831
4.604676,76,6003.001574
1.476169,152,6003.300766
0.701553,1000,6005.298042
2.614804,97,6005.49353
4.216188,64,6005.620146
0.589952,68,6005.756852
4.196898,74,6005.906553
1.932198,65,6006.036058
101.378258,39,6006.110607
1.629697,71,6006.251222
1.943821,64,6006.377224
-0.674821,200,6018.079047
100.572345,76,6018.226355
4.198417,66,6018.359462
3.520639,70,6018.502832
5.536857,79,6018.658592
0.933012,85,6018.828632
2.179349,68,6018.965563
102.603708,55,6019.077515
5.201895,66,6019.209022
105.406515,74,6019.354192
100.478334,67,6019.489394
101.156863,75,6019.634964
2.412037,64,6019.761833
1.950431,65,6019.896321
0.684982,100,6020.098938
3.211222,69,6020.237478
4.936577,68,6020.371409
1.745814,115,6020.592125
4.119651,63,6020.713893
101.900998,73,6020.858969
1.018389,104,6021.068439
0.86256,224,6021.514364
-0.081915,125,6021.759784
103.508615,72,6033.124893
101.850858,144,6033.403314
4.70211,66,6033.534584
0.768377,144,6033.818562
100.29308,28,6033.873685
101.601961,59,6034.005523
1.306872,105,6034.213095
3.392358,63,6034.339137
4.51661,64,6034.464796
4.418758,86,6034.634239
1.108765,1000,6036.60597
1.009389,79,6036.758538
100.947846,81,6036.918053
3.407555,67,6037.054229
2.037795,84,6048.461372
0.455426,1000,6050.440444
0.016941,80,6050.594689
1.694618,113,6050.827886
104.101798,61,6050.959824
101.067946,84,6051.133238
2.136581,73,6051.28762
102.541075,73,6051.440708
2.99363,67,6051.578869
105.84683,67,6051.717139
5.216994,91,6051.908677
1.71675,91,6052.097181
-0.376304,116,6052.340929
4.089045,62,6052.472468
102.850105,49,6063.917431
3.690109,101,6064.131524
101.680664,60,6064.254157
103.025378,70,6064.41521
3.927035,66,6064.557552
5.49112,83,6064.735315
101.21331,79,6064.906286
-0.545401,107,6065.129992
4.087034,65,6065.268468
4.916525,68,6065.407331
1.524413,74,6065.558584
100.827981,69,6065.700341
104.806794,60,6065.827411
103.388886,75,6065.985692
101.078252,44,6066.076962
3.095232,83,6066.254164
102.132419,105,6066.47372
1.626475,73,6066.623893
2.748063,95,6066.819441
3.60102,72,6066.966716
1.951814,86,6067.143955
0.75632,276,6067.706416
101.343509,128,6067.966769
1.268057,175,6079.90129
1.532316,81,6080.068347
4.154971,79,6080.236902
3.762788,66,6080.373338
104.187282,70,6080.520591
-1.764463,600,6081.784303
0.379201,97,6081.984866
101.160674,69,6082.125342
1.025808,80,6082.286705
100.581007,66,6082.425307
4.577793,63,6082.556513
101.486946,61,6082.683322
4.603519,64,6082.815969
3.422818,99,6083.023502
-0.278379,115,6083.261964
4.192704,67,6083.398509
2.268728,80,6083.558188
3.874348,78,6083.718718
103.908025,72,6083.873322
103.540109,63,6095.182128
104.261989,61,6095.309179
2.960212,79,6095.468702
1.912471,108,6095.689465
101.327469,95,6095.889138
2.74415,82,6096.055822
2.957682,65,6096.191993
4.560836,63,6096.336113
101.380747,73,6096.489282
3.736911,69,6096.635775
1.524622,85,6096.819999
3.683255,70,6096.96765
4.460638,63,6097.098446
3.088481,63,6097.230495
3.528463,78,6097.39289
-0.578991,99,6097.596196
-0.0655,182,6097.96495
102.931458,65,6098.09074
105.398029,62,6098.212969
101.230159,112,6098.44373
2.709532,99,6098.637883
4.318928,77,6098.798962
2.567691,77,6098.952316
100.99355,78,6099.107635
2.497666,77,6099.265331
4.274555,68,6110.605543
102.206549,63,6110.74274
-0.567973,120,6110.992722
3.104197,102,6111.207341
101.290382,86,6111.383795
102.669073,48,6111.486138
1.626143,124,6111.754989
-0.717013,56,6111.87431
-0.372731,87,6112.049215
101.671824,66,6112.181813
104.270079,69,6112.319766
2.321005,76,6112.470157
3.850522,65,6112.599056
101.532629,55,6112.707336
0.238887,109,6112.926452
104.120818,71,6113.069355
4.25952,75,6113.21939
4.526198,64,6113.34862
1.077881,135,6113.616857
102.130847,72,6113.760963
102.25547,52,6113.864181
106.225135,73,6114.00822
3.140224,60,6114.130694
-1.512794,428,6126.217365
4.754944,65,6126.34731
2.863388,62,6126.472123
4.602486,84,6126.64116
100.99875,90,6126.821059
3.823685,79,6126.996249
2.235739,61,6127.116627
0.00184,293,6127.701372
2.815336,61,6127.821978
3.588152,67,6127.955601
1.293584,85,6128.130166
3.684725,64,6128.257792
4.356163,74,6128.407723
101.982732,56,6128.519359
1.636629,99,6128.716502
2.945506,62,6128.839396
-0.217611,90,6129.021049
103.560696,55,6129.129539
3.070683,108,6129.344676
3.643096,66,6129.472707
3.200854,64,6129.60234
4.885419,77,6129.753448
3.862341,65,6129.882496
100.516262,78,6130.041918
2.703417,60,6141.35679
5.246356,66,6141.485375
0.561371,106,6141.713413
5.079891,79,6141.870222
1.772527,66,6142.00045
1.672599,140,6142.277503
3.727834,68,6142.411742
0.450685,118,6142.644462
2.801122,73,6142.787958
2.465752,80,6142.946958
103.507403,52,6143.051016
1.904526,69,6143.186717
1.116716,148,6143.480869
100.997787,87,6143.648973
102.397124,72,6143.793691
103.760267,64,6143.919553
0.280263,118,6144.16607
1.427626,81,6144.329813
5.717791,63,6144.453928
100.618521,78,6144.605203
2.195935,95,6144.794948
102.062433,72,6144.938241
101.302832,72,6145.080023
4.175294,69,6145.21614
103.499939,53,6145.322248
5.779867,64,6156.730036
2.796157,82,6156.894933
2.506336,82,6157.057858
2.820075,102,6157.260919
0.692673,88,6157.430705
5.133749,65,6157.563189
-0.098017,125,6157.808029
2.284165,71,6157.946555
101.184478,121,6158.183137
101.366843,50,6158.285646
3.728651,96,6158.474043
104.852522,65,6158.604218
1.754098,85,6158.77439
3.589236,82,6158.937042
100.88049,80,6159.094689
4.898894,70,6159.233094
1.163122,76,6159.382786
2.613266,76,6159.531709
4.744754,77,6159.68566
5.218709,65,6159.814396
3.995876,95,6160.003444
103.194293,52,6160.106337
3.189119,89,6160.290331
2.813235,82,6160.454165
3.498445,74,6160.600769
4.192952,64,6171.980057
2.971154,66,6172.110468
4.115659,70,6172.249472
0.228663,115,6172.479761
3.639679,62,6172.610087
1.070156,122,6172.853321
102.283763,57,6172.978249
2.469676,70,6173.116218
4.532873,96,6173.319953
4.938116,92,6173.499384
3.478444,82,6173.672194
2.364558,61,6173.790382
3.838757,76,6173.938403
4.458822,65,6174.068484
2.540413,68,6174.205368
101.787508,45,6174.295872
101.132518,118,6174.528311
4.546058,64,6174.658943
3.289976,78,6174.813107
3.67095,73,6174.958057
0.952833,162,6175.281625
2.010098,68,6175.411896
-0.710966,195,6175.800648
100.703239,58,6175.91343
4.807793,65,6176.047968
100.601953,71,6187.385022
2.807048,63,6187.508668
102.695411,48,6187.600522
1.959667,80,6187.763798
103.201104,68,6187.913536
2.135826,87,6188.083788
5.497113,75,6188.236328
105.027136,62,6188.370155
1.797313,65,6188.498643
3.280539,66,6188.627329
101.872142,72,6188.769537
3.052437,67,6188.903715
2.578069,69,6189.040961
1.493463,63,6189.166944
5.517909,63,6189.291044
103.22431,77,6189.443776
101.130891,45,6189.533631
1.468577,71,6189.676234
5.743211,66,6189.804965
2.509814,72,6189.950638
102.301576,78,6190.104849
103.556515,53,6190.211036
3.186954,70,6190.351401
2.190431,78,6190.507362
3.757517,62,6190.629517
4.281665,87,6190.799835
103.089442,65,6190.929743
101.766202,66,6191.061296
3.961529,66,6191.19907
103.489109,61,6191.335985
106.029492,71,6202.677434
101.377988,78,6202.831429
2.56184,81,6202.9891
101.061597,70,6203.131918
101.264772,81,6203.310983
4.873601,62,6203.433375
101.085093,60,6203.550293
3.58707,71,6203.694394
0.283714,194,6204.078703
101.383158,68,6204.21375
0.495927,117,6204.444235
4.107188,64,6204.569397
3.744917,189,6204.953893
0.824866,100,6205.150421
103.109848,70,6205.289631
5.219997,79,6205.443153
2.012733,62,6205.566101
-0.545485,111,6205.784775
-2.212207,184,6206.148559
0.830283,99,6206.343407
101.389038,82,6206.504678
106.204322,70,6206.646359
1.43144,68,6217.985155
1.525337,74,6218.146232
4.95759,88,6218.318579
1.937626,66,6218.44839
0.039258,370,6219.197053
0.448358,106,6219.405601
101.32795,81,6219.570842
4.22937,71,6219.710938
5.881759,67,6219.845744
101.285929,64,6219.972393
4.470104,66,6220.105475
0.894142,72,6220.24717
101.977115,58,6220.363269
1.200364,162,6220.685454
101.754659,102,6220.888756
4.559816,78,6221.046031
3.892088,80,6221.21136
101.243204,81,6221.37375
3.4987,76,6221.525683
103.529965,63,6221.650071
3.667283,68,6221.784417
-0.281521,98,6233.225091
101.034348,88,6233.399783
4.121563,100,6233.60331
100.985421,74,6233.760306
2.606259,71,6233.907858
1.897577,69,6234.045959
4.114717,68,6234.194515
102.743966,71,6234.345846
4.701879,62,6234.476285
101.210842,102,6234.690439
5.068135,63,6234.816599
4.413153,71,6234.956813
1.254769,67,6235.092207
101.599255,61,6235.211439
103.140924,69,6235.355371
1.305895,120,6235.603632
103.678477,71,6235.749917
1.908211,89,6235.934846
4.912304,82,6236.10747
100.598076,83,6236.278285
1.013216,66,6236.418674
1.087224,109,6236.640301
2.432121,75,6236.79297
0.5057,130,6237.045856
2.865533,75,6237.193913
2.014103,61,6237.315144
3.145558,65,6248.664119
3.254753,66,6248.794771
3.466171,72,6248.9412
101.505643,87,6249.125499
2.594185,96,6249.315993
101.425381,101,6249.513901
1.714339,67,6249.64313
2.725723,83,6249.806279
2.396838,77,6249.958819
5.305395,64,6250.090415
102.755851,68,6250.234908
2.294553,69,6250.382372
3.580198,95,6250.579052
100.927836,76,6250.729978
1.382321,88,6250.90542
102.037242,60,6251.02656
0.844559,97,6251.23045
-0.259036,332,6251.919868
2.521262,95,6252.119379
4.133421,77,6252.281039
102.737325,60,6252.402309
102.043412,66,6252.542372
3.541412,68,6252.681531
3.543072,91,6264.137782
101.43809,122,6264.398853
100.719873,102,6264.611219
1.376169,71,6264.755979
104.100991,58,6264.877477
5.297909,62,6265.005995
103.458035,71,6265.153275
5.355632,64,6265.287072
2.010049,99,6265.491068
3.590821,62,6265.618572
101.551501,72,6265.770787
102.630814,66,6265.903784
3.283195,66,6266.034163
1.898175,111,6266.253186
2.65453,77,6266.403306
4.563229,68,6266.544985
3.333198,76,6266.694148
1.650868,87,6266.86681
2.643243,82,6267.033504
1.636387,87,6267.20656
2.223643,77,6267.357789
101.634174,84,6267.527787
101.44994,88,6267.699678
1.839837,61,6267.823336
3.518387,68,6267.958834
102.013805,69,6268.095565
