#{"t_start": 1759995047.2046468, "env_id": "CustomLunarLander-v0"}
r,l,t
0.243512,113,0.797884
-0.216455,107,0.997478
-2.339423,112,1.210276
1.411686,96,1.387989
2.222187,101,1.576457
-1.939215,117,1.813658
-2.284664,80,1.966919
0.057368,90,2.139809
1.183085,118,2.366821
-0.311795,103,2.56113
-0.680494,119,2.802041
0.825212,118,3.034278
-1.564407,95,3.216739
-2.704582,107,3.428949
-0.020084,110,3.644859
-2.08189,105,3.87349
-3.063205,108,4.079606
-0.729387,101,4.273048
-0.134575,109,4.485843
-4.085546,100,15.74659
0.273561,110,15.964842
2.276389,97,16.159703
3.74411,84,16.324401
1.057078,116,16.547376
2.574358,80,16.706432
0.197577,118,16.935313
0.157156,93,17.115047
1.234474,128,17.360821
1.497649,110,17.570417
2.018158,113,17.787911
3.037188,89,17.959607
2.267577,98,18.146228
2.376377,81,18.302292
0.886113,107,18.507264
0.05728,114,18.727266
-0.581382,108,18.934958
0.59201,96,19.119714
2.366247,88,19.298003
1.6863,99,19.49435
0.497638,92,30.653464
1.726462,92,30.832574
2.476282,104,31.04095
0.28321,113,31.266521
2.391892,84,31.437813
2.515682,103,31.645486
2.74119,78,31.819301
-0.148016,93,32.006934
2.160516,102,32.213389
-0.548334,108,32.431313
2.844548,77,32.585125
2.515968,96,32.781062
2.712157,84,32.951515
1.873441,107,33.170188
-0.143722,94,33.358112
0.724075,88,33.532624
2.505288,87,33.708039
1.812804,96,33.906193
0.173749,111,34.117643
-0.508323,86,34.28026
-0.231852,119,34.508374
2.31058,98,45.752718
-0.915215,84,45.933
0.922319,90,46.118957
0.251184,83,46.28607
2.595929,81,46.449724
0.742753,83,46.619212
3.714585,101,46.821198
1.068305,133,47.073864
2.921139,78,47.221413
3.216993,84,47.383432
2.440809,80,47.537318
2.755013,70,47.670671
3.488137,79,47.822147
1.512754,90,47.993614
3.728004,86,48.156241
-0.689357,96,48.339616
1.622691,83,48.497701
3.034306,86,48.662083
3.703514,89,48.832767
2.580257,88,49.005441
3.654196,87,49.173554
-0.221432,95,49.355095
1.737689,99,49.541127
2.130871,83,49.698899
4.182137,84,60.857735
0.641469,87,61.030973
0.182825,90,61.206486
-0.421579,131,61.465556
4.649571,89,61.640092
0.003894,107,61.862899
0.849003,98,62.057675
1.75475,75,62.203169
3.231914,81,62.363121
2.438777,88,62.533706
2.02094,85,62.70098
1.397788,87,62.871075
0.29512,114,63.094654
0.158295,94,63.276769
2.224527,80,63.439711
2.322922,83,63.604628
0.92021,110,63.835798
3.599936,79,63.990675
4.074409,70,64.12809
1.269268,83,64.289422
4.372335,80,64.447459
3.448305,109,64.66085
-1.509678,102,76.096121
-0.629827,95,76.28422
-0.526422,113,76.497835
0.299176,90,76.672769
2.545644,91,76.851029
-0.819315,110,77.067667
0.99225,79,77.222203
2.300259,69,77.370444
-0.195041,87,77.537844
2.985621,88,77.710884
0.527939,97,77.89861
2.336697,78,78.050524
4.621058,83,78.21096
3.676925,82,78.368431
2.482023,80,78.52505
0.744823,85,78.689549
1.440573,83,78.8525
5.024985,84,79.029184
1.925009,79,79.181395
4.276731,78,79.330674
4.33151,80,79.487562
4.128956,83,79.648549
-0.26202,97,79.838498
4.803588,91,80.012934
3.142838,93,91.198452
3.915715,74,91.343367
0.306991,73,91.482407
1.380378,85,91.655874
4.114168,76,91.807694
3.408819,91,91.98539
3.599621,81,92.147028
1.567764,83,92.312756
4.945523,77,92.467279
0.95176,81,92.628703
-0.154183,93,92.809061
2.291023,76,92.957806
1.190746,89,93.135085
-0.700518,143,93.415336
3.22888,78,93.573054
1.713314,78,93.732977
0.695934,78,93.884715
3.92008,89,94.059537
-1.100632,123,94.307698
0.979206,97,94.499516
3.795303,74,94.645045
1.964131,78,94.798723
-0.47606,113,95.021282
3.314501,71,106.215692
1.065328,87,106.386003
3.395714,76,106.535225
1.447704,88,106.712765
0.355063,87,106.888688
3.560865,73,107.035214
2.243142,74,107.182007
4.066288,83,107.352679
0.758696,94,107.540673
0.99506,87,107.712971
3.939874,77,107.86668
1.969517,77,108.017799
0.755172,77,108.174941
1.523806,75,108.3249
2.521069,69,108.465096
-0.190608,105,108.677935
4.061982,80,108.837016
3.338196,82,108.999072
4.143558,83,109.164041
2.020158,83,109.329898
2.216503,72,109.474198
4.943887,79,109.631752
-0.71152,101,109.843837
0.727202,73,109.994994
1.426974,110,110.212828
2.963784,81,121.382905
4.737489,74,121.528961
1.758363,84,121.694928
4.600448,76,121.857948
-0.517042,94,122.0504
0.973697,87,122.224632
3.608942,87,122.402418
3.542671,85,122.572984
2.191318,82,122.73748
1.760168,76,122.889885
-0.130302,113,123.116768
2.419513,74,123.266528
-0.253775,92,123.449516
1.868072,72,123.606613
-0.59765,119,123.845748
3.142218,76,124.00042
2.140453,85,124.172226
2.77472,116,124.411901
4.547095,80,124.571978
2.583232,75,124.7226
0.518845,77,124.881889
3.239109,69,125.038718
3.841367,68,125.176407
4.806155,74,125.32304
0.88278,83,136.544566
3.918601,80,136.703746
2.594377,81,136.880101
0.976328,94,137.072188
1.365524,98,137.267338
2.854526,80,137.425997
3.626267,78,137.581368
1.088147,74,137.726239
0.632694,92,137.90318
0.000299,94,138.090063
2.656971,87,138.263539
3.50752,72,138.408641
1.376838,75,138.57056
3.601804,90,138.756951
4.1492,82,138.915977
2.51247,78,139.069308
4.871012,72,139.207389
0.894119,93,139.39302
1.139242,73,139.534333
1.41889,76,139.681514
2.55169,75,139.833159
0.778106,84,140.00996
3.246253,74,140.15656
1.386071,83,140.320467
0.710077,138,151.630503
2.633398,91,151.825233
-0.238971,116,152.048469
0.321605,101,152.246625
1.16033,81,152.402658
1.887301,71,152.539227
3.572468,75,152.686376
1.83036,100,152.888664
-0.857079,119,153.122967
2.788147,74,153.266908
0.202443,98,153.462602
101.098547,90,153.639919
3.042415,77,153.792973
1.428382,73,153.935762
5.797641,72,154.078242
3.581723,72,154.217104
-0.740033,125,154.460577
-0.019695,103,154.666802
1.533992,84,154.830318
3.309031,70,154.967121
0.32737,97,155.15716
0.943073,85,155.326553
3.51805,84,155.493897
2.875361,68,155.630753
1.86008,69,166.768419
1.213675,98,166.962335
3.594484,81,167.122254
3.387395,72,167.26852
2.159109,73,167.41268
2.443793,73,167.556349
2.678717,72,167.7015
-0.574946,99,167.903847
0.807738,79,168.059388
2.318698,78,168.21518
-0.315947,103,168.436792
2.077505,69,168.576385
3.532945,86,168.748176
4.450677,76,168.89846
3.78182,91,169.078544
0.217828,109,169.296226
4.51798,77,169.450737
1.106548,79,169.604075
2.770147,75,169.752987
0.627316,106,169.980108
1.171977,81,170.143462
2.254554,71,170.283056
-0.277089,88,170.45728
2.335982,85,170.625277
-0.324145,111,181.882533
2.811605,83,182.039617
1.292651,85,182.20833
2.892071,73,182.352682
2.31056,72,182.493122
1.722645,71,182.62923
2.061384,76,182.778845
5.086802,73,182.924035
4.360472,69,183.056231
1.309853,82,183.221908
2.339157,86,183.401596
3.259429,74,183.544904
0.086875,100,183.743891
1.520434,96,183.930689
4.452348,75,184.077253
4.117058,68,184.218101
2.597688,80,184.371573
3.334355,74,184.519825
1.547263,72,184.661469
3.717263,75,184.807961
1.925679,100,185.019438
2.554606,77,185.170422
1.815711,73,185.312304
-0.141931,87,185.481809
0.790758,85,185.649057
0.655022,103,196.837801
1.340171,71,196.977274
2.885898,85,197.145734
0.382681,87,197.320851
2.656101,75,197.468539
2.117839,70,197.608369
3.598619,71,197.748771
0.233405,80,197.908415
103.579568,59,198.028783
-0.834735,144,198.327614
3.073057,77,198.484877
-0.342142,97,198.678869
3.769216,82,198.843134
4.883502,72,198.988449
3.037532,79,199.143289
3.700832,79,199.300301
2.68346,71,199.445153
102.758237,58,199.559258
0.637453,82,199.739717
4.940066,81,199.903247
5.251764,70,200.042422
3.20261,68,200.175133
-0.528475,106,200.3801
3.196408,72,200.526202
1.302619,91,200.707582
1.028606,101,200.91037
-0.208358,89,212.089649
2.982972,72,212.233104
1.160029,118,212.465094
103.366665,63,212.591545
-1.461078,146,212.879452
1.909982,77,213.031709
1.702715,82,213.191015
1.1652,98,213.383841
3.469415,71,213.537392
3.198701,80,213.695658
1.257111,108,213.911196
2.991145,72,214.056656
0.774157,106,214.265783
5.089847,77,214.420653
4.634892,72,214.569674
1.998999,75,214.721623
4.7744,66,214.852407
2.563043,73,215.00244
101.324097,106,215.235875
3.945897,81,215.398559
0.02834,86,215.573116
3.933383,71,215.713544
1.422131,76,215.86875
-0.236336,102,227.241322
3.446349,69,227.392668
4.127842,70,227.532784
4.118332,65,227.663571
-0.741949,138,227.937807
1.655382,76,228.09228
1.187614,76,228.243515
5.652005,80,228.408815
2.437188,69,228.547915
5.867653,71,228.688584
-0.810187,116,228.919233
1.078296,76,229.072613
1.634195,73,229.21699
2.214126,70,229.357371
3.771837,85,229.527805
1.89899,68,229.662494
1.721123,72,229.802362
0.255655,93,229.989336
2.806323,80,230.147927
-0.05743,85,230.317918
1.634254,100,230.519185
102.414196,71,230.662763
1.625284,73,230.806125
-0.434723,149,231.09992
0.979852,77,231.251415
4.327472,70,242.497668
4.614373,67,242.63269
0.875798,82,242.796163
4.019242,69,242.933348
4.147298,75,243.080816
2.530928,69,243.216352
0.627685,103,243.428794
0.868626,83,243.607419
1.527133,73,243.750082
0.86503,84,243.914418
-0.71837,151,244.2092
4.892313,65,244.335985
1.330602,103,244.537406
3.679666,71,244.678719
4.058033,76,244.828001
-0.497719,257,245.343568
3.059002,82,245.504143
0.399085,80,245.661057
1.995397,84,245.827543
2.125028,74,245.9713
4.374823,73,246.119956
2.266124,74,246.268721
1.814577,78,246.420409
1.368002,94,257.676006
2.781396,73,257.821855
2.214627,76,257.975686
-0.292564,110,258.19388
3.131513,75,258.343477
103.123407,61,258.464671
3.770767,68,258.601064
3.926449,72,258.747155
1.189761,85,258.930633
2.443781,72,259.076696
2.591112,69,259.216586
3.758263,71,259.359057
1.901181,78,259.518573
3.334771,68,259.650745
3.693236,79,259.81126
101.540512,94,259.998405
1.713978,74,260.148172
2.604449,69,260.289969
0.327383,88,260.46351
-0.026347,99,260.678934
3.968825,82,260.84263
1.074836,74,260.98929
1.774866,83,261.150623
2.972942,72,261.287329
3.167081,71,261.428275
4.085108,75,261.58021
1.230969,76,272.820209
2.583999,71,272.963751
1.978097,73,273.110514
101.348951,110,273.326609
4.334624,75,273.490026
1.746652,78,273.645096
3.343662,72,273.791141
1.659819,75,273.940987
2.667151,80,274.101772
1.332637,78,274.256783
-0.469208,91,274.443152
1.332108,95,274.632102
1.402854,92,274.820143
0.474995,86,274.991662
2.869104,73,275.154567
2.234512,90,275.332629
4.226822,78,275.490326
1.714787,72,275.63804
3.119544,68,275.773483
5.732679,69,275.911577
4.158459,68,276.046254
2.954644,74,276.193657
0.90955,99,276.404918
-0.696898,187,276.780404
2.670135,80,276.94409
4.392308,66,288.132294
3.093656,68,288.27758
1.80955,70,288.417728
1.368511,72,288.556366
-0.776161,101,288.757397
1.059202,81,288.91901
5.754475,68,289.0618
1.166919,80,289.215428
1.01119,78,289.364159
2.32829,83,289.531327
1.099843,85,289.703505
1.327911,71,289.845491
2.417901,75,289.992627
3.161006,69,290.132541
4.844518,79,290.304008
3.056859,78,290.478165
3.672519,73,290.634023
-0.439422,131,290.893583
1.186383,76,291.042627
1.147657,72,291.201181
102.536381,75,291.353082
-0.363881,77,291.512077
2.110237,71,291.653263
0.75824,79,291.808963
1.511782,69,291.9474
101.228058,55,292.060182
4.549491,67,303.68853
3.202179,71,303.829673
1.904296,76,303.978563
-0.056177,86,304.144752
4.126055,66,304.275926
0.374605,107,304.486094
0.660416,79,304.654845
0.259523,97,304.85322
3.187669,69,304.989912
0.092021,111,305.209808
3.294297,66,305.340015
2.161201,76,305.492203
4.432684,77,305.645795
4.779851,73,305.788769
2.785953,67,305.920391
6.053107,78,306.075414
2.896089,73,306.220766
4.063159,65,306.376024
1.576702,76,306.546562
4.580679,70,306.690952
1.41405,85,306.860713
1.074305,72,307.008209
0.114812,103,307.216702
1.19697,91,307.406201
4.013764,68,307.540303
100.831835,84,307.714068
3.253274,70,319.546871
0.132745,129,319.797489
2.847994,66,319.929765
105.746256,66,320.061563
3.300716,65,320.202081
4.775806,70,320.339915
4.898255,76,320.49032
1.211922,86,320.660508
2.33675,70,320.798986
1.046166,102,320.998087
2.817113,71,321.1553
4.294021,75,321.302935
4.477436,66,321.431551
4.773726,66,321.558249
3.59673,66,321.689023
-0.180434,162,322.004511
0.887705,82,322.169018
1.736818,74,322.316799
2.414021,70,322.465076
1.599819,68,322.598022
3.950172,96,322.788921
-1.142638,604,335.111575
3.64416,71,335.248275
4.034582,68,335.380154
3.172915,68,335.514202
3.559731,66,335.637323
3.895806,71,335.778824
-0.085458,99,335.971028
-0.52487,89,336.146903
5.421641,69,336.281193
2.45201,71,336.425164
2.099615,63,336.549387
0.644467,75,336.705392
1.624549,76,336.857259
3.528233,67,336.98692
2.183408,68,337.117568
3.324909,70,337.254402
5.160409,70,337.390667
1.857239,72,337.531615
2.338766,65,337.657326
1.043602,98,337.851697
-0.072476,113,338.086896
2.792713,69,338.215244
1.735362,90,338.393742
4.2251,67,338.523082
2.843197,87,338.695151
2.858623,68,349.839883
2.482967,71,349.976818
3.365578,69,350.111526
105.82949,67,350.248387
2.754024,72,350.412169
2.299455,72,350.565914
-0.049616,87,350.735631
1.454766,79,350.896683
4.680113,68,351.027004
0.477577,80,351.186501
0.860658,106,351.391351
1.667429,80,351.550271
1.365049,110,351.766846
3.53978,66,351.896956
1.550333,71,352.050236
-0.149943,97,352.237005
4.300986,66,352.369474
2.248963,73,352.509744
2.818282,65,352.634503
3.667056,70,352.77184
1.417981,78,352.924301
2.645826,66,353.053727
2.744304,67,353.184474
4.673656,68,353.3191
5.399752,67,353.462833
3.005997,72,353.607035
1.980625,73,353.750983
2.419378,84,364.948905
2.387792,67,365.080251
2.667667,72,365.217311
4.366988,63,365.344205
5.408217,75,365.491097
1.282385,80,365.646989
4.301402,71,365.790708
3.812973,74,365.959909
0.507318,78,366.118079
3.750737,71,366.256708
0.374636,82,366.423481
0.478051,92,366.604374
1.181087,83,366.766433
2.047712,65,366.893744
1.690389,71,367.041752
1.366224,83,367.212589
0.148288,100,367.416955
0.949504,72,367.573561
4.640101,70,367.722355
0.973123,85,367.899405
3.471987,67,368.036518
0.398358,122,368.284544
1.393393,71,368.425794
0.594639,82,368.595098
-0.085947,84,368.770878
1.269298,93,368.974145
4.171747,70,380.153676
5.783004,66,380.287094
1.796789,72,380.434621
0.467409,82,380.59738
1.130036,78,380.753186
2.885649,67,380.887385
1.095403,79,381.047733
3.786175,69,381.195645
3.13947,80,381.368919
0.629261,78,381.522848
1.550479,75,381.67094
1.771342,82,381.829753
3.779203,65,381.95601
1.448295,108,382.167095
5.400925,68,382.302822
5.04039,72,382.441928
2.255166,76,382.59286
4.211546,72,382.74377
3.680768,67,382.875536
3.705308,67,383.021269
0.186526,93,383.206121
100.220769,51,383.304095
101.964245,60,383.42246
0.646075,83,383.585827
1.882064,68,383.722333
0.638701,80,383.880924
3.314394,68,384.015665
0.853841,93,395.257171
3.016926,68,395.391248
101.980562,73,395.551917
4.178779,72,395.695019
3.177227,66,395.832632
4.69347,78,395.990437
3.76502,69,396.129876
-0.065954,99,396.326749
4.369569,65,396.452543
0.157553,70,396.593045
4.550071,75,396.740999
-0.006698,90,396.928955
4.709684,68,397.06409
1.563015,71,397.219493
3.459821,94,397.409643
4.985263,65,397.540182
0.323519,108,397.758111
2.966356,69,397.89496
3.211009,72,398.039371
2.299267,66,398.1686
2.063469,67,398.301809
-0.532099,104,398.518119
1.376002,74,398.662396
5.306466,67,398.794041
0.531388,96,398.984141
1.399856,68,399.118023
4.006078,69,399.253526
-0.820933,138,411.069026
1.949407,79,411.223977
3.510811,67,411.360012
0.583789,79,411.538527
5.264116,68,411.678913
0.994513,136,411.952779
0.546271,104,412.176012
2.958258,72,412.32613
0.950713,96,412.5204
3.645356,66,412.649874
0.372351,119,412.881675
2.215106,72,413.037802
0.580793,87,413.224797
3.297358,76,413.380673
3.623063,93,413.573195
2.471316,75,413.726575
0.153285,84,413.897629
-0.352149,130,414.148896
1.56601,74,414.290165
0.310351,121,414.531389
0.065747,79,414.701792
3.021,68,414.837529
0.699801,77,414.989596
2.836577,77,426.281027
-1.140345,133,426.558008
101.700678,67,426.709547
1.103622,75,426.867002
1.525636,78,427.021482
-0.276315,98,427.224612
1.810119,68,427.376448
2.359331,70,427.559456
1.486622,93,427.745822
2.458054,89,427.989039
3.784139,67,428.145049
2.193535,84,428.32495
4.770265,66,428.464429
1.276641,81,428.658637
4.195265,78,428.846416
-0.900229,897,442.515802
0.606487,216,442.950716
4.447091,69,443.092083
2.755983,70,443.233534
1.616153,73,443.381597
4.01939,72,443.529115
100.316773,66,443.672594
0.405309,75,443.827929
3.569869,68,443.963079
3.712841,68,444.102164
5.385716,74,444.253619
-0.48016,98,444.456926
1.687451,87,444.650957
3.27039,75,444.805385
4.619404,74,444.950847
0.269578,75,445.103648
0.946287,84,445.268456
0.391865,77,445.42048
4.523051,67,445.556222
-0.077479,84,445.715782
4.518095,64,445.84121
3.998459,67,445.975286
3.100158,82,446.137352
0.774806,78,446.297317
1.595064,79,446.473451
3.062024,65,446.611024
5.175931,64,457.949594
4.851577,81,458.118813
0.217686,121,458.367547
4.130426,69,458.511272
0.752217,81,458.689883
1.969812,76,458.84339
2.489765,67,458.977721
102.228906,69,459.119432
5.51956,66,459.254863
3.155373,65,459.387178
3.125741,70,459.532208
0.663113,71,459.679261
1.297387,94,459.865414
0.648474,82,460.037271
4.902288,67,460.172046
0.08721,1000,473.167556
3.00063,65,473.300116
2.700259,73,473.445596
4.968839,68,473.58466
2.371947,65,473.717511
5.27823,73,473.867677
0.664583,104,474.085326
2.091892,71,474.230262
4.645509,70,474.37505
4.801654,66,474.510278
3.400967,71,474.65792
1.887278,69,474.806216
1.423984,66,474.935279
3.47826,74,475.079423
4.263968,70,475.218874
0.20045,364,475.925491
1.823315,67,476.063917
1.932629,73,476.207089
4.637398,74,476.361564
0.517581,760,489.467212
4.074637,66,489.610531
4.124669,65,489.736381
4.066336,63,489.860864
1.391896,72,490.006341
1.436689,78,490.157067
2.864237,67,490.287516
2.766005,69,490.420576
4.338645,72,490.561959
4.080402,68,490.691373
0.670913,75,490.838339
0.0976,249,491.338405
1.743714,68,491.471047
2.724785,69,491.607805
1.681245,73,491.750434
102.334618,75,491.901059
-0.462345,85,492.069577
1.126161,85,492.236166
4.045446,78,492.389631
0.166699,116,492.62071
4.047503,68,492.75448
1.846925,96,503.975465
2.693776,66,504.108295
-1.029701,144,504.396391
2.053103,74,504.542325
4.74841,75,504.69052
-0.118493,86,504.86217
101.319849,83,505.024657
1.060555,78,505.184726
1.821343,69,505.329148
2.48016,77,505.480707
1.919883,72,505.623483
1.585325,75,505.770142
3.241757,75,505.913243
-0.048073,81,506.072275
0.7508,112,506.294386
-0.420039,96,506.483016
2.441715,69,506.619711
2.010707,84,506.782605
0.995003,94,506.969885
3.801928,72,507.110608
1.545516,103,507.313636
2.181196,93,507.49412
4.697879,70,507.629136
1.183985,117,518.90731
5.785549,68,519.039638
1.287795,76,519.199979
-0.234624,118,519.446872
102.026207,92,519.630846
1.743805,70,519.770739
3.793421,71,519.910094
3.985295,74,520.060578
4.191752,68,520.194256
0.23598,119,520.428854
2.070907,67,520.563849
103.017177,91,520.744614
1.28384,77,520.894211
3.602439,68,521.050885
4.544003,64,521.183063
3.523484,94,521.371386
2.750262,70,521.512073
1.617552,78,521.664809
4.480282,74,521.806893
0.203566,590,522.982871
1.280312,90,534.209054
1.266943,80,534.36739
5.085177,70,534.510939
3.166966,68,534.649568
1.537683,88,534.822503
3.467186,73,534.97478
-0.87759,95,535.180485
4.992437,70,535.319047
0.229369,120,535.549435
5.763448,71,535.693907
2.87639,74,535.842025
2.552704,72,535.981952
3.47541,74,536.126102
2.072816,69,536.261836
5.682984,69,536.397715
-0.485349,119,536.630783
1.4462,69,536.768241
101.625596,89,536.944568
0.395557,79,537.102707
3.7986,71,537.239222
1.726445,82,537.402858
1.543233,73,537.547361
0.185307,82,537.707726
0.388531,87,537.877056
2.802491,72,538.017989
0.684504,72,549.168515
1.174038,79,549.320968
1.16041,112,549.554476
0.478013,79,549.710887
-0.294168,149,550.015279
0.985219,82,550.180313
0.417407,117,550.415292
1.424691,70,550.55689
2.733071,68,550.694571
1.239334,75,550.843601
2.764494,94,551.037207
3.082475,70,551.191673
0.535901,78,551.351066
4.249131,66,551.486531
0.813151,103,551.693812
3.343041,69,551.833536
-1.390583,139,552.112155
4.17152,84,552.282872
3.185293,68,552.41834
2.702186,66,552.554256
3.759818,70,552.694587
2.09784,69,552.847213
3.724154,72,552.996444
104.584301,60,553.116841
4.039356,76,553.271464
1.771459,82,564.495355
4.364985,70,564.632338
5.076296,66,564.759674
4.266369,70,564.89635
2.150506,76,565.046829
3.12364,70,565.199753
2.868733,72,565.343437
3.082291,66,565.476347
2.703514,76,565.624737
5.128711,63,565.750497
0.313656,83,565.914287
1.567792,71,566.057764
3.976162,67,566.191332
4.214836,70,566.330857
4.118,76,566.487861
0.830115,73,566.640412
2.612073,68,566.777105
0.907916,100,566.995371
0.291288,94,567.184468
0.086843,81,567.347222
1.113207,97,567.543517
1.524649,65,567.675514
102.263431,65,567.803829
1.038232,71,567.947963
0.360811,79,568.105697
4.090309,66,568.234503
104.551799,66,568.364868
3.411294,67,579.596407
5.652601,79,579.753639
4.052238,72,579.896416
4.765056,67,580.029863
4.360825,65,580.15925
1.869899,66,580.290583
1.012946,75,580.437617
3.281531,80,580.605939
1.197378,77,580.775408
1.413703,73,580.92174
3.292967,67,581.054638
4.807182,69,581.191709
0.65694,126,581.448329
-0.58838,140,581.731627
4.011922,71,581.875715
1.918036,81,582.039098
0.530556,110,582.256122
4.282855,76,582.407164
4.332889,66,582.53647
-0.341107,93,582.722229
1.525268,71,582.868704
-1.036674,93,583.059416
4.189666,74,583.210728
-0.339997,102,583.41823
0.875951,88,583.593442
3.789742,93,595.176288
-0.752055,130,595.442436
2.41225,64,595.585627
3.632763,68,595.722991
1.704939,107,595.942943
4.646299,70,596.082612
2.615678,76,596.241009
2.340871,72,596.38384
1.075514,81,596.543054
3.067353,86,596.719339
0.480921,78,596.872422
4.525074,68,597.009166
4.373205,68,597.142784
1.086955,110,597.387994
3.013544,75,597.538207
5.558788,75,597.685621
1.419748,77,597.846697
-1.553659,140,598.129753
100.681266,32,598.194341
3.240523,75,598.348471
1.957884,76,598.499317
0.564307,79,598.657867
2.50137,85,598.830634
1.982556,70,598.974981
3.439682,74,599.143185
100.419604,111,610.52586
101.439791,70,610.67454
3.159895,68,610.823998
0.094778,80,610.993275
4.552584,70,611.137371
1.848501,87,611.325746
4.760148,70,611.493949
0.581279,75,611.654453
3.528357,71,611.799786
3.069307,65,611.933087
0.740484,78,612.095704
2.874929,83,612.265281
0.637646,92,612.456513
0.646962,84,612.631141
4.211386,84,612.802836
1.814145,76,612.957056
2.384548,67,613.092856
0.726648,95,613.285859
2.199176,75,613.438483
3.760802,69,613.581029
2.145853,71,613.724516
3.782708,68,613.865346
1.138439,76,614.020374
1.580401,71,614.170037
3.378512,70,614.318516
-0.412859,84,614.490169
1.794687,102,614.696689
-0.106916,132,626.384681
1.54942,86,626.562434
2.103178,103,626.77754
2.483165,77,626.933233
1.662709,111,627.157444
2.677552,74,627.313294
1.517811,72,627.456859
3.845301,66,627.591832
4.702275,65,627.726621
2.763015,70,627.866433
102.489087,79,628.051213
3.096214,72,628.19779
3.126153,86,628.37466
3.387858,66,628.5173
0.050497,90,628.704844
-0.755984,99,628.906389
-0.496714,151,629.204093
1.077956,92,629.387684
-0.421139,101,629.586819
3.994861,76,629.734581
0.599153,118,629.998035
3.272813,75,630.15169
-0.468781,84,630.326153
4.18447,68,641.767553
4.399879,67,641.90215
1.297734,133,642.164404
4.505762,75,642.312736
3.971987,72,642.465268
0.942722,115,642.704619
4.458955,64,642.83184
3.011608,67,642.96405
2.871861,75,643.112817
0.550527,110,643.338966
0.48461,73,643.490476
4.997018,72,643.639096
2.903651,70,643.788547
3.515035,76,643.942067
4.172544,70,644.083062
1.160201,106,644.296671
3.217302,72,644.442237
3.371776,70,644.585467
3.942169,66,644.726739
4.173698,70,644.87254
5.29476,68,645.012705
4.475261,66,645.149458
2.15064,72,645.295666
1.167239,87,645.46428
3.06948,66,645.59575
2.257958,65,645.725587
2.532096,66,657.273472
0.481039,79,657.429052
100.872173,71,657.566898
2.006772,71,657.702108
4.644854,69,657.852578
0.469488,77,658.005269
4.194321,70,658.141605
1.953356,71,658.281
1.463895,134,658.545007
3.720636,70,658.684103
1.887764,75,658.834659
-0.257562,84,659.00263
3.176736,68,659.143086
0.932232,81,659.31588
2.758582,68,659.454536
4.127009,69,659.603056
3.985325,65,659.727042
2.462841,63,659.849122
3.700858,67,659.979028
0.765089,90,660.155029
1.142283,78,660.307884
2.479273,71,660.449439
0.535879,74,660.597766
-0.92457,95,660.787475
4.782203,66,660.916458
1.45344,83,661.081425
-0.531775,112,661.313114
4.695222,107,672.897831
0.954551,75,673.053175
0.00473,92,673.239623
1.550801,75,673.398107
2.44937,80,673.563204
4.545304,74,673.714391
1.342937,94,673.916385
5.939297,66,674.046131
-0.214139,103,674.251296
0.628323,95,674.437135
5.23058,69,674.571798
0.940099,72,674.717722
2.096934,71,674.863621
5.006694,68,674.997804
3.803171,70,675.138147
1.262457,86,675.314947
1.939716,83,675.476487
1.229707,79,675.630052
2.196642,70,675.769254
4.543357,65,675.896356
2.021766,69,676.031884
0.64133,98,676.216799
4.876311,70,676.348822
3.633584,68,676.480315
3.295855,75,676.626244
4.063174,67,676.755879
0.090321,1000,690.303638
0.314348,130,690.563004
1.142405,73,690.710566
1.566051,83,690.8735
4.362038,69,691.008731
-0.925663,102,691.218503
3.357384,81,691.386904
3.969514,68,691.531054
1.138311,89,691.705498
100.913867,79,691.865103
3.901535,72,692.019531
1.108916,84,692.188694
4.287628,65,692.314742
4.445775,73,704.117081
3.204439,74,704.275868
1.405781,92,704.46372
0.648598,72,704.611781
0.588382,80,704.78707
0.27253,78,704.967189
1.174651,88,705.169642
4.31746,70,705.322309
4.461411,86,705.507665
3.890581,75,705.671366
0.600408,80,705.842789
3.113185,103,706.051274
0.267032,80,706.216303
1.938008,72,706.362286
0.608195,105,706.58233
0.581027,112,706.804411
2.534191,89,706.979524
5.241716,72,707.124244
5.377829,78,707.285589
4.019012,68,707.425519
3.569812,64,707.554248
1.852726,72,707.695673
3.207456,69,707.838912
102.691862,65,707.964996
1.827979,70,708.104534
2.153628,71,708.244509
5.455968,71,719.903291
2.908381,66,720.046968
-1.029234,525,721.121413
100.62738,246,721.619555
0.572167,71,721.758987
1.956949,72,721.918133
-0.314148,83,722.080224
1.294987,68,722.212526
0.106454,137,722.484916
-1.233558,98,722.681703
-0.206254,85,722.850711
0.301045,77,723.003262
0.346257,126,723.259259
0.35979,321,723.909293
-0.05603,82,735.767888
2.816378,88,735.951398
3.03597,96,736.157364
4.793677,78,736.317946
4.123625,67,736.469327
3.335417,65,736.615953
4.176157,66,736.754258
3.056808,88,736.933288
0.162193,81,737.095295
-0.003147,86,737.260058
2.258954,91,737.44438
4.521441,73,737.592649
1.691173,65,737.720058
1.159326,90,737.907915
0.923787,94,738.103665
2.515992,92,738.309297
4.042949,70,738.454423
1.844895,88,738.632034
-0.736995,154,738.938096
2.764115,70,739.079117
3.173627,66,739.218194
2.090693,70,739.369072
3.280766,87,739.55016
-0.185285,84,739.727623
1.366731,75,739.875228
2.352446,80,752.04836
3.061591,74,752.196875
-0.643526,107,752.415078
1.913552,79,752.572809
4.416716,66,752.709364
-0.976869,371,753.462632
3.112078,66,753.596086
3.052926,85,753.761849
4.375382,75,753.910011
4.86096,73,754.055954
4.894073,70,754.192364
3.6648,73,754.333957
1.959119,73,754.479858
4.395601,74,754.63079
1.49708,75,754.785917
0.833281,85,754.960345
1.199945,92,755.145872
2.134801,72,755.291514
3.359198,65,755.421616
0.231204,89,755.597809
2.630971,81,755.762796
2.096439,70,755.915653
2.249578,66,756.051229
4.667619,77,767.658915
0.593483,75,767.806158
1.31271,89,767.983607
2.800192,71,768.14376
103.297019,59,768.262188
3.459226,74,768.407366
5.372665,1000,770.413972
2.368944,79,770.572718
3.116813,64,770.700975
0.947017,84,770.860514
0.805778,89,771.034834
1.465858,74,771.182186
2.47492,79,771.335203
0.555252,77,771.484353
3.601394,68,771.619126
0.598325,75,782.961892
2.034032,83,783.122449
4.723781,64,783.261271
0.455367,77,783.412254
2.049978,71,783.554976
4.007847,75,783.702219
3.443697,75,783.849662
0.648615,75,783.995939
4.447491,85,784.158329
0.144834,106,784.36392
1.977349,71,784.499145
2.640667,66,784.624424
3.364033,69,784.757043
2.864455,71,784.893391
0.487863,85,785.052435
3.902082,66,785.178163
1.676615,90,785.353406
3.262992,69,785.489034
1.57641,90,785.666014
1.207716,79,785.82058
2.638812,79,785.972005
3.84698,99,786.16532
1.420713,72,786.303432
-0.431744,125,786.544008
3.221969,64,786.663962
2.943853,301,798.380984
2.622443,70,798.519459
2.059357,83,798.683837
3.292812,73,798.826458
-0.819843,135,799.094278
2.555338,75,799.248393
1.458325,72,799.415953
2.176527,85,799.591596
4.38303,65,799.72842
2.33365,67,799.868026
2.270936,74,800.014893
3.696779,79,800.167905
1.847053,78,800.320453
2.670411,80,800.475902
2.198258,69,800.608407
4.794571,64,800.734333
3.745171,93,800.918448
2.86502,78,801.073228
3.493788,67,801.212873
4.961605,69,801.34921
2.569761,69,801.486487
4.041837,65,801.616186
3.188779,91,801.794689
0.961463,81,801.951277
2.798918,72,813.672264
3.312053,89,813.855712
4.20472,81,814.033989
1.101964,73,814.176895
1.489495,77,814.336566
1.376309,113,814.56711
4.791013,69,814.71681
1.722104,71,814.856169
3.877727,64,814.989877
2.4267,70,815.127098
2.37989,72,815.266866
4.272306,99,815.462578
4.260035,67,815.596399
-0.27865,116,815.843241
1.407339,76,815.991643
1.069921,73,816.13545
0.300651,84,816.302525
5.251911,72,816.443141
1.443018,78,816.594746
3.530793,71,816.732594
0.420796,1000,829.877395
0.305236,86,830.058257
4.115868,65,830.188447
1.157603,72,830.341257
3.68985,68,830.484764
2.020234,70,830.640873
1.010513,71,830.796032
4.716472,75,830.958228
101.343748,57,831.079862
0.197059,91,831.26804
2.975981,65,831.394411
2.656779,89,831.578891
3.261144,70,831.717601
0.959266,79,831.872574
3.278466,80,832.029194
2.108609,70,832.172827
2.432207,67,832.304118
4.09683,68,832.442495
1.659587,75,832.591328
3.566501,69,832.730346
106.16996,72,832.880224
3.646166,83,833.042251
3.147931,92,844.354563
0.606489,79,844.507402
4.96791,62,844.64285
102.194135,62,844.76408
4.127566,65,844.89316
4.043757,67,845.025826
0.346636,80,845.181906
1.411647,70,845.322277
5.288328,70,845.462979
1.162686,80,845.616937
-0.726086,139,845.885215
-0.14336,86,846.049942
0.655884,73,846.19731
102.697472,59,846.315255
2.557704,68,846.447516
4.126689,72,846.602459
2.62569,70,846.739303
101.328666,64,846.865913
1.04711,76,847.017972
1.426809,83,847.180001
1.673301,72,847.324457
100.9524,57,847.443497
1.720128,70,847.582681
1.263166,115,847.815925
3.248213,73,847.965609
0.964382,94,848.153624
-0.137901,92,859.710969
4.070869,75,859.85679
1.220657,74,860.00285
1.280341,78,860.165422
1.490244,77,860.324322
101.517313,54,860.439425
5.068554,88,860.622376
2.261107,77,860.787435
3.414353,85,860.965333
4.639128,84,861.13664
2.492991,78,861.288486
3.790686,68,861.421213
2.453678,68,861.559509
0.395538,83,861.726034
0.898778,93,861.908617
1.490002,80,862.069323
1.415549,71,862.214735
3.474775,63,862.342972
4.441118,66,862.47563
101.441252,72,862.620586
1.382837,122,862.872854
4.620835,74,863.018126
1.535146,71,863.162187
2.642503,68,863.299522
0.729036,74,863.450286
0.238026,81,863.614137
5.702135,70,863.755896
1.130066,75,875.464209
3.774375,78,875.613226
101.246467,87,875.788578
1.06391,104,876.007894
0.327191,118,876.241329
-0.363772,78,876.393667
1.326245,72,876.533746
100.784437,58,876.646914
3.623014,79,876.801504
103.839012,75,876.946824
2.208833,70,877.083209
1.49971,69,877.216484
0.658852,1000,879.169702
2.343896,70,879.308418
3.989031,71,890.986223
1.79534,74,891.131049
3.005213,72,891.273165
2.954501,77,891.425324
2.584745,65,891.555931
-0.365752,141,891.834826
-1.496814,285,892.402747
2.386811,70,892.537871
4.435508,73,892.689
2.682835,67,892.846012
1.663453,76,893.017693
4.896511,79,893.193985
2.98505,69,893.34623
101.832201,73,893.507731
5.165036,78,893.669298
0.51083,84,893.829672
0.081853,85,894.001978
101.403249,80,894.163868
0.29297,94,894.356174
4.293352,72,894.501475
100.846399,181,894.870599
3.450644,66,895.003345
0.581675,73,906.331106
4.670581,74,906.47433
2.162527,71,906.610801
0.157161,80,906.76687
4.054168,64,906.889392
5.029607,65,907.011406
0.601931,74,907.155755
2.947108,65,907.33473
3.865813,69,907.472544
3.982179,112,907.691184
2.579026,66,907.820432
5.337988,62,907.949005
2.48654,67,908.078237
2.692482,75,908.224149
-0.108927,88,908.396884
1.696061,73,908.551346
2.870252,69,908.69203
101.351707,73,908.840016
0.933149,117,909.099492
2.776918,67,909.232026
2.991607,68,909.363636
4.152536,70,909.507343
2.487997,69,909.646247
0.353156,100,909.853327
102.544824,69,909.990015
1.901745,78,910.147522
1.781871,90,910.330722
0.862543,100,922.022424
1.39157,96,922.21359
4.500267,104,922.419345
2.901664,70,922.562256
3.619216,67,922.697838
2.615979,72,922.843179
0.220146,80,923.007966
4.067368,71,923.160268
4.856996,74,923.309657
1.153031,71,923.449956
3.562815,85,923.631902
6.127228,70,923.771258
0.977841,93,923.953017
3.713677,84,924.121968
3.949306,68,924.258349
3.339797,74,924.403713
0.98368,70,924.539513
0.783105,80,924.713927
0.285519,84,924.889203
1.240741,79,925.045806
0.234984,127,925.298453
106.232438,74,925.443566
3.685401,65,925.573389
2.431204,68,925.716765
2.482528,97,925.909377
4.187971,66,926.039057
100.622465,47,937.447726
3.524879,73,937.606566
4.577755,63,937.731623
0.133794,89,937.907182
3.898419,63,938.033219
5.082101,62,938.154875
0.550527,1000,940.206681
3.855537,80,940.364568
2.574119,68,940.506675
2.389821,73,940.659785
0.536215,88,940.834832
1.569661,74,940.981639
101.069164,98,941.182315
3.181034,88,941.365486
3.26277,102,941.5785
0.473402,81,953.206138
1.575862,70,953.344703
3.632315,64,953.471035
0.203872,98,953.668098
6.030965,64,953.798052
5.24789,64,953.92225
1.463258,69,954.072514
4.440701,75,954.227228
4.685422,63,954.354341
2.197875,81,954.513569
1.243218,78,954.668878
5.059324,73,954.813623
-0.698091,109,955.033078
4.325775,69,955.172917
1.912773,91,955.352103
3.890539,72,955.493074
3.867215,70,955.633624
2.17402,78,955.7981
4.700545,63,955.926117
0.94226,89,956.102169
1.004853,79,956.270597
105.715591,68,956.479697
4.540716,65,956.612908
4.790795,74,956.763877
3.570651,76,956.912997
1.925118,69,957.050832
0.002928,109,968.951618
1.420974,74,969.103987
3.601439,78,969.264685
2.966037,68,969.397957
2.528148,70,969.538956
0.793549,71,969.678556
1.360616,106,969.892065
1.087141,78,970.064264
2.934678,72,970.213787
2.74723,73,970.359448
1.306905,85,970.533394
-0.167949,75,970.697948
1.970919,83,970.873523
5.273524,69,971.005976
4.048458,64,971.158381
2.754623,70,971.299257
1.075413,87,971.483883
2.44144,74,971.652268
4.275004,80,971.828628
3.039029,67,971.960748
0.515375,121,972.19869
0.568777,99,972.407688
-0.55754,89,972.62263
4.547212,66,972.772483
0.774946,82,972.948647
1.337466,90,973.133475
3.575817,75,984.956572
102.193778,80,985.137716
3.110384,68,985.286649
-0.393742,96,985.490925
2.827915,72,985.648175
2.667583,72,985.800457
3.791561,87,985.979133
2.843212,75,986.122769
0.657341,78,986.280968
4.749603,75,986.430019
4.916017,70,986.571784
2.478972,70,986.713226
3.987113,73,986.858429
4.182406,83,987.027674
2.932703,65,987.166857
0.898255,86,987.350528
1.776633,79,987.510437
2.060054,66,987.649166
3.611049,74,987.802881
1.856233,92,987.996055
2.402375,75,988.158361
2.319958,73,988.30696
2.041333,87,988.484553
2.024979,66,988.617702
4.113758,72,988.761536
3.481967,63,988.883143
4.581458,63,989.005668
4.600152,67,1000.762054
4.358746,77,1000.914099
1.226864,104,1001.115586
1.756447,68,1001.251432
101.420239,112,1001.473413
3.799976,95,1001.658022
3.639931,65,1001.793033
4.906341,69,1001.930871
3.038537,74,1002.074732
1.248217,77,1002.246765
3.657521,69,1002.389846
4.165322,69,1002.536594
1.133711,76,1002.698911
0.342134,85,1002.874732
4.896469,63,1003.004111
1.156141,85,1003.177808
2.540595,89,1003.35746
1.770389,92,1003.544171
0.0296,218,1003.992343
1.353736,81,1004.153241
3.665175,90,1004.327107
103.569482,63,1004.458452
1.407534,81,1004.623818
3.101698,65,1004.754016
4.237874,72,1016.16269
1.061984,94,1016.349861
-0.031078,97,1016.539818
3.867571,70,1016.675967
101.33308,86,1016.844233
101.506494,103,1017.045227
3.827429,71,1017.188834
3.016809,78,1017.346298
0.282517,1000,1019.356205
100.967396,113,1019.585121
5.143233,62,1019.709539
0.278327,80,1019.872274
1.626868,86,1020.050866
-0.100226,82,1020.215935
3.360089,72,1031.958918
2.141806,68,1032.09448
2.873244,71,1032.237404
3.859455,64,1032.366404
101.536829,54,1032.475075
0.616043,95,1032.666746
-0.857141,113,1032.905348
4.363421,66,1033.048574
3.293646,65,1033.174583
2.079662,72,1033.321154
2.902306,66,1033.448237
3.624961,78,1033.601398
101.271497,62,1033.722281
4.481914,69,1033.863045
1.144073,104,1034.07719
1.362881,74,1034.237678
3.944429,65,1034.374518
0.861442,84,1034.544482
3.188584,67,1034.685474
5.128964,73,1034.840124
3.968033,82,1035.021079
103.041984,56,1035.136681
-0.33661,112,1035.367185
0.867147,116,1035.610789
1.147719,82,1035.778059
0.404,120,1036.014072
2.556197,68,1047.388828
101.965183,72,1047.53128
1.223837,70,1047.673875
4.415996,65,1047.809292
4.047054,90,1047.986638
1.695855,72,1048.143549
-0.566176,95,1048.331536
4.521467,71,1048.476388
1.588699,96,1048.66931
102.768441,52,1048.774003
1.759798,72,1048.926991
4.754594,86,1049.102926
4.710923,69,1049.242863
4.648419,66,1049.376223
1.503393,73,1049.526312
1.66978,70,1049.669586
4.879594,75,1049.820268
0.209707,111,1050.043706
1.169936,76,1050.193658
2.937283,72,1050.338853
4.411625,80,1050.49584
1.701909,72,1050.64098
3.133623,73,1050.786708
5.286169,70,1050.942233
105.010042,72,1051.082039
0.104768,1000,1064.366193
4.106445,70,1064.503531
2.334564,68,1064.645216
0.072213,150,1064.958826
5.784919,67,1065.099367
101.143145,89,1065.278849
0.139431,1000,1078.589197
101.13864,95,1078.793129
1.319232,73,1078.942231
1.115228,100,1079.145903
3.329041,86,1079.320121
5.351167,66,1079.451996
1.186017,70,1079.59813
1.990829,79,1079.756426
4.299943,95,1079.95612
1.454879,82,1080.127433
4.106467,65,1080.25594
101.483376,68,1080.392303
1.50576,71,1080.549807
0.578598,134,1080.815781
4.93223,74,1080.965303
-0.307087,96,1081.158369
2.709075,68,1081.29648
101.627407,59,1081.416272
3.910339,65,1081.547355
3.38222,65,1081.675132
1.926214,71,1081.815908
0.947806,75,1081.965911
2.272362,67,1082.101368
5.174616,67,1082.235857
2.400295,72,1093.814441
4.387472,69,1093.955523
4.074727,65,1094.08795
3.037553,72,1094.232891
2.677544,66,1094.365632
1.024943,71,1094.509599
2.312723,72,1094.664795
0.111066,108,1094.90018
1.940715,76,1095.056662
4.245031,89,1095.238443
2.154567,79,1095.39709
3.60495,65,1095.527194
2.216053,77,1095.68366
2.835835,77,1095.840455
2.005086,74,1095.990726
101.203429,112,1096.212887
2.386295,79,1096.381818
1.129812,88,1096.561382
1.019731,76,1096.712477
5.313456,73,1096.862243
2.608752,63,1096.987906
0.037165,249,1097.471747
0.783743,73,1097.616337
2.149305,71,1097.755161
-0.114362,83,1109.167372
2.659558,69,1109.303456
1.005944,73,1109.445716
-1.348324,97,1109.63775
3.04896,86,1109.804651
101.274657,55,1109.9143
101.349237,84,1110.080872
100.530356,72,1110.227686
-0.43236,82,1110.39368
0.641295,189,1110.775089
0.082474,137,1111.050936
4.581301,65,1111.176499
-0.007323,1000,1113.160555
102.548598,69,1124.886718
1.328096,72,1125.031504
1.204704,71,1125.175754
2.976772,87,1125.355155
102.765599,86,1125.531671
4.57697,117,1125.774653
3.53547,92,1125.972385
1.188264,84,1126.134329
3.188792,66,1126.262055
4.868807,74,1126.448729
3.145245,72,1126.64186
100.714336,73,1126.802958
0.346988,86,1126.966077
4.884617,81,1127.120137
-0.636676,102,1127.319328
2.167191,72,1127.459021
101.173287,67,1127.588048
100.152328,71,1127.72637
2.954225,79,1127.884269
4.142281,76,1128.031554
102.480672,67,1128.175687
1.918743,72,1128.316574
2.576008,72,1128.460256
2.770895,69,1128.596613
2.856769,69,1128.732164
3.336381,64,1128.859395
4.416195,90,1140.540267
3.576961,66,1140.68908
2.480225,72,1140.832361
0.579363,85,1141.001027
101.240911,87,1141.176812
2.017745,73,1141.324319
2.487528,71,1141.469953
4.214735,64,1141.603323
102.566818,66,1141.738885
4.804066,64,1141.866579
2.76109,70,1142.00279
0.916939,76,1142.153952
4.461392,63,1142.277861
-0.040757,102,1142.482838
1.627055,72,1142.6256
5.297138,67,1142.760312
5.511769,67,1142.892768
2.683665,74,1143.038029
1.087854,72,1143.17666
3.951206,84,1143.341915
1.775038,72,1143.484894
4.156379,71,1143.624654
4.206588,68,1143.763714
0.184609,93,1143.945791
2.086581,70,1144.088369
100.690673,72,1144.242418
2.55266,65,1144.373043
105.491567,70,1144.510485
3.993454,66,1156.197872
0.327639,75,1156.347712
0.981582,92,1156.524498
6.295245,70,1156.661626
2.562973,72,1156.801579
0.885388,77,1156.950929
0.630803,95,1157.136664
5.042407,64,1157.263535
1.389711,71,1157.398133
1.575595,69,1157.530811
4.273297,67,1157.660949
5.651826,73,1157.824519
4.849249,70,1157.98129
3.473328,68,1158.135657
1.509516,77,1158.304821
101.661875,63,1158.432018
4.106844,66,1158.576329
0.124347,77,1158.740098
100.827366,356,1159.493608
4.561137,73,1159.652547
1.441445,82,1159.827682
3.778385,73,1159.972688
4.147889,64,1160.104085
3.632589,67,1160.239434
0.770729,70,1160.38799
2.289542,69,1172.184417
100.582965,69,1172.325086
3.636055,68,1172.468489
4.622676,90,1172.652669
-0.550394,99,1172.861667
3.008841,65,1173.001248
0.811443,82,1173.176233
3.582865,75,1173.341808
4.475679,67,1173.484557
0.034873,112,1173.724672
3.545495,70,1173.87242
4.590177,68,1174.020006
0.332908,105,1174.238528
5.221967,68,1174.378472
2.529221,67,1174.519284
-0.313396,89,1174.707414
1.81477,90,1174.910474
4.089637,69,1175.067932
0.421484,76,1175.22405
1.154312,76,1175.385902
3.155365,81,1175.553314
105.432392,68,1175.699508
2.360504,72,1175.84586
1.602914,72,1175.983608
5.170144,66,1176.117072
2.11133,73,1176.265778
1.247837,100,1188.070713
100.944573,94,1188.258863
101.407887,54,1188.363608
-0.425668,95,1188.54824
4.532033,63,1188.674534
4.771019,63,1188.804906
101.806243,66,1188.935382
4.522075,71,1189.086842
0.892714,97,1189.279803
3.552587,69,1189.414536
4.347793,103,1189.63844
4.293106,70,1189.779046
4.420375,72,1189.929499
0.855989,79,1190.085175
3.938773,73,1190.234326
2.843331,72,1190.377363
4.152812,64,1190.500353
2.117646,77,1190.651653
2.602627,63,1190.773458
3.895494,69,1190.913534
2.876672,70,1191.069767
1.727282,77,1191.229305
1.176862,80,1191.39067
2.171005,71,1191.536378
4.747012,75,1191.687588
2.644088,70,1191.832818
5.70261,67,1191.96777
3.36946,77,1203.628375
5.150183,68,1203.764935
4.940404,72,1203.90583
0.656359,102,1204.110755
4.44136,75,1204.256429
3.818244,64,1204.384784
3.29028,68,1204.520802
-0.469227,101,1204.721549
3.438958,71,1204.860067
-0.135116,80,1205.02011
4.327419,74,1205.182003
0.742081,93,1205.374509
5.169428,90,1205.559036
-0.416091,98,1205.760542
0.395345,1000,1219.418178
2.31174,74,1219.561131
1.056715,132,1219.818336
2.457686,70,1219.959864
1.886031,70,1220.100059
5.282905,69,1220.23327
3.270807,79,1220.389446
1.296869,87,1220.563942
2.71125,86,1220.757877
0.833489,83,1220.939868
1.366026,90,1221.131196
1.306938,102,1221.34304
3.842297,71,1221.493624
3.955264,101,1221.704303
4.421243,69,1221.844525
5.19699,63,1221.9672
-0.316162,1000,1235.3583
2.57404,72,1235.505367
4.218349,86,1235.674677
101.733532,80,1235.833187
0.894716,76,1235.988031
4.996732,64,1236.115791
3.200409,66,1236.250265
0.01023,100,1236.469889
3.110385,78,1236.630832
2.562589,67,1236.764132
1.976041,96,1236.963262
1.500468,75,1237.117631
1.394324,77,1237.273347
5.586673,63,1237.401123
4.522053,64,1237.531096
1.368942,69,1237.67169
1.258952,91,1237.864875
4.426997,69,1238.001526
1.135178,78,1238.154393
1.825572,70,1238.292588
-1.846741,112,1238.517915
3.816704,75,1238.66427
102.374437,69,1238.809013
3.575062,67,1238.942233
4.186938,64,1239.069893
1.111153,93,1250.676151
1.162569,107,1250.888868
0.684095,98,1251.083463
101.086581,64,1251.21646
0.115259,74,1251.365484
3.739682,61,1251.488673
2.621615,67,1251.625288
2.48397,71,1251.766141
1.34433,80,1251.924998
100.950222,64,1252.050885
4.718323,63,1252.17273
1.109252,70,1252.311278
1.37488,76,1252.465012
3.929356,65,1252.606128
0.435406,78,1252.760698
3.914309,72,1252.901532
0.770929,82,1253.062224
3.633615,64,1253.189631
4.581038,72,1253.330694
104.250485,65,1253.455232
104.272618,64,1253.581623
4.37014,68,1253.717577
0.086312,94,1253.905185
1.039254,77,1254.057993
3.243744,65,1254.182692
2.715261,72,1254.328685
2.366697,76,1254.480677
2.931146,84,1265.969698
4.941148,68,1266.106802
4.805591,64,1266.236347
5.593797,68,1266.370801
102.513255,68,1266.506708
4.604505,75,1266.655511
4.343601,65,1266.784841
3.681817,71,1266.945241
2.742561,80,1267.106431
2.227564,70,1267.246435
3.616839,74,1267.395589
0.448757,1000,1269.414714
0.706627,93,1269.596323
5.013491,76,1269.746043
1.450697,83,1269.907305
1.729805,78,1281.474247
0.874259,96,1281.674619
101.209583,53,1281.789784
3.732236,76,1281.943588
3.609082,66,1282.097255
2.912551,83,1282.264957
100.971436,42,1282.349233
3.422151,62,1282.471841
4.48211,67,1282.605265
3.028718,64,1282.736292
2.125794,89,1282.916201
2.883925,72,1283.063808
3.631086,64,1283.194559
4.932965,76,1283.360459
3.429587,70,1283.50164
102.981589,60,1283.622618
4.589948,91,1283.803406
1.398953,77,1283.96014
104.082949,70,1284.101453
3.535153,71,1284.244621
2.601025,83,1284.41022
1.019872,101,1284.612355
1.066265,76,1284.765855
-0.22979,99,1284.961036
1.98201,82,1285.126461
3.711448,64,1285.25636
4.935319,66,1285.404153
3.552547,71,1285.546778
4.132009,71,1296.840693
101.11148,66,1296.967568
-0.493544,116,1297.218316
2.370222,80,1297.372103
0.004852,93,1297.556013
100.736831,82,1297.713885
2.532519,73,1297.85874
2.040899,65,1297.992411
3.301872,83,1298.158827
4.081946,104,1298.365906
0.736083,73,1298.517181
-0.06129,87,1298.692095
3.246818,67,1298.828085
3.745822,64,1298.967756
0.769656,217,1299.395498
2.416251,81,1299.561182
2.758262,66,1299.693561
3.952695,65,1299.826818
2.788331,63,1299.951217
5.225792,65,1300.083484
4.59347,67,1300.217326
3.444255,66,1300.347912
3.401816,64,1300.48633
3.886292,64,1300.623022
3.249829,69,1300.760241
2.377976,66,1300.891266
2.379053,69,1312.460622
100.448206,54,1312.570419
-0.395993,113,1312.796281
0.923414,71,1312.942095
3.891792,72,1313.089472
3.641739,65,1313.219955
3.652448,73,1313.367092
5.272682,66,1313.501922
4.432,84,1313.664699
2.465146,83,1313.827262
100.462001,31,1313.889495
1.647495,74,1314.037314
100.381296,37,1314.113563
4.58963,65,1314.246228
102.066222,52,1314.352269
3.50504,70,1314.492387
2.406613,68,1314.625813
4.51738,72,1314.774202
-0.214793,98,1314.973063
103.126865,59,1315.092291
100.306455,26,1315.144684
1.556634,76,1315.299301
1.297962,74,1315.451835
5.30124,68,1315.594172
3.709293,69,1315.73649
5.152416,67,1315.873252
3.630449,65,1316.008448
5.245589,66,1316.136785
101.619373,88,1316.313026
3.412538,77,1316.466873
3.251403,65,1328.011595
3.63542,65,1328.142001
-0.645261,127,1328.392519
-1.037866,95,1328.579275
4.75971,66,1328.723357
1.396809,90,1328.903088
4.043629,70,1329.045812
3.094472,88,1329.221978
101.729414,55,1329.332031
2.237529,83,1329.497633
0.742435,76,1329.646148
3.097956,67,1329.775419
1.431087,74,1329.92015
2.926955,85,1330.088011
4.240924,63,1330.208258
1.866071,78,1330.36574
1.646184,70,1330.499371
3.184179,64,1330.628138
0.616905,90,1330.806439
101.334348,68,1330.939626
3.926889,66,1331.072582
4.147688,74,1331.219851
0.503905,75,1331.369463
5.534598,64,1331.502319
101.924325,85,1331.676159
3.85071,86,1331.851405
101.005572,93,1343.331567
-0.116578,81,1343.496136
2.173252,73,1343.641029
0.638445,83,1343.806534
101.896409,73,1343.951812
1.19632,74,1344.102749
2.97612,89,1344.278615
4.345357,78,1344.437819
5.580189,65,1344.567907
1.177915,70,1344.721142
4.894308,73,1344.867614
100.949196,64,1344.999982
4.183544,68,1345.137036
102.417377,50,1345.239474
2.530261,67,1345.376829
3.880756,92,1345.560022
100.882389,42,1345.646597
3.98782,87,1345.820692
2.342432,66,1345.971434
2.47976,86,1346.14098
2.799344,64,1346.266516
3.225722,64,1346.391171
1.41539,78,1346.549094
5.181006,63,1346.670176
3.54645,69,1346.803903
1.04346,78,1346.957181
0.468924,1000,1360.131795
101.564893,70,1360.277989
102.867843,54,1360.402865
4.430481,77,1360.567065
2.880437,69,1360.708316
3.081263,65,1360.840231
3.08603,89,1361.023867
3.631437,73,1361.174818
3.467287,65,1361.310251
-0.801753,123,1361.563483
3.073886,81,1361.74314
101.881604,65,1361.880612
4.676962,67,1362.012849
101.603978,72,1362.156687
5.107058,80,1362.314438
0.960358,78,1362.464559
4.843106,66,1362.595085
104.029398,59,1362.711696
3.265127,67,1374.187613
2.737852,64,1374.3122
3.599304,65,1374.438675
1.267399,81,1374.596517
0.554451,77,1374.747993
3.272015,87,1374.922916
2.374424,64,1375.04617
3.810363,62,1375.172002
3.153943,81,1375.329537
4.294272,70,1375.466466
0.29968,83,1375.630668
1.688288,102,1375.841698
102.701704,74,1375.985036
2.127517,68,1376.11729
2.446788,82,1376.298764
3.847484,87,1376.473548
0.060771,73,1376.625256
1.857731,68,1376.768582
101.394272,41,1376.853536
0.770934,76,1377.022737
101.800905,74,1377.173747
101.460522,75,1377.324147
-0.2956,93,1377.508508
101.497697,84,1377.672932
4.956165,68,1377.808712
3.485743,81,1377.974379
101.188957,82,1378.141112
4.31888,76,1389.770436
2.27697,85,1389.934548
2.561608,68,1390.070637
1.838442,75,1390.217597
-0.486566,113,1390.43643
0.819171,78,1390.593177
101.014459,81,1390.754131
1.360481,87,1390.927936
2.840978,70,1391.07246
2.107616,81,1391.230935
0.97338,117,1391.461396
3.984022,71,1391.60218
1.330544,71,1391.736718
-0.102729,99,1391.932372
100.99788,58,1392.046661
100.917632,52,1392.150707
3.539275,70,1392.292212
1.909088,69,1392.442505
-0.178924,133,1392.714687
1.24011,70,1392.858035
3.512022,73,1393.001634
0.829148,85,1393.171012
1.563151,77,1393.325353
4.510272,63,1393.448855
4.340407,69,1393.584459
101.710268,86,1393.758281
3.099099,72,1405.242043
-0.299856,94,1405.436068
2.055034,83,1405.603203
2.473403,69,1405.745649
1.454576,79,1405.906674
3.880135,65,1406.042201
3.460008,63,1406.173987
1.740837,74,1406.341723
3.270023,68,1406.486649
5.815302,66,1406.621907
3.105139,80,1406.789349
0.527621,81,1406.945998
5.668859,66,1407.07209
101.536738,72,1407.210228
3.178008,72,1407.353556
103.197234,63,1407.474655
101.823899,69,1407.614168
101.100893,39,1407.690413
2.148551,69,1407.823479
102.148453,52,1407.926037
0.806945,68,1408.070772
3.430527,61,1408.187663
1.871876,72,1408.328184
1.486486,73,1408.46818
103.179667,70,1408.604333
3.975373,68,1408.739497
3.903534,65,1408.864357
1.653265,88,1409.041127
2.153714,69,1409.190052
2.077892,79,1420.907356
101.157187,66,1421.036186
2.737069,68,1421.169401
1.172147,70,1421.307358
5.338315,83,1421.486497
0.735089,70,1421.624149
2.629234,63,1421.748283
3.842096,73,1421.899871
3.288329,80,1422.055593
1.300721,82,1422.220121
100.729553,38,1422.29321
3.451391,74,1422.442017
5.339933,68,1422.57938
-0.252047,94,1422.771667
4.416002,67,1422.908344
3.050468,65,1423.036582
-0.825347,92,1423.240247
1.41831,92,1423.422154
-0.879401,129,1423.688245
3.979546,68,1423.821846
3.518702,67,1423.954829
5.747268,64,1424.078547
5.429141,70,1424.231556
4.370978,84,1424.400699
0.250441,90,1424.579608
2.032246,70,1424.715941
2.468156,84,1424.88159
2.873834,69,1436.370186
102.60644,83,1436.546564
3.118408,65,1436.682296
4.55746,63,1436.810524
101.849275,73,1436.959484
4.296373,66,1437.095623
-0.892938,118,1437.327538
2.432619,71,1437.470303
2.439011,70,1437.607393
4.219027,66,1437.740586
101.46775,82,1437.901473
100.983966,87,1438.072016
3.988581,67,1438.202188
3.241882,73,1438.344727
3.564854,69,1438.477327
4.101759,63,1438.597076
4.751954,67,1438.725839
100.845531,80,1438.873522
1.460521,77,1439.018427
1.86599,82,1439.178166
4.446153,66,1439.30666
2.551837,70,1439.441141
100.887425,102,1439.631919
3.712659,64,1439.75494
3.959113,79,1439.906815
102.191368,80,1440.059311
103.088902,59,1440.172853
100.998552,71,1451.815832
5.25254,81,1451.977054
1.840594,68,1452.113296
5.933819,69,1452.25605
3.075152,65,1452.385923
3.896196,69,1452.521061
0.774334,84,1452.684383
3.140819,71,1452.836396
101.549386,75,1452.979937
4.861471,66,1453.112206
1.518644,73,1453.254867
4.368831,73,1453.400791
2.380601,79,1453.573397
2.877176,67,1453.712767
100.984705,67,1453.849706
0.504501,100,1454.054712
1.207387,73,1454.205637
5.279433,60,1454.329018
2.708334,66,1454.463237
102.504927,79,1454.624563
3.831145,75,1454.775387
0.75427,75,1454.939966
4.09431,73,1455.081892
1.252804,84,1455.244281
1.068813,87,1455.41471
1.899998,68,1455.553275
2.609436,83,1455.710909
0.311814,237,1467.490675
3.945435,87,1467.657992
2.8983,71,1467.795994
102.104883,51,1467.89974
3.188861,61,1468.0199
1.945523,79,1468.17994
2.465588,70,1468.320494
2.545226,69,1468.461609
4.31535,85,1468.636963
0.908362,77,1468.792812
4.365493,65,1468.923698
3.842143,73,1469.072345
2.535255,74,1469.223163
4.415421,67,1469.359553
101.068246,76,1469.515301
101.71626,59,1469.635871
101.06518,91,1469.819478
2.49395,65,1469.952898
1.719478,82,1470.117075
2.854665,75,1470.269802
4.562649,69,1470.411268
4.378315,85,1470.584786
1.793048,67,1470.723289
4.432878,64,1470.852811
3.248818,66,1470.981697
1.388331,83,1471.14031
101.057609,64,1471.261467
1.592738,94,1482.998981
4.15421,65,1483.13599
5.198693,63,1483.267081
3.111692,77,1483.418372
0.501979,71,1483.559109
100.929422,76,1483.713341
1.179095,74,1483.861271
2.641688,69,1484.007956
-0.117574,87,1484.183524
3.135735,67,1484.316983
0.450545,105,1484.520806
1.616035,76,1484.668466
1.91988,79,1484.845972
0.78073,77,1484.992481
3.777197,70,1485.129471
2.927106,65,1485.259093
100.941225,107,1485.476634
0.849753,97,1485.682998
1.521761,70,1485.839514
1.162028,98,1486.052311
3.521431,70,1486.200476
104.103718,58,1486.326997
101.18978,94,1486.521437
102.847206,79,1486.684722
101.339584,69,1486.835493
1.011588,91,1487.042322
1.49391,75,1498.742
4.230112,63,1498.868713
5.460909,62,1498.994162
3.088041,75,1499.144687
0.958852,116,1499.386723
5.166871,86,1499.565806
-1.673987,120,1499.809865
4.844632,84,1499.982335
3.278902,77,1500.137058
1.458308,70,1500.279619
1.898066,83,1500.467019
2.129838,72,1500.61757
3.665971,65,1500.754255
101.655354,55,1500.866281
1.055804,76,1501.019321
3.350969,73,1501.168847
0.343398,77,1501.328604
3.868944,73,1501.479766
0.861574,92,1501.667499
1.413248,66,1501.80247
3.965404,63,1501.935179
3.754711,83,1502.116064
100.525028,76,1502.270421
3.683701,99,1502.477178
0.968332,77,1502.635577
0.459652,73,1502.784346
2.499221,68,1514.337811
100.699814,42,1514.424655
105.785321,68,1514.576473
4.995301,62,1514.698964
4.157291,63,1514.824383
2.205003,69,1514.960578
0.514315,103,1515.163333
4.898457,67,1515.296314
2.14884,69,1515.436428
4.285638,63,1515.560437
3.179845,71,1515.702258
3.309864,86,1515.86695
3.046693,91,1516.045348
3.842916,87,1516.219277
2.506254,79,1516.371014
4.988617,63,1516.498437
4.367784,65,1516.624679
3.758485,68,1516.757325
1.963901,65,1516.887441
0.756714,87,1517.062561
3.91729,66,1517.201028
1.163338,83,1517.376976
3.973389,68,1517.523765
1.031064,90,1517.711723
1.788516,73,1517.861931
1.794728,70,1518.004391
2.245221,78,1518.156595
3.366211,73,1518.301473
1.666355,81,1530.046992
4.253843,66,1530.182597
100.855773,81,1530.344236
1.846531,70,1530.486472
2.181306,72,1530.635514
-0.008347,91,1530.820914
2.274201,73,1530.974018
3.45476,69,1531.119713
1.906852,76,1531.284549
2.260854,74,1531.432139
101.86685,77,1531.607018
1.018985,79,1531.773746
1.722066,73,1531.928519
101.498508,76,1532.090335
2.368892,88,1532.268487
0.092077,75,1532.422597
1.929581,82,1532.588641
2.18039,65,1532.729001
100.861668,46,1532.829722
5.121454,72,1532.998678
101.575905,52,1533.104978
1.489696,93,1533.294426
3.917214,66,1533.43144
102.529272,55,1533.548278
5.321945,64,1533.681405
2.356573,74,1533.843099
3.793667,64,1533.977313
101.008702,51,1534.080308
2.769612,83,1534.255224
1.464463,82,1546.058417
-0.657067,114,1546.315139
1.064185,80,1546.488801
4.541613,64,1546.626792
-0.23526,86,1546.80743
1.290683,82,1546.97688
2.497722,76,1547.135112
2.435513,78,1547.302074
4.363377,64,1547.452416
2.900712,65,1547.590224
1.077437,76,1547.747633
0.856575,82,1547.915871
-0.261281,164,1548.257035
1.418676,79,1548.417286
0.119154,88,1548.599931
2.281354,72,1548.74709
3.285544,69,1548.890922
0.615302,80,1549.069618
1.886166,75,1549.224421
5.049705,62,1549.351454
0.046012,1000,1563.033475
1.12388,69,1563.177526
0.473854,74,1563.339058
6.053802,80,1563.505126
0.871784,76,1563.662296
-0.168462,161,1563.992829
0.722208,70,1564.13993
1.86785,84,1564.314277
2.913065,63,1564.445676
4.722537,64,1564.586917
3.916166,71,1564.743399
2.410868,74,1564.897472
4.868887,63,1565.03325
1.545966,87,1565.21028
-0.508371,92,1565.394677
2.868455,83,1565.560701
1.197124,121,1565.811318
3.831698,64,1565.941352
1.260663,125,1577.799589
1.681409,70,1577.938287
0.765442,68,1578.07834
100.67812,118,1578.322608
3.185722,67,1578.457893
2.93599,68,1578.59696
3.293679,77,1578.750759
-0.308804,102,1578.978981
2.663765,178,1579.37731
4.988695,65,1579.519047
1.098667,72,1579.683676
3.339154,74,1579.83636
4.699404,64,1579.968162
0.702072,166,1580.317677
101.472768,66,1580.458518
102.312825,68,1580.614916
1.619411,67,1580.747264
4.529448,63,1580.870213
1.794465,83,1581.039005
0.514889,77,1581.193553
0.465966,81,1581.354409
2.084223,69,1581.490128
101.180285,106,1581.696576
4.230158,66,1581.824176
4.731553,84,1593.699317
-0.688079,87,1593.885596
4.326604,77,1594.04181
3.223725,76,1594.193027
100.772636,76,1594.347522
4.626827,64,1594.482486
0.787224,1000,1596.505965
-0.320162,98,1596.7018
3.263372,80,1596.863051
4.20295,154,1597.17294
2.380941,83,1597.340548
3.079899,78,1597.514451
101.919231,63,1597.641406
5.22748,71,1597.778415
102.237792,58,1609.08912
5.134793,64,1609.214639
5.363512,62,1609.336461
4.428788,85,1609.496848
4.983845,72,1609.635514
4.724771,64,1609.777451
103.387174,58,1609.89055
3.588022,95,1610.073895
-0.376678,83,1610.239044
-0.899138,95,1610.426697
4.425211,68,1610.561387
4.737554,74,1610.706327
3.512558,79,1610.857928
1.970512,69,1610.995977
1.980696,66,1611.121178
100.459953,98,1611.319958
1.144472,80,1611.489839
2.027315,69,1611.625035
100.877776,70,1611.765308
0.419421,146,1612.053988
101.594921,63,1612.179558
-1.095709,102,1612.385935
3.210101,67,1612.516577
1.388946,86,1612.688231
0.103853,195,1613.075234
4.010015,62,1624.766771
3.614939,64,1624.897538
2.888814,69,1625.034627
3.547895,64,1625.160958
0.954549,71,1625.304333
4.531661,65,1625.432536
2.986354,74,1625.581012
2.384416,69,1625.721168
4.559887,62,1625.852526
1.824535,70,1626.001987
104.134664,67,1626.135684
1.73983,68,1626.289343
2.490402,70,1626.43434
1.027031,75,1626.584853
0.286234,91,1626.770892
3.19985,63,1626.895116
2.184166,62,1627.021097
101.327842,98,1627.222544
3.140722,67,1627.360243
2.016467,89,1627.545263
1.66174,77,1627.711194
2.230548,68,1627.846595
3.729599,71,1627.991522
1.091144,91,1628.178831
5.545462,68,1628.317112
3.123623,75,1628.471536
0.898362,70,1628.61215
3.702249,65,1628.741804
1.609604,70,1640.245154
4.894711,63,1640.372453
0.537665,149,1640.670001
0.816881,166,1641.005422
4.089593,63,1641.132428
3.89348,74,1641.281342
2.146391,75,1641.431565
104.053215,57,1641.54604
4.03477,68,1641.696034
100.270941,78,1641.852901
4.278093,69,1641.988218
3.600994,70,1642.127064
1.459757,76,1642.276759
4.43069,72,1642.424505
4.53557,74,1642.579803
0.647846,72,1642.732878
4.45923,66,1642.906228
0.609785,71,1643.048862
0.787004,79,1643.203725
5.002534,63,1643.326612
2.222096,85,1643.493424
4.636506,66,1643.625348
1.151137,112,1643.847779
4.588982,64,1643.98236
1.842072,78,1644.138736
2.824299,75,1644.290128
5.276017,63,1655.953103
2.441406,74,1656.10163
4.46584,70,1656.248168
101.311226,79,1656.407305
2.924146,80,1656.570209
100.86597,45,1656.664571
-1.245885,152,1656.981062
0.973124,113,1657.211042
-0.756654,107,1657.443282
1.516251,71,1657.594708
2.110664,71,1657.746197
3.529818,65,1657.877366
3.413211,66,1658.014136
-0.156706,98,1658.214925
1.548379,70,1658.352224
0.747608,109,1658.575798
101.954292,79,1658.754234
0.925047,87,1658.928846
4.483322,65,1659.058086
2.300892,76,1659.214287
3.904699,66,1659.345519
4.191085,65,1659.476926
3.85707,85,1659.649235
1.662257,70,1659.794189
5.374131,66,1659.930781
101.285755,85,1660.103925
0.794635,86,1671.737358
3.912752,67,1671.872452
3.18597,76,1672.028879
0.322122,99,1672.231422
3.05343,67,1672.36204
4.516431,66,1672.496628
1.549162,99,1672.699174
102.90782,72,1672.844799
2.828872,78,1672.998561
100.641772,80,1673.165343
2.962302,62,1673.301564
101.279018,60,1673.425291
5.746724,66,1673.556529
5.688178,68,1673.697138
101.268627,163,1674.015236
102.261545,86,1674.180267
2.157628,86,1674.350825
2.840484,62,1674.472498
100.182526,470,1675.431566
0.792032,78,1675.603081
100.458921,229,1687.48884
4.567679,67,1687.625247
4.429794,61,1687.751073
101.050322,57,1687.868642
2.599396,92,1688.05422
2.119722,81,1688.220707
2.922971,74,1688.371378
3.425977,66,1688.507912
1.303085,69,1688.653146
4.504692,64,1688.788778
0.144671,76,1688.949401
101.469091,71,1689.095978
0.993819,73,1689.244895
3.986259,67,1689.38338
2.886492,67,1689.520231
3.842287,87,1689.696455
1.131838,70,1689.839014
2.595247,66,1689.971812
2.919443,68,1690.111684
-1.104378,352,1690.85182
0.976551,88,1691.035502
-0.411554,72,1691.184926
3.24899,67,1691.319799
100.62255,69,1702.925914
0.871704,82,1703.088996
4.213298,67,1703.220312
3.579595,64,1703.350475
3.682715,65,1703.480516
103.764102,64,1703.609753
2.646786,67,1703.742314
104.134041,60,1703.872699
4.569038,68,1704.008481
104.486466,65,1704.139643
2.425968,68,1704.273736
0.467308,85,1704.442791
1.619858,84,1704.612873
2.326371,84,1704.777097
2.324928,69,1704.912736
1.261797,114,1705.139257
3.834313,68,1705.274728
4.003645,96,1705.463718
2.542793,67,1705.622146
2.483804,78,1705.772452
0.471252,102,1705.98261
4.902734,73,1706.135248
101.768234,78,1706.294208
1.834098,75,1706.445992
2.240522,64,1706.593768
4.395922,65,1706.725211
4.438244,94,1706.908972
2.784179,79,1718.342212
3.518253,66,1718.472315
3.322981,70,1718.615432
4.325246,66,1718.7514
3.279754,65,1718.881482
2.380283,68,1719.019135
3.874386,67,1719.151853
100.870458,66,1719.283551
2.796895,72,1719.430039
100.786654,56,1719.543175
3.875704,66,1719.677311
-1.635491,148,1719.972269
1.35914,95,1720.167078
4.824391,76,1720.319745
3.867457,63,1720.446142
3.684796,68,1720.588853
101.702712,68,1720.726141
0.954423,95,1720.91664
4.42385,74,1721.065722
-0.269707,117,1721.301603
1.318427,68,1721.434859
1.134095,75,1721.588785
4.776582,66,1721.732829
3.208999,60,1721.854873
2.454014,64,1721.976994
2.829651,69,1722.110779
0.755037,1000,1735.358081
2.570702,79,1735.512802
1.132253,72,1735.655426
1.853304,70,1735.795115
3.712958,70,1735.936038
104.535337,88,1736.108136
0.543209,73,1736.254403
0.541279,73,1736.415285
104.844728,60,1736.536841
3.001957,75,1736.682573
2.589785,74,1736.832503
5.720154,63,1736.956833
5.299099,63,1737.080364
5.099841,75,1737.228937
2.020044,81,1737.394609
4.106888,94,1737.578256
2.492892,76,1737.7258
104.246735,62,1749.239665
3.629525,68,1749.373412
1.121801,70,1749.512527
1.914908,69,1749.64676
0.458361,72,1749.78669
1.861481,75,1749.940104
0.826492,73,1750.086161
-0.400089,1000,1752.148553
3.837241,69,1752.287986
1.358978,69,1752.421551
103.113604,88,1752.597161
3.542969,78,1752.754303
1.451241,70,1752.893907
-0.014563,150,1753.193482
3.056297,67,1764.648696
3.201453,80,1764.808604
2.048402,68,1764.944679
2.26995,68,1765.078763
1.89262,68,1765.21316
101.646661,69,1765.351936
0.626897,88,1765.526618
5.205699,79,1765.685668
1.879785,69,1765.820274
3.681782,65,1765.947652
5.116347,64,1766.075845
4.825893,72,1766.219106
4.934841,88,1766.395935
1.335818,70,1766.550186
2.689012,63,1766.674567
0.496678,77,1766.824522
0.16699,85,1766.992982
4.470911,88,1767.165431
101.788007,75,1767.313306
4.894048,62,1767.435594
1.526576,79,1767.588088
1.2153,74,1767.733621
3.889588,67,1767.881884
4.608127,76,1768.031481
2.497944,71,1768.168352
1.180257,89,1768.352179
3.25327,70,1768.488036
4.574706,68,1768.621646
3.90674,77,1780.106085
3.389161,81,1780.283955
2.556278,69,1780.421241
-0.058316,89,1780.602545
102.473956,74,1780.750535
5.655835,68,1780.890517
-2.543928,114,1781.117391
102.18467,71,1781.261701
0.441563,81,1781.428812
5.25437,63,1781.559133
0.671383,119,1781.80382
1.881588,80,1781.966409
1.606722,70,1782.110069
3.942649,65,1782.242864
2.922134,69,1782.383323
1.592243,85,1782.553812
2.803757,66,1782.687211
4.347896,69,1782.831924
1.052393,75,1782.983806
101.30533,34,1783.052172
4.478563,62,1783.175328
3.681495,74,1783.321121
1.197602,124,1783.564608
2.853971,62,1783.687269
5.287978,63,1783.813925
-0.307759,491,1796.132582
-0.390753,140,1796.4047
4.982651,71,1796.541705
102.158746,47,1796.64467
4.214952,66,1796.790626
4.936196,85,1796.975223
1.611321,78,1797.139021
101.333167,59,1797.262381
5.067547,63,1797.405316
101.467541,75,1797.568326
0.530098,72,1797.716938
2.958297,92,1797.898084
0.035942,86,1798.077171
101.816707,76,1798.24065
1.249961,79,1798.405643
1.465818,74,1798.558614
5.002671,73,1798.714055
2.137458,76,1798.868641
2.728401,69,1799.003318
3.574373,81,1799.173075
2.9015,71,1799.311983
101.918216,71,1799.450025
5.482566,99,1799.643294
2.456382,69,1811.169701
2.242409,74,1811.317072
3.434617,62,1811.4379
3.920427,64,1811.563378
1.448683,69,1811.708745
4.037592,64,1811.846817
1.016753,83,1812.008203
100.879518,67,1812.151876
1.37604,69,1812.29716
3.840619,64,1812.426421
1.954031,73,1812.587888
4.657729,65,1812.717716
5.191813,63,1812.846101
3.701139,68,1812.99115
4.058946,65,1813.122875
0.599541,84,1813.292282
2.279599,78,1813.448833
1.986355,66,1813.578996
5.847129,65,1813.712155
2.933022,86,1813.904399
2.802826,68,1814.042835
0.143786,1000,1827.593617
0.312024,112,1827.821711
1.898765,73,1827.996957
-0.8748,109,1828.211332
1.700991,73,1828.352278
104.949484,76,1828.502836
4.880574,71,1828.644132
2.259974,70,1828.781266
4.999289,89,1828.955857
3.173233,85,1829.119836
101.086703,80,1829.273047
2.403957,73,1829.416264
1.474736,81,1829.573668
1.237846,101,1829.770566
4.478308,74,1829.914383
-0.123055,92,1830.112855
3.817221,72,1830.25244
1.533827,69,1830.386883
2.220003,75,1830.534726
102.885708,74,1830.676961
2.575015,68,1830.813198
1.718781,68,1842.214428
3.813198,67,1842.346029
2.921282,77,1842.492967
4.376424,147,1842.775834
4.878244,63,1842.902207
3.764721,74,1843.048079
4.054396,63,1843.188424
3.221979,70,1843.329828
2.821778,68,1843.461844
3.255062,66,1843.591736
4.580168,88,1843.767672
2.917527,64,1843.894626
3.174777,80,1844.055837
1.608151,85,1844.22612
4.737407,70,1844.369764
4.0764,70,1844.512203
4.130849,64,1844.642798
103.677169,63,1844.769209
1.04305,78,1844.93059
2.453742,69,1845.069065
103.192392,66,1845.218287
4.574959,70,1845.357226
0.190596,83,1845.521879
4.342722,63,1845.64878
1.553442,91,1845.832628
2.822777,93,1846.018714
1.768159,69,1846.157411
102.140852,83,1857.622076
3.857293,64,1857.751843
1.59338,65,1857.884768
1.674756,70,1858.028266
6.009199,63,1858.154554
101.418271,78,1858.3098
0.895923,84,1858.486456
0.11833,1000,1860.54704
100.937501,78,1860.709726
2.968506,66,1860.843991
1.82802,95,1861.036537
3.099969,68,1861.173425
3.826399,64,1861.302376
2.606347,71,1861.444356
102.07556,84,1861.610193
100.604321,67,1861.744754
2.439631,65,1873.203211
3.833994,65,1873.333601
2.364666,79,1873.489755
3.722611,65,1873.61803
4.475471,68,1873.755194
101.874615,59,1873.871538
0.474498,76,1874.021914
100.942922,61,1874.142704
2.406933,69,1874.30014
3.945015,64,1874.426956
3.627983,66,1874.556818
0.845031,70,1874.699074
3.57031,71,1874.845305
1.531615,66,1874.979389
3.312649,65,1875.112009
100.32837,50,1875.210779
-0.303485,104,1875.419632
4.458869,92,1875.600443
1.313675,74,1875.760624
1.530762,71,1875.904948
2.767568,68,1876.043937
1.316218,98,1876.241956
0.575494,100,1876.442771
-0.24188,126,1876.69384
3.074354,64,1876.821012
4.328438,66,1876.951501
1.511465,73,1877.097781
102.109288,63,1877.221844
2.733276,64,1888.729865
1.887641,78,1888.886454
5.621672,65,1889.015933
3.183901,72,1889.158625
3.882647,64,1889.287102
100.876649,59,1889.419758
4.443564,88,1889.602755
4.846662,64,1889.734252
2.112876,70,1889.876966
4.424682,69,1890.017489
3.075262,64,1890.146377
101.401414,70,1890.292504
4.727651,88,1890.469917
3.269534,63,1890.598951
3.107356,64,1890.723173
2.967894,78,1890.883875
2.156478,82,1891.046015
2.103664,85,1891.229753
2.35584,67,1891.363542
101.72552,65,1891.494307
0.441998,76,1891.647373
0.648117,85,1891.820535
2.289295,86,1891.996266
102.748123,53,1892.102484
4.478562,63,1892.226457
4.23863,96,1892.418768
4.800241,89,1892.596822
4.617366,63,1892.736021
3.932732,63,1904.180138
1.087062,71,1904.323984
-0.044226,427,1905.193302
4.15492,73,1905.336078
2.462221,67,1905.464736
2.717154,81,1905.625
4.010298,63,1905.748618
-1.255951,116,1905.982465
1.543692,67,1906.114604
3.554537,62,1906.238089
0.400864,183,1906.613467
3.469319,62,1906.75059
3.231696,65,1906.886373
4.440448,67,1907.021548
101.087473,91,1907.209386
1.859044,72,1907.360874
101.338213,86,1907.534601
2.881151,65,1907.664788
100.750618,100,1907.880043
-0.612098,86,1908.054147
1.552854,82,1908.223164
104.145778,58,1919.868035
4.262397,63,1919.997056
0.26509,1000,1921.993723
4.491959,68,1922.128058
1.114914,96,1922.317387
1.03057,74,1922.469456
2.766147,69,1922.605061
101.083457,81,1922.771339
1.630398,70,1922.91166
1.930928,69,1923.050503
4.067782,66,1923.181724
103.5441,73,1923.327613
-0.046784,87,1923.501575
5.846728,67,1923.635481
103.663015,66,1923.765628
3.332808,74,1923.90903
3.492337,74,1935.789808
4.312643,135,1936.085941
4.529088,63,1936.258463
3.732115,64,1936.396723
101.066855,69,1936.544228
2.457795,65,1936.671988
2.559131,72,1936.823348
100.543368,61,1936.940811
101.327416,56,1937.056817
4.442878,68,1937.206376
101.545947,78,1937.382597
101.356961,82,1937.562855
1.738545,74,1937.705271
-1.008724,96,1937.899211
4.524149,70,1938.046392
0.695194,102,1938.276899
3.625556,73,1938.440846
0.691986,101,1938.661465
-0.227583,106,1938.902607
6.042648,69,1939.047349
3.184764,71,1939.198675
100.673329,81,1939.374517
0.509516,1000,1953.187845
3.604476,64,1953.316955
3.635373,108,1953.568419
5.03492,63,1953.69894
1.91902,76,1953.850147
3.653858,67,1953.982361
103.164719,63,1954.106923
2.853068,68,1954.244324
0.646757,71,1954.384045
2.574896,69,1954.522186
0.300864,182,1954.88361
3.837344,74,1955.057883
1.938356,80,1955.217047
5.756603,66,1955.345801
2.453496,69,1955.480221
2.65292,66,1955.609549
0.856056,89,1955.788077
3.669072,64,1955.916502
4.588233,83,1967.491609
2.547447,81,1967.652744
101.038299,74,1967.799658
2.618178,72,1967.945956
100.202957,20,1967.987134
3.988589,65,1968.114289
3.088844,69,1968.253629
1.620498,71,1968.394976
4.129032,64,1968.530634
5.060816,63,1968.653402
0.334231,82,1968.812644
3.673547,63,1968.947461
3.41179,65,1969.08168
2.600232,72,1969.225751
0.822435,1000,1971.230654
101.322589,98,1971.418167
4.496032,81,1982.855395
0.852993,82,1983.013846
1.498873,92,1983.195586
1.731586,76,1983.344472
3.730698,64,1983.472201
3.923148,68,1983.608
2.686417,66,1983.732576
2.245432,64,1983.859905
2.825519,90,1984.037151
100.573409,86,1984.202942
1.844475,69,1984.348188
0.181552,87,1984.529113
0.061019,110,1984.746421
2.463507,65,1984.875551
101.569391,72,1985.011751
100.822271,53,1985.118808
4.422437,65,1985.24623
104.505313,62,1985.367934
0.710098,93,1985.551226
3.420723,66,1985.682352
3.929779,63,1985.807955
2.217487,67,1985.948839
2.223171,75,1986.110913
3.690571,64,1986.236162
0.909655,97,1986.428049
0.553501,125,1986.672585
2.555546,74,1986.814049
1.304627,76,1998.485227
104.450338,62,1998.610161
2.016232,69,1998.745523
0.446129,81,1998.907329
4.622087,64,1999.031389
5.549069,68,1999.161961
3.093172,78,1999.327193
4.042291,79,1999.486275
101.460082,65,1999.616051
102.466081,73,1999.761364
102.378048,80,1999.925229
-0.814149,107,2000.147466
1.59097,70,2000.285504
2.099977,70,2000.426232
100.814013,59,2000.542565
1.511637,70,2000.679889
1.095423,78,2000.837268
101.767289,58,2000.966697
3.792616,68,2001.105458
1.521609,77,2001.256458
103.736357,59,2001.376966
2.791319,79,2001.53939
0.115673,71,2001.679845
5.435715,61,2001.803823
100.935244,79,2001.97257
100.926899,34,2002.041677
1.231097,65,2002.172417
0.725576,93,2002.362396
2.240917,66,2013.795886
4.725288,71,2013.95888
4.983715,61,2014.081146
0.883874,73,2014.235224
3.537425,64,2014.365598
3.73227,73,2014.520745
3.699208,68,2014.659064
3.658751,75,2014.813451
1.574229,69,2014.952031
0.777284,104,2015.157252
102.943356,73,2015.301589
-0.19186,89,2015.484261
101.110047,55,2015.597407
-1.410967,100,2015.794676
100.921325,69,2015.939762
102.228443,51,2016.039927
-0.916022,421,2016.883833
2.365407,77,2017.037405
0.972306,98,2017.22919
0.911504,75,2017.380573
-1.055069,106,2017.594291
-0.468784,82,2017.761582
3.631296,70,2017.903424
0.542119,79,2029.555002
100.686824,51,2029.657769
4.022318,77,2029.809488
2.622289,74,2029.958992
102.505358,64,2030.088902
0.510647,73,2030.232212
2.4978,79,2030.387306
101.576038,109,2030.625378
2.732981,68,2030.759367
4.561588,63,2030.882547
105.986852,78,2031.03934
4.224122,66,2031.169365
3.450834,66,2031.298011
4.174514,65,2031.427518
102.235146,88,2031.601844
2.753088,73,2031.745289
101.700008,99,2031.944049
2.822403,67,2032.077581
100.861804,87,2032.265138
1.5194,89,2032.442442
101.329704,62,2032.56735
3.143173,72,2032.711608
-0.474767,101,2032.914312
2.953909,76,2033.073045
3.785748,64,2033.201751
1.306857,75,2033.354033
0.022974,192,2045.008335
2.65184,92,2045.190196
1.551499,68,2045.32733
2.292539,70,2045.469559
4.618051,61,2045.592802
3.564978,82,2045.752747
0.731686,74,2045.90338
1.870165,88,2046.079129
101.991795,68,2046.214865
0.5808,100,2046.414907
1.101721,75,2046.565292
3.040867,79,2046.722497
3.663677,64,2046.852524
-0.06488,95,2047.044965
2.045589,67,2047.180474
5.068312,63,2047.309149
1.544759,71,2047.454965
100.87201,45,2047.546367
0.166938,88,2047.729573
3.473151,88,2047.913058
5.368299,64,2048.039918
0.697663,74,2048.191697
0.753958,159,2048.514629
0.217931,80,2048.688588
0.869541,74,2048.835443
100.890683,69,2060.269396
1.632864,69,2060.422611
102.168829,60,2060.539768
4.033785,70,2060.68198
4.137244,87,2060.859031
102.794941,65,2060.995296
2.355224,73,2061.146706
5.372788,115,2061.381672
103.170185,70,2061.518233
101.608769,103,2061.724729
99.997659,59,2061.842965
3.668353,62,2061.969716
5.191138,63,2062.093422
1.469191,93,2062.283092
103.400414,52,2062.388815
0.113572,87,2062.565037
2.818737,71,2062.707845
104.165951,69,2062.849427
101.504803,57,2062.965673
2.715653,73,2063.113339
4.175129,70,2063.25161
3.776378,71,2063.394725
3.095639,70,2063.532595
5.218902,63,2063.659185
4.571532,68,2063.794944
2.311257,66,2063.925028
2.969315,82,2064.086479
3.678888,64,2064.21242
3.819646,70,2064.352867
3.909916,63,2075.89324
100.896327,91,2076.070636
2.688521,67,2076.201125
100.845194,92,2076.391412
101.95721,50,2076.493997
-0.317534,82,2076.658286
4.991952,66,2076.788202
2.843923,84,2076.956809
2.809174,77,2077.111514
5.655888,66,2077.244635
1.50901,95,2077.444855
2.669265,78,2077.597446
4.072053,65,2077.726084
106.272314,66,2077.858789
1.751754,83,2078.030608
1.120477,124,2078.278753
0.924783,73,2078.423694
3.033381,68,2078.560637
0.995409,93,2078.762099
3.439074,71,2078.9011
0.40505,81,2079.06492
4.525952,67,2079.200031
100.39752,59,2079.315628
-1.269966,118,2079.555483
3.397878,66,2079.689241
-0.265147,1000,2093.121617
100.469433,76,2093.272537
0.713942,87,2093.445733
3.514919,86,2093.619071
1.322291,69,2093.757329
2.488405,69,2093.89721
4.865371,63,2094.026949
102.526881,80,2094.187103
4.505657,64,2094.315434
4.882351,63,2094.443101
1.758356,70,2094.605779
-0.018507,1000,2107.975849
-0.567719,115,2108.206636
5.116426,85,2108.379353
103.51501,57,2108.495523
3.816008,65,2108.627117
3.674766,65,2108.760662
103.453421,56,2108.870788
2.563382,61,2108.993479
-0.316451,110,2109.210152
3.839177,63,2109.335118
1.316207,71,2109.472938
-0.741837,95,2109.655288
2.721974,69,2109.793155
5.396105,72,2109.932728
2.824183,66,2110.063717
2.618978,70,2110.203672
101.717073,67,2110.335179
101.732506,46,2110.429696
5.629321,68,2110.562271
101.641857,59,2110.678754
2.237374,83,2110.841251
101.850974,76,2122.295004
3.079616,82,2122.459128
1.526214,72,2122.605229
1.348467,69,2122.747637
1.797036,69,2122.888405
3.966449,65,2123.018961
4.00962,64,2123.145634
2.171992,66,2123.283383
1.430236,76,2123.450277
1.237884,67,2123.58177
4.783454,84,2123.748278
2.949106,73,2123.897078
4.383216,142,2124.183665
5.194099,63,2124.304838
3.708226,63,2124.425385
2.501557,88,2124.600457
0.461563,80,2124.758158
103.871761,68,2124.894469
2.174596,65,2125.034373
0.189289,1000,2138.211734
1.32522,71,2138.344061
2.432879,65,2138.470336
3.49648,63,2138.59286
3.347141,62,2138.7144
5.074711,66,2138.844184
3.023025,68,2138.980065
2.705365,76,2139.131209
4.908944,78,2139.294302
4.600578,63,2139.420195
100.855969,58,2139.554317
3.186963,82,2139.725237
1.403484,72,2139.874062
0.326483,77,2140.030263
1.65633,80,2140.193143
5.21821,84,2140.367527
101.431493,81,2140.529421
104.628354,81,2140.692318
2.147528,69,2140.843843
-0.226632,89,2141.028242
2.82335,65,2141.161059
-0.003893,109,2141.384112
4.687577,66,2141.52002
1.346814,72,2141.670612
1.70661,78,2153.150274
1.245626,70,2153.289882
2.274512,83,2153.453939
2.821919,74,2153.601895
2.424773,83,2153.763835
2.01263,70,2153.90103
3.108361,67,2154.034047
2.032548,70,2154.173733
3.825951,65,2154.299197
2.833296,68,2154.4309
3.400359,76,2154.579445
2.861936,85,2154.743643
-1.598417,307,2155.33951
2.715356,68,2155.474931
101.607211,48,2155.567454
3.336083,63,2155.690969
4.601953,72,2155.832432
-0.668344,102,2156.04054
101.749615,68,2156.178549
2.959543,63,2156.304107
4.266577,65,2156.439076
0.911649,122,2156.679376
0.362595,1000,2169.952953
2.208356,68,2170.092852
3.997479,65,2170.221135
4.1003,66,2170.368735
103.85705,69,2170.502756
5.232338,83,2170.667283
4.070552,64,2170.792551
102.03214,69,2170.93327
0.322946,1000,2184.2077
0.398378,88,2184.387745
1.38605,71,2184.528296
1.918783,82,2184.689728
-0.664634,92,2184.873508
3.127016,74,2185.021847
100.850028,101,2185.235368
100.754681,63,2185.361708
4.921497,64,2185.490231
3.669079,72,2185.636541
2.635571,62,2185.766656
104.002771,72,2185.913075
1.309948,69,2186.050931
3.276533,65,2186.178312
3.060062,71,2186.320117
1.081226,70,2186.474741
1.286927,79,2186.637445
0.143033,78,2186.797725
3.502783,66,2186.931386
3.90091,80,2187.095698
106.030643,71,2187.241278
100.853597,70,2187.381157
5.21065,74,2187.527002
3.460879,90,2187.705745
102.585845,49,2187.803956
4.645321,64,2199.272099
3.928394,75,2199.422002
5.74231,65,2199.553594
4.148223,81,2199.719627
101.297881,51,2199.81936
2.586916,69,2199.958606
3.981505,108,2200.178413
-1.445828,112,2200.402531
3.198496,65,2200.541321
3.658341,86,2200.714886
3.273984,64,2200.857198
2.724977,65,2200.987472
100.763087,89,2201.167585
-2.052823,135,2201.447214
100.988188,36,2201.521888
4.929983,76,2201.689499
3.569689,70,2201.855813
103.478012,63,2201.993524
1.698269,68,2202.144909
3.714427,76,2202.299747
3.067855,73,2202.447769
5.469024,68,2202.584111
1.527352,80,2202.744633
4.538927,73,2202.893936
0.782738,73,2203.038713
2.754216,92,2203.22779
1.148395,71,2203.383742
100.928059,84,2215.003092
4.617374,62,2215.126319
1.241582,72,2215.273115
3.740688,64,2215.404294
2.630085,65,2215.548553
102.099586,80,2215.716516
4.863869,78,2215.878986
4.768842,75,2216.036278
5.080311,65,2216.171588
0.876819,74,2216.319519
1.978113,78,2216.472205
5.042116,78,2216.627047
2.195341,71,2216.76482
-0.889338,94,2216.951799
2.328447,65,2217.079798
3.470689,64,2217.201944
3.848526,83,2217.380268
1.621029,88,2217.546384
0.805672,74,2217.687939
1.436313,84,2217.850928
1.378953,85,2218.011246
101.43806,71,2218.150617
2.224887,69,2218.289325
2.65842,70,2218.428289
4.619398,64,2218.554926
104.272044,73,2218.702274
2.992374,69,2218.846825
4.713157,63,2218.974933
2.404117,68,2230.466421
3.450214,68,2230.601515
5.786282,82,2230.766618
0.596447,85,2230.933133
5.071427,73,2231.084932
2.228425,62,2231.230397
5.024193,69,2231.384361
3.312666,78,2231.558346
100.7931,84,2231.728107
0.914955,78,2231.886245
4.851517,80,2232.0519
104.936412,68,2232.190771
2.750598,84,2232.358099
100.930655,110,2232.580467
103.320357,65,2232.720974
100.089713,49,2232.819075
-2.105111,140,2233.105348
3.357277,73,2233.275496
3.473627,118,2233.512137
3.888609,66,2233.641204
2.305531,75,2233.79597
4.026757,104,2234.000738
1.793741,85,2234.170701
2.793174,70,2234.313316
100.642343,58,2234.434444
3.411884,65,2234.566654
102.319609,60,2246.187439
0.113343,1000,2248.186001
1.306347,100,2248.411375
2.39236,73,2248.562517
4.130313,63,2248.691967
1.100736,98,2248.89066
1.026151,74,2249.039677
100.621048,80,2249.205722
5.515994,81,2249.367561
101.918044,50,2249.469693
3.104748,66,2249.601295
104.027739,71,2249.741812
3.962344,75,2249.892497
2.194404,68,2250.042313
102.45737,66,2250.170201
1.661719,95,2261.736507
100.976074,73,2261.885756
4.278681,64,2262.012678
100.785185,75,2262.171365
102.758396,67,2262.30904
103.031839,55,2262.417224
2.737089,99,2262.617658
0.510236,103,2262.826865
2.52204,65,2262.957793
2.485738,62,2263.078418
5.247375,83,2263.247745
1.787836,87,2263.425697
3.920674,60,2263.546067
-1.564599,120,2263.787167
4.307438,63,2263.910488
0.917728,69,2264.04895
4.211169,65,2264.181798
-0.801004,320,2264.820676
4.876771,79,2264.976732
3.159136,74,2265.124387
-0.192794,123,2265.369052
0.208544,91,2265.552343
5.267589,65,2265.682277
4.218757,63,2277.258013
2.485609,67,2277.39569
3.580995,66,2277.531208
5.323247,73,2277.675613
4.063264,69,2277.817986
-1.095078,114,2278.044756
2.708393,73,2278.190235
5.386948,201,2278.607157
1.891909,64,2278.735131
3.611772,69,2278.870839
1.826357,82,2279.037696
4.137085,64,2279.163685
100.635394,78,2279.321403
100.65949,48,2279.434133
3.601174,64,2279.560922
2.486252,72,2279.698212
4.399217,66,2279.830747
2.011522,70,2279.965751
3.508537,65,2280.094413
-0.392678,111,2280.314484
1.402342,64,2280.438656
-0.504917,91,2280.625265
3.539932,67,2280.755269
100.663625,86,2280.928073
3.899988,84,2281.095289
3.558936,74,2281.244189
2.881728,85,2292.714715
103.686341,75,2292.866157
101.218263,62,2292.989612
4.327082,72,2293.131293
-0.411291,81,2293.292659
1.454482,105,2293.493997
100.728297,108,2293.713837
4.745326,63,2293.840158
2.64681,68,2293.979415
103.041065,60,2294.099095
2.62638,84,2294.265329
101.316641,73,2294.408739
1.524139,92,2294.589108
4.242503,65,2294.720265
4.346567,65,2294.845513
0.185232,1000,2308.569935
104.091426,60,2308.698794
103.193025,69,2308.833296
103.349282,62,2308.953658
4.436596,88,2309.131336
0.770099,81,2309.296587
103.858686,68,2309.435244
102.727551,50,2309.54146
3.571693,71,2309.691891
3.339568,65,2309.820802
3.562812,64,2309.944911
0.772214,99,2310.142744
4.481133,78,2310.310663
101.755462,67,2310.445457
2.185214,69,2310.585524
4.427313,66,2310.717108
5.247945,72,2310.86248
4.072883,64,2310.988152
100.745073,75,2311.148892
3.787252,61,2311.273463
3.518083,70,2311.412329
2.555748,67,2311.546074
3.850955,85,2311.714835
5.125947,62,2311.837602
2.859976,68,2311.978273
102.454011,58,2312.094046
1.027146,98,2312.289888
5.722317,72,2312.432056
1.559308,69,2323.955556
4.600258,67,2324.102702
102.848695,67,2324.235361
2.634297,88,2324.406318
2.884716,90,2324.579128
5.285477,81,2324.735719
-0.459582,84,2324.903095
4.471074,64,2325.03117
104.098463,64,2325.155492
4.224932,73,2325.299355
4.480948,63,2325.423944
3.252598,89,2325.599134
101.159555,61,2325.717443
2.950444,68,2325.853197
-1.195063,104,2326.05428
5.671861,76,2326.207629
100.917392,113,2326.45283
0.261998,78,2326.613489
101.763749,86,2326.78775
0.660385,84,2326.952346
104.849359,79,2327.111876
3.791321,70,2327.252276
1.6863,69,2327.411833
3.573939,71,2327.599679
3.292,74,2327.795839
-1.657225,113,2328.030277
4.191496,64,2328.160357
1.522489,72,2339.812471
1.565113,72,2339.963724
3.880333,75,2340.119715
0.010198,1000,2342.200444
3.218283,86,2342.371118
1.392615,68,2342.516148
0.939617,75,2342.667382
3.998552,77,2342.822121
3.055669,72,2342.971714
4.614821,67,2343.102651
101.192285,74,2343.248328
3.324682,85,2343.418049
101.061065,79,2343.578665
101.119681,51,2343.680398
0.523272,70,2343.824279
3.606746,77,2355.426274
103.065719,77,2355.586245
0.350656,75,2355.738709
4.590722,76,2355.893025
2.069379,82,2356.060179
-0.183875,109,2356.287005
2.431255,65,2356.424313
2.257776,118,2356.66666
1.721185,67,2356.804197
4.728733,64,2356.939496
3.371656,64,2357.070802
0.160306,78,2357.228571
2.03928,83,2357.399535
3.789138,74,2357.552901
0.226133,83,2357.72446
0.914536,70,2357.868999
-0.759497,97,2358.07372
4.060758,86,2358.24943
103.149998,56,2358.36807
1.173575,64,2358.498581
4.14674,83,2358.670222
103.449787,73,2358.823453
2.025562,74,2358.97881
2.769657,70,2359.121928
104.369859,71,2359.270065
1.829798,76,2359.432429
3.232533,61,2359.56577
103.511259,58,2371.067537
3.129296,69,2371.206007
101.650345,52,2371.307985
4.49269,77,2371.463344
4.406393,66,2371.598592
100.676122,46,2371.688742
5.526619,63,2371.815176
0.248655,75,2371.970536
100.704792,69,2372.105663
100.623551,90,2372.303408
4.409841,64,2372.432205
2.427609,123,2372.682161
2.015167,71,2372.820754
1.311826,89,2372.990585
4.777082,65,2373.116315
3.045624,66,2373.245821
3.810778,83,2373.407974
1.027104,92,2373.590703
3.465601,86,2373.759612
0.995227,81,2373.916515
101.075264,70,2374.058531
2.586316,68,2374.188682
-2.124115,148,2374.480618
3.400372,60,2374.599504
3.278347,86,2374.76885
-0.443587,102,2374.970917
2.045242,61,2386.492654
3.141285,66,2386.636486
5.293481,64,2386.763659
2.887875,68,2386.896787
101.5873,75,2387.044387
1.466124,68,2387.17768
4.195263,76,2387.328214
1.408925,86,2387.501703
1.480129,66,2387.637942
0.728244,76,2387.788667
0.699104,76,2387.939723
2.368979,62,2388.070495
3.213841,64,2388.194533
0.9452,69,2388.331441
2.281173,68,2388.462283
3.085206,70,2388.600098
106.120529,67,2388.731351
1.975199,70,2388.873373
100.626135,62,2388.996812
104.620093,75,2389.141526
2.356149,68,2389.271834
4.327588,64,2389.398217
102.423276,67,2389.5355
101.385217,90,2389.714673
2.958908,68,2389.846106
4.208381,159,2390.16219
101.189933,72,2390.303093
2.476184,87,2390.475431
3.546097,103,2402.099464
1.114865,70,2402.234662
1.402043,96,2402.426336
3.501896,71,2402.567973
102.488586,57,2402.682676
100.567374,44,2402.768779
2.395624,63,2402.893732
3.73702,61,2403.017208
-1.651601,139,2403.292745
4.269601,73,2403.442871
3.76033,66,2403.588431
1.82891,71,2403.727421
4.112712,64,2403.856407
4.84478,88,2404.035849
3.745973,65,2404.169016
2.042775,79,2404.32856
-0.496648,96,2404.518479
102.424158,63,2404.642207
1.170089,63,2404.78233
4.192491,85,2404.951127
3.736084,74,2405.098829
2.951584,66,2405.232739
2.351843,65,2405.360394
101.58617,71,2405.500106
3.490483,87,2405.676812
1.457986,99,2405.874212
0.850736,92,2417.643147
101.150756,97,2417.851588
0.518233,76,2418.005595
3.415005,64,2418.129503
1.677801,69,2418.271126
3.418884,61,2418.392344
104.288106,64,2418.518567
2.386574,80,2418.678535
0.606544,73,2418.823399
2.670257,68,2418.959172
1.119932,76,2419.109421
1.101014,65,2419.24101
105.599145,68,2419.390538
0.450646,1000,2421.391778
3.697173,68,2421.530894
4.350654,63,2421.654246
1.570073,89,2433.102109
3.437412,72,2433.260847
2.518795,69,2433.40366
0.191944,249,2433.905923
4.963512,77,2434.063408
0.500957,72,2434.211165
101.27944,84,2434.381957
3.447265,65,2434.514624
102.800042,68,2434.656266
1.346324,85,2434.826369
3.447304,73,2434.975004
1.506592,74,2435.126441
3.394642,68,2435.269867
1.509234,63,2435.394966
100.727793,82,2435.559098
101.594135,99,2435.754183
4.362027,64,2435.880282
100.304228,57,2435.994793
4.171301,71,2436.137376
1.50546,86,2436.308803
4.204745,86,2436.476084
2.251336,67,2436.608665
4.529599,75,2436.76316
3.342711,71,2436.907385
1.173859,62,2437.031285
4.447409,81,2448.452008
0.373739,91,2448.630636
4.982026,67,2448.758389
2.652134,74,2448.907001
2.374767,64,2449.035726
2.765174,69,2449.169359
4.352155,94,2449.361981
101.527258,74,2449.510046
0.393204,86,2449.679926
-0.284616,88,2449.867815
3.336236,66,2450.001141
2.010307,73,2450.147462
4.580827,162,2450.466166
0.555847,265,2451.003495
101.131878,90,2451.18261
1.823302,72,2451.334887
2.933061,83,2451.503362
100.7964,60,2451.630224
3.641361,83,2451.80168
102.874967,70,2451.94716
3.657064,65,2452.083482
1.515818,71,2452.2312
102.140233,46,2452.331553
101.086353,46,2452.429196
3.97276,86,2463.852805
4.689907,66,2464.006919
2.446778,71,2464.150419
0.704331,66,2464.283303
101.404538,44,2464.372659
5.027837,66,2464.50723
1.322645,91,2464.694413
101.581568,67,2464.827979
5.028284,67,2464.965409
1.826652,84,2465.136965
2.695286,70,2465.278043
4.410939,64,2465.404136
3.278452,66,2465.533975
1.345024,80,2465.697578
0.631235,66,2465.826029
6.059271,80,2465.985537
1.773492,64,2466.111368
101.626132,70,2466.255203
5.457678,63,2466.379337
101.570978,61,2466.500322
4.191827,68,2466.636247
3.205806,68,2466.771556
2.607802,67,2466.90682
3.021146,71,2467.051976
2.902323,68,2467.1917
2.752384,65,2467.321389
3.178013,66,2467.457784
1.315894,100,2467.656673
1.981166,75,2467.816854
101.142116,92,2479.267941
100.7137,94,2479.455015
3.360923,80,2479.618342
3.819752,78,2479.789098
3.551645,92,2479.973781
-0.376098,86,2480.154817
3.606761,73,2480.299355
103.388077,64,2480.428403
101.02253,66,2480.559651
2.442144,69,2480.696484
2.585604,88,2480.873741
2.596109,65,2481.005853
104.594512,72,2481.150728
3.135059,69,2481.285894
2.822005,98,2481.481704
0.938419,88,2481.656536
1.305866,89,2481.83239
0.089727,89,2482.022226
4.028197,71,2482.166844
102.123961,49,2482.263009
100.631207,569,2494.660107
101.312641,77,2494.813762
-0.37076,174,2495.173239
101.131523,89,2495.354666
-0.525934,106,2495.583727
-0.168663,81,2495.74322
0.788935,79,2495.902261
0.819612,87,2496.072281
4.500763,76,2496.223923
1.403756,76,2496.375892
1.889195,70,2496.513558
1.816155,77,2496.664843
101.540345,85,2496.832598
-2.144031,133,2497.097854
101.545599,66,2497.231749
5.458215,82,2497.415627
101.519212,59,2497.533391
101.546639,62,2497.658942
3.117385,67,2497.793524
1.349724,67,2497.928863
3.294167,63,2498.051306
100.537066,72,2498.197034
2.05533,69,2498.334549
0.078027,128,2498.590833
0.350572,76,2498.74563
4.133588,66,2510.192697
3.777858,91,2510.378605
1.459482,100,2510.580853
5.206684,94,2510.778631
1.360371,71,2510.919023
0.300939,73,2511.063927
101.45805,102,2511.27524
4.003561,76,2511.430025
-0.275077,97,2511.636898
2.789711,83,2511.806941
1.347626,71,2511.948195
4.092241,65,2512.078133
3.424169,64,2512.205652
104.864446,73,2512.349288
103.159717,59,2512.467314
-0.248867,78,2512.622802
4.40253,83,2512.791029
1.92434,70,2512.950397
100.99686,83,2513.114305
103.014107,70,2513.256621
4.890517,76,2513.407958
-0.270317,75,2513.559628
1.184268,78,2513.714946
1.017299,73,2513.861794
1.556179,83,2514.02572
3.933841,60,2514.148863
2.526492,70,2525.645618
4.686519,64,2525.790198
102.019087,88,2525.963673
5.616315,63,2526.091369
100.157889,50,2526.191633
4.449152,66,2526.325428
3.834776,62,2526.4488
4.725206,72,2526.594167
0.116383,189,2526.988197
3.898508,81,2527.148724
102.470457,69,2527.293271
3.107898,62,2527.416814
2.889008,69,2527.556745
4.97761,72,2527.703551
1.056559,73,2527.853134
3.064235,66,2527.987624
3.601497,64,2528.117047
1.232886,73,2528.264614
2.07812,81,2528.429022
4.675282,64,2528.560602
0.99785,89,2528.744974
4.200885,64,2528.874153
4.646312,63,2529.001413
1.514956,81,2529.164026
3.87337,67,2529.303432
2.016862,82,2529.473368
100.513585,238,2541.335287
0.713855,66,2541.464173
101.131939,102,2541.665604
3.395325,65,2541.800064
2.673943,61,2541.940402
102.027055,79,2542.101474
0.286715,74,2542.250136
101.527305,70,2542.393598
2.111127,80,2542.554857
2.219694,67,2542.687555
1.075745,71,2542.827622
3.849625,70,2542.9711
4.502372,68,2543.108652
103.583528,64,2543.23287
102.261191,69,2543.367492
4.589183,85,2543.547299
1.898716,69,2543.684703
101.245688,88,2543.856552
3.763744,90,2544.03349
102.333179,74,2544.183764
3.315215,81,2544.355664
2.167368,75,2544.507814
2.020474,70,2544.649382
-1.968539,667,2557.234427
1.230771,62,2557.358892
-0.709,159,2557.678515
5.027565,81,2557.839084
4.280769,79,2557.999045
1.877808,92,2558.184918
1.274684,77,2558.335013
5.790746,72,2558.476604
1.407596,74,2558.623978
0.326175,78,2558.781602
2.272379,69,2558.917255
4.379739,61,2559.040144
-0.151061,1000,2572.364014
0.770704,75,2572.514258
3.649694,64,2572.645797
3.861938,60,2572.766432
-0.425883,100,2572.964641
104.592734,64,2573.109412
3.766419,65,2573.242525
101.503333,77,2573.400212
4.611094,76,2573.553547
4.809077,60,2573.67698
3.801254,60,2573.795027
1.39593,79,2573.952977
1.666602,70,2574.105058
2.30006,71,2574.262239
104.868307,69,2574.402598
4.749793,62,2574.528628
100.7338,84,2574.693782
4.772774,68,2574.828799
101.425611,74,2574.975276
3.365444,71,2575.119431
102.445077,80,2575.277558
4.11997,68,2575.41261
103.967989,72,2575.559584
105.03327,81,2575.73761
1.36344,93,2575.925181
2.134731,67,2576.061381
104.704654,67,2587.458555
4.623741,67,2587.606506
1.401483,93,2587.791833
1.83822,74,2587.940008
100.637272,96,2588.127792
1.519467,93,2588.312188
3.847237,66,2588.442024
1.117159,146,2588.734441
-2.085553,107,2588.945709
-2.141767,264,2589.474495
3.159383,68,2589.61027
3.66785,60,2589.725683
101.047031,88,2589.903821
4.092016,74,2590.055184
1.205185,82,2590.217671
3.879777,61,2590.336109
0.019164,72,2590.474997
-0.107169,136,2590.742116
4.996519,81,2590.901747
102.669348,57,2591.013961
1.773589,69,2591.1542
2.743803,68,2591.288195
0.717111,86,2591.458359
5.180952,60,2602.936374
2.785765,58,2603.054699
103.758614,81,2603.217885
2.539297,60,2603.340961
0.120627,492,2604.364712
4.204071,59,2604.484766
3.897762,63,2604.612047
3.043293,69,2604.750334
1.015655,110,2604.976037
102.297511,58,2605.092639
1.717463,81,2605.259891
1.236368,65,2605.405201
3.052324,69,2605.548513
1.489794,89,2605.730332
103.384853,71,2605.871379
4.821284,74,2606.021889
5.478545,71,2606.165217
101.660107,61,2606.286707
1.822378,81,2606.461901
2.958971,71,2606.606247
4.365022,78,2606.765143
100.384003,23,2606.81101
-0.411827,158,2618.470253
1.156592,88,2618.66154
2.57092,89,2618.836818
3.776568,69,2618.976825
5.254234,62,2619.100261
1.569194,76,2619.256185
4.411177,59,2619.369604
3.81056,66,2619.51048
100.922691,83,2619.679177
5.16317,85,2619.849489
4.281498,64,2619.977445
5.186615,59,2620.098456
2.376892,69,2620.239707
0.077197,95,2620.428605
4.416428,64,2620.55548
3.215929,67,2620.689896
4.364411,81,2620.851644
2.914953,63,2620.973895
5.376682,85,2621.145433
2.939553,65,2621.275466
3.880518,92,2621.462372
103.282502,62,2621.585091
100.438607,49,2621.685906
3.631937,65,2621.812894
3.213912,66,2621.947035
2.805593,61,2622.066463
4.07925,88,2622.239968
4.413959,81,2622.39907
3.462602,65,2633.936993
4.289492,65,2634.071579
101.189756,38,2634.155562
4.784871,64,2634.290893
5.366828,60,2634.41745
1.37107,72,2634.580771
103.023088,77,2634.735991
4.885232,64,2634.868695
-0.134316,94,2635.072573
101.266299,60,2635.198667
101.761068,66,2635.33704
-2.144544,134,2635.615047
101.563713,57,2635.732485
2.551552,66,2635.870794
2.053506,71,2636.01539
3.59512,70,2636.162462
3.547622,73,2636.32766
2.168348,69,2636.47026
3.042892,68,2636.617997
0.024155,137,2636.90374
0.289568,78,2637.069442
102.866104,56,2637.183858
1.508631,91,2637.385842
3.32521,85,2637.560891
0.73731,79,2637.716445
104.380588,61,2637.843617
4.712715,67,2637.983335
2.0079,78,2638.147519
3.262309,65,2649.503178
3.59739,59,2649.639303
3.102826,69,2649.780532
0.678208,81,2649.948296
100.675034,54,2650.064338
2.824601,72,2650.217677
4.029222,67,2650.355453
4.302701,61,2650.484862
100.776484,89,2650.670337
2.203549,95,2650.862165
3.185989,86,2651.039494
2.244856,77,2651.201281
4.521729,81,2651.369394
1.368046,76,2651.524161
100.916306,87,2651.699944
4.350894,64,2651.832222
2.611324,71,2651.97753
-0.880499,93,2652.165311
104.647729,63,2652.295014
5.592727,76,2652.453248
101.138774,68,2652.595481
3.766436,64,2652.729928
3.588921,69,2652.874103
2.135401,61,2652.996738
2.752594,65,2653.129343
3.583413,93,2653.317869
1.270003,82,2653.485531
3.764621,63,2653.616349
4.440942,69,2665.21153
101.171185,63,2665.342213
101.17195,57,2665.468469
3.12319,68,2665.608952
4.045122,70,2665.760991
2.658364,71,2665.916407
103.415101,57,2666.034914
5.440682,80,2666.206675
3.113981,68,2666.349965
4.585275,77,2666.509717
100.951559,74,2666.660587
5.052213,77,2666.818838
0.98008,73,2666.966973
101.714936,83,2667.13429
3.017598,85,2667.313418
5.070754,60,2667.448737
4.762833,97,2667.650985
105.386214,79,2667.816389
2.769562,74,2667.964601
1.417373,82,2668.134233
4.52522,77,2668.29043
101.068617,116,2668.530465
3.723538,66,2668.665562
2.476657,85,2668.840522
100.968151,87,2669.018486
5.595293,63,2669.151448
3.61946,167,2680.728457
0.973675,92,2680.913261
0.118053,85,2681.090203
104.937135,61,2681.213527
1.536877,74,2681.36751
-0.378392,90,2681.553888
4.112361,67,2681.691704
3.868805,72,2681.834669
0.99684,74,2681.98413
1.345626,75,2682.130461
4.772084,68,2682.265151
0.653519,93,2682.457877
100.617396,37,2682.534646
100.704663,51,2682.637029
1.438847,78,2682.796302
100.400257,83,2682.959701
103.126583,61,2683.07878
3.090318,70,2683.221219
3.104391,66,2683.356004
4.416356,62,2683.475528
-0.303661,1000,2696.731291
0.394344,87,2696.913353
2.040071,72,2697.060218
2.525011,70,2697.209147
4.650926,95,2697.409577
2.031553,71,2697.555812
2.090462,75,2697.710163
0.899351,82,2697.878446
4.225629,68,2698.021334
2.793275,68,2698.164592
2.172802,60,2698.303164
1.241005,72,2698.448497
2.078413,80,2698.603297
2.436413,69,2698.740446
3.378751,78,2698.895192
-0.666403,110,2699.109989
1.557914,82,2699.266839
2.361466,68,2699.399878
1.240237,67,2699.529386
4.809684,63,2699.651448
102.945423,62,2699.77143
101.413147,58,2699.887287
3.800479,71,2700.025871
4.698803,64,2700.158637
4.414499,62,2711.534363
101.16022,60,2711.650877
-2.497957,178,2712.004446
0.495535,79,2712.178858
101.357589,76,2712.329562
4.005931,65,2712.465334
2.626858,71,2712.607444
-0.027474,89,2712.789627
105.631406,64,2712.916545
5.652777,64,2713.042351
1.553094,70,2713.179063
2.778561,60,2713.296238
3.736065,85,2713.460597
2.948152,69,2713.596667
100.595753,93,2713.777881
103.70352,59,2713.893101
0.758743,78,2714.042847
2.139801,67,2714.1727
2.570241,70,2714.305726
101.067058,69,2714.440965
100.807485,82,2714.601126
100.321135,81,2714.760075
4.75437,65,2714.885895
1.112285,83,2715.044109
102.400547,51,2715.142192
3.291755,68,2715.273713
101.597635,69,2715.428358
2.257726,72,2726.860525
4.317897,66,2726.996982
4.339813,85,2727.163656
0.744172,64,2727.294418
1.307762,101,2727.498054
2.33802,73,2727.658012
0.215808,82,2727.833198
-0.01967,1000,2729.85982
4.576432,64,2729.983277
-2.640146,127,2730.237673
105.697346,73,2730.380859
-0.365614,107,2730.589903
4.626189,64,2730.722923
2.020954,71,2730.866323
0.356742,78,2742.427122
3.527807,64,2742.559159
4.993816,82,2742.729253
3.683084,81,2742.886262
-0.004318,87,2743.058285
0.167847,1000,2745.049846
0.968179,96,2745.239874
0.626024,1000,2758.614253
4.874584,89,2758.809961
3.910063,65,2758.937243
2.74376,58,2759.054663
1.179089,76,2759.205256
2.487778,71,2759.343707
101.389601,81,2759.503893
100.981564,64,2759.628304
-0.229027,84,2759.793397
105.561477,68,2759.925043
1.664203,72,2760.070851
3.825495,73,2760.221742
101.207278,60,2760.355582
0.865027,81,2760.522682
2.359041,63,2760.649701
4.475787,64,2760.784128
1.548455,87,2760.966623
-0.645115,95,2761.1706
4.296805,64,2761.307262
5.653655,68,2761.447487
102.025085,68,2761.590519
4.007143,64,2761.723963
5.86063,96,2761.911978
1.841803,78,2773.214644
1.186584,78,2773.375953
2.207341,85,2773.546196
3.442821,72,2773.690046
4.021288,172,2774.033726
3.17842,67,2774.162739
4.338231,65,2774.285206
3.208486,81,2774.438101
4.221985,99,2774.628836
4.191664,73,2774.770011
2.853424,70,2774.904919
0.498281,75,2775.052145
4.520009,64,2775.177822
1.449962,81,2775.335741
1.893674,74,2775.480399
3.421959,66,2775.616182
100.742266,48,2775.710356
2.791904,63,2775.834813
1.139697,73,2775.973298
100.986472,51,2776.079897
1.663183,89,2776.260492
1.881311,74,2776.411016
3.78943,72,2776.557328
3.990399,63,2776.688541
100.845537,43,2776.781572
0.908284,1000,2790.112967
4.033302,65,2790.240599
2.382764,76,2790.401712
-0.78395,85,2790.564449
2.201723,69,2790.703307
4.653157,66,2790.830476
1.225716,67,2790.957304
4.485333,61,2791.075416
1.172183,73,2791.217242
4.140879,59,2791.329957
-0.612625,455,2792.231286
101.811182,99,2792.443022
1.796949,78,2803.917198
103.99442,66,2804.045225
4.167016,64,2804.171578
101.474985,67,2804.311548
2.671946,68,2804.448229
4.63282,60,2804.573039
3.502042,66,2804.70643
101.929441,95,2804.894887
1.174684,86,2805.067581
3.490604,60,2805.188801
4.404029,60,2805.311496
1.531226,89,2805.492884
5.846416,64,2805.624021
4.570824,64,2805.754048
4.345259,66,2805.887281
101.777336,53,2805.994818
2.806076,72,2806.136692
100.605559,54,2806.245893
0.749667,83,2806.410645
3.462048,65,2806.539748
103.765645,68,2806.677176
2.489763,70,2806.816196
1.907648,64,2806.943544
102.091661,73,2807.090344
1.678635,71,2807.229709
101.671298,71,2807.365521
4.988549,72,2807.505751
1.919611,72,2807.650828
5.062017,84,2807.826943
2.946204,86,2808.007264
103.187929,56,2819.620155
102.342694,69,2819.759508
-2.10868,156,2820.07704
4.467547,64,2820.20853
5.1485,69,2820.34874
-0.629946,95,2820.543637
0.87163,78,2820.70786
0.837666,76,2820.860265
100.243909,18,2820.896858
1.380442,85,2821.066304
4.433141,66,2821.210005
101.494576,81,2821.372978
3.181391,72,2821.518116
2.343902,71,2821.663749
101.226738,65,2821.800004
1.42647,103,2822.015186
102.317109,53,2822.122718
103.164168,60,2822.246125
103.326995,55,2822.359551
3.580988,66,2822.494602
101.674509,60,2822.61992
1.613744,73,2822.784494
1.466945,85,2822.954116
2.710006,70,2823.089618
106.055632,70,2823.227116
102.61854,74,2823.367967
2.091453,123,2823.609759
4.9954,61,2834.950768
-0.189153,85,2835.126236
0.136264,86,2835.289188
0.833478,153,2835.588578
1.309102,73,2835.731306
-0.043238,80,2835.889758
0.76826,72,2836.038296
100.797858,37,2836.113678
-0.415185,92,2836.29203
-0.400116,94,2836.477733
4.590565,60,2836.598612
105.165851,68,2836.731955
4.155347,67,2836.865592
1.055576,74,2837.019306
3.220237,69,2837.154484
-2.276375,124,2837.402708
1.641794,77,2837.558547
103.9232,72,2837.700096
1.421363,73,2837.846756
1.972956,76,2838.000063
102.591615,53,2838.109513
4.402961,75,2838.266678
102.650031,65,2838.400828
0.948359,114,2838.635588
3.135574,75,2838.792296
4.384353,77,2838.975084
1.693014,77,2850.312221
4.388477,99,2850.518361
4.55992,65,2850.660966
3.854848,64,2850.787838
4.967568,66,2850.925212
1.204963,96,2851.124232
1.785926,74,2851.273445
0.153131,657,2852.615175
1.251098,79,2852.775121
3.720197,69,2852.928547
101.413012,47,2853.033113
0.115428,84,2853.198519
3.295885,66,2853.329011
2.056941,80,2853.489386
101.346104,90,2853.666146
3.573024,65,2853.789183
4.576576,81,2853.945351
2.319594,79,2854.1021
2.207739,66,2854.231578
1.159502,76,2854.376493
1.345896,77,2865.964212
100.912042,88,2866.141429
2.492274,69,2866.277388
3.608849,65,2866.408337
4.714694,67,2866.555603
2.900393,72,2866.695267
1.537925,82,2866.854745
0.824647,77,2867.009136
101.287233,67,2867.138271
101.349138,71,2867.275048
104.09911,72,2867.416071
101.144793,52,2867.523603
4.197086,66,2867.650319
3.147665,61,2867.777489
2.374772,71,2867.966575
0.775463,89,2868.20045
5.516153,61,2868.316647
2.620048,73,2868.45705
5.673577,66,2868.586277
3.283578,60,2868.705525
2.531947,68,2868.837803
3.791978,80,2868.994411
-1.770693,107,2869.204125
2.902261,66,2869.334862
101.287093,73,2869.477284
1.996665,76,2869.626169
4.146611,63,2869.752366
5.190082,74,2869.920032
100.845077,82,2881.64376
2.297427,77,2881.798625
3.414514,84,2881.96109
0.499252,74,2882.107154
2.014559,81,2882.278894
105.191352,61,2882.399183
0.52015,75,2882.54736
-0.376257,90,2882.731572
3.460835,69,2882.883073
1.695753,84,2883.059575
4.498417,64,2883.192212
3.47242,67,2883.327889
0.531611,1000,2885.394577
1.211187,78,2885.552307
0.379999,78,2885.722849
101.595865,63,2897.097997
3.618205,60,2897.221374
1.295063,74,2897.372562
3.320329,75,2897.529218
0.185764,78,2897.698579
3.287982,93,2897.878659
102.03063,80,2898.030928
4.357397,66,2898.164344
104.059842,60,2898.281203
101.100701,78,2898.43416
102.416067,74,2898.577404
2.916853,82,2898.743733
1.98716,61,2898.866124
1.790401,63,2898.989616
2.633006,72,2899.135413
3.603487,59,2899.267248
1.309449,101,2899.461495
2.566589,68,2899.590936
1.215095,80,2899.755095
0.693947,87,2899.924337
2.508822,71,2900.062726
102.573252,46,2900.152865
0.127589,93,2900.33904
1.983959,65,2900.46724
2.727024,69,2900.601005
4.325425,68,2900.731603
1.466376,78,2900.898975
105.164357,66,2901.029948
2.318311,65,2912.419827
1.332291,80,2912.580821
100.63185,90,2912.763896
4.111976,68,2912.906512
5.442124,66,2913.040189
0.495144,1000,2915.07236
3.406577,72,2915.216336
2.632793,65,2915.346191
1.496251,75,2915.496475
3.890077,62,2915.618579
3.993654,85,2915.786427
0.927339,99,2915.98195
3.547326,62,2916.126613
4.113796,64,2916.252173
102.732796,80,2916.413135
-0.592749,87,2927.779285
0.873205,77,2927.986214
-0.112143,102,2928.241981
4.763493,63,2928.362026
0.620838,82,2928.522499
101.415751,81,2928.6839
4.001649,65,2928.813064
3.765833,66,2928.944949
1.9597,91,2929.117571
3.083641,76,2929.266372
4.545721,64,2929.39192
0.707176,114,2929.616856
3.663294,82,2929.778114
101.04566,81,2929.935537
4.775246,62,2930.059995
101.294907,52,2930.159299
4.359858,69,2930.29319
3.871398,111,2930.507396
3.969662,90,2930.680963
105.487035,67,2930.812184
102.872126,76,2930.958294
4.050819,65,2931.083926
3.395673,74,2931.225502
3.14334,73,2931.379874
1.532561,71,2931.514999
100.809515,184,2943.128653
101.627203,73,2943.287219
1.84699,69,2943.428594
0.776975,89,2943.612812
4.27425,87,2943.799238
2.369514,70,2943.933999
103.320475,54,2944.039778
0.562665,76,2944.189521
1.961985,68,2944.321574
1.371959,85,2944.488975
-1.2837,103,2944.69192
2.603693,61,2944.822074
1.186588,70,2944.965624
100.508594,56,2945.082387
1.47828,76,2945.242379
101.02049,79,2945.403095
4.273271,64,2945.53418
4.228242,64,2945.66348
1.833786,62,2945.799106
2.576856,72,2945.945689
0.781312,113,2946.181966
1.753098,69,2946.326422
-0.422868,83,2946.497119
3.108826,68,2946.637468
100.96081,67,2946.773036
2.650692,62,2946.895762
100.115723,58,2947.008389
3.573826,66,2947.137753
4.579452,60,2947.255245
0.698892,79,2958.580168
101.983367,59,2958.69378
1.668526,71,2958.840069
101.23517,56,2958.955606
0.961079,72,2959.098547
4.027851,65,2959.226534
100.791648,57,2959.3385
5.187278,87,2959.50942
3.699479,82,2959.670554
101.69463,53,2959.778664
-0.808525,87,2959.948079
1.935717,76,2960.097043
2.930959,72,2960.237682
104.099339,73,2960.378784
5.43186,84,2960.543864
5.261196,62,2960.665637
0.640324,110,2960.897252
3.93817,64,2961.025648
5.995576,66,2961.153344
4.560405,62,2961.275381
1.590701,67,2961.405284
5.533194,81,2961.562926
1.354853,85,2961.727825
0.624055,197,2962.113585
3.859109,68,2962.24775
4.725632,84,2962.410888
1.395991,79,2973.864124
103.552911,77,2974.009533
0.821561,86,2974.178526
4.991914,63,2974.30237
100.349936,57,2974.413321
102.102754,69,2974.550299
3.646062,62,2974.673545
1.359274,79,2974.838408
4.280722,66,2974.973047
2.677173,89,2975.152542
4.864806,62,2975.276664
1.843575,62,2975.406567
0.835068,79,2975.565034
3.088123,61,2975.691018
1.587762,85,2975.861605
103.117304,60,2975.976157
2.822461,74,2976.122223
104.752728,61,2976.237511
1.241553,77,2976.394875
1.515642,71,2976.547215
4.826587,68,2976.683672
2.921521,62,2976.808129
100.879198,73,2976.948129
5.714688,80,2977.103266
100.459503,159,2977.429643
2.987559,60,2977.546513
1.642315,72,2977.687464
2.157094,67,2977.817221
2.907028,68,2989.133167
101.649011,79,2989.304575
4.703237,80,2989.468341
3.826058,65,2989.598466
2.70855,64,2989.728317
1.678946,91,2989.91287
3.912261,69,2990.05393
1.232745,71,2990.19613
104.478264,68,2990.330189
100.791235,58,2990.446189
2.519867,71,2990.590316
1.990537,68,2990.730609
101.385209,85,2990.90666
4.411121,69,2991.047215
2.977905,67,2991.18415
3.405028,71,2991.328069
5.40554,66,2991.463326
1.664614,76,2991.615287
2.14492,70,2991.758053
1.511023,89,2991.934988
2.607148,64,2992.064731
2.738395,73,2992.208546
-0.670315,93,2992.388665
2.009985,82,2992.545123
4.554444,115,2992.775465
-0.067131,91,2992.95912
103.971056,82,2993.125093
3.149251,68,3004.625801
3.475879,64,3004.755963
102.464749,67,3004.887587
4.749627,78,3005.04046
1.479948,74,3005.185682
5.758284,92,3005.369624
101.530077,63,3005.489877
100.56097,66,3005.617875
100.713412,73,3005.760998
2.713502,71,3005.919476
0.985042,71,3006.058332
103.11193,62,3006.181628
4.163739,64,3006.309117
5.278311,62,3006.43323
1.065908,81,3006.592891
4.063518,67,3006.727622
1.027906,81,3006.888336
4.658547,66,3007.018228
-0.56804,100,3007.212582
4.516753,66,3007.344689
101.070234,85,3007.513591
3.274973,60,3007.632172
101.461346,68,3007.766076
5.300455,61,3007.88616
3.075243,68,3008.022256
0.863322,88,3008.211469
0.670979,80,3008.370318
100.802598,79,3008.530176
100.566732,573,3020.9626
3.471505,90,3021.147116
3.046409,80,3021.309105
103.431507,72,3021.454241
-0.229949,114,3021.690893
1.277904,105,3021.908956
101.921571,83,3022.079898
101.273441,79,3022.254519
3.987229,67,3022.385984
2.603922,95,3022.575386
4.810332,75,3022.723955
3.061813,91,3022.907511
4.665012,78,3023.062731
-0.909013,196,3023.45118
4.631053,82,3023.617614
2.489389,88,3023.787496
2.307803,74,3023.932077
101.221444,59,3035.372925
2.257647,88,3035.554962
102.054615,71,3035.703732
2.897046,60,3035.829064
2.813321,69,3035.972772
102.992041,70,3036.116893
101.026113,74,3036.272026
1.493155,62,3036.401059
0.51842,96,3036.608095
1.083263,72,3036.764754
101.371568,57,3036.880291
0.785789,95,3037.068247
101.040128,86,3037.238549
3.631722,70,3037.380005
1.357338,75,3037.531316
3.063585,68,3037.664297
1.395274,63,3037.789426
3.846803,61,3037.908358
2.331099,79,3038.065739
101.507627,91,3038.242857
101.757473,131,3038.504876
3.524033,66,3038.63269
0.164764,85,3038.805684
0.88954,83,3038.967119
101.851061,81,3039.146914
101.369863,196,3050.902666
100.598388,57,3051.029213
4.644956,64,3051.161617
101.154028,39,3051.24093
100.829704,187,3051.623435
4.867731,62,3051.74272
-0.676175,156,3052.057673
1.145991,81,3052.223205
1.609784,68,3052.362082
3.26329,61,3052.489714
3.17285,74,3052.638695
2.058066,70,3052.777555
102.096527,66,3052.911465
5.876644,81,3053.072982
1.667584,77,3053.222994
0.772344,83,3053.389781
-0.981016,103,3053.592659
2.016246,73,3053.736524
1.976762,60,3053.855898
3.319665,60,3053.976358
5.868996,77,3054.131712
0.957734,72,3054.271955
2.123825,81,3054.432313
101.732821,64,3054.559928
1.072178,73,3054.699828
0.715541,129,3054.969178
4.535603,62,3066.265535
4.974139,70,3066.408481
104.968058,65,3066.541963
0.041269,234,3067.041911
2.645406,73,3067.191265
4.331743,77,3067.356862
4.129402,87,3067.534199
0.939025,1000,3069.573346
101.629617,58,3069.68912
-0.246749,105,3069.905801
0.7174,80,3070.071051
1.672471,69,3070.214508
3.629725,71,3070.36061
4.088031,80,3081.744206
1.700143,74,3081.89326
4.164171,72,3082.045161
100.978253,64,3082.176346
5.606929,63,3082.3081
4.335295,62,3082.437588
3.306627,86,3082.616571
101.474677,88,3082.799491
3.085557,82,3082.971145
5.285027,63,3083.093267
4.491806,68,3083.228289
4.185294,65,3083.356055
100.666226,79,3083.51008
4.081268,61,3083.630045
0.746565,100,3083.823554
3.204793,67,3083.955924
101.08736,37,3084.029577
102.465783,47,3084.121063
4.45132,69,3084.263151
4.034479,66,3084.406939
100.371172,76,3084.559768
3.795496,63,3084.679092
1.286482,78,3084.837019
-0.133418,99,3085.028698
-0.451927,174,3085.375921
101.027448,60,3085.493667
5.136869,72,3085.636023
4.550899,64,3097.040885
1.532073,83,3097.206803
2.177967,82,3097.371118
1.981271,62,3097.490052
0.905527,65,3097.621043
3.415045,106,3097.830244
0.502118,82,3097.98989
3.821885,79,3098.145344
3.547288,61,3098.262061
3.314452,83,3098.42129
4.646966,68,3098.556821
100.639074,85,3098.737729
105.499995,62,3098.858314
4.574724,63,3098.978935
2.91705,91,3099.156539
3.082443,78,3099.307761
0.745552,80,3099.465148
3.023774,91,3099.651561
0.521488,87,3099.823645
0.649821,66,3099.955492
2.966325,68,3100.093444
102.179955,71,3100.253128
0.839974,64,3100.37753
3.043961,71,3100.517135
3.836784,88,3100.68934
3.978869,64,3100.814485
-0.228004,84,3100.988068
101.740926,69,3112.428791
5.422991,62,3112.55722
1.046518,73,3112.717097
2.991997,68,3112.862295
1.379711,95,3113.057793
2.508923,63,3113.187724
-2.1011,338,3113.90909
2.02259,82,3114.083876
1.908771,71,3114.230555
-1.666116,100,3114.437681
5.67058,82,3114.611411
0.29753,94,3114.805891
2.122317,82,3114.973217
101.614386,57,3115.092978
-0.840391,91,3115.278651
3.198414,70,3115.423112
101.093141,73,3115.573248
1.575908,76,3115.728805
1.489873,75,3115.885279
1.353642,86,3116.06203
1.845929,78,3116.225709
3.831878,82,3116.392846
2.067112,103,3116.602493
2.745944,81,3127.972254
4.552803,64,3128.102515
3.906794,61,3128.225439
3.539185,87,3128.404052
1.091382,68,3128.560167
4.34881,69,3128.703876
2.353862,93,3128.895696
1.807733,81,3129.064197
1.525084,70,3129.21121
5.014958,73,3129.361228
0.665981,71,3129.504985
4.212913,87,3129.687383
1.432557,66,3129.822254
2.486402,69,3129.959628
3.936637,66,3130.102549
-1.02633,135,3130.369602
2.851226,63,3130.493589
4.470559,69,3130.629416
1.723533,75,3130.775047
100.55335,56,3130.909117
104.927497,59,3131.025299
1.80535,61,3131.147405
2.713936,75,3131.305209
5.444344,64,3131.43689
2.909361,65,3131.573041
1.839633,69,3131.714829
3.561849,74,3131.863944
3.453441,61,3131.991194
-0.416967,511,3144.263822
3.44297,68,3144.407787
102.620943,76,3144.556329
3.753298,71,3144.695648
0.315314,89,3144.871026
2.04768,81,3145.030502
101.466545,99,3145.234925
3.345205,64,3145.368009
2.832043,62,3145.496929
3.032272,83,3145.666203
3.959777,72,3145.813821
2.15535,135,3146.092268
1.498102,78,3146.264222
1.569622,78,3146.42112
100.76222,60,3146.545789
0.443205,76,3146.705644
1.614514,80,3146.87285
101.88813,53,3146.983222
1.330723,68,3147.12043
1.485458,68,3147.271548
100.813728,78,3147.435017
3.66785,98,3158.870956
2.236587,60,3158.989911
0.601459,70,3159.141681
4.455251,68,3159.272761
3.778974,67,3159.405763
103.811655,80,3159.562155
4.815587,84,3159.727891
104.869744,71,3159.866215
4.487284,71,3160.007184
-1.065202,101,3160.205009
5.060821,84,3160.372562
3.913389,96,3160.562539
3.617774,64,3160.689747
2.791428,62,3160.811618
102.703873,72,3160.959155
1.500402,76,3161.112015
2.720943,71,3161.254151
100.574882,93,3161.444359
3.591392,93,3161.630682
3.909975,86,3161.810295
2.907204,87,3161.989512
2.024038,68,3162.129555
2.725904,93,3162.320177
2.324499,69,3162.463105
2.382062,75,3162.623384
2.216152,92,3162.822582
3.99598,69,3174.178869
4.335682,67,3174.314994
0.415294,76,3174.470922
0.76037,111,3174.713865
101.26602,69,3174.850039
101.356871,90,3175.024608
4.055489,60,3175.144167
4.313462,97,3175.33862
5.115909,63,3175.464744
102.068299,67,3175.595826
5.967191,73,3175.739511
100.862104,89,3175.928301
0.105561,110,3176.161267
-0.730677,82,3176.333132
102.687476,69,3176.465658
1.192153,82,3176.627006
1.30369,66,3176.752403
2.574626,81,3176.908555
4.544157,86,3177.078171
102.049259,85,3177.242608
2.504245,62,3177.365091
0.894298,72,3177.504032
4.747681,67,3177.635527
2.366542,65,3177.764426
101.489925,60,3177.88104
100.760609,54,3177.988437
103.161485,74,3178.132663
0.627222,91,3189.67743
1.058178,94,3189.876161
3.32307,71,3190.022506
-0.365172,1000,3192.108466
102.458022,74,3192.257565
100.764062,72,3192.405865
4.330895,66,3192.545598
2.128959,64,3192.676428
4.17987,80,3192.859584
1.723944,60,3192.983253
2.790127,107,3193.204798
5.570084,84,3193.376249
1.377326,71,3193.520856
0.299452,140,3193.809935
3.044951,68,3205.151791
0.843315,1000,3207.195864
3.282416,63,3207.324382
4.582399,79,3207.483369
4.42962,66,3207.619702
-0.226852,95,3207.814132
104.161585,79,3207.993118
4.323059,104,3208.209476
2.131531,68,3208.347135
102.185466,72,3208.49247
3.764407,74,3208.63982
2.469441,61,3208.766304
3.81367,64,3208.901807
5.785205,64,3209.035034
2.506202,92,3209.225664
4.336958,67,3220.538241
3.429288,102,3220.748676
2.554069,68,3220.888109
4.463409,67,3221.032877
2.88655,86,3221.213188
100.192395,45,3221.309179
1.403747,61,3221.435723
2.488612,71,3221.582678
2.815343,74,3221.735041
-0.960574,92,3221.925037
102.489171,79,3222.087533
1.434252,73,3222.233174
101.803595,70,3222.37429
103.806606,57,3222.493071
102.110177,67,3222.629475
3.282126,87,3222.806152
2.277648,81,3222.97449
2.247173,86,3223.154767
3.29234,86,3223.326026
3.797101,66,3223.459162
101.015781,84,3223.625362
-2.169842,118,3223.857897
101.635049,55,3223.964663
1.023813,176,3224.312865
2.767309,77,3224.487222
2.252552,69,3224.625572
1.242032,84,3236.005884
1.464822,82,3236.177497
2.251852,83,3236.354055
5.054719,72,3236.493951
5.71259,65,3236.622627
101.208812,54,3236.728475
5.612112,61,3236.850514
100.809384,69,3236.992332
2.729707,69,3237.125223
3.268772,78,3237.280378
-0.228982,101,3237.479
5.346214,63,3237.600894
100.720694,57,3237.713328
2.393779,72,3237.854544
3.368369,71,3237.996696
3.76147,71,3238.147721
2.429097,61,3238.276738
2.332187,77,3238.437597
3.014274,66,3238.576921
1.992838,82,3238.746611
3.743961,67,3238.886237
0.492706,83,3239.061317
4.986645,62,3239.189251
3.361197,68,3239.332142
2.460224,65,3239.468943
1.831798,69,3239.610353
102.859126,76,3239.766028
1.20321,92,3239.946937
4.580569,62,3251.450353
3.317934,61,3251.57495
-0.081802,1000,3253.628689
102.014182,78,3253.787665
5.160126,62,3253.910547
103.666264,59,3254.027039
1.839376,74,3254.172719
3.243011,75,3254.318846
1.692472,82,3254.477521
2.530325,69,3254.614007
0.812839,109,3254.825851
104.68942,80,3254.980354
2.97611,85,3255.147753
102.402608,47,3255.241316
101.357166,90,3255.415911
1.732285,80,3266.85788
1.088972,69,3266.999056
102.015163,77,3267.150277
2.292451,70,3267.28975
2.523491,60,3267.41519
4.172233,68,3267.560015
5.349625,70,3267.713441
3.729894,65,3267.849325
0.51952,71,3267.995695
102.59159,64,3268.128823
4.549823,63,3268.259614
1.556928,81,3268.427803
6.245276,71,3268.573831
1.832331,74,3268.727355
5.768349,71,3268.873493
3.358,61,3269.018603
2.295037,96,3269.214141
2.612209,62,3269.340927
3.430922,72,3269.48959
0.749944,119,3269.739608
-0.278952,367,3270.490074
3.052678,87,3270.683291
102.105895,51,3270.788706
3.220205,68,3270.929638
2.143901,71,3282.339643
1.402653,95,3282.541824
3.071002,86,3282.722767
100.85101,86,3282.898378
4.110515,67,3283.039326
3.26882,67,3283.183322
1.829457,74,3283.335312
4.744076,79,3283.49941
3.600257,67,3283.637691
104.555477,61,3283.764939
-0.595806,110,3283.991305
3.222374,61,3284.120582
100.591141,91,3284.307718
100.240902,14,3284.337112
3.821627,58,3284.455969
1.841081,70,3284.59688
0.463334,67,3284.735223
4.397734,68,3284.869427
3.071344,75,3285.016817
4.642012,68,3285.148042
3.568186,70,3285.286037
1.648963,61,3285.403355
4.518755,78,3285.554717
2.478931,84,3285.716507
1.204966,82,3285.875279
3.825714,70,3286.014544
2.78962,74,3286.174728
1.651198,80,3286.330873
1.421619,75,3297.755778
102.374599,77,3297.912224
3.993228,92,3298.102046
101.321605,67,3298.237303
3.819679,81,3298.417012
2.578949,69,3298.562236
5.632116,63,3298.69234
3.564466,102,3298.901963
5.055143,73,3299.041097
1.397032,72,3299.180314
4.38665,67,3299.313595
1.039208,76,3299.472363
4.1562,64,3299.597258
3.964364,61,3299.71605
4.894882,67,3299.846455
100.849219,80,3300.012173
100.635658,69,3300.150545
4.646638,68,3300.28714
1.343067,65,3300.415787
1.955978,80,3300.573185
101.441992,64,3300.698781
4.69995,85,3300.874123
100.947027,73,3301.020697
0.55181,74,3301.168321
4.276257,83,3301.339082
0.55771,93,3301.527062
101.931239,66,3301.664662
2.702349,73,3301.815712
102.151591,55,3313.187052
0.838542,83,3313.35298
4.921802,63,3313.482665
0.646134,75,3313.636216
101.304801,82,3313.802851
3.996216,70,3313.948941
4.249049,65,3314.079758
4.848779,62,3314.205534
3.754778,67,3314.338007
1.832037,63,3314.464447
3.350827,78,3314.633326
0.639051,108,3314.85403
0.078898,80,3315.015994
4.325493,72,3315.164166
100.806127,70,3315.308395
101.197597,91,3315.49822
3.252017,72,3315.64935
102.440538,72,3315.796458
2.257766,62,3315.92521
100.868211,63,3316.054376
3.942442,63,3316.18113
2.711386,63,3316.311115
2.383065,60,3316.432953
1.650969,92,3316.624335
3.542231,83,3316.793607
101.048287,70,3316.935634
5.030652,62,3317.063175
1.602034,70,3317.213704
2.529819,61,3317.340256
2.134242,95,3328.783452
100.691416,78,3328.943291
2.68657,78,3329.106806
2.916684,67,3329.249567
0.42301,1000,3331.31853
2.880065,75,3331.470819
1.776494,88,3331.652028
4.069847,62,3331.780916
100.914741,77,3331.940044
5.69267,62,3332.069143
2.021524,73,3332.225062
0.252998,84,3332.410317
2.216237,88,3332.589744
0.271545,108,3332.818339
5.613784,66,3344.247017
2.886804,63,3344.371786
101.276258,79,3344.526797
2.336143,76,3344.67231
-0.572912,93,3344.873568
4.137798,70,3345.018674
0.586518,265,3345.555388
4.348447,69,3345.69853
103.42423,73,3345.849747
0.811672,1000,3347.931611
4.088161,92,3348.12252
0.930707,79,3348.2814
1.27301,88,3359.686666
1.077068,81,3359.861165
101.010575,69,3360.001666
102.262253,66,3360.137897
2.336367,81,3360.306213
1.717904,60,3360.430292
100.974009,45,3360.521547
2.954245,66,3360.654453
1.910283,69,3360.791381
4.793012,64,3360.924325
0.686447,80,3361.088766
101.140689,70,3361.234504
103.675828,58,3361.355268
3.887262,67,3361.495579
3.276275,92,3361.679347
2.201958,72,3361.827647
103.00106,66,3361.961113
103.578938,79,3362.119872
2.531656,71,3362.266756
5.457918,61,3362.391956
104.088409,60,3362.511038
4.664194,71,3362.655468
5.393168,64,3362.787779
105.209164,69,3362.929392
1.89805,72,3363.078078
4.267204,74,3363.228914
2.229851,63,3363.357945
1.911725,74,3363.511431
102.945737,55,3363.622432
100.886495,90,3375.084102
3.985941,65,3375.214254
101.061117,76,3375.369021
4.794893,60,3375.503037
3.000978,62,3375.634004
4.132852,60,3375.762752
4.082985,67,3375.897637
4.463684,89,3376.082225
1.397599,72,3376.230511
4.296751,90,3376.418693
100.809449,83,3376.58831
0.303256,81,3376.757421
4.735554,63,3376.885573
4.050361,64,3377.017268
3.938126,88,3377.205983
1.086587,72,3377.357752
2.49271,67,3377.493758
104.793697,80,3377.656113
1.407504,68,3377.793096
0.597595,88,3377.971941
2.359785,66,3378.106078
1.533275,74,3378.255155
2.358837,94,3378.449841
100.597469,54,3378.564183
102.073884,69,3378.706573
4.976105,66,3378.840186
4.382755,83,3379.020334
101.453875,102,3379.23181
5.017163,61,3390.586864
2.589079,74,3390.731951
1.957485,71,3390.869273
4.470039,65,3390.99527
5.830064,64,3391.123435
1.722238,95,3391.330865
1.851038,69,3391.473095
103.51987,78,3391.63505
0.525245,97,3391.839387
101.341183,70,3391.984584
104.398394,64,3392.116571
2.376626,74,3392.267554
1.636841,87,3392.446202
1.58355,68,3392.587985
104.313922,68,3392.731102
3.721537,60,3392.853701
4.086816,68,3392.994971
102.719617,66,3393.124982
-2.092421,117,3393.375
3.728964,66,3393.51305
4.577784,65,3393.646155
4.322553,66,3393.782496
1.284977,81,3393.948033
101.175699,56,3394.062452
4.299728,76,3394.216735
3.022248,61,3394.343494
5.324072,61,3394.469522
101.499396,80,3394.6341
3.259312,66,3405.956389
101.627662,44,3406.043523
4.758982,64,3406.193794
2.21052,69,3406.335536
0.956108,83,3406.50281
1.475481,65,3406.63344
5.713167,71,3406.781795
100.214976,66,3406.917652
5.00975,63,3407.055727
101.16876,55,3407.170019
101.281188,85,3407.345083
0.656297,114,3407.57997
102.032576,48,3407.67453
101.143734,35,3407.745946
3.270744,67,3407.883405
2.171618,66,3408.020141
5.419994,90,3408.227099
2.883096,79,3408.386421
2.67171,62,3408.512088
4.709512,92,3408.698818
4.25009,65,3408.827592
3.010717,69,3408.968253
0.759759,78,3409.12928
5.875721,63,3409.259663
103.441594,50,3409.36124
3.792005,82,3409.528365
2.271621,69,3409.670597
5.585942,68,3409.814957
104.7095,66,3409.954442
101.759469,59,3410.078109
3.766034,66,3421.345617
4.396977,73,3421.491952
2.363072,78,3421.643494
1.667796,83,3421.804356
-0.302643,99,3422.019466
103.976417,73,3422.162159
0.115082,88,3422.344784
2.211258,60,3422.470417
4.803927,70,3422.615322
1.581045,77,3422.777183
101.042192,41,3422.856838
1.476507,63,3422.992699
1.674988,74,3423.145061
0.267568,107,3423.369271
3.926375,75,3423.521784
103.948953,56,3423.633043
2.88612,70,3423.774962
1.462815,75,3423.92681
100.748132,70,3424.070093
102.55922,47,3424.167168
4.750556,68,3424.306186
1.965106,77,3424.460447
2.909341,90,3424.644116
3.332211,109,3424.866133
0.623937,106,3425.087714
1.340071,103,3425.296581
101.258454,74,3425.448851
5.947277,72,3436.85453
2.440969,72,3437.002502
1.437193,82,3437.185058
2.848994,61,3437.307397
101.602811,69,3437.449721
4.341683,95,3437.644196
100.867392,68,3437.784321
0.88136,76,3437.944226
2.363748,87,3438.117806
2.136155,62,3438.238478
2.959726,119,3438.477397
-0.118656,75,3438.626494
4.684157,62,3438.748622
1.696896,75,3438.893848
3.9959,70,3439.029475
101.515978,73,3439.171716
4.224455,66,3439.305727
1.784778,122,3439.551295
101.452158,84,3439.715276
4.256486,68,3439.845426
100.291033,66,3439.978308
101.726626,73,3440.116442
4.157324,64,3440.245514
103.790567,68,3440.379925
0.122761,105,3440.587008
2.382528,73,3440.729865
2.931262,73,3452.108447
3.488843,70,3452.247485
1.761872,84,3452.407967
4.681226,82,3452.575814
2.451773,81,3452.739013
3.610442,70,3452.881452
100.449958,77,3453.037063
4.286589,60,3453.159522
0.984891,79,3453.317826
4.613415,60,3453.440388
1.42288,82,3453.606829
2.162873,79,3453.76659
4.26271,63,3453.892917
2.212742,87,3454.072886
0.613891,78,3454.243565
2.222257,68,3454.384198
3.069386,74,3454.534931
101.244774,57,3454.652768
103.162227,66,3454.791388
5.888282,64,3454.921895
2.178741,72,3455.070072
5.057151,97,3455.260912
101.188384,90,3455.43878
3.65482,69,3455.573502
4.742094,82,3455.737091
1.253596,1000,3468.948193
2.142827,74,3469.100398
3.255143,67,3469.231897
6.048868,72,3469.372834
3.726255,74,3469.518672
5.254161,81,3469.681361
4.544811,68,3469.815852
-0.275215,112,3470.035789
104.687791,67,3470.174665
104.442916,58,3470.287437
0.810913,65,3470.414626
3.351034,67,3470.545687
5.281785,67,3470.679235
2.790157,71,3470.822199
101.43549,45,3470.90845
4.06317,169,3471.253853
101.363796,78,3471.413013
104.349109,77,3482.814374
3.291472,61,3482.93162
4.076038,66,3483.065083
0.786169,88,3483.252843
2.79392,75,3483.401824
2.069804,70,3483.537963
101.791985,59,3483.654744
101.628789,90,3483.837676
102.480054,71,3483.987673
5.54366,68,3484.120324
101.264766,82,3484.284383
6.073736,64,3484.408644
102.711856,62,3484.531662
3.227152,72,3484.67716
101.342589,67,3484.819847
3.651412,63,3484.964346
1.163191,87,3485.14281
102.285769,67,3485.27892
1.822853,150,3485.587694
101.496201,81,3485.750265
2.449967,103,3485.951823
1.953307,80,3486.108101
101.122227,47,3486.207972
2.992323,68,3486.348646
-2.571301,150,3486.668988
0.537611,72,3486.816374
4.971859,65,3486.951585
3.112719,94,3498.374881
3.555295,67,3498.506388
1.286537,73,3498.653359
4.633216,65,3498.785282
105.018602,65,3498.93785
1.797165,61,3499.056811
104.42978,62,3499.176691
100.849321,78,3499.333056
3.402583,85,3499.495532
1.822189,87,3499.664988
-0.308246,78,3499.818211
4.213692,87,3499.994554
4.691406,86,3500.171575
101.528775,89,3500.357904
101.039359,74,3500.508476
2.911292,82,3500.694479
3.698379,90,3500.87949
0.763,67,3501.015407
4.340898,80,3501.181711
102.171112,47,3501.276158
0.716281,133,3501.552343
3.975621,84,3501.723192
4.678428,69,3501.864251
3.149355,63,3501.991658
3.978186,64,3502.121327
4.072662,70,3502.262195
2.16352,69,3513.63916
2.180508,81,3513.803365
4.189912,77,3513.962825
101.517278,50,3514.065559
5.15825,64,3514.197022
0.575089,123,3514.450398
2.904332,70,3514.595357
101.347288,85,3514.78724
103.155456,73,3514.941483
2.937302,75,3515.098976
2.726056,68,3515.239083
3.497595,69,3515.387908
5.036516,92,3515.578586
1.473806,75,3515.733492
1.108631,128,3516.002119
3.012849,59,3516.12438
3.92915,62,3516.251669
101.3422,79,3516.418366
4.067022,86,3516.594427
2.792021,66,3516.730102
1.977699,77,3516.886607
101.603821,72,3517.031226
4.923193,81,3517.200346
1.336055,87,3517.374849
4.747237,70,3517.520341
101.329149,84,3517.692185
2.415591,70,3517.842144
2.297984,75,3529.361652
1.061159,78,3529.52948
1.51034,80,3529.696105
1.537241,77,3529.857559
101.773635,44,3529.947209
3.316365,62,3530.074621
101.526863,62,3530.200559
1.936483,80,3530.376287
0.50234,68,3530.514221
3.555439,76,3530.670237
4.56013,63,3530.799779
2.936801,67,3530.949574
3.114075,71,3531.097694
1.485756,64,3531.228357
2.52309,81,3531.395022
3.987261,61,3531.521724
100.427103,76,3531.682973
-0.493949,92,3531.868542
104.68314,64,3532.002202
6.258339,64,3532.137026
3.820626,86,3532.31355
3.348069,60,3532.439258
100.526477,61,3532.562297
101.433183,73,3532.715093
5.582262,83,3532.883809
5.072269,65,3533.019365
2.672696,70,3533.163542
0.789386,73,3533.310566
104.031965,55,3533.436772
101.448295,70,3544.831055
2.603517,69,3544.968563
4.746178,77,3545.132469
103.324145,58,3545.2488
-0.910665,264,3545.77709
100.771766,57,3545.893358
3.802987,60,3546.010657
3.514197,70,3546.146026
4.145153,61,3546.259299
103.006617,65,3546.387478
3.735873,72,3546.527199
102.149799,71,3546.67942
100.997661,87,3546.852717
4.040349,72,3546.997772
103.506885,59,3547.117113
102.232537,74,3547.263838
1.407992,89,3547.442245
-0.167693,80,3547.598484
3.731447,64,3547.728869
2.747921,84,3547.892642
3.270615,63,3548.016134
2.966252,66,3548.147888
2.791393,76,3548.298112
3.079392,81,3548.470232
5.519355,64,3548.592486
100.599339,84,3548.763018
102.787216,76,3560.124694
3.078302,60,3560.247103
1.78176,79,3560.407721
3.444826,68,3560.548593
5.357329,73,3560.707795
4.489435,66,3560.845218
4.177347,73,3560.995243
0.580749,87,3561.176979
101.28303,74,3561.331604
1.743232,66,3561.465636
2.014793,83,3561.633344
103.001794,61,3561.758933
4.915319,61,3561.877018
3.574371,61,3561.996726
2.691064,68,3562.13054
3.448043,65,3562.259104
101.143773,58,3562.373872
0.228437,80,3562.534975
4.139529,77,3562.687007
5.097708,70,3562.827328
3.543773,61,3562.947195
106.039977,63,3563.071971
103.353332,52,3563.176622
100.410764,52,3563.278716
100.760904,74,3563.420694
0.147672,261,3563.937474
103.373816,72,3564.080714
2.847867,68,3575.409668
1.830752,67,3575.537443
5.038498,123,3575.780812
104.612396,61,3575.902299
3.559879,73,3576.051217
3.171416,78,3576.202326
5.401947,74,3576.34908
3.074926,72,3576.503262
3.196091,67,3576.646399
5.541163,73,3576.794241
3.274077,70,3576.926542
1.521415,70,3577.062754
3.560768,75,3577.211613
2.901202,62,3577.337285
1.919372,86,3577.500319
2.76786,71,3577.640307
1.622142,81,3577.79792
-0.334272,89,3577.977591
-0.311118,84,3578.143708
105.686808,71,3578.28047
0.998956,106,3578.488495
2.948279,60,3578.608199
0.93773,132,3578.870581
0.133348,377,3590.837897
4.366289,81,3591.012595
101.311556,71,3591.152729
4.504516,67,3591.288444
2.240023,69,3591.421667
101.778882,66,3591.549531
1.204275,60,3591.665957
1.631608,78,3591.824041
2.608668,70,3591.964071
4.986035,134,3592.226134
105.21102,59,3592.343085
100.631306,87,3592.526373
3.661904,85,3592.699528
0.674886,80,3592.877141
4.51325,64,3593.012709
2.975267,61,3593.140935
101.694972,66,3593.284805
1.711026,70,3593.427425
4.480778,93,3593.621037
-0.613746,106,3593.838897
104.59852,56,3593.945167
4.400138,64,3594.070817
5.870483,70,3594.21208
3.553128,61,3594.351258
5.416455,61,3594.471865
1.474218,71,3594.614301
2.89911,77,3594.763884
102.250595,66,3606.170862
101.389143,85,3606.339304
101.340118,92,3606.52498
-0.940571,109,3606.750285
101.141843,176,3607.103987
2.688356,68,3607.239726
4.206798,68,3607.374805
2.434107,69,3607.508096
5.157601,61,3607.629829
100.446243,73,3607.772226
103.347848,73,3607.913217
0.986208,99,3608.110445
3.244954,78,3608.28465
4.264799,64,3608.410273
2.486292,71,3608.547984
1.333512,74,3608.693196
1.724041,75,3608.839385
1.821259,126,3609.082434
1.786844,77,3609.234324
4.288765,69,3609.368632
2.144086,72,3609.509921
5.905908,62,3609.630136
1.271268,86,3609.79735
5.134501,93,3609.989545
4.915906,84,3610.179819
4.226702,60,3621.55911
101.816566,72,3621.707605
105.393101,68,3621.847713
3.885697,90,3622.038155
104.755919,68,3622.188133
3.723562,68,3622.328147
101.445294,72,3622.481414
0.912826,74,3622.64732
-0.062819,106,3622.860989
5.540212,65,3622.993166
1.664599,74,3623.14384
5.321668,70,3623.282218
1.708037,84,3623.443328
100.967799,131,3623.705387
5.244822,77,3623.864354
4.102925,60,3623.987913
101.495269,81,3624.153478
102.012142,60,3624.276992
-0.619095,103,3624.490939
0.415243,86,3624.670784
2.894988,98,3624.86972
3.000486,63,3624.990757
-2.319772,158,3625.306983
4.859609,63,3625.431837
4.219412,73,3625.579247
2.166488,77,3636.889273
101.324883,74,3637.036489
6.032159,63,3637.162469
100.755435,46,3637.254548
4.856539,61,3637.388443
1.671877,75,3637.533895
3.711128,65,3637.658093
5.477814,61,3637.777236
1.957249,77,3637.933875
101.203586,84,3638.094837
105.344798,67,3638.22544
2.199432,110,3638.441424
0.724313,77,3638.590632
3.435558,70,3638.739703
1.65589,69,3638.876932
100.080415,60,3638.994656
100.982884,98,3639.185144
2.174826,69,3639.320265
3.525556,73,3639.461413
3.503739,95,3639.6462
4.610583,60,3639.762225
0.379323,74,3639.906469
0.590283,88,3640.080732
3.742754,83,3640.244494
0.156394,94,3640.43266
5.039364,72,3640.574192
0.617858,89,3640.750196
5.110999,84,3652.082675
3.926031,84,3652.257099
100.635546,79,3652.414511
2.735423,72,3652.557007
3.373571,89,3652.737935
0.090225,145,3653.02289
1.726648,68,3653.160004
103.672425,73,3653.306823
1.05665,67,3653.437978
5.372956,73,3653.581343
2.971232,69,3653.716522
1.572352,75,3653.862911
100.694483,80,3654.020118
4.304265,64,3654.147109
103.18345,69,3654.296079
4.611051,70,3654.431397
2.663334,70,3654.572104
3.058937,61,3654.694951
101.17351,74,3654.839839
0.645735,81,3654.997805
4.315518,65,3655.122404
100.481738,66,3655.251877
103.252406,53,3655.357867
3.198978,68,3655.48878
101.386096,72,3655.625417
100.7507,89,3655.798787
3.867701,86,3655.963446
1.080589,65,3667.22888
101.671609,95,3667.416837
4.75073,60,3667.538605
3.008463,70,3667.682201
101.317034,40,3667.776221
-0.142924,76,3667.937115
4.438386,63,3668.070403
100.700623,85,3668.237693
1.474142,68,3668.385373
103.244793,74,3668.537442
2.415681,77,3668.696173
102.909563,80,3668.861112
102.421252,63,3668.988783
1.203484,71,3669.127925
100.257968,61,3669.248137
3.468779,61,3669.374919
101.744685,71,3669.522475
1.672382,73,3669.671049
102.338124,70,3669.813604
-2.283388,130,3670.077557
0.737689,81,3670.246546
5.10921,63,3670.374748
100.826134,102,3670.587825
-0.947891,87,3670.765104
5.29993,66,3670.896737
101.058832,59,3671.014483
0.445956,71,3671.151933
4.046262,69,3671.286678
100.739878,77,3682.646951
2.489586,75,3682.818916
103.098675,49,3682.920313
4.051227,61,3683.045228
4.283937,75,3683.201211
101.142186,74,3683.354015
4.869531,78,3683.514823
1.415003,82,3683.681285
4.888808,76,3683.841409
1.85644,81,3684.00971
103.760319,65,3684.140954
2.385697,78,3684.300165
101.213354,59,3684.421026
0.425995,75,3684.574945
100.499279,162,3684.904311
5.092453,65,3685.033041
1.349477,71,3685.176099
1.425309,74,3685.325006
-0.264252,79,3685.484508
101.118433,86,3685.654176
102.724747,67,3685.805403
4.63436,89,3685.98778
2.118945,73,3686.139934
3.723318,70,3686.287221
2.236556,79,3686.453902
101.662817,88,3686.634215
103.50032,74,3686.788593
2.332904,82,3698.279498
104.222331,67,3698.416781
1.233564,68,3698.559881
3.61657,63,3698.69264
0.960065,73,3698.844597
-0.962918,98,3699.046428
1.434243,91,3699.237962
101.29186,96,3699.434085
-0.369013,84,3699.602271
100.233011,72,3699.74231
3.582452,60,3699.873049
2.459527,63,3699.998066
101.365687,119,3700.231621
0.565842,76,3700.378724
-2.072507,120,3700.614137
101.876575,77,3700.770345
1.089362,95,3700.954436
3.364767,76,3701.108245
2.257946,69,3701.246331
1.191131,70,3701.390339
3.908591,64,3701.521298
5.094146,65,3701.657512
103.00965,76,3701.824982
100.374082,74,3701.97909
1.918895,84,3702.149331
3.580702,71,3702.30453
103.259148,73,3713.643179
4.537073,66,3713.777384
5.032375,64,3713.903938
3.838512,63,3714.030267
100.722564,84,3714.212219
103.056595,72,3714.362704
1.017435,93,3714.55828
2.664667,68,3714.698929
102.225377,42,3714.785109
1.272954,75,3714.947173
101.430925,115,3715.18562
2.200893,69,3715.329808
2.648612,63,3715.46511
2.615664,62,3715.60213
101.279188,75,3715.756538
3.801917,83,3715.940477
2.651227,68,3716.080299
2.982841,77,3716.24155
103.671664,74,3716.396346
3.69315,67,3716.534914
4.277814,68,3716.676656
3.555623,65,3716.807104
5.746305,74,3716.953111
1.14865,80,3717.106843
2.710721,62,3717.229459
1.302405,92,3717.414244
1.110059,69,3717.550218
3.413762,63,3717.684059
-0.135822,165,3729.202936
2.164754,71,3729.352938
5.093956,63,3729.484319
101.117494,64,3729.620458
4.427318,69,3729.762851
4.472399,86,3729.961038
1.774064,76,3730.1226
101.362704,47,3730.222946
100.695375,79,3730.387303
102.279984,71,3730.533785
-1.476446,117,3730.768664
103.117013,77,3730.918264
102.674599,63,3731.044256
1.906023,68,3731.175906
101.592768,66,3731.308481
3.184778,69,3731.444156
2.679756,64,3731.567375
5.212524,86,3731.739665
4.191148,62,3731.869076
102.365724,72,3732.01657
104.101381,57,3732.12335
5.031873,68,3732.257879
102.686944,78,3732.414507
5.403498,66,3732.545217
5.07452,65,3732.671627
0.36849,84,3732.836029
4.184117,69,3732.969953
104.222462,63,3744.318406
5.954051,66,3744.472727
1.44107,92,3744.663181
103.70705,71,3744.812083
102.976018,70,3744.963745
101.499519,77,3745.119725
2.899997,69,3745.258305
2.357884,62,3745.389508
3.549348,79,3745.552196
104.838082,70,3745.699871
101.717098,97,3745.891598
2.442829,75,3746.035242
4.477544,63,3746.160892
5.317479,81,3746.320456
4.548942,68,3746.464486
100.104847,72,3746.61167
2.071966,80,3746.772927
1.241858,89,3746.962492
100.686132,24,3747.006716
1.735795,73,3747.149122
-0.282003,77,3747.308938
4.59838,66,3747.442909
101.62252,57,3747.559227
1.14514,231,3748.032146
3.03472,66,3748.165965
102.555481,69,3748.31065
2.517088,61,3748.434726
1.077652,89,3759.892345
1.094938,89,3760.077311
102.277969,47,3760.18232
101.079081,84,3760.344554
3.375575,64,3760.469159
0.400957,100,3760.667151
0.925123,60,3760.786324
102.50205,62,3760.907388
3.738485,64,3761.032743
4.722316,68,3761.172983
1.963754,63,3761.297435
1.65166,77,3761.451339
101.729688,54,3761.555071
1.505786,88,3761.724998
1.470804,96,3761.918934
2.691443,80,3762.084768
3.336129,67,3762.223145
4.542071,81,3762.39245
2.509283,69,3762.532539
0.715901,78,3762.703914
3.382428,84,3762.874793
103.48834,62,3762.996214
5.847629,65,3763.125414
101.635899,64,3763.25334
100.793513,61,3763.368989
102.390653,69,3763.512664
2.386171,70,3763.659226
2.582294,63,3763.788806
1.343796,89,3775.210952
102.316388,44,3775.318021
101.807215,79,3775.474982
4.00044,71,3775.618675
106.031321,69,3775.757391
102.30076,70,3775.895488
1.4674,72,3776.034982
106.124942,70,3776.175692
3.895117,67,3776.315802
0.561935,86,3776.487833
101.312111,34,3776.552249
4.599104,84,3776.715729
1.280213,77,3776.871621
2.009948,75,3777.020795
5.164642,74,3777.161961
3.271684,70,3777.298907
4.263862,68,3777.434358
101.548867,63,3777.562984
3.059083,70,3777.701725
1.325,1000,3791.041665
5.742586,83,3791.210031
-1.844839,131,3791.468405
2.976589,74,3791.616192
1.791592,70,3791.761275
0.942858,527,3792.7886
1.442129,78,3792.942689
103.561902,73,3793.086992
3.827359,61,3793.209965
1.177438,84,3793.369391
3.547807,69,3793.505032
1.606285,86,3793.677922
102.249591,77,3793.835347
4.436237,68,3793.970208
104.329122,65,3794.094348
4.862622,60,3794.210672
3.558799,77,3794.361963
2.19143,76,3794.512916
5.256735,82,3805.898113
100.480714,51,3806.01146
5.703811,64,3806.133259
0.035737,81,3806.289795
1.566728,82,3806.446523
100.933476,85,3806.606971
101.068602,67,3806.739381
1.650253,78,3806.892026
4.684757,85,3807.058017
4.533159,92,3807.233619
1.264477,79,3807.384971
1.097107,79,3807.536047
101.839058,64,3807.658563
4.328144,60,3807.777751
0.659642,92,3807.95623
5.153735,61,3808.078366
-1.399668,96,3808.263627
100.767255,61,3808.382495
1.972253,73,3808.523417
2.026454,61,3808.657714
1.517057,80,3808.813732
4.202738,63,3808.937229
3.269866,63,3809.067382
2.610172,89,3809.254475
3.949351,67,3809.392842
3.618309,88,3809.568434
2.393261,71,3809.708753
100.225301,222,3821.414005
2.724871,59,3821.53265
104.261429,56,3821.641392
2.211254,69,3821.776128
1.141857,64,3821.901531
102.075196,83,3822.061977
3.253819,70,3822.197829
1.478828,81,3822.369589
0.920784,82,3822.531324
-0.013877,87,3822.697034
-0.732727,745,3824.16046
101.915209,79,3824.323593
2.369971,69,3824.454237
1.113829,77,3824.601732
4.126861,73,3824.744744
1.012825,67,3824.877316
4.245765,79,3825.032562
0.229983,87,3825.201444
1.268257,84,3836.558026
2.26897,71,3836.699675
101.528636,60,3836.829473
100.725503,44,3836.91831
1.42065,83,3837.081392
2.30717,67,3837.214076
100.776624,82,3837.375093
102.482352,68,3837.511458
100.955052,97,3837.703877
102.330561,45,3837.796263
1.449014,73,3837.944672
1.894887,66,3838.075533
4.594563,64,3838.205562
105.315634,69,3838.341075
2.440654,61,3838.46424
-1.267121,246,3838.952271
3.258117,63,3839.07558
0.846978,88,3839.247644
102.794143,66,3839.386416
2.932297,66,3839.523145
1.405088,93,3839.704319
1.384475,97,3839.893042
102.720826,65,3840.0206
2.420306,77,3840.173449
1.151664,97,3840.370032
100.957684,29,3840.425048
3.493004,65,3851.737011
5.864409,64,3851.859841
4.438524,66,3852.002384
1.895242,102,3852.205675
1.478595,75,3852.349758
3.761561,62,3852.471767
101.050336,40,3852.553473
105.452734,67,3852.684282
4.089933,64,3852.817332
4.735387,66,3852.951164
0.89125,72,3853.097592
2.384749,80,3853.256309
103.01778,51,3853.360397
101.174128,87,3853.534703
4.644889,77,3853.687446
102.512538,63,3853.813722
5.647537,63,3853.937212
0.6827,80,3854.095667
2.192275,71,3854.237505
2.296223,80,3854.404526
100.70064,80,3854.56283
4.04794,70,3854.703436
101.612195,64,3854.834702
3.424327,84,3855.012983
104.949233,67,3855.146305
100.617081,81,3855.307945
2.728419,69,3855.44821
105.630731,71,3855.590769
2.656329,75,3855.742779
3.82825,68,3867.281202
1.607964,68,3867.41613
101.214531,82,3867.574715
2.67224,68,3867.708098
101.169397,33,3867.776527
4.644155,72,3867.919067
3.045851,66,3868.05078
102.548099,55,3868.161444
100.868233,97,3868.35238
1.986656,73,3868.497951
100.632339,66,3868.624318
2.903383,59,3868.742318
3.360385,73,3868.88868
4.553225,123,3869.133311
2.352967,69,3869.269748
-0.270997,108,3869.482286
101.207456,69,3869.620114
1.184735,119,3869.860411
3.940278,64,3869.982814
4.43807,81,3870.144504
0.929591,82,3870.307413
1.641354,63,3870.432806
5.258385,69,3870.571745
3.669015,84,3870.733903
4.466617,70,3870.871949
4.078605,79,3871.027974
3.251315,66,3871.154959
101.340132,88,3882.609138
104.517398,58,3882.726162
2.414297,79,3882.891399
2.439196,68,3883.028956
100.871718,61,3883.151066
3.015079,66,3883.276985
4.39418,60,3883.39561
105.769074,68,3883.52865
1.299007,73,3883.67373
4.780909,70,3883.810993
-0.868191,89,3883.986552
2.552429,58,3884.101386
4.978527,62,3884.223642
0.110364,81,3884.384121
100.671084,47,3884.47829
4.127454,80,3884.635451
2.333844,62,3884.760951
4.448043,67,3884.890971
0.342232,85,3885.054734
101.246987,79,3885.20834
5.473114,78,3885.358289
3.91916,60,3885.475169
1.797464,92,3885.651442
5.225414,61,3885.771378
4.238576,72,3885.911154
1.312716,91,3886.084485
102.264284,70,3886.224513
103.188147,66,3886.358189
3.439837,65,3886.489691
2.503114,71,3897.905678
0.88184,90,3898.091649
2.110146,77,3898.249674
3.240709,78,3898.411166
3.330673,79,3898.572676
100.890991,29,3898.632207
101.344069,89,3898.811823
105.077941,66,3898.950554
103.701341,55,3899.060938
101.133864,105,3899.277649
4.222512,68,3899.420722
103.569979,54,3899.534063
1.191718,70,3899.6923
2.447265,96,3899.883566
100.835206,77,3900.036381
2.032187,58,3900.150332
3.565495,77,3900.298966
101.337597,48,3900.388742
5.057141,66,3900.521278
2.838527,61,3900.639335
0.694815,78,3900.792045
2.428147,70,3900.932544
102.861566,62,3901.056615
2.710803,88,3901.23371
3.088821,71,3901.371248
2.47238,75,3901.537486
105.363698,85,3901.70706
104.425079,59,3901.825625
0.666704,227,3913.539771
101.874724,75,3913.691263
2.063994,90,3913.88043
2.024415,72,3914.02905
4.145297,66,3914.156586
1.565811,84,3914.323407
101.036594,75,3914.46973
1.310949,83,3914.635287
2.149415,71,3914.774745
101.757436,70,3914.912537
102.167344,99,3915.111176
1.79425,78,3915.264531
102.648748,71,3915.405717
1.938969,69,3915.541996
100.703921,92,3915.726189
4.622186,66,3915.857094
1.984708,94,3916.060812
3.24279,59,3916.179762
2.333688,74,3916.336155
4.048232,84,3916.507702
102.584388,79,3916.670938
103.32596,72,3916.818622
4.207743,65,3916.953182
1.904148,82,3917.119876
102.240577,66,3917.256906
103.32604,56,3917.372779
3.124951,65,3928.684919
3.989118,109,3928.9072
4.387946,61,3929.046009
1.902802,93,3929.240086
101.167739,71,3929.388167
5.399554,73,3929.538699
5.441259,64,3929.67269
-1.972557,155,3929.980623
4.190886,73,3930.12841
101.252118,84,3930.296809
2.677819,82,3930.456746
4.095186,78,3930.608141
2.750923,86,3930.780177
3.762667,66,3930.906196
4.914255,66,3931.03226
3.235804,82,3931.192969
1.939775,75,3931.343136
101.138816,104,3931.546699
104.256311,75,3931.694119
2.463724,68,3931.831128
2.216774,71,3931.977078
0.979522,81,3932.141229
101.0407,95,3932.351983
3.809897,76,3932.507159
102.238757,47,3932.60676
3.962615,71,3944.079
101.331853,62,3944.208026
103.240944,57,3944.327743
2.130107,73,3944.480978
0.119451,69,3944.623908
105.105749,70,3944.779473
5.287075,91,3944.961441
106.115002,73,3945.106917
100.942752,85,3945.274616
101.305346,36,3945.343608
101.143633,56,3945.459792
3.526381,66,3945.587516
103.986002,57,3945.699299
103.589482,52,3945.799278
4.592964,64,3945.925872
2.06153,70,3946.064813
3.527535,61,3946.183934
4.251073,63,3946.309239
102.330374,71,3946.449872
5.042135,65,3946.576895
2.936756,65,3946.716566
4.771669,76,3946.865316
101.250911,85,3947.032832
101.26623,47,3947.126014
3.206832,80,3947.282779
0.628028,82,3947.446779
4.377203,59,3947.559908
2.7751,82,3947.725067
-0.564972,95,3947.909636
100.982491,89,3948.083088
101.259515,83,3959.412286
3.179954,74,3959.556948
4.096132,75,3959.705418
3.852228,66,3959.853539
2.237956,70,3959.991452
0.46126,114,3960.21523
105.737389,63,3960.336488
0.881783,85,3960.509371
0.799583,95,3960.697264
101.302483,67,3960.825729
3.480383,82,3960.987369
1.769746,76,3961.136185
0.846022,77,3961.290205
4.182048,65,3961.417733
0.356192,80,3961.573586
1.481695,94,3961.756835
3.312919,76,3961.907169
101.512135,91,3962.090493
100.546986,58,3962.206655
3.373402,69,3962.34031
2.369775,60,3962.460038
100.767657,58,3962.576174
3.562294,68,3962.711358
2.095863,78,3962.863049
3.933473,76,3963.01064
101.321706,72,3963.14999
1.992323,65,3963.283331
2.636805,98,3974.694671
3.716531,162,3975.012532
2.959144,99,3975.217285
103.256967,51,3975.32179
101.393805,60,3975.454831
1.765215,75,3975.600481
101.9753,56,3975.714288
2.89413,69,3975.85133
5.184568,65,3975.978861
100.802458,69,3976.114214
0.87999,1000,3978.098663
5.098421,65,3978.235853
0.739065,74,3978.384846
102.340511,75,3978.53474
104.801947,71,3978.680063
0.701761,67,3989.993992
100.992225,127,3990.257333
2.35752,78,3990.432603
3.897861,80,3990.610099
3.083112,66,3990.747952
3.066586,116,3990.98817
3.733622,68,3991.131113
102.475406,64,3991.265479
101.710995,81,3991.431607
1.963178,71,3991.582442
1.51326,71,3991.731026
2.826101,69,3991.872477
2.70952,64,3992.006088
0.934832,81,3992.169791
3.345711,79,3992.336845
103.051901,64,3992.472094
100.577165,74,3992.629032
101.599011,81,3992.793912
1.041671,83,3992.962934
101.049548,84,3993.140973
102.528061,73,3993.295288
2.659258,69,3993.439103
2.135335,71,3993.579695
101.692905,58,3993.69443
-0.877862,99,3993.897602
0.026533,90,3994.083718
2.720582,71,4005.440574
102.568062,76,4005.595633
101.186927,73,4005.750058
3.499555,79,4005.927937
3.897755,62,4006.055582
104.338886,57,4006.170413
1.560672,87,4006.343877
4.429937,81,4006.505658
4.424468,66,4006.635563
2.390865,77,4006.786868
1.290026,70,4006.928657
0.202445,88,4007.102633
101.214036,55,4007.213443
-1.109887,104,4007.431445
0.974136,79,4007.584855
3.409683,73,4007.728102
3.527737,74,4007.872051
2.035435,61,4007.99233
2.72168,69,4008.128487
3.26551,76,4008.278368
101.369488,91,4008.475323
1.297342,83,4008.633346
2.079474,64,4008.756289
3.282449,62,4008.880008
0.96744,97,4009.073633
5.570291,62,4009.197619
2.936741,103,4009.396132
103.182928,70,4020.870584
4.188222,64,4021.009293
0.107278,90,4021.197474
1.481273,71,4021.341792
3.857344,69,4021.485944
3.762966,68,4021.628576
-0.872208,94,4021.82039
101.46538,44,4021.904326
3.104271,60,4022.018726
3.38095,71,4022.159621
0.683207,94,4022.350223
1.686439,59,4022.469798
1.563293,68,4022.60794
1.056535,70,4022.75074
101.189079,68,4022.884411
4.589701,63,4023.007827
-0.55147,79,4023.165472
101.974018,65,4023.295952
100.182926,68,4023.432614
5.800224,75,4023.580634
2.86343,68,4023.71475
5.07544,72,4023.870468
2.328769,77,4024.02305
103.138575,73,4024.167964
5.068216,98,4024.372574
102.609786,59,4024.495688
4.563082,69,4024.643972
4.182155,70,4024.789737
1.604182,72,4024.939174
4.718454,66,4036.35463
1.094899,75,4036.502169
2.084066,68,4036.637013
100.200451,58,4036.751853
2.782038,66,4036.880715
102.386781,55,4036.990036
2.958968,72,4037.136415
103.18195,69,4037.27654
0.483784,69,4037.423801
2.003982,62,4037.549409
1.429025,80,4037.708608
102.006867,77,4037.867352
-0.173622,88,4038.059845
2.969511,68,4038.197837
2.540986,70,4038.337296
1.921769,75,4038.492689
2.085987,84,4038.66737
2.621887,89,4038.847398
5.218512,74,4038.993502
1.474372,72,4039.131447
0.544521,74,4039.272595
5.783122,66,4039.404075
-0.065703,84,4039.567701
102.645309,73,4039.712622
1.468433,77,4039.860949
4.186771,74,4040.025509
103.595559,70,4040.162238
4.413688,66,4040.290744
2.82247,65,4051.66321
4.131776,87,4051.834924
4.082384,65,4051.961694
5.029722,67,4052.094295
4.078897,65,4052.222516
1.799418,69,4052.366562
5.17176,82,4052.539252
3.078686,68,4052.679286
2.575129,76,4052.83677
-1.068363,98,4053.035336
100.929597,78,4053.195982
2.410754,80,4053.363298
2.031863,78,4053.521514
101.542963,77,4053.673073
-0.021898,84,4053.843771
101.990585,74,4053.994661
102.614159,60,4054.118552
1.46865,71,4054.259302
4.208205,84,4054.422987
3.202192,68,4054.559216
1.801886,84,4054.723574
4.46842,100,4054.929914
4.897669,82,4055.098218
103.827541,60,4055.215568
-0.053664,1000,4068.519159
101.050479,38,4068.600399
0.28843,1000,4070.588062
1.23764,96,4070.779104
105.097789,61,4070.899331
0.312566,161,4082.617654
3.935563,64,4082.75077
-0.82544,100,4082.956089
1.334921,81,4083.139121
1.793686,78,4083.301969
5.025483,86,4083.477997
4.242565,72,4083.628654
101.363455,80,4083.792999
0.903874,79,4083.95611
100.935493,55,4084.070104
1.250145,93,4084.258024
1.482181,89,4084.442565
1.629935,73,4084.592044
4.468062,109,4084.817204
3.457589,69,4084.952115
103.789328,52,4085.055429
100.457262,47,4085.149831
2.504277,71,4085.288593
-0.730936,267,4085.819043
101.986128,67,4085.96791
2.739732,84,4086.131991
102.015873,57,4086.244587
101.305157,69,4086.382942
2.841106,71,4086.526679
4.36582,62,4086.650545
4.605325,74,4098.065021
4.147233,66,4098.202382
104.566104,55,4098.314585
4.542448,65,4098.452167
2.558302,73,4098.603385
1.167064,74,4098.753824
3.509209,68,4098.894354
2.359188,71,4099.044088
2.254066,69,4099.185466
1.609842,101,4099.393431
5.102739,62,4099.522194
105.578487,64,4099.668374
4.237988,60,4099.793956
101.570275,85,4099.970819
102.340647,66,4100.108702
101.231396,58,4100.225367
2.445008,71,4100.368454
100.837999,63,4100.49637
1.780656,71,4100.64373
103.664479,71,4100.787975
2.97341,70,4100.926879
2.823612,70,4101.066845
5.280743,78,4101.219144
-0.399164,134,4101.484344
101.55499,92,4101.669873
105.353301,63,4101.798377
102.220788,64,4101.923176
101.333935,43,4102.007335
4.25715,65,4102.139086
101.448558,55,4113.454876
2.761351,74,4113.607037
1.701798,78,4113.769617
0.725191,78,4113.937743
0.763141,84,4114.111128
3.880419,63,4114.239052
103.473882,55,4114.350113
0.890949,88,4114.535131
0.985026,70,4114.677362
1.257662,89,4114.857195
102.051042,48,4114.958471
3.151807,60,4115.072714
5.149125,70,4115.208566
101.307396,52,4115.311198
4.526195,64,4115.443357
2.42981,64,4115.580943
3.060614,83,4115.750584
3.876917,76,4115.91696
0.836033,94,4116.116957
-0.029547,181,4116.491226
4.759295,101,4116.702585
3.934928,76,4116.852866
3.544936,70,4116.99055
101.013308,61,4117.113211
3.789282,76,4117.27773
2.412719,81,4117.432815
104.349545,71,4117.57118
0.345238,69,4128.991413
4.631525,76,4129.14194
100.783514,66,4129.268772
2.093951,80,4129.427595
104.310337,56,4129.551329
101.781522,76,4129.708225
2.798676,73,4129.851186
4.01843,68,4129.994407
3.630941,89,4130.169483
5.151815,72,4130.311187
4.486584,74,4130.454557
4.120572,72,4130.594281
1.278707,77,4130.747573
102.972264,67,4130.879469
100.261019,68,4131.013514
101.214679,88,4131.184719
1.644412,90,4131.363237
106.131027,64,4131.491852
103.332587,63,4131.613936
4.210605,81,4131.775861
102.785664,65,4131.907385
4.282936,63,4132.03504
101.131362,43,4132.122962
2.596746,60,4132.247375
3.667246,68,4132.389195
102.492707,79,4132.551057
103.220289,52,4132.651162
4.671687,67,4132.78549
5.849858,66,4132.917675
4.512527,93,4144.349055
102.288876,55,4144.463975
105.337457,65,4144.598252
3.851767,66,4144.746283
101.10094,69,4144.898404
0.983674,77,4145.057147
3.32278,89,4145.242167
5.833794,69,4145.386434
104.577751,58,4145.505695
4.81756,71,4145.651031
4.851116,66,4145.785918
5.588691,62,4145.908324
5.486518,66,4146.040426
3.365873,66,4146.170135
1.239411,87,4146.340722
101.53322,91,4146.5195
2.912068,64,4146.650191
3.172867,78,4146.806859
105.372986,68,4146.944356
105.260355,61,4147.068789
4.329457,66,4147.201468
105.379635,65,4147.333341
5.549435,74,4147.483141
0.462203,120,4147.741578
100.986077,83,4147.908197
101.469971,79,4148.063256
1.856066,72,4148.206121
2.998097,78,4148.361238
1.666707,76,4159.828001
104.297923,66,4159.976479
3.905167,74,4160.117073
103.154826,69,4160.250932
2.926525,77,4160.401945
104.639629,68,4160.532376
2.358583,72,4160.672677
2.706544,69,4160.805074
101.307762,107,4161.015203
102.89462,67,4161.152347
1.825092,59,4161.266962
103.594697,56,4161.383849
3.271097,60,4161.505498
103.251237,71,4161.646093
1.507847,75,4161.795405
100.616997,69,4161.935862
2.933805,76,4162.085294
5.115236,79,4162.241518
3.790331,65,4162.369489
4.138155,86,4162.541525
1.413375,83,4162.712152
2.348589,92,4162.895969
0.231295,105,4163.105395
2.565511,79,4163.265643
100.863525,71,4163.404142
103.235257,68,4163.54331
102.824136,47,4163.645875
5.523832,62,4163.778144
100.375239,69,4175.17882
4.287118,69,4175.32187
1.751411,71,4175.470023
2.023031,78,4175.625985
3.198292,67,4175.768161
104.555302,75,4175.91703
104.041492,53,4176.023698
1.974122,69,4176.161305
3.668654,65,4176.285577
2.702706,61,4176.405535
102.637571,70,4176.541698
3.415158,85,4176.725397
3.926786,68,4176.859076
102.438332,53,4176.963986
3.586824,73,4177.109308
4.285349,80,4177.266035
4.281263,66,4177.397066
3.860745,74,4177.545326
101.108365,51,4177.646089
105.168597,68,4177.779617
4.291983,140,4178.063745
3.812109,68,4178.203735
102.317301,73,4178.355401
2.637331,67,4178.494288
1.498733,72,4178.640994
2.476031,73,4178.793427
2.918264,61,4178.916019
105.060539,69,4179.052783
101.127527,60,4179.166749
-0.51308,92,4190.644801
3.342716,69,4190.787037
2.177514,103,4191.008024
101.681508,61,4191.130178
101.495425,35,4191.200568
0.060658,106,4191.408305
101.31027,72,4191.549062
3.795848,67,4191.68381
2.143508,80,4191.840991
100.556684,54,4191.951322
3.075006,79,4192.114909
101.845068,61,4192.25155
2.220142,77,4192.414082
5.040117,63,4192.540836
2.10193,69,4192.686942
1.040496,86,4192.857234
4.26003,94,4193.044039
0.476753,78,4193.198116
4.350482,66,4193.3281
102.893864,62,4193.450088
3.349787,81,4193.610808
5.447426,62,4193.736827
106.173244,67,4193.869093
4.496752,64,4193.990741
2.835931,67,4194.122079
1.769321,98,4194.315202
1.526499,81,4194.470118
1.450352,85,4205.927952
1.785553,71,4206.081449
5.536246,68,4206.22183
100.353207,55,4206.336933
5.394492,72,4206.483751
1.975988,73,4206.635103
1.767845,66,4206.770124
0.641412,118,4207.007332
1.057449,117,4207.270962
4.605051,77,4207.432692
5.516353,70,4207.5808
1.956896,62,4207.708782
4.793834,85,4207.885831
1.350998,85,4208.060033
104.53081,74,4208.205969
2.479169,73,4208.363482
4.115381,69,4208.519158
5.466065,81,4208.69103
101.842006,50,4208.796871
0.906697,125,4209.050518
100.402848,25,4209.104528
102.616185,73,4209.256419
4.042603,61,4209.378177
3.751861,77,4209.540445
101.533693,47,4209.636148
102.739456,65,4209.771346
4.658905,76,4209.929762
101.829969,59,4210.052629
0.301166,70,4221.398385
0.140164,95,4221.594398
3.070687,89,4221.775626
1.861729,94,4221.97435
2.039781,83,4222.144431
1.742743,73,4222.297143
1.640046,106,4222.517833
103.771489,55,4222.630616
3.363179,72,4222.780581
0.60065,73,4222.923346
103.761518,59,4223.05361
101.995182,110,4223.272213
101.032322,54,4223.377274
2.396437,78,4223.532745
103.228121,52,4223.636222
2.136706,68,4223.772246
3.534623,70,4223.908741
2.516434,67,4224.043484
5.921528,67,4224.178597
-0.261975,912,4237.252614
3.814805,69,4237.394311
1.741636,71,4237.529703
0.549677,93,4237.705903
3.89305,61,4237.827749
2.429008,197,4238.212257
-0.150693,78,4238.365739
3.132229,69,4238.503154
2.409796,79,4238.657344
4.84717,96,4238.847642
3.567313,70,4238.985847
101.904321,72,4239.124849
101.34271,94,4239.307055
1.977074,70,4239.444615
3.196195,67,4239.574442
4.502691,86,4239.74705
101.680281,58,4239.862425
5.78006,63,4239.98881
100.97332,69,4240.122736
104.687044,69,4240.259418
3.683138,93,4240.443217
3.699228,68,4240.580344
102.168544,65,4240.709542
3.462307,65,4252.098077
4.024654,86,4252.27475
101.488946,97,4252.473633
103.207785,71,4252.633038
2.839934,60,4252.76053
101.676131,75,4252.926111
102.591794,83,4253.099901
3.610765,66,4253.239467
1.855052,68,4253.382457
3.143272,72,4253.525182
-0.04839,1000,4255.535529
101.141431,69,4255.672379
101.719385,109,4255.88716
1.049884,100,4256.082653
4.451719,74,4267.464592
0.36253,1000,4269.48444
5.209785,64,4269.617345
5.131496,65,4269.744711
102.595449,76,4269.8902
5.533044,64,4270.014115
5.611412,62,4270.136397
3.015785,60,4270.2549
1.2911,87,4270.425894
4.552497,72,4270.567403
3.945427,78,4270.718382
1.573421,68,4270.853041
4.40568,69,4270.99127
2.12894,82,4271.149193
103.166257,52,4271.249771
3.039806,71,4271.389013
100.405187,42,4271.471632
0.7833,77,4282.867204
3.779702,72,4283.021081
3.010537,85,4283.200661
101.203561,48,4283.300165
1.381056,83,4283.47644
2.485759,72,4283.622392
3.322658,94,4283.823494
0.456103,97,4284.025248
3.086641,100,4284.231908
4.799502,63,4284.363486
103.094799,72,4284.519002
2.696945,61,4284.648843
101.441927,56,4284.764068
0.853137,69,4284.904621
2.674788,60,4285.025373
2.920148,68,4285.16081
100.978064,80,4285.315729
2.362532,61,4285.440961
2.842973,84,4285.606231
3.731238,114,4285.839543
103.240231,78,4286.001853
100.799462,91,4286.188808
1.553415,86,4286.367129
3.370308,85,4286.543467
4.420999,63,4286.675648
104.13629,73,4286.820799
4.801195,84,4286.9835
100.776615,96,4298.548438
2.787793,68,4298.69764
2.48491,64,4298.827303
1.165287,75,4298.979642
0.834932,84,4299.149595
1.851046,82,4299.306341
100.285133,64,4299.4324
0.636525,97,4299.617172
1.785149,80,4299.774824
5.254009,66,4299.911008
1.545499,117,4300.164518
3.021157,71,4300.315387
2.328371,76,4300.47496
4.233434,82,4300.64138
3.738297,87,4300.809841
4.848324,81,4300.972762
101.283508,36,4301.046357
101.494596,60,4301.163726
2.013249,92,4301.344865
102.067308,69,4301.483495
0.522343,1000,4314.801353
103.564812,60,4314.928381
1.230469,82,4315.086707
1.175703,80,4315.245952
3.459074,74,4315.389995
2.643069,62,4315.515112
1.862356,76,4315.666018
101.308052,75,4315.819223
1.285563,89,4316.008354
4.772614,61,4316.134502
1.117074,85,4316.314815
1.494848,79,4316.476795
5.045475,62,4316.599668
4.824456,84,4316.76533
0.764037,95,4316.954254
3.119672,92,4317.136858
3.75244,79,4317.293615
2.143038,79,4317.454294
3.516718,59,4317.57741
100.804864,154,4317.875268
101.384805,78,4329.213878
3.558807,100,4329.422184
101.386134,66,4329.559145
4.850386,79,4329.721597
1.560446,79,4329.875807
2.690689,62,4329.995558
4.053512,61,4330.117623
102.917215,79,4330.276755
2.891773,94,4330.461378
2.557337,73,4330.602919
3.577167,70,4330.757539
1.641927,63,4330.884656
1.986444,97,4331.071899
3.462136,76,4331.220033
1.279683,133,4331.485898
2.027874,62,4331.612305
105.508655,64,4331.742358
1.162177,74,4331.892981
3.329874,68,4332.04387
-0.669939,84,4332.220766
2.68391,70,4332.364656
0.519563,117,4332.605643
-1.105517,88,4332.789387
-0.177116,580,4345.307196
3.141677,67,4345.439682
0.659153,156,4345.744182
102.434791,63,4345.87065
1.406824,64,4345.991113
4.032705,67,4346.1225
102.256277,67,4346.256438
4.647685,76,4346.404167
3.795053,63,4346.526843
5.192101,72,4346.668094
3.311364,103,4346.885913
5.161475,84,4347.058436
2.732454,67,4347.193996
4.410534,67,4347.332332
106.042435,65,4347.465293
3.090723,73,4347.612739
1.741663,69,4347.754393
3.013537,70,4347.897411
-0.890885,98,4348.099297
103.465851,68,4348.236151
-0.731651,90,4348.417811
100.467724,66,4348.551518
3.808819,70,4348.695643
0.786622,1000,4361.921309
2.635992,72,4362.060893
0.368178,90,4362.238903
3.819806,68,4362.371863
1.111499,72,4362.511978
0.341053,90,4362.691212
4.151902,74,4362.836954
3.493276,66,4362.967011
2.153874,66,4363.096752
3.54844,75,4363.245174
0.544755,104,4363.459705
2.185576,66,4363.589293
101.145897,74,4363.738166
2.43511,95,4363.929578
101.003473,59,4375.235201
4.085253,73,4375.377624
4.225687,64,4375.504127
101.406558,67,4375.652692
103.579559,72,4375.795576
2.616073,75,4375.942759
4.334178,68,4376.077213
101.312288,133,4376.345311
103.917868,56,4376.453201
5.596538,68,4376.591307
101.854918,41,4376.671279
105.170308,63,4376.792557
4.100683,67,4376.924322
3.683111,61,4377.046154
0.810813,88,4377.223259
5.138563,62,4377.346893
1.763228,74,4377.493219
4.860672,100,4377.692719
101.439821,95,4377.889014
1.673711,73,4378.032579
4.619256,61,4378.156251
100.643913,43,4378.241235
3.759867,142,4378.531548
3.584974,76,4378.68854
102.553033,71,4378.831119
101.926911,59,4378.949935
2.268957,68,4379.084941
5.277931,62,4379.210246
103.887608,59,4379.342344
1.996553,74,4390.669915
1.295853,86,4390.840845
4.342258,62,4390.961137
-0.935802,84,4391.128368
3.812121,67,4391.260177
0.840966,82,4391.423407
3.490149,132,4391.699409
2.602564,78,4391.852229
106.054747,69,4391.992569
101.44126,96,4392.187295
1.162032,89,4392.360074
1.985977,71,4392.500845
2.031823,69,4392.641686
3.983108,81,4392.79971
100.950048,56,4392.913791
101.450561,90,4393.091938
4.820327,84,4393.254419
1.837986,63,4393.380714
1.127765,99,4393.574461
103.692027,73,4393.717414
2.414891,61,4393.840575
3.698024,65,4393.972755
3.091539,96,4394.160414
3.789182,101,4394.355719
3.569634,67,4394.491336
101.498967,87,4405.955102
0.963095,84,4406.119916
3.667457,70,4406.261328
106.083544,66,4406.403538
0.388347,102,4406.603014
0.576048,93,4406.785491
105.720584,67,4406.915109
3.135487,65,4407.047007
3.237133,69,4407.185669
5.510242,75,4407.332654
2.951186,64,4407.459405
2.706544,69,4407.598861
1.678337,96,4407.792138
101.529515,73,4407.93902
4.359371,88,4408.114182
4.921976,75,4408.258611
100.39716,68,4408.390923
103.80955,65,4408.51992
-2.151403,692,4409.903003
101.912177,147,4421.401327
2.604998,89,4421.575137
3.488545,67,4421.720225
100.987633,66,4421.849823
101.268058,77,4421.997416
100.65879,101,4422.19642
103.129499,68,4422.333215
101.296978,113,4422.55321
3.913122,85,4422.722126
5.014611,62,4422.84362
-0.50512,116,4423.073753
3.757919,77,4423.22338
5.174141,62,4423.351246
0.022838,74,4423.496565
1.467205,96,4423.695454
1.409878,103,4423.899244
1.182462,85,4424.074973
3.573075,78,4424.228128
3.534604,68,4424.361248
100.451194,79,4424.517339
3.67903,63,4424.640723
101.17695,77,4424.790585
100.785992,43,4424.87657
1.162778,104,4425.082388
2.173459,64,4425.218626
0.992829,136,4436.737828
0.28428,78,4436.889058
103.197722,59,4437.0068
100.850173,40,4437.08649
100.114594,64,4437.211697
3.359538,76,4437.362534
103.224541,53,4437.482657
0.400281,83,4437.646996
101.241204,68,4437.780077
1.293202,73,4437.931305
4.290666,106,4438.142862
104.003706,56,4438.253205
3.212544,84,4438.413994
4.088,103,4438.613975
101.564159,103,4438.822548
2.885913,71,4438.962192
103.542616,57,4439.072558
5.036409,64,4439.198203
4.850271,60,4439.315295
104.504012,61,4439.434805
101.561963,94,4439.619941
3.689345,66,4439.755082
0.222834,155,4440.058422
-0.085239,244,4440.536488
3.159758,79,4451.910523
3.994485,71,4452.059922
1.059344,74,4452.204239
3.916386,66,4452.333621
100.967827,89,4452.521051
4.269748,62,4452.644341
104.283675,73,4452.78866
4.165063,64,4452.922978
1.059167,88,4453.097207
103.321443,55,4453.210903
2.019522,77,4453.364003
0.029916,107,4453.571651
-0.071978,95,4453.760577
103.728856,63,4453.885952
101.903266,68,4454.017929
3.449081,59,4454.135072
-0.16517,99,4454.325864
4.400107,69,4454.461972
3.35172,69,4454.597154
101.360229,92,4454.776381
3.578487,82,4454.938687
104.449846,60,4455.054412
103.223756,57,4455.167126
1.10394,101,4455.359966
102.268891,61,4455.478795
1.440019,82,4455.638599
3.358927,91,4455.823386
5.060344,68,4467.131047
103.489938,70,4467.270576
-0.007825,108,4467.484377
100.784898,64,4467.625979
2.322326,60,4467.741092
4.214537,101,4467.938687
6.118635,70,4468.078603
102.605361,66,4468.21004
102.173061,82,4468.371644
5.934025,74,4468.518068
3.066463,70,4468.659874
0.331074,83,4468.822471
104.608734,65,4468.947948
2.205372,83,4469.111923
4.492158,66,4469.243704
5.141291,63,4469.367744
0.408047,155,4469.675153
3.574469,83,4469.835458
4.10635,71,4469.976361
3.498549,83,4470.13817
100.951125,78,4470.293324
101.755724,55,4470.406967
4.806151,67,4470.538076
2.718713,74,4470.682966
2.373672,70,4470.818643
5.305077,80,4470.974768
5.910672,71,4482.389616
1.90653,63,4482.520151
2.706824,80,4482.682695
4.909085,67,4482.815459
101.53157,78,4482.967286
4.50042,79,4483.120035
101.837977,103,4483.329185
3.633215,77,4483.479708
3.196624,64,4483.607978
1.909718,85,4483.786471
102.442893,69,4483.91854
4.291238,100,4484.117764
4.680789,68,4484.254075
4.202587,82,4484.415661
2.831725,96,4484.605174
100.92371,54,4484.716361
2.845058,60,4484.834512
100.464374,44,4484.927759
4.993699,60,4485.048121
3.961843,64,4485.175725
5.581984,67,4485.318218
4.704822,63,4485.45189
4.600565,61,4485.578445
101.913536,102,4485.785853
1.21801,89,4485.970095
5.844145,78,4486.13046
3.284301,64,4486.26552
0.949439,114,4497.703934
3.945225,74,4497.862848
0.322165,93,4498.050257
2.28238,60,4498.1709
101.276181,74,4498.31645
2.080864,81,4498.482419
2.003714,77,4498.634339
2.025105,68,4498.767505
101.308028,100,4498.969718
1.291319,79,4499.126242
1.665993,62,4499.249272
3.626453,61,4499.372635
101.747802,99,4499.568509
100.744014,41,4499.647873
1.389127,66,4499.774723
4.498736,86,4499.943139
100.726413,68,4500.07344
4.16264,62,4500.193789
101.188165,83,4500.355048
1.422299,80,4500.510608
1.702944,79,4500.672563
101.155227,81,4500.84198
2.281495,89,4501.028559
2.26734,68,4501.170735
1.156684,62,4501.302644
5.281713,75,4501.461027
3.894608,61,4501.588902
1.670032,78,4501.748799
5.07062,68,4513.25365
0.727827,81,4513.42001
2.530466,69,4513.558997
102.289046,45,4513.653324
2.824765,71,4513.803574
4.159614,61,4513.932383
4.435599,71,4514.077107
2.443951,101,4514.290115
4.299658,76,4514.452994
1.625511,89,4514.63689
2.460207,84,4514.826272
3.403869,68,4514.969008
4.467433,62,4515.095616
1.754185,97,4515.294067
4.218313,64,4515.427068
101.345523,33,4515.495193
104.894246,77,4515.657484
1.053398,76,4515.814791
101.213916,67,4515.95421
1.937593,61,4516.081318
102.493331,70,4516.223457
0.339007,115,4516.459647
1.811162,86,4516.630887
3.984651,65,4516.761719
4.236229,81,4516.925339
101.681423,62,4517.044269
4.010803,82,4517.20627
1.606438,70,4517.342612
102.10893,73,4528.844495
2.260233,69,4528.98734
3.372166,69,4529.149713
2.840056,78,4529.318997
3.493287,60,4529.437768
2.415318,74,4529.591269
3.982432,73,4529.744033
2.414294,67,4529.88256
0.394882,89,4530.059435
3.828897,79,4530.213723
1.004835,77,4530.368287
4.300791,84,4530.532118
3.188517,91,4530.711873
1.707404,74,4530.860859
100.852081,53,4530.96426
-0.417325,186,4531.328514
3.84916,96,4531.517827
0.435475,103,4531.719964
102.237594,63,4531.842224
101.480971,87,4532.016984
101.845116,84,4532.192436
2.804912,78,4532.35096
3.568594,96,4532.547607
1.50392,122,4532.795432
4.186031,71,4544.275501
4.748177,86,4544.46722
101.483451,72,4544.610755
100.197947,16,4544.644653
1.035189,71,4544.787322
4.197457,61,4544.912251
-0.343096,90,4545.097206
2.596867,64,4545.224235
102.357321,46,4545.317964
102.31314,72,4545.461485
3.853714,77,4545.611018
2.801447,77,4545.763271
3.409136,92,4545.942305
4.093274,70,4546.079095
-0.665974,99,4546.288972
2.241584,76,4546.440757
101.979881,44,4546.529835
2.848321,61,4546.651937
-1.95392,199,4547.051491
4.356473,84,4547.216651
2.62691,86,4547.38886
3.444367,62,4547.512607
0.532577,70,4547.663543
101.242356,92,4547.847164
101.106215,94,4548.03593
4.250894,93,4548.22411
3.161991,65,4548.352546
2.559301,68,4559.672519
105.100991,60,4559.797043
4.084711,67,4559.926454
3.062813,71,4560.06815
2.564098,74,4560.212166
1.161643,77,4560.367602
101.506335,57,4560.481675
5.160052,64,4560.639702
4.813573,70,4560.779176
101.722041,95,4560.965081
4.483493,62,4561.08924
2.328884,69,4561.228826
103.928034,55,4561.338049
2.43122,73,4561.48455
3.86376,77,4561.637601
2.879945,70,4561.772633
101.145391,75,4561.91601
0.88139,97,4562.108985
3.468439,70,4562.247747
4.525159,82,4562.409109
0.309641,93,4562.592911
1.059175,61,4562.716379
3.536176,63,4562.840342
101.483434,99,4563.033514
101.059399,77,4563.186381
2.777318,65,4563.314127
105.588156,69,4563.450908
101.288659,67,4563.581703
4.124115,67,4574.898291
3.146182,109,4575.129163
2.652524,76,4575.282764
1.46932,110,4575.502231
5.323892,70,4575.644402
2.354493,76,4575.793734
4.853908,62,4575.915852
0.378501,85,4576.08417
3.74925,82,4576.249082
1.053024,104,4576.458159
2.112441,66,4576.587038
100.097,56,4576.698745
-0.177019,103,4576.900509
5.80376,62,4577.021645
5.406857,62,4577.14676
2.001741,84,4577.315509
0.447277,87,4577.487509
2.095307,94,4577.67132
0.503962,86,4577.839379
2.23492,66,4577.968526
0.282145,89,4578.147563
101.28167,54,4578.254212
0.615465,89,4578.430586
3.848007,80,4578.589502
1.67029,76,4578.738611
3.885661,70,4578.875434
3.305613,89,4590.305335
104.157395,60,4590.425829
4.233598,85,4590.593998
0.665483,78,4590.752323
104.546746,68,4590.887811
1.804803,64,4591.017826
101.10616,77,4591.174305
101.961977,87,4591.351355
4.252706,75,4591.499357
1.602004,74,4591.645748
2.420372,69,4591.794306
2.79935,62,4591.92125
3.338555,63,4592.045888
2.039858,82,4592.207445
5.582297,84,4592.372474
4.069915,87,4592.542685
100.6788,69,4592.676672
3.541225,76,4592.826913
1.995907,100,4593.017415
-1.921091,163,4593.342425
102.778063,64,4593.468235
3.394621,75,4593.616929
3.125703,70,4593.754826
100.523839,70,4593.899829
3.748653,68,4594.032358
-2.093821,107,4605.471816
-0.68978,117,4605.721916
1.386981,85,4605.887794
101.662962,92,4606.070367
100.756592,76,4606.224017
101.693785,98,4606.419299
1.553413,74,4606.568969
4.695507,84,4606.739554
1.934441,77,4606.890817
1.155277,81,4607.051221
1.227104,89,4607.225449
3.345214,63,4607.348029
2.461468,73,4607.490054
4.621127,65,4607.619813
101.359002,65,4607.753241
2.66837,90,4607.926186
101.732159,105,4608.132801
1.539684,99,4608.325825
1.07798,129,4608.578517
1.438183,63,4608.724035
102.192051,76,4608.871552
101.567624,74,4609.01712
0.201117,76,4609.166556
0.311364,128,4609.423082
102.934303,62,4609.540519
101.176086,31,4620.798543
1.789772,66,4620.930373
2.589943,67,4621.062201
101.60226,95,4621.24441
0.322008,100,4621.443662
103.433074,70,4621.583088
105.662752,69,4621.716913
3.02249,61,4621.84953
103.340467,64,4621.975499
2.144214,98,4622.164116
2.696837,71,4622.317214
105.261475,69,4622.455648
1.147825,91,4622.633365
2.695574,67,4622.764147
5.721515,65,4622.890419
1.039417,82,4623.053752
2.3434,76,4623.207568
101.641246,58,4623.32207
3.281017,95,4623.507738
100.77467,81,4623.665754
4.109108,81,4623.829181
3.885367,86,4624.002984
101.232708,57,4624.119049
4.053832,67,4624.252898
4.397847,63,4624.380053
5.262943,64,4624.503397
3.835604,71,4624.64284
2.781524,67,4624.7761
101.637025,78,4636.098946
4.70674,69,4636.23825
1.835861,93,4636.437036
102.197801,48,4636.533631
4.864348,105,4636.742278
102.40285,63,4636.865668
2.980249,85,4637.032785
102.615376,72,4637.174578
5.361945,156,4637.490546
2.971544,71,4637.631002
2.494435,62,4637.753351
103.348258,69,4637.893388
1.578403,89,4638.069883
100.785122,68,4638.207032
103.492894,57,4638.323056
2.046919,63,4638.44963
4.539742,62,4638.569267
1.568969,114,4638.798612
2.379222,66,4638.928263
5.434736,62,4639.052672
4.864862,60,4639.171789
5.196551,87,4639.344456
1.962238,72,4639.486887
1.713428,94,4639.673161
2.919229,73,4639.816659
102.383162,51,4639.91742
100.269373,69,4640.058161
103.061796,71,4651.479839
4.074752,64,4651.606359
101.317505,100,4651.803661
1.786433,87,4651.976854
2.390846,63,4652.102494
4.69627,70,4652.246637
4.117537,103,4652.450547
3.169928,63,4652.576948
4.522521,62,4652.697402
4.343155,69,4652.852108
-0.136214,105,4653.059686
3.562692,67,4653.191801
-0.679906,84,4653.357209
2.971471,60,4653.479184
4.630199,76,4653.628973
2.618492,121,4653.870906
4.294091,92,4654.058028
5.46692,65,4654.187453
1.515161,71,4654.329303
-2.176897,141,4654.612598
2.037839,70,4654.750771
103.664211,60,4654.872623
100.436215,62,4654.999154
3.323706,96,4655.18799
104.042372,72,4655.346616
1.641217,101,4666.721864
-2.176772,141,4667.010424
2.420467,65,4667.135603
0.878471,114,4667.378803
1.153473,90,4667.555054
104.143715,73,4667.702533
0.996272,94,4667.888784
5.191875,74,4668.036687
0.348132,88,4668.20936
3.458244,62,4668.332813
3.77143,89,4668.511549
4.55984,75,4668.659595
3.408835,76,4668.863594
2.032349,64,4669.037462
3.120528,61,4669.171084
4.965882,77,4669.330629
0.527503,86,4669.500023
2.069336,80,4669.65554
101.378877,88,4669.829344
102.346219,46,4669.923032
101.040736,113,4670.149424
102.758081,65,4670.27367
1.381224,93,4670.453749
3.739057,72,4670.593139
1.969334,79,4670.749869
1.492828,75,4682.100745
3.359237,72,4682.245312
2.179659,61,4682.36502
2.444677,63,4682.488414
4.304234,67,4682.63484
2.265423,81,4682.801077
0.789805,74,4682.954249
0.215766,126,4683.216843
4.76754,143,4683.515707
104.950222,73,4683.665731
3.719523,76,4683.82215
104.686748,60,4683.946088
2.285876,67,4684.085678
2.819174,87,4684.266713
1.69943,70,4684.412849
0.809445,112,4684.644032
1.714441,71,4684.79099
4.12146,95,4684.980397
100.957346,94,4685.165037
101.818334,171,4685.50254
3.748673,71,4685.661416
101.416352,58,4685.775262
100.467801,91,4685.953096
105.927668,67,4686.08349
102.402752,64,4686.213474
101.805148,47,4697.495918
2.276861,60,4697.618788
3.845786,61,4697.758428
101.472015,67,4697.889668
3.682211,85,4698.059811
3.076456,79,4698.214093
104.136753,69,4698.349923
3.060056,60,4698.479113
103.727727,67,4698.615311
0.863361,80,4698.775181
1.287531,63,4698.900902
101.273925,78,4699.059713
0.153453,159,4699.375757
101.812617,45,4699.464661
102.910071,62,4699.589948
103.943744,56,4699.70229
4.755264,85,4699.867803
1.005573,86,4700.033701
101.21138,84,4700.197899
3.828192,76,4700.348405
4.04877,74,4700.494385
1.895815,65,4700.630004
103.097014,67,4700.763712
2.193145,77,4700.914918
1.483686,74,4701.058053
3.920973,69,4701.19218
3.082436,66,4701.324567
102.419591,50,4701.425563
4.692192,71,4712.742377
1.574852,101,4712.951082
104.181431,63,4713.075149
101.083981,73,4713.220049
104.019431,53,4713.321951
3.975314,66,4713.45172
102.474709,46,4713.541905
103.936584,71,4713.681195
102.673182,66,4713.813797
104.792567,66,4713.9445
1.42265,122,4714.184612
4.142457,76,4714.347701
100.083718,51,4714.451522
101.673865,82,4714.612967
2.491034,74,4714.757577
3.998803,61,4714.879323
101.178855,121,4715.118838
3.856179,67,4715.251908
4.569947,72,4715.401365
101.748882,67,4715.538335
3.223428,90,4715.71352
5.530882,77,4715.862728
4.92594,64,4715.988172
103.928154,68,4716.121787
1.767481,75,4716.27379
104.145716,65,4716.406593
103.462733,72,4716.551412
5.33435,64,4716.676372
4.686736,61,4727.966232
2.596093,72,4728.113838
0.956032,72,4728.253868
2.634094,59,4728.372095
100.663788,66,4728.518913
0.410021,101,4728.719604
2.929108,71,4728.911658
101.728119,64,4729.084413
3.50037,71,4729.236287
4.321388,142,4729.515222
3.726043,112,4729.737767
4.216107,67,4729.871679
-0.764831,115,4730.103862
103.42397,71,4730.241768
1.754443,61,4730.363199
102.099125,65,4730.490983
1.025601,80,4730.674833
103.481436,54,4730.780962
104.697513,63,4730.904423
100.948149,61,4731.02758
3.674427,73,4731.173394
2.394466,61,4731.292322
4.195183,61,4731.411591
4.897226,77,4731.565645
2.154038,69,4731.705632
4.227886,68,4731.842145
4.293322,79,4732.001015
0.997412,1000,4745.20316
3.774471,73,4745.345351
102.098375,47,4745.438917
1.624445,65,4745.565006
1.735252,131,4745.821603
2.326143,70,4745.960437
2.368894,91,4746.139722
2.637816,81,4746.299977
2.410891,74,4746.449197
2.946001,59,4746.567922
102.666364,72,4746.70973
2.771212,65,4746.836072
5.751549,72,4746.978978
1.483182,98,4747.174193
3.102137,67,4747.306648
101.218279,84,4758.743767
100.728257,32,4758.825488
1.999598,87,4758.999066
0.535643,79,4759.151645
105.251032,68,4759.280879
1.683516,82,4759.442949
2.793303,70,4759.580148
104.400033,59,4759.700424
3.842844,89,4759.880975
2.320372,96,4760.078061
3.095456,100,4760.270828
2.585162,74,4760.417047
2.988809,65,4760.546019
4.286556,90,4760.720889
3.687545,94,4760.906506
1.809109,70,4761.044798
2.211909,92,4761.228146
105.73395,66,4761.363645
104.505964,73,4761.505402
101.579643,68,4761.641177
1.944783,70,4761.77961
3.693519,79,4761.935228
102.064389,72,4762.075708
101.765011,80,4762.230912
4.117077,92,4762.414989
103.403488,60,4762.530377
100.78738,80,4762.68576
5.042009,71,4774.069643
4.142873,60,4774.188121
102.01837,78,4774.341393
2.035806,90,4774.535513
101.284424,82,4774.697351
2.378438,71,4774.834863
4.720613,87,4775.012565
102.569725,74,4775.157801
4.482184,59,4775.27169
2.123385,60,4775.387389
5.217196,61,4775.506412
100.981441,72,4775.654863
4.398392,67,4775.788043
1.944497,71,4775.932638
3.372719,65,4776.062665
-1.862313,180,4776.419225
105.046436,72,4776.560199
2.359427,74,4776.704146
1.358877,80,4776.860919
102.217768,65,4776.994323
100.988751,59,4777.112258
3.663994,88,4777.289678
100.652004,58,4777.408426
1.243833,87,4777.584126
101.890192,70,4777.722996
5.89859,70,4777.861348
2.674019,70,4777.99896
3.482067,73,4789.420519
0.634025,69,4789.556401
2.478356,79,4789.715003
-0.197088,75,4789.867429
2.181265,91,4790.053641
101.433556,74,4790.204297
3.353388,108,4790.430731
-0.143239,216,4790.859404
0.462789,83,4791.040802
2.694546,74,4791.189478
3.394772,66,4791.319844
1.658033,71,4791.457783
102.452882,65,4791.587254
0.599634,78,4791.741084
2.436484,68,4791.879231
2.73817,87,4792.048263
1.823614,72,4792.190367
101.092865,73,4792.334475
0.11465,1000,4805.528954
3.06288,60,4805.646612
103.750854,74,4805.793937
1.920982,70,4805.934459
5.59381,69,4806.070593
0.167337,80,4806.227021
106.076256,66,4806.365582
1.530505,63,4806.493071
103.453608,72,4806.634738
102.197935,50,4806.737766
1.548501,98,4806.925114
1.73183,76,4807.070032
4.641877,64,4807.192444
104.155528,70,4807.329804
3.594243,78,4807.481838
102.566422,46,4807.571876
101.343269,63,4807.698525
104.783635,60,4807.817219
4.849255,75,4807.962738
1.887235,86,4808.132911
105.030035,70,4808.270272
-0.915176,100,4808.472022
5.183198,70,4808.612953
4.617248,66,4820.020762
4.768496,64,4820.151276
4.34861,70,4820.291375
1.961789,72,4820.454973
100.563982,72,4820.612832
4.406215,81,4820.777333
100.982855,74,4820.921392
5.95525,70,4821.059813
3.443251,90,4821.240168
0.832443,304,4821.840119
2.510791,84,4822.007125
1.034674,71,4822.148222
2.72991,75,4822.296666
102.990705,58,4822.408883
1.698546,88,4822.580088
2.331605,70,4822.715365
2.791233,63,4822.838932
4.187023,60,4822.957855
101.376433,93,4823.141165
4.019081,70,4823.277061
-1.178692,93,4823.459858
101.245907,81,4823.619787
102.234391,63,4823.745387
101.690834,89,4823.924344
0.985005,88,4835.36912
101.698502,43,4835.475568
-1.777291,230,4835.92864
100.736672,85,4836.094469
103.285709,51,4836.195767
2.98526,70,4836.333831
101.171361,58,4836.44908
2.030544,85,4836.612228
1.375438,86,4836.781631
-0.114196,130,4837.039606
3.089175,71,4837.179528
1.815628,72,4837.320203
3.654126,71,4837.45662
2.802999,62,4837.57699
0.385993,169,4837.914048
1.227754,68,4838.048372
1.058689,71,4838.187956
3.221071,82,4838.349165
4.110919,156,4838.655241
3.101079,82,4838.823513
102.751957,76,4838.971801
1.387963,78,4839.128153
2.972382,67,4839.260545
1.510321,106,4850.667813
2.073123,191,4851.07152
4.94143,74,4851.218247
3.621046,93,4851.402651
1.125678,78,4851.555515
2.291202,71,4851.697789
3.066942,70,4851.837472
0.252611,83,4852.004835
2.224018,64,4852.129444
2.7237,64,4852.258018
3.136131,66,4852.385033
4.33108,69,4852.519305
2.454207,81,4852.676409
1.389803,87,4852.846921
102.499483,47,4852.941564
5.622422,64,4853.06529
101.408464,77,4853.215266
2.321893,65,4853.343447
101.323617,60,4853.459369
1.453574,107,4853.668166
2.815696,67,4853.801951
2.399263,69,4853.935705
1.956124,64,4854.062829
3.063052,93,4854.24543
4.436335,67,4854.376493
1.635434,152,4854.673331
3.019436,68,4865.974378
4.847327,88,4866.168472
103.676353,70,4866.310349
4.210203,74,4866.456884
3.230802,67,4866.59246
101.266165,78,4866.749879
101.462017,74,4866.900933
100.48195,61,4867.020675
4.139082,65,4867.146765
2.395341,88,4867.323848
2.49857,77,4867.482174
101.854491,130,4867.740267
5.739217,64,4867.863197
0.531156,78,4868.015112
2.754699,76,4868.163067
100.704328,51,4868.264303
2.799716,79,4868.419904
100.922651,57,4868.5353
1.280905,82,4868.694443
103.061276,62,4868.81682
101.357402,58,4868.930497
2.001096,72,4869.078098
1.350515,91,4869.258879
4.047764,70,4869.397984
4.882314,87,4869.571678
2.156383,74,4869.717722
3.465253,71,4869.85941
101.171948,78,4881.229726
1.594208,74,4881.374116
101.220158,79,4881.536922
3.421352,94,4881.726685
103.983458,56,4881.838094
2.097204,87,4882.004606
101.153611,57,4882.111732
3.855079,69,4882.250497
1.045508,353,4882.971768
4.942671,62,4883.095991
4.692286,72,4883.238273
0.602559,152,4883.544704
2.284062,75,4883.693613
2.741675,71,4883.830497
104.552718,78,4883.988329
101.085454,67,4884.12272
101.958063,51,4884.22236
1.799321,125,4884.469032
101.653889,92,4884.65383
4.392633,66,4884.786451
6.004016,79,4884.941545
101.618694,61,4885.066924
100.875436,70,4885.205456
6.213382,73,4896.641962
4.805961,60,4896.761405
1.027699,65,4896.888831
100.916584,57,4896.995701
0.878646,74,4897.159699
100.833363,81,4897.3137
100.880468,78,4897.464111
5.486243,83,4897.624373
0.619953,72,4897.765212
3.456712,94,4897.945139
5.416237,61,4898.061849
101.395977,72,4898.2047
4.198424,75,4898.351103
5.434613,64,4898.475668
1.456565,80,4898.633817
3.798474,90,4898.808222
0.435179,1000,4912.118662
3.72516,187,4912.483516
3.753471,66,4912.61322
1.367224,78,4912.766606
101.69882,60,4912.884436
3.043671,67,4913.037909
1.723495,74,4913.199293
3.233749,83,4913.363585
1.789449,82,4913.525755
102.616138,59,4913.639359
102.28147,50,4913.738891
3.84481,93,4913.924505
4.825105,72,4914.070706
101.701315,72,4914.212827
3.451681,73,4914.359707
0.80456,96,4914.554434
3.899376,73,4914.700202
3.996524,101,4914.9021
1.324208,112,4915.122027
1.402308,64,4915.250638
5.03644,67,4915.384891
5.081038,61,4915.5047
103.402247,74,4915.652814
100.45682,87,4915.826992
2.894975,80,4915.991212
101.095713,80,4927.330518
4.560901,123,4927.574311
3.967758,66,4927.716084
101.215486,78,4927.870956
4.611584,79,4928.025404
2.759126,61,4928.146703
2.582298,70,4928.294247
3.613804,67,4928.423531
4.758109,61,4928.545812
-0.62326,119,4928.778448
3.142919,94,4928.970049
101.349706,52,4929.075375
103.398903,52,4929.179606
104.884636,69,4929.315909
2.456879,80,4929.472525
-0.407674,109,4929.687475
0.229136,77,4929.844058
101.131416,34,4929.910474
3.748028,69,4930.045231
3.303757,71,4930.185749
101.771608,60,4930.301859
3.496797,77,4930.45132
101.50394,84,4930.630595
3.86839,64,4930.76075
3.940446,70,4930.905967
4.610374,69,4931.042165
101.43337,92,4931.221017
3.626586,65,4942.520405
-0.232444,231,4942.986017
3.602082,83,4943.147236
-1.090817,87,4943.313575
0.729334,100,4943.51702
2.896813,69,4943.650634
1.223874,78,4943.80072
1.539301,84,4943.965139
2.899719,68,4944.103627
2.740454,67,4944.232952
3.462586,73,4944.380456
-2.065491,184,4944.741357
1.37853,86,4944.917157
3.191895,71,4945.056579
1.399405,82,4945.230383
102.879101,52,4945.333357
1.58038,71,4945.474249
100.928812,72,4945.617272
3.323748,61,4945.738448
101.25732,132,4945.999621
4.577298,62,4946.125511
2.912418,75,4946.272852
3.526818,98,4946.463958
3.768035,108,4957.841938
2.235308,86,4958.012846
2.564416,70,4958.1525
100.416573,50,4958.262727
2.12235,69,4958.397717
0.08902,102,4958.598251
4.109937,70,4958.736001
100.673393,250,4959.234128
0.664763,111,4959.449055
3.836382,78,4959.602204
2.148172,68,4959.735577
6.160603,67,4959.866272
105.121934,59,4959.996403
3.721779,63,4960.126082
2.974444,80,4960.288436
4.046443,109,4960.506829
100.852388,70,4960.643636
3.477228,77,4960.797114
4.03621,61,4960.921733
1.419784,167,4961.249036
0.560586,103,4961.451317
3.057976,61,4961.572863
1.316435,100,4973.053205
-0.703879,127,4973.302383
4.390843,78,4973.45313
3.461803,101,4973.670367
3.515743,66,4973.8003
101.056811,74,4973.945518
3.34922,79,4974.110103
3.986855,59,4974.228318
2.530495,68,4974.360501
3.836481,92,4974.540011
2.548591,71,4974.682778
102.433105,60,4974.79968
1.701578,62,4974.921643
101.3794,56,4975.033877
101.189243,81,4975.203167
0.614331,71,4975.344112
2.496876,92,4975.52576
2.079701,73,4975.668002
101.460797,70,4975.808123
5.272302,77,4975.964788
105.327543,64,4976.092899
1.279173,71,4976.231408
2.534571,66,4976.364204
100.430389,25,4976.413316
1.834048,67,4976.542914
2.456193,70,4976.68127
4.462846,76,4976.830668
3.169811,63,4976.957488
2.115656,70,4977.096122
2.660305,70,4988.409394
101.597794,73,4988.554327
3.455776,78,4988.708308
101.231823,51,4988.824313
4.973051,69,4988.954952
3.616317,60,4989.07389
0.740829,94,4989.256516
3.380101,83,4989.428659
102.213065,65,4989.552704
2.05726,66,4989.683389
1.807424,79,4989.836894
2.149467,84,4990.006656
0.665773,86,4990.176713
100.541782,79,4990.345785
102.832641,67,4990.478358
102.052924,107,4990.686227
4.37493,70,4990.826428
101.707008,135,4991.097766
104.048456,70,4991.236351
3.633828,86,4991.404895
102.524128,70,4991.54619
101.071429,30,4991.607187
4.27843,75,4991.753605
2.086987,64,4991.88074
-0.125567,131,4992.139758
3.15006,85,4992.307151
2.478253,60,5003.624369
2.72309,80,5003.800797
3.485996,66,5003.928265
1.82528,70,5004.066856
4.925651,67,5004.199129
2.250396,71,5004.336977
101.24851,62,5004.4575
4.276728,67,5004.594475
0.233364,120,5004.836752
1.175613,60,5004.952834
2.348661,59,5005.069228
5.112581,117,5005.29985
0.832495,83,5005.467283
2.692459,67,5005.597778
5.267687,71,5005.738715
106.198481,72,5005.881679
0.545133,145,5006.161643
1.060101,83,5006.323727
1.757408,74,5006.470685
101.451241,95,5006.657152
3.064524,93,5006.842844
2.583063,67,5006.977167
1.826126,96,5007.163079
1.168728,92,5007.348511
5.167106,78,5007.500961
4.374511,70,5018.82851
4.58179,69,5018.963572
1.101891,90,5019.142443
3.884904,65,5019.274389
4.833828,80,5019.434172
-1.050055,96,5019.623276
5.204186,78,5019.779621
101.007096,83,5019.942909
1.311169,97,5020.135803
1.650451,73,5020.293011
0.318586,90,5020.478059
2.165189,69,5020.611047
100.815184,70,5020.747319
2.585199,80,5020.905072
1.650308,59,5021.021431
0.451941,94,5021.208427
101.696784,89,5021.381924
101.105142,86,5021.557237
2.092917,99,5021.751198
4.524304,61,5021.868165
3.941708,74,5022.015733
3.370259,70,5022.152052
100.64524,253,5022.658343
5.003101,74,5022.806108
101.677246,89,5034.204286
3.263002,63,5034.330933
2.07517,58,5034.463062
0.305343,101,5034.665251
103.448674,72,5034.808128
-1.971893,167,5035.139325
1.861176,74,5035.286437
3.502889,96,5035.479198
3.615387,80,5035.640889
2.67839,76,5035.795916
101.606666,52,5035.894933
3.399163,74,5036.043141
4.258693,99,5036.240116
1.980342,116,5036.468093
2.324859,74,5036.617067
102.107558,64,5036.747539
1.720041,94,5036.934266
3.642394,59,5037.051327
1.385799,70,5037.187996
101.514486,96,5037.374347
104.311317,63,5037.496536
104.999225,74,5037.642271
-1.756246,107,5037.853942
4.835198,88,5038.027886
2.201297,71,5038.166488
0.921947,90,5049.53301
101.564877,71,5049.67355
3.587855,65,5049.80197
4.547729,71,5049.944671
105.92605,68,5050.088297
3.15721,70,5050.230781
1.793658,70,5050.370983
0.031201,93,5050.558792
105.098168,63,5050.686994
2.180516,77,5050.856056
4.543625,67,5050.989676
3.107796,103,5051.188653
-0.098648,74,5051.336731
100.916194,43,5051.416604
103.840951,57,5051.532645
3.174983,66,5051.664296
3.575553,63,5051.791296
0.35936,111,5052.005277
104.715085,60,5052.127153
101.216821,66,5052.256856
4.056411,77,5052.408629
1.653897,63,5052.533608
0.394529,93,5052.712406
1.897865,115,5052.93545
2.556446,62,5053.058373
100.42856,58,5053.173389
5.743351,66,5053.303214
4.052367,62,5053.426214
103.900415,55,5064.728675
4.322136,64,5064.868544
4.596435,69,5065.003696
1.69499,73,5065.148146
4.179161,90,5065.323575
2.143533,89,5065.49521
0.817771,75,5065.636682
4.058552,64,5065.775558
0.485824,1000,5067.74614
3.175242,79,5067.903378
101.781706,59,5068.020316
2.276353,96,5068.209905
103.34439,63,5068.335068
100.63081,50,5068.434937
2.700995,67,5068.566101
101.308714,75,5079.897905
4.455077,61,5080.022709
2.587752,78,5080.171572
100.926925,73,5080.321196
3.125894,63,5080.465827
100.423657,73,5080.615495
0.311006,77,5080.773756
5.602297,63,5080.907523
100.453855,68,5081.052677
1.994434,72,5081.197274
1.253351,63,5081.320813
3.476569,62,5081.442937
-1.863887,411,5082.247103
101.786019,60,5082.363048
3.033748,67,5082.491476
1.423928,67,5082.620137
100.228561,113,5082.862055
100.826343,80,5083.016119
101.034113,74,5083.160311
2.932404,68,5083.296482
3.134273,68,5083.428572
101.202343,73,5083.571208
2.198407,71,5083.712416
5.283091,61,5083.834731
5.092654,71,5083.975919
3.694794,77,5095.318634
105.683317,63,5095.444942
2.422201,96,5095.635067
104.48022,67,5095.767255
2.770166,70,5095.901508
3.285454,73,5096.046004
3.311277,77,5096.199321
0.223262,150,5096.507691
3.429047,72,5096.650468
100.893779,67,5096.787085
4.518798,60,5096.921507
101.439869,63,5097.04729
0.581114,103,5097.246256
-0.659236,63,5097.371856
101.540914,84,5097.537484
101.076139,101,5097.729035
0.840552,97,5097.922357
101.782556,117,5098.153005
0.662023,66,5098.285408
-0.602867,111,5098.530115
2.415217,74,5098.680399
101.242798,64,5098.804728
4.813851,66,5098.935979
103.957254,70,5099.072139
2.161527,68,5099.208557
1.845607,71,5110.509555
104.418024,59,5110.626194
3.89163,69,5110.759555
0.257181,80,5110.927734
101.214528,90,5111.128594
5.57189,76,5111.292352
2.651963,63,5111.430858
105.265712,63,5111.55957
4.43347,91,5111.743001
4.416577,68,5111.878831
0.011349,71,5112.025247
1.634966,83,5112.194571
1.450456,71,5112.334744
4.122579,78,5112.492449
1.637915,90,5112.672869
3.378657,72,5112.816985
102.61398,75,5112.96695
3.032731,70,5113.1111
2.474762,60,5113.235099
3.289237,86,5113.404476
2.83407,76,5113.547281
-1.10628,62,5113.668913
4.567749,68,5113.800252
103.703631,64,5113.924222
1.900698,127,5114.165636
2.042174,61,5114.290969
3.453451,71,5114.430865
101.676719,78,5125.739199
3.068894,190,5126.10822
5.017039,70,5126.263487
2.488486,67,5126.39618
2.619337,71,5126.541245
105.288169,61,5126.663075
4.105616,64,5126.798222
4.147824,69,5126.937132
1.360638,92,5127.113742
100.837531,77,5127.267031
1.839657,77,5127.418524
2.393837,89,5127.59506
101.198791,82,5127.754807
1.031905,80,5127.911155
0.51644,80,5128.069908
101.983895,67,5128.202325
1.95939,76,5128.354352
101.337223,85,5128.524639
4.936852,65,5128.652501
-1.328833,120,5128.88964
2.807731,75,5129.039046
1.168715,87,5129.212595
2.365399,70,5129.353172
1.636857,64,5129.47829
0.568644,116,5129.70697
3.769955,102,5141.116829
105.327551,69,5141.270998
2.539715,65,5141.403447
5.289542,72,5141.549834
2.922576,73,5141.703413
2.197541,72,5141.844426
5.374148,61,5141.96607
1.757639,74,5142.113588
3.18491,59,5142.239847
102.10945,75,5142.387794
102.029294,74,5142.53841
2.343841,75,5142.690232
104.846294,66,5142.822742
1.90344,89,5142.996784
2.360866,73,5143.145473
3.447435,71,5143.288945
101.508791,59,5143.40634
101.962386,100,5143.605457
4.041987,65,5143.734125
103.819048,54,5143.840334
-1.209634,106,5144.050992
101.467099,79,5144.206999
4.766586,75,5144.355027
100.974252,34,5144.423321
4.733117,67,5144.553572
1.704103,75,5144.70998
100.914181,85,5144.877501
2.748683,171,5156.437495
102.75876,49,5156.536399
4.577199,168,5156.875382
101.038182,86,5157.050192
3.783554,72,5157.194581
5.287119,61,5157.313712
3.134112,59,5157.434946
100.496674,52,5157.540325
4.59942,61,5157.661929
2.756297,77,5157.821015
101.082118,38,5157.90422
2.248526,67,5158.038298
-0.106448,210,5158.451422
102.096568,122,5158.694204
0.473816,541,5159.767341
105.087368,63,5159.890325
104.763336,64,5160.02697
104.278515,56,5160.139813
104.239661,56,5160.248383
3.671091,60,5160.364897
102.47036,72,5171.871552
5.018898,61,5172.006925
3.084823,71,5172.148968
3.076953,69,5172.286103
2.870228,67,5172.419109
4.446794,61,5172.540681
1.698575,65,5172.666281
0.312369,86,5172.837741
3.802758,62,5172.967883
3.138581,71,5173.11314
1.608091,73,5173.262644
2.135832,68,5173.403319
5.762122,78,5173.570374
101.612999,87,5173.748835
4.014431,82,5173.912111
100.288885,57,5174.028248
105.467794,62,5174.149725
103.972895,60,5174.271956
2.355051,77,5174.431047
-0.552733,95,5174.627156
101.296005,66,5174.761035
1.718914,89,5174.95076
100.719488,66,5175.091179
-1.562015,106,5175.312371
4.073992,64,5175.445326
1.421227,62,5175.570609
3.154474,69,5175.715945
103.976664,72,5175.863173
2.98557,83,5187.258791
4.697142,64,5187.392682
1.768867,76,5187.548359
1.253233,75,5187.703398
3.301297,80,5187.863644
103.347956,63,5187.995458
3.055386,79,5188.170647
3.77203,77,5188.335403
2.043035,70,5188.478912
2.687384,67,5188.618901
2.818834,59,5188.737874
5.17736,60,5188.8553
2.924058,59,5188.969075
106.159361,67,5189.101002
4.33846,75,5189.248722
2.965934,79,5189.405043
2.011521,139,5189.682433
2.4081,69,5189.821997
1.274255,76,5189.975667
103.571745,70,5190.123225
1.100503,108,5190.34297
104.268876,67,5190.482357
2.594117,61,5190.608343
2.64664,60,5190.727165
1.602321,88,5190.897691
-1.316029,105,5191.099455
4.526767,61,5191.220501
3.536252,78,5191.385024
2.257175,79,5202.807941
103.087578,71,5202.954291
1.768801,72,5203.100686
102.805938,71,5203.265131
2.720385,90,5203.45355
4.917173,77,5203.611183
4.818496,86,5203.798505
5.106814,71,5203.955118
100.876662,64,5204.085999
0.348504,128,5204.353279
101.380922,83,5204.52379
100.808146,71,5204.672035
3.513217,74,5204.82458
100.904595,85,5204.988284
101.295998,67,5205.119019
3.445679,67,5205.246593
4.611107,74,5205.390688
2.147827,59,5205.507539
1.998542,73,5205.651338
101.717962,79,5205.808898
1.873021,64,5205.937413
4.232524,79,5206.094229
4.290008,69,5206.228855
3.722746,65,5206.356685
101.142241,99,5206.567935
102.333258,45,5206.653307
4.753328,69,5206.789623
4.305049,65,5218.185209
0.893786,85,5218.352895
2.492357,69,5218.489305
2.890078,81,5218.652518
1.492906,68,5218.804039
-0.81889,113,5219.026238
3.878171,82,5219.188266
101.072666,69,5219.333694
102.126589,74,5219.485456
0.587424,133,5219.761379
2.514112,64,5219.891449
1.489476,90,5220.078779
5.797284,71,5220.22698
3.205201,66,5220.361338
-2.220918,386,5221.141475
2.132034,78,5221.29748
101.494553,72,5221.437066
101.046136,77,5221.594798
101.244548,117,5221.821704
100.796734,60,5221.9376
4.29587,83,5222.101366
102.656553,71,5233.489277
101.752433,71,5233.634927
1.696311,86,5233.826807
102.026077,103,5234.032681
3.404671,65,5234.161132
3.944896,77,5234.316162
2.012206,96,5234.508353
-0.207813,88,5234.697561
1.114803,70,5234.843142
0.962754,1000,5236.823172
-1.729835,155,5237.131361
2.397835,74,5237.279227
103.572847,68,5237.416097
2.899804,76,5237.566139
0.734548,276,5249.444454
102.309576,69,5249.593612
1.308392,91,5249.78281
2.806139,81,5249.947813
105.953526,67,5250.095495
0.639075,101,5250.304063
1.482848,63,5250.449557
-0.721314,97,5250.651361
2.998785,70,5250.79636
0.906573,79,5250.951577
3.643797,78,5251.103642
105.398201,69,5251.238027
-2.045032,365,5251.949408
0.508595,96,5252.144233
3.899673,60,5252.272122
104.378471,67,5252.40693
100.991449,95,5252.60928
102.305237,65,5252.745928
101.103853,61,5252.869209
1.766587,73,5253.012042
3.970569,75,5264.426197
0.68975,105,5264.644235
2.043738,77,5264.799298
1.599311,70,5264.934649
0.455809,86,5265.106009
4.982567,63,5265.228034
3.679623,80,5265.394687
2.858771,92,5265.572158
4.020188,67,5265.705347
102.360705,61,5265.822698
3.149184,72,5265.961964
3.842492,77,5266.112623
3.86661,75,5266.261318
3.478841,65,5266.388908
2.929514,61,5266.509281
3.387302,65,5266.635684
103.605146,55,5266.743274
102.01679,57,5266.85227
2.80542,60,5266.974194
0.704664,65,5267.106279
3.550118,61,5267.2251
3.203003,67,5267.358903
4.259785,71,5267.500654
103.329378,55,5267.610998
3.371546,75,5267.758215
2.434541,67,5267.903088
5.381886,62,5268.027374
1.712657,71,5268.169611
0.358456,112,5268.390057
4.055993,68,5279.971505
-0.64364,66,5280.112679
4.116069,73,5280.262945
2.169495,67,5280.397754
101.228231,72,5280.538583
100.620993,92,5280.718833
0.650089,129,5280.973901
101.026956,59,5281.090242
104.003476,71,5281.230877
3.150445,67,5281.376196
101.243729,114,5281.597225
5.608642,62,5281.719687
2.731763,61,5281.843418
100.843348,32,5281.907704
1.57848,72,5282.050453
5.626899,62,5282.173744
2.634165,97,5282.365209
103.849762,71,5282.510591
101.342274,88,5282.692446
100.437435,62,5282.812038
3.454179,75,5282.958629
2.065747,65,5283.088226
2.635226,80,5283.244586
4.804344,64,5283.367706
3.9215,63,5283.49123
0.656909,75,5283.643157
5.286276,71,5283.78721
101.126218,105,5295.247538
1.199051,70,5295.406978
2.834511,90,5295.590398
2.683573,67,5295.724942
101.917556,79,5295.882117
3.745317,69,5296.01861
4.844733,67,5296.147363
3.477153,197,5296.530358
2.398782,77,5296.682858
4.642778,68,5296.814148
2.83351,62,5296.934039
4.406904,71,5297.071657
4.662091,66,5297.200387
1.998947,80,5297.358947
101.711179,64,5297.489911
101.660241,55,5297.602621
2.269823,66,5297.734231
103.701365,57,5297.848034
4.17586,74,5297.998249
103.718448,54,5298.106603
1.51134,98,5298.303487
5.199181,117,5298.537399
1.989038,86,5298.706978
100.740449,76,5298.866444
4.480075,68,5299.005599
1.138803,85,5299.173441
1.124985,79,5310.717118
2.883284,66,5310.846684
2.947557,66,5310.973793
104.319213,62,5311.093271
3.281632,70,5311.230592
3.550343,74,5311.379642
3.877436,82,5311.539974
1.209291,86,5311.707951
2.15866,105,5311.917943
0.728382,121,5312.163581
2.819447,69,5312.305873
0.819238,70,5312.44503
2.909524,72,5312.586954
2.901035,75,5312.736872
101.431688,90,5312.919677
104.813535,60,5313.040168
101.590961,70,5313.186651
4.18004,76,5313.347496
1.565572,93,5313.537768
0.045833,96,5313.733837
3.301602,105,5313.947354
2.666546,91,5314.130733
2.253461,61,5314.251924
3.835897,73,5314.396083
3.668605,66,5314.526629
0.681203,64,5314.671493
2.949968,60,5314.788433
102.292112,56,5326.139449
4.6039,65,5326.270164
1.509518,83,5326.432384
3.818538,66,5326.560473
5.77255,77,5326.727066
-0.179093,97,5326.935229
1.236799,96,5327.125861
2.742254,74,5327.268816
5.479643,62,5327.390086
4.520668,127,5327.649443
2.383106,64,5327.784962
100.756265,74,5327.938809
105.330152,65,5328.072358
101.464232,73,5328.226397
101.57755,69,5328.369215
3.444328,72,5328.520411
1.915948,70,5328.663723
2.732624,68,5328.8062
101.093574,66,5328.944328
2.307738,63,5329.093638
2.345607,89,5329.336624
4.425333,65,5329.494272
102.059322,73,5329.641265
3.159748,190,5330.022278
102.122771,58,5330.138419
102.06606,55,5330.247807
2.686156,73,5341.649881
101.699851,80,5341.81271
1.677827,71,5341.973586
2.968854,74,5342.126111
103.162863,54,5342.238238
101.111842,73,5342.390038
4.290747,70,5342.530221
101.245736,89,5342.71418
3.624557,61,5342.836666
3.703382,65,5342.962254
3.140428,70,5343.1007
3.532314,76,5343.250331
5.198492,68,5343.394736
4.453513,76,5343.547216
4.211732,154,5343.852433
102.584303,74,5344.000047
0.725781,122,5344.254757
1.779137,91,5344.444182
1.028345,1000,5357.788339
5.24949,84,5357.957874
1.726524,63,5358.083265
4.600974,84,5358.250717
2.101355,72,5358.396425
105.470125,65,5358.527251
1.497707,92,5358.71957
104.602405,59,5358.835084
-0.055726,119,5359.072315
101.940389,75,5359.221804
3.54586,72,5359.36488
3.881354,82,5359.528026
4.30966,81,5359.691825
1.824338,61,5359.821581
2.294161,69,5359.960823
3.616656,67,5360.095975
2.387524,81,5360.256028
0.091718,122,5360.505904
105.135321,65,5360.637795
4.58175,65,5360.785585
4.786577,66,5360.924655
0.41738,108,5361.150532
4.540578,66,5372.539434
3.52534,70,5372.677371
3.46284,66,5372.80488
2.401302,95,5372.988868
3.436723,70,5373.139642
101.594146,76,5373.287304
5.770816,76,5373.439098
4.273133,66,5373.573162
1.727982,63,5373.699905
3.559596,81,5373.858114
100.311773,115,5374.086728
3.100768,85,5374.251868
103.29604,65,5374.380459
105.981786,66,5374.507151
4.565373,61,5374.619124
101.719633,100,5374.813288
102.156732,72,5374.954328
101.208988,57,5375.067005
1.850085,63,5375.189643
-1.56519,106,5375.401602
2.84471,64,5375.547112
0.528763,100,5375.735689
-1.074091,403,5376.535291
1.957724,77,5387.908237
3.125236,99,5388.103731
103.70105,61,5388.225577
4.423915,74,5388.373314
3.315472,60,5388.493713
103.192282,72,5388.642462
2.856919,71,5388.789636
2.418823,70,5388.926445
103.740992,60,5389.048318
103.389891,63,5389.169855
4.728399,77,5389.342725
3.936986,60,5389.466236
0.390325,84,5389.640477
102.456821,66,5389.777164
100.871504,79,5389.934356
5.094577,65,5390.062327
1.96177,63,5390.183099
104.70811,69,5390.321386
101.301905,93,5390.509246
4.324489,69,5390.648013
3.922428,78,5390.801412
4.234759,68,5390.935584
3.484632,67,5391.067674
1.736832,70,5391.207488
-0.294689,245,5391.688162
0.993431,72,5391.826436
5.927562,73,5403.176186
101.42245,75,5403.329782
101.368478,51,5403.448266
2.867647,75,5403.602831
2.343193,61,5403.733
104.537313,65,5403.86504
105.46804,67,5404.004761
1.319867,74,5404.15877
5.405258,79,5404.323186
-1.139758,153,5404.640251
1.180696,60,5404.766068
104.049591,64,5404.893086
2.017915,66,5405.029438
4.156882,64,5405.156248
3.503362,69,5405.288983
101.269053,67,5405.420307
3.839286,66,5405.554549
0.715875,63,5405.677387
1.450191,95,5405.868538
5.345198,64,5406.001362
100.834683,76,5406.156269
2.763351,61,5406.282379
105.404896,65,5406.420253
4.368938,92,5406.614238
1.923448,93,5406.810433
2.263045,62,5406.941528
101.346046,54,5407.051854
0.843451,77,5407.212839
2.727235,80,5418.788159
1.51349,70,5418.931511
0.70914,111,5419.149583
3.492409,64,5419.275156
3.877982,68,5419.409791
4.262652,69,5419.547115
4.301628,118,5419.791873
4.271629,72,5419.94089
3.357733,78,5420.111756
104.711918,59,5420.23514
2.899167,63,5420.370663
3.864612,78,5420.529711
0.300555,71,5420.678482
4.430826,77,5420.830766
102.465413,71,5420.975445
4.382216,86,5421.154896
-1.001248,86,5421.330526
101.219382,72,5421.478375
3.385247,64,5421.613266
4.338331,66,5421.750342
0.800849,68,5421.89085
4.750918,65,5422.02107
2.860275,95,5422.217475
5.766255,68,5422.361243
101.496025,39,5422.441924
0.9444,107,5422.667115
103.121135,75,5422.815243
2.475425,66,5434.356818
4.224436,61,5434.47942
1.704187,66,5434.610182
4.223074,76,5434.767615
103.056446,55,5434.881912
101.687217,71,5435.046548
3.0006,62,5435.172811
1.326385,71,5435.317142
101.330936,75,5435.484853
101.187626,75,5435.64154
4.729326,67,5435.782608
4.974952,68,5435.920938
-0.30822,136,5436.204069
1.997678,69,5436.347966
-0.994666,251,5436.870295
1.227991,85,5437.054382
-1.814065,81,5437.220216
2.870396,76,5437.378562
105.489043,68,5437.526558
101.808256,72,5437.677218
2.986798,63,5437.809531
101.907203,45,5437.897662
1.698336,86,5438.075848
4.165621,73,5438.226941
100.546951,57,5438.34744
100.708204,51,5438.452942
100.951894,74,5438.607318
105.005063,64,5450.051725
101.169355,83,5450.217786
103.022566,54,5450.322596
2.860919,77,5450.476217
2.344902,79,5450.632725
5.207038,62,5450.75637
3.831818,61,5450.878657
2.790614,72,5451.023589
0.437801,70,5451.170192
101.331162,93,5451.364764
3.832896,65,5451.516802
105.255438,66,5451.660852
4.705423,81,5451.829216
2.282899,120,5452.072823
5.196209,87,5452.254737
1.77833,80,5452.422273
1.165925,66,5452.565076
-0.012931,82,5452.735917
1.363182,88,5452.920544
2.557202,61,5453.052954
102.658428,73,5453.206261
0.686868,118,5453.467495
1.232552,63,5453.601833
101.128385,65,5453.739892
1.677279,63,5453.890157
4.375917,76,5454.061064
100.068931,10,5454.081377
101.801615,64,5454.215005
3.509581,69,5465.632883
1.765613,70,5465.769305
3.993456,80,5465.924305
2.757813,61,5466.056156
3.752542,72,5466.196306
1.414527,89,5466.369109
4.761518,67,5466.50161
4.209054,99,5466.694268
-0.59313,86,5466.862422
103.597832,56,5466.972202
101.271416,79,5467.127857
5.568957,79,5467.280967
3.209211,79,5467.432913
-0.801454,92,5467.615679
4.773632,73,5467.766254
102.538818,71,5467.914012
4.338054,67,5468.049689
1.954567,81,5468.212111
3.770572,91,5468.392843
2.810508,60,5468.526146
-2.077462,345,5469.217462
4.870417,64,5469.346733
101.819804,74,5469.498057
100.971306,80,5480.877759
3.684015,74,5481.037825
2.264467,75,5481.192331
5.245685,72,5481.34037
103.609609,61,5481.464653
4.989383,62,5481.595121
2.490294,60,5481.714801
1.238705,71,5481.863656
103.714595,56,5481.985511
5.623284,64,5482.118043
1.61022,79,5482.281075
1.656505,69,5482.423127
100.893741,79,5482.577595
3.314707,65,5482.704004
-2.104443,144,5482.984446
2.899826,62,5483.103778
2.30285,68,5483.236294
4.35767,67,5483.367526
0.489225,1000,5496.679327
101.068782,75,5496.834769
2.889747,61,5496.955556
2.902093,66,5497.084569
4.007922,74,5497.232345
5.635268,68,5497.36577
1.347172,95,5497.551371
2.784071,82,5497.713367
101.375673,85,5497.87925
101.244224,55,5497.986343
102.599112,49,5498.08176
4.215644,63,5498.207101
103.588913,71,5498.346278
101.654625,41,5498.426336
1.336139,84,5498.586162
103.670462,59,5498.701331
4.17934,65,5498.830256
4.235238,105,5499.049331
5.008418,72,5499.190272
-0.60206,91,5499.36842
-0.642508,128,5499.632595
-0.499946,167,5499.969231
101.129812,33,5500.033103
101.549286,87,5500.203646
2.443823,74,5511.677927
0.236005,118,5511.915268
102.393777,67,5512.047993
3.589295,77,5512.201654
3.832561,75,5512.356728
0.140433,157,5512.667319
0.559392,218,5513.11052
3.691318,70,5513.247608
101.690884,97,5513.456556
100.718431,81,5513.618406
104.323431,62,5513.737277
101.993236,73,5513.886888
101.358577,85,5514.05914
5.965103,64,5514.185247
3.979374,77,5514.346402
3.3875,102,5514.551324
3.493838,90,5514.730202
4.699493,72,5514.87419
4.668097,66,5515.005161
102.29055,62,5515.128739
2.155409,68,5515.260753
5.075491,69,5515.39883
1.22861,84,5515.562349
102.095778,70,5515.697155
3.188754,71,5526.998582
102.898875,60,5527.115682
2.839655,100,5527.318048
2.01405,73,5527.474303
101.991142,64,5527.60308
0.715222,109,5527.818027
105.693538,76,5527.971756
4.218778,69,5528.111746
104.900471,66,5528.245862
0.775889,80,5528.40449
4.491251,65,5528.538118
3.339208,65,5528.670254
3.838717,68,5528.806099
2.575607,80,5528.965836
3.718548,73,5529.109871
3.367505,66,5529.245225
100.974465,82,5529.404962
2.798528,84,5529.574227
2.465729,60,5529.691332
1.317377,72,5529.861057
102.176917,51,5529.962651
-2.126568,207,5530.364146
4.873475,63,5530.490812
2.866515,75,5530.635204
5.394906,63,5530.761311
106.143726,66,5530.890747
3.264466,66,5531.023937
4.575438,90,5542.384301
4.092091,64,5542.514905
-0.616251,89,5542.687577
0.998176,130,5542.942728
2.417586,75,5543.089666
5.589854,62,5543.21028
1.327151,93,5543.39672
2.657701,64,5543.522028
101.710243,160,5543.839498
2.658289,68,5543.989371
104.036835,62,5544.11322
3.496271,68,5544.249445
104.921428,64,5544.377896
101.842449,100,5544.579179
103.917866,66,5544.70812
2.013118,90,5544.885002
-0.126589,169,5545.217317
1.392928,81,5545.382202
103.757932,65,5545.512072
4.035903,97,5545.70486
102.548564,48,5545.802077
0.724281,78,5545.963705
4.744524,62,5546.08873
101.562005,72,5546.234282
4.586446,68,5557.562049
1.183381,74,5557.707392
101.212918,67,5557.836259
100.466831,75,5558.002412
2.778937,96,5558.196806
101.75343,85,5558.364683
2.881237,90,5558.546286
100.19555,201,5558.945468
0.78288,83,5559.109881
101.004155,81,5559.268029
2.194524,89,5559.445006
5.108176,63,5559.568879
101.912867,51,5559.677791
103.563242,62,5559.799953
0.626216,84,5559.966611
100.490841,53,5560.074395
3.053981,91,5560.259465
4.895958,114,5560.484784
1.749096,69,5560.62114
4.838636,67,5560.761097
101.879365,93,5560.943994
3.85273,63,5561.069594
100.507585,65,5561.19933
2.767982,74,5561.349514
103.443664,61,5561.470605
3.919854,79,5572.851838
4.603994,66,5572.987346
4.359589,79,5573.146288
6.000573,76,5573.299764
103.424268,61,5573.418195
2.211369,69,5573.553171
0.335159,99,5573.748435
3.702046,63,5573.878363
2.921166,65,5574.023589
3.043598,64,5574.152073
100.510206,68,5574.286765
104.942927,69,5574.423376
3.05684,73,5574.568479
1.444849,73,5574.713576
102.256301,47,5574.803122
1.971772,84,5574.970384
100.620026,81,5575.127371
2.176609,69,5575.2658
1.380188,77,5575.41914
4.448971,75,5575.567888
0.528885,401,5576.370351
101.10619,84,5576.535977
4.024621,72,5576.681604
3.25136,65,5576.812247
4.558923,70,5588.139011
6.191927,65,5588.265955
4.601786,68,5588.413428
5.244946,81,5588.573416
1.107987,95,5588.760646
2.826757,60,5588.882025
100.386172,21,5588.925583
1.026121,83,5589.08548
100.905618,115,5589.315291
101.44561,72,5589.454051
101.470435,171,5589.792181
3.063141,66,5589.921329
105.299591,66,5590.054185
1.379852,87,5590.229691
-1.928677,439,5591.099287
3.158993,67,5591.231771
105.038702,68,5591.370713
101.821046,63,5591.497294
0.686755,109,5591.712204
102.934108,60,5591.832314
101.286096,88,5592.007985
3.455485,63,5592.137145
0.289805,119,5603.600488
100.506249,27,5603.652474
2.198203,67,5603.785494
1.238617,73,5603.93259
3.835355,82,5604.097331
103.8201,64,5604.225193
4.333179,79,5604.386458
3.444863,62,5604.51109
1.355418,91,5604.706456
101.505338,74,5604.854697
100.915613,54,5604.962111
1.608128,83,5605.133894
100.403731,69,5605.270451
2.658216,61,5605.393023
0.618234,140,5605.668945
-0.185424,83,5605.835214
3.566817,63,5605.961787
2.800979,76,5606.117563
1.981495,65,5606.247713
4.832882,73,5606.388091
5.568485,66,5606.520327
101.432573,69,5606.660416
101.360993,76,5606.807406
101.796155,71,5606.948762
2.376751,66,5607.079493
3.416899,80,5607.237856
1.598013,88,5607.415423
3.212415,66,5618.771657
2.630066,78,5618.938521
3.411929,96,5619.13396
104.83294,65,5619.258368
1.139076,71,5619.400744
4.215196,63,5619.526533
102.865875,65,5619.655163
1.868628,80,5619.816818
105.513495,68,5619.950955
2.836859,72,5620.09973
4.947096,79,5620.259335
101.60761,79,5620.41625
2.502998,68,5620.549701
103.286517,52,5620.654507
0.996999,120,5620.894842
-0.953495,143,5621.183051
1.103157,66,5621.317201
101.447845,83,5621.490108
3.363234,71,5621.631701
104.581504,64,5621.761324
101.562281,91,5621.939926
101.238778,34,5622.010761
-0.429628,90,5622.189185
101.686012,48,5622.285494
-0.119571,90,5622.462238
104.247753,73,5622.623383
1.877297,70,5622.75579
104.859668,60,5634.059829
2.531769,71,5634.200181
106.013994,68,5634.333551
4.004255,62,5634.454852
100.987557,66,5634.583481
102.102691,78,5634.754065
100.261742,56,5634.862011
3.952339,66,5634.993825
100.632589,69,5635.132924
2.975386,68,5635.267389
4.520312,66,5635.399674
4.805474,76,5635.55569
3.124409,65,5635.682663
101.052285,78,5635.836524
101.393224,66,5635.965925
1.816873,108,5636.183334
101.906471,65,5636.31694
3.550254,70,5636.455331
2.473375,69,5636.593578
100.548795,88,5636.766382
0.782817,116,5636.994648
102.863223,69,5637.130403
100.957931,111,5637.356851
-0.172282,131,5637.616658
1.295912,75,5637.763498
1.847156,77,5637.913338
101.699652,75,5638.059868
101.515062,71,5649.437049
4.54607,68,5649.584545
4.776481,71,5649.724447
3.431046,67,5649.857504
5.134525,61,5649.980654
2.51136,80,5650.138271
-3.180298,138,5650.412152
4.385229,69,5650.549011
5.568717,65,5650.676526
5.258845,80,5650.837553
1.845207,72,5650.979858
105.313844,62,5651.101766
2.986394,61,5651.221529
100.962863,86,5651.389087
2.152171,97,5651.583067
3.879387,66,5651.714025
0.937076,121,5651.949582
100.260938,69,5652.088479
1.578513,94,5652.278131
2.022795,92,5652.457511
2.536873,92,5652.642275
100.794517,88,5652.814964
101.758121,67,5652.946028
101.147338,83,5653.117738
101.0239,47,5653.209965
102.475577,58,5653.323425
1.70409,96,5664.729516
101.400771,127,5664.98
2.431643,71,5665.121081
104.490416,64,5665.248592
3.912613,66,5665.37933
100.998281,38,5665.458637
3.339161,66,5665.583953
2.483364,65,5665.714763
102.412584,77,5665.875771
4.977935,74,5666.032471
3.646167,62,5666.157025
4.520406,85,5666.328191
0.684873,84,5666.496439
103.644671,69,5666.631914
102.852556,66,5666.762689
102.111376,72,5666.908438
5.662534,76,5667.061704
5.494283,65,5667.187989
4.355223,68,5667.319556
3.219304,63,5667.44823
1.535084,65,5667.57719
101.11581,67,5667.708632
100.633259,232,5668.159756
1.907783,70,5668.297027
2.050138,77,5668.454903
4.716165,64,5668.58658
2.952279,69,5668.723878
0.536041,134,5680.228477
101.216309,60,5680.348948
0.589127,76,5680.4971
1.941283,64,5680.625498
3.912772,68,5680.763594
3.124684,84,5680.935566
100.318201,73,5681.079234
4.411369,65,5681.21159
2.603587,168,5681.543468
0.599525,106,5681.758659
101.971776,74,5681.904668
102.418852,67,5682.03732
3.522275,65,5682.168726
102.467038,66,5682.297897
0.533357,74,5682.444608
3.593773,69,5682.583915
2.804698,61,5682.706236
-0.821211,181,5683.059952
2.253161,76,5683.211348
1.516724,85,5683.385136
101.296143,77,5683.535281
1.137074,110,5683.754659
3.183273,68,5683.888834
5.199233,63,5684.017337
0.671391,79,5695.404103
3.036935,75,5695.550403
0.507517,109,5695.768158
3.010666,196,5696.160278
4.150537,87,5696.348615
3.916452,63,5696.474463
2.976736,100,5696.676852
4.280713,107,5696.893001
3.327985,119,5697.133214
2.132492,66,5697.260061
103.634915,74,5697.4066
103.809638,59,5697.52396
1.682046,84,5697.691552
101.031704,71,5697.831349
1.059449,63,5697.956815
1.888574,73,5698.09902
5.120809,67,5698.231704
0.846099,66,5698.365287
103.928186,68,5698.508442
100.784489,65,5698.637556
3.620303,77,5698.788682
2.815498,71,5698.929809
4.208308,66,5699.064135
0.508825,104,5699.270036
4.041598,128,5710.790251
-0.031617,161,5711.110698
101.12729,48,5711.208402
-0.13196,83,5711.37833
0.24942,1000,5713.412625
2.219445,82,5713.589208
1.022235,97,5713.800498
5.735831,71,5713.942493
4.218603,70,5714.085851
0.111673,366,5714.819371
3.792368,63,5726.137013
102.135992,59,5726.251459
103.736534,63,5726.379131
3.799411,77,5726.533535
3.132662,144,5726.828945
101.807817,45,5726.917151
1.365265,104,5727.135292
103.071185,57,5727.26161
3.433716,69,5727.400443
101.649019,61,5727.522693
4.351858,97,5727.717138
3.170416,94,5727.90426
3.100864,94,5728.092299
101.55082,83,5728.255997
1.986675,89,5728.432276
2.683451,67,5728.562228
100.172123,44,5728.653749
1.465976,88,5728.830785
100.909415,86,5729.000384
2.165266,71,5729.141878
4.985896,64,5729.271977
104.575554,59,5729.397234
1.133265,110,5729.622164
3.509087,103,5729.835631
1.940793,65,5729.969394
1.570391,158,5741.55012
0.186853,99,5741.767827
4.684024,75,5741.915706
104.301104,56,5742.029312
2.492835,64,5742.160123
2.158677,72,5742.302862
-0.760182,176,5742.664111
103.31904,74,5742.812153
0.760808,78,5742.966588
0.80353,94,5743.15444
6.235924,68,5743.290436
2.136173,67,5743.424135
5.236674,67,5743.556963
2.961125,65,5743.682687
2.789692,66,5743.813944
3.517654,76,5743.966845
0.630831,106,5744.178793
4.645807,66,5744.311301
3.656614,63,5744.436709
3.445099,64,5744.563889
104.752328,62,5744.684551
0.856908,85,5744.858382
1.62389,121,5745.097802
1.436514,97,5745.289505
4.026428,67,5745.425194
5.008166,69,5756.76221
100.346537,72,5756.909185
104.126993,69,5757.042101
5.664671,72,5757.182214
4.414511,63,5757.306301
3.584837,72,5757.447426
101.906181,77,5757.599273
4.435522,62,5757.716409
3.067787,80,5757.875744
2.278527,70,5758.010586
104.788258,61,5758.130984
3.001048,62,5758.267913
2.411206,68,5758.40464
101.710119,71,5758.54442
3.858145,66,5758.674131
3.464242,75,5758.820719
101.938102,68,5758.954494
3.231914,76,5759.104507
102.097036,53,5759.209294
5.347373,67,5759.340091
101.508752,86,5759.50915
2.731524,71,5759.64859
101.350894,85,5759.812094
1.533638,86,5759.981225
2.116747,69,5760.117349
101.071416,78,5760.265529
0.49645,91,5760.454834
2.186499,73,5760.598035
2.008902,70,5760.733533
105.323194,67,5772.143825
105.84159,64,5772.280198
4.530393,110,5772.50436
100.911656,75,5772.658365
5.640774,73,5772.806704
102.691695,77,5772.958513
1.722561,64,5773.087309
-1.118423,294,5773.679614
2.690069,74,5773.832096
100.89352,88,5774.014515
101.497164,54,5774.125091
3.382891,68,5774.271489
2.906616,75,5774.427518
1.311192,76,5774.585627
101.129616,90,5774.773124
2.523609,75,5774.923134
5.604702,64,5775.052268
104.259442,70,5775.191902
3.217763,64,5775.322662
4.249861,61,5775.441607
2.605639,84,5775.609332
2.986896,76,5775.767227
3.437509,62,5775.892874
2.667066,76,5776.051361
2.572681,80,5776.224733
100.856208,77,5787.624861
2.617722,121,5787.877812
3.04863,65,5788.01064
3.889274,69,5788.153007
1.369635,73,5788.315505
1.023998,104,5788.534408
2.140733,67,5788.672144
5.171273,64,5788.799896
1.470412,73,5788.940146
102.054656,49,5789.042388
4.978631,156,5789.370859
102.268152,42,5789.461436
1.574501,93,5789.651001
104.508309,62,5789.781099
100.992284,32,5789.847469
3.155145,185,5790.229151
102.408283,61,5790.348225
101.981916,65,5790.478007
101.730167,37,5790.548867
2.132527,69,5790.683755
1.258468,96,5790.872022
3.780623,61,5790.993889
104.645998,70,5791.133077
1.705747,71,5791.271994
103.181552,74,5791.421358
102.380055,66,5791.554035
1.083934,83,5802.913876
3.159641,76,5803.064015
3.441901,76,5803.227111
102.996765,61,5803.345101
1.378385,95,5803.537926
101.745976,77,5803.690875
3.306378,73,5803.844965
2.47375,83,5804.01457
1.710087,87,5804.184192
101.548665,80,5804.339869
103.850354,56,5804.457622
1.128991,73,5804.625148
101.352592,35,5804.697164
101.462641,62,5804.825106
100.710284,83,5804.98728
1.615805,90,5805.166305
4.018073,65,5805.29512
101.780152,86,5805.465704
0.888759,86,5805.637372
-0.600932,109,5805.856091
100.199527,48,5805.953684
105.357114,73,5806.098341
105.537915,76,5806.250843
4.261153,72,5806.39724
100.368529,61,5806.520208
4.92524,78,5806.677661
2.29052,69,5806.815179
3.868659,71,5806.954022
101.425768,56,5818.526555
3.387352,62,5818.652534
1.567138,69,5818.785703
0.92458,70,5818.940933
102.319143,64,5819.069644
2.108306,72,5819.214405
3.458471,61,5819.337905
2.394341,81,5819.5053
3.407938,177,5819.858943
4.80811,72,5820.000342
1.158673,85,5820.169228
2.990031,63,5820.294819
4.116961,171,5820.636148
3.586815,78,5820.790403
1.92571,76,5820.937699
4.658822,66,5821.076405
1.287192,86,5821.248913
101.500435,66,5821.377689
2.014412,74,5821.523721
102.209515,65,5821.654943
3.097344,68,5821.790793
4.767215,70,5821.932133
5.593,63,5822.052923
2.064551,67,5822.19409
104.464587,72,5822.336605
3.213565,67,5822.471389
4.024864,70,5833.808543
104.239772,61,5833.932983
0.831636,102,5834.131456
3.524121,61,5834.248239
102.96671,63,5834.376131
102.212914,67,5834.507344
102.86118,51,5834.612531
4.13595,61,5834.732368
101.578191,74,5834.899613
101.712789,67,5835.034559
0.570022,77,5835.190063
5.030172,67,5835.322695
100.964247,60,5835.450207
100.880367,86,5835.625529
101.232409,71,5835.763747
3.583926,76,5835.914125
1.780162,100,5836.113464
103.667956,56,5836.226158
101.237851,67,5836.358849
2.26676,74,5836.507125
3.273214,61,5836.630786
1.438923,91,5836.81086
101.711022,84,5836.976855
1.706901,131,5837.240109
4.50127,69,5837.384322
4.279284,70,5837.52388
100.258257,43,5837.608449
0.159253,101,5837.806627
1.639634,89,5849.278956
101.839529,42,5849.36264
103.924016,70,5849.518094
3.19998,86,5849.683421
100.271528,61,5849.80442
2.71282,68,5849.938601
103.783635,70,5850.076762
4.337529,65,5850.214827
4.590778,73,5850.363111
101.883195,55,5850.471335
-1.070834,138,5850.746642
103.064571,62,5850.872473
3.713417,82,5851.038622
4.614322,67,5851.173079
5.17545,93,5851.357255
-1.068441,108,5851.568801
103.239559,52,5851.674575
4.744865,67,5851.803737
106.175758,67,5851.935432
4.572084,67,5852.070134
100.743064,44,5852.156726
1.514595,104,5852.361036
105.079368,73,5852.504167
2.871679,68,5852.639945
4.327401,70,5852.776886
2.116027,88,5852.950417
-0.522161,102,5853.149978
100.464847,34,5853.220811
5.300569,63,5864.578636
1.1204,105,5864.784411
0.977842,90,5864.96434
4.923625,71,5865.105986
4.498564,68,5865.239242
1.793204,89,5865.418192
1.320814,82,5865.586846
4.333256,66,5865.716458
2.274652,70,5865.856571
1.350585,79,5866.025249
1.935884,77,5866.177696
3.075987,69,5866.315405
101.402054,60,5866.434001
101.486224,79,5866.591146
2.724915,79,5866.751045
3.822227,68,5866.885638
5.304886,65,5867.014076
3.706029,85,5867.183731
100.84139,86,5867.350176
2.761962,75,5867.49824
4.375065,68,5867.631691
0.627818,72,5867.768835
5.01629,69,5867.905177
2.572465,75,5868.051639
0.576378,76,5868.199536
100.554006,58,5868.317558
1.404524,104,5868.518643
105.315262,68,5879.89245
4.969065,84,5880.072598
102.599585,65,5880.204949
2.857667,67,5880.335907
4.770885,94,5880.52775
101.852597,101,5880.732596
105.1754,72,5880.880635
-0.314503,109,5881.098008
3.77132,64,5881.228285
2.617658,77,5881.381832
2.031027,84,5881.553345
100.819594,64,5881.680838
-0.453449,103,5881.888034
1.648254,99,5882.085726
2.092268,68,5882.220805
4.879492,64,5882.34916
101.152632,74,5882.500254
102.048804,52,5882.604358
1.929163,70,5882.743148
3.589616,73,5882.890043
0.85086,108,5883.107244
2.047298,94,5883.294245
100.928364,100,5883.497559
101.324306,80,5883.65901
5.49738,67,5883.790882
5.513842,66,5895.148601
103.365597,56,5895.261041
104.551264,63,5895.388602
101.95539,76,5895.536818
3.942774,82,5895.704782
1.992169,122,5895.946328
101.870279,54,5896.070552
3.993647,69,5896.211188
3.849871,72,5896.355971
2.971334,74,5896.5002
4.289569,61,5896.62048
101.627353,105,5896.83058
4.483491,78,5896.988368
102.474039,47,5897.082636
1.333831,81,5897.24447
3.712205,61,5897.36543
0.713135,66,5897.497578
3.361654,62,5897.623703
3.427194,70,5897.760127
4.614824,66,5897.895306
1.271091,78,5898.051285
3.365058,61,5898.172843
101.029423,74,5898.321851
3.932148,121,5898.559806
3.468262,92,5898.738386
101.65887,53,5898.848205
105.224692,69,5898.979401
4.863461,72,5899.124405
102.105926,47,5899.220981
5.76289,66,5910.551454
102.347645,80,5910.70982
100.84762,75,5910.8657
1.644629,71,5911.00949
1.175888,86,5911.182917
102.75292,69,5911.320663
6.192276,65,5911.451715
102.21898,63,5911.584743
5.153464,75,5911.736607
1.214562,71,5911.876765
101.551617,90,5912.054749
4.606201,63,5912.181873
2.56263,74,5912.334268
102.219797,62,5912.460989
103.127081,65,5912.590336
4.332174,67,5912.721106
101.012232,79,5912.877941
102.259779,65,5913.007691
1.404115,79,5913.174469
106.139103,68,5913.310386
1.579416,79,5913.46937
-1.582297,339,5914.163077
1.326923,77,5914.316853
105.453721,76,5914.462673
5.592497,68,5925.776561
3.669141,74,5925.922299
103.528723,66,5926.052169
2.599374,78,5926.206295
100.595955,71,5926.343553
-0.182684,110,5926.575105
1.149629,84,5926.74236
102.472,73,5926.890331
5.606453,70,5927.027183
4.437224,69,5927.160605
100.458141,31,5927.224907
3.53426,62,5927.348203
4.062123,90,5927.53015
4.605736,66,5927.663119
103.119634,67,5927.796878
0.992495,93,5927.993128
101.786938,41,5928.077098
3.327044,69,5928.215495
3.87359,61,5928.340024
104.572661,62,5928.462635
2.096387,71,5928.5998
105.459781,68,5928.737755
101.839855,71,5928.881295
1.35048,94,5929.074788
2.805978,67,5929.205744
4.985292,63,5929.330631
100.382636,73,5929.479324
1.127575,84,5929.655403
104.279243,70,5929.797009
3.706252,66,5941.099476
100.696163,81,5941.261789
3.132032,79,5941.417994
3.8497,186,5941.807389
3.421841,63,5941.931705
4.425437,65,5942.054631
4.177999,72,5942.199662
-0.293783,108,5942.41218
0.304904,90,5942.588414
1.467564,70,5942.730835
3.359149,69,5942.86827
3.285412,72,5943.011318
104.504162,59,5943.127732
3.080512,64,5943.2587
3.564573,67,5943.392927
101.380687,62,5943.514282
3.240748,188,5943.887441
1.285673,92,5944.077461
1.669462,117,5944.309626
101.429061,68,5944.444354
103.296403,52,5944.544617
102.082389,68,5944.680772
1.952624,71,5944.821753
100.083197,157,5945.131672
1.334045,79,5956.541896
101.295374,75,5956.697223
4.478666,111,5956.920157
2.426044,81,5957.083652
2.512852,63,5957.208606
102.305148,48,5957.304321
2.274839,64,5957.432647
2.277326,141,5957.730793
101.103555,78,5957.896133
103.346587,70,5958.044378
4.640298,70,5958.189611
3.616001,65,5958.324843
0.699818,88,5958.508308
1.84581,80,5958.672625
1.911121,71,5958.816355
4.520478,74,5958.967316
5.355546,69,5959.107716
3.209742,63,5959.229863
2.147146,67,5959.362441
101.336137,82,5959.524722
3.068789,76,5959.671413
0.957325,1000,5972.896458
4.220821,76,5973.058089
4.154215,84,5973.227084
0.664451,85,5973.394061
1.514395,88,5973.571115
103.626945,76,5973.728475
2.697672,77,5973.88499
3.797508,152,5974.184522
5.263606,63,5974.312271
5.048102,63,5974.434844
4.315532,66,5974.569361
-1.099431,108,5974.786803
5.90538,63,5974.914397
5.120237,61,5975.039096
2.50584,71,5975.184012
100.555775,66,5975.317992
1.349152,73,5975.462939
-1.338376,109,5975.684201
101.409795,73,5975.830141
101.523654,71,5987.15038
4.601578,70,5987.302967
0.744123,107,5987.515444
2.573632,112,5987.735636
100.90364,73,5987.883133
3.51914,94,5988.065078
5.034298,63,5988.198737
4.304552,71,5988.337658
101.889515,69,5988.479253
1.433801,79,5988.636084
2.192368,181,5989.002537
101.745146,59,5989.119723
1.739933,70,5989.257234
1.089373,69,5989.395175
-1.106516,118,5989.630614
1.397968,78,5989.794971
105.243732,74,5989.94111
101.15867,46,5990.031489
4.090377,61,5990.161162
1.100219,96,5990.347984
102.161029,65,5990.478218
4.449267,66,5990.607326
103.01322,66,5990.745708
100.945934,91,5990.925851
3.051267,77,5991.075847
100.80776,66,6002.422877
1.259206,92,6002.603955
1.65885,95,6002.789858
2.068854,80,6002.948868
100.963778,114,6003.171379
1.949362,62,6003.295863
101.491214,87,6003.495344
-0.273556,86,6003.670071
1.12728,106,6003.876262
0.422878,150,6004.165791
101.310998,61,6004.286515
4.375143,72,6004.428268
2.157293,69,6004.564286
101.414591,70,6004.702796
105.311875,74,6004.852051
-0.918488,100,6005.047586
102.322641,59,6005.164031
3.960832,66,6005.293107
5.549871,64,6005.421746
101.32859,52,6005.524299
1.48417,99,6005.720856
1.296987,94,6005.91366
102.472246,53,6006.019101
2.215015,113,6006.239386
104.216861,71,6006.38081
1.421258,96,6017.879886
1.287489,86,6018.047651
0.983274,118,6018.279073
2.719924,79,6018.435811
3.789643,67,6018.573094
1.38675,83,6018.737962
5.877275,76,6018.890605
101.996292,112,6019.117031
101.067145,48,6019.212996
0.791479,137,6019.483499
101.411603,82,6019.645552
102.043203,125,6019.898062
1.965595,125,6020.151402
4.539598,75,6020.299855
4.391499,115,6020.52293
1.527267,75,6020.665578
5.2593,99,6020.862851
0.466054,108,6021.082237
103.707427,56,6021.190852
100.824541,71,6021.329587
4.364357,66,6021.464248
101.493723,77,6021.616881
0.810333,114,6021.837811
3.153795,132,6033.318312
3.643141,77,6033.467209
0.478231,79,6033.626054
1.710564,69,6033.762372
1.520345,88,6033.940687
101.636675,70,6034.092667
1.409687,70,6034.227379
4.81045,62,6034.352755
0.514772,88,6034.52643
1.486268,89,6034.697428
2.299503,62,6034.820037
4.672625,65,6034.950907
1.35455,349,6035.636385
101.984445,74,6035.783073
101.329076,72,6035.924634
0.475904,1000,6049.146101
2.091573,70,6049.28092
103.017966,66,6049.426953
104.708955,62,6049.551703
102.356082,70,6049.685644
4.804168,76,6049.833982
102.13861,48,6049.927132
3.915097,77,6050.080315
1.000605,103,6050.280164
4.897337,63,6050.402142
-0.316848,85,6050.56518
102.441168,47,6050.671398
1.338422,61,6050.791082
101.290163,79,6050.954309
101.805291,54,6051.069131
-0.064149,85,6051.246904
100.846856,73,6051.39867
4.970694,69,6051.541592
3.191165,163,6051.878334
103.463277,70,6052.023976
2.923848,67,6052.16484
1.709388,81,6052.335878
3.079713,65,6052.475087
4.414681,65,6063.953451
101.444018,57,6064.07683
1.352563,89,6064.257903
3.945212,67,6064.411025
101.755934,98,6064.622305
101.675049,63,6064.756928
0.915137,94,6064.960334
2.653705,82,6065.132103
1.750046,126,6065.393119
2.814676,69,6065.535414
3.331791,82,6065.704044
2.581539,74,6065.862355
4.995438,65,6065.99958
1.539861,72,6066.151692
5.168177,98,6066.35715
0.918233,86,6066.534631
2.166539,133,6066.807895
3.297282,85,6066.982906
1.497424,69,6067.124174
4.138441,101,6067.330215
0.118159,106,6067.547067
3.370714,66,6067.680338
2.195278,60,6067.80324
104.474437,73,6067.950894
2.252968,62,6068.084866
1.608477,100,6079.859192
101.540515,76,6080.018817
102.176433,64,6080.150887
0.672276,77,6080.310663
4.729592,64,6080.445739
-1.685985,157,6080.775877
3.825333,97,6080.980379
102.342905,69,6081.122584
2.837312,70,6081.278473
2.811733,87,6081.458985
1.612377,73,6081.61246
100.59153,25,6081.66724
103.26542,70,6081.812322
2.680553,82,6081.97805
0.724298,1000,6095.225457
101.063514,96,6095.421193
4.611176,75,6095.57749
1.009403,65,6095.709484
100.697437,77,6095.868392
2.50594,70,6096.01233
1.91786,112,6096.25548
102.778925,53,6096.370865
3.098292,76,6096.52885
0.568504,109,6096.761833
2.243906,102,6096.979453
100.853997,73,6097.130373
100.505482,46,6097.227404
1.633651,104,6097.444084
3.171645,84,6097.617004
0.484992,115,6097.851236
102.854976,64,6097.977098
3.425624,91,6098.154591
1.182644,62,6098.285257
1.820399,133,6098.54795
1.894561,75,6098.698434
4.612339,72,6098.849613
2.562953,79,6099.006986
103.928501,61,6099.127578
5.141561,68,6099.268064
3.266056,65,6110.600786
3.621902,73,6110.757839
3.546704,65,6110.889253
4.626202,63,6111.026754
2.638987,238,6111.522912
104.796241,67,6111.668655
101.421526,78,6111.8374
101.238966,79,6111.99867
3.573124,209,6112.41635
4.362208,69,6112.550785
4.472329,68,6112.685222
101.078224,42,6112.771861
4.187151,69,6112.908132
106.236236,74,6113.057587
5.114534,126,6113.308363
4.015049,69,6113.451819
101.058094,64,6113.578619
101.070801,46,6113.667672
5.579792,62,6113.79452
101.333233,150,6114.092108
3.351686,78,6114.255446
101.136232,101,6114.458671
-2.289927,206,6126.093661
103.282307,61,6126.21443
100.764403,61,6126.336955
101.365714,76,6126.490356
5.160493,67,6126.624366
2.392509,103,6126.83136
100.740952,85,6127.016877
2.33286,62,6127.141544
2.240911,77,6127.294192
101.316969,78,6127.453611
101.023385,75,6127.60134
101.273894,85,6127.767568
0.696404,93,6127.952661
102.077925,56,6128.061664
3.322601,74,6128.217699
3.236374,61,6128.339129
104.341271,68,6128.475378
4.136837,67,6128.608803
101.166502,71,6128.750462
1.184713,73,6128.899353
1.301555,96,6129.088893
102.442993,73,6129.232251
4.898023,65,6129.362916
2.231842,62,6129.485668
4.739077,84,6129.652574
3.455702,62,6129.774364
3.898722,74,6129.924269
4.755515,66,6130.057218
5.61229,65,6141.382925
104.885516,61,6141.502491
4.183203,63,6141.627228
3.46278,68,6141.780265
5.174904,83,6141.945181
4.661858,72,6142.087983
103.050786,63,6142.211123
1.593944,99,6142.405092
100.928457,57,6142.518759
1.833221,108,6142.727948
101.267319,77,6142.880479
101.698501,70,6143.018379
2.114738,62,6143.144736
6.002627,78,6143.300919
101.838963,50,6143.401822
101.890876,61,6143.520509
3.024532,70,6143.654838
1.839312,110,6143.87326
2.343553,89,6144.048592
2.252385,68,6144.197137
4.895568,64,6144.326646
2.323849,96,6144.514444
2.749651,72,6144.654426
102.250487,80,6144.816297
-0.385571,303,6156.681978
104.815184,62,6156.822289
101.30367,74,6156.970706
3.010673,66,6157.100521
104.332953,67,6157.234375
2.677839,67,6157.364631
3.608145,67,6157.496823
1.207258,82,6157.660799
1.402145,80,6157.817364
0.781929,104,6158.022812
1.697536,75,6158.166506
103.676592,55,6158.277979
100.893917,86,6158.447803
4.884619,64,6158.577468
3.236948,71,6158.715827
3.231402,67,6158.850225
100.974243,64,6158.97978
3.408043,81,6159.136903
2.222034,101,6159.336223
100.342516,66,6159.464766
1.625388,77,6159.61693
3.965341,61,6159.741887
2.072134,89,6159.91776
1.850362,84,6160.083783
2.103207,102,6160.293798
3.769154,67,6160.427069
101.479426,82,6160.590207
100.378282,58,6171.95705
103.516962,56,6172.066865
2.802382,190,6172.445271
2.240112,61,6172.572511
5.080465,116,6172.806051
101.213959,108,6173.031223
1.597316,80,6173.188438
0.186045,81,6173.36376
3.848687,73,6173.507445
3.159271,79,6173.674
1.88194,64,6173.798395
1.141633,96,6173.98927
1.995941,97,6174.180433
2.024693,89,6174.35766
102.596613,67,6174.492018
102.033337,49,6174.592345
3.859811,100,6174.788617
1.013701,107,6175.002952
2.99701,71,6175.14379
1.991534,66,6175.27459
1.86826,63,6175.394594
2.58155,76,6175.543132
2.501878,92,6175.728839
4.590128,65,6175.860334
0.484083,77,6176.012945
1.167977,75,6187.361939
-0.45777,143,6187.640768
3.537593,68,6187.796488
105.3819,60,6187.913507
4.814361,65,6188.038446
4.576145,68,6188.177801
102.099279,74,6188.334008
105.497543,65,6188.461885
102.973469,65,6188.589686
3.248474,74,6188.734925
101.398186,80,6188.896184
103.127937,62,6189.020762
105.897712,67,6189.152516
0.407689,110,6189.372918
4.579777,67,6189.503754
-2.30176,111,6189.72639
101.886967,74,6189.871757
101.133795,70,6190.010006
0.442825,77,6190.164316
103.163415,68,6190.298826
3.695574,68,6190.436382
4.876851,68,6190.573522
3.726255,72,6190.714338
2.527919,97,6190.906644
101.421506,80,6191.067858
103.951373,77,6191.235555
-0.759204,52,6191.347507
100.827871,85,6202.713838
-0.478093,84,6202.877551
-2.534056,205,6203.306398
2.786667,77,6203.459093
4.389776,113,6203.683175
100.74245,89,6203.859966
2.181485,80,6204.017589
5.107853,88,6204.19343
4.594573,68,6204.327283
3.11944,66,6204.457201
2.162149,78,6204.611911
3.686092,63,6204.746212
104.228028,68,6204.879153
101.890571,64,6205.005438
4.495504,93,6205.192697
101.5914,127,6205.437956
4.17425,75,6205.587321
103.870723,56,6205.698299
-0.527872,144,6205.98346
101.298987,101,6206.180803
105.763858,70,6206.318478
1.943643,181,6217.881799
101.555787,114,6218.122481
101.862068,64,6218.250301
4.78556,95,6218.435427
3.865604,65,6218.573496
4.099848,73,6218.715306
-1.079147,67,6218.847125
102.610399,70,6218.995532
6.249632,66,6219.12452
103.699531,73,6219.273125
0.486835,74,6219.418334
101.245511,69,6219.557949
6.122083,71,6219.698687
1.399472,133,6219.963666
101.58135,89,6220.14395
101.518486,111,6220.363264
105.445034,64,6220.488273
100.998994,86,6220.658391
3.526359,103,6220.864336
103.065899,67,6220.995781
2.32673,69,6221.143145
1.3108,78,6221.297136
105.129002,70,6221.440052
3.950455,69,6221.577917
100.704418,84,6221.744945
4.526705,75,6221.893901
3.20987,68,6233.273402
2.742949,86,6233.445129
101.790593,86,6233.622146
-0.665995,99,6233.829444
3.749025,86,6234.004972
102.768261,49,6234.100835
4.752114,66,6234.251234
4.978267,70,6234.400875
101.6112,73,6234.553856
4.115693,66,6234.692425
4.151487,71,6234.83517
2.682391,76,6234.988097
102.850612,72,6235.128575
3.174842,87,6235.304952
1.770491,61,6235.43107
0.493585,78,6235.591851
101.469093,60,6235.71598
2.690899,84,6235.891456
101.174769,86,6236.071514
100.599794,72,6236.218502
3.153824,65,6236.357116
101.21783,90,6236.53876
3.331554,97,6236.740031
101.256634,77,6236.890104
101.365528,66,6237.020103
0.753305,107,6237.230561
-1.489087,93,6248.636957
3.373973,92,6248.818668
1.900285,63,6248.947612
3.42092,73,6249.104131
2.780683,62,6249.226705
-3.729674,261,6249.735898
3.591483,60,6249.852901
5.52908,66,6249.987172
102.181803,72,6250.133701
4.412832,86,6250.325589
3.615059,83,6250.499595
3.503242,85,6250.665589
1.282349,69,6250.802643
100.933204,61,6250.924305
100.943515,89,6251.108259
5.76969,66,6251.248823
105.449246,63,6251.378181
5.011031,62,6251.507389
101.228438,90,6251.692131
1.962819,80,6251.858285
3.238297,82,6252.034132
101.928584,59,6252.153278
4.944483,64,6252.289761
4.070307,91,6252.475156
1.320362,89,6252.660234
2.955338,88,6264.111414
1.866619,88,6264.302371
3.717986,101,6264.510295
2.274414,91,6264.698121
4.126858,72,6264.848312
2.383897,66,6264.985922
101.440071,57,6265.104651
2.816781,77,6265.262018
101.864732,39,6265.343659
103.052213,78,6265.507146
3.839933,76,6265.664735
101.931333,53,6265.774356
102.694842,61,6265.89646
2.253721,111,6266.114469
101.145928,40,6266.195688
-0.799276,113,6266.415909
2.540807,91,6266.600954
4.808995,66,6266.73207
4.34148,86,6266.903755
4.937752,73,6267.051686
2.637452,65,6267.183267
4.713649,72,6267.324736
1.565443,86,6267.496499
1.128603,113,6267.72167
2.889588,71,6267.863292
2.925028,67,6267.994844
3.86849,67,6268.130238
