#{"t_start": 1759995047.2053134, "env_id": "CustomLunarLander-v0"}
r,l,t
-0.361077,121,0.811427
-1.464994,114,1.026723
-2.056281,110,1.233894
0.324845,111,1.438488
0.008897,112,1.648424
0.302167,133,1.915574
2.675756,126,2.161021
-0.696275,105,2.361083
-1.162775,91,2.53044
-1.756898,102,2.73594
0.329518,110,2.957427
0.793817,112,3.176806
0.157783,122,3.415906
-2.917249,93,3.598053
-1.811405,121,3.858096
0.883851,125,4.097286
-0.137716,111,4.311186
-2.884924,95,4.495264
-0.786733,123,15.801362
3.379963,89,15.979221
2.165178,130,16.235319
-1.95013,114,16.457784
-0.182218,110,16.672851
0.171334,122,16.912529
1.159685,87,17.078413
2.468977,105,17.281987
-0.46391,100,17.473596
-0.598248,115,17.696024
0.986969,121,17.927271
0.685054,87,18.093625
2.596416,82,18.25131
0.860817,118,18.475984
-0.693103,95,18.659666
1.964783,104,18.859353
-2.241251,110,19.070806
0.707025,113,19.298008
-0.088316,106,19.508614
-2.998545,98,30.677476
-0.236598,96,30.86813
-0.556541,123,31.112064
0.617123,112,31.337057
1.108544,91,31.522588
2.18354,97,31.717554
0.548241,102,31.938329
1.957129,126,32.193515
-0.31054,92,32.379344
0.250839,113,32.607658
1.111814,81,32.772527
0.856683,89,32.953301
-0.126867,76,33.107188
-0.307073,96,33.301429
2.887289,91,33.482175
1.499086,106,33.694934
2.250376,85,33.86996
2.717699,90,34.045768
1.880147,88,34.214204
1.736824,80,34.364094
0.529393,83,34.524031
2.490583,88,45.747874
0.711436,108,45.97999
3.889841,84,46.149671
3.412078,85,46.323168
4.367827,81,46.485658
2.833614,82,46.652165
2.19849,92,46.835709
4.792337,99,47.023553
-0.589259,110,47.232595
1.626399,83,47.394058
4.738376,88,47.56257
2.268898,94,47.743158
0.650178,88,47.909117
0.200099,112,48.121986
2.135088,87,48.289
3.284357,82,48.44653
3.361458,88,48.611328
-0.640436,104,48.812121
1.820359,82,48.972184
-1.144908,104,49.17355
2.929736,83,49.333075
-1.216094,123,49.562382
-0.240667,85,49.725874
0.11579,88,60.892841
0.884456,84,61.06047
-0.190274,105,61.268522
3.632121,79,61.422303
3.544526,91,61.600623
3.07465,76,61.749668
0.479627,119,61.996215
1.091163,84,62.160924
1.363434,77,62.313551
1.765465,95,62.496888
-1.092532,105,62.70422
-0.285084,88,62.878211
3.621327,79,63.032518
4.658194,83,63.195095
0.28799,78,63.354612
0.799572,93,63.538078
-0.891666,127,63.79714
3.121907,75,63.945843
2.525577,82,64.107655
1.539255,81,64.267318
1.3836,81,64.426105
-0.857038,103,64.626078
0.288698,124,76.106709
2.017955,80,76.262604
-0.965648,111,76.474473
4.559474,76,76.621807
0.550647,90,76.796335
3.846685,82,76.955053
1.268132,99,77.153883
1.460411,92,77.344775
1.815779,85,77.510822
0.962547,125,77.757365
2.782044,80,77.910763
4.014276,77,78.059325
-0.410427,113,78.281006
2.387252,88,78.450411
-0.557212,97,78.638498
0.059105,81,78.797409
0.389299,92,78.987547
0.482378,89,79.15958
4.701075,77,79.308014
-0.674461,90,79.482359
4.075233,78,79.63006
3.058274,73,79.772769
3.511053,77,79.923989
3.752935,79,91.081244
-0.33335,125,91.325658
2.966091,100,91.522476
1.763636,80,91.685033
4.561865,80,91.843958
2.211572,84,92.008175
3.687212,81,92.168198
-0.831862,98,92.364858
3.933607,69,92.502196
3.760874,68,92.637282
1.22369,90,92.812752
0.576507,96,92.999306
1.406994,86,93.173873
2.620887,78,93.324921
4.011263,80,93.483533
-0.488678,90,93.666131
0.204293,100,93.863696
-0.029307,106,94.075495
2.361312,74,94.222349
2.359248,80,94.380389
3.775785,85,94.549412
4.513118,70,94.690278
0.769342,100,94.886056
0.515895,92,95.06604
3.043013,80,106.274913
5.964041,83,106.4404
4.613151,77,106.594824
-0.664287,120,106.833037
2.521109,83,107.001756
0.969861,103,107.207994
1.601899,76,107.364283
3.758213,80,107.524013
-0.107179,86,107.694021
1.081381,83,107.859929
-0.633547,102,108.063347
0.132873,83,108.230411
3.2818,108,108.446171
3.765329,84,108.618998
3.17142,89,108.79515
5.233242,71,108.93634
3.346383,71,109.079053
2.086294,85,109.246894
2.302787,77,109.401442
3.172038,74,109.549049
3.755459,84,109.714104
3.321074,84,109.898053
-0.184333,103,110.105153
3.26612,74,121.258689
1.607622,83,121.427488
4.880812,77,121.579073
2.737011,79,121.734455
-0.37587,159,122.070267
0.874044,107,122.285263
0.647848,111,122.507147
2.680837,73,122.655413
3.88874,83,122.820791
2.753677,96,123.011938
4.334089,76,123.163255
4.088626,74,123.315155
2.894396,80,123.474768
1.682435,86,123.661533
3.3773,73,123.806467
1.008264,96,124.002873
3.146444,77,124.157473
0.815036,82,124.323018
2.913571,95,124.518873
4.483139,69,124.659186
0.96867,95,124.850813
3.354476,83,125.038796
2.478087,70,125.180115
3.913311,94,125.364743
-0.106642,98,136.618422
1.985929,75,136.765703
4.164733,72,136.927728
4.427754,73,137.076449
4.09752,79,137.23159
-0.226078,107,137.445612
4.451084,78,137.600774
0.600646,87,137.768289
101.332696,58,137.880934
1.776122,71,138.021595
3.804014,76,138.173162
2.06937,77,138.328336
2.09831,79,138.486177
2.664787,71,138.648738
0.882762,89,138.827166
2.225676,74,138.968167
3.302236,70,139.107521
2.517378,77,139.255777
3.40545,86,139.425403
0.838712,79,139.57719
3.115084,90,139.754152
1.817805,88,139.940638
3.228791,66,140.075915
4.061711,79,140.230838
3.105256,76,140.380962
3.688165,72,140.520529
0.758428,91,151.756395
1.819226,72,151.8918
0.939661,80,152.045532
3.090116,84,152.209475
2.652551,83,152.370033
2.21288,87,152.539218
0.985215,112,152.764025
1.230811,84,152.928916
2.650052,84,153.093963
0.854416,117,153.324067
2.478182,71,153.466298
0.20903,84,153.631456
2.751587,75,153.781412
0.114142,97,153.970177
4.324355,75,154.118184
0.58945,100,154.314661
-0.955045,139,154.586225
2.737711,100,154.780045
2.480306,89,154.955714
1.596083,68,155.090819
0.877317,97,155.282889
3.536984,75,155.43215
2.49513,83,155.597541
5.539545,72,166.741044
0.965447,94,166.927626
103.40166,66,167.057307
-0.500988,89,167.234726
2.751059,69,167.373911
3.666704,75,167.523414
3.553858,69,167.661299
2.828885,84,167.830233
3.906336,66,167.964315
-0.372066,89,168.143835
2.146747,83,168.322178
0.56996,76,168.474389
0.963316,83,168.63902
2.23233,80,168.801361
2.097786,73,168.943937
3.454608,83,169.109364
4.015882,70,169.249004
4.460339,71,169.391875
-1.180397,116,169.622283
4.410939,76,169.772287
-0.130976,108,170.002765
4.423501,69,170.140431
0.576146,96,170.330882
3.524812,75,170.47846
1.150687,105,170.684898
3.600161,77,181.874897
0.681011,86,182.039591
2.328951,74,182.187957
5.028507,70,182.325936
3.25167,66,182.453548
0.055491,122,182.687798
4.572714,73,182.833716
0.308877,131,183.086647
2.191266,76,183.250412
4.223401,67,183.384959
4.303589,70,183.520996
1.918125,75,183.669099
-0.405911,104,183.872451
3.289788,70,184.010801
1.876439,77,184.167445
-0.337089,108,184.376994
0.062753,80,184.536597
-0.543591,87,184.708967
2.352615,69,184.843404
2.027965,78,185.010791
0.098478,91,185.189482
3.301275,68,185.322191
5.07477,72,185.461521
2.701636,81,185.620155
5.863649,75,185.766725
1.103175,116,196.98339
1.273536,81,197.14279
-1.080017,107,197.357263
1.428777,96,197.547321
4.342693,75,197.696662
2.147901,71,197.836947
3.155749,79,197.996439
0.829434,90,198.176896
1.732313,82,198.352773
0.570105,91,198.537787
2.369773,74,198.68585
2.589548,77,198.839939
3.777516,90,199.024529
4.084251,69,199.157191
2.975938,77,199.309994
1.969098,74,199.460543
1.208272,100,199.660703
2.276042,69,199.813668
-0.239374,92,199.997358
0.847563,79,200.152724
0.902374,75,200.299362
4.303563,66,200.430392
0.056815,122,200.671345
1.522735,80,200.831671
2.7775,91,212.019367
3.515635,70,212.155222
2.808001,76,212.305251
1.39185,71,212.445729
1.422771,92,212.632898
0.491914,99,212.827864
1.231447,92,213.006416
4.786108,70,213.143946
3.373964,75,213.291599
1.92584,82,213.463392
2.001158,83,213.633551
1.88192,74,213.777979
-0.269902,122,214.023955
4.873269,75,214.17067
-0.233581,125,214.420714
0.258968,90,214.605547
0.978164,73,214.751643
2.660579,91,214.93575
1.254884,83,215.123769
2.972312,73,215.27162
3.914036,78,215.428022
3.784767,71,215.573221
4.161661,71,215.71355
4.893915,66,215.844624
4.151152,77,215.998749
3.014583,79,227.341019
5.465831,68,227.477623
3.90986,66,227.61073
102.526047,65,227.739165
1.355378,66,227.869068
2.660762,71,228.013649
5.587202,69,228.15356
3.382515,72,228.297474
2.335441,74,228.447924
2.755302,80,228.607209
2.858228,68,228.743596
4.29353,68,228.880778
5.259483,79,229.040398
2.350623,81,229.20092
1.752445,77,229.354404
2.97459,70,229.49269
0.204026,106,229.705097
5.156663,69,229.840764
4.86035,83,230.00721
0.905438,76,230.157712
1.007584,97,230.353909
2.811715,88,230.528375
5.850284,73,230.678261
2.094797,70,230.814038
4.476781,67,230.947996
0.678955,103,231.148711
1.819635,77,231.300957
0.396054,99,242.604272
0.702235,86,242.778166
3.516855,64,242.904078
1.402055,74,243.049936
2.445568,75,243.196997
0.229836,86,243.370877
2.015625,77,243.537543
3.476181,75,243.689189
1.841817,71,243.830841
4.349501,72,243.97209
1.8363,75,244.119011
2.651716,70,244.252214
3.197268,71,244.392638
1.45509,74,244.537395
2.30805,82,244.697586
5.597558,71,244.838414
0.161026,159,245.161522
4.331596,68,245.297025
3.666735,70,245.434525
3.851822,85,245.603021
4.406029,73,245.744736
0.19883,87,245.915674
1.084501,91,246.097382
2.272724,68,246.235667
-0.758508,153,257.600164
4.375363,80,257.761951
4.112757,78,257.917629
1.76341,85,258.088489
0.843584,90,258.271473
1.417923,78,258.424862
-0.453985,103,258.629377
4.37663,70,258.771348
0.686023,94,258.975979
0.245041,104,259.184501
0.915316,123,259.435479
2.007588,70,259.575772
2.064145,80,259.733643
1.546248,99,259.932933
5.874565,72,260.078221
4.53078,71,260.221426
1.567418,79,260.381319
3.279082,71,260.519255
5.160981,68,260.674218
103.450138,57,260.786587
4.685149,74,260.933026
1.594692,68,261.068242
0.13003,92,261.244631
1.086832,100,261.441905
4.275986,71,261.590002
4.458298,67,272.804112
0.984675,69,272.945414
1.510986,72,273.088753
2.375908,86,273.261853
1.209209,82,273.431458
3.361559,80,273.595376
0.752344,88,273.773823
0.502623,84,273.942863
2.214581,72,274.085197
0.631274,77,274.239526
1.744509,71,274.384408
3.773644,69,274.525945
1.328646,71,274.668953
-0.882343,132,274.93493
4.72268,69,275.088077
4.523287,78,275.243769
5.183261,76,275.396278
0.078655,113,275.624585
0.634935,81,275.787454
4.212458,69,275.924104
1.681178,73,276.069457
3.746305,76,276.219979
1.134186,86,276.407734
1.492903,88,276.581303
2.754995,72,276.727248
1.409619,78,276.884649
3.944081,67,288.077757
3.985809,75,288.225138
0.24847,128,288.48924
-0.194841,88,288.663781
3.020207,70,288.801211
4.574321,76,288.952209
2.922708,67,289.094859
3.754873,67,289.223229
3.38964,74,289.364408
3.464647,72,289.509235
2.369288,74,289.656209
2.111528,74,289.805471
1.586494,72,289.947275
4.03239,69,290.086795
0.598039,93,290.287594
4.171038,73,290.444617
105.684453,64,290.585211
1.471063,68,290.721752
4.977787,74,290.869741
2.994118,69,291.006103
1.642438,80,291.182105
1.042417,75,291.331259
1.126869,105,291.547867
1.69689,69,291.68292
2.432747,65,291.813142
1.82419,74,291.962499
2.792558,70,292.102096
0.281828,116,303.829742
1.364333,80,303.986165
5.7324,65,304.109755
0.259772,89,304.286158
0.935585,107,304.497323
0.724876,89,304.686788
3.626287,67,304.820385
0.159323,101,305.026314
0.438523,330,305.680876
4.426764,1000,307.738892
3.992404,69,319.572807
103.493808,78,319.724358
103.159789,70,319.862352
1.512172,75,320.011029
5.12183,65,320.140274
1.184566,74,320.297451
3.354614,66,320.424868
0.765219,108,320.639507
0.667721,92,320.82198
0.80424,96,321.010444
3.502411,75,321.174975
4.085183,79,321.332432
-1.122313,131,321.588533
2.111541,74,321.730573
101.9685,74,321.873692
2.351025,73,322.016756
2.065315,68,322.151647
1.193963,73,322.295784
1.570094,73,322.45286
0.497679,81,322.613496
4.344954,64,322.737273
0.840204,85,322.90464
1.275562,79,323.058225
3.193239,76,323.206257
0.761952,115,323.443693
3.44259,67,334.691533
4.977147,69,334.833877
1.930236,73,334.98445
2.398928,67,335.11554
3.704863,76,335.260565
0.278341,97,335.447711
0.411896,109,335.657677
2.484257,72,335.8026
4.562587,68,335.93392
1.266313,74,336.080202
2.038073,75,336.225179
3.449687,81,336.384469
-0.078165,436,337.25146
2.197668,73,337.39408
1.257496,107,337.603507
0.814945,70,337.740785
3.929289,66,337.872545
3.643382,66,338.013064
0.141959,69,338.146385
1.690319,75,338.290024
1.504042,137,338.558934
2.283481,82,338.718328
105.204644,63,349.854962
4.471484,73,349.995305
1.817487,69,350.130862
102.142805,83,350.300852
4.146727,65,350.45471
2.004821,70,350.596215
2.308357,66,350.727516
4.306835,66,350.862272
5.521043,65,350.988513
0.858955,82,351.148505
0.252008,102,351.346913
1.867347,84,351.51498
0.163686,89,351.688162
1.808347,89,351.864657
0.650162,79,352.031991
4.978185,113,352.252518
4.958907,68,352.387062
1.172185,79,352.539494
3.381053,66,352.666287
0.508389,97,352.853902
2.182396,70,352.990937
0.857535,76,353.138605
0.731189,86,353.312235
1.336808,100,353.522309
2.586414,69,353.65976
3.733367,68,353.793241
0.193032,95,365.00956
1.97005,70,365.148144
2.914475,69,365.282929
4.271127,76,365.430663
3.586781,72,365.571817
3.546333,68,365.705407
0.886911,102,365.936517
0.566743,115,366.167388
2.736025,88,366.343204
2.831325,67,366.476987
2.63717,67,366.607986
1.377711,83,366.771064
3.215111,68,366.903456
4.78996,68,367.046248
-0.148396,104,367.258488
-0.785049,114,367.491288
3.279721,69,367.646973
3.18697,81,367.813968
1.075276,72,367.963532
2.748102,70,368.107267
1.063239,89,368.288194
0.733958,84,368.457347
-0.279358,110,368.684564
-0.538157,94,368.881027
0.531948,113,380.159199
0.495369,91,380.342452
-0.630072,92,380.531729
-0.753268,205,380.937735
101.055341,74,381.09586
4.800275,70,381.239811
4.7563,67,381.386554
0.067541,119,381.619701
2.712382,66,381.749737
4.125186,66,381.877627
2.26754,67,382.008244
4.554375,69,382.143412
1.990077,69,382.280565
3.90899,69,382.415347
0.713228,76,382.564276
4.921312,69,382.706431
2.509337,76,382.859762
5.816652,65,382.997237
2.058138,73,383.141136
1.739358,73,383.288579
3.601185,67,383.419352
3.670917,71,383.56023
1.29478,68,383.697227
2.025728,73,383.844416
0.976772,77,383.993848
4.53651,68,384.126115
2.297423,70,395.326546
2.946722,102,395.541632
2.418004,67,395.67414
4.416505,66,395.806164
4.275952,69,395.951807
1.572791,74,396.102551
4.220632,78,396.256352
5.220221,70,396.395077
2.640451,75,396.545417
-0.345448,110,396.761027
3.077402,70,396.905643
1.328009,85,397.076918
1.024923,74,397.24117
102.301435,63,397.366488
2.588603,85,397.536524
0.168136,172,397.882209
1.529883,75,398.03185
1.138582,78,398.18462
0.765304,73,398.330062
2.354918,75,398.490148
-1.139274,110,398.70652
0.654106,113,398.928515
-0.348458,86,399.097283
2.216024,69,399.231636
-0.674325,93,410.950239
0.66856,82,411.122808
3.108517,77,411.274417
-0.090183,85,411.44715
1.225499,91,411.649216
2.156845,68,411.788879
1.143174,82,411.958129
1.391384,71,412.108482
0.867858,111,412.341403
2.805662,72,412.484063
2.551651,87,412.65704
4.671139,71,412.795717
3.135647,72,412.939632
-0.648556,132,413.227132
5.139349,70,413.369148
1.387319,71,413.515469
1.32098,86,413.690674
1.610957,69,413.833585
2.738867,66,413.965828
1.996203,73,414.108262
100.973872,64,414.231268
0.275477,79,414.386464
-0.888737,90,414.561814
3.113281,66,414.707489
4.745669,71,414.849003
4.555752,66,414.978194
3.683831,66,426.246398
2.216036,76,426.40564
-0.350278,113,426.644597
3.99762,68,426.798575
1.952143,70,426.937716
1.115224,73,427.080881
-0.754483,109,427.316289
3.669012,70,427.504685
0.82095,75,427.659321
1.802229,73,427.827132
4.0582,64,428.01241
2.317591,67,428.157177
2.849034,70,428.304192
2.292477,71,428.45262
5.037428,68,428.614598
1.142589,78,428.801031
4.280068,70,428.951433
2.624896,65,429.090535
102.356303,76,429.245715
3.181104,66,429.396544
5.514488,68,429.534593
102.332493,98,429.726026
1.202035,75,429.895234
3.821699,66,430.027029
2.545214,84,430.204697
4.802065,68,430.354557
0.822301,76,430.505274
2.062573,69,442.44822
1.929832,98,442.636722
5.148016,67,442.769355
6.156391,73,442.915954
1.200132,101,443.131217
1.25319,70,443.275127
4.624296,76,443.428721
1.782174,70,443.576366
-0.150751,102,443.78694
0.516504,163,444.120256
0.817939,79,444.282357
0.428584,91,444.471592
3.536025,69,444.629384
3.127011,76,444.784286
3.532094,74,444.930898
2.532437,70,445.074425
1.542877,76,445.223017
0.723821,77,445.373416
2.90697,68,445.507091
0.48091,114,445.732638
2.216371,67,445.861312
4.024424,67,445.995629
3.474001,68,446.130723
3.927803,65,446.265501
3.291277,68,446.41725
4.138784,75,446.572948
1.041237,76,457.93664
3.389705,68,458.077911
3.945266,76,458.236804
-0.01787,87,458.41818
1.016397,77,458.574923
-0.875015,213,459.021695
0.51572,123,459.273812
2.891014,65,459.405383
1.027783,75,459.561633
2.398912,65,459.696444
1.113449,78,459.848304
1.045336,89,460.030259
2.349697,65,460.163808
2.684825,66,460.295415
2.873302,69,460.444662
1.51412,75,460.592768
1.357689,67,460.725551
5.575049,70,460.859593
2.291611,81,461.01661
1.428912,152,461.311438
0.555943,84,461.477386
0.343072,77,461.627351
3.682977,66,461.7563
-0.172471,109,472.98858
101.640577,101,473.196352
4.793867,66,473.329254
1.299141,94,473.517917
2.417786,63,473.648062
1.768333,66,473.782368
2.7249,82,473.949802
0.138498,83,474.125289
-0.406393,98,474.327276
4.116965,67,474.464216
4.225321,67,474.599702
3.724061,66,474.747805
2.444856,79,474.903519
1.924767,69,475.037878
4.493077,67,475.172754
0.752934,110,475.382559
5.26614,65,475.509171
101.693602,82,475.668161
101.695163,64,475.792306
4.790684,80,475.949715
1.673518,72,476.096751
1.74248,74,476.243076
4.631494,70,476.399783
2.99506,67,476.530945
3.20421,66,476.658403
1.977811,70,476.791972
2.291083,70,476.927683
0.694858,77,477.078195
1.982277,74,488.84355
3.585462,67,488.971786
3.041953,66,489.09938
3.705065,79,489.25188
1.362863,106,489.460933
1.179319,74,489.619681
3.960151,70,489.756165
1.527954,79,489.909698
3.392908,67,490.043722
0.02073,96,490.231779
4.638293,68,490.3621
-0.276703,305,490.955647
4.088195,73,491.097792
1.915757,88,491.272949
2.514474,74,491.428341
1.086918,74,491.574951
2.557262,69,491.712284
-0.112503,79,491.870186
3.245389,69,492.006988
0.295505,101,492.203388
0.813098,170,492.53965
1.370429,73,492.68201
2.544509,62,503.83862
0.122474,88,504.011415
3.564171,67,504.146714
-0.549007,147,504.438767
1.311268,104,504.646844
3.926509,67,504.777297
4.166197,70,504.917876
102.984892,70,505.05484
3.027688,67,505.199178
4.003842,65,505.331619
-0.252344,105,505.537173
2.792096,66,505.666659
4.054679,71,505.804646
0.080052,73,505.946986
3.550491,64,506.07229
4.503281,71,506.213246
2.023646,70,506.35255
2.779716,67,506.483037
1.65935,82,506.644748
4.215434,68,506.776252
3.808075,67,506.909327
1.786117,83,507.07532
0.793216,78,507.230087
2.502024,67,507.359228
5.502115,73,507.500396
0.897705,110,507.714251
2.775573,78,518.915279
1.475175,81,519.072603
4.111121,74,519.242517
1.193705,69,519.381405
5.191697,68,519.51653
6.06108,67,519.647367
1.312645,77,519.801619
0.88875,87,519.978867
2.205078,67,520.10963
5.528787,74,520.253885
5.623789,67,520.38691
0.14909,86,520.557185
1.163276,74,520.706161
0.686713,79,520.86095
0.645669,82,521.039759
1.952355,73,521.194417
0.650242,76,521.346051
0.333836,83,521.514047
1.094703,86,521.681122
5.425925,68,521.812403
4.553655,70,521.950277
3.973698,66,522.081902
2.800871,76,522.233086
101.539478,89,522.407967
2.952211,77,522.560353
3.174341,71,522.696692
1.25204,71,522.851413
4.544278,73,522.994817
1.870948,71,534.183315
2.74246,65,534.312481
4.102902,66,534.443627
3.009387,73,534.589585
5.227025,71,534.734116
4.6744,69,534.870222
1.536574,71,535.024495
3.030817,72,535.180588
-0.462015,94,535.366387
4.098445,68,535.496592
-0.691868,113,535.723289
3.753796,65,535.853023
3.271213,72,535.991436
1.781744,68,536.122829
1.630141,75,536.270359
-0.591615,117,536.500395
3.707022,62,536.62141
2.613891,68,536.755186
3.273577,71,536.897075
2.225677,74,537.044838
101.961236,76,537.193
102.529244,60,537.311762
2.027186,68,537.447588
-0.213269,284,538.002194
2.902327,65,549.14158
4.365958,67,549.271325
3.232516,63,549.39228
3.18449,65,549.532502
-0.280369,91,549.714285
1.235743,86,549.890516
2.670282,64,550.022536
2.781366,73,550.166568
1.499507,71,550.312718
3.951119,67,550.445015
1.347028,80,550.60627
4.385056,66,550.739216
-1.126764,121,550.987024
1.358375,75,551.139254
0.340745,120,551.396608
0.204206,105,551.60702
1.262526,81,551.770691
0.952746,95,551.964866
4.774731,68,552.099047
3.869129,72,552.242138
4.597556,76,552.396348
4.835514,77,552.556999
0.148206,201,552.975811
102.231951,65,553.10839
4.265171,66,553.241083
1.565708,74,564.451104
4.689132,68,564.583364
5.258455,74,564.724557
4.57439,69,564.860507
0.538855,79,565.014338
4.884883,68,565.150728
2.387651,70,565.307799
3.921063,69,565.443152
5.274369,76,565.592544
4.173486,66,565.725827
1.462053,68,565.862061
5.415589,69,566.002768
0.255949,82,566.161826
1.341724,71,566.305171
3.570281,67,566.441673
2.179605,74,566.598951
-0.179162,101,566.800934
0.569085,78,566.974765
3.657552,85,567.146441
5.777215,69,567.285705
3.481584,68,567.421137
3.166314,78,567.578983
1.819629,82,567.746006
1.012759,74,567.891591
3.620134,78,568.048344
1.70059,70,568.186484
1.256201,80,568.342146
0.691081,75,579.590179
3.985229,64,579.716849
0.957531,66,579.850857
3.438534,64,579.976005
1.129297,79,580.135875
3.669342,70,580.27442
1.829297,71,580.41507
4.385681,69,580.554232
2.239806,76,580.7247
5.387786,63,580.854622
2.49751,72,580.995837
2.887688,67,581.128299
3.409574,80,581.293144
3.07918,68,581.426936
4.017735,66,581.562252
2.65788,70,581.70497
0.775384,79,581.864299
0.779627,90,582.04674
5.334653,70,582.185508
0.522298,74,582.333688
-0.489996,108,582.545633
1.000261,82,582.706597
1.270392,76,582.863708
4.517994,71,583.006787
1.910383,69,583.147253
-1.149482,116,583.383626
5.144651,65,583.516876
0.46773,81,583.679979
2.722671,76,595.231487
1.504837,80,595.391573
-0.063738,111,595.631984
5.587396,69,595.77353
2.396858,65,595.906562
1.820476,90,596.085997
4.029756,73,596.237551
1.552424,86,596.407332
5.49657,71,596.54916
3.754963,76,596.703771
4.826852,63,596.831081
0.181471,80,596.990021
-0.19977,99,597.185702
0.452617,86,597.380504
5.615357,65,597.51005
1.758536,77,597.663337
1.382736,70,597.808405
101.247696,69,597.951032
1.779234,72,598.095567
0.413005,87,598.272203
0.379497,79,598.432518
2.625808,82,598.595958
2.23189,87,598.771996
4.88873,75,598.925354
5.079352,67,599.08098
3.05141,66,599.217094
2.388097,85,610.543859
0.672482,82,610.719841
4.264922,64,610.862888
0.886298,94,611.054634
3.262479,71,611.198485
2.493688,73,611.35988
4.582604,63,611.518025
2.302246,67,611.660832
1.778518,65,611.792091
102.266416,69,611.935228
0.416761,101,612.14213
2.330126,70,612.287564
101.519131,75,612.444283
0.665495,78,612.606531
5.103939,68,612.74624
2.247959,76,612.901029
-0.308204,92,613.085156
1.168872,100,613.291016
3.553974,64,613.418325
2.074811,87,613.601315
2.017893,76,613.752468
-0.647275,101,613.960369
5.188629,71,614.107699
-0.623977,180,614.48217
0.739281,146,626.1905
0.685463,78,626.353712
4.516645,70,626.50258
0.41259,83,626.677131
3.246246,69,626.819855
1.338322,74,626.96708
1.095607,96,627.161063
3.299322,75,627.319787
2.822542,71,627.460618
4.099977,69,627.602365
3.573652,76,627.757979
4.058139,67,627.902228
2.294038,1000,629.957586
4.04481,70,630.106766
0.741896,79,630.270962
0.922465,76,641.72831
101.794716,72,641.872308
3.643228,65,642.003777
0.399671,111,642.220324
2.729233,70,642.367037
1.326646,78,642.52613
3.73424,70,642.66545
0.228828,114,642.90078
0.399055,82,643.061373
1.305611,71,643.205154
0.827279,68,643.346367
1.789632,72,643.496531
2.016164,70,643.64091
0.173262,139,643.92984
0.950444,83,644.097483
1.585053,83,644.264713
3.364366,77,644.420083
1.563454,87,644.599898
1.236384,93,644.797453
4.343299,70,644.939399
2.742391,64,645.071436
4.486459,71,645.225085
4.715504,66,645.34907
2.850599,64,645.475431
4.488781,72,645.615295
2.699744,68,645.751839
3.98402,68,657.302315
0.722059,75,657.450877
1.953647,70,657.586539
3.88758,81,657.742995
5.050516,66,657.886722
1.898323,67,658.019738
0.731047,73,658.163467
2.55063,72,658.303745
3.444182,111,658.520475
3.115539,65,658.652278
2.311892,70,658.789118
-0.115482,107,659.006243
2.635117,70,659.152515
3.462277,65,659.286887
1.555728,86,659.466758
3.325249,66,659.608324
0.879899,85,659.770756
2.206863,87,659.940723
103.205166,72,660.081459
1.753238,79,660.23757
-0.031869,97,660.428383
0.066394,78,660.583994
5.408666,75,660.734172
4.218607,77,660.884668
1.861269,81,661.044688
-0.346227,106,661.253144
3.418637,74,672.781485
0.276423,87,672.958753
-0.165694,85,673.132561
-0.66124,156,673.45793
0.445447,109,673.679999
3.858465,71,673.839684
2.594118,93,674.022309
2.338874,69,674.160498
103.582283,59,674.275564
1.14435,88,674.448283
2.973235,70,674.586902
0.378778,113,674.817227
2.00472,68,674.95057
3.840473,104,675.16183
0.117986,156,675.471685
5.142276,65,675.597849
0.968317,81,675.757615
-0.694892,86,675.925105
0.815544,79,676.079053
5.556441,66,676.205294
0.578523,112,676.417618
3.697744,69,676.55286
3.604367,69,676.686384
3.503521,71,688.358318
3.301637,71,688.500965
3.642749,72,688.649515
2.917193,70,688.785341
0.558759,77,688.952187
4.353665,69,689.088888
0.811416,106,689.302977
4.017403,77,689.457995
2.679768,70,689.597777
4.512392,67,689.731921
3.652134,67,689.869304
-0.24011,99,690.061091
1.977828,80,690.221426
4.117079,68,690.359562
3.433035,70,690.499514
2.743439,66,690.635552
1.10063,86,690.803153
1.412509,79,690.958687
2.073451,83,691.125794
3.631113,64,691.257079
-0.476994,347,691.972736
3.276506,67,692.105507
1.099769,72,692.247566
-0.183707,112,704.130034
0.463187,78,704.296145
101.094164,55,704.407235
3.04246,66,704.539999
2.501873,78,704.705272
4.61958,72,704.874401
4.709496,66,705.01862
5.372373,75,705.199457
0.67559,92,705.395638
0.793916,74,705.555958
1.040093,83,705.739321
2.679985,65,705.872656
3.514558,65,706.004266
-0.623192,98,706.202956
3.980464,66,706.338359
3.596793,81,706.510686
-0.892319,103,706.714901
0.960578,77,706.8699
3.915607,70,707.00741
5.084601,74,707.156309
4.567316,68,707.298632
0.053954,511,708.321221
4.105669,71,719.983772
1.751594,71,720.130163
101.244725,60,720.254364
102.874059,83,720.424257
4.214789,66,720.564687
-1.007209,229,721.03347
1.17679,96,721.225758
4.173429,74,721.37657
2.204532,67,721.51318
3.346317,70,721.654432
2.977986,79,721.811931
4.180054,66,721.958335
0.996481,71,722.095314
4.243525,66,722.221867
5.216722,67,722.355539
100.958937,75,722.505044
1.861577,85,722.675286
1.078016,70,722.814455
0.347415,87,722.986345
4.557382,63,723.113308
100.447206,56,723.228592
1.388038,70,723.367156
2.664499,65,723.49527
5.234257,71,723.656113
1.518107,84,723.816436
2.120297,82,723.980933
4.173075,66,735.812025
3.849249,86,735.991074
1.723884,72,736.143868
2.994111,78,736.305845
4.661871,73,736.469928
-0.034832,107,736.701676
2.972397,73,736.854551
3.319413,75,737.001955
1.297073,82,737.165854
5.779331,67,737.297855
3.376817,65,737.425922
1.010468,75,737.579488
101.209209,69,737.714761
-0.444945,100,737.923066
3.171724,94,738.11951
4.958734,65,738.269952
1.319538,90,738.456344
4.197693,70,738.593422
4.648279,69,738.732708
1.922742,72,738.877174
0.702115,101,739.081806
3.69702,86,739.264491
-0.705887,98,739.472057
4.378523,70,739.62172
4.782347,73,739.767196
3.265689,79,739.92454
5.221349,66,752.070475
2.634754,70,752.211344
1.497211,72,752.358094
5.123221,68,752.493816
3.439963,64,752.626242
0.287109,85,752.796685
4.026818,71,752.937409
1.606357,80,753.121079
3.687893,70,753.25759
1.777731,73,753.400809
2.916772,70,753.538793
2.541317,68,753.674053
3.476052,83,753.836458
0.998013,72,753.979362
-0.377022,102,754.17847
4.269402,71,754.317003
0.56407,73,754.460684
1.177601,72,754.606015
4.171238,73,754.757151
4.084952,77,754.915362
2.390936,82,755.079603
3.801631,70,755.222068
4.224714,68,755.358556
2.897896,71,755.501315
3.412562,72,755.645147
4.05124,72,755.794693
4.743249,103,756.009984
2.938034,82,767.632416
2.751488,74,767.777877
2.975167,89,767.95528
3.559591,94,768.159776
1.295124,75,768.309771
0.974656,74,768.456439
2.575828,67,768.58898
4.10876,72,768.73587
1.84524,77,768.89331
1.34831,72,769.041615
1.578954,76,769.196099
3.596032,65,769.323213
2.857423,67,769.45782
1.269214,96,769.654641
3.929513,78,769.807294
1.621549,86,769.975248
1.648916,68,770.111932
1.947608,71,770.256415
1.898108,71,770.396891
0.033161,100,770.59566
3.972061,80,770.751112
0.32141,107,770.959437
0.219663,265,771.476969
0.847519,116,782.900331
0.216795,131,783.155737
1.313378,86,783.338066
0.180501,1000,785.267958
4.963657,64,785.398241
3.281094,88,785.57029
2.527432,69,785.702268
1.906346,71,785.842902
1.886805,68,785.97431
-1.430341,118,786.201939
4.096312,274,786.729477
-0.05096,83,798.023358
1.029757,85,798.189811
4.067806,82,798.344939
2.504185,72,798.486981
2.733534,75,798.634617
0.361307,92,798.814948
3.565347,63,798.93759
3.694699,65,799.068444
2.367899,68,799.208856
0.043932,140,799.515186
4.577027,78,799.679802
-0.789793,257,800.195361
2.164023,85,800.361252
4.532944,64,800.48526
2.865651,70,800.619894
-0.569181,104,800.825835
2.37957,100,801.024455
1.80544,76,801.179717
2.805849,66,801.311163
3.00385,84,801.47684
2.168819,72,801.62151
2.812154,73,801.763426
3.231799,65,801.891822
1.611613,98,813.661237
0.066318,97,813.861012
101.86641,69,814.015058
-0.233657,87,814.186291
3.95681,68,814.327937
3.682214,66,814.463826
102.221319,65,814.594646
2.931592,78,814.76002
1.769971,71,814.905017
1.465519,69,815.044668
4.290657,68,815.176255
0.610641,77,815.327881
-0.694453,100,815.527182
4.267603,65,815.657433
0.398815,76,815.82218
100.445986,56,815.931722
103.168243,71,816.071008
1.094336,77,816.221432
-0.172306,80,816.381974
2.991265,65,816.51135
2.663796,78,816.662443
1.088145,73,816.805798
4.603951,63,816.928173
-0.800054,275,817.465058
3.656367,108,817.69024
2.279379,73,829.000943
4.918915,77,829.150444
0.727994,98,829.341622
-0.522004,93,829.52215
4.818578,66,829.650294
0.957013,115,829.887759
5.439614,72,830.038619
-0.229575,144,830.333807
3.98502,82,830.50799
3.323122,69,830.662905
2.048913,75,830.8244
0.725756,79,830.996932
3.541995,67,831.136721
100.552556,80,831.30292
5.021415,75,831.45064
103.081833,64,831.582473
2.771061,72,831.725307
3.923656,65,831.851985
4.376407,93,832.034412
-1.119573,123,832.282354
4.212783,63,832.406273
2.876249,69,832.54903
3.450907,73,832.693388
3.401112,73,832.843691
4.13314,65,832.973605
4.258882,239,844.586474
101.618748,71,844.727396
0.00188,167,845.055867
5.034908,70,845.191648
2.630249,87,845.366744
4.068581,65,845.493243
0.940782,71,845.632066
4.021338,65,845.7574
1.514558,75,845.902299
3.318845,64,846.024819
2.334137,66,846.157016
5.102519,64,846.283645
100.80973,57,846.393719
2.49619,67,846.534728
1.30737,69,846.67387
0.561151,153,846.977956
-0.291316,86,847.145458
3.153502,67,847.280196
4.033199,79,847.445381
2.39021,73,847.590554
1.531,87,847.763804
2.495653,76,847.920669
0.227629,89,848.101779
103.698664,70,848.243765
1.42514,70,859.756998
3.77259,65,859.881986
3.883703,68,860.013148
5.1818,82,860.185665
-0.053973,86,860.364135
5.224926,69,860.507218
0.877,80,860.672783
0.477424,85,860.862928
4.021374,88,861.039279
0.645346,79,861.197509
0.913733,87,861.367214
3.892712,77,861.521842
2.83445,65,861.649711
4.08435,69,861.787987
4.226168,68,861.926232
-0.696912,144,862.217889
2.550415,76,862.371657
101.509356,48,862.466964
0.11114,96,862.66064
1.557989,98,862.864201
2.165634,70,863.002255
0.720841,81,863.166304
1.881015,74,863.317604
3.422811,99,863.516974
0.835809,100,863.717259
100.762627,294,875.86721
1.796941,71,876.013518
0.678026,86,876.182639
1.793856,75,876.33363
1.159327,71,876.471864
103.108114,79,876.622951
0.811568,119,876.854041
103.869519,73,876.998217
2.703378,68,877.127548
2.111348,68,877.261907
4.787669,66,877.390804
4.716887,79,877.547063
5.286761,66,877.679586
4.063952,89,877.854336
3.988876,70,877.991444
0.589561,110,878.201898
3.441573,74,878.346931
100.5555,242,878.819345
4.685022,65,878.942197
-0.23674,188,879.31213
0.257824,78,891.0036
3.937106,90,891.180857
5.577883,64,891.308406
4.233959,62,891.429517
3.312847,66,891.562219
4.130794,71,891.700559
4.286659,84,891.868728
2.046858,75,892.018485
2.214106,74,892.163943
1.26734,76,892.316218
-0.999363,142,892.593786
4.534542,84,892.77852
5.727561,66,892.935491
0.553067,77,893.110087
1.068124,83,893.290971
3.17966,70,893.451233
3.943995,65,893.580237
0.551902,84,893.752222
4.978815,74,893.901363
5.300894,67,894.030066
0.959329,76,894.185796
0.343051,1000,907.402731
1.251466,109,907.609702
2.983401,97,907.800855
100.437819,51,907.907483
-0.189843,100,908.101314
2.118869,73,908.246038
2.249394,84,908.412498
4.068684,70,908.559613
0.464767,83,908.728839
-0.944279,126,909.00117
-0.075868,110,909.223551
2.745374,69,909.358852
3.27336,91,909.54921
3.590168,101,909.751774
2.384702,78,909.912083
1.000304,80,910.069838
5.917904,69,910.211449
1.845843,70,910.355129
0.574398,75,921.992027
1.252056,101,922.19383
3.365966,62,922.316385
3.844317,71,922.458652
1.590067,68,922.598081
3.957884,85,922.76907
4.860621,80,922.932672
0.203615,85,923.105919
0.663288,71,923.25719
1.233572,71,923.398192
1.402794,81,923.560415
0.597827,77,923.725286
0.012709,85,923.894504
100.999223,99,924.090033
101.377039,57,924.203707
4.442624,93,924.388547
3.181882,64,924.513814
1.130133,90,924.705381
0.855333,74,924.862319
2.187063,69,924.999706
4.390963,74,925.148451
0.916922,77,925.300254
0.625871,114,925.523811
0.873926,79,925.689687
0.759032,81,925.850814
100.074649,90,926.027014
4.817335,70,937.483443
2.248841,78,937.650822
2.763766,74,937.797615
2.16534,70,937.936331
101.40696,81,938.095191
3.098204,72,938.23946
103.615355,54,938.349353
4.129749,66,938.490586
0.952012,94,938.681119
-0.770608,137,938.957315
-0.345156,91,939.1676
2.910043,68,939.311423
1.797826,70,939.460333
2.422729,73,939.605704
3.047695,71,939.744962
0.151722,81,939.905487
5.164828,66,940.039597
5.398085,66,940.164815
3.406176,70,940.30292
2.45962,69,940.44083
1.56851,107,940.670215
2.681289,68,940.801289
1.261692,78,940.957173
105.312025,65,941.093431
4.005272,68,941.232303
2.779201,66,941.369327
4.68578,64,941.502305
0.499588,84,953.138759
2.44248,68,953.274845
2.982206,76,953.425673
0.327136,90,953.602418
1.260192,71,953.74988
3.915455,66,953.877738
3.919588,66,954.012539
3.169174,89,954.203692
1.524188,80,954.365163
1.70003,76,954.515359
3.988414,76,954.66579
3.5322,74,954.813682
2.658596,75,954.964139
101.82077,73,955.110239
3.292927,71,955.251633
3.776381,68,955.385
4.730313,63,955.510365
100.843993,40,955.587931
4.699267,67,955.731534
4.230835,65,955.865769
2.414895,68,956.001239
1.633025,95,956.193007
5.087316,65,956.367063
1.283523,87,956.579908
0.338061,78,956.740143
3.950624,67,956.872492
1.670825,69,957.005733
4.508608,66,957.136487
2.838416,71,968.966787
2.732427,85,969.142117
2.37002,73,969.290263
2.531865,64,969.415277
0.301201,1000,971.502496
4.215102,66,971.646708
4.017139,77,971.814288
3.073148,83,971.982386
4.45986,67,972.11338
0.759706,102,972.316787
2.658472,69,972.470125
-0.579094,89,972.688243
2.629809,68,972.841959
3.048787,78,973.005462
101.39359,88,973.181767
5.346952,65,984.990343
4.065255,69,985.145999
3.181128,69,985.296875
0.767925,1000,987.357912
0.863958,98,987.557363
-0.700865,115,987.794866
102.138515,57,987.913077
1.089982,70,988.065836
4.026787,87,988.246068
-0.242592,132,988.514777
3.883098,70,988.658295
3.706884,64,988.784487
3.838825,73,988.924528
3.050422,67,989.056686
3.524869,93,1000.863918
2.456031,67,1000.994713
3.873448,99,1001.189442
1.7493,70,1001.329549
2.195902,70,1001.465214
2.039424,69,1001.601308
3.574277,67,1001.739745
1.860903,94,1001.926202
101.664239,73,1002.067374
-0.041252,102,1002.291863
3.613385,69,1002.437252
0.40423,100,1002.649616
101.855617,57,1002.769043
4.126,74,1002.919663
2.28458,70,1003.061264
1.629074,97,1003.260926
2.743637,91,1003.450178
2.743013,74,1003.598207
1.490654,84,1003.778684
2.174651,71,1003.919177
4.175762,71,1004.058733
0.694007,1000,1017.313076
3.203554,65,1017.440454
100.263332,610,1018.662618
1.698043,76,1018.816053
2.816435,66,1018.946425
102.713094,61,1019.069162
102.094296,80,1019.225939
3.239288,68,1019.377308
100.605633,166,1019.709504
0.023507,133,1019.981232
4.384138,63,1020.110368
104.211183,62,1020.235602
4.826502,70,1031.975221
3.361535,77,1032.131007
5.63867,69,1032.267364
0.936978,76,1032.418056
2.607483,91,1032.60416
1.298568,1000,1034.647922
2.537103,90,1034.842743
4.018603,65,1034.979326
3.471753,64,1035.12
1.457745,82,1035.289996
0.722807,77,1035.449311
2.500227,74,1035.600687
-0.417033,80,1035.767812
5.380505,69,1035.901888
3.558738,100,1047.337398
104.028621,65,1047.46905
105.932252,69,1047.609313
2.221886,70,1047.751463
3.32414,74,1047.898056
0.187112,240,1048.396102
2.251268,69,1048.53121
104.219764,61,1048.655628
4.036194,69,1048.792975
0.841443,74,1048.9498
2.363656,65,1049.083595
103.195232,73,1049.231361
3.367647,65,1049.36186
1.081601,159,1049.689924
5.013812,65,1049.820293
101.767032,75,1049.970745
3.71777,70,1050.110918
4.369925,67,1050.244688
101.639223,58,1050.359524
4.383949,67,1050.491099
2.790125,73,1050.63782
1.38156,73,1050.781586
4.602176,98,1050.995939
4.733103,63,1051.117966
-0.085186,80,1051.275459
3.163614,88,1062.705402
4.36301,81,1062.8653
0.812912,101,1063.075837
103.092119,51,1063.184701
3.5043,83,1063.367053
3.439641,77,1063.519349
2.197677,70,1063.658105
1.712624,81,1063.821491
3.829799,78,1063.979301
1.536478,80,1064.136387
3.378669,69,1064.27471
4.877366,63,1064.405931
2.386134,64,1064.534551
-0.269928,84,1064.704209
1.050316,75,1064.863638
5.000134,71,1065.008476
0.939556,79,1065.176682
0.159342,81,1065.346007
2.116316,67,1065.487307
-0.379623,84,1065.658992
-0.055323,88,1065.833916
3.413154,71,1065.972234
0.195111,111,1066.187547
1.534505,76,1066.338507
4.461651,98,1066.553559
4.742566,77,1066.705098
101.940588,71,1066.843586
3.488327,84,1078.300896
5.152337,63,1078.428565
1.516243,69,1078.56631
2.262865,76,1078.715642
1.868066,98,1078.929548
3.271659,64,1079.060265
2.039846,89,1079.240926
2.591763,67,1079.378338
1.550716,70,1079.522215
1.439233,72,1079.669627
0.690218,74,1079.820641
3.705105,75,1079.978407
101.593926,47,1080.073727
2.702001,76,1080.229007
1.833972,74,1080.376329
4.405718,64,1080.520526
-0.045753,77,1080.671656
0.01735,83,1080.836419
3.41415,66,1080.971669
4.563869,68,1081.109043
5.089681,1000,1094.559049
105.590858,68,1094.714661
3.071033,65,1094.850971
2.734207,68,1094.990375
2.517564,70,1095.135373
1.889016,73,1095.283356
3.806464,93,1095.468626
0.719445,73,1095.615574
0.748773,97,1095.813269
1.275091,91,1095.99781
2.784755,81,1096.158152
3.289504,68,1096.292339
4.324985,64,1096.438096
1.6734,85,1096.604068
4.352322,71,1096.747411
4.604124,70,1096.891566
0.187997,1000,1110.105102
4.90687,69,1110.244557
2.904379,95,1110.446728
100.640313,56,1110.554099
3.907618,68,1110.686372
3.049308,79,1110.847589
2.372899,70,1110.991631
2.978638,78,1111.142419
1.264552,73,1111.286377
101.724304,70,1111.421377
3.117209,73,1111.567299
2.331673,79,1111.72309
2.004282,78,1111.876171
4.219349,86,1112.043284
100.913264,75,1112.192704
1.199397,107,1112.398909
4.230871,68,1112.544732
2.284897,70,1112.688308
5.554011,80,1112.848494
2.490329,69,1112.984099
2.30812,79,1113.138585
1.354719,79,1124.883631
2.556878,86,1125.057085
101.552546,56,1125.170775
3.829853,66,1125.306842
101.502445,55,1125.418418
101.54609,71,1125.566031
4.5295,70,1125.712193
4.967069,71,1125.861223
5.117888,82,1126.028499
3.088046,66,1126.15893
-0.89501,302,1126.860515
102.936367,74,1126.998584
0.224326,85,1127.16132
1.124227,127,1127.408525
4.62853,64,1127.533367
3.908061,72,1127.671867
101.526854,45,1127.761949
2.764258,68,1127.899125
2.239793,67,1128.026571
0.579684,78,1128.192147
4.970577,76,1128.342317
3.780812,68,1128.480095
1.820238,93,1128.660695
1.251797,78,1128.812973
3.031524,71,1128.957805
5.042906,67,1140.604121
-0.270977,179,1140.964216
4.426675,66,1141.097303
5.437587,70,1141.240878
4.41726,63,1141.367874
2.728887,73,1141.517895
1.927294,98,1141.719022
100.782703,70,1141.859331
1.367625,78,1142.013953
0.056342,1000,1143.991847
4.155881,71,1144.138873
3.288175,67,1144.281908
1.041607,73,1144.426853
101.069025,64,1144.553203
1.970389,73,1156.254601
0.321467,80,1156.412084
1.060359,126,1156.656805
2.936655,70,1156.792796
4.650482,63,1156.9148
0.837965,121,1157.151657
-0.466114,86,1157.318933
4.415181,86,1157.484147
2.589665,72,1157.622962
104.320783,71,1157.779938
0.616407,121,1158.050306
-0.800116,1000,1160.166584
-1.223625,174,1172.181142
1.544048,80,1172.34561
103.736136,85,1172.522099
-0.315249,108,1172.745535
2.136847,72,1172.901075
3.547989,64,1173.038023
3.028732,69,1173.187071
1.141083,77,1173.354174
2.087923,91,1173.546671
1.478366,88,1173.737422
4.460444,66,1173.876734
2.554158,66,1174.0201
3.619335,86,1174.197305
0.055798,84,1174.371037
4.851042,65,1174.507998
4.05976,65,1174.641329
5.566929,77,1174.818668
5.549859,67,1174.969352
4.009331,87,1175.154724
1.731465,89,1175.345835
2.898324,66,1175.483736
1.679696,69,1175.624623
1.355216,108,1175.849375
102.438239,72,1175.987144
3.229045,66,1176.120974
4.281872,75,1176.273327
2.99095,92,1188.061493
-0.64787,151,1188.360575
102.748115,60,1188.477343
101.666681,70,1188.614429
1.482958,83,1188.784568
101.56505,68,1188.920652
-1.982373,112,1189.153589
1.11473,68,1189.291445
2.641605,70,1189.427695
2.704389,66,1189.557089
1.684987,92,1189.761266
4.368374,71,1189.90855
101.965113,54,1190.014781
1.588877,75,1190.167209
3.945076,69,1190.305878
3.578566,67,1190.436363
100.996444,76,1190.584877
1.673649,73,1190.728139
0.604686,78,1190.882679
4.368726,68,1191.030128
5.061174,73,1191.183882
103.199875,84,1191.355106
2.858576,69,1191.495447
5.24661,65,1191.630879
3.018797,64,1191.759132
0.755063,117,1191.997059
0.664187,103,1203.711745
4.454718,80,1203.869492
3.250161,65,1203.997324
2.025834,70,1204.13844
104.510429,61,1204.256396
4.933759,71,1204.3993
101.282065,79,1204.556539
4.758122,67,1204.689983
1.213939,74,1204.833991
3.30862,65,1204.959998
2.979362,73,1205.108286
6.166048,68,1205.263041
102.100529,87,1205.445554
4.555799,82,1205.613814
4.626857,99,1205.811092
2.664882,83,1205.972477
101.175564,60,1206.08973
3.558521,66,1206.215533
1.433888,72,1206.355888
101.794844,81,1206.527655
5.127406,65,1206.654096
101.04255,49,1206.74583
2.040624,76,1206.894604
2.733335,78,1207.048991
2.674514,74,1207.195022
3.777647,98,1207.390345
-0.396596,87,1207.557911
1.345294,139,1219.521785
5.029109,63,1219.645224
0.851481,87,1219.813594
5.02589,65,1219.945466
-0.489828,96,1220.136115
3.746255,68,1220.26968
2.341253,86,1220.43978
3.385663,83,1220.616522
4.264289,63,1220.752223
4.554487,72,1220.908975
0.030468,94,1221.113179
1.774827,78,1221.272983
4.903903,64,1221.410046
3.149363,74,1221.566703
5.860179,68,1221.706588
3.138576,72,1221.851743
4.466963,95,1222.0405
4.103039,69,1222.175224
4.232646,67,1222.309659
101.130156,43,1222.396468
101.858787,61,1222.518823
2.564484,84,1222.681182
2.472304,71,1222.821438
4.097685,64,1222.951261
101.736909,71,1223.116277
3.072782,71,1223.262908
1.757474,68,1223.401839
-0.107634,76,1223.559632
100.872333,55,1235.028698
4.393924,69,1235.163677
0.387881,74,1235.311519
1.754907,74,1235.465827
0.328717,147,1235.754645
4.138578,68,1235.892506
2.884351,71,1236.036911
101.275061,88,1236.215404
0.057499,88,1236.394011
0.92291,190,1236.79788
100.340399,41,1236.886598
2.842772,74,1237.039763
101.534288,71,1237.180347
1.281485,73,1237.327483
101.070486,105,1237.542193
0.209916,1000,1250.96832
3.251877,101,1251.17434
3.679846,66,1251.309166
100.683941,913,1253.132666
100.529764,136,1253.399285
4.150046,71,1253.538117
3.917829,67,1253.670461
5.098806,65,1253.803997
1.089747,74,1253.949617
4.328408,68,1254.08509
1.01711,73,1254.228618
-0.471618,177,1254.586849
0.379054,83,1266.069344
-0.639677,94,1266.256034
2.851036,73,1266.401017
5.123974,70,1266.542582
3.981692,68,1266.677595
0.077546,1000,1268.726011
1.859931,74,1268.87224
2.548752,70,1269.011378
102.476121,69,1269.149179
4.414296,63,1269.271621
101.127877,67,1269.402203
-0.074244,95,1269.587439
3.601034,66,1269.717499
5.024558,64,1269.84385
0.675653,86,1270.025616
101.43572,76,1281.583365
2.307955,65,1281.718039
1.909955,73,1281.868033
-0.025579,74,1282.01748
1.105292,77,1282.19506
4.412074,75,1282.346268
3.258263,69,1282.484738
4.332293,79,1282.64274
2.945992,73,1282.789804
101.156945,110,1283.01283
-0.682581,1000,1285.037173
101.764936,51,1285.141613
-0.107009,102,1285.355344
0.208616,80,1285.522582
3.23949,69,1296.812174
4.330639,63,1296.935577
2.159378,71,1297.074041
3.595582,66,1297.225498
1.183779,123,1297.464868
102.582286,59,1297.580036
2.21077,87,1297.748282
-0.659486,222,1298.197162
3.610685,69,1298.331667
1.156867,81,1298.498441
2.342561,79,1298.657899
4.935913,68,1298.793807
5.527559,66,1298.938949
100.520844,56,1299.050592
0.101701,82,1299.214452
100.889372,116,1299.444925
2.461399,84,1299.617327
-1.127628,108,1299.834484
4.540564,82,1299.997458
104.443695,69,1300.138023
0.386211,72,1300.278532
2.117071,66,1300.411464
1.799149,73,1300.574105
3.721168,86,1300.747228
3.882856,71,1300.88836
3.261773,71,1312.462821
-1.145195,123,1312.708268
3.912452,88,1312.887664
4.342509,67,1313.027154
101.122944,100,1313.227452
3.831895,64,1313.355405
3.479431,66,1313.491402
101.018308,109,1313.70463
-0.514708,112,1313.928175
1.445923,77,1314.07984
3.316659,73,1314.227341
2.514396,69,1314.369507
102.57212,65,1314.499572
1.862551,82,1314.664333
2.339817,72,1314.810202
1.322946,105,1315.021876
101.457714,77,1315.177344
2.08128,66,1315.31275
101.383713,45,1315.405402
2.068638,69,1315.549688
0.840286,77,1315.706066
1.736714,72,1315.853545
-0.773883,96,1316.05259
-0.39953,103,1316.255322
2.456918,102,1316.460066
101.550296,92,1328.061309
4.599411,67,1328.193063
101.833094,74,1328.338618
1.132413,77,1328.489856
2.881298,76,1328.63918
4.798619,91,1328.835623
4.159873,84,1329.003507
102.865648,50,1329.106278
4.707374,74,1329.255779
4.201544,75,1329.402895
103.301304,59,1329.520335
1.736484,68,1329.652917
1.396,78,1329.804447
5.577104,70,1329.94109
2.425217,67,1330.072292
1.452694,80,1330.23082
1.77747,80,1330.388097
1.682056,74,1330.533391
3.473211,64,1330.657584
1.334963,66,1330.788476
1.933885,89,1330.966668
3.532304,74,1331.114635
0.182249,103,1331.315253
2.927662,68,1331.459804
100.584566,81,1331.622737
2.161043,77,1331.781593
3.754233,66,1331.914737
2.792925,87,1343.382687
100.371103,72,1343.530327
2.434011,99,1343.725762
2.45484,84,1343.892314
1.297014,90,1344.073635
2.336806,63,1344.200218
1.804346,88,1344.379696
1.640257,68,1344.513681
4.634512,64,1344.640834
0.29077,75,1344.80544
1.0432,77,1344.966226
3.33092,69,1345.104121
102.716834,57,1345.220223
3.466544,97,1345.420745
2.249733,76,1345.570346
4.264731,65,1345.699771
3.995897,86,1345.876824
4.244584,66,1346.024288
2.975367,70,1346.162774
2.923104,75,1346.30769
3.97691,144,1346.595396
0.368882,108,1346.804014
1.346196,81,1346.965187
0.178976,1000,1360.138412
4.714627,65,1360.272365
3.643816,94,1360.48223
-1.1073,144,1360.780223
-0.164712,93,1360.970845
4.540622,64,1361.103032
101.758135,83,1361.277149
1.096874,76,1361.433378
3.238192,65,1361.568204
2.891643,67,1361.710298
3.475162,68,1361.862786
4.600745,66,1361.991489
1.013283,74,1362.140317
101.49372,84,1362.30536
2.67884,82,1362.464603
3.636984,69,1362.602367
102.770947,62,1362.7239
0.690801,187,1374.4312
1.115782,71,1374.568882
102.547951,69,1374.702164
2.428637,87,1374.875165
4.105327,66,1375.006599
1.826092,80,1375.168867
3.638752,97,1375.359597
2.143832,66,1375.48959
2.639714,63,1375.611754
2.645229,74,1375.767553
2.525196,69,1375.901185
2.310535,69,1376.035567
102.439241,58,1376.149752
2.343157,69,1376.305895
3.803835,89,1376.486339
101.047641,81,1376.653177
102.936256,88,1376.838712
102.866418,67,1376.98999
2.616403,68,1377.127527
4.099143,66,1377.261719
4.652193,80,1377.422273
4.53103,71,1377.561113
3.419902,67,1377.692362
100.648083,60,1377.81218
3.589754,65,1377.945987
2.957676,65,1378.077008
3.066054,66,1378.210454
3.939368,66,1389.817669
5.376421,61,1389.936313
2.662707,65,1390.0659
3.195479,93,1390.246932
101.944196,85,1390.411983
3.895283,71,1390.554435
3.332649,70,1390.691528
2.491339,72,1390.831299
0.492164,148,1391.135962
1.729893,87,1391.307463
102.609824,68,1391.442712
100.929741,83,1391.605693
3.797824,75,1391.751248
5.12957,63,1391.872134
4.36447,65,1391.999725
5.585796,66,1392.13106
3.713381,65,1392.256805
0.574554,79,1392.430961
4.705373,97,1392.631483
3.290685,66,1392.767728
4.692543,64,1392.897425
4.300354,74,1393.042502
101.105992,205,1393.450585
4.033714,87,1393.624056
4.20242,63,1393.747348
1.028041,84,1405.258603
4.163528,74,1405.411844
3.819303,70,1405.551907
3.54303,64,1405.681463
5.149953,70,1405.82328
2.620025,79,1405.98885
0.844253,74,1406.144063
100.992999,78,1406.31912
4.153789,74,1406.478089
0.814272,74,1406.630169
101.2331,233,1407.090142
1.399248,94,1407.270118
2.037376,65,1407.401786
2.097673,77,1407.554144
1.316208,80,1407.712036
4.416574,67,1407.841555
2.234844,70,1407.97749
0.661296,71,1408.126347
5.102602,64,1408.253789
103.372469,65,1408.377835
101.385222,108,1408.584793
4.56472,64,1408.712301
3.900772,85,1408.877748
3.095625,82,1409.043144
3.282762,65,1409.182398
1.877079,72,1420.883383
1.352013,77,1421.037905
-0.477155,98,1421.231208
0.597737,81,1421.396811
0.985761,72,1421.547347
3.21395,64,1421.67209
3.625996,71,1421.81755
2.657414,74,1421.96616
2.429365,88,1422.140053
3.969483,67,1422.271162
4.68109,67,1422.407464
0.833738,83,1422.572827
1.973173,70,1422.715103
0.927925,71,1422.85847
0.816444,107,1423.077053
1.467125,70,1423.233499
4.459828,66,1423.363244
5.236774,64,1423.493642
3.337427,86,1423.670677
2.229729,71,1423.811502
-0.622541,97,1423.999872
3.046418,66,1424.129689
4.548986,74,1424.293763
2.12738,75,1424.446989
2.73833,67,1424.576613
3.08978,70,1424.712772
0.031217,94,1424.900023
4.646199,65,1436.382386
2.415087,80,1436.550461
0.952771,78,1436.714409
3.944954,67,1436.847875
1.499609,73,1436.998405
4.534051,64,1437.129048
0.46326,83,1437.291017
103.326957,74,1437.441201
1.927359,71,1437.581638
3.743769,88,1437.755779
101.990746,62,1437.87739
4.794018,69,1438.013892
4.430867,79,1438.167649
1.455436,71,1438.307523
5.059932,67,1438.435901
1.997123,82,1438.589893
3.672389,77,1438.738374
-0.263504,87,1438.89947
101.35361,72,1439.036003
2.154293,71,1439.173443
0.501235,1000,1452.626524
2.95627,87,1452.797804
102.16813,76,1452.955184
5.198239,66,1453.086272
4.064458,61,1453.203495
4.219841,65,1453.331637
2.911603,85,1453.518044
2.932655,72,1453.666408
2.65539,85,1453.841828
4.748469,63,1453.973701
2.304501,66,1454.108829
3.596477,78,1454.270746
1.546807,77,1454.427573
1.208857,72,1454.576339
0.681371,1000,1467.8661
1.363523,81,1468.028055
2.840252,68,1468.164502
1.013618,87,1468.341891
2.532559,72,1468.487319
5.412888,67,1468.626112
0.919708,95,1468.816497
0.367689,77,1468.97389
1.08365,72,1469.120967
5.158278,64,1469.250671
3.096893,65,1469.383963
4.723941,65,1469.517352
1.436628,88,1469.693952
0.283855,1000,1483.259663
5.022047,63,1483.385531
2.770562,63,1483.508064
1.893525,84,1483.678126
3.610949,75,1483.826326
3.152856,72,1483.977161
4.136479,77,1484.135341
4.272332,67,1484.26921
1.428127,75,1484.415972
2.658068,80,1484.57488
-0.603526,106,1484.793833
3.544593,74,1484.945413
2.24278,64,1485.068923
3.461064,83,1485.235304
0.263371,108,1485.44976
0.340695,86,1485.629023
4.218361,65,1485.776164
2.341659,67,1485.915753
3.456386,73,1486.081135
3.389813,67,1486.223073
3.251609,71,1486.373751
0.47961,77,1486.534559
-0.066945,101,1486.74989
2.734686,85,1486.939951
6.198368,70,1487.096127
4.118726,78,1498.795367
104.275289,64,1498.925264
3.784057,88,1499.104791
3.440886,77,1499.261184
2.869203,85,1499.438917
3.480786,83,1499.611031
1.577066,69,1499.750324
104.870696,68,1499.887924
103.668687,74,1500.03819
1.544352,72,1500.182213
4.755696,64,1500.326323
2.359371,74,1500.484013
3.287099,69,1500.629279
2.792933,91,1500.818544
0.885166,85,1500.989507
4.574227,84,1501.159797
4.868533,69,1501.300915
3.171621,81,1501.472523
3.512256,72,1501.620856
3.748514,71,1501.766665
1.136187,73,1501.916317
0.470204,78,1502.090219
2.142215,72,1502.237178
1.19212,77,1502.394565
4.540497,64,1502.526557
3.055717,63,1502.65651
0.812078,71,1502.801931
1.421431,70,1514.359229
1.143178,81,1514.538495
1.359883,163,1514.860773
3.251113,64,1514.990775
-1.290103,118,1515.221503
4.902338,62,1515.347846
3.272114,70,1515.488057
101.410485,92,1515.669472
100.777091,84,1515.831561
4.665964,71,1515.972078
101.528885,110,1516.187031
2.12662,69,1516.322181
2.053472,85,1516.491678
5.062846,70,1516.6286
1.507438,79,1516.783249
2.033917,64,1516.910843
3.903558,68,1517.046539
-0.096983,193,1517.455359
1.290909,72,1517.606645
4.086209,67,1517.748035
2.620067,70,1517.892654
1.604813,70,1518.034858
1.281508,70,1518.171739
101.326564,117,1518.398254
2.19697,83,1530.154279
6.066353,64,1530.286805
5.282861,62,1530.409999
4.233326,65,1530.541508
101.546381,68,1530.681737
2.791329,78,1530.843276
4.363322,66,1530.980436
1.177529,95,1531.183756
1.79315,75,1531.338518
0.982189,88,1531.534029
2.815039,68,1531.677504
4.17636,64,1531.811922
2.178467,65,1531.951233
1.64403,69,1532.096614
3.781429,70,1532.239069
4.179708,61,1532.360907
0.824512,82,1532.527445
1.127056,83,1532.704746
1.618109,67,1532.859331
3.380655,86,1533.048379
2.572956,68,1533.186446
1.496172,78,1533.346549
3.194576,80,1533.513127
2.898054,90,1533.705401
0.529926,123,1533.964671
-0.317843,1000,1547.732799
4.608527,80,1547.898105
0.328601,88,1548.081727
5.012992,83,1548.253361
4.023853,63,1548.383947
1.54601,70,1548.527871
101.078031,85,1548.702178
1.045202,94,1548.89641
2.955976,62,1549.037009
0.435023,83,1549.209342
4.071415,72,1549.359351
1.595931,69,1549.498285
1.753541,70,1549.643917
2.469261,68,1549.782066
1.575778,71,1549.930311
1.918859,86,1550.107277
3.020117,78,1561.927961
1.623491,69,1562.067647
2.413777,69,1562.203169
1.685612,73,1562.347062
1.585959,70,1562.487974
2.014567,84,1562.655503
4.619244,64,1562.78065
1.840286,73,1562.924363
4.613935,73,1563.074333
4.039772,86,1563.252316
4.122562,72,1563.40657
2.589902,67,1563.548938
101.240041,60,1563.674957
2.686904,67,1563.81236
0.464434,73,1563.961963
1.869416,83,1564.135028
4.98851,63,1564.263281
102.081354,50,1564.369983
103.2034,70,1564.517737
101.477542,72,1564.6815
0.475002,75,1564.839422
1.407166,86,1565.021206
105.428198,83,1565.190774
1.489897,73,1565.333841
2.416565,63,1565.461317
-0.267061,78,1565.621185
1.40796,72,1565.76973
101.440341,60,1565.893995
1.408432,82,1566.062367
0.351211,82,1577.830863
103.381089,57,1577.943884
4.460311,64,1578.075093
100.472576,81,1578.242829
-0.407067,153,1578.557974
101.741224,96,1578.74763
2.542001,80,1578.92777
1.219802,73,1579.080434
3.426662,73,1579.254749
1.69286,68,1579.406229
5.175373,63,1579.5435
4.985768,66,1579.69419
1.498758,73,1579.843863
3.32092,75,1579.997754
0.138527,104,1580.219833
1.575983,72,1580.36972
5.025348,75,1580.54317
2.221882,69,1580.681222
101.905894,73,1580.825925
4.633239,62,1580.952021
3.799726,68,1581.087517
1.062526,79,1581.24475
1.455633,68,1581.381355
3.686876,65,1581.509174
3.349789,80,1581.66371
4.898337,71,1581.800702
1.565786,66,1581.931225
1.239433,71,1593.79789
100.310477,74,1593.946745
1.149517,105,1594.154155
103.292291,52,1594.258659
102.643575,60,1594.384428
0.152906,1000,1596.41344
3.569543,91,1596.593172
1.723145,71,1596.73685
4.40979,69,1596.875514
4.698875,101,1597.075311
101.136256,51,1597.181372
2.180215,66,1597.31302
3.258397,64,1597.440475
2.3366,69,1597.59796
2.78075,69,1597.732497
4.818153,84,1609.095325
0.500576,84,1609.25812
5.062062,63,1609.379524
2.572173,68,1609.510341
1.41017,96,1609.711052
2.412038,69,1609.847643
3.465233,76,1609.995818
101.283465,92,1610.17474
0.152451,157,1610.484857
3.866618,63,1610.610449
-0.146772,90,1610.784741
2.393668,92,1610.966757
5.726494,66,1611.092973
1.445408,69,1611.227448
1.387863,72,1611.385709
1.422098,73,1611.529127
2.694688,67,1611.660073
0.393136,82,1611.823715
5.291699,63,1611.948146
4.376399,79,1612.105079
4.427593,67,1612.240928
4.214902,65,1612.372638
103.720636,60,1612.488746
1.443483,66,1612.621555
-0.19134,158,1612.936176
103.510377,68,1613.070486
2.391281,68,1624.774384
0.951141,103,1624.98098
2.660087,69,1625.116948
1.891012,73,1625.263288
5.199909,65,1625.392638
0.428466,92,1625.577151
1.519798,73,1625.728584
2.760396,74,1625.885607
4.631168,68,1626.028843
2.864045,73,1626.176302
2.553854,71,1626.335685
4.075409,64,1626.466295
3.321221,62,1626.590487
4.912518,68,1626.728528
4.603323,86,1626.901386
3.053592,72,1627.047738
1.477099,74,1627.200853
1.739311,74,1627.351867
4.401022,80,1627.513059
2.870773,68,1627.666646
3.867413,87,1627.839866
1.636765,78,1628.000038
2.918494,66,1628.134788
3.825396,68,1628.27376
104.033479,70,1628.415129
2.701551,68,1628.553764
3.263977,67,1628.686999
3.362893,89,1628.866791
1.91535,67,1640.366148
2.204925,88,1640.540482
3.188559,94,1640.730161
2.596854,69,1640.869468
3.808537,64,1640.997952
102.651787,82,1641.162268
1.140072,70,1641.305874
102.977505,76,1641.458392
4.477836,64,1641.58676
-0.060735,86,1641.771276
4.689996,63,1641.897328
102.418844,82,1642.060051
1.827704,69,1642.197086
100.586823,95,1642.388037
3.325174,72,1642.537271
105.011196,60,1642.666737
3.433078,66,1642.80431
1.663324,69,1642.978838
3.393248,77,1643.13369
1.439865,66,1643.261061
1.140298,127,1643.511145
3.746156,84,1643.681129
3.193533,67,1643.811894
3.710665,63,1643.942835
3.100754,67,1644.076157
104.551278,60,1644.196367
3.723012,72,1644.343229
1.637075,73,1656.0243
1.432604,71,1656.173403
3.011529,76,1656.326239
105.24585,61,1656.448144
3.541122,67,1656.58783
1.398138,69,1656.730482
100.939586,92,1656.922751
100.556292,48,1657.023287
5.228753,63,1657.150582
101.482125,67,1657.288847
100.267308,62,1657.423501
101.440916,56,1657.550912
3.264945,83,1657.72365
3.096462,67,1657.86072
2.763231,64,1657.992946
4.828723,82,1658.161928
2.821842,65,1658.293212
0.325864,86,1658.465841
1.905177,67,1658.602478
2.848631,68,1658.758001
4.105508,65,1658.886025
103.225087,86,1659.060018
2.335188,69,1659.201394
2.582477,82,1659.363463
100.566982,69,1659.503098
4.252744,73,1659.652788
102.31169,81,1659.819278
2.244006,74,1659.972046
2.807532,72,1660.119084
4.292057,65,1671.708084
4.251941,64,1671.838473
2.010258,77,1671.997097
1.271283,87,1672.175172
1.095591,73,1672.320992
4.712216,68,1672.457726
4.663021,68,1672.596409
0.577894,85,1672.769047
0.801624,91,1672.952924
3.296194,66,1673.082789
0.225691,1000,1675.078498
4.911633,63,1675.216324
-0.354963,117,1675.473639
0.121911,1000,1688.958488
101.986367,71,1689.106293
0.243189,77,1689.263768
101.118539,54,1689.373582
101.272307,92,1689.565187
0.527808,69,1689.702106
2.653956,66,1689.835103
2.190005,73,1689.984762
2.158668,68,1690.125114
100.971537,60,1690.256042
1.927424,70,1690.399983
1.599068,66,1690.534188
2.069068,78,1690.701339
4.956952,82,1690.874472
0.041874,74,1691.025833
4.049667,63,1691.156091
0.947345,94,1691.351946
1.643376,73,1702.963529
4.456448,63,1703.08608
4.685412,68,1703.22028
3.926967,77,1703.374682
4.607276,65,1703.504842
1.958121,90,1703.682975
2.039394,69,1703.835968
2.507748,68,1703.972708
1.492278,79,1704.128823
101.413923,73,1704.273711
5.322942,81,1704.434068
5.781862,63,1704.561229
0.965527,93,1704.745867
3.675677,67,1704.876634
2.155216,70,1705.016939
1.989889,73,1705.161469
4.956664,63,1705.286467
2.388596,76,1705.436113
4.826555,64,1705.587551
2.131999,68,1705.722243
3.026647,85,1705.889357
3.676223,74,1706.046618
0.017768,1000,1719.352236
100.799742,69,1719.491875
1.342766,79,1719.651838
100.836595,63,1719.780866
1.125663,92,1719.96196
1.347789,70,1720.104683
2.221301,68,1720.241847
6.084367,73,1720.387318
3.857842,66,1720.524493
1.883361,75,1720.674786
103.078191,66,1720.809947
-1.61337,155,1721.122761
1.022481,82,1721.287951
3.760651,64,1721.41473
3.349585,65,1721.547396
2.094124,77,1721.709229
0.7814,84,1721.883777
0.233202,144,1722.160185
0.276314,136,1722.424461
2.277368,89,1733.850352
102.280125,90,1734.028829
2.585037,73,1734.170955
100.239398,65,1734.300321
3.838223,83,1734.463384
3.988983,66,1734.592921
3.806786,72,1734.738042
3.645981,66,1734.873421
0.365097,106,1735.090281
4.398933,64,1735.230186
0.326495,110,1735.446844
3.419959,82,1735.608957
3.986588,75,1735.758119
1.424079,72,1735.900434
5.298172,72,1736.043068
2.24463,68,1736.179792
4.297387,75,1736.332138
4.913452,67,1736.47788
3.772904,65,1736.607311
101.221793,68,1736.740726
1.263381,72,1736.887028
105.922357,66,1737.015223
-0.116101,149,1737.314355
4.640296,70,1737.452693
101.533815,94,1737.638206
3.137347,68,1737.769737
2.018822,85,1749.326909
104.979822,63,1749.451022
4.908404,66,1749.582399
1.811814,80,1749.738057
2.074263,89,1749.919438
-0.065438,99,1750.117122
3.403794,68,1750.252775
3.326064,90,1750.435639
3.495292,67,1750.570113
5.211846,68,1750.724029
4.126921,67,1750.85977
4.375935,65,1750.992348
1.506426,66,1751.127034
103.131706,77,1751.278426
102.8761,51,1751.381593
4.742833,63,1751.510974
5.018206,63,1751.636255
2.825753,66,1751.774196
100.910213,82,1751.941794
4.058181,69,1752.101002
4.850587,66,1752.234116
2.860953,64,1752.360456
3.416854,68,1752.496188
101.327903,87,1752.670438
1.639451,65,1752.804255
0.426052,1000,1766.113488
-2.971878,140,1766.392824
2.00176,74,1766.556254
2.222956,70,1766.694664
-2.202444,151,1766.98958
2.71538,70,1767.127843
1.214376,70,1767.265811
4.568965,62,1767.387507
100.887518,49,1767.481954
1.359202,64,1767.60728
-0.569661,113,1767.845495
3.212496,64,1767.971026
3.402334,65,1768.098653
1.735414,81,1768.259065
1.377046,91,1768.44228
2.329753,72,1768.581816
1.377025,85,1780.082929
0.87059,78,1780.256221
1.725519,71,1780.397658
-0.075414,99,1780.597752
2.074664,84,1780.766741
4.896463,82,1780.930102
0.375524,107,1781.148675
4.298048,62,1781.274122
101.113946,71,1781.418386
0.708915,125,1781.678659
1.257099,86,1781.854938
102.481285,50,1781.95468
1.010764,74,1782.107077
5.151906,60,1782.229386
0.606357,71,1782.374981
101.211209,75,1782.525944
2.035959,81,1782.690803
104.008915,56,1782.805243
0.322087,87,1782.983925
1.062636,86,1783.156036
0.174145,1000,1796.473112
4.598117,62,1796.60415
1.165032,86,1796.7907
1.328017,71,1796.941467
103.253987,68,1797.084126
4.268724,63,1797.219196
3.318322,67,1797.369806
1.806349,84,1797.550885
4.519998,65,1797.685084
0.52522,91,1797.868652
-0.40833,94,1798.063168
0.940799,73,1798.213298
104.484401,61,1798.348864
2.570685,80,1798.513448
3.859412,66,1798.653561
0.773394,89,1798.836581
-0.317037,190,1799.218725
1.088743,80,1799.375249
1.426014,63,1799.497232
1.374444,82,1799.660022
2.336366,62,1811.171525
4.447377,67,1811.302837
1.273558,69,1811.439779
103.813553,87,1811.619879
3.28394,63,1811.755106
2.264513,69,1811.891615
101.185789,97,1812.085201
3.849766,64,1812.217267
1.375847,79,1812.383612
3.809722,85,1812.57058
100.64385,86,1812.745445
2.085316,78,1812.907484
3.502362,78,1813.070482
2.706696,70,1813.209503
-1.081801,133,1813.479842
3.540007,82,1813.64305
2.453369,72,1813.791656
3.629278,76,1813.958187
103.625618,57,1814.074524
3.915364,71,1814.217463
103.99734,65,1814.34453
1.503207,82,1814.506844
101.32396,124,1814.759113
0.133741,113,1814.983813
2.539316,89,1815.15894
2.772843,69,1826.851884
2.517598,82,1827.012406
101.895083,70,1827.151786
3.9052,61,1827.272783
3.821159,86,1827.442683
1.518963,70,1827.587745
3.968423,60,1827.711419
4.766918,64,1827.841313
-0.637506,206,1828.275614
0.391393,709,1829.660497
2.298148,64,1829.785934
4.061167,64,1829.908797
3.665061,72,1830.068273
1.234722,86,1830.235634
3.229627,64,1830.360967
2.657493,68,1830.493713
0.048003,295,1842.340963
0.122377,1000,1844.332917
1.736268,67,1844.470656
101.251165,51,1844.573424
2.881019,63,1844.700193
100.857098,61,1844.823687
1.183508,74,1844.976698
4.066147,66,1845.113998
5.85783,70,1845.264861
1.72747,84,1845.43192
4.458626,66,1845.56413
2.249698,72,1845.710407
4.430041,74,1845.858622
0.322624,79,1846.018724
100.924134,74,1846.168359
3.859179,65,1846.296375
2.572394,60,1857.714871
101.973455,78,1857.875661
4.283341,67,1858.011601
3.43154,66,1858.144411
3.745349,67,1858.278487
2.502149,77,1858.433776
2.508636,74,1858.587952
0.341983,73,1858.739321
103.301966,62,1858.866822
3.965282,64,1859.00293
3.050283,67,1859.14596
-0.073533,91,1859.332647
2.64436,67,1859.469279
100.785957,174,1859.817626
4.717489,69,1859.959329
4.301057,65,1860.092733
1.473653,108,1860.328384
4.391355,70,1860.470589
2.660542,75,1860.62462
3.62437,73,1860.775752
1.220162,85,1860.946712
3.761325,76,1861.100595
1.670262,63,1861.227571
0.756086,92,1861.411175
2.633627,66,1861.545132
0.747154,94,1861.730205
101.538306,44,1873.14844
1.329058,69,1873.284395
2.184394,78,1873.441593
3.433373,65,1873.567909
3.760637,63,1873.692391
2.638093,68,1873.828233
103.941734,54,1873.937778
3.944275,87,1874.10834
2.614865,71,1874.26585
3.169125,86,1874.440073
0.646721,75,1874.588316
3.314611,63,1874.717982
100.530499,62,1874.84547
2.799231,65,1874.976142
3.165483,84,1875.148536
1.942794,74,1875.29424
5.504095,62,1875.419725
2.570771,67,1875.551213
0.168752,154,1875.870459
2.539207,67,1876.006243
1.814253,75,1876.157531
3.980239,74,1876.308091
3.157976,64,1876.437768
-0.231057,1000,1889.838809
100.992787,34,1889.911057
0.581368,84,1890.080629
2.42711,69,1890.221358
104.81611,67,1890.360966
1.144646,69,1890.498968
4.512855,72,1890.644222
100.530676,49,1890.740124
3.734479,64,1890.870231
100.89328,58,1890.988028
1.513301,79,1891.155716
1.587018,70,1891.296091
1.160754,83,1891.463596
100.608095,50,1891.564867
2.057494,69,1891.705237
2.322028,67,1891.841046
0.395991,1000,1905.190156
103.900169,71,1905.328037
3.083604,67,1905.458034
-0.71308,117,1905.689348
-0.051879,170,1906.026974
1.508623,128,1906.284196
3.21005,75,1906.434571
101.335348,84,1906.609624
2.83079,64,1906.752629
4.22,63,1906.883257
3.273142,60,1907.005026
-1.733553,104,1907.219499
3.20125,64,1907.352695
3.394186,64,1907.483952
102.393347,83,1907.64978
3.466653,75,1907.802959
1.551035,71,1907.959391
2.029094,87,1908.134956
3.885862,72,1908.286479
4.3831,85,1919.984544
103.78197,68,1920.119603
101.65065,88,1920.290059
5.665752,65,1920.421688
2.904201,65,1920.555468
4.118926,68,1920.693446
3.807642,65,1920.826013
4.134371,74,1920.972453
1.997355,76,1921.124716
1.593312,73,1921.271771
1.350261,73,1921.414916
4.102843,76,1921.565066
2.15126,70,1921.703113
3.132112,70,1921.841879
4.126918,62,1921.967767
0.758906,74,1922.114631
0.941316,70,1922.250855
3.617373,86,1922.424564
101.48265,71,1922.566532
103.851669,61,1922.688567
4.221244,65,1922.822207
3.427002,61,1922.944535
4.952244,62,1923.069232
2.209308,83,1923.231546
103.882962,58,1923.350378
3.260453,79,1923.509505
4.438828,81,1923.67009
2.491644,73,1923.815249
0.324042,85,1935.708701
1.71986,71,1935.858828
1.398258,66,1936.010015
2.191001,70,1936.193897
2.069431,67,1936.335302
3.14128,63,1936.474802
2.88567,61,1936.598819
3.692881,68,1936.735426
1.094301,70,1936.879891
4.503247,60,1937.001548
3.321047,94,1937.20324
1.562081,77,1937.375326
4.576161,68,1937.532239
101.379545,115,1937.76185
101.371818,88,1937.930932
2.600524,66,1938.076375
3.101246,86,1938.269993
4.55646,62,1938.408423
1.552474,77,1938.580738
0.859503,84,1938.768192
1.775757,133,1939.056568
3.42777,66,1939.194233
1.409175,93,1939.398796
3.225311,83,1939.572874
5.35444,67,1939.715621
102.692306,74,1939.868885
4.214697,64,1940.00361
2.353097,72,1951.900866
4.725753,62,1952.039782
2.397732,74,1952.197058
1.484872,74,1952.343459
3.961131,108,1952.564734
1.716456,81,1952.726786
1.436189,86,1952.898272
4.067838,67,1953.031155
6.028184,63,1953.158503
3.027688,80,1953.320448
0.770391,462,1954.281368
4.949449,75,1954.430981
3.438837,80,1954.586755
2.663144,68,1954.720318
101.490329,117,1954.978136
3.575327,71,1955.123693
1.498831,81,1955.283401
2.504632,65,1955.412577
101.78988,55,1955.519329
5.20103,63,1955.643015
4.036445,85,1955.814749
4.322009,60,1955.933072
3.841595,64,1967.47225
2.220028,72,1967.612042
100.734599,75,1967.76182
4.76682,79,1967.922961
1.675681,101,1968.123568
3.503543,78,1968.279528
2.373405,66,1968.419026
3.870802,75,1968.567794
4.514979,72,1968.708094
4.217813,80,1968.862307
104.172063,58,1968.994232
5.090616,73,1969.140079
1.508089,79,1969.30186
4.633086,67,1969.441088
4.26214,63,1969.57241
101.273365,77,1969.727919
3.259138,71,1969.867996
0.628532,78,1970.018504
4.574887,74,1970.17579
4.36134,65,1970.301916
3.83204,74,1970.450749
100.882405,77,1970.609725
3.149097,68,1970.748057
0.965917,165,1971.06921
3.480254,65,1971.194313
4.475356,69,1971.326706
0.82422,75,1971.471257
1.52859,73,1982.893985
1.51145,70,1983.031164
3.503279,64,1983.15262
0.399812,1000,1985.135208
0.838879,69,1985.269251
5.068756,61,1985.390893
4.689309,73,1985.53396
104.000521,69,1985.671407
4.46976,86,1985.845253
102.751941,52,1985.958818
3.724081,64,1986.092401
2.059285,73,1986.238835
-0.424061,107,1986.450387
1.937493,79,1986.603673
1.194793,154,1998.42438
4.422941,65,1998.55539
2.532207,78,1998.70816
0.661466,77,1998.860186
101.742471,66,1998.988275
101.149051,101,1999.185984
100.79156,70,1999.337647
-2.197735,132,1999.598862
1.484915,155,1999.910482
3.824423,64,2000.044239
4.31616,71,2000.188826
102.184876,65,2000.317767
1.53376,78,2000.475799
5.849073,63,2000.600525
3.537043,63,2000.725217
100.372571,76,2000.878405
3.683017,68,2001.030687
3.146273,65,2001.158183
2.964727,65,2001.2871
101.293123,105,2001.499734
3.804477,61,2001.620814
1.980398,75,2001.770903
3.892234,94,2001.974565
4.223084,72,2002.118357
6.11671,76,2002.274035
3.502466,70,2002.417063
3.828773,92,2013.922753
-0.134453,91,2014.105874
101.477658,53,2014.215666
101.133741,83,2014.392524
1.102595,89,2014.575497
1.106932,72,2014.721222
1.654155,68,2014.859562
102.979995,78,2015.016691
1.027615,93,2015.20287
4.215187,72,2015.348505
4.867043,84,2015.519142
102.959343,64,2015.645934
0.95214,90,2015.825405
1.109744,72,2015.973462
2.699342,83,2016.139394
100.729237,86,2016.3127
4.242308,64,2016.43984
0.844603,88,2016.617567
3.485926,67,2016.750716
-2.520541,126,2017.001154
3.036608,67,2017.13278
1.287402,70,2017.271256
101.076854,60,2017.394529
101.834923,79,2017.553759
102.743987,62,2017.679154
2.370678,65,2017.814291
3.4492,63,2017.940694
5.044417,62,2029.556712
2.333932,81,2029.716776
0.651229,72,2029.861461
4.053646,74,2030.009997
1.820057,82,2030.173845
0.559089,76,2030.323428
104.276318,55,2030.434142
103.150061,69,2030.589658
4.252701,75,2030.740311
1.413595,70,2030.875857
1.063414,127,2031.128489
3.54906,74,2031.274428
4.021826,76,2031.424574
1.054161,70,2031.565104
104.348805,64,2031.691155
4.31072,83,2031.857486
3.240541,81,2032.016641
0.296371,99,2032.230404
2.990843,67,2032.362382
3.80663,77,2032.514511
5.316426,68,2032.650836
3.830004,87,2032.826825
103.152588,71,2032.974461
3.416892,63,2033.102266
4.566872,64,2033.231527
2.597685,73,2033.380082
2.881356,75,2033.528064
100.969009,56,2044.908278
0.933757,1000,2046.916361
3.024932,67,2047.051195
101.667427,55,2047.161725
4.042091,77,2047.319163
4.315841,64,2047.447774
4.700635,87,2047.629406
4.60935,63,2047.762286
3.929246,62,2047.887398
105.241695,72,2048.032328
1.934018,76,2048.187258
101.394062,82,2048.355952
0.388485,130,2048.630966
3.293533,67,2048.764981
3.067845,83,2048.929465
4.768399,69,2060.37427
102.175257,44,2060.466748
-1.495475,104,2060.674157
101.406714,63,2060.803038
4.138946,82,2060.973142
2.998354,63,2061.103971
5.084072,63,2061.235321
4.713674,66,2061.368068
0.323032,1000,2063.381636
101.717165,75,2063.5295
101.323858,37,2063.604444
3.733422,64,2063.731064
1.261534,82,2063.895682
3.074758,66,2064.024078
1.289375,73,2064.167352
6.050732,71,2064.308643
102.912204,58,2075.842278
3.17107,62,2075.963487
103.916903,83,2076.126186
4.656647,65,2076.253837
3.752811,63,2076.383405
4.903116,75,2076.536623
-0.298017,100,2076.738875
4.093825,64,2076.866562
5.25714,67,2076.999413
102.159115,78,2077.155612
0.371936,1000,2079.18277
2.700772,64,2079.309023
3.0544,66,2079.441269
2.76048,70,2079.585778
102.055722,69,2079.72545
3.857847,75,2079.874604
1.402174,72,2091.426528
3.424564,67,2091.562674
1.874362,73,2091.708755
100.913303,45,2091.803276
-0.431517,88,2091.976503
0.47269,1000,2094.000307
1.039167,69,2094.14022
101.554705,69,2094.280387
0.894,70,2094.418537
1.491909,91,2094.626149
103.665944,54,2094.733896
0.888761,93,2094.917591
3.898547,87,2095.098245
-1.333078,88,2095.271296
0.538957,78,2095.424646
1.83351,105,2107.002627
1.79628,68,2107.14001
4.77536,67,2107.267951
0.630256,73,2107.413841
2.772801,67,2107.552811
0.020405,246,2108.046862
-0.342152,104,2108.257026
3.457686,67,2108.393438
4.884328,66,2108.530051
0.50713,297,2109.123081
101.332736,58,2109.236638
1.611825,85,2109.401398
3.265936,66,2109.530132
3.552339,82,2109.692823
102.660404,75,2109.839516
101.77887,65,2109.966386
4.079482,63,2110.090902
0.851468,74,2110.236577
1.438351,79,2110.396553
1.142811,96,2110.586128
1.047884,98,2110.776458
101.138711,83,2110.938573
4.046684,66,2122.379465
2.063011,77,2122.532588
-0.334607,555,2123.666
4.254572,64,2123.795676
4.237887,63,2123.924445
3.660648,62,2124.050667
4.209715,63,2124.174314
3.610303,100,2124.367957
2.456547,68,2124.502514
1.645893,70,2124.63781
101.18022,82,2124.798512
2.606507,68,2124.935693
4.143696,60,2125.071462
1.470372,83,2125.230539
0.316323,86,2125.394187
2.042111,69,2125.529736
-0.225469,1000,2138.701684
2.434553,67,2138.832694
5.124454,67,2138.966077
3.35809,64,2139.095784
1.22578,86,2139.271416
0.935336,72,2139.417185
2.33889,70,2139.576004
0.625992,1000,2141.636142
0.775098,91,2153.143719
1.419573,66,2153.276044
3.432705,75,2153.423233
0.240578,1000,2155.37771
4.455875,75,2155.525551
1.108558,69,2155.662469
1.415156,89,2155.836254
0.237939,1000,2169.109434
2.300203,83,2169.271899
101.35604,76,2169.427473
3.083145,82,2169.593009
101.143372,125,2169.847367
3.590257,82,2170.014179
4.639649,63,2170.140219
101.829542,76,2170.307531
-0.001034,81,2170.468725
101.69923,55,2170.576318
2.617656,79,2170.731247
101.103206,77,2170.886328
4.163994,64,2171.017272
100.636617,82,2171.179597
1.751156,74,2171.325868
0.645481,76,2171.496415
101.937116,73,2171.640583
3.350778,97,2171.832191
1.244187,124,2172.076739
3.498789,61,2172.199608
3.40928,71,2172.342124
104.16968,80,2183.778286
4.50303,77,2183.926652
1.117438,81,2184.085574
5.278626,63,2184.207777
1.979202,77,2184.364004
1.70217,82,2184.528364
102.290157,61,2184.649576
3.250075,87,2184.822017
2.82181,66,2184.951591
101.068663,87,2185.126904
1.519184,82,2185.302538
1.206135,71,2185.445067
2.540094,78,2185.602944
2.225763,72,2185.752416
4.26203,74,2185.904396
4.901336,61,2186.025914
5.639283,88,2186.201048
1.015868,72,2186.342738
4.610501,76,2186.513137
3.837275,64,2186.645431
1.439032,72,2186.79089
0.452493,88,2186.967867
0.259101,104,2187.17993
0.319105,172,2187.527035
0.262836,77,2187.678714
0.265801,82,2187.844969
-0.624795,84,2199.350581
102.698929,71,2199.495278
-0.375878,99,2199.694266
0.998896,75,2199.844187
2.001995,91,2200.028807
103.07931,71,2200.173475
0.895083,85,2200.346504
101.650418,80,2200.512172
3.188432,67,2200.648387
101.304453,79,2200.810731
-0.09929,85,2200.991863
3.816161,74,2201.141643
4.67865,66,2201.274916
2.488459,66,2201.414475
1.560571,70,2201.562738
5.419466,94,2201.786438
2.99837,78,2201.953966
1.182094,74,2202.115329
101.49185,81,2202.282502
3.121081,66,2202.416602
5.634265,62,2202.539574
2.789562,85,2202.711577
104.616585,64,2202.840585
0.276193,99,2203.040709
1.037709,87,2203.217165
101.843218,84,2203.403366
100.894471,81,2215.013823
5.097816,64,2215.141328
3.6927,80,2215.304479
2.690421,70,2215.446278
101.021328,68,2215.596441
-0.300902,93,2215.792685
4.140215,64,2215.927296
1.840437,78,2216.092923
6.046274,69,2216.232772
1.977195,67,2216.365357
101.538641,77,2216.516751
101.31868,113,2216.739246
4.042757,82,2216.901816
3.350268,64,2217.025808
5.598244,63,2217.151942
3.71751,69,2217.291695
0.258408,82,2217.456742
-0.488642,1000,2230.790229
1.897579,79,2230.948792
3.567772,72,2231.096617
2.840798,64,2231.25134
1.370806,77,2231.421521
0.41893,87,2231.608725
3.127631,65,2231.739773
3.842835,62,2231.864924
4.132962,62,2231.993202
3.933944,64,2232.124319
-0.272311,1000,2234.167548
1.688093,78,2234.327381
2.417173,63,2234.455953
3.140788,62,2234.60594
1.866364,95,2246.272676
4.281819,87,2246.442341
101.116414,521,2247.492272
2.831349,109,2247.705038
1.201038,96,2247.901812
3.836133,70,2248.038075
5.847288,69,2248.175526
-0.579216,86,2248.371745
106.016703,75,2248.528838
1.919463,65,2248.664628
3.602601,66,2248.798748
1.974532,78,2248.955733
100.868512,65,2249.087799
2.069897,79,2249.246996
3.629616,86,2249.417667
2.908974,71,2249.561804
1.108107,79,2249.721474
3.609739,77,2249.876397
2.477584,68,2250.024497
0.170351,1000,2263.419917
101.047189,63,2263.548022
0.144429,1000,2265.544887
-0.305298,109,2277.21175
3.305054,64,2277.344265
1.916313,68,2277.482174
2.685135,68,2277.617974
2.60236,73,2277.763046
101.499483,72,2277.911932
101.556867,60,2278.031362
2.695219,68,2278.166683
2.192211,76,2278.340261
2.253961,69,2278.475115
3.457041,64,2278.600358
100.807999,82,2278.76373
-2.055277,116,2278.997296
4.627072,65,2279.122565
0.434641,1000,2281.125622
-0.646238,92,2281.306833
0.41548,81,2292.770393
101.937723,83,2292.937786
100.832667,74,2293.082669
101.129844,79,2293.23762
2.59981,68,2293.373032
0.327548,92,2293.553556
0.510294,95,2293.747691
103.543403,58,2293.862136
2.654553,67,2294.002815
4.503946,72,2294.143307
2.331396,66,2294.273988
-0.148819,116,2294.503652
101.108638,107,2294.715243
0.525306,81,2294.874116
3.12601,71,2295.016475
1.337504,86,2295.188717
2.410381,66,2295.328952
2.58465,67,2295.465597
3.147814,84,2295.633653
0.953599,79,2295.789095
4.044252,64,2295.911911
2.151575,87,2296.085585
3.265096,67,2296.219708
0.809635,82,2296.382595
2.746698,87,2296.559613
-1.906605,105,2308.485293
2.982803,63,2308.611328
0.695945,95,2308.806625
-1.364063,120,2309.045168
100.730009,66,2309.177491
2.770109,67,2309.316052
5.233368,66,2309.452813
4.762517,63,2309.594326
1.630658,91,2309.773113
3.554591,60,2309.8893
2.380936,96,2310.079337
3.890307,64,2310.21964
104.256516,61,2310.342211
1.270571,72,2310.489441
3.445622,88,2310.663641
3.315972,65,2310.793569
2.564688,68,2310.927651
-0.288272,92,2311.115315
4.719966,64,2311.254754
1.002978,74,2311.401358
0.486938,1000,2324.78237
3.192411,78,2324.935991
2.59837,78,2325.090789
2.006207,69,2325.226422
2.632195,69,2325.360484
4.513733,67,2325.493104
1.429472,74,2325.637414
5.55119,82,2325.800106
101.960297,62,2325.922504
103.98785,81,2326.078501
101.947077,64,2326.209509
2.880553,66,2326.360415
3.375609,79,2326.519161
-1.911025,99,2326.720078
1.303749,72,2326.866759
4.238116,74,2327.011249
101.366961,100,2327.213416
2.047731,70,2327.369299
1.070282,74,2327.559417
5.24571,63,2327.727047
1.268322,71,2327.894664
101.48174,92,2328.077691
3.326213,76,2339.725115
4.716325,65,2339.872366
3.899567,69,2340.017049
2.092642,70,2340.160912
-0.605288,143,2340.463634
1.207219,88,2340.64182
2.280299,69,2340.801559
-0.406214,90,2340.990763
0.623524,78,2341.147768
2.616266,68,2341.288639
2.192894,59,2341.411393
0.140816,81,2341.583187
-1.674133,127,2341.842053
4.388422,66,2341.979415
4.180781,64,2342.107567
0.746691,80,2342.267856
0.797811,74,2342.412592
104.069813,57,2342.538224
4.036659,79,2342.69882
101.784463,75,2342.850819
100.475558,856,2356.026291
0.92294,73,2356.179771
-1.28863,111,2356.411083
1.436846,73,2356.562031
3.498295,67,2356.697701
0.174322,1000,2358.768646
5.600128,67,2358.904537
1.777903,66,2359.043241
100.99944,87,2359.224323
2.935924,88,2359.412713
101.118327,66,2359.556314
2.557674,74,2371.09014
5.844733,73,2371.236291
5.99366,70,2371.373948
1.596008,72,2371.519712
3.589194,89,2371.701792
105.767973,66,2371.834064
102.683105,67,2371.974758
-1.387793,106,2372.180269
1.048759,137,2372.473861
1.615261,88,2372.652386
4.055918,67,2372.783882
5.091593,65,2372.908752
1.326499,68,2373.042142
6.024845,69,2373.177968
4.380664,93,2373.355479
4.179399,105,2373.565047
100.962142,61,2373.684555
102.858799,57,2373.79405
0.632324,81,2373.952452
3.51728,68,2374.092232
3.603161,66,2374.215651
1.732542,70,2374.356116
3.308387,67,2374.489595
4.877365,63,2374.615169
1.231494,128,2374.866566
104.096432,60,2374.984544
1.770354,67,2386.516461
1.376188,80,2386.688001
-0.395834,207,2387.095571
4.375677,64,2387.222695
2.818795,88,2387.392964
5.359938,83,2387.566766
101.084113,81,2387.732702
3.758389,87,2387.903749
4.236593,66,2388.041516
3.948072,65,2388.167966
101.339354,59,2388.28461
3.832804,65,2388.412804
5.270969,62,2388.532327
1.646666,77,2388.683491
101.526231,53,2388.786219
2.442305,68,2388.923519
102.304186,55,2389.033779
0.591103,72,2389.175967
4.128218,91,2389.350961
3.839442,71,2389.493006
1.78855,75,2389.647585
2.715554,93,2389.826584
0.545706,76,2389.976354
2.961128,71,2390.119185
0.723436,80,2390.274746
1.533572,94,2390.459837
102.710781,53,2401.990196
4.696827,61,2402.106649
-0.601835,95,2402.293608
4.659019,63,2402.416631
3.572263,105,2402.627744
101.574003,52,2402.730448
2.762112,65,2402.858845
3.388313,88,2403.038564
3.962907,68,2403.170319
1.158161,72,2403.312626
-0.129023,101,2403.53252
1.916395,79,2403.691554
101.983009,100,2403.891643
102.906925,60,2404.012876
4.871485,79,2404.176057
-0.431655,99,2404.374489
1.499386,92,2404.555176
-0.848436,86,2404.739231
104.886263,82,2404.900685
100.72201,170,2405.245329
2.249814,62,2405.366488
4.418819,65,2405.49317
3.947296,120,2405.739347
1.877502,87,2405.910324
101.210123,74,2417.64309
2.917809,72,2417.804318
6.179846,65,2417.936719
101.78788,60,2418.053814
4.244175,78,2418.205062
3.485957,66,2418.340849
5.304715,72,2418.484328
5.000294,66,2418.613063
-0.676623,87,2418.787589
102.969839,68,2418.921914
3.718539,60,2419.040195
-0.21358,172,2419.400621
101.225575,89,2419.579867
2.524588,68,2419.713244
5.675963,63,2419.838408
2.466559,76,2419.992133
101.919517,67,2420.12798
4.700578,75,2420.280442
1.485719,84,2420.445567
4.167045,88,2420.616187
100.955946,88,2420.789783
3.177728,62,2420.909834
0.453657,76,2421.068684
2.051724,76,2421.222809
3.277854,71,2421.365906
4.109513,184,2421.734163
3.486938,65,2433.137511
2.615749,71,2433.297723
3.904719,83,2433.465994
103.354379,58,2433.581801
0.389114,84,2433.751914
-1.136256,166,2434.088551
101.901938,98,2434.28719
3.685295,67,2434.423452
1.628852,68,2434.563246
101.181777,140,2434.847321
4.487755,62,2434.975053
4.14275,72,2435.121702
-0.394838,185,2435.498207
0.476119,88,2435.673587
0.545927,115,2435.899156
103.620927,82,2436.063057
100.679123,80,2436.225567
101.207529,89,2436.401063
3.65458,67,2436.529674
3.794475,71,2436.676077
101.96996,67,2436.811665
3.847778,68,2436.947664
2.642591,69,2437.085476
5.081638,63,2448.47117
2.291029,64,2448.598012
4.242035,65,2448.721538
1.646455,79,2448.877492
2.843216,60,2448.997535
2.942949,79,2449.152738
0.045853,87,2449.330997
0.557412,1000,2451.351802
1.675253,77,2451.510278
4.43959,64,2451.64534
-0.259637,98,2451.848708
1.658639,91,2452.03805
104.381187,59,2452.159008
2.056182,117,2452.409653
1.825881,70,2452.557473
102.892067,67,2463.957759
4.210875,61,2464.08168
5.085812,77,2464.23732
1.687256,70,2464.37961
2.914422,69,2464.519864
5.050725,61,2464.641944
4.535395,67,2464.778267
101.932777,89,2464.958888
3.677558,66,2465.093851
101.344747,59,2465.211607
5.444267,67,2465.348068
4.96551,80,2465.507372
4.917968,67,2465.638785
2.892226,66,2465.770401
1.576094,72,2465.911542
2.167584,69,2466.048988
0.894325,72,2466.195894
3.838965,78,2466.353261
4.410525,103,2466.559088
-0.13262,91,2466.73919
2.412252,73,2466.883926
4.073898,64,2467.016297
2.037435,74,2467.165694
3.302127,64,2467.29655
0.635395,100,2467.499412
102.457387,61,2467.620972
3.909889,75,2467.772424
1.322792,74,2467.936393
1.279017,82,2479.359932
5.094603,63,2479.486589
100.547089,370,2480.253667
101.178415,57,2480.369974
4.517349,82,2480.533306
2.195118,84,2480.698683
4.9915,66,2480.827113
100.705009,78,2480.988934
3.797395,65,2481.121647
105.506864,65,2481.24871
101.211974,77,2481.402547
102.183945,72,2481.545633
3.238499,65,2481.673349
103.358533,75,2481.819715
3.900207,92,2482.017286
3.975461,65,2482.14907
103.413588,61,2482.271062
4.114892,64,2482.397915
2.838248,94,2482.586718
4.886112,81,2482.747597
3.207162,64,2482.874567
-0.152209,226,2483.318411
101.585755,82,2494.751989
3.130468,67,2494.886368
2.486735,68,2495.024745
1.86677,71,2495.176409
4.139968,79,2495.336423
3.886312,69,2495.49262
0.461069,98,2495.687142
1.879602,76,2495.837413
1.350847,91,2496.017789
1.295567,71,2496.156263
4.359117,83,2496.322038
3.509953,72,2496.464244
3.113335,92,2496.645802
5.55266,66,2496.781204
4.084934,64,2496.906587
100.921724,84,2497.072192
-0.301106,1000,2510.415877
3.26808,90,2510.598095
2.573097,66,2510.736539
-0.336441,195,2511.128613
100.425947,51,2511.236313
0.014961,86,2511.41133
0.274695,97,2511.616848
3.278862,67,2511.754491
2.393104,73,2511.901167
102.978098,79,2512.059613
101.303158,75,2512.209738
-0.260402,103,2512.410357
101.425474,60,2512.531607
3.341109,63,2512.659771
3.984448,69,2512.801898
3.532856,67,2512.952441
100.335936,233,2513.417063
-0.224318,85,2513.588317
4.19339,100,2513.786986
0.514507,75,2513.937397
4.494115,65,2514.068962
0.465585,81,2514.232733
3.741674,68,2525.741152
3.98305,78,2525.893542
3.240319,74,2526.044607
2.791952,76,2526.197711
100.970905,66,2526.331488
5.026221,70,2526.471196
2.702017,61,2526.594149
3.981204,76,2526.75738
1.571103,106,2526.973526
102.024435,68,2527.10748
4.523686,72,2527.258673
3.808603,65,2527.390171
101.531197,90,2527.570281
1.090498,72,2527.717609
5.117945,63,2527.845455
6.108988,75,2527.99802
3.377821,82,2528.163674
4.465993,77,2528.322145
2.284413,66,2528.456719
0.549525,1000,2541.865967
2.604767,69,2542.021064
101.80404,57,2542.1373
0.994783,134,2542.410482
101.846837,54,2542.517756
3.136783,67,2542.651994
5.012643,72,2542.794763
4.160253,69,2542.933236
3.76012,65,2543.066131
101.748495,58,2543.179632
1.624995,84,2543.343371
101.562491,61,2543.47695
100.947798,83,2543.640602
1.534752,85,2543.806684
3.885044,72,2543.951522
-0.25973,89,2544.1264
4.633702,62,2544.250799
4.390708,73,2544.409755
2.423352,68,2544.546435
5.007788,92,2544.728677
3.326468,63,2544.854012
100.972417,88,2545.041162
1.728443,66,2545.175278
0.748707,1000,2558.4137
4.937293,80,2558.572524
4.411376,69,2558.712993
1.346619,76,2558.865712
3.960226,65,2558.994642
2.895174,83,2559.159965
3.26505,67,2559.294228
101.207335,80,2559.452344
1.496493,108,2559.676132
2.62693,67,2559.811457
3.676809,79,2559.972186
100.94569,75,2560.120737
-1.00204,203,2560.540033
3.674283,64,2560.668433
4.85239,68,2572.098408
2.856986,83,2572.267398
0.997208,79,2572.432012
4.482198,73,2572.577436
102.061245,70,2572.717209
2.676415,83,2572.88405
5.316469,84,2573.053562
1.817723,70,2573.211062
1.773342,91,2573.39725
-0.314806,166,2573.732682
1.834533,69,2573.873267
1.466332,74,2574.019009
1.187318,72,2574.188021
3.743971,63,2574.317586
103.80562,57,2574.431243
1.520984,83,2574.597633
1.176353,70,2574.736046
2.926047,71,2574.877897
3.699627,69,2575.016097
0.526509,111,2575.235532
2.59834,72,2575.380702
3.548653,61,2575.501348
101.105117,67,2575.65226
3.3387,64,2575.782501
3.566502,69,2575.922155
4.277917,65,2576.051195
100.617616,45,2576.152409
-0.934914,91,2587.603388
4.556176,94,2587.791818
1.511004,73,2587.936951
0.444951,108,2588.149041
3.658707,66,2588.280283
2.583164,90,2588.458195
0.658206,1000,2590.447592
100.47224,43,2590.532354
3.813809,64,2590.659394
1.079918,72,2590.800382
-0.255649,80,2590.955973
4.882145,70,2591.099403
2.480049,73,2591.242039
104.277933,64,2591.370471
1.352388,86,2602.892747
2.595628,69,2603.037697
3.341654,75,2603.189752
0.765186,74,2603.340987
3.773804,65,2603.47325
4.938453,64,2603.603303
2.63811,74,2603.753037
0.447736,71,2603.923673
4.584767,71,2604.067809
100.560295,85,2604.238934
4.967644,78,2604.397599
103.801133,57,2604.512409
3.377096,71,2604.655685
3.529616,62,2604.779945
2.797931,76,2604.932831
103.340417,66,2605.069715
2.135391,81,2605.237104
2.516721,68,2605.386038
4.550605,64,2605.519896
4.186994,85,2605.691663
-2.390986,401,2606.517838
4.083181,64,2606.645733
2.080782,81,2606.807979
0.789582,69,2606.950605
3.953672,108,2618.51817
3.467747,66,2618.651583
1.790226,68,2618.787913
5.250561,157,2619.102244
2.74404,66,2619.235959
0.139773,77,2619.387431
3.502191,82,2619.561831
1.394257,72,2619.707457
1.922483,73,2619.854098
2.99953,62,2619.977455
2.918181,68,2620.116879
102.82208,67,2620.253474
102.080551,56,2620.363672
4.489853,76,2620.516421
102.697069,61,2620.638195
1.842987,71,2620.779888
1.349323,84,2620.944796
101.756763,68,2621.079594
1.604618,73,2621.226089
3.285961,64,2621.353973
101.499435,84,2621.524856
-0.139569,146,2621.817127
3.38019,87,2621.992607
101.066946,90,2622.169697
4.825118,66,2622.297876
2.886855,59,2622.414777
0.97423,71,2633.965462
101.032193,73,2634.120442
5.533136,77,2634.282334
-0.926852,102,2634.498273
1.941377,69,2634.653816
2.749176,70,2634.796581
4.634332,64,2634.930656
3.649247,65,2635.072556
3.019548,66,2635.211558
1.699722,76,2635.368814
1.663976,73,2635.521863
4.910017,62,2635.649625
4.182658,122,2635.90185
4.773116,64,2636.034104
2.766104,65,2636.170841
1.332501,104,2636.397446
4.864273,63,2636.529986
2.68068,68,2636.676993
-0.369353,84,2636.851953
3.852565,82,2637.027133
3.604543,104,2637.24363
102.30158,51,2637.357738
-1.062898,279,2637.92754
5.886254,67,2638.070515
2.165067,92,2649.484805
1.674978,76,2649.655094
3.509423,91,2649.841708
101.628635,70,2649.988145
106.251856,76,2650.151419
2.902709,69,2650.291309
4.100542,84,2650.468933
4.128214,81,2650.639389
4.497734,63,2650.767113
1.642275,79,2650.92887
3.614127,65,2651.063451
1.51658,68,2651.207736
4.738505,63,2651.337963
1.705002,72,2651.482201
2.693928,72,2651.629924
101.3749,121,2651.87686
0.910483,70,2652.02075
3.010961,77,2652.177547
3.660067,64,2652.309983
3.63071,88,2652.494086
101.99217,57,2652.611402
0.305264,81,2652.781734
1.950975,79,2652.944728
3.912158,92,2653.131827
4.674805,68,2653.267542
2.237378,69,2653.407637
1.592981,65,2653.542325
2.231071,74,2665.151317
106.191681,66,2665.288706
4.475218,74,2665.447359
3.431289,65,2665.579146
100.981974,57,2665.698477
0.705477,76,2665.872651
3.020589,67,2666.008907
2.610704,73,2666.165996
3.418794,64,2666.299525
3.563303,71,2666.450112
4.760895,66,2666.587537
4.500528,67,2666.72403
101.696419,59,2666.845005
1.737508,73,2666.992701
101.348415,79,2667.153155
-0.216654,81,2667.322526
3.564695,83,2667.50624
101.229499,70,2667.652747
5.337628,64,2667.786146
101.603333,91,2667.97207
0.781036,1000,2681.261185
1.945715,74,2681.415438
100.887001,46,2681.507555
103.063653,72,2681.655928
-0.947427,96,2681.849495
4.552485,68,2681.985963
5.230392,83,2682.149296
4.019489,79,2682.301816
1.972443,73,2682.458044
5.592353,79,2682.617647
0.811243,76,2682.771389
3.075114,83,2682.935496
-0.166037,1000,2696.157321
1.45836,106,2696.375081
2.174983,70,2696.516573
0.313172,75,2696.688623
0.62385,92,2696.884099
0.29274,108,2697.113285
3.20636,91,2697.300671
104.007333,71,2697.448047
-0.453358,97,2697.646322
101.424206,96,2697.843884
1.069728,74,2697.998357
104.289658,59,2698.122498
2.924902,101,2698.349469
4.106211,118,2698.580197
2.153877,79,2698.735607
1.250223,104,2698.940965
-0.493295,296,2699.514731
4.808249,63,2699.637664
3.382601,69,2699.771587
101.067778,37,2699.843421
5.479336,69,2699.978808
1.056617,78,2700.131193
3.104397,81,2711.554784
101.326449,43,2711.636556
2.557399,68,2711.769204
3.330274,81,2711.928312
5.13943,62,2712.053974
2.482295,67,2712.205514
3.952361,79,2712.365499
101.186568,167,2712.698454
4.381313,64,2712.833433
100.823064,87,2713.003885
1.715755,73,2713.148999
104.175425,55,2713.257838
3.440618,94,2713.439396
101.367202,85,2713.606427
100.170622,38,2713.683482
3.695864,69,2713.816535
-0.151862,1000,2727.072362
1.848363,71,2727.217876
1.126618,80,2727.377463
-0.381701,78,2727.535034
4.320549,89,2727.731437
1.394639,65,2727.868693
106.056582,66,2728.006362
-0.422564,80,2728.172917
1.165984,77,2728.330153
3.787472,79,2728.494051
2.144513,64,2728.624831
1.142094,97,2728.821372
1.88652,71,2728.973464
2.990108,65,2729.095763
2.455454,69,2729.234261
100.927736,67,2729.366209
3.68559,168,2729.70194
1.123265,63,2729.824397
3.973062,79,2729.9782
-0.309664,100,2730.178879
2.803095,65,2730.310012
100.786006,78,2730.4613
0.666638,125,2730.708293
100.951149,89,2730.895327
1.862615,94,2742.48597
4.062646,71,2742.632727
103.889089,75,2742.786713
2.975112,97,2742.974912
3.887611,220,2743.413661
4.422143,101,2743.616073
2.962174,60,2743.731586
1.12311,89,2743.905669
1.298721,81,2744.062571
0.354475,142,2744.34822
104.899251,69,2744.49443
2.846084,76,2744.645964
2.528036,59,2744.761423
0.809517,75,2744.91053
100.977395,70,2745.049792
1.028058,1000,2758.415678
-0.5892,85,2758.589767
2.127973,94,2758.795937
1.757938,70,2758.933192
2.829951,72,2759.079753
102.776373,60,2759.198214
4.095089,81,2759.359632
102.022234,59,2759.473745
101.290565,73,2759.61687
3.401152,69,2759.751912
2.704319,68,2759.881851
101.090417,38,2759.958786
2.7506,77,2760.116731
0.805214,73,2760.277877
3.724404,85,2760.455299
100.814187,80,2760.615758
3.113145,70,2760.76233
1.590744,71,2760.905479
4.707508,67,2761.044621
4.084034,84,2761.232079
2.333799,75,2761.389047
-0.341699,1000,2774.525851
1.029849,72,2774.666203
0.627939,91,2774.842445
4.172233,66,2774.97125
0.666526,98,2775.161354
4.754778,116,2775.39067
-0.050299,1000,2788.751092
3.215199,68,2788.88444
2.293041,74,2789.030595
3.334485,78,2789.18087
5.243481,62,2789.310808
100.692807,90,2789.486261
3.155417,77,2789.639143
100.579396,87,2789.811915
3.628943,68,2789.943919
0.39875,77,2790.094917
4.855495,68,2790.228716
2.675339,86,2790.411022
1.28297,78,2790.559712
3.129185,91,2790.742306
105.861473,68,2790.87156
101.250019,55,2790.975483
4.294731,64,2791.100733
4.385378,67,2791.230915
100.447342,55,2791.338985
2.817706,64,2791.459392
3.070001,88,2791.633396
104.468798,66,2791.766564
2.257413,69,2791.901168
1.0063,73,2792.044458
5.019534,84,2792.213205
2.671672,63,2792.35057
101.882624,84,2792.523335
101.711537,53,2803.94802
-0.248351,114,2804.168539
3.162738,69,2804.313366
0.882143,1000,2806.332242
101.279287,44,2806.420832
1.374577,70,2806.560519
101.55116,95,2806.74774
3.696469,92,2806.931855
1.336054,73,2807.079504
3.790971,78,2807.233182
5.997483,73,2807.372342
3.549513,92,2807.55119
4.770419,83,2807.719145
4.399199,62,2807.853067
103.587395,58,2807.974302
4.689417,60,2819.597167
2.051544,69,2819.735659
1.423617,89,2819.917304
101.167272,69,2820.056811
0.143087,1000,2822.110529
100.826477,75,2822.268512
100.686854,81,2822.434424
100.9113,58,2822.553332
1.271909,67,2822.693084
100.775552,70,2822.848485
103.902574,62,2822.972059
2.279886,62,2823.091405
101.168236,60,2823.209377
4.221092,96,2823.393952
3.439721,68,2823.528192
104.131233,65,2823.652584
2.80985,79,2835.040152
1.696492,69,2835.17346
2.393048,71,2835.30854
100.738516,78,2835.459673
2.008207,81,2835.620385
1.625371,71,2835.758599
3.221747,69,2835.895882
3.193674,69,2836.03827
3.170851,60,2836.156835
1.367409,62,2836.277214
4.862744,61,2836.400546
1.652578,82,2836.562656
4.228217,74,2836.706632
4.6523,72,2836.850803
2.818855,75,2837.001827
1.658546,81,2837.166453
0.808356,86,2837.337231
2.216177,70,2837.475444
5.486465,69,2837.618375
4.506559,68,2837.753422
0.144296,83,2837.919715
2.548822,69,2838.06027
101.292184,64,2838.191719
1.715045,72,2838.341221
105.065536,72,2838.489894
3.172868,85,2838.66334
3.390509,67,2838.835204
1.398471,91,2839.015959
0.332819,80,2850.362679
1.373243,88,2850.543654
2.64474,61,2850.68136
1.268912,68,2850.815873
4.577176,66,2850.952354
3.811145,69,2851.094634
4.107476,59,2851.213417
1.999247,71,2851.360513
1.217661,143,2851.653937
3.383734,65,2851.788016
100.906445,51,2851.893029
3.60516,89,2852.072343
1.793632,83,2852.240649
105.07744,70,2852.382371
4.588347,68,2852.521472
5.143888,63,2852.649738
2.491226,69,2852.790433
1.889545,71,2852.950608
104.337702,73,2853.100693
3.806379,89,2853.277249
1.511573,73,2853.426534
3.280495,69,2853.560381
3.754508,65,2853.687158
1.685398,69,2853.819207
101.414273,85,2853.985497
101.757474,69,2854.120605
101.352079,82,2854.278596
0.184739,72,2865.850405
101.741211,49,2865.947644
2.410946,72,2866.094594
102.034983,65,2866.223669
4.132475,61,2866.345551
5.91022,63,2866.488452
2.789007,69,2866.620454
2.219429,65,2866.74905
5.332931,85,2866.914778
1.662554,73,2867.058843
103.600347,58,2867.170259
1.157419,75,2867.314327
3.907816,90,2867.496542
3.245445,69,2867.630147
2.792271,63,2867.75592
102.261118,60,2867.912781
1.280049,76,2868.115135
0.276181,83,2868.294599
3.399339,84,2868.458777
0.892378,82,2868.621049
1.431856,80,2868.778066
3.145669,65,2868.904296
5.396184,65,2869.0318
4.476925,68,2869.16278
4.781583,73,2869.30682
3.431106,77,2869.457657
2.686193,75,2869.606354
1.926958,78,2869.762518
4.582207,62,2869.903526
0.147316,181,2881.826989
1.068238,102,2882.024552
3.590966,92,2882.217096
0.919167,71,2882.359112
2.24401,72,2882.502142
101.540111,68,2882.63893
2.1129,71,2882.785546
1.051202,69,2882.941467
1.650085,85,2883.114548
1.780479,104,2883.327992
3.745413,61,2883.4537
4.028033,68,2883.593171
4.194792,66,2883.726581
3.670922,60,2883.849881
101.742497,52,2883.970973
102.473231,71,2884.111615
0.311228,80,2884.274595
0.277259,127,2884.532449
5.170594,76,2884.688917
105.391133,73,2884.846303
100.662781,84,2885.024557
1.709806,87,2885.203162
1.223579,70,2885.345231
0.345885,168,2885.694777
3.37566,74,2897.092369
2.073374,71,2897.238871
4.911685,80,2897.407001
1.444651,68,2897.544711
2.367245,63,2897.68377
101.513459,62,2897.802115
1.493917,61,2897.923029
0.91158,75,2898.068278
4.932461,75,2898.215473
4.262002,76,2898.364552
1.14942,67,2898.493957
3.042705,67,2898.630534
102.001151,63,2898.754801
101.755081,44,2898.838571
0.982631,67,2898.975054
2.167943,70,2899.111509
4.043405,64,2899.257711
4.189846,64,2899.382977
4.498716,65,2899.508555
4.649914,86,2899.682397
100.825001,38,2899.755023
4.912191,61,2899.872959
105.84383,79,2900.028339
2.586364,72,2900.167988
4.387099,67,2900.300493
3.275334,81,2900.461549
3.705049,70,2900.597085
1.534597,93,2900.779007
4.755792,76,2900.94562
4.29937,67,2901.077065
1.767877,67,2912.469439
4.247212,60,2912.589317
4.462551,70,2912.727453
3.882278,103,2912.9457
-0.399118,103,2913.1506
1.341636,63,2913.274242
-0.497466,1000,2915.312257
2.875876,65,2915.440792
5.559432,66,2915.572583
4.411058,69,2915.709579
1.825684,76,2915.860126
4.716064,68,2915.993607
1.866462,87,2916.1866
2.192518,72,2916.330176
1.024931,138,2927.807191
4.694349,88,2928.041012
101.832701,46,2928.164448
5.573932,71,2928.310105
100.175433,80,2928.465992
5.658882,82,2928.62854
102.830035,53,2928.734267
0.261866,77,2928.88979
1.329013,64,2929.013464
5.448697,65,2929.13637
3.522962,63,2929.257056
3.813601,61,2929.37734
2.328305,63,2929.503231
2.308349,71,2929.641985
5.474305,61,2929.761969
2.068447,71,2929.899184
101.701713,70,2930.036632
2.072102,77,2930.190165
3.448601,73,2930.331795
5.034911,63,2930.452296
4.639232,66,2930.580159
1.157295,91,2930.754216
3.206267,69,2930.888521
0.843909,86,2931.053156
101.583246,65,2931.179034
101.551331,85,2931.344281
3.224485,73,2931.49487
102.933384,75,2931.639906
3.29448,60,2931.755882
1.686748,92,2943.193937
101.8946,48,2943.303006
3.531047,91,2943.494214
5.178837,90,2943.680141
3.467898,67,2943.81954
100.842028,73,2943.962728
2.760423,68,2944.093845
101.324143,100,2944.290127
0.210874,75,2944.438304
102.311223,45,2944.526155
105.151891,79,2944.681754
4.186263,68,2944.826618
2.870546,69,2944.967617
101.487502,67,2945.107742
1.509629,75,2945.264658
0.650973,108,2945.483817
4.934555,87,2945.660342
100.224514,65,2945.803957
0.601798,84,2945.977546
3.292755,62,2946.105689
101.621366,106,2946.326384
1.115306,87,2946.507244
101.114249,360,2947.222021
4.300051,66,2958.521156
101.532519,117,2958.745854
0.646636,1000,2960.726571
2.980159,60,2960.856179
2.97471,65,2960.990462
2.774207,64,2961.114209
103.388556,81,2961.27182
103.431592,67,2961.402346
3.665232,68,2961.5326
102.752322,49,2961.629605
2.205913,70,2961.766285
4.338435,63,2961.887584
1.543224,70,2962.024049
-1.904404,135,2962.289599
100.765895,52,2962.392137
3.434632,61,2973.811035
4.301497,64,2973.932414
101.259366,80,2974.087632
103.667967,52,2974.190752
4.065461,87,2974.360065
4.387768,62,2974.481141
3.60359,69,2974.615877
101.528978,63,2974.752324
4.594099,61,2974.874598
102.362648,52,2974.980458
4.673234,61,2975.101938
103.233654,56,2975.215056
2.603588,68,2975.353234
-0.985366,115,2975.589372
101.29442,58,2975.710033
3.86796,67,2975.842591
102.120701,103,2976.04216
104.577899,74,2976.184577
101.966027,50,2976.280546
2.998063,71,2976.441167
-0.447258,168,2976.775291
4.599077,62,2976.895942
0.192015,87,2977.063019
1.814896,72,2977.220095
100.204658,84,2977.381478
101.431679,73,2977.527533
4.523226,71,2977.665225
1.89324,86,2977.833661
0.504601,74,2989.159463
103.030674,63,2989.298513
3.202131,69,2989.440662
4.379871,79,2989.600466
101.268024,77,2989.758022
4.019617,66,2989.890422
2.615143,61,2990.016619
1.715885,68,2990.153405
102.16618,74,2990.297348
100.726213,66,2990.42944
100.773542,86,2990.60507
-0.070677,86,2990.783011
1.399823,68,2990.922184
102.061097,57,2991.038576
2.856923,68,2991.175618
0.724317,1000,3004.544663
1.138002,76,3004.69419
3.711742,59,3004.811202
2.33163,76,3004.96013
5.730103,64,3005.085917
2.171733,75,3005.23486
1.843826,61,3005.35394
101.30815,66,3005.481502
2.119695,63,3005.604039
0.93737,139,3005.893859
2.879663,67,3006.026583
3.368452,79,3006.183457
3.753765,79,3006.338536
1.504671,119,3006.575801
100.536027,23,3006.621407
4.10018,64,3006.749813
0.064072,94,3006.935903
2.756245,72,3007.076779
5.20208,61,3007.194952
0.166741,133,3007.461632
0.228319,90,3007.640253
5.603741,72,3007.781356
0.209618,157,3008.110265
100.928601,71,3008.24754
100.692314,69,3008.385087
101.764296,72,3008.532026
-0.013041,184,3020.189757
102.468394,75,3020.334231
2.800587,93,3020.511529
102.872239,73,3020.658838
101.053853,83,3020.823795
2.035401,78,3020.991898
2.744867,86,3021.16655
2.820397,70,3021.309118
4.006917,83,3021.47727
3.291622,62,3021.604354
3.039619,70,3021.748437
-1.760775,295,3022.365155
3.00868,67,3022.497962
3.43586,69,3022.633374
3.479803,74,3022.784185
100.941523,49,3022.882133
1.952366,70,3023.021643
4.17335,64,3023.150322
4.89425,74,3023.294555
103.648543,66,3023.425895
1.559487,68,3023.566167
4.774045,68,3023.697976
4.577182,60,3023.813005
2.478142,70,3023.951716
2.033764,85,3035.446451
2.669789,69,3035.589073
1.42387,88,3035.774079
5.204061,76,3035.932645
4.849533,63,3036.05932
2.734508,70,3036.208427
-0.607371,96,3036.408699
102.344203,76,3036.570964
2.71802,60,3036.706096
103.470094,77,3036.863642
3.821103,74,3037.011019
103.569218,68,3037.145602
0.689881,77,3037.298683
1.043662,77,3037.454545
2.864415,63,3037.578472
100.671498,48,3037.672758
2.05182,69,3037.810407
4.485923,63,3037.934875
3.27222,66,3038.065755
105.577427,66,3038.193615
2.179841,71,3038.332756
5.213081,67,3038.466853
1.906163,72,3038.607271
3.313836,68,3038.741795
100.699562,48,3038.841729
3.825733,76,3038.995304
4.884356,68,3039.1436
3.861231,61,3039.262877
102.510191,65,3039.396105
4.748118,67,3050.893617
0.919126,77,3051.062778
-0.320999,104,3051.274357
4.297146,61,3051.397834
3.355419,64,3051.533229
2.917211,69,3051.66799
0.969786,66,3051.79903
0.789461,85,3051.965961
1.166406,77,3052.124162
0.249414,136,3052.40941
1.561617,77,3052.564663
3.710507,68,3052.70079
5.172683,70,3052.838873
3.768484,77,3052.995752
102.24232,78,3053.146971
4.438107,88,3053.319042
5.009047,76,3053.470833
4.984471,69,3053.610241
101.797626,74,3053.756409
1.31737,79,3053.914586
1.194881,81,3054.078284
100.718465,76,3054.22377
102.072397,64,3054.352191
4.212993,85,3054.520636
3.331038,67,3054.650947
2.799916,67,3054.781553
3.053578,69,3054.932432
0.761954,111,3066.32636
2.98616,91,3066.514318
0.956462,80,3066.681938
1.104709,81,3066.862169
5.105629,65,3066.996882
6.029265,66,3067.131979
2.78636,61,3067.258836
-0.176514,159,3067.595033
102.395451,71,3067.740383
101.53638,126,3068.016392
100.639833,58,3068.138978
100.87768,61,3068.267524
4.455874,63,3068.394724
2.967625,89,3068.575634
3.946349,72,3068.716762
4.208522,67,3068.848179
2.323248,82,3069.01126
2.795636,58,3069.125183
3.347068,69,3069.258366
0.385757,82,3069.423739
100.5615,41,3069.502571
-0.005196,1000,3082.787713
2.388885,73,3082.941928
-2.007776,115,3083.167304
0.780527,270,3083.696722
1.738811,68,3083.829715
1.002868,67,3083.963031
3.01513,96,3084.151404
1.188099,72,3084.298019
5.52758,74,3084.461298
102.027086,68,3084.592895
101.183235,64,3084.716972
1.260074,114,3084.943189
101.674518,47,3085.034419
2.49193,60,3085.152477
2.124131,69,3085.293143
105.92818,66,3085.423427
101.917193,66,3085.553894
3.382742,81,3085.711842
101.841074,68,3097.131256
2.720196,81,3097.286422
1.386803,62,3097.410214
3.545425,88,3097.583424
1.431768,67,3097.718038
101.597541,155,3098.020536
3.92764,61,3098.140663
1.418688,69,3098.273182
101.397101,182,3098.63718
3.325,60,3098.759504
101.061017,69,3098.894375
4.571696,103,3099.094871
0.885746,73,3099.233831
3.243782,66,3099.365009
2.321521,71,3099.506845
3.862885,100,3099.710598
3.000327,88,3099.881307
-0.488515,520,3100.925381
0.986892,79,3112.392243
3.860662,61,3112.521297
1.309225,79,3112.68593
-1.339301,347,3113.424217
102.193855,76,3113.586906
4.342795,63,3113.718879
4.742284,79,3113.885983
2.810871,89,3114.076525
4.152532,110,3114.30438
103.013774,74,3114.457877
5.416595,62,3114.589021
4.303247,71,3114.734745
2.068361,73,3114.883643
-1.274738,107,3115.109468
-0.969733,215,3115.549834
105.869012,63,3115.678518
102.904389,57,3115.796972
0.13147,87,3115.976315
2.82049,72,3116.126189
2.863918,89,3116.313436
1.241745,74,3116.46881
4.417989,65,3116.593651
3.835643,67,3127.931243
0.698878,84,3128.106176
5.014406,84,3128.276023
2.661912,69,3128.417914
4.360308,67,3128.572399
-0.211389,84,3128.747126
3.783848,79,3128.911297
2.04105,70,3129.054869
4.328247,87,3129.236613
0.517644,71,3129.382961
102.548467,61,3129.50684
4.603204,95,3129.707396
4.744902,65,3129.838639
3.20595,89,3130.029173
104.501078,60,3130.14713
103.42454,74,3130.295597
0.179942,93,3130.475618
4.292022,89,3130.649216
0.913264,183,3131.033115
0.380393,70,3131.176133
104.246667,58,3131.293801
4.090031,67,3131.433651
3.911123,67,3131.574903
3.662464,59,3131.696042
100.882394,82,3131.86089
2.426961,59,3131.984153
3.176465,70,3143.339288
0.573962,1000,3145.384773
2.69159,70,3145.531646
1.453861,75,3145.682965
1.139571,78,3145.840994
0.927343,76,3145.998182
101.121107,99,3146.214118
4.736446,63,3146.339586
3.589635,81,3146.506911
100.858685,62,3146.635103
2.377139,76,3146.798241
4.924007,65,3146.930055
4.036966,111,3147.174338
1.322219,77,3147.333578
100.40446,74,3147.484753
4.66786,69,3158.860208
1.993374,71,3159.000404
3.698302,63,3159.138582
5.605962,67,3159.267869
100.911717,30,3159.32794
2.960259,69,3159.464833
104.904025,58,3159.57697
0.719741,86,3159.745198
2.796521,71,3159.885052
2.76023,72,3160.028805
2.676112,62,3160.148627
2.250747,61,3160.267344
4.692977,65,3160.400522
100.782364,96,3160.589387
4.840406,67,3160.72291
101.217167,66,3160.853889
1.915038,66,3160.987594
-0.366582,99,3161.188447
1.536634,76,3161.340487
101.381698,77,3161.497522
1.984571,83,3161.666164
0.525141,109,3161.889791
3.504417,74,3162.042778
1.028663,82,3162.212286
2.755664,87,3162.391749
4.402502,72,3162.53972
2.76099,60,3162.678574
100.963364,164,3174.230655
0.520208,76,3174.386627
5.446425,63,3174.51538
102.253218,52,3174.636416
4.050019,89,3174.814368
-0.321541,91,3174.994576
5.092321,76,3175.144247
2.82001,60,3175.264855
5.257244,71,3175.406875
2.523644,130,3175.66205
4.84555,82,3175.821569
101.93514,56,3175.94698
4.406116,72,3176.098335
3.887398,65,3176.247204
4.096319,69,3176.379492
1.312606,81,3176.536699
3.384176,96,3176.718509
102.155621,76,3176.86567
1.799112,94,3177.050539
2.370254,78,3177.203801
-0.338408,93,3177.388013
4.402654,68,3177.517502
1.643489,63,3177.640927
1.684481,74,3177.786652
3.18895,68,3177.91979
4.848013,62,3178.041444
0.589445,77,3178.196272
4.290674,65,3189.689328
4.509105,69,3189.832552
2.548222,61,3189.959726
4.330529,79,3190.119234
4.178395,62,3190.247201
4.051942,60,3190.370482
100.500576,80,3190.535227
2.98193,67,3190.684576
2.438733,74,3190.839764
2.811826,91,3191.02677
3.938773,86,3191.204551
3.484123,67,3191.348614
1.220848,84,3191.520366
2.555731,84,3191.697412
1.285585,66,3191.833887
102.000988,48,3191.934734
4.401316,84,3192.112317
103.041705,49,3192.211549
2.514995,71,3192.353967
3.859664,77,3192.513589
4.458932,67,3192.653831
4.246859,71,3192.81841
3.453534,69,3192.959375
3.930511,72,3193.109189
2.250434,75,3193.264313
3.796844,64,3193.398364
5.016589,70,3193.539431
1.82866,70,3193.684345
5.507272,66,3193.820806
3.264573,64,3205.153646
1.430701,78,3205.322306
3.065805,63,3205.449327
2.046474,67,3205.583208
1.338582,69,3205.719326
2.83051,93,3205.904004
3.238627,64,3206.032243
100.19571,54,3206.146015
4.494815,83,3206.314827
4.550134,67,3206.45044
0.723276,64,3206.581788
0.427988,67,3206.720855
101.710891,53,3206.830886
4.282824,62,3206.96044
1.479757,95,3207.154854
3.707655,64,3207.285054
0.154355,78,3207.442418
3.325907,71,3207.588233
3.634446,68,3207.72914
105.695338,72,3207.892762
101.261025,82,3208.062408
4.601639,61,3208.188067
101.970689,104,3208.397275
4.381934,61,3208.521393
1.878146,71,3208.664407
101.426948,99,3208.870033
4.435055,62,3209.002225
2.391367,69,3209.141965
0.102136,77,3220.475257
5.916225,72,3220.62703
5.548688,63,3220.75827
2.859195,60,3220.87923
5.971604,71,3221.033056
104.213693,66,3221.171721
0.107201,75,3221.328498
0.437337,85,3221.501845
102.636561,66,3221.639006
0.460806,64,3221.773777
1.288969,77,3221.933354
3.935242,69,3222.073468
1.504394,71,3222.215115
0.740673,99,3222.41875
103.12486,68,3222.55725
0.492288,75,3222.708674
4.278543,70,3222.855704
103.262283,63,3222.984245
4.467437,61,3223.11257
4.565456,84,3223.282278
1.189377,75,3223.432759
101.037541,77,3223.585671
100.854713,68,3223.720919
-0.457057,90,3223.895658
3.834088,66,3224.028113
5.555375,63,3224.151538
1.177859,91,3224.33012
4.195745,65,3224.480814
4.569212,69,3224.61909
1.369112,79,3235.988179
100.694537,42,3236.077311
2.126729,81,3236.256832
101.614344,37,3236.32805
1.778553,93,3236.509845
100.928705,81,3236.669822
1.212045,115,3236.896311
2.224432,66,3237.034828
3.487954,66,3237.159066
2.967972,74,3237.305766
3.672906,67,3237.438257
102.503619,46,3237.528432
1.267656,81,3237.686612
0.231428,83,3237.848807
3.226493,74,3237.99846
5.435915,63,3238.128621
0.599601,104,3238.349264
4.361248,66,3238.488997
101.389723,34,3238.560969
1.224841,165,3238.904631
101.012072,143,3239.204831
1.085832,79,3239.371358
1.095885,85,3239.543915
1.514941,86,3239.723082
4.476409,78,3239.87846
100.596845,87,3251.42738
-2.159107,103,3251.639071
1.927358,73,3251.78359
-0.000723,82,3251.952065
1.162949,83,3252.118306
105.730642,67,3252.2569
4.300332,62,3252.384644
1.457644,82,3252.556374
3.654415,89,3252.744578
102.499547,71,3252.890149
1.208207,104,3253.108177
3.159663,71,3253.255315
102.394182,71,3253.399165
5.376516,65,3253.53354
2.245928,70,3253.672099
100.0,1,3253.674431
102.155739,73,3253.822087
101.530609,70,3253.960162
1.178499,83,3254.123259
3.348365,75,3254.26803
5.218874,149,3254.562139
1.836886,72,3254.703351
3.193664,65,3254.829347
1.6999,79,3254.983145
3.189752,70,3255.120398
101.821407,74,3255.266726
103.19505,61,3255.384731
4.562396,62,3266.789885
101.162427,81,3266.953604
2.551105,74,3267.099649
101.276191,58,3267.214809
0.679515,74,3267.363708
4.450741,64,3267.500768
3.316862,61,3267.629398
4.666105,120,3267.889368
3.187375,75,3268.045146
4.755152,68,3268.184477
104.469823,71,3268.32958
4.784595,62,3268.458278
3.890311,67,3268.597631
2.002087,72,3268.748582
5.577725,76,3268.913281
101.631239,64,3269.053603
0.80218,434,3269.945704
4.435294,68,3270.08041
4.015353,69,3270.221537
2.645743,64,3270.356431
1.780528,74,3270.512355
101.05667,83,3270.697212
4.02674,65,3270.833447
3.826477,84,3271.003604
4.361192,98,3282.481547
101.945258,60,3282.603759
3.814752,60,3282.729026
1.77404,82,3282.895331
0.603547,88,3283.080957
5.155542,62,3283.213411
1.974661,70,3283.357105
0.912856,88,3283.537792
-2.319345,121,3283.791214
4.767523,63,3283.917475
0.507265,82,3284.091462
102.965699,82,3284.258603
5.921923,77,3284.416684
2.507872,74,3284.567991
2.447756,59,3284.689264
103.737805,63,3284.819125
100.440456,69,3284.951819
4.982566,61,3285.074766
2.582654,69,3285.20568
0.952397,73,3285.345371
2.906114,71,3285.483528
101.722592,79,3285.639228
4.474702,83,3285.8003
2.610933,72,3285.938426
-0.681584,182,3286.311647
102.573145,49,3286.407803
5.197407,70,3297.828086
3.69836,66,3297.96418
103.194414,73,3298.111085
1.046174,83,3298.278462
3.398494,66,3298.429596
3.520818,61,3298.557215
2.951944,65,3298.692331
100.770928,82,3298.862646
101.724307,43,3298.94576
4.283378,71,3299.082932
1.145584,81,3299.238494
101.353488,85,3299.413306
4.183905,80,3299.572902
101.475257,79,3299.726635
103.847041,58,3299.839871
4.895686,67,3299.977979
0.569163,85,3300.150732
103.361953,75,3300.303399
-0.58204,84,3300.46778
104.260017,80,3300.627008
4.307457,81,3300.787346
3.263577,69,3300.926052
105.251198,62,3301.051059
100.579957,63,3301.178094
100.840462,72,3301.325987
4.169121,66,3301.460903
1.482137,78,3301.6225
1.444723,82,3301.790042
3.549841,78,3313.207231
0.5895,80,3313.369724
101.102904,61,3313.496168
100.840231,45,3313.584172
1.248682,99,3313.788303
101.778362,68,3313.925571
3.283644,94,3314.117553
3.569182,76,3314.270734
4.149288,87,3314.445353
3.273799,67,3314.580633
1.472789,59,3314.714923
3.239434,70,3314.855891
4.821222,74,3315.00456
5.427747,63,3315.133166
2.598893,83,3315.305352
1.055909,74,3315.461426
4.229401,72,3315.610248
2.887592,70,3315.754604
1.832248,65,3315.889243
2.441941,69,3316.029968
4.371514,86,3316.207738
4.56826,81,3316.372321
4.836798,89,3316.552677
1.404176,80,3316.717054
100.416565,50,3316.822217
0.402912,95,3317.015655
0.89782,84,3317.191473
5.040449,65,3317.329476
103.935726,78,3328.73637
100.270937,69,3328.880319
2.658935,71,3329.025748
4.395965,63,3329.15673
2.063608,71,3329.305331
2.601994,90,3329.486311
0.973396,71,3329.629529
103.204926,55,3329.745905
5.138327,61,3329.869445
4.489301,61,3329.998175
1.650672,108,3330.218201
-0.583954,168,3330.580785
2.231093,63,3330.709169
3.70122,92,3330.900326
4.093864,76,3331.058807
2.292553,88,3331.235924
0.617774,88,3331.417727
1.008172,78,3331.579977
100.457803,99,3331.784613
4.556522,82,3331.952945
1.704491,89,3332.136357
1.960382,95,3332.350893
-0.707627,100,3332.555019
100.527487,68,3332.697526
0.88635,79,3344.161939
3.542938,65,3344.29136
4.113608,70,3344.428784
0.145107,160,3344.75936
1.283437,91,3344.939516
105.264776,64,3345.070576
1.892745,75,3345.222759
104.597462,64,3345.351764
104.218546,81,3345.515132
0.976315,86,3345.692952
5.984903,66,3345.831418
2.514999,59,3345.951347
4.392282,60,3346.07654
0.496597,88,3346.261554
100.869831,79,3346.424368
1.569608,77,3346.585616
3.695132,158,3346.913509
3.180524,68,3347.052214
102.90501,74,3347.207548
101.42906,88,3347.393797
2.347169,76,3347.553943
0.098428,77,3347.715938
1.866291,76,3347.870837
3.373938,91,3348.062355
101.076818,72,3348.208336
4.206498,65,3348.344461
101.481756,72,3359.714252
0.324436,101,3359.924722
101.337627,65,3360.058547
104.916561,60,3360.180338
2.61124,74,3360.333922
0.890659,101,3360.542802
3.243049,61,3360.665437
3.886415,70,3360.807069
2.960288,89,3360.989695
2.131911,70,3361.133466
3.488145,84,3361.306776
1.446913,70,3361.452396
0.292393,1000,3363.496645
3.79415,63,3363.625571
101.54972,56,3363.741623
101.182532,63,3375.142059
104.904807,74,3375.29313
5.547803,79,3375.456715
2.716116,85,3375.645009
3.282827,67,3375.788298
1.297507,83,3375.955313
104.271126,68,3376.100371
5.530814,63,3376.22543
100.944631,51,3376.330296
3.587371,68,3376.471821
0.316745,102,3376.684446
1.303428,89,3376.866945
4.361634,66,3377.002303
-0.536729,82,3377.168853
104.905246,58,3377.302143
5.321947,115,3377.535606
1.773481,73,3377.684174
3.505305,59,3377.80249
4.174101,83,3377.971912
103.354722,70,3378.114001
1.397181,70,3378.255183
100.895585,77,3378.416416
1.163674,63,3378.545558
2.898426,76,3378.703554
2.246475,64,3378.832725
100.876537,78,3379.003103
102.838794,57,3379.122298
3.671118,60,3379.246935
2.370845,84,3390.644194
4.030629,67,3390.774041
-0.007883,127,3391.022202
1.043906,78,3391.189944
100.708386,63,3391.320528
4.584623,64,3391.454084
3.027679,68,3391.597094
101.154405,77,3391.760074
3.708708,66,3391.89553
101.148488,92,3392.08602
2.123124,69,3392.227833
1.998156,62,3392.353562
4.687553,69,3392.495871
0.622714,74,3392.650393
2.630996,63,3392.78083
0.002167,98,3392.984389
3.183209,88,3393.157939
3.830321,69,3393.310535
1.943597,63,3393.444735
2.020948,67,3393.581461
2.278049,66,3393.716502
3.178579,66,3393.851284
101.518025,51,3393.955812
1.385527,87,3394.130582
3.229301,84,3394.307047
3.792266,76,3394.462689
100.408174,45,3394.555413
5.139904,72,3394.704151
1.453215,80,3406.051178
100.647005,80,3406.233986
101.012719,90,3406.417944
2.16798,69,3406.557538
5.115998,61,3406.684051
2.888662,66,3406.819203
102.111605,60,3406.943083
4.091015,90,3407.135205
4.85276,60,3407.261685
2.602288,63,3407.392836
4.787317,68,3407.529973
100.40781,74,3407.678222
100.390845,73,3407.827555
2.096204,83,3407.997
0.592712,89,3408.203331
5.592981,68,3408.341112
101.482152,83,3408.509035
4.946128,68,3408.647257
4.804039,60,3408.767417
4.637801,72,3408.915648
105.555596,75,3409.06866
100.253408,83,3409.236412
101.850639,40,3409.319315
3.670061,70,3409.464043
2.688641,69,3409.602573
2.904946,78,3409.762437
103.883428,60,3409.896508
101.414803,67,3410.031074
101.787231,79,3421.331168
3.188216,72,3421.475247
4.544334,75,3421.620487
2.504505,70,3421.756375
104.448995,57,3421.866981
2.249352,70,3422.027231
0.343494,81,3422.186334
100.680889,71,3422.334349
100.42276,53,3422.444729
-1.303591,158,3422.77324
1.883192,77,3422.932229
1.052443,81,3423.103127
4.028588,79,3423.268432
3.669759,82,3423.436626
2.384437,70,3423.577729
2.112931,68,3423.715874
1.070953,89,3423.894347
2.640431,61,3424.01957
101.444277,72,3424.167187
102.404508,53,3424.274268
101.829317,57,3424.387985
2.093494,68,3424.525439
1.003963,79,3424.689933
3.732366,84,3424.858154
3.378221,59,3424.982636
2.337333,126,3425.240578
5.302714,91,3425.42763
3.883096,66,3436.820789
2.276301,69,3436.961869
103.469901,71,3437.119896
-0.184365,94,3437.313775
100.826822,71,3437.459474
3.616341,96,3437.65676
101.258753,41,3437.74193
105.795795,65,3437.877862
3.846143,77,3438.035012
3.816482,70,3438.170167
2.406542,76,3438.31746
3.336869,116,3438.554513
102.396614,69,3438.691151
101.50955,76,3438.837785
101.410165,44,3438.923732
100.992381,73,3439.066775
1.993211,70,3439.20301
101.140938,76,3439.355646
4.197151,70,3439.497579
2.454217,73,3439.642366
2.740383,66,3439.767395
2.374313,83,3439.929477
102.674178,61,3440.049015
1.486915,85,3440.220867
1.039376,71,3440.359313
3.59169,67,3440.48787
104.008261,77,3440.644024
3.82067,67,3440.772767
101.435385,55,3452.119426
103.983564,65,3452.247554
0.51162,84,3452.407969
0.953697,69,3452.546897
1.623768,76,3452.70171
2.454176,69,3452.843634
0.944635,86,3453.016455
4.334124,65,3453.149075
100.878186,110,3453.370367
100.698398,55,3453.481641
0.320462,79,3453.643033
1.31859,146,3453.937429
100.906463,76,3454.092752
1.601541,79,3454.266502
2.409533,69,3454.410065
1.316967,83,3454.580519
101.191789,85,3454.757072
101.614934,105,3454.973227
1.498024,92,3455.159578
1.551851,68,3455.293042
2.416893,72,3455.433454
104.675952,61,3455.551057
2.21246,59,3455.668087
2.071081,68,3455.833391
103.698204,66,3455.968071
-0.085928,194,3467.519083
0.109047,74,3467.661483
101.338307,52,3467.762432
102.083577,80,3467.919087
4.934542,62,3468.051231
101.966867,52,3468.185435
1.493123,62,3468.311006
2.013517,67,3468.443812
101.222412,83,3468.603722
4.352242,88,3468.780017
2.804441,97,3468.97196
-0.847744,102,3469.178938
-0.275799,93,3469.359873
101.202523,50,3469.45977
3.887118,74,3469.607384
102.088363,72,3469.751298
3.903817,64,3469.875501
104.256555,76,3470.025359
4.302001,63,3470.155455
4.1796,60,3470.272437
4.454019,64,3470.398641
0.365803,193,3470.782667
5.189568,94,3470.965021
2.487521,73,3471.115394
1.359156,58,3471.235125
101.331508,95,3471.429685
0.736024,65,3482.804256
105.478468,65,3482.931693
102.046501,65,3483.061787
2.847821,71,3483.216605
5.819135,67,3483.34853
2.220623,60,3483.467521
101.134641,66,3483.598268
-0.003455,96,3483.787162
5.616527,91,3483.978542
0.792656,81,3484.140617
2.713937,75,3484.2909
3.139109,70,3484.425172
3.468047,76,3484.574404
104.593523,57,3484.694665
102.664565,82,3484.878621
3.154525,70,3485.026172
3.029872,71,3485.172099
5.373945,63,3485.300518
2.06788,80,3485.464705
3.3504,72,3485.611961
103.833069,55,3485.723351
4.361227,70,3485.860104
2.136137,70,3485.996929
1.416735,78,3486.151313
3.718928,86,3486.330292
101.918967,78,3486.504663
1.951809,74,3486.655413
2.426911,106,3486.875448
-0.409327,91,3498.299013
4.107269,64,3498.422239
4.006491,86,3498.594717
101.080789,98,3498.790697
101.153452,78,3498.967921
1.152639,78,3499.117335
3.506605,61,3499.239061
4.186226,74,3499.384133
3.310786,89,3499.557705
102.411306,64,3499.682351
100.688225,55,3499.78996
3.632502,60,3499.908786
3.683205,80,3500.074163
2.231539,68,3500.215672
3.360875,75,3500.371406
104.509311,59,3500.490394
2.078408,69,3500.646956
101.691342,72,3500.798668
101.164192,132,3501.06826
101.319129,48,3501.167017
2.258941,70,3501.309924
5.957596,71,3501.457707
-0.562174,97,3501.656654
3.612711,77,3501.813524
5.582697,63,3501.944849
0.706025,69,3502.082756
2.935189,67,3502.217979
3.225381,65,3502.348547
1.324191,70,3513.728684
2.206938,64,3513.859848
102.631548,72,3514.007798
5.081263,82,3514.17738
3.171417,62,3514.306402
100.536137,71,3514.450391
4.159616,66,3514.585703
4.107233,62,3514.713963
3.207948,71,3514.876707
2.223029,63,3515.013122
0.5671,110,3515.241535
5.149091,73,3515.397629
3.227067,66,3515.535223
5.305357,81,3515.701616
0.514071,73,3515.854818
5.714357,64,3515.988462
100.719369,66,3516.127068
3.751665,63,3516.257157
3.062786,62,3516.386872
104.653204,76,3516.542866
2.144708,79,3516.701982
5.117182,65,3516.835206
3.165059,100,3517.039501
3.529913,137,3517.319306
103.626395,53,3517.428006
4.938444,65,3517.562925
-1.439299,116,3517.805712
4.796497,76,3529.321871
2.653965,63,3529.466439
4.211987,90,3529.649884
4.569748,64,3529.784866
4.871704,83,3529.956576
3.566277,60,3530.080229
105.3765,69,3530.221298
1.751138,74,3530.384358
101.473395,39,3530.460223
4.98887,77,3530.619722
5.159177,67,3530.757
103.346457,65,3530.901807
4.851558,68,3531.041061
104.240254,64,3531.177695
4.70952,78,3531.334846
1.369272,83,3531.507712
101.158993,56,3531.627493
103.361468,81,3531.792265
4.823996,66,3531.928535
101.191171,105,3532.148042
2.194953,83,3532.319821
101.45912,70,3532.46359
1.275862,66,3532.60059
2.628269,92,3532.790542
104.281705,82,3532.959236
-0.619359,92,3533.148864
4.665055,61,3533.272892
-0.040175,84,3533.458753
4.629343,94,3544.900019
100.440142,26,3544.950043
5.009565,87,3545.134235
-1.072376,100,3545.33181
100.49717,72,3545.479746
2.660725,91,3545.6606
1.296617,127,3545.914856
1.280919,76,3546.065681
3.836072,68,3546.194449
1.407724,70,3546.330392
5.440929,78,3546.481943
2.995105,70,3546.617452
2.321423,68,3546.764087
101.452351,70,3546.906772
103.074897,54,3547.013021
101.436286,85,3547.183614
101.560175,72,3547.329369
102.405234,71,3547.470174
104.501379,77,3547.622577
0.689133,77,3547.776944
3.017395,68,3547.908118
105.628023,74,3548.051333
102.018398,51,3548.155998
4.813451,61,3548.274698
2.835561,82,3548.447691
4.289841,65,3548.575076
2.275863,73,3548.720816
103.078963,75,3560.08124
3.852525,80,3560.24399
3.905669,78,3560.402818
100.681052,78,3560.565189
105.59392,65,3560.707938
101.093755,87,3560.8882
1.782406,74,3561.041563
105.546066,70,3561.18742
104.165246,54,3561.298196
5.44684,72,3561.44731
3.917213,77,3561.602381
4.435002,65,3561.737318
1.686031,117,3561.964206
105.100908,61,3562.084923
3.097615,61,3562.205664
5.196764,66,3562.33599
3.433843,97,3562.528905
102.225243,58,3562.644256
5.536266,61,3562.764671
4.63842,64,3562.891609
0.470793,94,3563.079351
5.29787,67,3563.212437
-0.516558,111,3563.428859
4.149719,72,3563.574725
2.591807,68,3563.706134
101.43726,112,3563.927139
3.268926,65,3564.055987
3.576165,68,3575.384845
4.040941,62,3575.503817
100.564866,55,3575.609299
101.479512,66,3575.742054
100.677053,81,3575.904119
101.173827,66,3576.037018
0.142292,232,3576.508869
100.522188,73,3576.663231
102.658076,62,3576.787343
2.615849,73,3576.92662
101.00446,87,3577.097007
2.248932,75,3577.245502
4.219192,91,3577.421697
101.263808,56,3577.531088
2.096158,76,3577.680277
1.412006,78,3577.834686
100.400081,61,3577.954285
2.79478,67,3578.086237
1.040837,87,3578.257439
100.975825,85,3578.426049
1.463496,79,3578.580959
100.36137,79,3578.741171
4.583144,64,3578.865866
101.63339,62,3578.99013
101.186232,52,3579.095046
104.004989,76,3579.238392
1.124018,81,3579.396273
4.907434,74,3590.766746
3.431498,68,3590.9024
5.208543,86,3591.088915
102.218182,75,3591.234714
2.189324,74,3591.384198
4.753269,114,3591.607263
0.712704,82,3591.771305
3.332078,84,3591.936239
4.722937,80,3592.09476
2.772412,85,3592.261159
4.381358,61,3592.387082
3.995927,62,3592.51585
2.465318,82,3592.681779
4.843823,103,3592.910756
2.074183,70,3593.059387
101.302528,99,3593.27029
4.957105,80,3593.433692
105.761764,72,3593.583817
2.717328,89,3593.768465
3.334118,66,3593.900485
1.541837,86,3594.063901
4.040708,84,3594.231781
3.348184,68,3594.388149
2.383684,68,3594.524011
1.977668,73,3594.669836
4.752396,60,3594.784426
3.122503,69,3606.195198
101.304311,71,3606.335813
2.927234,65,3606.468692
104.489845,56,3606.579491
103.068418,71,3606.725263
104.791194,67,3606.864959
101.965543,73,3607.0103
102.70604,66,3607.142311
101.118396,93,3607.324467
1.042608,63,3607.450202
3.779367,62,3607.57449
5.102878,87,3607.745507
3.069792,68,3607.876717
3.463771,66,3608.005727
101.528877,82,3608.173336
5.17455,69,3608.325346
0.401733,85,3608.491306
103.499802,75,3608.636477
0.953355,86,3608.805167
2.618737,70,3608.93899
100.686594,341,3609.606559
3.854884,73,3609.752816
2.103853,77,3609.900395
5.305195,64,3610.051923
3.827974,79,3621.471554
0.234295,88,3621.652481
3.394009,74,3621.806414
5.389457,65,3621.943528
5.013069,61,3622.077672
0.962487,84,3622.252203
2.989004,67,3622.391141
101.101615,64,3622.525711
3.296885,83,3622.713016
2.25574,79,3622.871739
101.114191,72,3623.02008
0.213189,116,3623.246209
0.061467,88,3623.417999
3.328467,64,3623.543265
6.104386,63,3623.671387
2.034468,70,3623.816506
103.911145,79,3623.979506
0.804278,1000,3637.154758
3.564161,85,3637.338078
5.299249,61,3637.455648
3.064375,90,3637.629984
100.997899,144,3637.916475
3.747157,66,3638.04405
5.243266,77,3638.191882
2.818533,70,3638.330435
3.134464,99,3638.521113
101.891909,59,3638.637822
3.980744,67,3638.784837
103.081346,47,3638.877018
0.831501,76,3639.025769
-0.177212,113,3639.246956
103.645898,58,3639.358023
-0.556084,78,3639.513759
104.875232,60,3639.624197
3.847457,65,3639.750699
3.066248,67,3639.882452
3.860561,61,3640.000937
102.241053,65,3640.129085
100.683906,72,3640.272295
3.700731,72,3640.417898
103.170237,66,3640.548881
-0.293908,100,3640.744678
2.247304,76,3652.061099
2.224042,81,3652.224483
2.834761,73,3652.376427
1.597545,75,3652.523951
100.671125,90,3652.70786
100.976661,149,3652.998271
100.89561,31,3653.064821
104.610072,67,3653.197302
2.904969,69,3653.334739
2.257975,79,3653.491863
4.084778,65,3653.620447
3.189064,85,3653.785356
2.944113,71,3653.92417
101.156052,123,3654.176433
2.701421,71,3654.319288
3.100704,69,3654.455278
4.41002,61,3654.57563
4.960483,63,3654.702169
101.480333,100,3654.899414
2.290034,59,3655.01307
1.876169,74,3655.155478
101.282987,95,3655.342282
1.986857,58,3655.4523
101.010954,44,3655.537378
3.168081,79,3655.690901
3.185561,72,3655.830504
4.894525,64,3655.95353
100.401976,81,3667.249297
-2.552555,118,3667.483792
5.219463,69,3667.627701
2.875942,71,3667.784155
3.515789,74,3667.940825
1.517756,79,3668.10456
4.362595,88,3668.285657
2.869353,59,3668.409368
101.412228,133,3668.683473
101.40135,69,3668.826159
1.50745,84,3668.995646
105.153955,66,3669.124076
1.388095,70,3669.264013
3.599069,63,3669.394286
2.201653,72,3669.543227
3.685043,93,3669.730408
1.159622,66,3669.867766
101.093315,89,3670.046989
1.609365,75,3670.201853
-0.489391,86,3670.381931
104.459413,55,3670.494592
-2.482888,156,3670.813306
2.483632,101,3671.016698
101.139721,90,3671.191047
5.038238,79,3671.345573
2.791892,60,3682.6732
4.247073,103,3682.90241
4.308744,61,3683.02638
4.289336,73,3683.178745
4.025834,62,3683.307546
2.277263,82,3683.474752
3.517502,60,3683.598267
0.800307,77,3683.76025
4.00277,66,3683.895967
101.881009,93,3684.088888
100.946843,95,3684.279914
101.965758,78,3684.441585
4.417796,59,3684.561661
101.009795,87,3684.741328
3.465524,70,3684.880333
101.103599,85,3685.051408
2.195306,96,3685.24412
2.946995,63,3685.370206
-2.460904,113,3685.599328
3.930665,69,3685.748136
4.543843,61,3685.874985
101.669251,87,3686.054433
4.857335,88,3686.238537
1.624758,68,3686.381395
4.097468,64,3686.514144
1.192021,82,3686.681788
3.297992,59,3686.806239
3.769057,60,3698.251894
4.512506,69,3698.394819
103.835117,62,3698.524817
1.811339,66,3698.664602
3.162804,77,3698.824554
101.077411,45,3698.916566
101.404755,79,3699.080989
3.948028,64,3699.213148
1.486839,128,3699.476329
2.978077,86,3699.647701
1.722094,63,3699.773516
3.043237,76,3699.931276
101.428928,78,3700.084961
101.475553,41,3700.165194
5.06472,66,3700.293799
0.989022,77,3700.442908
5.334612,64,3700.570415
2.517885,68,3700.708429
2.239899,69,3700.844871
2.129437,77,3700.995392
2.400684,65,3701.124543
1.43588,127,3701.382858
4.968234,60,3701.505663
-1.232511,223,3701.980971
5.239946,68,3702.119451
2.422181,67,3702.262761
4.799657,71,3713.599395
1.935907,69,3713.739525
4.093109,70,3713.878496
2.197964,63,3714.005116
1.87401,78,3714.172265
102.49915,62,3714.301305
101.357344,81,3714.474351
4.346193,69,3714.616123
101.025607,84,3714.791437
4.456345,78,3714.959077
101.95896,67,3715.097599
101.918592,92,3715.29042
2.141969,71,3715.443145
2.07326,70,3715.594628
3.094492,67,3715.732631
5.048955,67,3715.883243
0.900938,74,3716.036042
5.136378,61,3716.163141
3.115085,72,3716.313468
1.205314,80,3716.479871
3.741543,67,3716.615056
2.499232,68,3716.758249
100.884578,68,3716.891819
0.148304,91,3717.069842
2.402865,66,3717.19881
4.754181,81,3717.362575
4.238816,67,3717.495775
3.752294,62,3717.619923
2.880801,61,3728.921054
2.615851,60,3729.048409
101.472978,80,3729.217928
100.464908,85,3729.396312
100.758968,87,3729.579169
101.322959,91,3729.768301
1.357556,123,3730.045661
105.995613,70,3730.191717
102.396697,61,3730.318846
2.798061,68,3730.459839
2.317218,63,3730.591116
4.214264,73,3730.738513
101.87972,79,3730.893189
3.307876,59,3731.008632
2.56896,65,3731.13437
-0.370732,104,3731.344604
100.867409,87,3731.512669
4.390089,64,3731.639388
4.271282,79,3731.796523
101.817835,74,3731.948157
3.928024,67,3732.08241
2.551695,62,3732.20596
2.022314,87,3732.376868
1.469912,93,3732.561362
1.834631,75,3732.710088
1.969338,70,3732.846018
3.268835,66,3732.97409
2.547465,81,3744.359354
1.092139,87,3744.556301
-0.469433,105,3744.774285
104.038492,69,3744.924373
2.37663,84,3745.095891
0.354753,534,3746.175313
1.713703,59,3746.292998
1.588796,72,3746.441382
0.096373,94,3746.634329
-0.286313,82,3746.804645
101.553876,86,3746.982769
0.500897,87,3747.151031
1.473826,72,3747.298812
2.330774,77,3747.45787
3.213153,68,3747.597326
2.036179,62,3747.724342
104.138113,65,3747.855437
1.803104,66,3747.992524
2.098556,76,3748.144552
4.364668,83,3748.318204
101.011324,74,3748.472711
4.3295,62,3759.872249
101.566801,90,3760.05524
3.329801,61,3760.191266
-0.181672,98,3760.379404
1.6166,78,3760.530746
100.704909,46,3760.627451
5.535208,67,3760.758476
2.119675,77,3760.909174
-0.083364,80,3761.068611
5.330576,61,3761.19301
0.792724,87,3761.366663
2.094923,81,3761.525058
1.784577,72,3761.66397
101.411816,72,3761.800818
0.052493,1000,3763.848926
1.281427,107,3775.327693
2.517631,69,3775.462957
3.43747,70,3775.604586
1.064308,77,3775.761024
1.646165,82,3775.922499
100.214272,62,3776.042652
5.021346,67,3776.177478
102.140622,72,3776.328413
3.27419,60,3776.446328
4.707544,63,3776.569033
102.351315,69,3776.702724
103.251734,71,3776.84505
2.629136,85,3777.014999
101.128013,91,3777.194858
1.450715,74,3777.342592
4.587482,95,3777.528112
100.471976,72,3777.670384
3.353699,89,3777.846881
4.596107,71,3777.987275
3.32674,62,3778.107513
101.139388,79,3778.260946
104.971416,71,3778.409209
4.270774,64,3778.534315
104.035493,65,3778.660154
4.739337,69,3778.811243
1.672081,84,3778.974409
3.227701,65,3779.105621
3.053255,80,3790.598048
3.198998,62,3790.718582
2.037031,70,3790.857327
101.384899,108,3791.092705
4.158931,77,3791.247136
-0.501513,77,3791.400336
3.521172,67,3791.530969
102.640229,48,3791.626422
5.479568,78,3791.789632
104.397446,71,3791.927835
3.315478,75,3792.075805
4.081156,59,3792.186846
101.068744,79,3792.343294
102.539073,78,3792.494145
3.323991,64,3792.617726
101.25057,89,3792.790478
3.852217,64,3792.916153
0.387381,78,3793.07034
1.554573,66,3793.20049
1.33987,88,3793.371233
3.435045,105,3793.581459
100.882543,79,3793.74138
102.202648,51,3793.842056
100.228129,61,3793.962094
4.750071,66,3794.089102
1.282116,147,3794.377841
0.380531,89,3794.551624
2.117333,81,3805.944308
4.082623,92,3806.126641
4.234811,78,3806.275877
1.417379,87,3806.443569
0.57303,1000,3808.382502
1.562868,76,3808.52869
5.76539,62,3808.664748
101.292993,47,3808.754062
1.432792,91,3808.934147
2.054256,119,3809.180708
3.441552,76,3809.338845
102.65851,73,3809.487357
3.654354,86,3809.656908
5.749646,65,3809.788258
101.784307,137,3821.32853
4.078523,72,3821.469573
4.630417,66,3821.597636
102.86862,70,3821.733719
4.626582,80,3821.891157
3.789027,85,3822.054581
4.864276,66,3822.180825
4.018972,62,3822.309201
3.911625,99,3822.512644
104.024177,61,3822.629911
3.368602,162,3822.946105
101.032031,57,3823.059063
4.82471,63,3823.181772
2.170058,61,3823.302517
4.372331,75,3823.449032
3.609522,62,3823.568997
4.437302,65,3823.696942
1.08451,66,3823.828493
101.497333,57,3823.940211
4.017096,91,3824.117473
4.957437,91,3824.301065
5.049226,62,3824.422686
0.665302,84,3824.583248
5.061764,83,3824.746572
5.201468,61,3824.86546
102.510355,77,3825.017715
1.585105,76,3825.165903
0.802872,93,3836.539818
101.969876,41,3836.623623
4.151946,70,3836.759641
1.178935,80,3836.930839
102.033324,54,3837.037446
-0.425999,79,3837.193605
105.369218,72,3837.335262
3.534044,125,3837.586699
1.77993,76,3837.739021
105.504151,71,3837.882749
0.578146,85,3838.052384
2.608663,70,3838.191993
4.880638,62,3838.314212
102.404744,60,3838.435135
104.702176,70,3838.575339
101.988724,68,3838.710088
102.704241,73,3838.853613
101.246955,89,3839.03156
4.549816,93,3839.209282
3.198363,67,3839.343101
103.954538,54,3839.464204
0.422594,72,3839.605768
103.135825,52,3839.708436
101.652747,100,3839.903218
0.739216,71,3840.042934
105.698561,73,3840.187376
101.307662,92,3840.37353
4.826062,94,3851.741098
2.491264,84,3851.901543
3.555843,71,3852.05527
4.540237,66,3852.185953
1.960292,76,3852.332665
4.7271,62,3852.455074
0.819079,109,3852.670571
2.738404,59,3852.794526
5.061962,102,3853.000805
2.238471,66,3853.133418
0.865902,79,3853.295757
101.115728,84,3853.463592
1.260185,84,3853.630511
0.181033,71,3853.770047
0.027166,103,3853.977233
2.085601,70,3854.113943
4.036456,80,3854.276897
2.54106,73,3854.424153
0.47767,93,3854.607717
-0.73524,99,3854.81283
4.625897,72,3854.954839
4.712134,63,3855.091599
3.481686,65,3855.219978
102.27585,68,3855.35918
101.177897,88,3855.540429
0.810256,79,3855.698655
1.14513,83,3867.258927
1.26832,85,3867.433163
102.533625,72,3867.571235
3.432292,84,3867.737905
5.880046,65,3867.866287
5.089029,78,3868.0242
3.308476,83,3868.191573
1.071145,100,3868.389202
101.301878,48,3868.481534
100.814186,74,3868.62606
0.782411,87,3868.79837
3.037049,70,3868.940166
102.337689,71,3869.083609
2.364619,63,3869.204347
104.053438,76,3869.354581
100.538249,83,3869.520083
0.991895,81,3869.682965
1.460636,71,3869.826441
1.991107,91,3870.003446
1.619085,61,3870.122251
100.980761,30,3870.184165
101.619809,65,3870.314263
5.178179,74,3870.46235
101.826066,55,3870.571776
0.159824,1000,3883.829164
2.358565,79,3883.98663
2.702576,74,3884.133531
2.090494,71,3884.272068
0.933506,73,3884.417616
5.029793,61,3884.537844
1.756909,76,3884.691118
4.531956,100,3884.886003
100.429039,63,3885.00621
3.095823,66,3885.134077
100.689079,73,3885.276764
3.574502,65,3885.403678
1.164096,85,3885.567391
0.406052,1000,3898.848986
3.216383,89,3899.031715
0.721802,95,3899.226711
100.28167,25,3899.280352
3.656752,66,3899.416852
3.179544,74,3899.57416
0.885549,67,3899.729014
102.617291,63,3899.850929
-0.69949,87,3900.019881
4.260368,64,3900.147217
102.972581,71,3900.283782
102.028727,65,3900.409766
100.814678,120,3900.644557
3.439928,61,3900.765431
5.453251,67,3900.899005
101.321872,78,3901.053029
0.302401,70,3901.19269
1.978999,96,3901.382839
1.527609,71,3901.543542
102.81622,61,3901.662327
100.520752,65,3901.79125
2.763747,73,3901.939214
4.624547,65,3913.327497
2.692562,65,3913.456526
103.596256,71,3913.601286
3.654268,64,3913.731813
101.018543,58,3913.844712
0.271534,75,3914.009639
0.637683,89,3914.184981
3.048586,65,3914.313669
0.8726,88,3914.484863
100.707439,66,3914.615974
3.616062,63,3914.739979
4.248453,64,3914.866264
3.69162,87,3915.03458
1.617314,150,3915.335859
2.733401,77,3915.488832
2.900897,86,3915.661305
2.034284,71,3915.801859
2.236157,115,3916.048506
102.024768,66,3916.181659
1.306337,68,3916.324581
2.79451,70,3916.466715
101.1519,62,3916.595429
103.358983,57,3916.710817
0.697937,240,3917.207389
103.518995,72,3917.355815
101.493051,89,3928.715879
0.752466,1000,3930.751495
5.125201,90,3930.925751
3.655771,71,3931.062348
2.951205,73,3931.207351
2.195105,71,3931.348329
3.605825,73,3931.492845
2.532683,60,3931.610296
101.482763,83,3931.77294
2.708727,68,3931.913255
101.621201,50,3932.016578
102.549246,76,3932.171658
105.760376,64,3932.316529
2.958586,79,3932.478132
100.348632,51,3932.582813
103.932913,59,3932.704269
5.516872,63,3944.162649
2.533051,67,3944.301777
105.466699,66,3944.441247
4.417131,61,3944.567337
1.360056,68,3944.724417
0.434354,78,3944.876972
3.879012,87,3945.046081
3.280418,83,3945.214286
2.010672,78,3945.368794
0.532416,90,3945.547419
4.641424,67,3945.679167
101.468588,49,3945.776357
4.446961,114,3945.99925
4.890991,74,3946.146309
4.346673,95,3946.334502
1.584769,110,3946.551466
1.21582,88,3946.736238
2.873292,81,3946.894464
102.728735,58,3947.007916
101.513871,65,3947.137222
2.505961,80,3947.296564
104.414877,61,3947.415112
3.196732,79,3947.568866
4.236921,68,3947.703914
0.998479,94,3947.889032
4.288732,65,3948.015413
4.514608,90,3959.360062
4.84787,78,3959.513969
101.552735,66,3959.638535
2.709714,62,3959.764563
101.660217,56,3959.890625
3.873087,78,3960.044806
3.415438,62,3960.163962
4.704689,63,3960.288674
4.340755,61,3960.417139
101.195549,80,3960.572368
1.194287,80,3960.728923
3.72257,72,3960.869938
4.070297,65,3960.998513
2.66546,68,3961.128991
1.932622,62,3961.252782
4.670457,142,3961.530218
2.926064,96,3961.719512
102.80098,69,3961.854509
4.423728,64,3961.984612
2.980406,80,3962.143136
3.193279,61,3962.265017
103.032507,60,3962.38349
5.037939,63,3962.508901
1.820966,69,3962.644643
3.626497,80,3962.802244
2.410259,62,3962.921062
2.695473,76,3963.06924
101.049241,81,3963.226244
103.64706,72,3963.384052
101.383958,101,3974.792812
101.838652,74,3974.938441
101.785573,95,3975.126846
5.622549,70,3975.274458
1.250711,62,3975.410574
4.012408,68,3975.546767
4.716503,81,3975.706332
3.683045,77,3975.861396
106.18552,80,3976.0172
0.548692,107,3976.228479
4.334692,65,3976.358828
3.175982,72,3976.504033
4.127975,67,3976.635297
2.934077,80,3976.790218
2.364463,73,3976.932532
4.972933,86,3977.101773
4.092595,65,3977.228334
2.208249,69,3977.363233
5.103429,66,3977.494803
0.282509,73,3977.640429
100.928733,76,3977.79456
103.822209,74,3977.945266
1.884398,75,3978.095643
0.56917,84,3978.272676
0.383545,111,3978.495259
105.682306,69,3978.632614
1.31862,80,3989.974154
1.435869,83,3990.145573
3.217224,71,3990.292192
103.289769,59,3990.429356
102.436126,47,3990.537504
103.318972,70,3990.686912
3.594742,69,3990.824926
2.513957,72,3990.976711
1.740465,58,3991.098486
3.122273,71,3991.245847
2.801183,76,3991.404691
100.263819,73,3991.559848
5.822432,62,3991.68936
3.992223,66,3991.824261
2.779124,67,3991.960032
101.223943,40,3992.043739
100.595382,70,3992.188472
103.757616,71,3992.339015
102.060611,71,3992.489585
5.217518,93,3992.6853
5.174061,63,3992.812475
101.993466,63,3992.938647
1.700614,77,3993.099264
5.371353,70,3993.250195
4.031049,77,3993.410217
102.852945,53,3993.516808
4.873001,76,3993.666744
100.946957,76,3993.82029
100.308419,56,3993.938962
3.857826,74,3994.091825
2.147004,70,4005.446164
1.403843,84,4005.619547
3.165078,72,4005.76982
0.745539,79,4005.948553
4.775438,72,4006.094528
0.97132,67,4006.228962
102.696051,62,4006.352935
3.721327,60,4006.47238
103.313073,75,4006.619913
104.78847,70,4006.758945
1.205469,82,4006.923951
101.211818,39,4007.00025
3.630271,72,4007.143124
101.319165,56,4007.254306
3.052877,70,4007.404217
1.773576,83,4007.569517
1.77016,63,4007.689611
3.303618,156,4007.998199
1.960467,67,4008.130383
105.794643,63,4008.25381
101.284394,92,4008.452809
101.258278,107,4008.657949
1.62472,69,4008.794225
6.344716,73,4008.935874
103.861377,64,4009.064446
2.827595,62,4009.188749
1.840903,100,4009.382306
1.661225,87,4020.891336
3.623583,138,4021.18418
2.254797,81,4021.350021
4.255479,61,4021.476965
3.030262,72,4021.628641
1.775136,88,4021.807762
103.375557,70,4021.94284
4.065853,65,4022.068485
100.832602,56,4022.181418
104.516816,63,4022.306262
2.255421,97,4022.504201
103.491682,68,4022.64299
1.373895,72,4022.786392
100.609627,66,4022.915426
101.685859,78,4023.067531
0.650623,93,4023.254656
3.271713,64,4023.385415
3.656902,64,4023.513445
1.100498,89,4023.689568
0.548435,124,4023.947572
101.274122,92,4024.130279
3.010792,75,4024.282048
101.23617,89,4024.468686
1.145817,140,4024.766427
1.130762,67,4024.907936
2.097846,70,4036.331782
3.530346,65,4036.457392
103.27587,53,4036.563979
104.442579,66,4036.693856
4.069734,71,4036.830242
1.241043,84,4037.002195
4.804899,60,4037.122197
101.57285,89,4037.306209
1.302907,83,4037.480844
3.745256,65,4037.610576
2.80239,68,4037.745608
4.433979,66,4037.885962
3.673825,79,4038.05495
1.668457,69,4038.194759
3.527606,64,4038.320298
103.446527,64,4038.455445
1.307014,63,4038.585909
3.852595,84,4038.758668
101.060107,98,4038.953305
3.62822,62,4039.073268
105.084452,66,4039.199893
-2.841128,145,4039.484787
2.531273,74,4039.631119
102.13205,72,4039.769413
2.776455,61,4039.891724
100.700834,88,4040.076391
102.912803,61,4040.19616
1.667452,73,4040.341816
100.807713,75,4051.732428
1.89195,74,4051.877518
0.934072,89,4052.050379
4.029777,65,4052.180197
105.31493,60,4052.308564
104.601958,60,4052.430153
1.780231,83,4052.604602
3.60341,61,4052.729531
101.150252,43,4052.819872
0.469219,77,4052.97798
1.387657,73,4053.124535
4.702492,59,4053.251735
104.569331,58,4053.369822
5.445315,63,4053.497987
3.765364,91,4053.6766
1.953438,79,4053.836864
2.731377,61,4053.96279
4.587179,115,4054.19376
1.469805,70,4054.3317
104.113339,65,4054.461696
1.680793,75,4054.608931
100.671918,76,4054.764202
0.475605,77,4054.919304
2.790027,68,4055.056197
5.51696,85,4055.227368
100.692414,85,4055.392448
4.083415,62,4055.520829
103.676569,71,4055.666624
1.676989,93,4067.058681
4.386574,67,4067.222044
4.597007,67,4067.361293
1.977147,87,4067.544327
2.570263,67,4067.690213
2.647099,68,4067.828728
103.14132,68,4067.963579
105.155776,63,4068.100753
3.691116,69,4068.240999
100.879089,60,4068.371607
0.351504,123,4068.638361
102.820049,64,4068.772243
0.642701,94,4068.953532
4.97405,72,4069.097278
0.76739,80,4069.257132
4.23835,69,4069.394973
2.903526,65,4069.525544
4.269887,82,4069.687606
4.082009,65,4069.813467
0.993896,83,4069.976805
105.227788,60,4070.093047
0.692107,82,4070.267879
3.471501,65,4070.39182
0.728999,79,4070.545606
4.724937,65,4070.673761
2.780367,79,4070.830642
0.935585,92,4071.020626
2.554514,74,4082.555882
-2.575166,251,4083.088572
101.886422,75,4083.247438
3.48446,69,4083.390404
1.858336,63,4083.521069
0.566678,106,4083.739662
3.9905,69,4083.879973
3.22042,80,4084.043077
101.684568,54,4084.154781
3.950332,70,4084.296646
4.960236,119,4084.542712
102.304645,45,4084.637371
3.735929,88,4084.817197
1.76077,76,4084.966817
0.0417,82,4085.129387
101.612788,99,4085.322328
101.08039,73,4085.470392
2.520038,67,4085.601498
2.473344,69,4085.73957
2.994997,62,4085.865527
4.186163,75,4086.026448
4.554284,63,4086.150307
102.998089,55,4086.257643
102.023242,81,4086.420686
103.300591,58,4086.539434
0.328616,71,4086.678697
3.676202,63,4098.073801
4.899902,68,4098.214673
2.549349,61,4098.340817
3.479349,67,4098.479529
0.729451,86,4098.656217
5.248411,78,4098.815127
3.304597,85,4098.991966
1.456409,73,4099.14438
2.952539,67,4099.283113
103.224106,69,4099.42603
104.13862,59,4099.550424
2.797009,83,4099.732464
102.232983,79,4099.898751
4.132552,88,4100.081194
2.551045,87,4100.259202
101.189647,74,4100.407946
1.641105,68,4100.547685
1.468651,79,4100.711432
105.264302,67,4100.845459
101.063569,63,4100.970146
101.537483,96,4101.160574
4.928382,68,4101.292985
4.744005,63,4101.418396
4.073844,64,4101.54541
4.598464,77,4101.698989
101.017909,68,4101.838012
0.575586,427,4113.918131
0.928517,72,4114.066289
-1.9709,311,4114.706786
5.921066,72,4114.850782
1.218724,73,4115.000343
-0.425347,78,4115.149601
2.024546,90,4115.327784
104.763451,73,4115.479019
5.775204,69,4115.623079
1.332672,64,4115.760231
4.643775,77,4115.925122
5.305962,62,4116.060408
1.749575,60,4116.182377
1.868703,60,4116.303133
2.902426,71,4116.452016
-1.332138,107,4116.677966
5.119842,86,4116.848145
0.799888,71,4116.987432
2.691534,69,4117.12552
1.843406,77,4117.293331
102.276562,64,4117.415366
3.694026,66,4117.544954
102.764209,59,4128.94408
102.592855,68,4129.077852
0.377709,95,4129.261476
5.415112,64,4129.386843
102.40355,70,4129.541205
100.505057,71,4129.682644
4.36807,69,4129.821487
4.162529,67,4129.962524
3.558991,71,4130.100908
4.538524,66,4130.2301
103.220288,70,4130.367677
2.061661,70,4130.504633
2.749368,164,4130.829688
3.671401,63,4130.955754
102.92886,67,4131.084899
2.007697,67,4131.215827
104.645247,62,4131.339873
100.724425,75,4131.488215
1.453301,71,4131.628299
101.287689,64,4131.751256
103.844194,53,4131.862022
4.028145,76,4132.016333
5.075047,67,4132.152071
4.33554,75,4132.307428
102.352168,66,4132.445162
-0.618306,115,4132.674761
1.510185,73,4132.821591
3.358923,91,4144.24516
2.391276,79,4144.410454
0.696969,107,4144.632358
102.417336,51,4144.748193
101.28099,75,4144.912807
2.846289,67,4145.049647
100.997414,79,4145.214246
-0.142048,99,4145.419053
3.56877,85,4145.594155
-0.158798,72,4145.742015
3.082007,67,4145.874892
2.138269,59,4145.994005
101.125002,58,4146.110883
0.184886,91,4146.286236
1.169561,92,4146.46864
101.891329,66,4146.600982
-2.098771,133,4146.870682
2.072237,72,4147.015605
102.059583,66,4147.14594
2.28594,82,4147.312878
1.992159,123,4147.566403
-0.714307,87,4147.756634
100.849915,282,4148.311335
101.932477,45,4159.723591
2.909678,76,4159.873407
3.304797,71,4160.028594
2.735285,69,4160.161427
101.480604,51,4160.258572
4.400352,66,4160.38847
101.209723,93,4160.568308
0.775514,81,4160.723996
-0.71501,103,4160.924026
1.308891,90,4161.107249
5.920954,64,4161.231706
2.043635,60,4161.354069
4.724937,74,4161.505512
103.011149,64,4161.631775
2.364866,62,4161.753412
1.68778,137,4162.032848
3.600723,66,4162.16429
2.013215,75,4162.311781
0.947281,124,4162.556052
1.704126,72,4162.703213
101.957353,62,4162.827067
101.20233,62,4162.95174
1.879773,79,4163.109052
4.123882,69,4163.248123
4.036682,77,4163.399501
101.494572,73,4163.548409
4.82979,76,4163.710953
2.955095,70,4175.117292
2.89181,168,4175.466175
101.296695,91,4175.651112
102.939064,61,4175.779426
2.49002,61,4175.900451
1.394749,87,4176.07205
102.688315,70,4176.210874
4.878526,63,4176.331603
2.74173,189,4176.718302
101.259102,75,4176.867937
5.343345,64,4176.99532
101.671577,69,4177.132219
2.123327,73,4177.276205
2.234969,74,4177.424012
101.410493,48,4177.517397
100.095234,71,4177.660509
-0.543763,91,4177.839393
3.74049,64,4177.971631
5.031452,68,4178.110735
2.390837,73,4178.259393
103.028744,71,4178.406502
1.151445,71,4178.552573
5.462836,65,4178.687303
2.928876,86,4178.861254
2.428092,68,4178.996407
3.789728,62,4179.118542
5.187987,73,4190.556549
4.4165,76,4190.708811
3.146403,60,4190.846225
-0.609766,136,4191.119626
2.361681,78,4191.274498
102.206608,53,4191.377468
101.990132,82,4191.538265
3.313762,68,4191.67516
3.825433,97,4191.866772
2.946922,83,4192.038986
3.635049,172,4192.407297
0.783664,91,4192.594769
1.014538,62,4192.724623
0.73079,100,4192.920554
3.994563,72,4193.062768
3.851731,66,4193.193336
102.515107,60,4193.311674
3.214635,89,4193.488823
101.876747,61,4193.607855
104.682229,73,4193.756033
-1.28275,1000,4207.063723
4.961432,83,4207.253003
3.961284,61,4207.381884
2.909284,67,4207.520133
0.32848,82,4207.691345
101.239338,82,4207.861405
3.989298,81,4208.025946
4.966087,83,4208.193531
0.049184,1000,4221.485679
1.383796,82,4221.656741
3.729479,80,4221.819534
1.766389,79,4221.985997
2.970007,80,4222.151082
-2.148176,160,4222.48422
1.890534,77,4222.64293
0.830944,918,4224.483017
102.724566,74,4224.630073
1.362893,82,4224.794054
4.506113,65,4224.920287
1.90411,65,4225.049842
-0.266463,109,4225.266028
0.933696,75,4225.415097
0.433204,1000,4238.646128
4.069262,71,4238.787154
103.540591,55,4238.894959
3.760379,60,4239.01458
2.514708,90,4239.189676
0.608464,80,4239.344346
101.901894,48,4239.436391
2.145331,72,4239.578009
3.776663,63,4239.701552
1.402945,75,4239.852741
102.034605,72,4239.998276
4.085311,77,4240.148842
102.725479,76,4240.300594
102.207991,53,4240.404011
2.239965,79,4240.56272
2.56731,69,4240.698734
2.051012,89,4252.135549
102.661024,57,4252.254375
5.847662,71,4252.398276
101.20086,86,4252.588786
2.010119,79,4252.754923
100.86683,85,4252.943402
5.208448,66,4253.07924
102.19228,72,4253.231919
2.194738,71,4253.38244
3.934095,83,4253.548386
0.515844,92,4253.726259
100.826215,51,4253.829892
4.36946,72,4253.966054
-0.357709,93,4254.15894
101.411093,75,4254.315788
2.326291,72,4254.465102
2.443661,84,4254.634365
2.704413,67,4254.778287
4.372216,62,4254.901229
3.181693,72,4255.039696
105.516608,60,4255.156428
4.782755,67,4255.291688
2.950731,65,4255.422094
102.623476,76,4255.572362
0.779883,99,4255.766832
1.791652,79,4255.925537
1.083556,100,4256.11847
1.593495,83,4267.52118
1.23002,70,4267.660504
1.969621,69,4267.796292
100.942807,105,4268.006518
0.735456,80,4268.161251
3.86113,68,4268.30028
1.982608,60,4268.427036
5.005598,68,4268.571569
1.656951,70,4268.716105
2.034979,78,4268.870637
3.104699,67,4269.019866
3.078418,81,4269.180671
103.988251,60,4269.296055
4.259302,68,4269.429331
2.170221,81,4269.595152
100.876677,86,4269.762869
100.897592,64,4269.884876
100.824185,74,4270.030738
101.209651,91,4270.208712
3.84541,70,4270.346645
4.249856,65,4270.473343
102.232695,58,4270.588618
2.014161,75,4270.733309
3.074355,73,4270.879472
5.977291,69,4271.015839
101.773664,55,4271.121902
3.089748,61,4271.238296
100.620886,28,4271.295781
4.976391,79,4271.450606
101.818821,65,4282.822145
3.763418,71,4282.960444
0.983697,72,4283.123584
3.661084,74,4283.276505
101.89713,61,4283.405088
3.257201,81,4283.571957
3.165636,69,4283.715416
3.076829,84,4283.896384
1.008393,82,4284.063662
2.266114,69,4284.207888
101.531889,82,4284.381953
2.795454,70,4284.530936
3.949795,59,4284.656785
3.172637,69,4284.798769
100.787843,78,4284.952798
3.137783,72,4285.098309
102.787859,66,4285.232057
3.81918,65,4285.359355
103.747943,70,4285.501241
101.280558,80,4285.658187
100.187821,761,4298.584112
4.607577,75,4298.747802
103.257583,74,4298.893285
2.51903,71,4299.039793
102.386699,44,4299.127837
2.755441,62,4299.246491
1.988962,122,4299.484076
2.002569,73,4299.624976
5.695645,64,4299.751585
-0.559278,110,4299.977605
3.463087,65,4300.112655
-0.564615,259,4300.660265
1.353923,123,4300.89955
2.018293,88,4301.078072
103.978494,64,4301.205037
101.063595,76,4301.353681
3.652821,68,4301.491586
4.179503,64,4301.618717
5.238528,63,4301.741403
101.047817,64,4301.864585
104.293707,75,4302.02133
4.009445,73,4302.174105
102.889172,74,4302.325325
3.209082,70,4302.468692
101.492866,45,4313.868403
2.482992,74,4314.027853
-1.112758,117,4314.260102
3.828922,67,4314.392235
1.224009,95,4314.577666
3.547495,73,4314.717584
2.707133,71,4314.866267
2.634206,94,4315.047489
4.263038,70,4315.189079
2.485301,61,4315.307848
2.587709,60,4315.426682
4.684513,71,4315.566805
2.965759,76,4315.719429
4.796825,84,4315.898954
2.31112,75,4316.05171
4.533964,62,4316.1844
105.2594,64,4316.318551
101.185561,103,4316.525629
100.96849,89,4316.702136
2.695283,61,4316.825739
0.541517,80,4316.984018
102.140839,56,4317.09661
102.371975,68,4317.233479
3.498704,70,4317.373093
101.736876,106,4317.589254
4.860769,66,4317.718079
101.510274,54,4317.821025
5.47871,65,4329.130413
4.255911,61,4329.252104
2.52182,69,4329.396429
4.345438,76,4329.556039
100.627731,64,4329.685174
5.07484,64,4329.815301
100.739192,123,4330.056987
100.826524,85,4330.225777
2.695325,81,4330.383459
3.986518,71,4330.52388
2.294824,69,4330.665212
3.862605,133,4330.944112
2.355614,68,4331.071903
3.815348,92,4331.251839
3.901945,65,4331.379811
0.565249,95,4331.572458
101.430824,72,4331.718552
4.837307,66,4331.853304
1.53855,103,4332.076359
3.046311,77,4332.238916
4.83909,73,4332.388788
3.556829,66,4332.525671
101.243112,97,4332.727718
-0.746931,120,4332.966968
3.079388,67,4333.096387
104.078288,74,4333.244099
2.106855,67,4344.739655
0.509898,646,4346.019951
3.397529,59,4346.135182
103.793492,68,4346.269257
3.546569,65,4346.396042
2.041396,99,4346.589638
3.311768,65,4346.719563
1.056647,104,4346.937782
102.163017,58,4347.058402
102.481692,65,4347.188959
101.112825,58,4347.309173
101.805183,101,4347.516617
3.880448,74,4347.667052
5.195625,78,4347.827312
1.424319,90,4348.00926
-0.101151,103,4348.219913
101.535788,59,4348.340522
1.727405,58,4348.457478
1.323923,125,4348.713346
5.951024,67,4360.070077
101.673173,81,4360.227318
3.381612,69,4360.360379
103.467186,74,4360.505199
102.391215,55,4360.613498
0.649275,126,4360.864497
103.989747,59,4360.980587
4.697622,68,4361.12916
1.273163,67,4361.264995
3.791227,75,4361.4117
101.677426,83,4361.577596
3.800047,88,4361.75689
3.95412,71,4361.901531
-0.168923,78,4362.054416
2.182244,94,4362.240799
3.135683,77,4362.389998
0.136712,96,4362.578166
4.896729,68,4362.713126
101.238073,38,4362.788049
0.92004,65,4362.918681
1.26303,88,4363.08953
4.348578,111,4363.314135
104.390899,69,4363.454307
4.273448,96,4363.646187
102.567962,77,4363.799426
-0.658862,64,4363.929527
105.314418,68,4375.252983
1.056018,64,4375.377788
3.649526,64,4375.504138
0.224891,91,4375.701463
3.133842,71,4375.845454
101.258395,80,4376.001511
3.654656,92,4376.182443
2.18177,65,4376.313471
1.87705,97,4376.503965
102.273083,47,4376.598783
2.764505,61,4376.718243
101.597001,86,4376.885167
2.295426,61,4377.004737
4.34765,70,4377.145435
103.87041,60,4377.263786
101.751857,103,4377.470768
0.299497,114,4377.699754
101.230768,71,4377.84507
1.848354,102,4378.05009
103.326187,68,4378.185678
1.967207,79,4378.347239
3.216144,66,4378.480934
2.344839,75,4378.633953
101.388355,72,4378.7829
3.477791,71,4378.923991
0.38214,86,4379.094625
5.213011,64,4379.224761
101.978749,72,4390.5626
102.282054,68,4390.69754
102.148482,61,4390.817603
101.577412,83,4390.980038
0.165069,90,4391.159194
101.118695,86,4391.330338
104.535302,56,4391.442412
3.74416,75,4391.588696
100.751573,71,4391.742962
0.925213,63,4391.869194
4.179427,68,4392.006133
101.256162,42,4392.091722
101.444125,73,4392.234762
102.518662,71,4392.373853
103.99979,71,4392.517907
1.721447,73,4392.66404
-0.272295,191,4393.042228
101.220734,121,4393.280304
101.671428,92,4393.463278
103.693379,63,4393.586105
0.577523,97,4393.77687
-0.625546,1000,4407.058123
1.026125,71,4407.200925
4.311403,61,4407.321178
3.097431,63,4407.444883
1.764969,82,4407.611701
101.335049,66,4407.744785
3.793204,73,4407.88981
100.612286,84,4408.05931
3.482865,64,4408.182961
100.538999,38,4408.255729
4.831691,86,4408.425556
1.158446,77,4408.606167
100.923329,63,4408.727039
103.185584,71,4408.867885
101.227285,81,4409.023904
2.323349,82,4409.183883
100.981842,86,4409.351045
3.751335,82,4409.511536
103.716709,71,4409.653153
102.008778,70,4409.790754
2.715979,71,4409.929286
3.457757,60,4421.256752
2.783337,78,4421.411001
2.780722,91,4421.588563
5.430518,67,4421.733894
101.61153,102,4421.931053
5.121552,66,4422.059962
103.698006,57,4422.171013
1.92747,140,4422.447151
-0.576442,114,4422.674537
1.089221,79,4422.828649
3.269085,70,4422.96642
101.904142,41,4423.047685
1.758259,72,4423.189756
101.806136,74,4423.339944
2.548986,76,4423.48824
3.383046,63,4423.609598
5.777741,80,4423.781204
100.377799,76,4423.93468
3.812594,77,4424.091879
3.530109,67,4424.223479
2.395196,80,4424.380355
2.166945,69,4424.517453
4.965455,65,4424.644282
0.043701,140,4424.91868
3.235269,67,4425.050454
102.864719,51,4425.150314
5.147567,82,4436.572784
103.680971,66,4436.705933
-1.642647,578,4437.856777
1.963934,108,4438.08533
1.959677,83,4438.244678
102.46049,66,4438.373081
102.589885,64,4438.498942
1.392655,62,4438.618104
2.765207,78,4438.776289
2.864513,92,4438.957394
1.929895,92,4439.136033
100.456452,77,4439.284999
2.203409,142,4439.566809
4.632859,69,4439.706972
100.147711,67,4439.839571
2.930445,87,4440.008835
4.383501,67,4440.140475
102.876189,68,4440.275208
0.723451,80,4440.429224
4.676165,75,4451.783232
3.729683,77,4451.950634
0.470926,88,4452.130661
-2.257649,127,4452.383103
105.814788,68,4452.525328
0.5289,109,4452.740227
-0.454192,108,4452.962659
2.675001,70,4453.100768
4.432569,99,4453.302191
102.836881,70,4453.437455
5.001364,65,4453.5646
1.076565,112,4453.787444
101.61476,94,4453.972173
-1.28729,1000,4467.105666
3.696548,85,4467.274813
3.485258,59,4467.390101
3.491245,91,4467.585479
102.214353,71,4467.723815
102.212012,76,4467.873524
3.183832,70,4468.009772
102.429746,195,4468.395497
1.485483,83,4468.560828
101.841572,46,4468.654784
3.709079,77,4468.805445
3.652367,68,4468.938076
3.911414,82,4469.097891
100.975165,34,4469.167255
4.342044,72,4469.309731
103.259741,71,4469.45078
1.685006,59,4469.564627
103.88269,71,4469.707714
6.005452,73,4469.849604
101.446762,84,4470.011897
3.621756,73,4470.155882
2.022701,70,4470.296853
0.695604,162,4470.616765
5.282391,67,4470.747802
100.838388,58,4470.862779
4.664321,62,4470.983409
0.143642,1000,4484.255833
100.13315,63,4484.378913
2.978645,65,4484.504532
103.335085,63,4484.632503
105.729059,74,4484.781457
0.506616,74,4484.936753
5.097005,64,4485.063535
3.79829,63,4485.188987
1.422671,77,4485.352856
4.533592,60,4485.479666
1.347904,67,4485.618929
4.280287,65,4485.75053
105.627091,72,4485.899266
3.926855,116,4486.139475
101.514417,115,4486.382826
3.139693,83,4497.751175
2.462609,123,4498.010988
4.906702,79,4498.167859
0.807313,347,4498.860409
3.020565,67,4498.995242
1.354578,92,4499.177019
3.007592,61,4499.298696
3.697826,62,4499.422783
4.293993,74,4499.570402
1.71594,94,4499.751621
3.598337,70,4499.886868
0.819543,94,4500.068178
2.518374,87,4500.237814
4.034477,65,4500.364635
2.413639,67,4500.493593
101.539784,90,4500.678514
101.653692,71,4500.826822
3.44556,79,4500.991706
-0.056537,109,4501.221139
100.897922,27,4501.279093
104.726731,64,4501.413299
1.993831,138,4501.701519
2.013329,76,4513.218545
3.034744,91,4513.409442
101.539908,73,4513.555884
101.743523,74,4513.713314
3.474461,69,4513.858538
5.018322,68,4513.997101
1.7036,131,4514.272979
1.72436,78,4514.439054
2.969766,69,4514.580223
3.157811,77,4514.749707
3.33285,80,4514.920761
1.467407,94,4515.117602
-1.105152,146,4515.417514
0.28191,79,4515.583672
100.572705,66,4515.720309
1.650196,70,4515.864728
1.5909,63,4515.996986
-0.274709,109,4516.220349
101.426941,120,4516.467204
4.93748,68,4516.599956
101.149713,96,4516.794885
1.842725,158,4517.107231
3.866732,79,4517.261659
101.326535,82,4528.777575
2.904125,72,4528.925773
2.644071,68,4529.08389
-2.005628,242,4529.591314
3.540327,73,4529.744052
0.106606,1000,4531.721925
102.444046,72,4531.862185
0.199546,1000,4545.251308
3.389212,61,4545.372515
4.158698,66,4545.500068
3.154285,84,4545.665876
4.824244,78,4545.819889
100.362947,82,4545.980873
2.93635,65,4546.106359
2.353323,145,4546.407774
101.009043,75,4546.559278
4.627097,95,4546.747845
1.118799,87,4546.925742
2.482901,64,4547.0532
1.394146,83,4547.216679
4.913151,97,4547.411058
101.307265,67,4547.542796
4.645549,62,4547.680087
1.132037,84,4547.847263
4.061628,66,4547.978208
100.864108,106,4548.194611
4.129478,86,4548.362961
4.772675,76,4559.699788
103.29565,70,4559.843433
4.106382,84,4560.007875
2.97563,71,4560.14804
0.92286,72,4560.289774
5.262498,84,4560.459007
3.879453,68,4560.625243
104.388535,70,4560.765505
1.773851,89,4560.938511
1.382958,70,4561.079298
1.93387,105,4561.290956
100.789089,54,4561.400787
1.913344,60,4561.519624
3.328936,94,4561.70547
101.192662,83,4561.864
0.010151,107,4562.072205
2.684789,194,4562.453666
0.242571,124,4562.702497
2.762124,63,4562.827136
102.637552,63,4562.953196
102.851935,62,4563.074751
5.021701,83,4563.238729
3.446592,91,4563.417908
1.13732,70,4563.552339
2.242115,79,4574.892406
101.815763,96,4575.098967
3.190937,64,4575.22623
3.871017,74,4575.369341
3.332268,87,4575.550485
104.80384,67,4575.683826
3.536663,64,4575.811702
2.905218,73,4575.954051
3.680023,58,4576.069001
2.279487,78,4576.227839
2.91658,97,4576.418454
101.824894,63,4576.546779
102.954284,68,4576.679382
5.524138,74,4576.826784
2.016343,69,4576.959985
101.418518,99,4577.158729
1.609486,82,4577.323544
3.404017,81,4577.482818
1.416777,95,4577.668322
101.82874,94,4577.853066
3.659782,85,4578.019973
101.087454,37,4578.094602
3.114139,60,4578.213972
4.702052,79,4578.370133
2.210173,142,4578.65276
5.489034,69,4578.785711
4.008615,75,4590.189104
2.930832,74,4590.336017
0.368614,68,4590.472436
104.320209,75,4590.61883
101.093782,67,4590.755939
1.887798,79,4590.912391
0.779145,72,4591.063394
101.58691,74,4591.211976
-1.930573,159,4591.530604
2.29327,72,4591.674206
1.465398,70,4591.822205
100.735054,89,4592.000142
2.313885,77,4592.151428
-0.550116,130,4592.408642
4.529894,69,4592.544605
102.378245,66,4592.67202
4.700695,60,4592.791967
3.572471,100,4592.98092
4.547418,79,4593.138918
2.055142,62,4593.25966
3.044311,72,4593.405055
101.832872,96,4593.594177
0.969439,84,4593.760208
1.00364,156,4594.072278
3.110014,68,4594.207804
102.577212,60,4605.556419
2.677511,74,4605.71862
4.878991,60,4605.834932
1.398346,75,4605.98496
3.249282,65,4606.116255
5.100408,64,4606.243669
3.418194,72,4606.385715
102.449894,53,4606.493978
4.280949,64,4606.625779
102.292988,48,4606.72088
2.510523,77,4606.872894
1.88161,72,4607.015911
3.773091,66,4607.144719
102.562166,70,4607.281069
3.843976,104,4607.483413
101.442752,103,4607.690632
0.345181,77,4607.843831
104.591603,61,4607.960866
3.953212,68,4608.093247
100.935891,67,4608.225452
101.389176,71,4608.365826
2.084801,78,4608.517581
3.322516,75,4608.672982
2.6914,66,4608.81532
1.618836,79,4608.970712
0.493699,134,4609.236129
0.132192,77,4609.387606
4.103939,103,4620.783363
4.473586,93,4620.968233
4.111554,86,4621.133637
5.266926,73,4621.27899
2.723095,87,4621.450889
3.746585,64,4621.577571
3.049705,72,4621.71857
101.6053,40,4621.807633
103.607534,55,4621.917835
2.912775,69,4622.050547
2.908607,88,4622.221941
2.265057,65,4622.367707
102.781816,71,4622.507406
2.820547,67,4622.63751
3.408621,61,4622.754469
0.985575,72,4622.895979
100.709653,71,4623.03683
104.130997,64,4623.166173
1.906394,61,4623.284584
5.151676,63,4623.411507
5.290674,69,4623.54347
100.929228,50,4623.644261
5.170477,68,4623.780324
100.454138,70,4623.9223
1.093497,111,4624.145531
101.232012,93,4624.330998
103.992211,70,4624.467476
1.208361,94,4624.654997
3.477642,60,4624.772787
1.09313,67,4636.074483
2.31648,63,4636.201146
4.540216,65,4636.346506
3.049669,68,4636.482345
2.954867,99,4636.676904
4.862919,71,4636.81772
2.638504,68,4636.950696
101.574441,79,4637.108313
2.240593,73,4637.25164
-0.615941,153,4637.561632
4.267423,65,4637.687989
102.991923,61,4637.810384
2.983668,79,4637.971335
101.376516,74,4638.119821
3.712873,79,4638.278005
101.492404,75,4638.429286
101.269864,88,4638.602745
101.309591,51,4638.702921
4.06155,63,4638.831288
100.472666,72,4638.975714
4.370908,65,4639.10102
2.676846,68,4639.234441
101.166276,48,4639.330349
4.040308,73,4639.476586
105.926897,66,4639.60924
101.074606,113,4639.829339
3.606683,68,4639.969364
4.426737,66,4651.380279
101.280497,78,4651.534478
0.212049,91,4651.716132
0.882981,81,4651.874731
1.490093,87,4652.047038
1.281959,79,4652.208712
2.728622,75,4652.359922
2.506139,83,4652.527451
5.348649,62,4652.645938
5.06748,65,4652.774331
4.07117,61,4652.912867
3.900392,61,4653.034053
101.33217,91,4653.216208
0.596958,101,4653.415364
2.979167,73,4653.558306
3.303332,84,4653.725095
0.579272,163,4654.055059
0.08011,79,4654.213866
3.575028,60,4654.33433
-0.152919,141,4654.616141
4.393312,68,4654.750993
4.346124,100,4654.954325
4.117495,77,4655.104523
3.523829,62,4655.241667
2.080189,119,4666.658908
102.940306,51,4666.766179
101.002591,32,4666.828681
2.694205,78,4666.98435
3.700935,74,4667.126787
1.211061,109,4667.360629
1.514516,71,4667.501222
2.340095,58,4667.612637
2.183095,69,4667.753204
2.702208,80,4667.912846
105.675936,70,4668.052849
3.643889,63,4668.17493
0.691406,109,4668.390347
3.308965,61,4668.515856
100.565915,71,4668.654327
3.037592,60,4668.811311
1.59316,78,4669.024459
105.543465,67,4669.174587
1.31699,70,4669.317139
0.86876,83,4669.484018
101.128859,58,4669.598287
4.263674,69,4669.735676
4.542065,67,4669.867862
3.040479,74,4670.015846
3.861893,68,4670.151274
3.045857,60,4670.264974
3.515462,59,4670.379987
2.005174,136,4670.642801
2.136881,62,4670.767274
100.329405,26,4670.817965
1.940977,65,4682.151077
2.111933,61,4682.271066
101.744381,53,4682.37675
4.280044,62,4682.498559
3.3185,78,4682.664409
2.189994,75,4682.820835
3.554228,80,4682.987987
102.609506,71,4683.137539
3.086486,69,4683.283234
2.285234,66,4683.417893
103.267824,75,4683.571474
100.085028,9,4683.589523
-2.38252,168,4683.937165
105.94165,68,4684.077233
-1.002708,184,4684.460771
5.215616,61,4684.586353
101.256979,84,4684.761234
103.087448,76,4684.91402
5.05886,68,4685.049532
103.353268,57,4685.160319
0.022581,95,4685.3471
4.50828,67,4685.479225
102.946343,49,4685.588631
3.028238,70,4685.733698
2.202024,59,4685.849556
3.482425,69,4685.983182
4.571732,81,4686.141806
1.820926,72,4697.47742
100.978769,78,4697.636129
5.618835,64,4697.781204
100.635674,65,4697.90842
3.224306,62,4698.032462
0.951117,84,4698.197465
1.928889,79,4698.354217
1.220413,69,4698.501949
104.730005,69,4698.640902
5.312639,62,4698.761707
4.184063,61,4698.884562
3.777641,114,4699.116351
1.188793,131,4699.37794
4.547271,101,4699.579682
102.899442,59,4699.696236
3.319961,68,4699.828131
3.433499,70,4699.961305
104.350756,69,4700.099561
1.301446,62,4700.221231
5.611557,66,4700.352144
4.226443,61,4700.471423
2.96235,73,4700.62273
3.934007,67,4700.756589
4.72818,66,4700.883912
5.544457,73,4701.026807
-1.808599,135,4701.293514
102.13291,64,4701.42259
3.960686,68,4712.73352
2.431571,92,4712.923378
101.445497,65,4713.051616
105.126537,71,4713.19107
4.24434,70,4713.32952
2.755656,69,4713.465502
5.17055,92,4713.646836
5.038642,65,4713.77671
3.993871,75,4713.92574
101.241017,59,4714.042677
1.285084,84,4714.206532
106.127158,124,4714.46708
5.788897,61,4714.585544
1.429866,86,4714.754564
2.877907,85,4714.921287
104.959231,67,4715.055205
0.504356,82,4715.217407
101.267342,66,4715.356499
4.797171,71,4715.499732
100.665807,70,4715.640304
102.948222,68,4715.771075
1.024617,79,4715.926383
4.518912,86,4716.09352
105.294611,64,4716.222002
0.156152,106,4716.438354
5.044048,71,4716.581015
0.870061,69,4716.716563
4.322135,66,4728.018697
1.123219,81,4728.180219
2.441745,64,4728.305253
102.469433,49,4728.402339
105.02275,63,4728.542733
4.594153,118,4728.799193
100.774874,52,4728.941705
102.420177,68,4729.128271
2.411705,68,4729.259768
0.977289,79,4729.412484
3.398099,79,4729.57198
101.468436,73,4729.71362
3.844613,69,4729.850237
101.548482,69,4729.989188
103.029203,69,4730.128962
3.249957,65,4730.255986
101.110533,38,4730.333328
0.177087,167,4730.686957
100.897656,92,4730.870463
2.989313,69,4731.006018
3.11252,75,4731.155538
3.228411,84,4731.321041
4.516542,62,4731.446949
4.98868,92,4731.631092
103.073304,62,4731.75357
106.113349,67,4731.887443
3.528714,60,4732.007986
3.396645,60,4732.133463
2.627511,76,4743.477202
-1.652959,496,4744.48001
2.882302,89,4744.65514
4.567395,69,4744.793156
100.608108,98,4744.989319
1.102771,1000,4746.962104
3.975771,62,4747.084316
0.39302,87,4747.259198
3.445805,73,4747.406294
101.236143,61,4758.811852
101.920357,54,4758.915941
0.288631,99,4759.113214
101.163143,70,4759.249648
103.525825,58,4759.361975
101.146791,55,4759.469059
104.33557,61,4759.588901
1.43603,81,4759.752437
0.97446,65,4759.886825
101.682575,67,4760.025522
3.737075,89,4760.196628
4.570385,74,4760.343283
1.779304,76,4760.492517
5.082299,60,4760.611295
3.730118,70,4760.748188
1.427372,77,4760.89948
100.988217,145,4761.186589
2.954978,65,4761.318755
3.997469,60,4761.436914
-1.303095,103,4761.642934
4.462896,67,4761.774937
3.543526,59,4761.893626
4.215196,107,4762.098695
0.39975,76,4762.247725
-0.689236,76,4762.399172
2.752465,74,4762.543103
5.270605,64,4762.667439
104.900997,63,4774.033842
3.969547,99,4774.232049
0.55252,67,4774.36473
101.0294,83,4774.543963
2.461605,71,4774.682729
100.348658,42,4774.764337
-1.088886,108,4774.981427
2.02211,73,4775.126219
103.567978,73,4775.266951
102.715599,71,4775.404426
100.38416,73,4775.547803
100.492877,66,4775.684663
3.861226,87,4775.860442
103.516313,57,4775.974294
4.726506,65,4776.104796
103.528127,68,4776.236877
101.069801,76,4776.388668
1.347543,65,4776.518291
1.511692,74,4776.662221
3.808787,78,4776.815071
101.023873,179,4777.173607
-0.621063,1000,4790.46604
0.009924,97,4790.661527
101.365149,75,4790.812805
5.041408,62,4790.937427
0.443034,811,4792.553583
4.496988,66,4792.684954
1.413344,73,4792.826849
0.099753,85,4793.006818
105.448853,70,4793.165889
1.020435,98,4793.361062
3.315386,82,4804.694536
101.861967,96,4804.880448
4.988131,60,4805.000939
4.615608,73,4805.142656
3.20021,81,4805.30305
1.377449,76,4805.469973
0.7944,80,4805.627829
1.19908,73,4805.773381
101.330059,112,4805.996136
5.065402,76,4806.147049
5.933065,69,4806.285191
4.021317,63,4806.418135
0.99448,102,4806.619575
104.749918,74,4806.767873
101.41208,65,4806.892952
0.647285,66,4807.0174
101.358873,82,4807.173515
104.526975,68,4807.30499
2.847096,69,4807.441243
4.529461,77,4807.593657
1.830699,73,4807.739336
4.241516,62,4807.86181
104.979686,62,4807.984154
101.188702,110,4808.197932
102.00119,69,4808.334705
2.437575,62,4808.460834
2.934896,72,4808.604518
5.10721,65,4820.009376
3.7263,79,4820.173892
4.26455,80,4820.348588
0.98205,157,4820.681571
101.064738,69,4820.821161
3.816951,68,4820.952221
4.862664,64,4821.079385
0.223857,91,4821.262968
101.799711,100,4821.458478
-0.137543,112,4821.68341
102.188503,76,4821.829037
4.194536,71,4821.970293
1.003812,115,4822.201064
4.93574,73,4822.341741
101.018582,65,4822.467226
101.465137,75,4822.613765
101.160839,96,4822.802087
2.487787,61,4822.92274
103.47044,58,4823.038679
2.271765,66,4823.165654
4.571545,75,4823.311875
1.230324,63,4823.436481
0.81214,77,4823.586349
100.835711,105,4823.797496
2.988784,70,4823.939925
3.456909,67,4824.07251
3.873748,78,4835.522747
4.08627,89,4835.69768
102.393856,49,4835.790667
105.428003,61,4835.90795
2.355715,63,4836.033247
1.519566,92,4836.21386
-0.110411,1000,4838.177033
3.595992,96,4838.367541
105.867307,66,4838.495365
2.496424,67,4838.629624
1.388862,70,4838.770127
3.273331,84,4838.936936
3.161117,82,4839.101145
1.596433,75,4839.249868
3.743283,80,4839.413836
2.762007,65,4850.737617
5.847827,75,4850.883157
0.671613,77,4851.061722
2.696541,223,4851.503452
3.872216,122,4851.74871
1.386818,73,4851.892872
3.943295,67,4852.028024
4.50979,62,4852.147315
100.644718,83,4852.311339
102.600088,54,4852.414393
-1.876827,697,4853.777981
0.934933,127,4854.027483
103.500786,58,4854.140711
3.390941,86,4854.311575
5.252392,61,4854.433365
2.810179,69,4854.568041
104.919253,64,4865.856617
5.059208,77,4866.0301
3.777546,79,4866.188209
104.388141,56,4866.298949
5.370965,66,4866.430626
1.223246,61,4866.555048
5.367697,62,4866.680995
101.702238,78,4866.836014
2.078271,71,4866.978967
103.951254,73,4867.121194
100.306902,27,4867.172775
1.235098,63,4867.301061
102.713071,73,4867.45136
1.998916,93,4867.63514
102.762001,47,4867.729601
1.097377,174,4868.067399
4.212957,79,4868.223001
3.275102,72,4868.365677
2.530137,66,4868.495705
101.93469,68,4868.630044
101.769552,79,4868.783688
4.354339,69,4868.920292
100.918025,87,4869.097125
2.034589,72,4869.238523
5.298166,90,4869.423195
3.440021,66,4869.550361
102.977311,62,4869.671286
4.716236,62,4869.794249
4.878705,76,4881.164788
1.598961,88,4881.334666
100.347573,56,4881.449577
102.878957,71,4881.59503
5.420709,62,4881.720165
4.951581,79,4881.876028
-0.189101,982,4883.840259
101.231151,67,4883.97317
101.205362,40,4884.055366
5.289324,85,4884.22236
0.595093,75,4884.368357
0.515585,101,4884.569154
1.423087,84,4884.737792
101.880154,154,4885.047161
0.784587,74,4885.195102
4.238184,69,4896.624083
3.352781,80,4896.782237
0.391109,84,4896.942688
1.143132,70,4897.098441
2.692461,82,4897.254582
2.663161,80,4897.409971
4.437962,62,4897.5297
100.595545,46,4897.61795
4.242663,67,4897.749259
103.409907,52,4897.849524
-0.160878,97,4898.033894
1.014194,97,4898.225071
1.981588,73,4898.367549
3.995788,65,4898.493753
101.944871,43,4898.577636
2.545667,77,4898.730164
1.950147,108,4898.940942
-0.959839,101,4899.139452
2.744747,68,4899.273883
-0.322977,1000,4912.5813
100.812117,73,4912.724225
2.629682,71,4912.864929
0.003529,82,4913.05284
2.372684,70,4913.201013
2.238757,87,4913.373677
3.439441,62,4913.493418
101.352956,115,4913.721016
101.190696,82,4913.885265
103.014156,59,4914.005075
2.450119,73,4914.148754
3.01974,66,4914.280025
100.192745,67,4914.413855
4.614453,70,4914.558975
4.042261,80,4914.716998
101.859262,79,4914.875353
-1.720394,529,4915.93351
3.465254,68,4927.245931
104.661808,65,4927.376925
5.291039,61,4927.499023
-0.17004,75,4927.649041
5.423544,83,4927.822085
5.673676,62,4927.942423
3.987609,80,4928.102611
101.786314,66,4928.241237
2.407964,74,4928.385718
1.313511,105,4928.595088
1.802028,84,4928.758547
4.039967,69,4928.903224
2.098394,102,4929.102819
100.517625,90,4929.282911
5.294061,72,4929.422266
2.315823,78,4929.57848
2.539483,96,4929.767468
1.236962,138,4930.042278
3.608268,66,4930.172788
1.14423,96,4930.357493
3.51223,96,4930.544599
4.339633,85,4930.732483
102.008774,41,4930.817004
1.899907,70,4930.957675
104.667253,60,4931.077297
5.200779,62,4931.196013
0.846158,71,4942.50632
101.676929,65,4942.634416
4.079834,63,4942.75833
2.510121,75,4942.910504
4.541548,95,4943.103423
101.059159,67,4943.232933
3.117214,67,4943.362355
1.315378,96,4943.55833
101.029878,56,4943.665912
3.589199,94,4943.847868
0.924178,103,4944.049997
5.202752,73,4944.194455
5.055987,64,4944.322083
0.633648,70,4944.459798
3.00722,117,4944.691761
100.75974,81,4944.855064
5.074903,65,4944.986431
1.757385,70,4945.136408
102.520994,68,4945.270327
1.115798,81,4945.42868
5.150334,89,4945.60653
1.921015,70,4945.74626
0.252517,1000,4958.89965
4.586481,65,4959.030638
2.410165,76,4959.180661
101.894282,124,4959.417361
104.47903,57,4959.530484
3.051356,81,4959.687464
2.518232,99,4959.886063
1.479252,112,4960.126136
101.783003,56,4960.238703
105.378637,64,4960.367136
3.026993,67,4960.501326
2.42856,64,4960.627858
101.059669,53,4960.737549
100.613,83,4960.900504
4.468928,59,4961.015642
103.580306,58,4961.127858
100.407896,67,4961.261129
101.421617,82,4961.424129
5.279424,71,4961.563083
0.699544,100,4973.042738
2.786957,65,4973.17532
5.322213,61,4973.290769
0.925149,76,4973.439022
1.132608,123,4973.701972
5.526862,62,4973.820778
2.474373,63,4973.945569
2.716114,202,4974.35181
2.297688,59,4974.465439
-0.638899,91,4974.649274
5.209108,76,4974.796806
104.552905,68,4974.930628
-0.478765,106,4975.146341
101.374785,81,4975.31073
4.199931,84,4975.475249
4.482483,67,4975.608649
1.791138,88,4975.785666
0.111182,115,4976.01693
102.591554,44,4976.103046
4.275426,92,4976.286404
5.009049,62,4976.408623
3.553231,69,4976.542893
1.877334,82,4976.704469
1.883729,89,4976.877396
102.469094,64,4977.007928
1.537808,98,4988.37536
2.52648,92,4988.559604
1.708156,69,4988.69427
5.341157,80,4988.868012
0.756128,75,4989.01352
5.637853,65,4989.139524
2.564922,198,4989.534203
104.676968,64,4989.659554
3.25893,86,4989.826562
2.999452,114,4990.056242
1.515753,84,4990.233023
100.941773,67,4990.367234
5.515093,66,4990.499152
1.588489,103,4990.697961
101.572923,86,4990.871355
4.029595,76,4991.02363
1.594873,74,4991.168657
101.26877,75,4991.31747
3.78507,103,4991.521904
4.01603,61,4991.644984
101.527946,59,4991.761355
3.504152,81,4991.921371
2.110478,132,4992.183787
2.160937,71,4992.323444
101.958546,92,5003.719576
3.65403,64,5003.848212
3.846692,81,5004.005164
101.260389,88,5004.177627
3.389986,67,5004.308143
103.265696,69,5004.442836
1.275506,83,5004.616321
1.305053,82,5004.775651
101.906236,71,5004.915006
0.727282,94,5005.101601
3.436135,65,5005.23109
102.691835,61,5005.349324
2.865936,66,5005.483541
4.644086,136,5005.75349
103.167106,49,5005.849141
1.296292,83,5006.010081
100.940413,100,5006.203433
3.471685,81,5006.3606
3.866169,87,5006.533769
102.661262,74,5006.678943
0.923204,97,5006.877182
2.66782,59,5006.992911
1.647394,114,5007.219731
0.979274,92,5007.397393
2.352158,87,5007.568707
2.346284,77,5018.91169
102.813567,70,5019.048994
102.758802,59,5019.16773
101.812107,53,5019.2744
100.92836,72,5019.416149
100.836077,74,5019.561842
3.693867,80,5019.719943
101.755922,76,5019.874952
102.363077,78,5020.029396
-0.400263,89,5020.206235
2.772479,79,5020.378493
2.099575,77,5020.528505
0.589434,95,5020.716402
101.081698,33,5020.783293
1.001236,66,5020.912501
3.915497,77,5021.063733
5.490773,61,5021.183553
3.983669,71,5021.322164
2.297134,82,5021.490648
103.665976,73,5021.632592
4.397337,71,5021.771091
3.626009,107,5021.981457
3.18955,68,5022.11447
4.853273,60,5022.235024
104.933023,70,5022.372983
100.0,1,5022.375257
2.81588,82,5022.539249
100.835871,71,5022.680937
3.515037,84,5022.849607
101.399662,88,5034.245479
-0.549766,505,5035.266289
1.568499,89,5035.444742
0.898328,541,5036.527325
100.734831,52,5036.628956
0.633066,103,5036.837864
5.051884,63,5036.962744
101.41592,81,5037.121698
3.423124,109,5037.33386
-0.103783,134,5037.592796
0.72114,65,5037.720969
105.095641,60,5037.840005
2.580843,66,5037.970542
100.884844,96,5038.159301
1.321238,77,5049.499673
102.180252,68,5049.634293
103.42998,70,5049.774436
3.503626,63,5049.898962
4.582069,115,5050.137247
3.790564,62,5050.263498
2.7149,82,5050.430121
2.566583,74,5050.581434
1.336937,90,5050.76189
3.429308,71,5050.917872
4.006266,83,5051.077965
0.946417,72,5051.220349
1.255241,63,5051.346914
2.468211,76,5051.49454
1.894415,66,5051.624288
3.738677,68,5051.761217
2.194777,64,5051.88693
3.300304,67,5052.018275
1.921642,77,5052.170579
1.833157,79,5052.327315
101.175984,65,5052.455662
1.695541,96,5052.639908
2.341491,87,5052.812302
5.55799,75,5052.957856
2.756097,62,5053.081423
1.26618,96,5053.269773
101.418733,67,5053.402697
2.044285,70,5064.734551
2.319571,85,5064.914506
101.121359,73,5065.058198
2.492472,59,5065.173463
-1.792222,117,5065.401426
4.164657,64,5065.525673
1.926758,70,5065.659542
5.538267,61,5065.792448
0.414012,1000,5067.76344
4.093683,61,5067.883533
2.17953,77,5068.036043
1.991061,78,5068.18859
1.373767,69,5068.326638
100.926521,82,5068.488357
100.848736,31,5068.548836
-0.289114,93,5079.919028
4.515116,71,5080.058163
2.425567,69,5080.190554
5.273352,60,5080.316253
4.562171,61,5080.456919
102.304067,61,5080.58141
1.486524,70,5080.727017
4.599071,77,5080.886813
2.955859,95,5081.087456
3.120628,69,5081.22553
4.172921,67,5081.356155
2.451841,65,5081.487223
1.202112,122,5081.723655
102.705507,49,5081.82074
1.130542,70,5081.955433
4.689004,62,5082.080732
0.782037,70,5082.21518
1.851488,69,5082.348825
4.040478,61,5082.463307
4.343233,81,5082.621897
0.66759,73,5082.773475
2.695593,78,5082.934485
1.546006,86,5083.104671
0.564051,1000,5096.282947
3.002123,71,5096.424979
104.404934,60,5096.544848
0.272314,102,5096.744857
2.163876,69,5096.897241
1.1022,70,5097.038513
2.339263,69,5097.170911
101.768836,101,5097.371888
2.905517,70,5097.508817
102.465036,62,5097.6283
1.50916,83,5097.787925
3.96541,61,5097.909135
4.054078,67,5098.040562
2.890556,93,5098.225642
0.639155,67,5098.380512
1.554376,77,5098.537597
101.260866,86,5098.709044
2.409086,197,5099.099713
0.729784,109,5110.478776
4.361567,74,5110.62159
0.852011,511,5111.695285
2.176707,68,5111.829473
2.853389,97,5112.031142
2.163945,69,5112.172351
-0.759616,110,5112.38747
101.173682,64,5112.516938
105.75101,65,5112.651512
3.007084,70,5112.791775
103.63509,72,5112.934477
102.405441,73,5113.078893
3.347303,65,5113.219005
6.004936,80,5113.376655
100.299276,33,5113.439562
101.019211,99,5113.62784
4.167903,82,5113.786332
5.017522,66,5113.915298
102.353573,68,5114.04323
0.556876,70,5114.180649
101.761611,61,5114.303357
100.841968,86,5114.470995
101.208075,77,5125.779308
0.094996,1000,5127.777583
5.05331,69,5127.913986
1.677297,155,5128.222548
5.131667,73,5128.366392
103.10574,71,5128.507664
0.907097,110,5128.725901
1.480106,69,5128.861887
101.086517,49,5128.959178
0.61842,100,5129.158244
0.603871,117,5129.391159
1.76638,74,5129.538321
100.677849,56,5129.645486
100.426489,74,5129.792202
3.964436,76,5141.157618
103.383045,69,5141.308374
3.982399,60,5141.429893
4.962753,69,5141.56921
1.401574,60,5141.695918
101.043283,81,5141.855466
-0.466654,111,5142.077858
102.317963,42,5142.168384
2.056261,71,5142.312702
4.829941,77,5142.466739
2.484582,89,5142.64689
-2.15076,306,5143.255464
101.940511,96,5143.448416
2.493422,68,5143.58476
1.928621,78,5143.739236
1.335052,62,5143.862805
101.711348,37,5143.937537
1.186639,75,5144.084662
104.307785,57,5144.196384
1.558636,73,5144.340727
2.76362,89,5144.517306
100.233261,61,5144.636942
106.05786,66,5144.773497
1.657551,70,5144.914738
102.966921,53,5145.020932
1.384822,86,5156.409891
1.439177,75,5156.560652
2.571648,74,5156.709737
3.644514,72,5156.855225
-0.63528,84,5157.024216
1.521084,63,5157.15053
2.403969,114,5157.377705
4.088901,78,5157.537414
4.17117,78,5157.693017
0.191694,131,5157.968333
3.359035,63,5158.0951
2.431883,105,5158.298764
5.09844,85,5158.466692
102.625418,76,5158.617801
4.128935,66,5158.748968
2.225032,88,5158.921237
1.693145,66,5159.051326
2.579022,84,5159.218992
102.216296,71,5159.36022
1.253002,84,5159.531577
1.235904,84,5159.694646
4.07271,65,5159.824538
101.438316,38,5159.898089
2.951381,78,5160.062004
103.306611,51,5160.163618
4.863281,61,5160.283651
101.220076,81,5160.443383
2.106737,60,5171.926367
101.271418,33,5172.001022
101.322956,87,5172.17839
-0.63962,134,5172.443413
-0.655655,95,5172.630833
0.876554,64,5172.757099
2.187082,83,5172.928142
2.860135,79,5173.090942
102.977751,60,5173.215407
6.091178,66,5173.349348
3.935702,65,5173.490312
101.793264,53,5173.597525
1.781354,84,5173.771082
101.477426,88,5173.949785
100.549497,87,5174.119105
101.318842,91,5174.302181
101.626781,83,5174.479573
102.540604,74,5174.629015
4.737049,75,5174.782455
102.611251,62,5174.908848
3.76303,77,5175.077729
4.049185,68,5175.21847
101.04294,57,5175.339808
3.683642,74,5175.491412
3.150778,88,5175.67166
5.358025,63,5175.80205
100.727489,75,5175.958687
0.823095,66,5187.319756
0.975884,83,5187.490727
101.924876,74,5187.64285
2.154474,85,5187.813385
3.93523,72,5187.963877
3.201511,69,5188.107052
2.716385,60,5188.245912
2.802989,86,5188.42419
3.822691,101,5188.63421
101.525404,67,5188.770144
1.675541,73,5188.909659
100.668167,78,5189.061004
101.202101,75,5189.209213
104.726735,59,5189.323392
1.020241,94,5189.513875
-0.112996,86,5189.686193
0.698641,117,5189.921549
4.308893,86,5190.100955
0.691815,105,5190.314599
-0.25301,118,5190.558369
4.491665,74,5190.709063
104.243265,62,5190.829814
101.937644,106,5191.032237
1.130137,99,5191.227666
4.770037,91,5202.681367
5.090075,66,5202.815417
1.814657,70,5202.960057
4.483471,67,5203.095864
104.638361,59,5203.228939
3.709892,63,5203.365085
5.089375,70,5203.512203
4.077146,64,5203.646579
3.660763,65,5203.785988
3.800316,84,5203.97088
102.98652,73,5204.121062
104.963729,61,5204.24839
3.517433,67,5204.387969
101.38017,67,5204.525789
2.038823,70,5204.67207
4.303872,66,5204.806671
101.119957,82,5204.966886
101.343539,90,5205.141696
4.901642,67,5205.270852
100.599975,89,5205.442767
0.643776,71,5205.586808
3.050219,65,5205.711061
101.314753,37,5205.784984
100.817869,76,5205.939792
0.716042,73,5206.083363
3.871792,116,5206.311472
105.093589,58,5206.42505
104.847405,71,5206.580242
3.124623,74,5206.722859
101.991338,138,5218.264053
4.865643,84,5218.430071
2.278153,59,5218.547918
101.739131,71,5218.690404
101.312996,88,5218.876889
2.199372,134,5219.144822
3.95403,102,5219.355098
3.825104,94,5219.549036
1.498865,84,5219.721616
3.387488,63,5219.85065
4.153635,82,5220.019835
102.718112,72,5220.170928
5.268059,75,5220.326808
0.601407,65,5220.459558
104.824778,76,5220.612058
0.841951,108,5220.832659
4.150098,92,5221.01631
100.860191,250,5221.511353
0.738779,74,5221.659705
2.128247,108,5221.873473
1.530668,70,5222.010436
2.388943,80,5222.167445
4.563787,64,5233.541734
4.156584,63,5233.676421
5.167894,63,5233.814521
106.136554,74,5233.965617
4.859543,69,5234.101971
3.334442,66,5234.23339
2.464849,89,5234.411362
3.931072,96,5234.612906
2.97423,75,5234.77005
101.449209,81,5234.930514
1.305894,65,5235.059606
3.641429,104,5235.275806
2.807,59,5235.39045
1.246939,85,5235.556134
3.444818,79,5235.712283
0.387094,389,5236.476454
4.352212,77,5236.62898
100.532076,51,5236.733231
3.575315,76,5236.882798
2.995322,93,5237.068623
105.048955,65,5237.19718
100.716608,70,5237.338846
101.693715,77,5237.49319
4.231969,75,5248.949152
2.46838,70,5249.091447
2.406946,81,5249.259385
101.119208,33,5249.330304
1.56003,65,5249.467425
1.780289,69,5249.616905
2.581287,71,5249.763513
1.920747,83,5249.932149
100.846389,68,5250.082423
2.79245,68,5250.224294
3.272842,92,5250.425736
0.693269,1000,5252.426311
3.820177,64,5252.561245
4.037185,79,5252.728473
5.006425,84,5252.897216
2.807978,67,5253.028562
101.435619,69,5264.432131
5.267713,63,5264.555298
0.75497,84,5264.733229
0.657975,111,5264.952348
100.811964,66,5265.081314
3.295475,64,5265.207004
2.124551,72,5265.356114
3.776943,78,5265.509364
2.672601,82,5265.669127
104.548746,60,5265.789352
3.895811,62,5265.909006
106.139991,72,5266.05098
2.244641,66,5266.178145
102.050613,54,5266.2864
4.522021,70,5266.423447
5.050666,68,5266.555818
3.926982,63,5266.678457
0.784045,98,5266.867928
3.274163,66,5267.003577
5.067314,61,5267.127917
104.941473,62,5267.247698
103.965277,62,5267.371943
4.916101,65,5267.500729
5.834345,78,5267.655188
1.36115,99,5267.863201
2.185341,78,5268.017054
2.334178,87,5268.193797
1.53734,128,5279.893587
100.922552,59,5280.010951
3.618183,65,5280.151442
2.749008,73,5280.302648
-1.863981,492,5281.270263
-1.079032,115,5281.508097
-2.087728,126,5281.757532
3.679729,71,5281.89772
0.307823,82,5282.061734
100.904606,64,5282.188469
3.566991,84,5282.35431
100.824579,85,5282.53085
-2.577051,138,5282.805611
102.84899,60,5282.923273
4.310873,70,5283.060701
2.577877,70,5283.200067
102.22224,66,5283.326262
4.380282,82,5283.485189
2.950649,78,5283.645062
4.805534,68,5283.782331
101.741469,92,5295.216063
3.327795,79,5295.394513
102.733419,52,5295.503262
103.81773,62,5295.625501
2.594558,59,5295.742958
-0.11478,83,5295.910069
2.247789,88,5296.081719
0.445588,432,5296.921278
101.395907,70,5297.056208
5.178176,75,5297.204022
2.133656,100,5297.40646
4.155499,78,5297.563442
3.233053,199,5297.961421
4.473631,69,5298.100473
4.606621,69,5298.238236
5.41741,72,5298.386479
2.185526,86,5298.555745
101.308179,72,5298.698629
4.765432,61,5298.821878
5.317447,83,5298.996788
1.582586,70,5299.13655
1.240686,80,5299.294449
105.493349,66,5310.811197
0.842372,90,5310.984834
101.941574,54,5311.088351
0.864834,80,5311.246876
3.821199,78,5311.403446
102.511641,52,5311.503727
101.711603,91,5311.681241
4.657956,64,5311.808145
0.000912,78,5311.965774
1.185828,93,5312.150409
101.034884,93,5312.34426
-0.024846,176,5312.690842
1.889926,75,5312.84581
3.48461,66,5312.977813
1.021552,88,5313.161492
2.110064,60,5313.288856
4.755657,108,5313.51133
4.246821,63,5313.641096
0.548987,93,5313.827572
101.272535,37,5313.900672
2.854996,67,5314.037453
100.759371,70,5314.179551
4.092139,78,5314.334325
102.730357,71,5314.475098
0.68346,71,5314.63116
0.705349,106,5326.079072
101.069841,81,5326.242037
3.157882,62,5326.363018
4.636572,108,5326.576762
105.66065,68,5326.724034
4.656387,64,5326.868704
100.885273,73,5327.007925
1.776834,77,5327.166809
101.205638,76,5327.31259
3.49624,61,5327.432981
3.080544,66,5327.569125
101.917332,97,5327.766095
1.319442,89,5327.954768
4.863571,61,5328.080779
4.752651,67,5328.221296
3.090659,189,5328.612991
100.858842,402,5329.546689
2.460293,70,5329.691441
4.112169,60,5329.812895
3.006272,89,5329.98936
4.707459,65,5330.117649
2.351412,68,5330.256271
2.123213,117,5341.744545
101.016302,64,5341.8756
3.762598,71,5342.03567
101.916342,100,5342.243759
1.668637,67,5342.382456
102.523911,65,5342.513436
105.312673,67,5342.64846
3.232968,80,5342.81474
3.909844,66,5342.942767
103.587797,63,5343.066815
2.745524,59,5343.184568
101.712538,69,5343.3201
3.852705,100,5343.527233
2.825825,73,5343.673186
2.659127,78,5343.82839
3.877941,68,5343.962594
3.78727,66,5344.095834
3.846871,85,5344.279519
2.733135,67,5344.41492
102.940761,73,5344.565647
103.672295,71,5344.71246
101.192124,88,5344.894604
3.867722,61,5345.020978
1.135663,62,5345.15237
2.361297,67,5345.292551
4.677855,73,5345.44558
102.065877,62,5345.577847
2.417804,68,5345.715437
2.063597,80,5357.157229
100.811093,71,5357.297737
0.530321,79,5357.452729
2.935764,73,5357.618386
-0.230141,80,5357.777752
102.711011,60,5357.899702
100.186701,81,5358.061695
102.206762,58,5358.17854
0.871199,93,5358.361529
1.04236,75,5358.514601
3.723706,60,5358.638577
100.965878,82,5358.803699
0.856533,65,5358.934233
101.052926,66,5359.065163
3.153377,73,5359.210355
101.233124,74,5359.357613
101.288048,52,5359.46367
4.030861,67,5359.597867
2.920533,66,5359.735402
103.752569,52,5359.841916
2.479302,71,5359.987996
2.211648,68,5360.121896
-2.07646,146,5360.409964
3.622641,87,5360.59103
3.247596,67,5360.729498
3.824839,66,5360.880889
4.368903,71,5361.030396
102.550483,73,5361.1811
3.086403,63,5372.563709
4.237219,63,5372.687705
2.961937,77,5372.83592
5.649131,77,5372.985135
0.758796,1000,5374.959871
4.334667,72,5375.100775
102.604249,59,5375.21756
5.321927,64,5375.347498
4.867788,75,5375.511496
3.364952,61,5375.631488
0.517889,108,5375.839584
3.441112,83,5376.004352
101.561111,94,5376.193464
2.155656,75,5376.340649
3.852191,72,5376.480998
100.672554,80,5387.859105
-2.027515,147,5388.150176
105.945843,65,5388.279745
-0.759169,93,5388.465402
3.435637,67,5388.603703
4.408115,68,5388.745437
3.259502,87,5388.918163
2.748099,100,5389.11955
4.805355,68,5389.252047
101.916337,77,5389.42796
100.482916,90,5389.612019
1.454726,71,5389.760477
100.205179,206,5390.163499
101.239839,94,5390.352266
2.290056,141,5390.636903
3.461117,88,5390.810395
5.288011,69,5390.946166
1.609026,71,5391.086076
2.604819,70,5391.226078
1.172537,92,5391.409473
2.882243,171,5391.743204
3.070121,67,5391.872304
1.809361,69,5403.212135
102.23533,62,5403.341165
4.73688,68,5403.49233
100.488953,49,5403.59547
100.692127,94,5403.792814
102.127868,49,5403.893234
4.680692,84,5404.068593
105.14766,67,5404.208343
-0.595126,85,5404.383568
102.915341,67,5404.524656
1.357251,89,5404.706739
4.317268,65,5404.842669
1.351799,149,5405.139239
104.123032,61,5405.25885
2.666533,64,5405.383445
1.148942,71,5405.525985
101.356789,83,5405.691268
4.497991,71,5405.832124
1.451296,119,5406.076497
101.093902,57,5406.194094
5.491031,79,5406.361871
102.400178,54,5406.475405
4.826076,61,5406.602902
4.889934,75,5406.76127
100.633116,70,5406.907901
100.985355,60,5407.032877
3.292786,67,5407.172183
5.076018,65,5418.721791
2.197737,97,5418.914306
105.631738,66,5419.046665
2.984332,86,5419.218937
105.14525,69,5419.351271
3.15922,93,5419.53521
0.991219,86,5419.70727
3.428884,72,5419.86543
2.656747,63,5419.991269
-2.099194,135,5420.284645
101.482118,73,5420.439651
103.025153,65,5420.574182
101.753624,100,5420.775275
1.704114,70,5420.917927
101.309463,69,5421.058127
5.319637,63,5421.190183
1.089457,84,5421.362602
5.166706,83,5421.535703
101.228709,37,5421.613408
102.737727,61,5421.738307
4.53596,74,5421.893163
-0.966529,117,5422.127596
1.920472,61,5422.254485
4.854365,66,5422.39441
101.225859,44,5422.483791
101.509326,78,5422.653706
3.400622,82,5422.81526
1.194632,77,5434.377137
6.014494,73,5434.521996
4.839228,70,5434.663507
102.914035,49,5434.767682
5.601807,64,5434.89972
5.908652,63,5435.048412
-2.105427,348,5435.779523
5.187846,84,5435.951674
-2.181916,139,5436.242584
3.352028,71,5436.389171
1.587062,89,5436.574391
0.838275,93,5436.766178
4.287394,62,5436.8994
105.997442,69,5437.047594
3.77809,97,5437.248074
100.9706,68,5437.389358
104.231436,70,5437.542714
1.749605,115,5437.78002
101.307861,65,5437.911226
2.285774,75,5438.065782
101.763926,65,5438.200933
0.53835,128,5438.468086
2.489782,64,5438.602473
1.777487,92,5450.104734
4.076832,84,5450.268812
101.900931,71,5450.409744
5.161921,61,5450.530491
3.848933,72,5450.675789
0.943682,159,5450.990303
5.703557,63,5451.12114
104.749715,73,5451.273872
2.15704,78,5451.454144
4.717525,73,5451.613258
105.058991,67,5451.751675
2.562834,70,5451.896301
4.483734,85,5452.069058
0.856544,94,5452.268008
2.649624,77,5452.427994
3.598872,65,5452.568929
3.027951,103,5452.783634
100.61563,75,5452.944897
4.280418,60,5453.07151
103.498514,76,5453.233312
104.390261,64,5453.379419
0.599485,79,5453.543165
102.432628,64,5453.68039
2.068793,69,5453.830553
4.17197,63,5453.985809
0.443771,208,5465.69519
3.07378,82,5465.851802
3.471829,67,5465.983216
1.865179,75,5466.142306
102.149094,83,5466.302417
101.536859,81,5466.461684
3.197504,75,5466.607013
3.588789,105,5466.811851
105.871566,66,5466.942018
0.688759,371,5467.672372
4.815018,114,5467.9074
4.866841,70,5468.049849
3.653713,88,5468.228076
104.279906,67,5468.356792
103.809783,54,5468.46648
1.980085,61,5468.600792
3.533552,67,5468.744889
1.864287,76,5468.892122
1.977792,70,5469.030721
103.267365,68,5469.165347
2.96969,72,5469.309998
101.463334,40,5469.391016
101.48061,62,5469.51587
101.570858,86,5480.910503
2.899825,68,5481.056477
105.27991,62,5481.184964
5.195923,61,5481.309949
1.606745,90,5481.496566
5.439724,62,5481.623142
101.152238,73,5481.772229
2.488634,63,5481.90213
102.782836,62,5482.040148
4.117433,79,5482.200661
-0.327998,167,5482.538999
103.910213,60,5482.657482
101.210946,110,5482.86904
2.101017,60,5482.988021
102.603758,68,5483.119341
1.783608,66,5483.249074
0.996611,74,5483.392862
5.609597,68,5483.526839
5.047589,65,5483.656255
2.735547,68,5483.78967
3.73547,69,5483.925219
1.618848,82,5484.091319
101.134842,80,5484.24906
101.117295,82,5484.41096
0.861045,93,5484.592623
104.257621,70,5484.731619
2.843468,89,5484.906125
0.603993,83,5496.380178
105.37013,77,5496.537222
3.001738,94,5496.750312
101.678375,76,5496.902068
3.516689,78,5497.054083
4.595363,67,5497.184977
3.613479,64,5497.312228
3.889044,66,5497.441572
101.596418,91,5497.6202
100.951658,84,5497.787164
4.057517,74,5497.932015
101.149663,57,5498.042088
1.211032,88,5498.216445
3.473549,72,5498.356879
101.128201,51,5498.45715
3.971956,61,5498.57223
101.665905,57,5498.683053
5.008154,68,5498.817748
3.881468,67,5498.957948
1.851815,99,5499.157306
1.801637,85,5499.322035
3.295476,65,5499.456439
5.526373,68,5499.594023
-0.256938,82,5499.759346
105.129155,60,5499.878447
1.174067,74,5500.028508
101.497348,74,5500.171789
-0.693217,92,5511.686361
101.437511,81,5511.847199
0.20667,87,5512.019909
2.875892,71,5512.163029
1.599715,66,5512.299501
2.153691,61,5512.419605
1.44384,112,5512.641213
1.202066,92,5512.832567
102.771916,68,5512.969672
2.879949,86,5513.139517
2.49548,97,5513.340742
-2.415329,136,5513.618415
5.386127,66,5513.745051
0.663381,92,5513.933308
101.716947,49,5514.031992
3.351507,80,5514.191198
-0.679736,142,5514.480626
2.383859,74,5514.629595
102.480808,75,5514.777952
4.803779,60,5514.899049
101.143371,100,5515.097957
5.125345,62,5515.218282
102.301261,71,5515.356988
3.02672,65,5515.485092
2.133956,77,5515.636672
4.067403,66,5526.925597
100.106859,59,5527.040524
5.207415,74,5527.188795
102.992976,79,5527.34892
5.764708,67,5527.495053
2.705708,73,5527.641249
4.319189,81,5527.798964
1.51214,88,5527.977037
4.378674,63,5528.105344
101.534475,67,5528.241187
2.656664,72,5528.384073
101.087779,118,5528.622923
2.78269,88,5528.800423
4.101464,77,5528.95409
103.97375,55,5529.063587
100.828985,74,5529.211733
102.297672,64,5529.340257
0.445243,1000,5542.526208
1.310251,87,5542.696445
104.349002,56,5542.804087
-0.767815,181,5543.159558
0.02021,97,5543.35402
3.888284,68,5543.486103
4.428025,81,5543.646415
102.20182,58,5543.763538
1.094349,100,5543.973892
101.405214,76,5544.126654
101.199646,123,5544.373303
1.37106,115,5544.602939
4.368599,76,5544.749349
3.670021,76,5544.9036
1.307633,97,5545.094516
4.41753,65,5545.220749
4.493849,79,5545.382273
0.154992,72,5545.526169
101.127859,69,5545.665838
1.423864,94,5545.85113
1.231177,67,5545.990781
101.098047,57,5546.106465
2.983904,81,5546.268749
3.434988,64,5557.587542
4.008604,65,5557.716221
2.449213,88,5557.905226
105.162617,74,5558.051716
-0.380325,91,5558.235211
1.283981,87,5558.410175
1.636922,83,5558.576878
2.498998,71,5558.71957
2.207357,73,5558.863487
1.290679,79,5559.016729
3.454416,83,5559.180281
106.048296,71,5559.320739
1.254443,64,5559.448448
4.102768,70,5559.587395
3.014176,86,5559.764513
3.527514,63,5559.890726
2.901776,79,5560.048795
105.706047,69,5560.188041
3.006127,80,5560.349889
101.707729,41,5560.426764
4.446382,79,5560.581922
2.174904,61,5560.709927
104.498025,68,5560.844692
3.758873,76,5560.99604
5.44189,75,5561.146484
3.147402,79,5561.308042
102.762642,48,5561.403854
4.227413,75,5561.554747
5.961984,65,5572.907202
2.231634,69,5573.047694
3.997391,70,5573.188037
0.835414,79,5573.346903
104.278879,57,5573.460508
4.694185,154,5573.759543
4.067031,76,5573.914275
104.036512,63,5574.056678
2.702897,73,5574.20147
3.542183,66,5574.330558
101.638045,88,5574.508341
3.006891,66,5574.637913
100.899713,85,5574.805594
0.63,112,5575.027772
4.624469,82,5575.189543
103.477226,71,5575.329875
103.575192,56,5575.440566
0.6215,85,5575.611512
1.32064,63,5575.735226
4.841201,71,5575.876528
102.312551,75,5576.027932
4.207046,91,5576.212909
2.811884,81,5576.373028
1.922244,69,5576.50718
2.852727,73,5576.65366
101.522148,65,5576.781962
5.486578,62,5576.905221
2.484098,97,5588.285496
3.272312,103,5588.501268
102.959876,63,5588.628917
101.974911,99,5588.826423
1.665787,97,5589.018601
102.463764,79,5589.176226
2.529021,60,5589.292834
100.75261,74,5589.435415
3.943986,97,5589.628779
1.745108,60,5589.749487
100.904722,67,5589.878915
1.930567,85,5590.047606
102.641927,63,5590.17221
-2.266497,262,5590.696705
3.323656,63,5590.820353
102.841028,72,5590.962193
2.697317,63,5591.086767
104.202856,57,5591.200637
102.795156,55,5591.312951
103.643614,67,5591.444806
105.828966,66,5591.577238
101.087507,71,5591.718662
104.948393,65,5591.84816
2.025239,91,5592.031811
102.925189,68,5592.17028
2.270504,77,5603.547039
1.426416,82,5603.710173
101.522804,109,5603.927763
3.572119,70,5604.070023
100.789611,73,5604.213456
102.174851,76,5604.368671
100.995112,54,5604.479355
4.793659,63,5604.62001
1.603502,90,5604.797658
5.518798,77,5604.951212
0.786066,74,5605.104036
3.966569,88,5605.280293
4.950489,87,5605.452673
101.301573,85,5605.61864
3.700805,65,5605.747918
103.217407,77,5605.902658
1.704494,77,5606.062199
100.861647,71,5606.201961
1.075083,353,5606.901633
3.48838,73,5607.045057
101.202992,67,5607.179174
4.31556,67,5607.315352
4.632076,61,5607.435986
1.269953,93,5618.848729
103.438934,63,5618.986588
-0.878229,64,5619.114242
6.058989,65,5619.241421
-0.043857,139,5619.5176
-0.574664,115,5619.748308
101.141047,88,5619.922312
101.585994,83,5620.092931
4.653965,117,5620.326927
102.857345,75,5620.475207
-2.044605,295,5621.063639
1.317437,120,5621.310193
103.899141,55,5621.422905
-2.295124,145,5621.718256
1.208155,75,5621.865638
105.439826,62,5621.993047
1.34019,80,5622.151624
3.738819,80,5622.311897
101.626163,60,5622.427471
-2.21172,280,5634.176611
2.086573,65,5634.30478
-1.414734,122,5634.54408
3.464542,95,5634.746551
1.924945,82,5634.90829
4.764424,88,5635.083478
1.567728,70,5635.222677
101.540923,83,5635.388287
3.923174,76,5635.542425
1.811019,68,5635.677531
101.21094,77,5635.828746
1.583861,71,5635.970007
1.8715,69,5636.10791
0.266543,85,5636.280732
4.623206,72,5636.427131
4.012269,65,5636.556821
101.947177,65,5636.684721
3.456916,79,5636.841071
103.581694,63,5636.965158
-2.092098,144,5637.253642
5.468559,69,5637.38958
3.532791,71,5637.528911
3.72501,99,5637.722873
102.420054,61,5637.844977
3.639868,68,5637.974857
103.556912,67,5638.109665
2.245289,68,5649.478584
0.041859,107,5649.704208
2.82499,98,5649.899696
0.401543,77,5650.052665
103.761325,55,5650.160685
-0.831635,97,5650.353407
2.619049,133,5650.620153
101.951792,103,5650.822991
102.44887,67,5650.95384
4.06803,83,5651.119345
1.719674,96,5651.306117
1.773363,82,5651.46824
4.571077,64,5651.596825
0.625433,95,5651.782942
4.135723,65,5651.913078
102.828346,63,5652.039485
3.181131,71,5652.178969
103.956354,53,5652.285823
3.590572,98,5652.477162
3.600729,74,5652.623345
100.892886,67,5652.756696
4.083483,71,5652.894984
5.278575,84,5653.069762
1.772754,108,5653.283123
4.02,64,5653.408072
106.003919,66,5664.755138
105.150308,73,5664.89776
100.598661,59,5665.014564
101.965307,76,5665.167089
2.473552,75,5665.315806
1.409453,70,5665.458728
2.815173,70,5665.591989
3.441919,77,5665.749064
0.384546,1000,5667.754619
3.329995,91,5667.928792
101.086633,81,5668.088072
100.527066,54,5668.194017
3.242093,63,5668.318817
3.350205,68,5668.456742
2.857146,68,5668.596193
2.042881,90,5680.006373
-0.519856,339,5680.689342
105.22988,70,5680.833319
2.8897,60,5680.953734
101.378706,113,5681.178245
0.855398,73,5681.324484
3.885231,94,5681.50753
103.149772,55,5681.623891
2.903461,70,5681.762243
106.097525,69,5681.89796
6.032254,69,5682.033543
4.700626,102,5682.238857
101.29034,56,5682.347532
3.540814,62,5682.472105
3.056889,64,5682.603029
104.029379,56,5682.714619
2.612054,88,5682.88619
5.006363,63,5683.009507
103.895888,65,5683.137715
1.907887,68,5683.276507
4.096777,81,5683.44028
3.212005,76,5683.591781
100.605936,73,5683.733541
102.047017,70,5683.870574
106.177077,70,5684.012541
3.278765,80,5695.401016
0.429327,111,5695.618784
5.395979,63,5695.743405
1.523974,106,5695.957768
2.155184,86,5696.129724
2.844727,77,5696.295266
101.470917,85,5696.46798
3.255754,71,5696.610517
2.445702,69,5696.752275
4.423061,110,5696.979656
2.211444,65,5697.105432
2.576127,79,5697.25705
2.213769,94,5697.441837
1.701774,95,5697.631252
4.536055,65,5697.764589
1.161475,281,5698.317434
5.097942,76,5698.478048
2.450357,68,5698.61097
3.127177,69,5698.749833
0.997082,102,5698.951888
101.325475,51,5699.055187
105.337091,72,5699.196569
3.862503,63,5699.321469
101.292121,131,5710.849858
101.48438,84,5711.015362
104.466173,62,5711.141762
100.990825,51,5711.244171
102.051175,77,5711.403083
3.30836,85,5711.56851
2.653253,67,5711.713973
101.335059,77,5711.86743
4.266555,75,5712.014565
4.2168,67,5712.148237
100.923859,82,5712.318798
100.934164,68,5712.453388
102.194552,47,5712.545908
3.377875,71,5712.692527
0.504196,130,5712.957861
1.45375,66,5713.093411
0.39681,114,5713.331964
102.590457,59,5713.45501
3.988458,69,5713.603011
100.974508,83,5713.780033
-0.132187,94,5713.975138
101.531187,73,5714.12377
2.575363,65,5714.255301
101.866107,82,5714.418501
1.889368,100,5714.618916
-1.450124,121,5726.054087
1.511948,68,5726.187756
3.222987,68,5726.320331
1.646366,76,5726.476075
3.646134,82,5726.642778
4.672585,87,5726.818002
105.115763,64,5726.946176
2.611019,85,5727.123786
100.891351,84,5727.3079
4.130774,79,5727.464102
100.715824,49,5727.564419
3.047391,69,5727.702728
2.2443,68,5727.839284
-1.806814,237,5728.309459
2.145004,72,5728.449701
1.975037,75,5728.59769
1.318088,112,5728.82533
104.495877,75,5728.974838
4.601293,65,5729.102607
101.191738,82,5729.26889
100.855456,73,5729.422819
4.356753,78,5729.584589
105.270713,74,5729.737016
2.026575,91,5729.924493
4.242354,78,5730.086284
1.903653,105,5741.567795
101.061313,93,5741.761116
103.876671,54,5741.864782
1.559127,75,5742.01262
5.47932,70,5742.161789
0.34285,80,5742.319734
102.641121,71,5742.470251
1.78174,93,5742.656223
100.627761,78,5742.813871
4.336256,63,5742.93886
1.826215,87,5743.112796
3.270576,64,5743.239502
101.503636,52,5743.346069
1.195738,149,5743.638614
1.511804,88,5743.810886
4.650906,80,5743.973992
103.245754,58,5744.090611
3.861286,83,5744.255635
-0.510548,398,5745.046906
4.05504,63,5745.173549
101.439775,52,5745.273584
3.969106,65,5745.404987
2.780762,111,5756.828166
103.328534,67,5756.960424
3.104099,96,5757.147721
3.786672,70,5757.286379
100.064694,18,5757.32239
3.941775,67,5757.452804
2.221542,71,5757.592062
4.375461,66,5757.718416
4.056497,65,5757.848271
5.8229,70,5757.983275
104.421758,67,5758.114782
3.577724,63,5758.253679
2.813544,65,5758.385068
101.059008,92,5758.565082
101.575783,35,5758.634103
103.387943,61,5758.752736
0.92367,91,5758.931932
2.453824,71,5759.070293
0.719315,84,5759.238362
3.35687,90,5759.411634
104.107071,74,5759.555838
3.527189,71,5759.696542
5.252723,62,5759.817461
102.648045,61,5759.939783
104.737821,70,5760.074759
102.552393,60,5760.192331
0.574131,106,5760.406818
4.785225,75,5760.551357
1.810325,123,5772.057369
5.557288,78,5772.231156
100.883935,85,5772.407083
4.383604,66,5772.542353
104.225927,69,5772.683743
105.084465,63,5772.812117
100.597238,60,5772.930722
1.150766,70,5773.06943
1.635847,65,5773.197204
3.889537,64,5773.326666
2.884968,84,5773.496847
1.573768,96,5773.693204
1.519431,69,5773.835953
100.475244,74,5773.986112
101.513094,79,5774.156573
105.971704,68,5774.300852
1.347434,86,5774.479284
103.458024,66,5774.614309
1.034457,99,5774.815616
100.882995,72,5774.961221
100.80632,69,5775.100782
-1.780646,188,5775.475707
4.278193,67,5775.611041
4.288004,77,5775.771544
2.184826,70,5775.913158
101.933494,76,5776.072562
105.869534,65,5776.209683
2.91537,63,5787.587362
4.883362,76,5787.741469
101.354551,74,5787.897168
2.986708,66,5788.03213
1.29785,72,5788.178652
101.422256,81,5788.364689
103.840067,68,5788.50268
103.045267,50,5788.6079
101.064798,81,5788.772947
2.764922,64,5788.896713
3.627188,63,5789.024003
101.114852,75,5789.184914
101.487614,71,5789.333235
-0.761087,86,5789.510353
2.368329,61,5789.635716
3.049196,74,5789.790727
4.548218,67,5789.930139
-0.734872,115,5790.17004
101.013101,30,5790.229126
103.638532,52,5790.328891
-0.775206,55,5790.438579
1.470172,88,5790.611335
-0.085908,89,5790.784742
2.247529,62,5790.905189
2.080929,135,5791.174671
101.294785,86,5791.348425
2.282252,127,5791.599007
2.468404,60,5802.915665
102.114809,66,5803.045352
2.871173,62,5803.180759
4.396238,71,5803.318318
4.867059,72,5803.460408
0.096135,80,5803.621897
3.228369,82,5803.790403
1.950024,85,5803.965945
102.260864,63,5804.095417
101.859755,80,5804.249775
102.118304,46,5804.339823
2.817325,75,5804.492853
101.185363,62,5804.641906
1.948142,69,5804.780386
100.51216,82,5804.944948
4.652542,78,5805.100395
102.579576,72,5805.242281
3.56011,66,5805.374012
2.958581,93,5805.560116
4.317018,72,5805.706071
100.319628,67,5805.835989
1.361305,81,5806.00057
2.814491,62,5806.12455
0.977786,180,5806.486665
100.802064,83,5806.655495
4.587905,72,5806.798586
101.769632,74,5806.943911
1.080999,78,5818.560623
105.2234,67,5818.695915
4.889198,82,5818.867572
2.975854,66,5819.005606
100.905537,79,5819.162188
101.809621,46,5819.252416
5.204078,75,5819.405231
0.725595,98,5819.607203
1.247723,85,5819.774268
2.025713,124,5820.022267
101.67253,84,5820.187191
2.078049,65,5820.319777
102.949979,69,5820.457149
101.18411,49,5820.556546
101.705533,99,5820.748953
102.118498,44,5820.836953
2.811362,68,5820.969664
0.911547,93,5821.163437
2.344849,76,5821.315367
3.759346,62,5821.437408
2.27914,114,5821.661961
2.574086,77,5821.815844
5.252007,75,5821.965702
102.871917,69,5822.103138
104.327766,69,5822.244125
101.804109,99,5822.441839
1.410237,96,5833.832162
1.637172,88,5834.00741
3.623018,62,5834.127701
100.587243,60,5834.243201
101.172156,77,5834.398672
1.6292,94,5834.586873
2.612595,68,5834.720664
3.559881,70,5834.867701
-0.821465,118,5835.120287
1.038952,78,5835.274962
100.609852,85,5835.451891
2.08871,68,5835.591423
101.820791,60,5835.709217
104.141722,66,5835.83771
5.1744,66,5835.969294
102.415899,64,5836.094911
103.372515,53,5836.203281
105.961586,64,5836.32776
3.003321,64,5836.45892
4.051863,62,5836.580391
101.578186,79,5836.740649
1.955976,70,5836.88207
1.659656,72,5837.0243
103.863986,57,5837.139228
105.170388,75,5837.28836
4.062283,70,5837.437191
2.25742,61,5837.554181
1.519475,93,5837.736361
4.500211,63,5837.861804
101.148702,107,5849.370663
3.315606,170,5849.720052
1.666562,60,5849.838525
1.053892,91,5850.01993
2.885325,94,5850.211708
100.526921,78,5850.371055
101.301448,81,5850.531396
5.613693,73,5850.676556
3.224925,63,5850.80453
3.605594,73,5850.948195
0.080771,172,5851.293425
3.341177,68,5851.426317
100.592864,62,5851.54902
3.080762,102,5851.749127
4.974132,76,5851.900779
3.769959,68,5852.033718
2.918934,71,5852.178436
4.240376,62,5852.296536
4.246252,66,5852.42827
3.266351,80,5852.587763
3.296321,71,5852.726852
101.243529,63,5852.848468
4.307241,73,5852.990463
103.853588,64,5853.120942
2.548764,74,5864.502429
1.980743,70,5864.640506
101.263823,72,5864.781372
2.308381,85,5864.952418
3.383559,72,5865.094603
100.997839,75,5865.244354
4.090004,67,5865.376805
102.071596,57,5865.496377
3.165133,63,5865.6245
2.643941,82,5865.785214
1.993271,77,5865.944937
1.164871,83,5866.116064
2.758341,76,5866.264739
101.417022,93,5866.449069
2.591964,65,5866.579506
3.511307,77,5866.733444
1.313632,76,5866.88568
101.44931,41,5866.966407
1.640146,74,5867.113372
2.092425,84,5867.277245
4.636313,63,5867.403271
1.141358,80,5867.55751
2.635289,71,5867.695686
102.921139,55,5867.803199
101.133168,73,5867.945585
5.91279,65,5868.071265
4.02238,66,5868.201359
100.435044,75,5868.353023
5.371307,80,5868.507008
100.96457,72,5879.887738
1.294838,89,5880.078411
102.27389,45,5880.17308
101.264027,111,5880.391201
104.143525,68,5880.529467
4.451275,71,5880.675565
1.326382,71,5880.821859
4.839078,65,5880.951471
3.093829,82,5881.112819
100.434156,61,5881.238289
2.110762,67,5881.371336
1.983483,80,5881.533675
0.809866,97,5881.72937
1.433565,93,5881.914868
100.202741,65,5882.044897
101.110205,43,5882.132373
4.464096,64,5882.257497
102.254477,51,5882.359954
4.657571,63,5882.48983
4.843095,66,5882.622624
3.565461,65,5882.751786
2.887498,85,5882.920924
101.538375,45,5883.013571
101.849153,52,5883.118406
2.560307,65,5883.247042
4.085324,70,5883.38714
0.740894,71,5883.535967
4.086247,66,5883.664896
4.238686,66,5883.794419
4.477221,64,5895.148622
0.824537,94,5895.337488
100.654688,60,5895.456242
4.224437,75,5895.605256
4.902579,76,5895.760571
104.804553,66,5895.891507
4.753031,70,5896.037123
4.766222,71,5896.189564
1.422079,78,5896.347116
0.878381,86,5896.516472
3.624436,201,5896.916294
2.567495,60,5897.037579
5.30992,68,5897.172755
3.328244,74,5897.319454
102.226549,69,5897.457044
100.912965,114,5897.686543
1.74223,101,5897.890201
100.866561,83,5898.058339
5.290934,95,5898.244341
3.287208,71,5898.390285
4.788418,64,5898.514767
-1.964207,295,5899.096417
100.783919,74,5899.246835
0.266567,69,5910.582357
101.993937,79,5910.738827
105.206635,62,5910.87026
3.019425,91,5911.054498
2.459922,91,5911.233692
101.319757,75,5911.384831
4.522692,61,5911.510128
2.702311,68,5911.652904
-2.171293,137,5911.924409
2.465502,67,5912.059075
2.530253,62,5912.183594
101.549796,62,5912.30531
102.174373,56,5912.426493
102.088948,62,5912.549989
102.562001,66,5912.675889
4.14606,74,5912.823439
101.076456,63,5912.948728
4.69669,62,5913.071265
5.164809,74,5913.232298
101.53974,69,5913.370669
-0.529891,125,5913.62906
1.295512,85,5913.794063
3.241815,65,5913.921395
100.88623,88,5914.102761
3.202492,94,5914.298924
-0.32726,175,5925.821527
100.307008,61,5925.941129
1.0129,111,5926.161176
0.535202,85,5926.325199
1.647568,71,5926.480921
3.74398,69,5926.61728
5.325437,65,5926.746534
101.314235,63,5926.871763
0.335786,103,5927.073846
101.863086,42,5927.155943
4.653385,62,5927.279875
4.674788,64,5927.410772
104.313179,66,5927.543482
3.885824,102,5927.748172
-1.964848,351,5928.465261
100.571646,66,5928.589724
4.703161,71,5928.734532
101.008735,66,5928.869532
103.160097,58,5928.984631
102.893085,65,5929.115646
3.710291,71,5929.257127
4.443136,67,5929.395015
4.296832,78,5929.550864
4.344645,79,5929.717474
4.068429,125,5941.141509
101.709338,38,5941.218474
102.622814,58,5941.331921
-1.889599,130,5941.601922
102.792572,53,5941.713949
1.888007,81,5941.875622
4.122338,60,5941.991817
101.85111,55,5942.09988
4.45889,84,5942.265852
1.048731,78,5942.418545
-2.198678,306,5943.026584
3.200528,73,5943.170499
2.803047,81,5943.333473
2.642452,124,5943.581177
102.145048,48,5943.67648
101.878364,57,5943.788277
102.824005,53,5943.894852
101.574969,83,5944.066597
2.520583,69,5944.204701
2.382723,79,5944.359057
1.286701,73,5944.506485
3.673893,67,5944.63668
3.533658,67,5944.768837
5.117187,67,5944.901954
100.412046,54,5945.011403
2.396233,64,5956.378318
3.971052,104,5956.596082
103.322692,65,5956.73242
4.169234,71,5956.873692
3.136009,65,5957.004235
1.629851,66,5957.13423
2.510781,91,5957.318359
3.42712,68,5957.453415
100.416457,69,5957.605241
101.521533,70,5957.749047
4.678961,93,5957.945234
3.453838,68,5958.087655
103.092464,67,5958.228666
1.544929,85,5958.405502
103.7556,58,5958.529506
103.057716,65,5958.657533
3.850096,63,5958.790296
101.714466,65,5958.918836
4.559945,70,5959.063849
-0.076315,109,5959.275213
3.571513,91,5959.454564
101.888323,65,5959.585344
100.739889,62,5959.702768
101.235163,83,5959.866601
-1.768746,150,5960.162322
0.003471,183,5960.524786
-0.830116,90,5971.930419
4.13195,69,5972.068371
3.899378,101,5972.269982
2.495013,82,5972.43157
102.762955,52,5972.531052
104.666549,67,5972.66396
-8e-06,102,5972.887033
101.30341,63,5973.02642
-0.116795,79,5973.18013
4.413392,124,5973.42722
103.932476,69,5973.566028
-2.079208,210,5973.995205
3.445275,62,5974.11661
106.072354,67,5974.249509
3.727316,61,5974.370076
2.364857,82,5974.533958
102.236461,57,5974.650398
4.440945,93,5974.837603
2.093162,69,5974.976593
100.786273,92,5975.164891
2.263872,160,5975.488339
5.425864,63,5975.617619
4.029595,65,5975.743981
0.113386,98,5987.119045
1.947795,69,5987.270802
4.544473,74,5987.417086
1.173691,71,5987.558165
0.739916,99,5987.753553
5.334915,63,5987.878853
1.653383,82,5988.038486
0.484091,79,5988.204954
3.952569,66,5988.332161
1.38186,71,5988.479353
-0.103472,174,5988.83026
2.258417,81,5988.991748
-0.190076,94,5989.177447
5.05309,73,5989.320966
101.328663,78,5989.476549
5.01441,93,5989.664449
1.171214,80,5989.829509
0.954941,85,5989.997175
2.615843,69,5990.144787
1.205012,70,5990.276544
100.845232,91,5990.460425
104.11803,70,5990.597846
0.716737,103,5990.811231
1.097932,81,5990.97083
2.751804,64,5991.094723
101.935988,57,6002.424675
4.744718,70,6002.563196
4.572917,63,6002.684519
102.034427,76,6002.832731
1.320042,93,6003.019265
2.873572,90,6003.196771
102.108356,68,6003.340539
1.051381,87,6003.535299
3.210176,80,6003.691832
103.886634,62,6003.814019
2.086197,105,6004.015745
4.837661,105,6004.218299
3.330014,80,6004.376952
101.859785,73,6004.521348
101.31253,76,6004.672987
1.409577,79,6004.830488
1.162846,64,6004.957389
1.159586,96,6005.145191
1.535521,69,6005.277944
3.018254,67,6005.415324
1.112193,100,6005.613795
102.775191,53,6005.717884
106.236702,69,6005.859059
3.550335,69,6005.998496
101.190201,68,6006.13145
3.379172,90,6006.305556
104.709814,67,6006.439405
104.526942,56,6017.857263
3.394314,76,6018.010303
104.01974,70,6018.14906
2.500841,61,6018.264898
2.489816,63,6018.392017
105.896265,65,6018.526553
0.750277,66,6018.655016
3.469494,72,6018.798163
-0.706205,108,6019.01577
4.558724,66,6019.150142
102.647461,78,6019.304077
100.738001,95,6019.494306
105.631096,64,6019.616856
-0.212616,108,6019.832165
4.916777,72,6019.982846
3.414314,69,6020.122871
4.721983,63,6020.249302
101.545988,73,6020.392494
101.04901,101,6020.583836
105.38544,73,6020.726938
105.674235,70,6020.866351
0.708182,92,6021.049847
104.19529,58,6021.16665
4.792772,68,6021.297566
0.205954,102,6021.505064
1.801645,70,6021.643975
1.10488,102,6033.06552
1.744422,90,6033.241426
102.045104,68,6033.371829
103.319289,54,6033.477218
104.977066,65,6033.606784
0.935109,73,6033.750224
3.316638,66,6033.881846
105.591197,62,6034.019621
2.139882,117,6034.250814
1.193747,91,6034.430778
3.384865,62,6034.552662
2.655716,64,6034.677161
-0.977293,96,6034.867086
100.988012,81,6035.034353
1.505077,98,6035.223432
0.568982,85,6035.391251
2.279222,80,6035.54772
102.369499,48,6035.640909
101.14757,72,6035.783145
-0.526859,105,6035.991247
4.188026,69,6036.124522
3.445048,86,6036.299774
5.875695,66,6036.429927
1.043257,103,6036.632241
2.8847,72,6036.769371
0.32657,115,6036.998276
1.77817,86,6048.411252
4.13373,65,6048.555
2.942528,68,6048.687928
2.205753,82,6048.845538
1.252051,78,6048.9952
2.552567,74,6049.138948
0.505626,1000,6051.140535
5.387178,90,6051.331409
3.959511,65,6051.466407
4.356704,62,6051.596694
2.016762,69,6051.737742
0.565152,572,6064.279081
100.923424,96,6064.498934
101.490225,126,6064.76544
1.692574,69,6064.915214
3.147532,68,6065.055849
4.568326,95,6065.259049
2.616286,78,6065.420796
2.42159,82,6065.587397
103.18654,58,6065.705894
101.129951,64,6065.842642
1.91246,71,6065.992069
103.31948,54,6066.105003
1.750239,142,6066.403864
4.658074,66,6066.541166
5.236587,61,6066.665699
1.807378,150,6066.973985
-0.629375,82,6067.143341
-0.762575,60,6067.264277
3.29975,68,6067.401684
3.143496,71,6067.54904
5.544797,64,6067.677164
102.259247,48,6067.777203
0.605998,100,6067.980119
102.565758,69,6068.127733
103.936276,57,6079.814232
5.674311,65,6079.948421
2.632863,75,6080.105275
103.512393,60,6080.230576
100.584381,70,6080.376647
3.845773,69,6080.521831
101.267579,79,6080.686852
101.976395,78,6080.850833
101.955677,68,6080.994779
4.683587,66,6081.131674
-0.348627,115,6081.379994
2.521674,81,6081.548062
4.01509,63,6081.683851
4.207147,77,6081.842983
4.607172,67,6081.97807
104.461842,67,6082.115577
101.538443,68,6082.252622
4.643755,79,6082.416273
4.008493,66,6082.556316
0.078128,162,6082.89083
100.618846,54,6083.003038
101.48664,87,6083.186431
1.536228,93,6083.376548
1.399633,75,6083.525903
4.361803,73,6083.676851
4.410243,68,6083.815727
-0.294061,88,6095.183392
3.378051,65,6095.317883
3.977717,67,6095.452944
101.469155,83,6095.622817
-0.859668,95,6095.819818
0.582614,99,6096.02557
0.622944,109,6096.262414
100.871458,82,6096.433674
1.100798,90,6096.62671
4.365315,76,6096.789494
101.502452,58,6096.912801
3.820678,111,6097.14666
102.235754,68,6097.290849
101.634969,80,6097.455195
0.628846,94,6097.645971
101.273987,62,6097.778515
1.365837,71,6097.914237
100.58183,61,6098.034557
103.24428,73,6098.178271
3.630875,69,6098.320889
102.197656,45,6098.409858
2.653112,77,6098.562157
103.848821,59,6098.679941
2.408246,65,6098.816154
2.728474,65,6098.946366
2.739592,79,6099.10401
101.939588,62,6099.228969
1.22531,87,6110.61096
101.580605,76,6110.775776
102.780946,55,6110.884538
103.849438,63,6111.020553
102.75433,58,6111.138393
3.575511,70,6111.28812
4.388401,112,6111.5229
2.053212,64,6111.659303
2.474453,65,6111.802577
102.17992,118,6112.043795
3.225463,68,6112.181288
4.549377,98,6112.374612
100.820017,65,6112.503562
3.659329,67,6112.63613
1.11138,63,6112.761864
1.623975,100,6112.9618
103.58038,70,6113.102946
3.717307,68,6113.23947
4.646377,72,6113.385427
2.931229,73,6113.53249
1.889449,61,6113.650748
103.028151,69,6113.791592
101.243501,67,6113.924281
1.908353,63,6114.050292
3.85793,60,6114.171807
1.680772,93,6114.365316
1.065957,86,6114.5361
3.762115,64,6114.660723
1.802998,70,6126.028887
2.523235,81,6126.187201
-2.090841,120,6126.428544
1.152202,116,6126.663186
4.88006,67,6126.795154
3.873156,78,6126.965401
2.717805,78,6127.124796
1.799273,68,6127.261544
3.21712,207,6127.674061
2.724577,122,6127.91425
101.752458,66,6128.044666
104.721124,58,6128.165768
102.683037,66,6128.298834
4.577645,64,6128.429821
103.524092,70,6128.56719
101.443058,95,6128.755826
101.061191,61,6128.877085
100.369849,42,6128.961459
5.196868,74,6129.109864
1.688259,70,6129.247341
2.783266,83,6129.412242
5.701275,84,6129.578996
3.62496,66,6129.711397
100.609283,37,6129.784536
1.309804,87,6129.959318
4.800157,83,6141.32295
101.844334,69,6141.459198
3.132604,66,6141.588363
103.779435,52,6141.706298
-0.499506,528,6142.750382
103.217616,59,6142.865812
1.431257,152,6143.169477
4.841516,91,6143.352233
103.592935,73,6143.494209
101.245163,80,6143.650096
104.303317,72,6143.794881
3.241773,60,6143.912572
105.499407,63,6144.036712
4.224303,63,6144.17617
3.302414,69,6144.313765
5.937721,68,6144.448659
103.753271,72,6144.587428
101.134654,81,6144.749424
102.227258,82,6144.912858
-1.891841,123,6145.154006
1.554664,74,6145.302859
4.045401,67,6156.707879
105.513427,67,6156.850843
-0.900238,242,6157.332059
102.565183,69,6157.466763
4.781244,64,6157.593887
0.311126,116,6157.823043
101.441783,77,6157.973382
101.149501,72,6158.111826
2.313577,114,6158.339444
5.727387,64,6158.466422
1.080841,77,6158.62099
101.069962,71,6158.762842
102.722968,55,6158.871439
102.777119,62,6158.996379
-0.361641,257,6159.49907
1.651215,78,6159.655764
4.773811,70,6159.795
2.304101,61,6159.917774
103.827934,64,6160.046528
3.038656,91,6160.22888
0.055729,103,6160.43845
4.465091,73,6160.581009
101.400181,79,6171.990619
5.526848,65,6172.120116
100.856346,75,6172.266972
2.543838,81,6172.42889
4.225762,82,6172.600445
102.295246,50,6172.701292
3.05265,68,6172.83723
4.191894,77,6173.000425
4.014601,62,6173.12287
1.844707,66,6173.256093
2.268138,77,6173.42128
2.131404,66,6173.552916
2.846435,88,6173.733855
3.011649,71,6173.873813
102.656893,60,6173.991038
6.00976,69,6174.126245
3.097815,70,6174.267095
102.595475,62,6174.389123
1.27634,95,6174.581773
5.15072,74,6174.725927
102.774769,67,6174.859881
3.506341,64,6174.986948
1.727003,61,6175.106639
101.51593,78,6175.263397
101.549957,78,6175.414786
104.558955,64,6175.538418
2.365273,60,6175.658854
-1.192816,91,6175.843289
4.840745,66,6175.974677
1.009652,90,6187.352841
3.914221,69,6187.486081
1.645039,104,6187.688131
-0.574943,55,6187.823755
2.701692,76,6187.971704
2.988167,75,6188.119651
101.434353,104,6188.33584
100.893098,77,6188.487947
0.049946,152,6188.787521
5.259067,65,6188.917953
4.033928,106,6189.128853
1.385941,94,6189.316804
101.535509,57,6189.427491
4.817477,62,6189.554062
102.657199,64,6189.6812
4.862518,63,6189.804375
1.183635,141,6190.085883
0.862096,75,6190.234827
3.217025,110,6190.453743
3.514997,64,6190.583278
4.048991,68,6190.716044
4.605246,75,6190.863831
101.294743,124,6191.116363
102.195803,76,6191.285463
101.787186,75,6202.633119
1.60312,64,6202.75783
4.037063,70,6202.897607
1.830619,85,6203.067655
1.640009,155,6203.394029
4.301904,79,6203.549712
3.337763,73,6203.698491
100.975215,80,6203.854811
1.219491,73,6203.997905
102.851539,51,6204.101814
1.939735,63,6204.226551
102.668732,80,6204.383073
104.52279,63,6204.508504
4.414087,67,6204.641376
5.585017,81,6204.808591
3.69876,62,6204.93217
2.333745,65,6205.061427
2.115663,62,6205.184488
3.538514,85,6205.348038
5.992549,64,6205.476101
2.496445,77,6205.627919
101.091339,92,6205.810473
3.792182,62,6205.932056
1.675601,66,6206.062587
3.200112,82,6206.22394
100.419919,53,6206.327952
1.205516,82,6206.489342
3.157649,66,6206.622773
102.406245,78,6217.981301
-0.160373,82,6218.159578
2.362899,68,6218.292784
2.056104,88,6218.470297
102.545275,44,6218.560035
3.069997,78,6218.712307
105.109941,69,6218.848863
4.465017,64,6218.980156
101.232026,35,6219.051389
101.443815,70,6219.193537
4.766051,64,6219.320986
4.623852,85,6219.489432
3.052683,99,6219.686874
0.638689,67,6219.821826
3.121488,67,6219.954598
4.607783,81,6220.118637
100.472201,84,6220.282829
101.22772,112,6220.506443
0.544069,106,6220.720394
101.396995,80,6220.876627
1.280964,133,6221.149134
3.675261,95,6221.341275
-0.549556,107,6221.55359
4.160588,71,6221.696483
3.320032,75,6221.844851
-3.947209,241,6233.569648
3.219971,71,6233.719153
0.234814,123,6233.972956
-0.839352,51,6234.076153
100.838427,82,6234.256962
3.403367,63,6234.391765
4.162238,70,6234.538217
101.667306,76,6234.698787
100.53017,65,6234.827722
2.512066,100,6235.026623
2.054831,72,6235.16962
105.69163,68,6235.308879
101.619615,88,6235.48788
3.096885,64,6235.624049
105.615968,63,6235.753134
101.39348,71,6235.901491
2.773249,61,6236.03004
3.190179,81,6236.196604
-1.279513,153,6236.512187
3.194734,61,6236.639803
1.440269,102,6236.842822
101.385902,84,6237.00762
103.490189,70,6237.14616
100.95779,53,6237.250402
3.981963,79,6248.627966
3.636845,67,6248.76038
101.325027,86,6248.931697
3.31542,80,6249.105914
4.452545,66,6249.235816
101.224317,71,6249.374594
2.154835,85,6249.542524
5.219468,72,6249.68064
2.022556,119,6249.915022
100.727629,73,6250.063682
4.460407,66,6250.198622
2.307951,69,6250.353267
100.663069,73,6250.50969
2.135108,67,6250.638708
3.310742,79,6250.79537
103.385217,73,6250.941101
2.580895,67,6251.078907
0.702023,100,6251.290273
102.097337,60,6251.415313
3.301826,77,6251.573868
102.957036,57,6251.692167
101.355911,83,6251.866019
3.233828,79,6252.034169
100.462762,49,6252.132144
101.872326,79,6252.298775
2.919973,62,6252.425986
1.226185,87,6252.606915
101.849792,113,6264.108338
1.738557,118,6264.361165
103.100977,70,6264.505237
-0.750713,99,6264.70996
3.860224,75,6264.866534
5.672342,85,6265.040412
2.957446,88,6265.224366
104.491664,57,6265.343612
103.016756,73,6265.4957
100.539996,67,6265.632466
1.919114,73,6265.786563
2.267207,103,6265.990458
1.000828,91,6266.168399
0.3282,115,6266.395615
2.307901,101,6266.601085
5.094539,89,6266.779007
102.694361,77,6266.930133
1.122525,112,6267.157999
2.902238,89,6267.333621
0.876009,65,6267.465214
105.06859,60,6267.586323
4.260706,63,6267.707951
2.104818,84,6267.878173
102.535483,69,6268.014159
102.8127,66,6268.145568
