#{"t_start": 1759995047.1920946, "env_id": "CustomLunarLander-v0"}
r,l,t
1.029215,94,0.765403
1.947913,95,0.942735
0.024035,104,1.14176
-0.087674,126,1.378069
-2.566612,97,1.558926
-1.144982,125,1.816204
0.851288,120,2.047974
-1.56859,149,2.33085
-0.54171,95,2.509615
-0.859637,111,2.730288
-0.985883,92,2.911316
-0.49229,121,3.149708
-0.181951,108,3.362918
-1.207627,117,3.591704
2.055711,85,3.782737
-0.321609,110,3.995293
-0.183046,107,4.202498
-1.60389,104,4.401066
0.200944,107,15.660412
2.4729,115,15.90426
-1.759476,99,16.103075
0.777342,91,16.278847
2.172304,126,16.523508
2.117674,101,16.724096
-1.740673,93,16.901545
2.388342,93,17.082545
0.059613,97,17.270457
0.563982,112,17.485026
2.106063,90,17.657607
2.094545,92,17.8367
1.390567,132,18.087254
0.133101,103,18.285579
1.156684,83,18.446039
-1.078578,116,18.667592
0.145549,96,18.851086
-1.835692,128,19.098355
1.088803,103,19.30427
-0.807444,104,19.512037
0.317794,101,30.687145
3.208701,82,30.848278
3.086681,78,31.003186
-0.711937,105,31.21435
1.113282,101,31.419015
2.361427,105,31.630452
-0.581073,102,31.851912
2.233989,109,32.071688
-1.165374,84,32.243633
-0.350897,92,32.427129
3.826543,77,32.582083
3.344071,83,32.752789
0.929772,108,32.971613
3.355319,89,33.1538
-0.205781,103,33.360269
3.038786,100,33.558039
1.244709,86,33.731095
1.736289,117,33.968007
1.294214,80,34.120895
3.280967,95,34.301589
0.889798,96,34.486222
3.115396,93,34.662752
4.700128,77,45.87474
0.959964,93,46.076693
0.385118,92,46.260713
-0.246202,103,46.469378
3.523925,88,46.647854
0.156259,110,46.867736
0.395205,78,47.013253
2.7547,84,47.172001
2.584562,76,47.318168
2.6314,93,47.4964
0.71865,103,47.694641
1.002904,95,47.874954
2.775627,92,48.050102
-0.427678,93,48.226983
3.202499,93,48.404661
3.556125,77,48.554459
-1.467084,92,48.727934
0.811134,95,48.913594
3.36132,83,49.075089
3.940343,80,49.22762
1.602552,79,49.379634
1.292458,74,49.519922
4.909589,90,49.689627
3.4411,82,60.843162
1.483809,87,61.017472
4.579852,80,61.173225
1.226879,82,61.337032
2.852855,89,61.510654
3.607396,78,61.662988
-0.052046,87,61.835647
2.2209,75,61.994648
1.090592,79,62.14886
2.085695,83,62.312079
2.864816,86,62.479141
-0.392412,94,62.664904
2.217083,82,62.824591
1.231622,88,62.999494
4.122701,74,63.14463
3.796139,76,63.290719
2.875105,76,63.444297
2.37107,76,63.595595
1.608233,90,63.784684
3.95206,91,63.966671
1.840324,83,64.130159
3.83766,75,64.27663
3.278032,81,64.435893
4.031814,85,64.602635
4.169937,80,64.758639
0.241287,88,76.166856
1.277791,106,76.368788
-0.208344,90,76.546992
4.368759,88,76.716047
-0.542395,87,76.88625
1.613565,84,77.051401
103.494622,58,77.165301
-0.894794,121,77.415795
1.78807,78,77.566069
3.355291,77,77.714293
1.431249,84,77.879045
3.036702,76,78.024603
2.86302,74,78.171452
2.851334,74,78.317569
1.66225,76,78.461922
3.52335,80,78.614448
4.203878,82,78.775698
0.869121,94,78.962089
2.464933,79,79.12589
3.626762,79,79.277811
-1.251641,101,79.47157
0.889966,105,79.678316
2.609321,76,79.824929
3.731459,75,79.968333
0.705198,88,91.144575
5.356563,83,91.303976
1.062462,94,91.487986
-0.016838,95,91.681183
4.006535,79,91.838302
3.30579,81,91.996262
-0.496665,116,92.228598
4.195324,86,92.39971
1.500244,88,92.574251
-0.190042,114,92.797141
1.445686,80,92.954163
1.18725,72,93.096906
1.507431,71,93.237064
5.024978,77,93.388367
2.434823,75,93.536975
1.86616,79,93.69908
1.605604,80,93.858317
4.433691,71,93.99844
4.034142,77,94.157052
4.328835,80,94.312761
-0.179394,107,94.526956
3.528791,86,94.693733
0.666408,83,94.858332
0.679762,92,95.039097
2.92412,70,106.232013
2.132398,88,106.403227
4.506893,78,106.556868
0.765994,105,106.770046
3.670429,70,106.909792
100.734678,49,107.005584
5.913378,77,107.162255
4.499254,79,107.326097
1.663622,91,107.507352
0.227029,96,107.695075
1.505344,76,107.848418
0.179152,99,108.044133
2.142825,74,108.194186
1.14245,89,108.3709
4.907307,80,108.536462
3.148181,74,108.684501
0.213155,111,108.905991
2.159168,65,109.036786
2.77334,73,109.17962
4.641309,79,109.336848
-0.108133,91,109.520348
103.864229,61,109.64078
4.432421,74,109.787361
100.859429,44,109.889695
2.718558,80,110.051819
3.742244,93,110.236631
3.253953,94,121.431863
2.882949,81,121.594259
-0.505052,119,121.831731
2.606434,67,121.979639
3.787304,96,122.173042
4.196179,80,122.334669
1.796225,77,122.487085
4.938706,78,122.644352
2.757604,77,122.799477
0.004442,115,123.028185
2.955493,82,123.190038
4.119072,90,123.37358
4.134865,74,123.521735
3.395482,75,123.686381
0.198073,96,123.880268
1.855942,80,124.045182
3.782328,77,124.199561
0.920371,91,124.381255
0.436203,86,124.557826
3.317852,91,124.744377
0.268327,91,124.93377
3.639811,90,125.128009
1.646802,72,125.272956
101.741813,98,136.52334
3.89079,69,136.662471
5.148053,66,136.792747
-0.56609,130,137.07116
0.829345,75,137.222114
1.22331,73,137.367163
1.403657,79,137.522827
0.6082,88,137.696715
3.858812,78,137.847297
2.798406,80,138.004307
3.554928,72,138.146106
4.351079,74,138.296194
1.850555,78,138.451885
5.127765,71,138.607307
3.523405,94,138.799714
-0.689547,95,138.985957
3.892725,81,139.146824
3.080743,81,139.302873
4.502763,76,139.451747
0.943749,80,139.606254
4.871223,73,139.75036
2.484495,76,139.916184
1.023487,74,140.060984
1.19018,86,140.23249
3.245137,72,140.3727
2.632755,79,140.527764
0.66542,93,151.767051
0.451367,85,151.931583
-0.084558,122,152.166313
0.652532,95,152.348366
3.242141,77,152.496537
1.82023,79,152.652436
1.060593,93,152.839765
0.972031,74,152.986603
0.738479,93,153.169993
0.68092,79,153.324621
3.656209,72,153.467299
-0.245084,107,153.678879
4.297634,83,153.843733
0.754826,98,154.035612
1.717982,75,154.183131
0.061444,105,154.388444
1.337805,74,154.531165
3.069832,71,154.67264
4.280344,72,154.812259
2.996465,84,154.977965
3.358892,74,155.125169
1.54517,80,155.283311
1.876649,75,155.43088
4.004426,67,155.562716
4.809851,79,166.725576
1.885881,79,166.881863
0.760192,78,167.033358
0.90129,98,167.228437
4.644996,78,167.385372
-0.033404,115,167.614265
2.798428,72,167.76066
4.905795,76,167.914581
0.798834,106,168.124807
4.992643,72,168.276166
4.509454,71,168.425428
4.138771,71,168.56769
1.976201,94,168.756751
2.113412,74,168.903352
1.976354,76,169.051626
-0.191633,115,169.283416
1.674653,90,169.464718
101.434762,78,169.614745
0.536696,84,169.783816
2.663243,73,169.935852
1.282473,102,170.147657
1.59413,99,170.345392
0.851881,121,170.581404
-0.145123,93,170.763775
2.376145,74,181.947554
0.69817,93,182.127547
0.961657,108,182.343945
1.830974,69,182.478208
-0.771861,134,182.736212
1.946881,80,182.894871
1.417198,115,183.115685
1.714665,81,183.292402
4.835999,72,183.436043
0.420534,74,183.580878
4.271906,80,183.737424
5.204646,71,183.874021
103.304927,60,183.991877
3.254007,70,184.129449
5.32438,72,184.275759
1.48101,73,184.418222
0.945521,88,184.592376
1.263839,79,184.748246
1.355917,111,184.980058
5.420245,75,185.12938
2.669967,73,185.272178
1.808035,73,185.414531
3.355729,76,185.563645
2.613882,72,185.704457
1.119437,72,185.842281
1.774545,71,196.968864
0.402904,91,197.150065
4.281107,70,197.295833
0.954143,103,197.496048
2.169029,73,197.641026
-0.012138,91,197.823501
1.997384,77,197.976464
-0.971837,140,198.269377
3.217714,64,198.397448
2.705987,92,198.584797
3.626006,77,198.739201
0.152751,103,198.943106
1.523665,76,199.096274
3.642758,76,199.248416
2.544362,84,199.414711
0.810769,110,199.63477
2.371197,80,199.811772
0.189238,118,200.047374
1.181618,103,200.250601
3.998389,71,200.384799
0.853053,110,200.609192
-0.627743,122,200.850196
2.366197,74,212.00317
0.597195,110,212.222213
2.592671,74,212.365849
1.89671,82,212.527781
2.59556,73,212.677192
4.168741,69,212.812388
2.94667,68,212.942909
2.658129,83,213.107523
2.748135,75,213.253151
-0.445136,118,213.499301
3.232001,68,213.63517
-0.145262,120,213.871539
-0.767425,118,214.110257
3.178149,76,214.258487
-0.229968,123,214.512493
2.999211,88,214.690744
1.856068,72,214.833702
-0.710643,97,215.029555
0.335618,86,215.221811
2.311417,70,215.364231
4.96992,67,215.501876
1.734695,70,215.640258
3.742246,72,215.782806
2.633384,74,215.933895
1.981861,76,227.255272
0.711462,92,227.452036
100.711719,141,227.73359
4.389679,76,227.883468
1.505238,82,228.05018
1.246602,84,228.217297
-0.389664,93,228.409908
-0.970752,138,228.684006
0.695063,89,228.862255
4.160798,67,228.997778
4.034659,68,229.134024
2.234101,70,229.270194
0.551251,89,229.450055
3.078571,72,229.59494
0.588233,93,229.775691
1.821456,76,229.929014
4.82535,68,230.063507
4.135981,73,230.211789
4.086298,70,230.350583
1.783659,75,230.498056
4.169289,74,230.64859
1.789048,77,230.800732
2.015144,73,230.94662
3.530423,74,231.091045
4.623042,68,231.225154
4.484495,68,242.46668
0.05228,123,242.714558
0.31655,98,242.908715
4.376251,71,243.047041
0.631916,87,243.218616
0.866985,93,243.40635
0.819863,75,243.572962
4.914002,74,243.719366
2.514903,67,243.854589
3.589672,70,243.991536
0.67738,96,244.176538
4.736411,70,244.311728
5.10614,75,244.459503
-0.162233,94,244.644523
0.605011,163,244.963511
0.915241,97,245.164881
0.579442,88,245.338706
4.821466,77,245.491904
1.718999,83,245.65262
4.046462,66,245.785059
4.875179,72,245.92518
0.456442,107,246.138949
1.909721,77,246.293294
0.683249,104,246.498415
2.887947,81,257.728551
0.204665,80,257.888785
1.357585,74,258.03641
2.211804,80,258.194541
2.411544,74,258.342708
100.870794,97,258.535813
5.516984,70,258.677596
1.344437,67,258.810593
3.66692,120,259.068093
4.339777,83,259.237121
4.261988,83,259.404242
105.709708,70,259.545229
1.021082,98,259.739737
3.377695,67,259.874513
-0.807213,100,260.07439
5.032249,74,260.224924
5.17589,67,260.360488
4.122265,72,260.500674
2.473672,79,260.676472
4.81881,71,260.819957
4.541639,67,260.951388
3.872181,80,261.11007
0.980668,72,261.246047
2.172918,73,261.390284
1.031747,101,261.594656
2.18708,74,272.827886
3.014209,70,272.969109
0.695926,139,273.246974
1.475672,74,273.393786
100.321011,25,273.45421
0.124669,107,273.671324
1.513664,71,273.814359
4.076085,74,273.962799
2.412233,99,274.161011
3.614896,70,274.302423
0.329176,90,274.483642
3.390577,75,274.632082
-0.153434,99,274.835798
0.560296,91,275.018975
2.766061,66,275.164496
3.268471,81,275.327026
4.221332,68,275.465842
-0.105034,197,275.859939
2.087071,72,276.001978
1.701083,69,276.140749
-1.214891,109,276.361724
0.950797,94,276.559285
1.565804,77,276.714691
4.352497,133,288.043923
1.315218,87,288.213536
4.025093,70,288.364107
1.939892,74,288.509152
-0.460585,85,288.678259
-0.115804,107,288.889252
1.266135,83,289.060026
0.492456,82,289.219466
2.298505,72,289.358667
2.395291,67,289.493133
4.604633,72,289.635974
1.007338,71,289.780034
0.638809,97,289.971176
4.87327,68,290.110286
1.442187,89,290.302136
2.382903,72,290.455287
3.326467,72,290.615349
2.067501,95,290.806567
-0.393719,111,291.024893
2.980846,71,291.181243
2.375675,71,291.324297
2.44874,76,291.477859
3.634587,71,291.621378
1.599032,138,291.897834
5.347809,74,292.049101
0.878427,98,303.736158
3.956387,65,303.866376
0.906895,79,304.021604
3.629014,79,304.173187
1.237649,105,304.382125
4.345062,70,304.521843
4.83023,72,304.674442
0.538052,87,304.849297
2.594718,71,304.990535
3.973127,68,305.126587
0.113742,79,305.282852
2.575062,64,305.41148
0.957628,79,305.570492
1.491789,81,305.731403
3.95921,70,305.865434
-0.861312,103,306.070512
4.555715,73,306.215058
1.276072,86,306.413619
0.15392,179,306.796671
2.003389,75,306.94769
5.436395,76,307.103098
1.988093,70,307.244581
4.035978,74,307.394323
-0.073689,125,307.644472
0.969682,101,319.527534
3.095605,68,319.679282
0.756693,76,319.828448
0.797473,83,319.995594
1.658841,80,320.154712
0.1384,127,320.413891
5.003316,69,320.551689
1.280588,71,320.69058
4.868339,76,320.84175
0.685425,97,321.031626
4.07354,68,321.182303
2.803911,67,321.313745
1.382816,81,321.473805
3.413324,64,321.599956
3.435843,71,321.735558
0.201824,103,321.935811
-0.205979,83,322.099303
2.704962,71,322.240078
0.985742,74,322.400767
3.273354,68,322.5325
1.128784,74,322.680901
0.993302,78,322.832648
4.264907,86,322.999963
4.064526,71,323.138795
4.324854,73,323.281699
1.756357,75,323.437318
3.901464,69,323.580951
5.807697,72,334.837071
0.098624,87,335.019136
2.536065,73,335.158433
-0.229118,123,335.397591
0.792289,79,335.551965
3.073504,67,335.679192
1.78189,81,335.84044
3.888323,84,336.002949
0.491055,439,336.881818
2.073531,71,337.018108
3.500318,74,337.16068
3.506651,76,337.308446
2.656911,86,337.474212
3.176657,67,337.607024
2.126491,72,337.748593
1.264509,97,337.941745
1.091221,79,338.108428
5.220143,69,338.236892
-0.193201,114,338.461211
4.329179,68,338.593593
-1.138485,158,349.914857
1.193882,100,350.110064
2.884536,74,350.259262
3.460036,68,350.413059
1.496711,70,350.564841
0.601422,86,350.733689
3.725156,83,350.901409
1.16962,84,351.066486
102.321637,66,351.19432
2.03039,68,351.325026
4.781345,68,351.460714
2.352203,75,351.609251
0.675481,74,351.753852
1.290319,73,351.897136
2.447539,65,352.037036
0.339766,126,352.284056
0.758556,101,352.477705
0.512332,78,352.629779
5.901077,69,352.764675
0.171736,129,353.017585
5.092246,71,353.155524
5.196434,66,353.288332
2.547219,69,353.437685
2.026082,75,353.584745
0.166272,82,353.746074
0.960849,90,364.957985
1.121508,78,365.111803
5.086516,67,365.23992
3.137111,71,365.380225
0.932676,74,365.526214
2.165827,86,365.690897
0.724947,73,365.843994
2.830531,69,366.00202
4.318872,76,366.155689
3.670403,126,366.403388
1.877949,72,366.547812
2.260503,71,366.687288
3.277338,71,366.825249
2.359779,75,366.976203
1.194463,92,367.167282
1.407291,91,367.357389
0.976628,83,367.524243
2.178658,76,367.694761
4.853778,73,367.846277
1.640365,83,368.018062
5.327318,69,368.157273
1.402946,91,368.34345
0.073852,80,368.503946
5.680759,67,368.641986
3.461273,87,368.82445
3.569107,74,368.988167
2.578617,68,380.161839
-0.29579,89,380.341785
4.834216,71,380.486399
0.631989,85,380.657491
3.931907,67,380.789556
5.484301,65,380.920114
1.579259,70,381.063525
3.957116,62,381.196159
-0.294113,157,381.522283
2.967132,73,381.665268
4.535757,70,381.803957
2.337276,72,381.943292
3.230594,81,382.09952
1.568516,79,382.255009
1.85502,75,382.401617
1.731746,70,382.538909
1.606874,75,382.692236
0.288493,88,382.871189
1.619186,70,383.020384
5.095733,64,383.14409
0.902287,76,383.297728
4.79013,78,383.453656
0.686396,80,383.611305
3.309564,71,383.752165
-0.470314,127,384.003562
-0.492589,94,395.243972
-0.595872,88,395.421427
2.543334,85,395.604801
0.095813,123,395.856919
0.517846,109,396.079144
1.682989,75,396.22658
4.1359,70,396.367052
0.629418,69,396.500562
1.49541,69,396.638705
2.528394,73,396.78492
2.54332,72,396.932356
2.833792,69,397.071224
3.807218,86,397.259279
4.634386,67,397.393
0.084726,94,397.583431
4.191278,72,397.725996
3.701272,63,397.850579
4.201296,68,397.988757
1.700758,75,398.137619
3.956904,85,398.304709
3.986628,71,398.45656
1.948142,85,398.625766
1.74808,70,398.761172
3.662208,69,398.895626
1.061819,96,399.083888
0.70253,97,399.277309
4.546723,73,410.949748
4.760525,74,411.110997
2.164302,68,411.24392
-0.896886,122,411.498094
-0.369746,82,411.675884
3.349039,71,411.821028
0.974185,71,411.96354
4.411919,68,412.112579
5.595817,67,412.254634
3.770074,91,412.440716
2.443126,66,412.571435
3.567626,68,412.704162
4.225803,78,412.854501
3.990212,70,412.996303
4.452058,65,413.144279
0.868758,82,413.315254
3.538101,72,413.4627
5.105009,68,413.606519
0.855409,545,414.691305
1.000306,105,414.90328
3.132084,73,415.048053
-0.564137,86,426.363306
4.902721,70,426.50564
-0.523242,107,426.742768
-1.01096,197,427.144558
4.191056,82,427.320248
0.776739,73,427.515121
4.036703,71,427.661534
1.629611,69,427.815754
0.630298,83,428.050657
1.170767,89,428.246336
3.39343,68,428.3794
3.323658,66,428.527758
2.618513,68,428.691717
2.71669,81,428.884926
3.550603,63,429.005871
0.406208,89,429.200393
1.74091,90,429.394135
5.632578,74,429.545953
2.847511,71,429.685266
2.097648,64,429.817345
1.034964,75,429.982167
1.534262,70,430.122093
0.136897,95,430.331913
2.201246,70,430.474542
4.452745,73,430.618216
2.97584,71,442.562725
0.5819,93,442.742252
1.139422,78,442.895
5.264306,66,443.046084
3.468551,68,443.186652
2.760235,68,443.323043
-0.452092,107,443.537888
3.029772,65,443.678633
3.399755,67,443.816335
3.18759,67,443.951737
0.253068,79,444.112639
3.423728,73,444.262262
102.144035,70,444.408145
0.977837,100,444.629495
3.382488,67,444.769106
1.642576,68,444.9024
3.879413,71,445.045141
0.279444,100,445.244338
2.594122,66,445.373304
2.327059,65,445.501673
2.448672,99,445.697691
3.839243,73,445.839046
0.648152,86,446.010111
0.881156,77,446.16165
4.996751,69,446.303756
1.092749,94,446.512667
0.472537,112,457.9511
2.08842,73,458.104259
0.218979,83,458.275648
0.74859,113,458.510221
0.45629,76,458.675511
2.006617,93,458.867615
2.382561,65,458.997299
1.227745,92,459.184772
0.928234,86,459.361757
0.508381,193,459.760401
1.565011,67,459.893125
3.779369,66,460.025
3.795363,65,460.159148
4.426969,66,460.289875
2.4316,65,460.427688
-0.958294,123,460.674158
3.367789,69,460.811283
2.556184,70,460.944933
4.18556,71,461.084485
2.231668,69,461.220036
3.406276,65,461.346248
5.142577,72,461.484764
0.403024,75,461.631294
2.36178,94,461.812524
2.562359,80,461.980998
3.830191,65,473.122847
3.454159,80,473.286475
2.563407,77,473.440772
0.519198,73,473.588623
-0.873509,132,473.860697
4.378343,228,474.332677
0.965452,85,474.506959
2.613028,68,474.645852
1.645137,69,474.797434
2.926654,64,474.92468
0.627351,150,475.218675
0.684301,100,475.411544
-0.43585,102,475.609999
2.797039,67,475.739178
2.279996,75,475.886586
5.119354,66,476.020048
1.755796,80,476.178762
3.24158,72,476.322312
0.781619,97,476.52913
1.758648,71,476.66569
1.689404,68,476.795233
-1.110964,107,477.006308
3.647379,68,488.759551
2.801913,67,488.889249
0.307046,81,489.045808
2.242774,65,489.169389
0.692456,116,489.396433
4.595847,67,489.525191
4.345092,73,489.68264
2.824444,71,489.821412
3.066369,67,489.951938
1.512156,71,490.096984
3.260169,78,490.248109
3.087606,66,490.37358
3.225193,85,490.540493
-0.575207,80,490.694309
-0.648551,165,491.016187
2.876145,65,491.14481
5.985824,69,491.277903
4.47887,81,491.450409
-0.924404,119,491.68505
4.302529,68,491.821783
5.213547,66,491.950737
3.042227,67,492.085226
-0.771092,188,492.458174
2.102601,95,492.644373
-0.462523,94,503.860392
1.705987,66,503.991262
3.165133,76,504.141995
1.287523,85,504.312385
102.944421,89,504.489072
2.830174,90,504.669858
2.25646,75,504.815616
4.145476,68,504.951819
0.272201,77,505.102643
0.859299,795,506.678941
4.426725,62,506.801315
2.213684,67,506.933737
4.440768,70,507.074828
1.418143,68,507.206465
4.337449,69,507.341079
1.961111,99,507.533891
1.296592,84,507.695513
1.272542,71,507.833287
2.412765,77,519.029771
5.067751,70,519.171207
0.619914,78,519.349467
3.947692,70,519.488041
4.366577,66,519.62141
2.847691,68,519.756466
3.854769,103,519.962197
0.742918,107,520.173162
2.183925,69,520.308876
0.410531,77,520.462903
2.113746,71,520.603338
1.519881,95,520.79383
0.457531,72,520.935735
0.714072,86,521.132532
2.377542,69,521.268655
105.081204,68,521.406507
-1.032105,106,521.6179
3.012092,67,521.744498
1.386541,73,521.885118
1.720516,85,522.056262
0.574798,75,522.203757
102.444995,55,522.312195
2.596385,70,522.452542
3.81187,70,522.591339
0.910288,75,522.73775
1.208301,74,522.898019
4.948592,68,534.073623
5.7799,70,534.213754
3.719154,75,534.362602
2.01422,74,534.512642
1.437195,76,534.668611
5.189157,68,534.801264
3.187735,67,534.934024
5.105407,64,535.07638
2.941234,65,535.215377
1.861704,69,535.35135
-0.38789,139,535.622693
4.92386,61,535.748944
0.383756,79,535.903465
4.389655,68,536.036712
0.464114,113,536.253269
0.727187,117,536.48257
2.421996,69,536.620778
3.457691,76,536.769573
0.806076,79,536.927318
102.351252,67,537.061594
2.753967,65,537.186407
-0.573613,105,537.394541
-0.504784,139,537.669418
3.23099,67,537.801755
2.645629,80,537.955923
-1.299951,144,549.247317
4.444037,68,549.376767
102.749846,60,549.510453
2.684037,71,549.653174
1.67775,87,549.827992
5.014384,65,549.959105
4.099292,64,550.090164
101.860531,93,550.278914
0.63868,117,550.512056
3.805102,76,550.664212
3.847573,70,550.806622
3.087732,72,550.954003
101.172884,91,551.133688
100.715703,102,551.356755
3.286007,68,551.497447
5.085802,73,551.643313
1.979273,74,551.793966
2.315144,75,551.945359
4.127103,73,552.091362
0.256068,95,552.283515
3.305856,74,552.432264
5.183682,68,552.573272
1.945162,72,552.716491
5.685946,65,552.861222
3.363095,68,552.999338
5.540313,65,553.133504
-0.686252,130,564.455372
5.038484,70,564.590795
1.114137,78,564.740772
1.681913,71,564.880302
2.740249,71,565.017309
2.937691,66,565.149951
1.722354,71,565.310256
2.044653,77,565.462127
0.020662,86,565.631608
3.454781,68,565.767911
0.56513,81,565.92823
2.691569,82,566.092292
0.077997,92,566.273111
1.75453,79,566.437544
4.216022,73,566.592164
2.149654,68,566.728523
4.330918,70,566.88302
3.484119,70,567.029351
-0.185839,84,567.19501
3.854118,66,567.326384
0.576093,81,567.489569
2.509891,71,567.634889
1.348895,94,567.824366
3.375623,68,567.961834
3.994878,70,568.098937
3.020273,66,568.228535
3.713833,67,568.361427
4.011323,67,579.59193
1.981358,69,579.72836
1.375551,73,579.875885
3.031048,69,580.015181
0.808789,435,580.903732
0.081355,116,581.130271
2.021224,67,581.267605
2.742009,66,581.400316
4.129428,69,581.541022
2.459482,69,581.677974
2.366668,66,581.812658
5.201104,69,581.951931
4.133903,65,582.086462
1.863905,71,582.225702
3.06393,77,582.378679
-0.332633,97,582.57064
0.862163,103,582.779432
5.731259,65,582.911114
1.68719,68,583.050371
2.004694,75,583.202865
0.714973,79,583.3631
4.880927,65,583.496253
3.678181,68,583.632323
4.470094,68,595.163231
1.827495,67,595.302586
4.539065,65,595.43245
3.884089,71,595.59032
2.896126,71,595.733432
4.84491,70,595.877982
4.103282,74,596.028351
2.197667,71,596.171632
2.627263,75,596.321842
2.532229,66,596.454639
3.92403,75,596.605113
1.539559,77,596.760862
2.864978,72,596.902512
2.913198,68,597.040587
2.974417,76,597.191854
4.114544,71,597.355436
4.066223,68,597.492202
1.737376,72,597.636254
0.887551,77,597.793651
4.321981,74,597.946752
0.833452,80,598.106966
5.013721,68,598.246382
0.560474,79,598.406923
-0.119925,212,598.830874
0.858012,83,599.006928
2.655439,69,599.160457
0.447447,83,610.485728
0.207598,106,610.710941
1.784238,69,610.861142
4.734409,69,611.007178
3.527252,71,611.153048
2.016334,88,611.343085
1.747033,76,611.523581
0.042308,142,611.821674
4.033542,73,611.972686
0.348319,71,612.118772
-0.11363,90,612.303843
-0.075671,90,612.490609
3.583234,69,612.634032
5.567202,67,612.771943
4.160375,70,612.915668
1.761256,68,613.052833
0.892497,91,613.235682
2.645845,79,613.391202
2.187687,75,613.548124
1.173112,73,613.700426
-0.568423,90,613.885952
0.954938,78,614.043489
0.964515,97,614.250162
3.69577,69,614.390531
1.35005,74,614.541588
2.529794,71,614.684453
1.995944,78,626.260597
1.972696,88,626.447306
1.151753,111,626.678662
4.233554,81,626.844755
1.064438,74,626.995109
5.603142,70,627.133493
3.521552,72,627.286602
3.631084,69,627.421479
1.546659,73,627.569499
1.031003,100,627.779088
4.317239,75,627.937731
4.544164,69,628.094452
1.204895,75,628.247206
4.317411,67,628.382395
4.412516,72,628.539132
-0.153281,85,628.715634
2.317563,69,628.857769
3.115198,71,628.995485
1.908835,69,629.134348
0.279062,83,629.300779
1.302997,75,629.44663
0.196521,79,629.604206
2.933179,78,629.75769
101.006043,67,629.892488
1.663037,71,630.057887
-0.168221,93,630.251488
-0.175232,163,641.886713
3.249048,79,642.047787
0.478903,90,642.22128
5.628091,66,642.352396
0.542838,77,642.516714
5.067853,66,642.644438
2.956468,68,642.790147
4.605004,65,642.920797
3.233356,68,643.053312
1.734597,71,643.196599
-0.393727,89,643.382107
103.033103,56,643.497468
-0.307093,142,643.795209
1.448488,86,643.970843
0.57922,76,644.124954
2.681975,69,644.26219
0.913111,75,644.412832
4.358887,66,644.547263
0.662175,95,644.749491
4.280093,70,644.89476
3.296028,77,645.051639
3.188062,78,645.221602
5.333911,66,645.343469
1.685549,72,645.486837
1.095546,88,645.659582
3.102133,69,645.798198
1.44029,89,657.391363
4.29771,63,657.513165
3.602167,71,657.648794
3.084379,66,657.77808
3.601866,69,657.926961
3.490752,67,658.060067
0.862858,70,658.197498
-0.380309,87,658.369182
2.229076,71,658.506272
2.742204,74,658.655092
0.922333,90,658.8364
4.627594,66,658.966277
3.544487,73,659.11849
2.659107,73,659.269624
-0.0391,101,659.481161
-0.922475,161,659.804717
4.431916,70,659.9391
0.906923,83,660.104065
0.71623,74,660.24891
3.380383,75,660.400236
0.811969,76,660.548365
5.776339,69,660.688504
-0.140357,82,660.84752
3.240119,65,660.97663
4.515719,71,661.115278
1.888443,70,661.25179
4.714545,69,672.769425
4.912926,69,672.911737
2.944634,69,673.052561
4.57963,72,673.200739
2.961875,82,673.370972
4.163184,73,673.522864
2.466029,72,673.671141
4.843025,70,673.819271
-0.191069,95,674.014336
4.541059,71,674.154319
101.534019,50,674.254312
4.927211,75,674.401512
4.145299,66,674.529224
4.18794,69,674.669922
4.059533,68,674.807488
2.74668,83,674.974384
4.154233,73,675.118056
5.177756,73,675.267568
0.940351,75,675.414577
0.421063,90,675.591015
1.325647,94,675.778253
0.303571,116,676.000304
-0.231749,118,676.230582
102.107978,55,676.334611
1.598558,70,676.468004
3.047399,72,676.606583
3.056727,68,676.740602
4.363173,88,688.447386
1.829185,71,688.593269
1.492128,104,688.799783
3.200532,74,688.959215
2.335938,86,689.130597
2.737464,70,689.270974
-1.342556,223,689.71902
2.714423,68,689.856127
2.792989,69,689.99404
3.045962,69,690.130093
1.612145,75,690.281062
5.628993,68,690.415264
5.72795,69,690.554765
3.385055,67,690.689157
1.291106,103,690.892771
-0.557506,86,691.065564
2.221333,86,691.239637
100.702156,56,691.353119
4.116218,82,691.527689
0.343795,91,691.709109
5.505687,69,691.848419
1.357604,87,692.033397
4.513602,74,692.179934
3.551112,75,692.328595
100.5615,51,692.43191
1.033482,76,704.246774
5.146083,72,704.394741
3.526193,72,704.539345
2.904389,86,704.723146
3.962605,65,704.872795
0.244959,99,705.087497
1.94342,74,705.267989
4.504033,68,705.414186
1.424254,71,705.566542
0.783418,91,705.767528
0.11986,87,705.945772
4.525463,72,706.090102
3.293854,75,706.245677
2.641121,73,706.394281
1.53549,69,706.540061
101.245183,47,706.634969
2.245078,87,706.806623
4.306446,68,706.943168
0.019413,95,707.130875
3.131201,67,707.269135
2.928399,64,707.402861
1.803253,88,707.579423
2.989163,71,707.719707
2.646759,92,707.906433
1.601167,91,708.086428
4.776737,66,708.216847
3.593236,78,708.376547
1.294063,75,720.049875
0.854312,107,720.265767
0.478337,92,720.454598
3.00422,67,720.597165
3.933249,73,720.743764
0.318081,88,720.92648
4.63124,65,721.059499
1.474842,110,721.281875
4.360458,64,721.411231
1.58558,75,721.563901
1.46827,70,721.703052
1.662302,68,721.845025
1.51962,74,722.000272
101.578159,46,722.087539
0.391764,90,722.268583
1.773514,87,722.438672
1.385782,74,722.587898
0.673897,102,722.789392
4.395083,66,722.91823
-0.137075,81,723.08186
2.842921,83,723.251197
3.230276,81,723.411281
4.521536,81,723.590564
-0.29113,168,723.917286
-0.022768,115,735.848169
1.473297,98,736.050993
3.095874,65,736.192695
0.914758,76,736.347697
3.397076,68,736.511196
1.688784,70,736.659175
1.751963,73,736.810169
-0.831378,114,737.040666
4.620626,80,737.197433
-0.711172,136,737.468175
0.558271,82,737.634616
2.54886,69,737.768627
0.106625,107,737.992884
2.04004,87,738.175754
3.834068,73,738.34391
3.219484,69,738.485134
4.479384,74,738.630568
0.331863,81,738.792683
1.143168,88,738.971117
-0.817954,311,739.623597
0.412491,131,739.886016
4.406932,83,752.066713
-0.799494,129,752.326341
3.038865,74,752.476236
1.279474,76,752.630873
1.655387,86,752.804446
4.488295,77,752.957129
2.088673,72,753.12078
3.487548,67,753.252017
3.731128,72,753.396414
3.424755,71,753.535668
3.368735,72,753.679533
3.381967,70,753.813766
1.386103,73,753.957448
2.438364,67,754.09303
2.542379,69,754.228658
2.03505,72,754.367795
3.526162,66,754.500168
2.783909,68,754.638158
-0.231586,101,754.84726
4.663528,71,754.99211
4.083101,67,755.1253
0.923115,107,755.340839
2.312743,68,755.476981
4.265933,69,755.615873
1.861868,70,755.755858
1.286051,75,755.919114
102.272393,66,756.054497
1.306561,75,767.659995
2.948832,78,767.813453
1.429214,71,767.953784
0.736836,74,768.122926
-0.903304,215,768.545833
101.499148,113,768.775095
0.798594,101,768.981308
4.712592,76,769.136752
1.477898,71,769.278557
-1.006163,97,769.474179
3.798277,73,769.620678
1.356729,72,769.765249
3.207557,69,769.901467
4.09449,84,770.068322
2.99172,70,770.209957
104.597307,68,770.345715
2.498933,68,770.482122
2.112681,82,770.64472
1.242391,73,770.787205
0.310196,73,770.926837
4.224213,67,771.060383
1.733324,67,771.190919
3.52965,83,771.353118
0.478909,83,771.514862
5.040132,68,771.648288
3.49487,66,782.972456
-0.691105,82,783.13031
1.425044,83,783.309412
0.042602,88,783.483425
3.91305,76,783.63336
1.393961,77,783.786083
2.831145,63,783.908851
101.308877,57,784.019792
2.745631,70,784.151158
0.879296,69,784.284679
1.081783,100,784.478583
0.21041,86,784.643206
4.700768,65,784.766233
2.91088,67,784.894226
1.570137,92,785.067934
1.279712,74,785.208986
0.937886,89,785.382406
2.241715,68,785.517637
101.925503,56,785.626172
1.399696,76,785.773335
2.810191,64,785.897011
4.186934,70,786.035779
2.26227,68,786.167562
0.576997,80,786.320969
3.69149,72,786.459579
2.970658,72,786.59675
3.424443,70,786.729638
4.770479,64,797.987059
102.239044,62,798.108627
104.586686,67,798.238493
5.177171,78,798.388375
101.099815,60,798.506587
1.499925,104,798.712493
2.645966,70,798.850998
3.182545,65,798.97794
2.793671,67,799.113634
2.420764,77,799.271288
3.838279,66,799.424065
-1.17907,177,799.795247
0.015006,92,799.979724
4.705937,70,800.116181
3.140526,79,800.272797
1.650599,105,800.475471
4.136711,103,800.674264
104.430461,62,800.796427
5.502905,65,800.925043
3.766231,64,801.053871
4.690683,85,801.228525
0.757203,71,801.369762
1.730437,72,801.513239
4.875663,74,801.660767
1.606652,101,801.858259
1.274987,122,813.672104
102.555357,82,813.842243
-0.411714,85,814.029775
102.047986,74,814.172433
103.889163,63,814.302602
3.198336,83,814.474883
2.43771,67,814.611118
2.819372,84,814.789715
3.837078,72,814.934605
2.545583,69,815.074825
2.69186,71,815.213601
0.014617,83,815.376942
1.862216,96,815.56575
103.512307,64,815.695364
1.974726,84,815.874866
2.155368,74,816.020098
0.097374,98,816.208277
2.953964,72,816.353664
4.429762,72,816.499604
0.647344,79,816.652517
0.607993,121,816.889515
105.272052,64,817.01799
1.671373,73,817.156382
2.321313,70,817.295522
2.406291,73,817.435776
4.399193,79,817.603947
2.957284,65,817.731105
1.845871,69,829.03412
1.004914,92,829.213038
3.765552,90,829.38943
100.963212,70,829.523978
4.119942,76,829.672486
4.07387,94,829.859471
5.122898,83,830.039208
2.877704,66,830.16964
1.417292,77,830.331413
2.141418,74,830.489277
0.755875,105,830.721394
100.904824,238,831.227404
4.403916,94,831.418619
1.756114,70,831.561384
2.992007,87,831.734998
0.101145,81,831.893544
0.52271,90,832.075332
2.465126,69,832.211903
1.388591,71,832.350425
1.284654,87,832.526619
3.721925,83,832.694465
1.014529,75,832.848037
5.055623,67,832.981494
-0.250967,99,844.305241
4.289756,86,844.472507
0.660652,115,844.714595
4.364107,70,844.851554
3.282169,64,844.978268
2.281931,68,845.112088
4.158156,65,845.238666
1.067493,98,845.437444
4.191123,91,845.613691
100.561484,180,845.961077
4.004362,72,846.100982
-0.462422,106,846.312166
0.682551,147,846.613366
2.718162,68,846.746114
0.416041,127,846.998421
1.136021,96,847.186245
2.986491,63,847.311689
2.83349,65,847.448138
1.335626,78,847.605027
1.204427,74,847.751898
0.943009,76,847.90629
2.139075,82,848.074524
1.098714,85,848.243698
1.621439,71,859.760037
5.20154,77,859.913882
2.737071,67,860.041776
0.611406,73,860.193911
1.01324,98,860.399926
4.843448,86,860.582628
0.114164,83,860.7509
3.423298,65,860.898565
-0.273581,85,861.071366
100.616696,575,862.215357
-0.356515,89,862.397885
3.711561,64,862.52487
1.105758,97,862.723692
3.717268,82,862.892939
-0.337397,149,863.191548
2.920379,68,863.32751
1.678326,81,863.491688
-0.127007,96,863.685105
4.598788,81,875.407625
4.533583,64,875.532725
1.303564,100,875.731423
2.372404,68,875.869198
2.525173,65,876.006728
1.456528,92,876.18695
1.187444,74,876.33637
0.042981,71,876.474791
3.960501,83,876.634313
2.895419,100,876.830486
0.846047,77,876.981024
0.512273,75,877.123832
105.709426,69,877.259734
2.563844,72,877.399906
3.501809,68,877.535777
2.720107,69,877.671626
3.316017,98,877.865862
3.476016,73,878.009717
0.747958,70,878.145961
3.138981,65,878.2686
2.075255,68,878.401503
2.01902,70,878.539232
4.024629,90,878.712171
3.194071,65,878.840659
1.409407,73,878.981716
0.836248,90,879.156357
101.15469,79,879.309287
1.023227,74,890.995127
2.736784,91,891.175856
5.060894,70,891.313918
4.081428,66,891.444046
1.50737,76,891.596126
1.408543,72,891.738184
101.720339,76,891.888482
2.585209,75,892.038214
0.903289,77,892.191395
3.313016,87,892.363879
-0.258513,82,892.525386
3.061293,70,892.661863
1.727454,86,892.864146
2.876005,73,893.027696
2.99098,71,893.18742
4.275505,88,893.383644
1.855306,68,893.531888
3.239962,69,893.671081
0.016079,114,893.897715
4.692564,75,894.046396
100.906246,50,894.148533
0.936469,82,894.313583
-0.027605,92,894.498787
0.169197,126,894.763932
4.213978,71,894.902418
0.532939,78,895.058677
-0.358098,95,906.428548
101.490825,66,906.554602
2.397609,82,906.717738
-1.30644,314,907.37688
4.167362,78,907.528514
5.809252,64,907.652936
2.671058,73,907.79557
0.663244,70,907.940054
-0.035863,97,908.126075
4.18585,72,908.27112
103.542558,60,908.385922
3.009479,97,908.590769
3.164688,77,908.747638
103.69263,61,908.868263
100.132708,52,908.984809
101.177849,101,909.193976
4.591193,64,909.326355
1.939304,71,909.467921
5.951301,66,909.602577
2.083411,66,909.738608
1.570105,77,909.894855
4.187759,66,910.025103
3.711728,67,910.161599
0.130791,94,910.353375
-1.283895,506,922.858972
-1.500806,109,923.078695
102.002492,77,923.243215
1.392969,92,923.427973
-0.788423,99,923.63905
-0.855475,107,923.848873
-0.698984,1000,925.865335
3.336147,87,926.034823
3.173002,65,937.480146
2.36558,131,937.755001
103.223494,70,937.892299
2.669976,67,938.023696
3.839873,71,938.165009
101.87467,85,938.336194
-0.974865,108,938.564024
4.396428,70,938.704676
0.733781,99,938.903663
2.664493,65,939.039865
-0.223392,1000,941.083323
102.149021,84,941.258363
3.58653,63,941.387533
2.040996,88,941.569579
1.172386,78,953.192562
1.297342,77,953.344825
3.832402,68,953.47934
2.46585,94,953.669094
0.988208,82,953.835582
1.708522,78,953.990483
2.95773,93,954.190434
103.423427,65,954.323279
3.973356,79,954.478952
0.988262,78,954.632571
1.186265,88,954.806374
2.473528,66,954.938656
1.103385,81,955.099646
2.215196,73,955.246997
3.820428,88,955.421395
0.787214,69,955.558038
5.062041,63,955.688392
5.95479,82,955.859762
3.537873,81,956.022322
2.958755,69,956.161039
3.21234,75,956.33815
3.408136,69,956.529248
1.087452,86,956.702943
3.442579,65,956.835201
-0.658161,1000,970.549645
0.44368,80,970.72681
105.193524,65,970.86278
2.251472,81,971.019994
2.694498,74,971.192675
4.025124,65,971.324493
4.007759,64,971.455403
0.598947,79,971.639395
1.326156,81,971.814193
0.433659,97,972.010177
3.213895,65,972.137611
5.712609,66,972.266602
0.307383,80,972.440969
3.247006,65,972.584212
2.55133,82,972.789659
3.529487,74,972.946973
2.988161,68,973.091908
2.740103,65,973.218196
2.139608,86,985.080503
3.828202,65,985.217574
4.011524,68,985.364849
0.105346,79,985.535841
4.814819,66,985.683253
0.779998,94,985.878522
4.101378,71,986.022399
3.275535,86,986.196319
4.398551,72,986.332862
0.75206,81,986.494179
1.926021,74,986.643481
3.257828,72,986.78948
0.219483,81,986.951401
3.852082,75,987.108038
0.606031,95,987.312002
5.360617,68,987.452698
2.024551,67,987.591407
0.093673,88,987.773464
-0.006087,97,987.980775
2.015817,70,988.129184
3.090516,69,988.271898
0.178443,118,988.512021
4.553939,75,988.662458
-0.037721,130,988.918229
3.280909,67,989.04878
3.68188,66,1000.801636
1.554773,75,1000.950234
1.415569,70,1001.085371
4.381335,63,1001.211443
0.379605,102,1001.412225
0.532787,107,1001.622656
102.329169,47,1001.717935
4.053591,82,1001.885892
4.015328,103,1002.085577
1.061148,78,1002.261557
4.745081,74,1002.414609
4.230557,64,1002.550711
3.257064,106,1002.772023
4.217961,65,1002.90804
101.213524,41,1002.992334
4.4088,67,1003.132141
101.202502,62,1003.25391
1.092529,75,1003.412046
3.943006,63,1003.535884
0.078116,100,1003.749856
4.584147,63,1003.874627
2.57138,70,1004.013661
2.987808,68,1004.149788
2.091283,72,1004.289117
1.247867,74,1004.432186
4.319729,72,1004.587838
1.785271,68,1004.725155
0.172404,90,1004.905485
3.352276,74,1016.316884
2.474141,81,1016.475747
-0.799289,637,1017.730735
1.182815,77,1017.887648
3.345146,71,1018.042063
103.355105,61,1018.157283
2.660781,69,1018.296186
1.513006,79,1018.452137
-1.343382,156,1018.762679
2.743807,70,1018.902827
3.057722,85,1019.074417
-0.302102,87,1019.24682
3.5404,93,1019.445728
3.096592,73,1019.592312
3.62946,85,1019.76426
102.707195,57,1019.879492
2.762631,84,1020.053255
100.522921,79,1020.212656
2.03451,71,1031.952267
2.866741,79,1032.112745
3.384491,88,1032.29039
-0.572251,102,1032.494526
1.838864,76,1032.647567
4.740243,67,1032.783818
4.385604,89,1032.973128
3.639632,73,1033.12728
5.592389,67,1033.262424
5.037613,70,1033.401361
4.655412,91,1033.577955
3.063191,67,1033.708799
3.342831,65,1033.839218
3.350176,65,1033.970975
-1.377809,109,1034.205299
3.52612,90,1034.39418
2.71287,99,1034.595913
4.746848,65,1034.732231
101.253891,70,1034.878813
4.364352,74,1035.0442
0.683842,113,1035.279219
5.745803,70,1035.425686
0.480388,78,1035.583344
3.785709,72,1035.733929
0.152724,84,1035.899388
3.564802,91,1047.317577
-0.07883,84,1047.487221
3.585458,65,1047.618453
-0.102892,80,1047.782766
0.073713,75,1047.931012
2.501222,67,1048.076543
0.659644,72,1048.221025
3.24303,97,1048.420822
3.590457,66,1048.55092
1.209552,74,1048.700734
3.38258,68,1048.837594
1.499641,71,1048.986564
5.141,69,1049.129538
5.804083,69,1049.26878
1.569277,72,1049.414869
1.319984,72,1049.56068
-0.77167,92,1049.752238
2.032436,76,1049.901275
0.958094,80,1050.063085
104.012952,66,1050.19349
2.102454,74,1050.341244
0.795589,79,1050.496063
3.500766,70,1050.637502
105.693986,68,1050.771451
2.635404,91,1050.9718
2.60554,65,1051.097643
1.84323,71,1051.23826
4.587701,64,1051.364954
100.46552,44,1051.452672
101.339816,80,1062.864323
0.486896,104,1063.082174
0.086774,84,1063.270764
2.501173,72,1063.416194
101.569804,66,1063.548723
3.720866,68,1063.684294
0.374941,87,1063.857242
3.912685,72,1064.003603
0.8723,75,1064.150845
1.138198,81,1064.316585
1.938484,66,1064.447575
0.012744,140,1064.732198
0.701985,100,1064.947163
3.399672,73,1065.097551
3.991537,88,1065.2762
1.861574,70,1065.425808
0.978655,70,1065.575173
105.240424,67,1065.709916
2.17949,78,1065.863828
-0.172498,98,1066.05242
3.281382,71,1066.191261
0.680274,1000,1079.521271
102.798677,64,1079.652572
-0.135087,104,1079.866871
5.042872,69,1080.009589
2.627863,68,1080.150251
100.819104,35,1080.220185
101.27019,70,1080.361639
1.855082,75,1080.52188
2.662508,68,1080.661341
4.037734,99,1080.857476
3.637264,65,1080.989785
2.995897,75,1081.140059
3.481695,66,1081.274126
5.455132,71,1081.417444
1.282556,71,1081.561374
2.032876,70,1081.701498
1.548992,91,1081.880777
0.068023,92,1082.063891
5.310568,66,1082.195357
1.871655,69,1082.335092
3.892549,71,1093.912407
4.230774,93,1094.103822
1.843545,73,1094.251746
5.242102,72,1094.395278
3.784898,71,1094.53924
0.851478,83,1094.729169
1.333397,73,1094.883907
4.467701,70,1095.023954
0.69814,78,1095.183882
0.931934,95,1095.374843
100.307545,85,1095.546264
0.816868,86,1095.720829
101.426294,42,1095.805592
1.421415,79,1095.969237
-0.610382,176,1096.316971
0.806298,76,1096.485235
2.233525,70,1096.622295
1.185667,71,1096.765512
0.666464,125,1097.020145
0.624733,86,1097.18578
5.18663,81,1097.340753
1.234962,84,1097.506891
1.892156,85,1097.675771
5.044575,74,1097.820722
102.599739,62,1109.191151
101.270824,107,1109.400426
101.126252,65,1109.527322
2.918793,65,1109.657568
2.352828,71,1109.793482
105.904003,76,1109.945709
1.215145,75,1110.094842
5.761712,69,1110.235093
102.151769,76,1110.382469
2.353973,82,1110.557458
3.987137,67,1110.686875
4.585257,71,1110.833414
3.846124,66,1110.970386
2.483555,69,1111.102877
2.047846,87,1111.274088
104.377193,71,1111.413018
2.833976,69,1111.543205
3.607435,73,1111.691698
0.235531,1000,1125.277382
0.751477,89,1125.459356
0.315014,87,1125.639083
3.638161,64,1125.774092
4.656388,73,1125.928927
3.957649,65,1126.057565
4.048865,64,1126.184647
2.926824,68,1126.321191
3.313683,76,1126.528206
3.551706,67,1126.703035
4.400064,69,1126.843462
100.402041,284,1127.389863
4.317232,64,1127.513231
4.059684,74,1127.65607
1.669752,80,1127.811993
103.733658,60,1127.93413
101.903303,66,1128.061481
1.074202,79,1128.22874
101.687578,65,1128.356799
4.025972,64,1128.486245
1.554968,77,1128.637414
-0.184811,117,1128.866059
1.111102,114,1140.60175
5.100566,65,1140.744896
0.696561,80,1140.901713
2.554687,69,1141.039926
1.13788,75,1141.190835
2.668651,67,1141.324842
0.94393,91,1141.511849
1.178477,111,1141.741564
4.310122,76,1141.892767
6.255931,67,1142.025237
3.333055,69,1142.160023
2.556887,67,1142.293654
2.136156,75,1142.444676
0.370907,80,1142.602046
5.591317,68,1142.7392
3.208662,67,1142.873451
1.514067,78,1143.023958
-0.153988,85,1143.190762
100.500766,32,1143.255968
0.802221,78,1143.409688
2.298637,78,1143.560721
3.084764,66,1143.693842
3.592553,70,1143.831776
2.694613,65,1143.961498
4.672011,80,1144.125418
3.33424,69,1144.272451
1.103199,72,1144.415586
2.054686,77,1144.567637
3.47902,66,1156.254778
4.6734,66,1156.386826
-0.985304,137,1156.652177
1.350875,73,1156.791797
1.715672,75,1156.939133
4.412048,64,1157.063669
101.443566,94,1157.248097
2.152317,72,1157.38583
1.520286,69,1157.519507
5.316284,67,1157.649542
1.724304,102,1157.875895
100.286064,48,1157.98029
4.393258,68,1158.136347
4.557862,62,1158.274939
101.591875,69,1158.41514
1.542014,72,1158.566514
1.231348,73,1158.725421
101.201557,82,1158.895147
1.639795,78,1159.051502
3.866144,70,1159.207753
-0.189492,1000,1172.955228
101.533356,86,1173.139826
3.922163,72,1173.29826
4.338947,93,1173.495097
2.513448,86,1173.676161
0.407187,82,1173.852011
3.526328,68,1173.996981
4.965059,77,1174.162061
0.40093,144,1174.46243
0.882299,121,1174.716258
5.473723,66,1174.866549
1.204195,72,1175.029715
4.882742,65,1175.16605
2.329699,86,1175.351799
3.766557,60,1175.475444
4.264928,61,1175.600864
5.424387,107,1175.825254
1.200864,71,1175.962925
102.721404,79,1176.119977
0.606354,73,1176.268016
4.968356,74,1188.021632
1.47604,76,1188.170919
1.158013,78,1188.328619
2.386832,80,1188.483779
3.661232,75,1188.630863
-0.460376,92,1188.821118
3.356372,72,1188.962425
1.53257,81,1189.13317
1.238364,1000,1191.160776
3.342077,91,1191.349809
1.154526,101,1191.555845
0.492608,106,1191.770471
3.074901,70,1191.913438
3.401588,68,1192.049415
100.525709,131,1203.821289
100.634163,70,1203.958267
1.885148,72,1204.102573
3.990826,62,1204.22308
2.336991,99,1204.421475
3.841408,65,1204.550838
1.581961,81,1204.711277
0.608968,77,1204.861555
103.626966,73,1205.00712
-0.816791,109,1205.240323
3.94562,71,1205.38844
0.677062,1000,1207.371891
3.593915,94,1207.55552
4.448041,71,1207.697034
1.088196,161,1219.699653
4.086314,95,1219.888333
103.261734,75,1220.039177
0.513242,74,1220.17991
4.505634,64,1220.308702
1.760601,74,1220.456719
4.261932,111,1220.696009
101.318568,85,1220.873705
1.469604,74,1221.036937
3.576605,82,1221.206644
3.218825,68,1221.350842
3.734852,68,1221.496051
4.482506,82,1221.667775
3.262377,83,1221.835597
3.019926,69,1221.972589
0.918413,81,1222.133501
0.874935,141,1222.416033
5.736289,63,1222.544043
102.679059,64,1222.666232
2.736625,66,1222.795573
101.095942,69,1222.935631
2.670254,89,1223.136407
-0.28326,86,1223.313015
-0.887326,355,1235.390395
2.885349,75,1235.545232
1.999962,69,1235.679104
3.912832,65,1235.806903
3.276313,66,1235.940398
101.230606,110,1236.164734
0.43739,82,1236.329307
3.798511,79,1236.507061
1.233666,73,1236.657748
0.852728,87,1236.83344
0.703733,99,1237.043509
3.531503,61,1237.163381
1.052832,95,1237.357377
0.388062,86,1237.528193
5.026588,69,1237.669714
4.31627,76,1237.834571
100.810774,88,1238.008645
0.881898,81,1238.168376
3.975094,72,1238.310027
2.716579,77,1238.462704
1.601638,75,1238.612231
2.530621,73,1238.763959
100.90855,137,1239.036844
4.038595,68,1250.590918
1.131726,86,1250.763687
4.567968,69,1250.902682
2.448453,73,1251.047019
1.606853,75,1251.200715
-0.284107,95,1251.395409
3.177184,73,1251.542885
4.334957,79,1251.701549
4.864415,78,1251.854126
1.410153,72,1252.000135
2.528244,66,1252.12616
4.97933,63,1252.25052
-0.928745,103,1252.454031
1.908772,89,1252.648105
100.622591,90,1252.823408
3.444968,72,1252.966894
5.04764,64,1253.090879
0.370061,84,1253.256519
2.945716,77,1253.404656
2.320381,70,1253.541223
101.250186,75,1253.691536
3.104474,66,1253.825176
0.943985,83,1253.989652
3.851314,65,1254.117428
1.184071,89,1254.29167
0.692628,160,1265.931733
1.518313,71,1266.075886
5.731608,66,1266.210022
4.591238,75,1266.358125
0.817884,71,1266.498866
1.188768,75,1266.648969
102.355944,71,1266.790471
1.599369,76,1266.960849
-0.618379,97,1267.155543
2.701584,72,1267.302213
3.312999,68,1267.436947
2.937865,79,1267.592709
101.725553,62,1267.718111
3.820676,63,1267.846531
3.74756,76,1268.000367
102.580303,66,1268.138153
3.382714,77,1268.295379
101.260874,79,1268.451322
102.334641,61,1268.575889
3.244318,73,1268.737257
101.787544,81,1268.898332
0.29783,126,1269.148585
1.237751,74,1269.294184
1.512062,86,1269.462674
-0.573426,109,1269.675663
5.255767,68,1269.808372
2.568745,72,1269.949605
102.621774,69,1281.497589
2.228803,70,1281.645347
0.285633,83,1281.821035
0.842315,136,1282.117499
3.214463,72,1282.261242
3.566512,99,1282.457996
2.437149,71,1282.600171
100.641245,90,1282.782638
4.441095,66,1282.915947
0.157775,74,1283.069173
-0.600433,238,1283.562928
4.421739,65,1283.691378
2.49269,68,1283.829275
101.439104,97,1284.025805
2.813967,71,1284.167303
2.93889,65,1284.29797
4.471821,69,1284.438067
2.82041,69,1284.576564
2.916554,68,1284.711616
3.130435,71,1284.856567
0.153049,109,1285.073242
1.712235,75,1285.224087
0.865822,69,1285.373534
4.353875,68,1285.514462
4.642007,66,1296.799903
0.491646,71,1296.937444
2.400097,67,1297.069027
4.908697,71,1297.228802
5.253035,88,1297.398843
2.602321,69,1297.534439
4.858404,64,1297.659249
3.349753,80,1297.816678
2.671434,84,1297.987532
4.109741,65,1298.117985
4.217155,64,1298.244989
1.796964,89,1298.422345
0.079039,94,1298.613336
4.914969,85,1298.786289
4.267052,88,1298.975519
6.152981,65,1299.104855
5.303623,66,1299.236238
100.74887,76,1299.385564
0.184261,1000,1312.844404
4.360841,63,1312.973332
3.986569,67,1313.109367
4.117062,91,1313.29156
2.241513,73,1313.439905
3.009708,89,1313.616794
4.313055,68,1313.749265
-0.384503,89,1313.927871
101.416809,93,1314.110819
4.553848,67,1314.248643
3.123955,69,1314.389413
5.376981,66,1314.521255
5.141399,64,1314.648955
3.131691,64,1314.778922
4.699897,67,1314.910719
101.646685,51,1315.017778
2.418029,78,1315.175243
1.101978,93,1315.365543
3.923929,88,1315.548965
0.936041,68,1315.68734
0.585876,87,1315.864991
102.267974,47,1315.962792
-0.039024,126,1316.217954
1.881138,72,1316.361297
1.149278,107,1327.98745
0.976886,78,1328.145072
104.668822,69,1328.280879
5.095512,88,1328.453941
2.958807,72,1328.596878
2.285684,72,1328.752572
3.505149,88,1328.928558
2.26695,71,1329.074292
3.617932,65,1329.202068
0.028233,92,1329.38642
0.425367,267,1329.911994
3.057626,96,1330.098285
3.319113,74,1330.245382
0.803516,128,1330.49299
1.079555,68,1330.629958
102.727756,58,1330.743816
102.102418,49,1330.841141
2.170811,68,1330.976203
5.710433,62,1331.102176
102.729591,64,1331.226496
4.885505,83,1331.39353
3.730985,68,1331.53554
100.663282,65,1331.667081
4.685383,61,1331.789983
1.774,84,1331.960363
1.795436,80,1343.415756
5.665846,64,1343.546719
1.193987,75,1343.695969
101.658611,43,1343.779678
-1.200191,141,1344.060271
102.049104,61,1344.184691
2.099781,69,1344.322268
0.503826,105,1344.535546
1.252323,76,1344.693742
4.84751,63,1344.825347
4.172487,64,1344.95909
2.757678,72,1345.103839
2.430809,89,1345.284725
3.619256,70,1345.429789
100.797714,76,1345.580051
0.614217,75,1345.732023
2.741566,70,1345.873094
2.162499,75,1346.04053
0.134491,116,1346.268079
3.636345,80,1346.423908
4.089446,63,1346.551382
1.65321,84,1346.718002
1.017928,72,1346.856228
2.887856,71,1346.996848
5.223685,69,1347.133075
2.127739,73,1347.273922
4.526514,65,1347.401857
2.29928,68,1358.73271
3.998799,64,1358.859619
-0.587692,202,1359.254107
2.034019,68,1359.388441
2.948738,67,1359.521869
-1.510978,166,1359.845671
4.725657,69,1359.984347
4.677953,74,1360.137763
2.158761,65,1360.272547
4.407209,66,1360.424885
4.286863,71,1360.575837
4.763843,82,1360.743456
-0.181603,313,1361.388375
3.443789,86,1361.566923
3.482955,63,1361.69771
1.943623,75,1361.867834
1.734997,71,1362.008454
0.432586,85,1362.178297
101.365219,73,1362.321488
1.766948,88,1362.492506
2.8241,80,1362.647824
2.127668,69,1374.125767
4.069393,85,1374.296042
-0.308316,1000,1376.287851
5.073902,64,1376.415135
2.469248,77,1376.575061
5.086177,68,1376.722801
1.270542,95,1376.90992
2.768677,68,1377.069798
0.712707,99,1377.268805
2.846696,72,1377.41255
100.829028,87,1377.58533
4.34882,63,1377.70944
101.487603,84,1377.875392
1.999178,86,1378.054157
3.883452,63,1378.182296
4.730355,64,1389.786038
1.666639,68,1389.91614
4.235995,68,1390.049863
3.734181,67,1390.180255
2.762619,69,1390.316007
102.397881,79,1390.471333
102.896883,61,1390.594342
3.944543,69,1390.729102
1.030591,77,1390.877941
101.200117,70,1391.031297
-1.067542,103,1391.232504
102.738353,60,1391.352818
102.196399,72,1391.493439
4.703799,69,1391.629671
1.538196,101,1391.82159
2.45829,94,1392.007423
3.486791,75,1392.157527
3.970431,94,1392.355498
102.132144,84,1392.527643
102.33658,57,1392.645897
0.536702,83,1392.819675
3.478956,67,1392.952066
3.903687,67,1393.084818
2.888899,82,1393.24808
1.898724,66,1393.381032
1.86544,75,1393.526037
5.441218,63,1393.652887
2.218142,72,1405.134969
1.868702,70,1405.278307
4.563152,72,1405.42625
100.948771,71,1405.569625
5.655291,67,1405.704852
4.892637,73,1405.853082
104.068841,66,1405.989146
3.318671,98,1406.195996
5.443617,79,1406.37309
2.053036,73,1406.527792
3.046917,77,1406.686896
3.888378,66,1406.823597
4.425613,79,1406.975669
2.090462,92,1407.151203
100.708572,40,1407.229214
5.470432,62,1407.35171
1.315301,96,1407.539899
5.580958,63,1407.666305
4.131352,66,1407.795591
2.836804,73,1407.936875
2.741661,67,1408.079893
1.057711,75,1408.226643
3.082408,68,1408.356816
4.000386,63,1408.476281
1.19981,70,1408.613316
101.003535,89,1408.788773
1.524732,74,1408.931401
2.135698,68,1409.072198
2.496538,75,1409.233558
101.378992,65,1420.921383
2.689431,80,1421.077085
2.736212,68,1421.209116
101.720805,43,1421.295686
105.685546,70,1421.449576
4.065353,73,1421.590908
0.793208,84,1421.757261
1.625213,71,1421.90528
3.86892,67,1422.037774
100.632888,83,1422.198856
3.865154,73,1422.345541
1.387969,70,1422.490641
1.135838,73,1422.635725
3.009002,67,1422.770623
4.68007,64,1422.899586
4.869995,61,1423.022193
2.343899,76,1423.19209
104.57743,71,1423.330865
3.175942,79,1423.492801
5.009596,71,1423.634764
2.584217,71,1423.781949
-0.093765,123,1424.023981
4.944817,63,1424.146013
1.174278,85,1424.331884
101.13352,73,1424.479831
4.057418,70,1424.614538
1.075961,92,1424.799038
2.331089,72,1424.941288
102.666941,82,1436.462205
1.908658,83,1436.634582
1.297547,75,1436.788353
3.202003,69,1436.929708
3.152325,70,1437.073025
100.592891,68,1437.209279
100.48516,86,1437.377331
2.855249,70,1437.518056
3.449994,80,1437.678169
102.482336,75,1437.825831
4.258094,73,1437.969593
1.090444,83,1438.130608
1.946511,81,1438.291289
0.013096,1000,1440.198478
1.088177,72,1451.844678
2.804768,72,1451.985952
4.799494,78,1452.143656
1.359307,83,1452.314548
4.149473,68,1452.446359
1.311693,78,1452.599605
2.013132,74,1452.743252
0.189477,86,1452.921625
3.005971,68,1453.052946
100.880381,68,1453.187901
3.49082,66,1453.318632
3.891828,64,1453.459284
4.805159,75,1453.614702
3.851481,63,1453.745116
1.305602,71,1453.891423
1.370702,79,1454.053599
3.084223,62,1454.182447
101.050866,57,1454.301365
2.453841,67,1454.437171
4.237428,65,1454.570331
0.713304,71,1454.714376
101.967541,62,1454.835959
0.167124,102,1455.051737
4.263764,86,1455.217832
4.541354,79,1455.373163
103.43412,65,1455.505642
1.738317,73,1455.64559
3.161022,71,1455.781562
3.909336,80,1467.240094
100.871451,84,1467.42025
2.615508,69,1467.553633
3.310363,74,1467.696383
4.963034,65,1467.824781
3.818357,157,1468.141097
1.678129,75,1468.290821
1.5249,89,1468.470466
1.006366,102,1468.681074
0.225327,75,1468.831164
104.073768,59,1468.952955
4.359247,67,1469.08886
4.060681,66,1469.222318
5.204896,63,1469.350202
2.752762,73,1469.497989
100.701716,78,1469.660021
3.665786,68,1469.794772
5.2453,63,1469.924459
101.759358,44,1470.0132
3.327711,68,1470.152135
1.300235,69,1470.291213
4.820772,65,1470.425195
-0.141751,92,1470.611762
2.836922,77,1470.772652
101.680132,81,1470.932468
1.584892,71,1471.069739
100.937833,68,1471.199725
4.532804,67,1471.328859
5.808578,67,1483.012905
3.752977,72,1483.165634
4.212459,73,1483.313588
4.064053,70,1483.452143
103.657779,62,1483.575204
3.25078,63,1483.702098
0.275972,1000,1485.736268
1.810713,79,1485.900569
1.15695,76,1486.071527
2.298834,69,1486.216743
0.579605,75,1486.375551
100.049091,87,1486.557136
3.558767,78,1486.723616
3.759219,66,1486.865161
103.061646,75,1487.035113
3.910384,68,1498.72115
3.85504,64,1498.851599
3.252584,71,1498.994805
1.402632,93,1499.185168
6.031611,65,1499.319307
101.188592,92,1499.512174
102.523341,60,1499.635473
4.439555,84,1499.804649
1.606999,74,1499.957035
0.844275,71,1500.099551
4.562535,70,1500.239408
1.157156,87,1500.436163
1.281034,73,1500.589541
4.294237,80,1500.757276
102.058397,67,1500.894528
1.479681,71,1501.037019
1.870239,70,1501.178972
2.227322,68,1501.319017
3.691663,63,1501.448537
101.233533,68,1501.590047
3.965549,92,1501.781134
5.721611,62,1501.906465
2.561281,66,1502.056342
0.227532,77,1502.215413
0.781438,1000,1515.65829
3.20437,65,1515.784045
1.519459,69,1515.919649
0.973516,80,1516.07691
2.300971,67,1516.207112
3.296465,64,1516.331734
103.395791,86,1516.503184
3.953911,68,1516.63551
3.846121,75,1516.781773
100.370898,64,1516.910982
3.09628,66,1517.041084
3.358183,103,1517.260333
1.500247,76,1517.422033
100.946735,52,1517.531914
2.114549,68,1517.674068
3.100922,83,1517.847038
1.105426,109,1518.067673
1.665114,70,1518.204574
4.334468,82,1518.363722
1.54093,81,1530.11294
3.582024,71,1530.258402
2.483648,78,1530.415031
1.315222,77,1530.573758
4.175092,63,1530.702339
3.410538,71,1530.848244
104.602353,62,1530.976165
0.005227,75,1531.136551
101.394753,48,1531.24341
2.365377,72,1531.387142
0.786102,74,1531.555155
1.88541,76,1531.714951
3.726759,67,1531.855257
3.467007,76,1532.018269
102.391797,57,1532.136375
3.342893,66,1532.270083
3.861938,74,1532.420935
0.438597,91,1532.607004
1.147224,89,1532.799229
4.405976,66,1532.959509
2.731701,63,1533.087173
5.151738,69,1533.228278
101.750601,91,1533.413909
1.081848,97,1533.618677
4.351235,65,1533.757611
0.269245,85,1533.93783
100.706016,30,1534.00328
1.53233,70,1534.14602
0.938898,1000,1547.914851
2.220804,69,1548.05258
-0.998421,101,1548.267825
-2.065667,101,1548.475461
1.095348,88,1548.658433
0.42885,79,1548.821124
4.034056,74,1548.973137
0.577749,151,1549.296649
3.574169,64,1549.429651
3.277224,67,1549.567933
1.358831,99,1549.768719
0.972893,91,1549.959332
101.304781,53,1550.066417
0.607361,71,1550.211789
1.983089,69,1562.013881
3.310667,74,1562.163824
3.913183,61,1562.28342
1.037333,69,1562.420166
3.228478,75,1562.572834
2.171946,71,1562.711323
4.32727,63,1562.835272
1.408548,70,1562.973406
101.022162,84,1563.14865
101.488327,54,1563.256679
-0.679619,108,1563.490057
2.376188,77,1563.648932
4.371846,64,1563.781038
3.592072,74,1563.933992
0.869507,94,1564.130971
2.329456,74,1564.282737
4.453504,89,1564.470716
1.98804,81,1564.652088
2.472498,80,1564.82052
3.03723,68,1564.963868
3.2321,67,1565.103563
2.117045,77,1565.262963
0.545479,78,1565.418111
3.283476,64,1565.547132
103.211762,64,1565.676492
3.066374,81,1565.84401
0.77876,79,1566.004017
101.000334,77,1577.764063
3.047196,66,1577.899354
3.145387,90,1578.08068
3.215229,67,1578.219375
1.78184,70,1578.3664
1.273538,68,1578.504495
4.935788,62,1578.627883
0.792005,83,1578.796758
0.649214,86,1578.989581
0.135778,140,1579.303098
3.291444,61,1579.440485
-0.086143,90,1579.635708
2.859712,67,1579.783664
3.961928,64,1579.917612
2.613622,67,1580.053982
2.300195,80,1580.225106
0.66041,72,1580.374735
5.46056,64,1580.523513
2.747012,63,1580.653851
2.259821,64,1580.781842
2.175381,70,1580.92273
100.996524,77,1581.075531
105.013026,69,1581.214852
5.068463,71,1581.355336
4.002881,65,1581.485418
4.406197,73,1581.629136
1.162998,74,1581.7695
1.108527,94,1581.952872
3.848037,96,1593.866964
2.865675,87,1594.042665
104.87508,63,1594.168741
3.455269,99,1594.371786
3.210225,69,1594.514032
101.740185,83,1594.682576
3.754929,69,1594.834521
0.100423,78,1594.98977
3.876068,70,1595.128605
101.128596,76,1595.282978
2.175792,78,1595.440604
1.451828,80,1595.602529
102.041371,55,1595.711296
1.939365,68,1595.858158
2.378283,70,1595.992835
3.036472,78,1596.144621
1.887234,73,1596.291865
-0.845437,222,1596.739062
0.002413,86,1596.911138
3.7456,67,1597.043768
3.010691,64,1597.172867
3.344313,65,1597.303269
0.623178,104,1597.532491
101.488694,54,1597.639505
0.748724,94,1597.825079
3.438371,75,1609.168768
-0.031141,209,1609.569859
1.564878,70,1609.718783
0.771053,76,1609.872181
102.749583,63,1609.991806
103.397069,88,1610.165271
1.350125,79,1610.319635
4.283742,66,1610.451799
2.119105,66,1610.582629
103.068779,67,1610.713476
3.930345,68,1610.845173
4.27671,64,1610.970693
0.174164,73,1611.112682
1.3561,75,1611.257962
4.155014,71,1611.415036
0.471211,75,1611.562124
3.962093,81,1611.723007
4.346188,64,1611.84957
1.865383,77,1612.002727
4.047696,64,1612.129004
3.181431,68,1612.267144
-0.747951,140,1612.547194
0.809233,80,1612.70605
4.69199,64,1612.833289
102.634292,63,1612.958235
1.047577,99,1624.724497
3.585259,64,1624.850585
2.356246,87,1625.026966
0.627436,82,1625.189553
3.439508,76,1625.340869
-0.132973,72,1625.484356
2.228201,70,1625.622205
2.263666,84,1625.795617
2.996071,65,1625.934706
0.907619,85,1626.10938
1.218742,73,1626.262979
3.683715,64,1626.405827
-1.528893,154,1626.71864
0.489221,1000,1628.764518
4.05053,73,1640.274962
2.652508,67,1640.408065
4.204712,92,1640.59412
100.293493,88,1640.767965
2.717004,70,1640.91022
3.895155,78,1641.067528
0.752195,92,1641.251676
1.110635,67,1641.388874
3.868565,93,1641.57348
-0.121602,107,1641.801694
4.126738,64,1641.929336
0.498859,78,1642.083278
5.128266,64,1642.21162
5.493254,66,1642.341693
3.516596,68,1642.481107
1.937865,69,1642.62764
102.570732,49,1642.730885
2.32965,71,1642.913106
2.838382,106,1643.127692
4.462794,94,1643.308965
3.501873,75,1643.45621
1.305175,69,1643.592557
4.775456,61,1643.717046
0.90258,101,1643.919727
3.070091,79,1644.078619
103.803237,63,1644.205691
4.464541,126,1655.996385
3.339822,62,1656.124571
2.09579,99,1656.324367
0.522777,81,1656.488994
1.546318,66,1656.626615
1.878403,69,1656.769451
1.737247,92,1656.960619
2.597222,75,1657.114861
101.414409,71,1657.260179
100.272403,75,1657.417292
101.707437,86,1657.61046
2.797915,68,1657.755183
2.43165,77,1657.910404
102.321498,69,1658.053844
101.40913,81,1658.219049
4.631139,82,1658.381396
3.197922,62,1658.508793
5.482351,67,1658.650154
4.736197,63,1658.793506
2.302147,83,1658.959041
104.667552,88,1659.137748
0.774779,80,1659.297538
2.546972,78,1659.45227
101.677016,65,1659.5852
3.013804,65,1659.717309
4.599659,64,1659.852967
1.694881,75,1660.003275
3.663739,63,1660.133601
1.024618,70,1671.732973
0.638744,73,1671.881525
2.333125,67,1672.020441
2.74311,64,1672.152341
103.980212,62,1672.278413
4.050052,131,1672.538968
1.688661,68,1672.678881
5.715593,62,1672.803242
3.734739,64,1672.931459
3.728736,62,1673.054376
102.946623,61,1673.190456
100.867725,77,1673.350298
4.019907,74,1673.498794
2.031695,68,1673.635033
1.11365,85,1673.809442
5.719864,77,1673.957853
2.049907,76,1674.105529
3.737109,77,1674.257801
5.087883,73,1674.400892
104.641435,58,1674.514911
0.885091,92,1674.691983
4.074093,71,1674.829508
3.826291,65,1674.958885
3.604456,85,1675.125213
2.440778,71,1675.283686
1.0013,82,1675.467707
100.720062,66,1675.611737
4.542824,63,1675.747148
104.171352,60,1687.270187
5.883101,65,1687.416546
2.933198,71,1687.556472
2.011533,65,1687.692667
2.281908,80,1687.856014
4.011167,68,1687.994133
0.075335,106,1688.210852
3.139584,89,1688.392841
5.050672,62,1688.521821
2.871843,68,1688.663926
1.948952,70,1688.812858
1.139354,79,1688.979311
101.412684,91,1689.166562
4.337442,64,1689.29793
1.400591,68,1689.438787
101.717886,60,1689.562047
4.263738,65,1689.692544
100.512906,63,1689.819179
4.530896,64,1689.950784
3.403813,82,1690.115497
3.909214,68,1690.265641
4.873809,63,1690.39503
0.160228,119,1690.642006
4.12998,75,1690.803195
3.753251,71,1690.950789
2.063306,66,1691.087347
3.920713,63,1691.216398
104.870269,80,1691.38879
1.903987,70,1702.987836
102.514706,67,1703.118245
3.92648,67,1703.250232
0.343079,77,1703.404065
5.665294,64,1703.531872
2.899604,76,1703.682755
3.213532,63,1703.822884
1.627917,73,1703.971124
0.404823,1000,1705.980722
4.198982,61,1706.108907
101.771541,47,1706.206169
0.484258,86,1706.381301
3.24436,64,1706.513608
0.382271,98,1706.72478
1.951328,64,1706.852197
2.31405,69,1706.986592
101.318946,71,1718.405037
1.621015,127,1718.666989
3.168639,66,1718.79672
1.559731,74,1718.943943
2.735981,65,1719.075286
4.922904,88,1719.250448
-0.17745,83,1719.418554
3.302209,73,1719.566778
0.735044,104,1719.776658
101.609625,92,1719.959908
4.156133,66,1720.092872
3.867243,86,1720.2686
0.556314,99,1720.46783
3.581393,63,1720.597554
3.293096,60,1720.717126
4.39202,82,1720.885589
3.856439,61,1721.007749
0.960657,69,1721.146968
1.516235,102,1721.354432
1.050864,96,1721.544826
1.766544,73,1721.693693
5.710833,61,1721.826065
-0.365157,1000,1735.052855
1.525299,74,1735.215124
1.829019,94,1735.401513
3.776146,73,1735.544282
1.340374,72,1735.686442
3.509979,89,1735.863986
1.632821,62,1735.98931
3.016316,73,1736.131293
-0.222708,119,1736.37822
0.801138,126,1736.634789
-0.335798,203,1737.037158
0.010229,96,1737.227574
2.74313,63,1737.359312
4.550637,64,1737.483518
0.716137,70,1737.620604
5.66114,64,1737.745148
3.624211,71,1749.275056
2.435793,73,1749.418857
3.732914,62,1749.544773
3.439805,86,1749.709914
2.140038,69,1749.849777
0.179726,79,1750.009975
0.219285,86,1750.176771
100.791841,71,1750.323996
1.104862,65,1750.45357
2.93399,77,1750.607267
3.890127,62,1750.751436
104.271895,90,1750.929879
2.985081,64,1751.065235
3.795792,62,1751.187583
3.741002,68,1751.322187
101.663087,70,1751.46273
1.427977,70,1751.603905
-0.647267,107,1751.826629
0.528521,202,1752.256078
4.721553,63,1752.380554
3.857665,62,1752.503802
3.2636,77,1752.658532
0.408218,1000,1765.972759
3.383894,64,1766.099545
104.542112,59,1766.216422
1.651259,74,1766.364789
104.336537,68,1766.502944
1.524221,71,1766.656818
0.626012,101,1766.85431
3.098238,77,1767.006994
-0.131305,94,1767.191475
-1.057328,107,1767.402065
0.625648,95,1767.585466
2.169374,66,1767.716856
2.766017,95,1767.918896
3.953529,63,1768.041658
0.42691,80,1768.198811
0.653632,91,1768.384791
4.464583,67,1768.515684
103.56678,70,1768.653102
104.367415,79,1780.15382
1.650181,70,1780.298031
3.352516,86,1780.470108
5.497635,65,1780.601028
3.415496,63,1780.725233
2.653885,66,1780.860438
3.947287,64,1780.987852
4.712937,66,1781.122043
4.353658,68,1781.260099
1.578886,105,1781.477869
0.468126,86,1781.653411
0.868446,101,1781.861364
2.773451,65,1781.995773
2.131432,92,1782.182282
4.544543,61,1782.306705
1.819551,69,1782.448961
1.070746,71,1782.590106
101.389462,54,1782.697494
3.403752,61,1782.824946
4.695928,71,1782.971223
3.566344,65,1783.10208
0.999592,71,1783.244921
1.675973,73,1783.388949
3.162901,72,1783.526013
101.506237,59,1783.640418
100.77865,109,1783.862036
4.253031,72,1784.006034
100.920907,74,1784.151299
3.087206,68,1795.638277
2.618952,72,1795.779262
102.290996,61,1795.901377
-0.074631,179,1796.249408
3.256754,66,1796.375346
4.310769,61,1796.492942
101.310364,81,1796.662712
3.213892,68,1796.81265
4.151821,67,1796.955923
0.211982,117,1797.205657
4.306507,63,1797.349746
1.022753,73,1797.505181
101.541825,69,1797.642872
2.403085,70,1797.789493
4.299927,66,1797.9219
3.270143,63,1798.05453
100.901444,49,1798.154831
4.502005,61,1798.293856
3.519554,76,1798.447862
3.495943,67,1798.585313
3.804098,71,1798.735898
0.797017,72,1798.882514
3.320857,68,1799.013999
0.408065,76,1799.174992
101.82728,66,1799.303587
4.374408,64,1799.426095
4.157694,72,1799.567116
100.571003,82,1799.730633
-0.290906,94,1811.304538
2.649777,72,1811.446091
4.029007,68,1811.581733
4.997691,75,1811.743087
1.831784,68,1811.882495
1.069327,69,1812.017215
5.518069,63,1812.150692
1.229006,88,1812.336505
2.249551,79,1812.49754
4.517613,64,1812.639358
0.166906,76,1812.7953
1.28688,70,1812.939767
-1.726119,358,1813.665225
-0.167219,83,1813.847127
4.476299,72,1813.993744
-0.158141,1000,1827.54773
2.132851,69,1827.685035
0.749786,86,1827.862296
100.686205,56,1828.000302
4.348638,66,1828.132554
2.417883,78,1828.283043
0.901379,91,1828.46181
5.380891,63,1828.588767
102.634693,67,1828.72354
3.763361,71,1828.861421
4.172045,66,1828.988426
1.768609,79,1829.140887
5.450212,80,1829.296108
2.043686,69,1829.430091
4.504214,63,1829.553845
3.681378,71,1829.690392
-0.189409,86,1829.85541
1.388249,71,1830.004016
0.300176,90,1830.187904
-0.277226,202,1830.584538
1.756224,66,1830.714082
1.045099,97,1830.904482
3.874349,74,1842.317744
2.427313,70,1842.453127
-0.063388,110,1842.663227
101.751517,65,1842.790556
3.123077,66,1842.921833
101.383934,81,1843.079849
0.360884,97,1843.289928
2.545051,68,1843.424636
4.393083,65,1843.554088
3.651795,64,1843.679753
0.419159,97,1843.870692
3.938337,75,1844.021312
0.748221,73,1844.166918
100.990255,62,1844.292276
1.607856,69,1844.431951
3.536492,85,1844.607856
0.791566,99,1844.807805
1.506507,83,1844.978419
3.872712,66,1845.112895
3.367574,87,1845.301456
0.602161,78,1845.45668
3.891658,79,1845.613934
4.640544,83,1845.783758
3.448113,65,1845.912914
101.236141,81,1846.076491
5.116345,69,1846.214023
1.56937,70,1857.652743
1.912208,81,1857.818267
2.693194,76,1857.97393
1.351063,75,1858.123475
5.234092,63,1858.25095
3.254221,83,1858.416148
0.724638,136,1858.698445
2.725186,68,1858.834685
3.180654,69,1858.979719
3.827078,72,1859.139666
103.375305,69,1859.279109
1.585096,70,1859.42117
1.146142,72,1859.565906
2.945994,67,1859.701238
0.226686,1000,1861.744605
1.015923,71,1873.213797
4.075092,64,1873.342495
3.196555,61,1873.465141
4.043116,63,1873.588273
100.184796,61,1873.709339
0.348179,100,1873.910522
5.045783,67,1874.042186
4.472902,68,1874.179167
1.109685,69,1874.334963
3.912729,61,1874.454531
3.19574,85,1874.624377
4.469096,88,1874.80384
3.691057,67,1874.939779
5.620685,65,1875.073378
4.629066,63,1875.199125
3.350361,68,1875.334955
103.550642,59,1875.452448
4.10184,63,1875.57687
2.319889,69,1875.72484
2.174684,67,1875.857487
-0.147526,93,1876.051238
-0.359074,94,1876.239408
1.854064,70,1876.378747
4.387493,64,1876.508799
2.386413,88,1876.684953
2.602484,68,1876.819225
1.056619,68,1876.953861
1.138129,83,1877.122684
101.029955,80,1888.65942
3.488634,78,1888.815282
104.058337,70,1888.956903
0.342733,109,1889.172513
4.02522,68,1889.31041
0.063903,101,1889.526675
100.86903,119,1889.774779
5.26446,71,1889.919502
3.29272,68,1890.056467
2.33593,75,1890.208657
0.678185,80,1890.377348
3.436728,73,1890.522949
1.598985,66,1890.655684
4.622348,71,1890.798903
4.090854,68,1890.935033
2.769628,64,1891.061734
1.298772,71,1891.214975
101.518859,66,1891.348341
-0.107585,135,1891.619975
2.812457,69,1891.760979
104.863064,68,1891.901321
1.411188,68,1892.036671
4.050002,69,1892.17394
105.010975,65,1892.304654
5.90551,70,1892.444262
103.324756,73,1892.589854
101.719162,64,1892.730235
103.546506,61,1904.17245
1.459039,75,1904.323844
1.699259,87,1904.499306
101.32855,111,1904.715279
4.463382,66,1904.844257
4.787977,66,1904.989103
3.16049,82,1905.155559
3.412085,65,1905.289321
101.621708,58,1905.401973
2.133754,78,1905.557352
3.961781,65,1905.682367
4.338467,74,1905.831715
104.588104,62,1905.955559
-0.166615,1000,1908.013919
0.625362,74,1908.167139
1.648368,78,1919.842424
0.638535,1000,1921.851277
2.433822,69,1921.991615
101.547298,58,1922.1075
4.066257,63,1922.230775
-0.616595,82,1922.39105
104.365668,86,1922.56579
3.770724,65,1922.695858
4.492083,67,1922.833654
5.695833,77,1922.989044
2.838483,66,1923.120292
2.564291,75,1923.267528
100.767246,66,1923.40427
2.00167,69,1923.542678
3.918181,94,1923.729378
0.990122,114,1935.675169
5.877619,69,1935.822141
101.661618,74,1935.989406
0.09908,82,1936.197701
2.003227,66,1936.338258
101.070862,118,1936.591644
-0.138172,1000,1938.717201
101.782091,63,1938.86793
4.99958,68,1939.01099
2.670365,83,1939.184024
1.338046,69,1939.333867
2.182807,94,1939.536809
4.076801,69,1939.684162
1.218601,72,1939.832828
3.924776,74,1939.985739
-1.117006,106,1951.953863
1.123064,71,1952.115832
2.892626,63,1952.246609
0.929248,69,1952.385264
2.781086,68,1952.522397
101.852794,113,1952.750421
0.879015,89,1952.927699
3.811418,74,1953.074227
0.471047,75,1953.229529
2.445461,79,1953.385475
1.142281,77,1953.574558
0.775969,90,1953.759517
101.229618,89,1953.934372
3.620336,64,1954.064768
3.567012,82,1954.227781
3.246698,71,1954.367581
1.515685,83,1954.533033
3.202327,66,1954.661484
101.904739,80,1954.822226
1.811455,71,1954.985358
4.209415,63,1955.11726
3.076718,89,1955.291258
2.59175,66,1955.421282
3.407322,69,1955.557554
101.774642,105,1955.765628
103.421203,76,1955.917433
3.361913,73,1967.474412
3.020815,85,1967.639939
3.874372,79,1967.79958
0.075595,87,1967.97597
2.041373,69,1968.112365
100.897837,38,1968.187034
2.12572,77,1968.341339
0.767446,86,1968.520694
101.45674,77,1968.672548
2.837398,73,1968.81294
100.923347,82,1968.990683
3.081438,66,1969.124265
5.391143,62,1969.248056
-0.67116,93,1969.438318
2.314969,76,1969.601458
1.454351,103,1969.806396
3.35587,65,1969.933543
2.654982,64,1970.057908
0.558452,88,1970.239947
0.651201,79,1970.39504
1.460732,90,1970.579709
-0.818179,94,1970.772812
0.671985,311,1971.37459
4.374316,75,1982.800323
101.43529,55,1982.905454
2.786294,64,1983.028672
2.343265,102,1983.229929
3.948595,97,1983.420191
3.223249,73,1983.565234
0.755352,95,1983.748174
104.398962,59,1983.865574
3.060103,87,1984.033919
0.313176,1000,1986.046418
0.023934,1000,1999.546154
104.068844,62,1999.670454
-0.384006,96,1999.867474
100.787564,70,2000.009277
3.544428,67,2000.146924
102.48739,61,2000.26756
4.320958,64,2000.395334
4.589371,64,2000.523233
2.479403,68,2000.654872
103.379971,56,2000.770962
104.534404,78,2000.925148
3.81391,103,2001.146829
2.609941,68,2001.281404
4.851117,69,2001.42139
5.303824,62,2001.548408
2.307368,69,2001.684345
3.749956,65,2001.817705
102.334486,63,2001.953087
100.393682,82,2002.116758
0.170619,153,2002.431576
4.685394,61,2013.862844
4.905077,72,2014.017926
4.721046,65,2014.149984
105.360289,75,2014.303511
3.830974,62,2014.437354
3.234201,67,2014.576011
102.680676,59,2014.69556
0.740176,96,2014.892533
0.746164,88,2015.066684
3.175755,61,2015.189576
4.318355,66,2015.319525
1.719809,90,2015.505291
3.542695,75,2015.655453
3.648324,67,2015.788479
1.948792,70,2015.933057
4.234758,77,2016.087557
4.819887,62,2016.211067
-0.360849,94,2016.398954
-0.760921,88,2016.574566
1.886572,69,2016.712117
3.988739,64,2016.838991
3.500424,86,2017.011965
-0.799991,96,2017.203648
0.305774,90,2017.383467
3.464117,77,2017.541684
4.016483,72,2017.685046
100.719257,68,2017.825716
101.501876,87,2029.493883
4.498591,61,2029.614394
2.88778,65,2029.744648
3.22757,84,2029.9132
101.172752,163,2030.237503
1.046853,98,2030.432467
0.996328,74,2030.597344
4.949112,64,2030.725518
5.422457,67,2030.856221
1.705649,74,2031.003136
2.67429,81,2031.165227
104.203069,66,2031.294039
4.737254,63,2031.417861
3.335888,81,2031.581959
4.586826,73,2031.726259
102.357565,77,2031.878825
2.068475,69,2032.015252
3.683263,79,2032.188073
3.155717,64,2032.315223
3.773562,76,2032.465724
1.270254,93,2032.650913
2.695058,64,2032.781278
2.084645,76,2032.933697
1.108753,71,2033.08213
3.780462,72,2033.228351
3.860576,64,2033.357871
3.532882,87,2033.528834
3.90861,64,2044.927279
3.693607,78,2045.08464
3.45984,91,2045.267159
0.657299,77,2045.42364
2.804274,65,2045.552799
2.90755,69,2045.689445
102.917835,75,2045.836781
102.349716,58,2045.953752
0.44959,78,2046.112274
2.633522,68,2046.246862
2.84309,62,2046.370607
1.838828,81,2046.534031
3.464111,65,2046.666379
3.753697,64,2046.795853
0.98973,71,2046.938991
3.84048,93,2047.125016
2.971712,98,2047.324849
1.073704,77,2047.483449
102.470509,71,2047.629417
100.733325,62,2047.756977
100.79943,82,2047.928731
3.695647,65,2048.058076
3.668599,84,2048.228821
6.313421,66,2048.362793
0.603884,100,2048.566601
3.543009,64,2048.707782
101.045228,74,2048.855191
1.887209,71,2060.292909
4.326727,60,2060.42806
2.928546,66,2060.557449
101.22113,58,2060.672879
2.319324,70,2060.817472
3.856454,76,2060.971262
0.662921,1000,2063.00062
3.925035,64,2063.12913
-0.675718,132,2063.390478
100.578966,96,2063.581551
3.350119,66,2063.713239
1.689752,72,2063.856496
4.621493,59,2063.976301
-0.80065,219,2064.407965
2.074833,65,2075.950815
4.504661,80,2076.107851
100.852876,182,2076.477168
100.798165,54,2076.585972
2.343812,69,2076.723962
102.782149,65,2076.853218
3.150906,76,2077.004933
3.41267,66,2077.13683
1.151846,73,2077.284197
104.242966,60,2077.414108
4.100295,70,2077.553828
101.108619,50,2077.654123
2.699432,84,2077.817535
1.760255,74,2077.966681
3.819647,68,2078.10803
4.452269,65,2078.239725
102.223155,66,2078.371639
2.212264,75,2078.521059
1.214903,82,2078.683226
1.419248,86,2078.867827
105.114667,72,2079.010978
2.006042,80,2079.174208
3.210588,82,2079.336884
4.827964,63,2079.463614
0.482155,1000,2092.882035
3.949003,63,2093.027246
2.976004,79,2093.186569
100.950505,39,2093.261536
100.614634,71,2093.40298
4.0165,62,2093.526679
1.618221,69,2093.666367
4.871305,80,2093.825299
5.210652,67,2093.962905
4.507201,65,2094.096281
105.189524,70,2094.23637
-0.378173,92,2094.421074
101.135743,94,2094.633664
1.798504,74,2094.780501
3.105665,72,2094.923594
2.745828,65,2095.058632
-1.221457,96,2095.247293
-0.156663,84,2095.412959
0.668099,167,2107.117372
0.291942,1000,2109.125547
4.008451,74,2109.273691
-0.618565,93,2109.454645
4.167904,64,2109.579663
2.563129,78,2109.733205
4.411001,77,2109.882683
102.162173,76,2110.031786
5.734999,82,2110.19475
1.356885,72,2110.336102
101.59904,91,2110.520044
3.40731,64,2110.642494
0.671669,86,2110.814407
101.064434,79,2122.271101
4.111673,112,2122.499675
3.083311,69,2122.638033
-1.144908,102,2122.843145
1.142535,91,2123.029783
2.447095,60,2123.147801
2.855175,75,2123.307933
101.049548,85,2123.488675
101.491468,73,2123.631495
3.471189,80,2123.791908
3.754392,66,2123.92714
2.241056,70,2124.071022
3.044743,63,2124.194565
3.973232,66,2124.322295
102.593644,73,2124.463666
4.244042,77,2124.616096
101.744851,92,2124.795606
3.360434,97,2124.987842
1.89355,70,2125.138641
2.92654,75,2125.284065
4.620503,65,2125.411413
3.515431,67,2125.540848
2.09424,86,2125.705615
3.804197,65,2125.832458
4.531667,64,2125.957272
2.034078,71,2126.096898
1.690237,82,2126.254974
-1.451321,100,2137.694598
100.680594,39,2137.772191
0.245032,1000,2139.759336
102.792374,64,2139.890039
1.038131,91,2140.074109
-2.17176,124,2140.327434
3.899731,73,2140.478144
3.703528,65,2140.609075
-0.234217,201,2141.029351
3.777642,92,2141.217964
102.143268,56,2141.330367
2.237167,64,2141.46148
2.085058,64,2141.593515
4.901202,77,2153.060142
102.652138,73,2153.223896
102.901006,73,2153.369236
3.182259,71,2153.510283
4.184275,64,2153.636563
1.055407,86,2153.804161
5.101638,63,2153.929826
-0.041861,112,2154.150907
3.114753,90,2154.326429
100.914215,67,2154.458386
4.580349,62,2154.577401
3.004005,79,2154.729869
2.579178,77,2154.876805
2.220238,69,2155.00881
-0.350028,114,2155.235126
1.253912,198,2155.624312
0.924719,102,2155.823358
102.336495,75,2155.97423
2.554279,66,2156.107908
4.48451,65,2156.240127
3.730616,84,2156.413663
100.746862,69,2156.549813
3.820203,76,2156.699283
-0.049925,88,2156.877444
5.553631,65,2157.005546
2.396212,69,2168.39766
1.133672,73,2168.559868
101.898427,63,2168.68481
103.157346,64,2168.810169
101.250408,99,2169.008513
101.477634,155,2169.313789
101.110027,81,2169.480784
0.389188,76,2169.634036
100.706191,58,2169.752407
4.458571,66,2169.886378
102.373712,62,2170.012939
1.368079,73,2170.158563
1.893197,73,2170.318882
2.413742,73,2170.464037
4.750304,63,2170.587863
101.599281,54,2170.692894
5.48442,72,2170.837585
-0.508431,89,2171.018636
102.954527,69,2171.155884
3.894261,81,2171.315597
1.36729,73,2171.472971
101.224538,62,2171.604477
0.815734,71,2171.743323
2.337219,63,2171.87012
2.359226,70,2172.008839
4.847913,74,2172.156406
101.089311,72,2172.299165
4.69896,62,2172.421596
3.957193,69,2183.836276
2.222699,63,2183.956559
3.642197,64,2184.080204
4.175145,62,2184.200976
1.594084,66,2184.332264
100.64775,106,2184.5488
101.599822,97,2184.740688
2.410869,78,2184.894653
4.528504,65,2185.025458
2.320055,92,2185.222193
1.432852,70,2185.361802
3.647883,67,2185.49582
-0.064588,95,2185.687799
2.649606,69,2185.829767
2.473418,86,2186.003747
4.034241,63,2186.132402
1.042469,131,2186.39037
2.017776,70,2186.550899
1.110396,72,2186.697304
2.53925,76,2186.84985
0.802241,92,2187.036925
1.075172,116,2187.276428
1.529507,70,2187.416376
2.376833,77,2187.568072
102.177241,63,2187.693426
100.83557,71,2187.836785
101.460372,94,2199.362006
102.306786,54,2199.473719
4.647073,86,2199.646125
101.122222,81,2199.80619
100.74475,68,2199.944813
4.480645,72,2200.090696
3.955754,67,2200.226921
3.591685,66,2200.363502
0.811641,82,2200.531965
102.49036,57,2200.647488
4.022219,85,2200.82118
100.45158,84,2201.001281
102.183788,63,2201.127845
5.022155,62,2201.253399
4.150007,71,2201.40007
106.121332,76,2201.563691
3.389951,74,2201.740229
2.259004,69,2201.894544
4.64696,63,2202.033408
4.044023,62,2202.165513
0.755217,75,2202.31808
0.930614,77,2202.472627
-0.347794,99,2202.67096
3.785442,75,2202.820869
4.374073,64,2202.95327
5.024084,62,2203.077667
2.727494,79,2203.237963
3.523308,66,2203.375518
4.910878,63,2214.964614
0.592887,120,2215.205427
4.720505,89,2215.38618
-0.013903,74,2215.545851
101.503898,67,2215.678844
100.796698,65,2215.821303
102.033777,85,2215.999058
4.283829,65,2216.136168
0.317585,1000,2218.102582
100.27638,39,2218.177733
5.393545,80,2218.339775
1.085915,92,2218.520368
1.932164,80,2218.679172
3.789629,67,2218.814414
1.374023,82,2218.98904
-0.02369,94,2230.531387
100.759163,51,2230.633563
3.839921,89,2230.810543
0.719761,75,2230.960145
104.200448,66,2231.095409
5.302252,62,2231.240473
2.624046,64,2231.38453
2.533751,65,2231.531892
4.93082,66,2231.667887
3.77614,68,2231.804883
3.11154,67,2231.939942
2.255501,78,2232.100664
4.832591,63,2232.22973
103.741547,75,2232.379509
4.791056,91,2232.565004
2.072282,91,2232.756234
5.260523,67,2232.892015
3.186772,70,2233.035245
4.500819,64,2233.167829
3.552045,85,2233.359851
1.599539,90,2233.539108
-1.539125,120,2233.779088
1.059903,71,2233.920955
3.455366,71,2234.060447
3.901521,62,2234.18663
-0.529521,110,2234.41007
4.321416,76,2234.562799
4.230732,84,2246.236204
6.032321,69,2246.370014
102.40665,82,2246.53103
-0.209515,100,2246.730214
5.379548,87,2246.914269
2.012223,70,2247.052296
4.976577,63,2247.178707
1.148778,68,2247.31224
102.777121,75,2247.467153
2.91304,74,2247.615031
105.125084,69,2247.752552
1.242468,73,2247.895615
3.653432,64,2248.019522
1.981222,70,2248.159874
0.538075,100,2248.386166
4.172768,65,2248.520942
101.098664,68,2248.665019
0.540769,113,2248.891836
3.641536,61,2249.016572
3.670276,66,2249.150698
104.537702,73,2249.294224
106.329165,78,2249.455122
2.520284,66,2249.586234
3.853252,68,2249.722534
4.225198,65,2249.855615
0.324965,114,2250.093921
4.753523,65,2250.219897
101.765665,68,2261.732367
4.334229,65,2261.865075
0.768974,85,2262.036167
2.430928,71,2262.18847
4.286599,81,2262.349992
2.678032,86,2262.524016
101.641487,58,2262.64074
3.583544,69,2262.782915
5.930548,65,2262.911802
4.41574,70,2263.051629
0.520332,199,2263.455437
3.371631,68,2263.592266
4.84905,75,2263.741346
102.065508,52,2263.844511
2.060778,79,2264.000377
3.863071,70,2264.138649
1.660276,68,2264.289734
3.995446,65,2264.417951
3.387461,64,2264.543374
3.73526,65,2264.669174
101.710631,97,2264.862191
101.123204,74,2265.009212
101.666718,78,2265.163203
4.279388,61,2265.283305
1.11426,86,2265.452709
0.766523,79,2265.612565
1.20283,80,2277.222936
4.211673,63,2277.353259
1.797312,64,2277.483846
5.028251,84,2277.653404
101.074144,66,2277.783865
1.309565,79,2277.945244
3.613491,71,2278.085969
103.012638,79,2278.245538
3.681771,71,2278.40669
3.992348,80,2278.564736
102.059695,80,2278.721784
3.376069,65,2278.849908
3.426952,82,2279.019388
4.357582,96,2279.20628
3.466363,66,2279.341711
2.748818,82,2279.519435
3.443278,82,2279.678656
4.601315,71,2279.821046
0.409693,93,2280.000445
2.576854,70,2280.139701
4.644893,69,2280.273479
2.083751,70,2280.409875
0.320735,77,2280.566142
-0.534775,218,2281.003729
0.565239,105,2281.213028
1.330154,81,2292.656669
3.350001,66,2292.804544
2.205164,84,2292.976264
100.290915,210,2293.389284
1.989664,71,2293.529366
4.677717,80,2293.688903
3.608477,64,2293.819281
2.590101,68,2293.955512
4.896946,67,2294.094126
2.285765,82,2294.256872
3.222851,64,2294.383131
2.589473,65,2294.508536
3.720666,63,2294.633487
101.10421,200,2295.030859
4.488877,70,2295.168957
0.855665,88,2295.354796
3.840482,82,2295.521538
101.199686,77,2295.676104
0.656753,113,2295.896672
-1.640744,139,2296.170492
3.686291,66,2296.303239
0.161752,100,2296.50685
0.728429,86,2296.680119
4.485962,75,2308.545474
3.434404,109,2308.769158
102.766316,67,2308.900359
101.879097,63,2309.026961
2.237103,71,2309.168015
4.777464,62,2309.29482
104.716896,67,2309.433249
104.4765,73,2309.594024
2.743761,81,2309.756664
4.387633,62,2309.878514
-0.615049,97,2310.064427
-0.351748,91,2310.263036
100.832517,65,2310.393828
5.122728,67,2310.529709
3.859711,100,2310.727884
0.74536,74,2310.878372
2.385619,73,2311.022039
1.909282,67,2311.16762
100.97775,68,2311.305173
101.214421,84,2311.46909
2.561524,67,2311.606576
0.889288,94,2311.793613
4.975333,63,2311.91979
4.179258,64,2312.049083
101.305088,77,2312.203005
3.299967,95,2312.391938
1.74013,71,2312.53258
4.309335,64,2324.045521
4.058347,63,2324.185371
5.732511,75,2324.331719
1.57102,65,2324.458394
101.162499,81,2324.612165
102.210085,58,2324.724469
3.828416,65,2324.855183
5.069004,65,2324.986144
100.797716,74,2325.130476
3.305587,65,2325.25629
4.114323,64,2325.383012
100.903089,82,2325.544039
5.79245,62,2325.664927
2.165052,80,2325.825363
1.098742,70,2325.962755
0.799266,1000,2328.108905
4.001771,60,2339.720773
102.162375,56,2339.85109
3.891434,60,2339.977749
0.782684,74,2340.129683
103.30608,55,2340.247529
103.205976,59,2340.369278
3.989813,73,2340.522008
101.315623,42,2340.608485
4.420432,64,2340.753547
4.768712,63,2340.886364
1.570249,71,2341.037397
4.193388,73,2341.184422
3.417467,64,2341.314793
104.602625,64,2341.454125
3.22341,83,2341.623034
3.670437,67,2341.759367
101.962887,80,2341.923365
3.36374,69,2342.066088
2.763203,67,2342.199075
100.855242,53,2342.306122
101.165657,92,2342.496244
1.20245,71,2342.642011
5.777911,67,2342.775148
101.933383,64,2342.907614
3.267501,65,2343.03702
1.020604,86,2343.206208
101.025649,75,2343.353953
3.360301,63,2343.480541
-0.096629,1000,2356.982946
3.117831,65,2357.114572
103.471495,78,2357.274366
2.574272,69,2357.417264
1.276176,106,2357.636871
101.736208,77,2357.794688
2.996983,61,2357.923006
3.228058,74,2358.076908
4.611593,69,2358.222465
6.036518,72,2358.371126
100.926505,73,2358.521185
1.593334,72,2358.669323
101.871827,51,2358.775064
3.193467,79,2358.937719
4.407946,69,2359.082711
0.052671,130,2359.354306
104.285482,72,2359.512287
5.98685,69,2371.040092
3.904657,112,2371.265425
1.619449,67,2371.396286
0.834649,96,2371.593789
1.674989,69,2371.732761
-0.242831,77,2371.884833
3.975573,94,2372.07508
2.804515,65,2372.204341
5.602664,66,2372.354203
2.495593,84,2372.523795
2.517897,66,2372.656657
1.466089,81,2372.817997
2.700919,86,2372.981212
4.37631,66,2373.108902
2.881068,69,2373.244588
2.281028,69,2373.381089
3.286346,65,2373.510485
2.271364,61,2373.631142
3.434901,139,2373.901046
0.103256,1000,2387.286668
101.504096,85,2387.45708
5.297723,79,2387.620812
101.258611,55,2387.73275
2.274679,70,2387.870155
2.309608,92,2388.059391
4.246707,65,2388.186257
102.705881,75,2388.334231
104.13268,58,2388.447633
5.146494,70,2388.582589
4.79019,61,2388.70382
4.562265,76,2388.854638
4.0326,64,2388.983101
2.065545,104,2389.186768
3.00749,87,2389.354094
-0.959258,98,2389.553815
-0.508526,158,2389.863455
4.8818,61,2389.98392
4.302456,65,2390.113192
100.950051,66,2390.245902
1.803681,65,2390.374667
101.588822,85,2401.964901
101.341422,82,2402.124022
2.539879,73,2402.264883
101.129814,87,2402.437186
3.594912,108,2402.653616
4.167109,69,2402.790279
-0.905348,87,2402.962837
1.78637,69,2403.102683
1.240283,104,2403.308259
5.248356,63,2403.43527
101.585496,77,2403.60586
3.526902,62,2403.727464
4.01654,66,2403.858935
4.648718,64,2403.991624
3.521812,69,2404.131313
1.636505,101,2404.335875
101.944171,86,2404.506764
-0.962051,124,2404.765456
4.04023,64,2404.889973
-0.687591,1000,2418.490897
3.816196,65,2418.618201
4.559946,64,2418.745788
1.534738,71,2418.886573
3.970176,66,2419.017017
102.082807,69,2419.155264
1.23283,72,2419.300681
103.282222,63,2419.442711
1.407456,74,2419.591059
2.441779,72,2419.733257
102.171481,76,2419.883061
3.906757,83,2420.050939
2.309342,64,2420.180722
3.245459,61,2420.307496
5.777399,64,2420.431409
4.182544,82,2420.593723
3.025151,66,2420.720594
4.47835,61,2420.840692
103.871115,59,2420.95467
2.845927,73,2421.110322
1.548382,88,2421.287283
3.249384,67,2421.422942
2.697471,67,2421.560797
1.520393,84,2421.724803
4.041466,71,2433.137266
2.589087,89,2433.337216
1.843042,62,2433.460039
4.023766,88,2433.6373
2.874115,62,2433.763392
3.508499,78,2433.919875
4.19862,64,2434.050245
3.889099,75,2434.204428
101.426831,71,2434.349051
4.037204,80,2434.511897
0.087281,217,2434.955991
3.884302,64,2435.084242
1.559634,78,2435.241353
0.187035,87,2435.422208
0.846528,73,2435.568287
3.512348,65,2435.697257
1.006007,69,2435.833734
3.724885,79,2435.987131
4.596406,63,2436.115114
0.377752,74,2436.265563
101.424402,62,2436.387929
0.2958,76,2436.533833
0.534424,71,2436.680162
0.397121,79,2436.84086
101.997675,73,2436.985576
3.871104,74,2437.137251
102.630509,65,2448.522577
1.052539,72,2448.66199
2.87461,64,2448.786203
-0.201891,85,2448.954654
-0.384228,191,2449.338104
2.199286,69,2449.478468
3.338431,64,2449.60473
2.55169,85,2449.786242
0.928077,74,2449.932434
2.170302,69,2450.070821
1.864592,69,2450.2084
0.750545,73,2450.353806
100.871584,84,2450.521236
3.571699,63,2450.6477
3.831023,61,2450.773643
4.594429,64,2450.899469
1.974345,79,2451.058576
1.219965,71,2451.202262
100.514279,92,2451.396719
4.308871,61,2451.519612
1.014984,81,2451.690228
2.758236,83,2451.863158
102.579848,55,2451.977111
2.733656,67,2452.117306
101.936103,88,2452.299474
2.312157,80,2452.472337
4.020292,62,2452.60283
102.371474,65,2463.997739
1.725343,86,2464.172622
102.729923,75,2464.322921
1.658519,71,2464.46766
100.800078,64,2464.596469
3.623171,64,2464.728089
1.324684,66,2464.865231
2.605799,85,2465.03428
2.458848,65,2465.168583
2.838083,72,2465.314687
1.578227,74,2465.461306
102.710024,59,2465.579466
101.115417,64,2465.705928
3.354639,66,2465.834073
4.615133,76,2465.985825
104.707356,72,2466.129528
102.512933,68,2466.269027
2.12561,68,2466.403304
2.277377,69,2466.539703
0.275732,78,2466.695568
101.100054,111,2466.917509
3.333246,72,2467.065966
3.665115,80,2467.228145
0.193664,74,2467.378717
104.274895,68,2467.515684
4.16945,64,2467.643803
0.822782,74,2467.792845
103.226538,55,2467.918031
4.312639,97,2479.371388
2.302953,69,2479.511258
101.158052,77,2479.679646
0.401153,79,2479.838215
103.223138,58,2479.956382
-0.849215,138,2480.242112
4.39312,64,2480.369831
4.92648,75,2480.519714
2.051803,64,2480.646428
5.354046,62,2480.768018
5.487703,61,2480.893727
4.708177,62,2481.019716
101.762944,80,2481.180101
5.519268,78,2481.33405
-2.056706,101,2481.536352
100.985428,72,2481.677666
101.207381,77,2481.827463
105.697909,74,2481.991597
5.338437,72,2482.134288
4.576201,89,2482.313766
4.49365,65,2482.446052
1.985977,63,2482.567652
100.787682,80,2482.727323
3.230852,97,2482.916957
101.080645,84,2483.082163
1.513441,72,2483.224779
0.997315,95,2494.683547
3.379674,86,2494.857055
101.312591,74,2495.005921
5.393883,64,2495.138627
100.907223,83,2495.310703
2.793453,67,2495.458147
1.184939,68,2495.599351
2.465557,69,2495.734465
1.484047,76,2495.887624
1.603905,82,2496.048597
1.372633,90,2496.226932
3.033607,65,2496.358139
104.269179,59,2496.472012
3.173073,67,2496.602655
101.195787,75,2496.756744
4.375831,65,2496.881976
3.994725,67,2497.014374
0.181215,127,2497.269895
1.420317,83,2497.454477
0.2165,97,2497.651648
4.17874,65,2497.77938
3.736913,73,2497.92632
0.682501,94,2498.115675
-0.783608,375,2510.183267
3.613167,66,2510.318358
3.51056,66,2510.453386
2.660166,79,2510.612487
3.657449,73,2510.765371
0.523527,1000,2512.788826
3.467175,72,2512.953233
1.741098,71,2513.095173
1.724548,88,2513.273787
-1.235096,228,2513.72876
4.740357,71,2513.869608
0.580216,88,2514.044875
1.763969,63,2514.173541
1.258116,77,2525.697412
101.860218,79,2525.858922
100.741158,41,2525.940086
101.551659,74,2526.088703
1.269258,146,2526.382918
4.425254,108,2526.599733
3.594839,74,2526.756212
1.955493,70,2526.900128
101.2669,119,2527.140426
2.189968,62,2527.270155
3.302335,64,2527.399656
4.116192,74,2527.548779
5.572204,62,2527.676264
3.297951,68,2527.811968
-0.302256,83,2527.982672
102.94113,72,2528.127928
5.335099,62,2528.253982
100.933666,61,2528.380499
0.180872,82,2528.548267
3.715934,90,2528.731627
100.598458,96,2528.922962
3.464963,77,2529.080272
106.073468,68,2529.219245
101.358999,89,2529.405462
2.887014,65,2529.537824
5.009385,68,2529.671659
100.567501,47,2529.766826
2.10009,79,2541.3076
0.823331,81,2541.4687
2.338107,85,2541.639721
0.892853,80,2541.801195
4.283972,83,2541.985075
2.245034,74,2542.136548
101.457074,58,2542.252237
102.290948,70,2542.395915
1.826714,72,2542.540969
100.086867,44,2542.630564
4.260517,60,2542.748224
101.485597,69,2542.884811
2.466948,78,2543.045179
2.247074,92,2543.225832
3.001596,75,2543.37206
100.734398,45,2543.473163
4.146436,67,2543.607127
1.374423,92,2543.784983
5.697464,64,2543.911984
3.231155,61,2544.032368
3.989348,88,2544.211361
4.61915,82,2544.387182
2.732089,69,2544.527183
4.701443,61,2544.648435
2.647273,68,2544.783557
104.759446,63,2544.90765
101.356252,67,2545.052159
5.410096,82,2545.222792
-0.016116,1000,2558.457623
1.959293,72,2558.600209
-0.770979,83,2558.768194
101.230181,81,2558.928123
104.236475,61,2559.05089
100.832241,86,2559.225235
3.526484,67,2559.357775
4.492101,63,2559.489016
102.343215,66,2559.620871
-2.981757,117,2559.856841
104.4724,67,2559.993842
2.137898,76,2560.145113
0.153436,79,2560.318339
3.854518,90,2560.497101
102.628759,60,2560.615849
1.891105,70,2572.050284
3.569207,68,2572.188934
3.309337,65,2572.321542
3.882534,65,2572.455359
2.260393,69,2572.594322
103.586863,80,2572.754395
0.214857,97,2572.947958
2.219862,89,2573.14429
2.606739,68,2573.281043
101.440971,64,2573.414022
4.300558,70,2573.554515
103.25742,56,2573.670343
3.606689,64,2573.795228
2.126542,72,2573.941223
1.106867,73,2574.092875
4.522697,66,2574.245871
2.979659,65,2574.377836
2.451374,68,2574.51397
3.187043,68,2574.650129
5.033302,73,2574.794425
4.280579,68,2574.930803
4.731261,85,2575.101803
2.017286,77,2575.251866
103.683764,63,2575.377517
101.420104,74,2575.525845
2.537531,88,2575.720018
3.103601,70,2575.859867
2.260748,75,2576.009796
1.327416,77,2587.430131
-0.119347,102,2587.651954
0.974874,71,2587.788639
2.516822,74,2587.937721
0.725672,79,2588.096742
0.563766,75,2588.243672
101.009934,31,2588.304959
3.48516,62,2588.426168
3.115015,84,2588.596297
3.694859,87,2588.767544
0.698515,73,2588.911761
1.924178,84,2589.077559
0.896871,80,2589.237298
2.017158,92,2589.422991
3.550895,62,2589.544992
103.202117,60,2589.664982
0.470546,84,2589.833922
3.649515,68,2589.969771
101.45231,60,2590.092597
3.652707,74,2590.239048
0.395074,73,2590.379633
0.924784,77,2590.529983
0.150312,138,2590.801878
4.669165,67,2590.933669
100.439219,61,2591.052205
1.091522,93,2591.24086
100.937644,62,2591.363011
1.103149,74,2602.862718
1.262512,63,2602.992511
0.873437,83,2603.160704
0.975541,71,2603.30514
101.26885,73,2603.455573
3.311756,77,2603.612647
-2.787004,118,2603.873996
2.998199,72,2604.027652
5.115034,73,2604.172351
2.498342,74,2604.32295
4.912692,67,2604.458529
2.283918,68,2604.594784
1.532288,86,2604.768138
0.645,77,2604.922959
0.785455,89,2605.106469
-2.145338,895,2606.949743
3.726609,61,2618.409427
4.125356,66,2618.559754
0.728893,77,2618.712471
2.893352,68,2618.845814
4.457564,64,2618.975837
4.244892,65,2619.10491
104.121611,59,2619.222966
1.582139,112,2619.450046
2.228587,94,2619.646652
3.445475,64,2619.775951
3.435663,65,2619.905219
0.971283,64,2620.035918
2.518386,84,2620.204615
2.599251,69,2620.344177
2.369783,63,2620.470284
4.0016,66,2620.6038
2.037951,71,2620.743189
100.195033,52,2620.846997
101.315038,76,2620.994873
0.75654,91,2621.179462
102.844316,57,2621.29366
2.897991,91,2621.478047
4.169975,60,2621.595974
5.570751,66,2621.730164
5.563003,66,2621.861523
100.807814,57,2621.977457
5.514575,77,2622.129848
5.73109,65,2622.256196
1.69393,73,2622.397424
1.463528,69,2633.942668
104.072377,79,2634.110557
4.140626,83,2634.285985
5.720375,64,2634.421985
3.693753,68,2634.574958
-2.702394,125,2634.832557
101.098613,98,2635.043373
5.106819,87,2635.227886
2.256733,70,2635.372403
106.010681,72,2635.519761
3.591842,88,2635.705789
1.723452,73,2635.856766
0.527377,532,2636.982978
1.417761,72,2637.134991
3.595371,70,2637.28064
4.062406,77,2637.450039
101.300693,97,2637.645818
0.143706,79,2637.804157
5.932552,62,2637.932581
1.655047,82,2638.108459
-0.910505,85,2649.505831
105.971458,74,2649.673156
1.157682,86,2649.849349
0.517493,74,2650.005116
4.505392,62,2650.136891
2.531459,76,2650.293388
0.550769,1000,2652.35291
5.206714,77,2652.516373
0.362448,81,2652.685352
101.183248,84,2652.859178
1.485338,74,2653.01128
5.386639,62,2653.136144
0.563399,79,2653.296534
2.675183,59,2653.415451
3.044671,65,2653.550009
105.339504,68,2653.705308
4.139923,64,2665.282067
0.569353,1000,2667.380198
2.982294,67,2667.522428
1.364934,78,2667.685856
2.398539,79,2667.849501
105.949335,72,2667.997522
2.689266,62,2668.122447
1.736318,149,2668.427003
101.065883,56,2668.544362
5.919672,70,2668.686992
4.607307,67,2668.826569
3.902724,77,2668.984049
3.699643,67,2669.123687
4.905832,66,2669.258658
5.039558,68,2669.40089
3.66603,83,2680.798033
103.491162,77,2680.958431
4.713246,65,2681.092233
103.592885,73,2681.241142
2.228016,70,2681.387609
3.996421,65,2681.522078
1.334645,75,2681.677727
2.480716,76,2681.827807
-0.735416,103,2682.034243
3.350339,78,2682.188716
2.546976,69,2682.322596
4.347909,82,2682.498843
2.313856,86,2682.670248
3.220618,60,2682.792265
3.037146,90,2682.969922
0.306848,83,2683.134551
0.346662,73,2683.28266
3.1569,69,2683.419008
1.329532,135,2683.684831
100.787997,87,2683.855451
4.572032,60,2683.971336
101.598289,62,2684.093723
1.165209,112,2684.314261
102.306295,70,2684.448662
1.274026,78,2684.599287
2.603123,68,2684.74591
-0.022772,1000,2698.071833
101.301106,81,2698.239034
-0.57094,95,2698.446419
4.270113,66,2698.575005
4.127834,61,2698.69684
0.338865,1000,2711.909825
3.630324,65,2712.042535
101.191807,64,2712.18796
0.566143,86,2712.361132
1.299971,68,2712.500843
2.761724,65,2712.630285
102.060698,76,2712.787107
1.019688,90,2712.964437
3.319042,65,2713.094679
4.656278,59,2713.207425
1.404041,83,2713.368586
4.404294,67,2713.500142
4.542308,64,2713.626225
4.424431,67,2713.755941
4.068041,64,2713.879617
3.865388,64,2714.003466
1.442163,78,2714.153208
1.932446,68,2714.283871
3.734283,71,2714.422812
1.375515,77,2714.574654
1.345453,74,2714.717539
0.420551,87,2714.887114
-1.46704,102,2715.082534
104.702813,73,2715.222836
4.218386,69,2715.374338
100.972688,97,2726.858198
0.478352,86,2727.033168
100.981715,133,2727.299705
2.651652,68,2727.437638
102.222749,76,2727.58862
2.63723,65,2727.738006
2.555005,64,2727.873111
1.128076,72,2728.0247
101.453732,92,2728.219489
104.147587,58,2728.333083
3.188195,89,2728.518943
0.892919,85,2728.689301
2.17143,97,2728.88842
0.59349,74,2729.043324
100.219751,69,2729.176014
3.0958,68,2729.310152
5.359919,63,2729.437794
3.161544,71,2729.578189
3.388978,70,2729.718204
1.295128,67,2729.84876
100.79515,89,2730.02426
3.936836,66,2730.156089
4.547509,65,2730.28636
2.240984,69,2730.420863
0.034821,113,2730.639254
4.692201,87,2730.822401
100.605662,59,2742.325593
4.732877,64,2742.474255
2.736893,80,2742.637754
3.400706,66,2742.775794
4.168263,83,2742.934475
101.514513,96,2743.125379
0.95654,79,2743.281967
3.173604,66,2743.414864
1.807403,80,2743.575553
102.146441,66,2743.706892
1.378945,90,2743.881228
3.755908,74,2744.022862
102.06119,79,2744.178401
100.407505,24,2744.227248
4.729286,65,2744.359722
3.768939,65,2744.497879
1.308867,62,2744.620584
102.256565,72,2744.763005
1.841692,71,2744.90201
0.647303,76,2745.05546
101.140237,89,2745.231517
101.35452,96,2745.425588
2.603016,67,2745.56327
4.172961,64,2745.688689
2.417728,79,2745.844698
105.090927,76,2745.996751
102.018757,73,2746.141192
4.502891,65,2746.27615
0.401799,80,2757.791518
-0.265845,84,2757.960616
102.030093,74,2758.110192
1.412044,73,2758.258636
3.986452,64,2758.388144
2.954787,90,2758.571522
4.377817,75,2758.738229
0.985738,71,2758.884969
3.418849,61,2759.006413
5.54836,62,2759.129348
1.388081,63,2759.255572
2.125482,64,2759.381152
-0.747047,98,2759.57268
1.839121,83,2759.734488
1.875824,68,2759.866571
2.761221,70,2760.004957
1.096977,72,2760.151593
102.569068,48,2760.256879
3.450848,85,2760.438732
101.041589,83,2760.606546
2.411189,76,2760.765072
100.765903,81,2760.931864
4.68738,70,2761.075488
4.235778,67,2761.224854
1.722426,73,2761.379176
4.595484,64,2761.511406
100.49865,70,2761.659035
1.011923,1000,2774.775744
0.564719,75,2774.922929
1.671843,92,2775.102028
0.767804,71,2775.241356
1.248983,91,2775.421481
101.633102,96,2775.613848
100.771011,80,2775.76943
102.831818,59,2775.885154
100.592852,54,2775.988831
4.11519,69,2776.133127
4.702823,61,2776.255969
3.672688,63,2776.3822
0.865476,66,2776.517714
3.778946,66,2776.655256
-0.067096,286,2788.581227
1.694955,72,2788.728853
1.770455,80,2788.884553
-0.701859,94,2789.071059
4.654893,78,2789.222722
101.276207,42,2789.310982
101.292392,90,2789.485959
3.428893,70,2789.626353
3.102438,67,2789.758517
-0.9458,102,2789.958487
101.583373,55,2790.06676
101.091543,72,2790.20631
-0.086212,90,2790.396783
4.90037,72,2790.536568
5.554188,94,2790.723802
2.048883,82,2790.879521
101.776202,58,2790.990089
103.96998,69,2791.124883
0.61537,82,2791.282462
4.613547,65,2791.408301
3.188696,67,2791.536612
1.162477,67,2791.671052
1.957493,81,2791.833575
3.84325,60,2791.95126
5.21975,78,2792.106883
1.602467,72,2792.25038
1.907157,76,2792.418261
1.771519,118,2803.973469
2.47798,77,2804.122237
4.619707,64,2804.256511
1.200496,70,2804.391766
1.522595,63,2804.519722
1.940581,69,2804.661463
102.858335,60,2804.786133
103.056046,66,2804.914913
4.332156,66,2805.048087
2.388131,72,2805.19087
3.88709,69,2805.333582
0.945913,83,2805.501744
3.806214,81,2805.666455
4.150962,67,2805.805816
4.465401,73,2805.952694
2.692321,89,2806.129471
100.663247,68,2806.264833
5.009319,68,2806.400113
101.731798,63,2806.525584
-0.405392,88,2806.702297
3.401701,87,2806.874651
1.461842,92,2807.052895
0.593937,85,2807.226811
1.2768,76,2807.372852
3.786633,63,2807.495315
101.822763,65,2807.624913
102.110694,58,2807.742579
4.135671,65,2807.883387
0.093878,79,2819.543626
100.951236,97,2819.740037
4.172294,64,2819.870361
2.588493,82,2820.038437
0.699972,88,2820.219291
100.714886,97,2820.417409
2.80401,62,2820.5444
2.401387,69,2820.690747
0.190717,84,2820.858506
2.357887,68,2820.993064
4.648062,63,2821.119444
0.262543,83,2821.299529
3.486457,80,2821.460302
1.025808,71,2821.603767
4.103743,62,2821.735446
4.088974,72,2821.883682
1.572271,69,2822.029139
0.752596,81,2822.195915
-1.697619,114,2822.430276
101.792072,84,2822.602557
0.57762,80,2822.777072
1.961761,72,2822.924951
5.925892,67,2823.055105
104.366853,65,2823.182157
1.559293,72,2823.321303
3.118423,69,2823.455686
101.33182,57,2823.568943
1.547712,86,2834.956846
3.648926,64,2835.093562
1.788859,86,2835.255176
4.332819,63,2835.380118
6.156738,65,2835.507028
3.424907,69,2835.642385
-0.378712,263,2836.166615
3.711766,62,2836.28693
101.216524,69,2836.425442
-1.961842,108,2836.636835
4.616234,87,2836.812268
101.862988,49,2836.909315
5.357538,61,2837.037356
2.542914,69,2837.172519
3.581206,75,2837.319949
4.815063,92,2837.504133
3.331477,100,2837.705723
103.625708,61,2837.829564
4.775029,62,2837.952242
0.514803,83,2838.12339
100.578685,57,2838.240834
2.977124,188,2838.629678
1.197863,172,2839.011013
4.529831,62,2850.316314
1.832344,83,2850.48924
5.962522,77,2850.657441
101.062793,79,2850.816437
101.14096,112,2851.048285
1.345375,69,2851.189655
1.340952,61,2851.315276
100.079687,94,2851.507181
0.156588,82,2851.676353
1.644373,68,2851.815769
5.45825,75,2851.967993
0.847033,88,2852.14925
0.934217,72,2852.293164
104.104906,74,2852.445288
101.224223,131,2852.711038
1.675511,70,2852.853808
101.092496,70,2853.013367
1.180894,77,2853.169388
103.486651,74,2853.314228
-0.442302,98,2853.511846
4.597505,60,2853.627651
1.362501,84,2853.787961
100.699327,92,2853.967515
3.09961,61,2854.086126
1.890345,74,2854.23201
102.052175,43,2854.313621
2.916837,73,2865.888777
3.421151,62,2866.01571
1.363257,79,2866.174803
99.994395,39,2866.251405
3.470131,67,2866.385289
100.761211,89,2866.576387
3.72018,68,2866.709132
2.480872,61,2866.828247
4.533419,70,2866.969376
2.954247,82,2867.1253
2.037451,69,2867.258098
4.822462,74,2867.40162
2.170182,73,2867.551903
100.667269,67,2867.681409
100.512519,58,2867.807665
0.831035,79,2868.017428
4.41279,153,2868.3634
4.260914,64,2868.489298
5.892829,68,2868.621375
1.599286,78,2868.774164
3.694702,68,2868.906548
2.978489,67,2869.037154
101.81058,53,2869.140872
101.651353,40,2869.219763
1.412179,88,2869.390512
-0.175107,100,2869.588101
1.420146,82,2869.748586
103.344855,75,2869.921281
2.574287,70,2881.621961
2.958992,77,2881.777031
3.074873,89,2881.949434
5.781067,79,2882.104472
103.976772,78,2882.26987
1.717056,69,2882.405951
3.693944,64,2882.53496
3.215396,86,2882.708226
2.56235,70,2882.851807
3.85144,63,2882.994853
1.639418,64,2883.125335
101.095929,75,2883.281099
3.64062,63,2883.411067
1.075039,74,2883.564657
100.869334,104,2883.774144
1.914408,76,2883.937536
3.493536,86,2884.114838
4.000653,61,2884.239646
3.50575,71,2884.383642
5.167452,65,2884.516984
100.782724,77,2884.672276
5.335504,84,2884.853908
2.405783,69,2884.999841
101.093476,102,2885.209589
103.362518,62,2885.335345
1.964521,81,2885.501478
-0.411908,119,2885.754616
-0.341429,95,2897.195631
101.27681,58,2897.31264
102.91976,48,2897.413975
3.251804,83,2897.582922
2.520646,83,2897.756964
-0.595335,88,2897.929588
2.608729,70,2898.065048
5.351255,62,2898.189923
100.958359,55,2898.297666
3.478654,64,2898.421875
0.550316,74,2898.565079
103.334903,70,2898.706116
101.840799,42,2898.789948
1.238376,143,2899.071584
2.409845,71,2899.233333
103.867682,61,2899.352319
3.58834,68,2899.482731
2.900366,68,2899.613061
3.518328,67,2899.749645
1.194401,67,2899.88071
3.379498,64,2900.006727
3.082233,65,2900.132641
101.201377,39,2900.212505
100.738081,85,2900.379449
100.89569,76,2900.527149
3.728183,64,2900.652807
2.46903,93,2900.833313
3.883501,80,2901.005261
3.876314,67,2912.398955
0.632702,90,2912.579579
101.141241,76,2912.730002
3.473413,60,2912.859853
3.98685,70,2913.001678
102.699476,70,2913.141625
1.145664,75,2913.288685
101.094335,65,2913.42066
4.512437,64,2913.552691
0.177912,1000,2915.581481
2.081034,72,2915.725842
102.684874,55,2915.834203
4.75925,65,2915.960116
-0.01582,76,2916.133811
103.074463,62,2916.254302
105.025282,63,2916.379555
102.468106,68,2916.521011
3.497755,81,2927.900549
2.939307,70,2928.087792
1.308801,78,2928.274352
2.570694,67,2928.400038
1.95099,74,2928.546421
5.477579,79,2928.703533
0.804882,75,2928.853437
3.699528,63,2928.977302
5.671078,70,2929.109632
3.718636,66,2929.23559
101.142782,35,2929.306789
2.704895,77,2929.46065
4.694749,64,2929.584491
1.617691,70,2929.722203
103.718854,62,2929.842542
5.210515,75,2929.989097
102.504985,69,2930.125093
0.453947,78,2930.277129
2.265997,80,2930.430618
1.793933,87,2930.602412
0.27382,110,2930.813527
1.642822,89,2930.985003
1.167699,88,2931.15519
2.715354,82,2931.310322
1.736822,71,2931.460706
101.33258,60,2931.576313
101.048737,70,2931.712242
3.42812,91,2943.147546
101.497852,86,2943.33403
2.708516,78,2943.494773
3.238311,65,2943.626744
101.006091,82,2943.80131
100.299073,448,2944.678057
-0.428886,122,2944.933532
101.884384,67,2945.073728
1.050637,84,2945.248497
3.103535,59,2945.369209
1.983328,86,2945.544253
103.140317,68,2945.683727
102.410319,48,2945.787736
4.640999,65,2945.923197
0.495158,97,2946.126635
4.600711,60,2946.25397
101.197464,65,2946.385925
4.076975,63,2946.516734
2.35133,64,2946.645151
3.579942,64,2946.77636
4.04386,66,2946.906663
1.108027,80,2947.064135
102.095862,48,2947.156918
3.62986,67,2958.458315
4.000367,63,2958.581172
2.709745,86,2958.74562
4.666817,65,2958.887401
5.632205,64,2959.012888
4.768769,85,2959.181304
101.548859,62,2959.301248
1.723978,77,2959.451946
1.657752,80,2959.611421
101.646558,81,2959.775804
4.587297,85,2959.941452
104.398037,56,2960.052986
101.295792,69,2960.186791
3.110888,74,2960.330193
2.573675,71,2960.468122
101.778106,62,2960.590591
102.364663,72,2960.732648
2.372431,59,2960.856742
2.518439,69,2961.001112
103.58808,86,2961.169667
102.23466,54,2961.273513
-0.26387,90,2961.450522
3.473698,68,2961.583989
1.09651,99,2961.772528
104.038431,75,2961.919278
3.656472,69,2962.053502
2.303213,62,2962.175964
100.633257,376,2974.208738
3.916695,70,2974.345534
3.185367,79,2974.500575
0.973896,79,2974.655904
100.501373,45,2974.753426
-0.094,81,2974.916947
3.156447,87,2975.0909
4.469071,67,2975.226421
0.213064,380,2975.994356
101.16836,65,2976.120612
-0.188878,101,2976.313223
3.09005,67,2976.466674
4.073437,63,2976.592455
1.434596,67,2976.727972
3.830785,65,2976.853741
1.34214,78,2977.004762
100.722765,60,2977.120562
1.328904,72,2977.275544
3.431527,79,2977.429969
2.182258,82,2977.591926
3.765248,63,2977.714961
102.478438,67,2977.844932
0.508992,105,2989.245949
0.062465,84,2989.41704
1.657706,69,2989.556397
1.609856,64,2989.687407
0.447029,1000,2991.714652
104.582049,64,2991.843508
1.878865,69,2991.981843
2.770629,67,2992.118643
4.181298,64,2992.244267
3.694403,79,2992.394077
101.269687,68,2992.526242
105.243166,65,2992.654039
-1.332713,106,2992.867065
101.756013,83,2993.03798
4.818581,68,2993.175331
5.18847,66,3004.67203
104.286658,64,3004.798741
0.844401,65,3004.926002
2.127121,68,3005.060384
100.950474,84,3005.226411
3.590475,67,3005.356855
4.881436,97,3005.54716
5.239765,74,3005.689685
1.270764,63,3005.825914
5.776376,63,3005.956763
3.904849,85,3006.122944
101.644325,98,3006.318227
2.798422,63,3006.443181
1.191327,77,3006.596248
1.565342,97,3006.78843
100.189469,27,3006.841631
102.003826,64,3006.968124
0.523192,81,3007.128211
3.661487,69,3007.265649
5.06647,63,3007.38903
3.113451,76,3007.540683
102.86655,51,3007.640987
102.008579,74,3007.787563
0.836851,68,3007.920955
4.429347,67,3008.066025
-0.048557,187,3008.444592
4.602553,69,3008.581775
1.852517,81,3020.038469
4.210958,67,3020.167079
3.72664,64,3020.292437
5.573044,79,3020.4448
101.002907,88,3020.618976
5.434296,71,3020.758333
3.440657,66,3020.888152
1.978379,85,3021.072278
4.936918,68,3021.212706
2.68829,84,3021.382295
3.700473,62,3021.508226
102.959282,64,3021.639167
1.33081,78,3021.802147
3.06279,86,3021.980072
101.14082,81,3022.158964
2.649083,61,3022.283104
3.142449,83,3022.446504
4.185463,68,3022.581905
5.212043,64,3022.708739
3.168968,75,3022.862679
2.306048,66,3022.992785
2.836091,62,3023.1169
4.444542,70,3023.25289
1.620225,65,3023.380728
0.940715,1000,3036.764695
4.447117,119,3037.005585
4.842187,68,3037.140467
2.62152,81,3037.300869
4.161397,64,3037.430797
101.385813,87,3037.601993
103.749207,60,3037.720249
3.374932,72,3037.864251
3.769056,64,3037.987736
1.961067,75,3038.136458
100.565576,165,3038.461292
104.387914,74,3038.606199
2.159569,64,3038.73375
103.295624,71,3038.877538
0.726514,100,3039.097071
100.765797,45,3039.183022
2.751805,76,3039.335556
3.949392,66,3039.469586
3.707878,60,3050.951756
3.833117,67,3051.100405
0.893412,75,3051.254786
3.870673,65,3051.383124
3.199948,65,3051.522696
4.969311,88,3051.6959
3.54273,77,3051.845799
3.503842,69,3051.984748
3.92974,61,3052.110797
1.311826,71,3052.257386
3.963524,70,3052.405676
3.43952,86,3052.579028
5.078609,86,3052.74997
0.424868,74,3052.896931
0.958244,75,3053.046465
0.563024,81,3053.204757
-0.77794,87,3053.37847
4.998137,68,3053.517231
102.013134,80,3053.674595
2.233334,60,3053.794112
2.145246,72,3053.936745
104.224393,74,3054.086303
0.865413,86,3054.252714
2.956815,69,3054.391756
2.180288,62,3054.511759
-0.153904,136,3054.777635
4.075625,67,3054.924817
1.94042,76,3066.247583
2.217222,95,3066.441518
2.233248,71,3066.587713
1.013051,113,3066.837384
101.660639,63,3066.968516
2.161057,60,3067.092129
101.214918,94,3067.286014
1.66702,75,3067.445187
3.111282,68,3067.58667
2.01744,60,3067.711196
5.086123,66,3067.859695
1.695118,68,3068.005276
100.365215,24,3068.054874
1.4314,71,3068.200519
2.678955,68,3068.340429
4.507815,78,3068.501823
0.324541,95,3068.689861
101.324217,78,3068.844016
1.436466,1000,3082.093161
-1.793397,112,3082.326936
102.97793,50,3082.427876
5.34909,80,3082.598321
105.410275,66,3082.735527
2.203082,86,3082.917811
2.288979,88,3083.088491
102.357966,69,3083.22478
2.901604,69,3083.361378
2.337775,95,3083.548609
2.507283,72,3083.686171
101.730272,91,3083.863256
4.370453,82,3084.026089
1.267149,76,3084.177628
-0.839157,82,3084.343726
3.02598,63,3084.485413
1.471809,71,3084.623836
1.877391,88,3084.79754
1.807958,72,3084.936485
104.071066,72,3085.079623
1.981691,77,3085.230335
3.609372,64,3085.361139
1.091484,71,3085.497843
6.316259,75,3085.646915
3.297212,62,3097.045754
102.162537,78,3097.204854
102.901253,61,3097.324984
2.916187,67,3097.455349
4.116334,70,3097.594853
4.928288,67,3097.729507
1.046355,420,3098.549165
5.611132,61,3098.685637
2.642442,71,3098.822523
1.844319,101,3099.015982
0.800067,252,3099.51041
4.015679,66,3099.644689
100.649452,149,3099.938998
0.906286,76,3100.093532
0.860098,84,3100.279403
103.371933,57,3100.391331
0.830612,62,3100.511372
104.35308,60,3100.628114
4.150333,66,3100.758996
3.195336,60,3100.875576
2.820092,89,3101.066719
2.033754,64,3112.493393
1.279981,81,3112.663302
1.666525,76,3112.833393
102.287809,68,3112.974559
101.407788,82,3113.141184
1.482919,62,3113.273628
0.640356,80,3113.444904
4.580218,66,3113.585889
4.930243,84,3113.762177
1.977972,88,3113.951551
101.332484,79,3114.117237
4.861125,68,3114.257705
0.392756,143,3114.558668
-1.207712,258,3115.091033
101.532127,96,3115.287547
100.893334,106,3115.505952
1.517274,82,3115.672986
101.216676,78,3115.836121
1.679109,76,3115.993234
3.510147,65,3116.126878
2.633126,69,3116.270817
101.908292,83,3116.447493
-0.110743,1000,3129.722373
4.697889,83,3129.885384
102.697256,72,3130.045451
101.336851,88,3130.215393
1.960739,81,3130.376175
101.357832,59,3130.493466
5.060381,66,3130.623156
3.265694,76,3130.771827
2.757582,61,3130.913563
3.809055,71,3131.05754
2.814109,90,3131.240863
0.384717,72,3131.387917
3.521851,71,3131.535142
0.482047,83,3131.706788
3.41553,86,3131.882125
2.159143,60,3132.006979
4.112239,67,3143.355959
3.12268,65,3143.492292
0.780783,70,3143.637448
5.143256,68,3143.779589
3.532613,67,3143.918238
-1.920695,139,3144.207785
1.527648,71,3144.361552
-0.039401,93,3144.542699
4.76115,81,3144.700912
100.657015,72,3144.841396
3.577519,65,3144.968911
2.11493,61,3145.094048
101.277174,35,3145.168466
2.539254,69,3145.308175
2.199018,61,3145.436678
-0.409828,1000,3147.521138
4.76568,70,3158.898756
4.344173,62,3159.021706
2.017945,70,3159.172409
4.921685,125,3159.416595
5.723791,62,3159.538063
2.27791,62,3159.660553
102.591805,51,3159.75971
0.293016,86,3159.930368
100.53939,76,3160.079663
2.194313,70,3160.215829
4.551819,69,3160.354008
1.615053,103,3160.557288
1.041394,80,3160.717403
3.773348,66,3160.847766
101.422713,43,3160.934975
105.429851,73,3161.081958
102.546684,54,3161.192214
0.065495,287,3161.773008
102.558424,57,3161.891394
1.052549,69,3162.035175
5.62596,77,3162.191917
3.936246,82,3162.362551
2.392142,71,3162.509577
3.397023,84,3162.697357
0.547298,70,3162.84217
5.92137,76,3174.212098
1.241833,74,3174.36192
5.046595,68,3174.502806
2.665656,88,3174.693183
1.223836,90,3174.879044
2.391897,92,3175.056576
101.242905,86,3175.22583
3.602302,65,3175.358236
4.727245,60,3175.478558
100.636465,58,3175.592137
2.298576,86,3175.761966
1.530495,73,3175.918196
3.72068,86,3176.097392
0.104243,69,3176.253446
103.283146,75,3176.397493
2.786311,84,3176.559866
4.947612,88,3176.725863
4.327561,65,3176.854076
0.552096,76,3177.002272
2.822019,62,3177.123424
3.039085,62,3177.242759
2.014874,62,3177.36621
0.668208,80,3177.521739
3.952862,68,3177.655392
0.429099,82,3177.815966
5.004834,67,3177.946554
1.456846,79,3178.101852
-0.209076,86,3189.635057
4.015968,68,3189.778525
2.052587,70,3189.925654
0.893829,88,3190.104056
101.539258,60,3190.227509
102.622526,63,3190.35512
3.71099,90,3190.53933
2.67012,72,3190.702061
3.268062,64,3190.831636
0.787713,75,3190.985976
3.177544,67,3191.124769
-1.597225,136,3191.414355
4.410833,64,3191.545414
101.319424,68,3191.687684
5.380921,82,3191.85827
5.543838,65,3191.999557
-0.111884,81,3192.163929
2.697106,78,3192.323556
1.952631,73,3192.472939
0.99369,107,3192.697268
4.756966,65,3192.847266
100.994846,80,3193.01412
4.000761,67,3193.151568
103.615778,70,3193.296597
-0.363337,85,3193.469405
3.923836,64,3193.599623
103.222105,56,3193.71725
103.402725,62,3193.844316
102.222189,65,3205.18196
4.038523,62,3205.317375
1.774683,69,3205.455058
2.536705,62,3205.577413
4.54624,79,3205.735381
3.120977,94,3205.92221
1.398545,84,3206.091333
4.000648,126,3206.352551
101.829012,76,3206.505937
1.668189,79,3206.66687
4.102477,68,3206.807705
1.864646,86,3206.988736
102.450503,62,3207.116744
1.542547,78,3207.274119
1.634279,72,3207.420097
4.872942,69,3207.558641
101.146918,77,3207.719473
100.934174,67,3207.865428
3.129434,81,3208.038367
104.099956,78,3208.202647
4.358661,64,3208.32877
-2.346952,139,3208.610796
3.30425,83,3208.78206
104.039806,80,3208.951116
3.250108,81,3209.119258
2.798998,72,3209.268552
5.091244,95,3220.638493
2.668634,76,3220.795356
100.879562,85,3220.972606
1.264951,81,3221.147595
100.854695,37,3221.221548
1.889303,89,3221.405957
2.829602,95,3221.607386
1.349968,79,3221.769842
101.195767,61,3221.893316
3.142307,76,3222.048595
101.431138,101,3222.255142
3.543736,66,3222.388199
1.725243,79,3222.550113
1.47379,86,3222.725017
3.245379,61,3222.851435
3.331959,67,3222.990203
2.154256,68,3223.132485
3.524952,63,3223.259602
1.930969,82,3223.424155
3.629442,64,3223.552233
101.36846,71,3223.691801
4.45926,67,3223.821602
3.845965,86,3223.992559
1.187252,68,3224.12483
2.255852,67,3224.260266
3.24193,65,3224.389506
1.508219,70,3224.546983
5.299159,64,3235.883515
100.873334,89,3236.070733
5.02276,65,3236.208203
2.372203,69,3236.35344
3.639141,62,3236.476018
104.772488,60,3236.594726
3.41359,72,3236.733237
3.91148,64,3236.861259
4.070508,83,3237.032805
0.678779,73,3237.17056
101.786845,46,3237.262721
3.793772,69,3237.399774
2.130634,71,3237.5382
2.239234,67,3237.669758
103.117642,76,3237.818792
3.665097,65,3237.94769
101.333553,78,3238.101871
103.350076,67,3238.2529
4.203864,101,3238.465702
5.105331,61,3238.592757
101.386968,87,3238.771958
2.743997,66,3238.909827
102.323327,67,3239.051361
0.177639,89,3239.237903
-2.397567,148,3239.543606
-0.550227,89,3239.728952
2.89215,69,3239.866687
1.085479,101,3251.443866
100.687748,93,3251.631923
1.318341,74,3251.780568
3.95678,62,3251.906873
0.201205,99,3252.10701
4.114071,64,3252.239292
0.839913,66,3252.373892
0.256633,83,3252.547166
-0.337742,188,3252.942644
4.49196,66,3253.079933
101.111411,74,3253.231057
5.212255,66,3253.365205
3.759752,61,3253.491757
4.871903,66,3253.626785
4.351525,66,3253.76197
1.75041,72,3253.903112
-0.675421,568,3255.015847
1.869058,80,3255.170682
1.581814,83,3255.333264
0.295622,90,3255.511198
102.198915,67,3266.928786
2.100113,83,3267.09421
102.790326,70,3267.232865
-0.447522,108,3267.4569
100.249008,41,3267.541592
105.37088,75,3267.703751
100.58986,81,3267.876419
1.495787,62,3268.004565
2.389194,69,3268.149004
0.772957,76,3268.304909
101.894876,64,3268.438463
2.391933,69,3268.580253
3.219326,66,3268.719025
1.188491,79,3268.879745
-1.118719,95,3269.095974
3.366825,67,3269.232389
3.059455,59,3269.351701
4.542382,66,3269.488927
-0.170145,167,3269.834741
3.525663,61,3269.957048
102.140308,56,3270.068509
1.765123,84,3270.239522
2.16955,72,3270.39187
101.500905,92,3270.590381
4.177707,69,3270.740054
2.69492,72,3270.892716
1.295593,73,3271.038721
1.367365,71,3282.451509
1.966551,70,3282.603307
101.171617,47,3282.697824
2.137353,83,3282.870196
2.939265,67,3283.010182
0.159499,80,3283.182976
4.296499,66,3283.317497
2.721913,68,3283.459471
100.346836,76,3283.613898
3.597367,65,3283.748533
4.413173,99,3283.956604
4.831796,69,3284.098028
2.947885,87,3284.2775
1.952274,75,3284.431159
1.61209,63,3284.558974
0.983007,77,3284.716512
100.545131,71,3284.861367
101.456523,69,3284.996141
102.915285,75,3285.142422
4.057987,66,3285.271776
0.834992,92,3285.449493
102.083057,55,3285.556338
0.968065,76,3285.704376
2.850547,82,3285.86012
-0.153609,135,3286.143173
105.76996,65,3286.270823
101.313655,83,3286.430951
1.721039,67,3297.846269
100.924601,61,3297.971396
2.117743,69,3298.110331
4.064837,67,3298.245546
101.459753,82,3298.427444
3.997228,62,3298.557198
4.466964,95,3298.755147
-0.234398,137,3299.027081
1.861567,73,3299.167455
-1.265315,106,3299.385363
-1.533512,136,3299.655139
1.396145,73,3299.794663
1.311488,77,3299.95299
102.24037,45,3300.043478
1.95658,62,3300.169721
5.025753,64,3300.295631
0.218487,96,3300.488415
101.99951,68,3300.622925
102.523496,75,3300.769048
4.490051,84,3300.940558
2.70832,69,3301.079225
100.754095,76,3301.23642
0.297142,96,3301.427139
4.291074,68,3301.566411
104.449026,62,3301.696395
3.90561,64,3301.829615
103.753706,72,3313.234804
0.743635,106,3313.44769
4.925383,69,3313.587715
2.160931,66,3313.723784
2.657247,64,3313.853354
100.773564,73,3314.006461
3.027811,80,3314.16832
4.950283,76,3314.318846
1.97603,72,3314.464139
2.103759,81,3314.637146
3.910365,62,3314.765379
2.618166,75,3314.916783
-0.055211,88,3315.096935
1.419836,82,3315.263408
3.745545,63,3315.396487
-0.041196,82,3315.569866
102.341289,55,3315.683162
102.159862,71,3315.829316
4.892674,64,3315.961967
1.897802,73,3316.111831
1.449317,70,3316.25367
3.221213,60,3316.375513
3.432722,94,3316.567155
1.601737,134,3316.844019
3.892063,87,3317.019258
2.668692,97,3317.227768
3.895161,62,3317.355967
103.968201,78,3328.765827
3.68148,65,3328.898484
-0.15289,92,3329.086626
3.609283,61,3329.213079
0.13486,75,3329.368711
5.523024,61,3329.491401
0.770923,81,3329.655301
0.777233,73,3329.80853
102.668204,58,3329.927115
0.005798,91,3330.117032
101.48057,83,3330.289189
103.304625,60,3330.410661
104.422367,57,3330.540109
1.519591,85,3330.716488
100.763384,70,3330.861563
2.581877,68,3331.005566
102.394909,99,3331.207161
3.730538,65,3331.342036
3.03939,70,3331.484688
104.722124,71,3331.631519
2.049518,69,3331.7734
102.470401,55,3331.887447
104.204359,58,3332.004489
3.425518,74,3332.158368
101.164422,49,3332.278562
5.579258,64,3332.410302
101.349561,100,3332.617666
2.47936,69,3332.760078
1.443591,60,3344.184429
2.216403,70,3344.322106
4.881126,63,3344.447636
102.277852,69,3344.581027
-0.347193,105,3344.805011
5.533544,74,3344.950253
104.354056,67,3345.088696
4.112317,67,3345.224988
3.313313,81,3345.386854
0.040696,1000,3347.461673
2.551974,102,3347.679435
1.888982,71,3347.82365
5.099808,65,3347.960343
2.536675,63,3348.09205
3.808818,60,3348.213404
1.348314,151,3359.755951
4.552917,69,3359.894186
2.538933,62,3360.021001
0.162501,97,3360.221612
0.550606,107,3360.444225
2.432938,59,3360.562962
1.695778,83,3360.729862
1.967,73,3360.876614
1.639666,80,3361.042091
0.832782,77,3361.200251
3.006241,67,3361.339822
2.290395,70,3361.487201
1.356338,73,3361.636028
102.854624,64,3361.765529
0.523482,283,3362.341062
100.98351,73,3362.488668
100.570024,72,3362.635057
4.106004,80,3362.798474
100.860985,74,3362.95191
2.405669,60,3363.074197
2.542588,90,3363.259296
101.263256,86,3363.43311
4.564028,63,3363.562853
3.345682,81,3363.730026
1.562673,89,3375.186108
5.66956,84,3375.357335
101.430089,83,3375.537054
101.213465,93,3375.738228
4.710722,67,3375.874805
1.087761,75,3376.030194
101.15456,60,3376.154768
1.209652,59,3376.275308
100.505903,51,3376.382599
104.726836,62,3376.508389
101.291285,70,3376.652235
5.244711,61,3376.781557
4.36071,69,3376.921924
5.567998,62,3377.049211
0.094472,87,3377.24051
2.10491,81,3377.405365
0.671222,88,3377.584195
4.345437,63,3377.712661
102.377405,69,3377.851796
4.312881,66,3377.986343
3.727402,82,3378.150988
4.307258,72,3378.298587
0.32694,85,3378.474898
0.632441,80,3378.639112
101.306407,75,3378.788137
4.329307,86,3378.979691
3.394414,72,3379.129281
1.872358,81,3379.297745
100.913948,126,3390.775095
2.835955,74,3390.91788
2.068015,70,3391.05718
1.604397,80,3391.230174
5.651895,65,3391.364937
104.925047,62,3391.493672
0.394668,75,3391.648934
103.626091,71,3391.800347
3.396304,66,3391.936772
2.770586,76,3392.093661
101.713163,68,3392.232625
-0.318712,157,3392.557624
102.034235,59,3392.679786
3.32892,78,3392.840135
3.152594,64,3392.971015
3.209592,74,3393.118276
100.358295,41,3393.209933
4.360698,68,3393.355456
101.004723,77,3393.51385
0.90359,87,3393.691649
2.093394,71,3393.839735
2.768378,81,3394.001993
102.59427,69,3394.141898
1.130934,78,3394.307277
0.613401,103,3394.517154
5.553447,61,3394.642444
2.969265,67,3405.96717
101.391934,70,3406.108935
101.125293,146,3406.424416
105.378038,72,3406.571989
101.005175,89,3406.753285
-0.195587,98,3406.957624
102.101417,93,3407.157522
1.251993,69,3407.300174
101.201329,64,3407.431634
2.757438,85,3407.605588
1.05413,91,3407.78843
2.886761,64,3407.918052
4.411619,70,3408.071133
100.712238,26,3408.1396
5.073574,65,3408.272631
3.1782,67,3408.407868
0.918324,82,3408.574562
2.32323,89,3408.753971
5.156941,63,3408.881786
5.481941,78,3409.040645
2.775315,63,3409.169464
6.29911,63,3409.298398
5.091836,63,3409.427115
1.66584,70,3409.570495
3.873063,77,3409.728592
0.463541,80,3409.902377
2.276903,60,3410.023607
4.973386,74,3410.181213
101.147715,77,3421.468124
5.005175,86,3421.634871
101.01178,89,3421.806824
1.373257,79,3421.967844
101.239437,65,3422.111022
3.969153,100,3422.315944
101.758313,90,3422.502078
5.551345,66,3422.639084
4.676326,73,3422.793758
4.434245,64,3422.923115
104.378778,81,3423.092752
0.368423,81,3423.263015
-0.241614,83,3423.433008
100.0,1,3423.435478
4.205914,64,3423.565608
104.151988,70,3423.706917
4.218077,68,3423.844295
101.682272,91,3424.028967
2.214282,63,3424.159153
104.014558,58,3424.274286
101.154084,99,3424.476181
2.147599,70,3424.618552
1.453875,62,3424.746176
-1.306787,108,3424.965717
-2.152083,816,3437.917734
4.11994,59,3438.035643
103.7408,77,3438.186406
5.47126,82,3438.346004
3.962151,60,3438.471561
102.48043,56,3438.582525
104.075138,82,3438.745198
100.683535,78,3438.894616
2.253607,61,3439.013413
2.065681,70,3439.149418
103.05873,69,3439.287864
3.037667,76,3439.439619
-2.39806,261,3439.952219
2.810435,66,3440.081936
3.699855,73,3440.227411
3.061239,73,3440.37069
5.550775,89,3440.545882
0.04519,640,3453.057463
101.953473,93,3453.246292
4.184094,74,3453.39635
4.202539,65,3453.527313
102.529149,44,3453.615703
1.91937,118,3453.850963
4.607364,59,3453.973002
101.369373,83,3454.142099
0.860837,81,3454.322416
3.712634,125,3454.579265
101.212706,33,3454.64902
2.674545,61,3454.775254
100.833559,83,3454.94629
-0.177171,85,3455.1183
101.349176,67,3455.250104
104.338335,75,3455.399151
2.672299,92,3455.578593
1.818965,76,3455.725064
5.783725,70,3455.897034
0.265622,83,3456.070984
1.889145,77,3456.231076
-1.636522,314,3467.999516
4.513185,68,3468.173303
1.199263,84,3468.342921
101.278362,143,3468.621636
4.48396,67,3468.75241
4.494617,67,3468.887311
102.472134,78,3469.042219
101.311003,62,3469.171407
101.115137,59,3469.288373
100.5214,83,3469.449348
4.737675,89,3469.626885
2.640503,77,3469.78121
2.817898,71,3469.921138
2.320256,79,3470.078022
102.074688,75,3470.226919
4.236217,128,3470.475561
1.561554,79,3470.635941
3.850214,75,3470.781873
3.344556,74,3470.930191
4.392713,66,3471.061296
101.990205,54,3471.174888
2.012787,73,3471.32631
102.270512,80,3471.490087
100.572517,80,3482.892716
103.356415,77,3483.043946
2.903524,64,3483.173994
4.329525,62,3483.307647
101.255623,59,3483.425941
2.170615,61,3483.54145
3.517279,65,3483.672286
101.844141,93,3483.862667
3.826934,65,3483.998589
3.191624,74,3484.143562
1.403946,82,3484.309422
101.662157,56,3484.415702
101.578329,60,3484.535391
4.272499,86,3484.711198
4.954316,85,3484.901175
4.133651,74,3485.056092
-0.30967,164,3485.391824
2.768084,63,3485.522763
2.583654,78,3485.680858
101.433203,103,3485.884277
-0.446,87,3486.051569
1.682102,84,3486.225471
3.550013,70,3486.370098
3.426589,86,3486.559397
103.138985,73,3486.709072
2.74973,76,3486.864971
0.066067,94,3498.294445
0.102758,86,3498.464293
1.953528,61,3498.585384
3.269516,98,3498.780923
2.821016,84,3498.97228
2.007405,60,3499.088848
3.206405,91,3499.267392
2.756673,68,3499.400464
2.952694,89,3499.574242
100.718906,26,3499.625613
1.548158,77,3499.774969
1.776319,71,3499.914473
2.445531,68,3500.054731
3.507918,64,3500.187441
2.910778,69,3500.32961
4.453502,65,3500.464859
4.17959,74,3500.621168
1.23325,74,3500.785865
4.089285,66,3500.924402
4.987514,67,3501.057426
4.009109,84,3501.230311
102.114576,56,3501.345684
1.657547,83,3501.517249
3.866007,74,3501.668053
101.793116,59,3501.788805
0.379145,79,3501.952458
0.632602,91,3502.135157
0.843092,94,3502.322885
1.948257,69,3513.703734
5.718568,87,3513.879912
1.021939,94,3514.072715
1.645675,101,3514.283741
101.003279,80,3514.44586
-1.798255,760,3516.049001
1.618096,80,3516.214393
104.040725,60,3516.341397
4.525996,65,3516.476132
4.249077,100,3516.675656
4.359443,66,3516.813376
2.322275,70,3516.956757
100.89796,65,3517.089546
3.140245,81,3517.25406
101.300515,116,3517.491403
2.628908,89,3517.67483
-0.427746,85,3517.856405
2.873225,61,3529.340315
5.150128,83,3529.523966
101.41817,78,3529.686013
2.064133,71,3529.834005
100.474362,81,3530.001304
101.027998,105,3530.216484
2.731198,68,3530.367461
3.487119,67,3530.501705
3.201618,67,3530.639572
1.932351,71,3530.785844
1.431659,81,3530.965204
2.276526,76,3531.125667
3.150023,83,3531.290996
2.152719,129,3531.561392
102.031977,62,3531.6919
105.719368,66,3531.826562
4.042095,66,3531.96101
1.461621,81,3532.128757
103.879583,59,3532.252251
1.550466,84,3532.426538
-0.048093,131,3532.697717
105.093426,61,3532.823074
3.97385,61,3532.949094
4.512812,82,3533.11767
101.423128,70,3533.258427
1.017268,64,3533.398648
2.227841,72,3544.806286
3.502181,75,3544.952494
-0.525294,95,3545.152858
4.513726,62,3545.277515
1.404766,139,3545.558606
3.615568,62,3545.679857
102.773073,66,3545.81153
2.394096,61,3545.932763
102.079546,72,3546.075416
3.065243,67,3546.20232
4.827024,68,3546.333734
1.683382,70,3546.469268
5.572812,66,3546.599232
105.010062,59,3546.728018
105.818554,77,3546.879683
0.251111,69,3547.019348
2.617761,77,3547.174415
1.387894,80,3547.335554
2.033042,73,3547.479747
3.213815,68,3547.61287
0.782656,240,3548.086773
1.984808,69,3548.223097
2.871747,77,3548.372033
1.272167,70,3548.52411
101.427588,70,3548.660175
103.320342,53,3548.768833
0.261866,91,3560.160461
4.960903,65,3560.295316
104.936077,66,3560.430062
4.9855,76,3560.587575
2.859755,67,3560.735568
101.414837,80,3560.899606
-0.592063,134,3561.178349
4.048139,63,3561.307696
3.456151,71,3561.452936
1.341723,89,3561.634947
0.997316,87,3561.810107
3.361979,103,3562.012384
2.387295,72,3562.1536
5.186817,66,3562.284868
1.22858,116,3562.515157
102.497973,66,3562.646573
103.772465,69,3562.78308
1.787819,76,3562.934881
3.129485,73,3563.078956
2.829193,75,3563.228675
2.126635,65,3563.356241
1.887451,64,3563.484171
2.965512,63,3563.609713
2.839813,69,3563.74247
3.678873,71,3563.881861
4.179433,60,3564.002419
5.056992,63,3564.12343
4.174123,158,3575.625488
104.428597,64,3575.753489
2.680218,77,3575.907948
101.406877,86,3576.080889
4.270076,70,3576.218442
101.612932,65,3576.347279
1.906112,85,3576.532033
4.917039,64,3576.665431
1.756853,72,3576.809788
102.260936,73,3576.947987
4.422506,67,3577.078357
5.018703,67,3577.210692
5.024155,65,3577.343002
1.648249,75,3577.485362
3.336419,69,3577.620119
3.308439,80,3577.777042
101.571745,93,3577.959941
3.19641,63,3578.08512
2.174282,73,3578.227278
101.372462,42,3578.311609
3.654631,64,3578.437545
2.605647,86,3578.606645
100.946418,83,3578.774805
1.563414,74,3578.920695
102.133568,73,3579.069118
1.806637,113,3579.283255
2.51666,84,3590.672832
104.610794,59,3590.788465
2.041182,85,3590.970155
3.203662,84,3591.140017
5.02702,69,3591.278992
3.105154,75,3591.425434
3.221838,87,3591.594772
0.366352,93,3591.779672
104.759248,80,3591.936563
100.937913,54,3592.045193
1.482389,83,3592.208585
1.514382,76,3592.359606
100.888465,80,3592.526642
5.017723,63,3592.658346
101.431177,56,3592.772774
5.389936,63,3592.912797
102.253147,58,3593.038225
1.251511,76,3593.195447
3.983932,61,3593.328352
5.617368,75,3593.482866
100.786254,54,3593.595289
4.392241,69,3593.737672
2.773108,81,3593.902542
4.290703,65,3594.027528
3.027884,86,3594.197733
1.642821,82,3594.378541
0.4833,70,3594.518554
101.062025,100,3594.71666
0.892423,94,3606.1766
2.231885,93,3606.360839
1.483396,85,3606.532343
2.574353,61,3606.650567
3.182147,66,3606.79506
2.353795,59,3606.912528
2.951293,75,3607.063519
5.961043,68,3607.195989
101.01137,60,3607.315567
101.464014,39,3607.395497
100.495328,70,3607.531785
4.228231,101,3607.730835
104.241382,58,3607.843462
1.324663,72,3607.984143
4.312317,59,3608.100886
0.686183,87,3608.292859
101.273869,56,3608.404123
3.728847,95,3608.591275
1.504933,69,3608.724983
3.647813,70,3608.861384
101.77423,59,3608.972897
2.869687,79,3609.125447
101.990087,57,3609.238818
0.816382,194,3609.617992
2.568938,70,3609.758518
4.482832,64,3609.883679
1.770279,76,3610.051547
3.552992,87,3621.492235
103.149661,51,3621.597591
1.247018,86,3621.775614
1.645884,69,3621.918747
101.664248,68,3622.063259
101.570168,82,3622.239939
101.225319,105,3622.459426
100.984018,93,3622.66868
2.173297,141,3622.950159
3.232956,92,3623.137602
102.075919,70,3623.275924
105.927148,69,3623.408422
1.642744,80,3623.566236
1.401041,76,3623.721175
0.702343,91,3623.907043
4.366296,68,3624.047582
3.864012,61,3624.173042
101.384391,87,3624.350431
100.25503,45,3624.44288
4.934779,82,3624.615055
1.073068,86,3624.794349
2.990009,72,3624.937492
102.936507,69,3625.073716
3.605807,62,3625.196163
2.205061,70,3625.336108
100.985354,92,3625.522529
2.359536,70,3636.814781
4.523668,65,3636.945404
3.486263,65,3637.074161
2.063394,76,3637.227698
2.752294,76,3637.390977
101.932777,65,3637.517779
2.850984,85,3637.681818
3.649115,69,3637.819052
0.402222,88,3637.992973
4.876253,66,3638.121238
102.665199,72,3638.26096
101.585776,76,3638.408488
2.894803,60,3638.523222
3.040985,70,3638.661177
100.630124,87,3638.845989
101.47339,83,3639.010194
5.539276,63,3639.13354
101.587691,94,3639.31679
0.441238,101,3639.51508
3.340045,64,3639.633639
5.630011,73,3639.777826
3.733138,60,3639.893349
103.455507,75,3640.041305
102.076746,74,3640.188058
101.895265,73,3640.331616
1.128102,89,3640.514138
-2.11772,132,3640.773421
101.256381,40,3640.850515
4.178768,67,3652.147124
5.310549,62,3652.281105
3.560306,73,3652.42539
103.009515,64,3652.55269
5.545762,74,3652.705174
1.400874,73,3652.847086
4.38374,69,3652.980263
100.904848,80,3653.141583
101.057847,74,3653.291593
2.789543,75,3653.437529
103.004958,52,3653.540987
2.883486,68,3653.676616
100.703367,25,3653.723864
1.940018,65,3653.85097
1.398871,60,3653.970062
101.399225,63,3654.092158
4.372874,76,3654.257016
2.0834,107,3654.466702
101.430653,90,3654.648803
3.098898,108,3654.858904
3.246514,65,3654.98655
2.017356,72,3655.124601
2.966332,73,3655.267484
3.066362,71,3655.406566
3.680043,69,3655.538435
101.979731,68,3655.671928
2.58367,62,3655.791529
4.538972,63,3655.912548
2.772445,77,3656.061882
3.907104,69,3667.333774
2.918313,62,3667.459083
3.846596,63,3667.588264
-0.513322,132,3667.874946
0.105174,255,3668.402868
3.315296,61,3668.530072
3.93391,92,3668.71921
4.595079,67,3668.85564
3.480573,60,3668.979355
1.64507,85,3669.14539
1.415277,79,3669.301512
3.247664,59,3669.426916
3.350342,88,3669.606492
1.701625,70,3669.747417
0.828226,73,3669.897802
101.80941,38,3669.976074
2.740173,64,3670.105655
4.414088,66,3670.241608
0.416171,88,3670.422911
1.413635,77,3670.583475
4.294575,63,3670.712101
3.049564,65,3670.844048
2.945852,68,3670.978972
3.987889,94,3671.162784
1.428536,91,3671.340882
101.64196,95,3682.750677
103.410878,70,3682.9026
101.127909,71,3683.046291
1.272825,73,3683.198963
2.537282,59,3683.322063
2.298904,69,3683.460698
5.842845,65,3683.595015
103.021099,60,3683.721253
101.150733,56,3683.838428
0.57859,1000,3685.880212
4.079435,67,3686.018394
3.688154,65,3686.154707
102.652094,63,3686.285746
5.588787,63,3686.418004
103.835374,71,3686.564892
2.129869,66,3686.700677
2.669035,69,3698.167167
4.482768,60,3698.29027
3.975687,81,3698.458449
2.023316,61,3698.585553
1.542045,75,3698.742965
4.221304,72,3698.895927
4.228308,82,3699.06218
2.550306,79,3699.227618
101.467619,84,3699.40478
3.641205,64,3699.534514
103.486776,71,3699.67213
2.732286,66,3699.810208
4.595636,63,3699.935221
101.384951,70,3700.072984
105.253417,63,3700.196092
2.822903,66,3700.32529
1.39123,72,3700.464408
100.555838,24,3700.514689
0.918723,79,3700.671479
106.031817,64,3700.800402
103.737551,74,3700.943412
102.620737,66,3701.075007
103.754332,62,3701.196877
2.955241,79,3701.360272
4.645498,66,3701.496565
1.186429,83,3701.668223
100.783794,69,3701.818956
100.623598,69,3701.96534
101.353058,88,3702.14483
0.949041,68,3702.292125
0.990733,82,3713.649577
2.386756,72,3713.797189
4.075896,91,3713.972736
2.468313,73,3714.118107
100.951108,33,3714.202345
101.34559,80,3714.369866
102.924531,69,3714.516842
3.057272,67,3714.652688
4.613956,62,3714.780935
101.997027,70,3714.928074
101.468695,55,3715.043741
4.789915,67,3715.186512
1.819656,63,3715.319401
4.849195,60,3715.448274
0.463724,1000,3717.503498
101.609098,73,3717.651437
103.024682,65,3728.964127
100.894311,71,3729.114011
3.326599,99,3729.315485
3.269767,70,3729.465643
1.727824,70,3729.613506
103.884726,59,3729.737728
-0.349161,93,3729.946039
4.293122,63,3730.082702
102.632768,77,3730.24797
5.436784,72,3730.396384
4.616079,73,3730.547681
3.767702,78,3730.705949
2.425757,69,3730.843238
100.866342,90,3731.015807
103.700947,72,3731.156341
4.81977,68,3731.293728
0.50971,75,3731.441216
103.646119,58,3731.554178
1.472375,72,3731.696374
101.09415,74,3731.845902
3.571839,62,3731.973929
3.404356,70,3732.110658
-2.281333,123,3732.35629
101.038927,82,3732.518121
102.890878,61,3732.638594
2.224651,93,3732.81839
2.983438,69,3732.953139
102.920891,73,3744.32212
4.507199,79,3744.504307
5.039534,76,3744.659362
4.534042,71,3744.808018
3.601403,83,3744.987451
2.608525,79,3745.146575
5.139881,81,3745.313221
100.803229,38,3745.392914
1.305023,80,3745.557453
-2.256401,106,3745.77754
102.707772,48,3745.873872
1.282647,87,3746.038533
1.418491,84,3746.204277
1.988776,77,3746.357843
4.162138,85,3746.536361
1.371219,85,3746.710057
1.266875,67,3746.846518
101.828887,85,3747.022288
1.103617,118,3747.257241
2.657874,64,3747.38994
0.391906,78,3747.547031
0.937014,76,3747.704283
105.815405,68,3747.84411
6.007304,64,3747.975955
101.626899,46,3748.067153
101.508705,67,3748.20388
101.505294,92,3748.394198
3.453304,68,3759.813284
4.944734,69,3759.950547
5.386128,63,3760.080277
2.946061,59,3760.210949
5.473003,74,3760.353085
3.560556,63,3760.476493
0.814253,94,3760.663497
100.764804,44,3760.748218
0.684508,1000,3762.773516
3.662189,60,3762.895574
103.49022,66,3763.025361
101.295873,65,3763.154322
4.588185,156,3763.463457
3.320717,134,3763.739274
102.474818,75,3763.894321
4.797728,63,3775.264441
4.559385,63,3775.408546
102.567126,75,3775.557453
100.575213,54,3775.667933
3.820302,81,3775.828474
100.856886,84,3775.993072
4.700423,69,3776.130059
101.195392,84,3776.30537
1.504731,71,3776.446524
4.350216,74,3776.591758
-0.083484,105,3776.798068
4.426043,66,3776.932693
101.640732,71,3777.071964
3.417616,63,3777.194139
2.987969,67,3777.324464
3.009246,88,3777.499549
103.391548,56,3777.61317
1.211513,137,3777.882903
105.192163,64,3778.008606
100.925025,39,3778.083338
1.269645,139,3778.36199
1.295198,83,3778.524397
5.251436,70,3778.661336
1.378134,74,3778.8222
101.208058,99,3779.018423
5.188732,70,3779.157436
3.31456,59,3779.273338
2.967719,69,3790.743352
0.772726,86,3790.915271
5.017739,96,3791.125782
103.455055,62,3791.249282
0.288188,76,3791.399307
1.310254,80,3791.557232
4.297916,87,3791.737069
3.370979,70,3791.875085
103.533578,76,3792.023553
102.23724,59,3792.137048
4.94814,89,3792.310681
3.95943,61,3792.430683
4.01671,72,3792.569221
4.113519,59,3792.682709
102.488777,67,3792.815114
102.183384,80,3792.972593
2.308731,61,3793.092661
3.707984,64,3793.220232
101.399034,65,3793.34418
100.839771,47,3793.436976
101.44555,64,3793.562145
5.038791,60,3793.683075
3.349637,62,3793.810789
1.949444,76,3793.960447
2.001097,63,3794.081237
0.287585,94,3794.267563
101.261017,133,3794.528859
4.455412,66,3794.655891
1.85498,83,3806.058512
1.787597,74,3806.198487
102.179213,102,3806.395153
102.508764,75,3806.537809
1.639278,61,3806.655452
4.651404,88,3806.827032
3.614395,95,3807.012142
100.762996,85,3807.176691
100.745974,90,3807.347506
102.551155,68,3807.476928
102.729154,70,3807.611852
100.52016,84,3807.776635
3.610214,60,3807.892285
2.584631,76,3808.043109
4.382189,60,3808.160799
3.578657,77,3808.310588
1.97036,75,3808.453486
5.000593,62,3808.581243
100.79474,95,3808.775065
4.077306,60,3808.893061
3.014666,67,3809.02796
2.130953,81,3809.197027
0.542798,71,3809.344512
0.9527,63,3809.47417
0.815125,114,3809.699215
4.297785,68,3809.834603
2.651202,94,3821.294255
103.335685,73,3821.432561
2.748766,70,3821.570692
2.770114,87,3821.739952
2.273936,71,3821.878685
2.343305,95,3822.062168
3.325388,69,3822.195225
3.714385,69,3822.342196
2.488854,86,3822.512112
4.367578,86,3822.678736
2.818727,81,3822.839728
101.305904,141,3823.117707
1.092043,80,3823.271829
101.006383,69,3823.406307
1.510881,71,3823.545389
4.280953,64,3823.67185
102.826753,70,3823.811206
0.319978,1000,3836.980735
2.162818,69,3837.115182
4.378774,109,3837.33169
2.973527,66,3837.464352
2.985378,69,3837.602867
2.294646,68,3837.73843
101.295336,101,3837.942905
3.586923,74,3838.08943
102.394884,52,3838.193997
2.273456,69,3838.330867
104.868606,61,3838.453014
100.457041,49,3838.551659
104.828933,64,3838.675591
3.949375,78,3838.831304
3.507721,64,3838.958972
103.473938,71,3839.098911
100.590298,79,3839.251544
102.450557,46,3839.342401
101.578786,43,3839.44363
3.894602,68,3839.579903
3.490183,72,3839.718146
2.884274,61,3839.836228
0.390531,78,3839.98962
3.172222,66,3840.118671
2.124431,64,3840.247193
5.721674,65,3840.377702
3.045983,83,3851.725956
5.338661,62,3851.8433
101.888908,54,3851.95299
4.366706,63,3852.086893
101.728541,59,3852.203874
3.540666,70,3852.338376
101.902181,76,3852.489531
4.797114,67,3852.622396
2.615771,60,3852.745469
4.842025,76,3852.897949
5.029409,61,3853.022523
105.122507,64,3853.15359
1.29941,76,3853.306929
1.391965,92,3853.491935
4.739821,77,3853.644905
0.51388,78,3853.797207
3.226268,64,3853.923969
4.16073,85,3854.093536
1.260422,126,3854.353561
0.5611,75,3854.497715
0.936148,73,3854.645035
102.338807,66,3854.777418
4.124684,70,3854.91899
102.217978,64,3855.060538
3.84938,73,3855.204198
4.381053,97,3855.402661
4.727108,61,3855.526316
103.626172,53,3855.631523
105.292775,62,3855.75659
0.92172,82,3867.322905
2.232823,75,3867.470688
-0.711856,91,3867.647813
0.545374,96,3867.837532
5.714037,67,3867.976078
3.044232,68,3868.1118
100.885445,105,3868.319322
2.737171,71,3868.455189
104.783431,60,3868.574414
1.933976,60,3868.693049
3.324229,67,3868.825842
1.959267,79,3868.984955
101.26171,82,3869.147105
1.785373,75,3869.294238
3.947827,64,3869.419223
0.330796,87,3869.595157
3.637048,63,3869.720957
1.677468,97,3869.913379
2.071229,70,3870.048475
1.070032,63,3870.174817
1.25915,74,3870.32305
4.399808,73,3870.469069
101.650116,94,3870.657382
2.908879,62,3870.777748
2.987841,67,3870.90826
105.623342,70,3871.04609
101.364414,68,3871.175973
102.490376,59,3882.574703
102.503421,73,3882.719222
102.445286,62,3882.83967
105.133914,71,3882.996147
101.942413,79,3883.14948
101.596372,79,3883.305997
1.642935,69,3883.442141
101.459932,88,3883.615771
2.999086,87,3883.784188
2.496231,93,3883.965858
3.063992,64,3884.093641
0.001692,1000,3886.046888
4.432385,74,3886.19355
2.153887,70,3886.334686
3.954765,80,3886.493192
101.121597,83,3897.938039
102.729341,73,3898.086054
103.729035,55,3898.198271
2.775542,77,3898.35673
1.895096,64,3898.491052
5.235012,75,3898.642974
100.946397,42,3898.726336
3.197439,60,3898.849454
101.257514,62,3898.979872
103.804171,60,3899.100364
2.136398,71,3899.247489
2.488253,65,3899.381883
2.540226,78,3899.547998
104.478579,63,3899.682835
4.680568,105,3899.90327
104.546991,72,3900.041893
101.153944,39,3900.119752
1.797911,63,3900.242804
0.865953,92,3900.419472
101.519124,81,3900.578466
2.051354,80,3900.736334
1.398144,83,3900.900698
3.901866,65,3901.027989
100.511117,89,3901.207148
3.045267,58,3901.322646
103.272426,52,3901.42415
102.155242,78,3901.600499
1.497551,69,3901.733922
101.405389,62,3901.859586
4.416915,89,3913.296177
100.586078,79,3913.453523
4.400024,65,3913.586774
4.828842,74,3913.734718
3.344222,70,3913.879348
105.80304,70,3914.02822
100.278053,74,3914.172253
2.523129,75,3914.320751
3.616186,72,3914.460684
4.733753,65,3914.59187
4.985519,89,3914.76578
5.193585,66,3914.896664
4.957464,91,3915.072023
3.968364,84,3915.244157
5.818901,63,3915.369962
2.972516,62,3915.491359
101.733496,75,3915.640678
-2.296178,154,3915.964128
4.555129,65,3916.094462
2.313387,64,3916.225122
3.087357,67,3916.366247
3.501178,71,3916.509784
102.73472,74,3916.662051
3.036357,67,3916.800074
2.98335,60,3916.926625
101.632745,131,3917.194245
100.92076,71,3917.342777
0.901964,71,3928.663067
4.777421,64,3928.794041
4.141908,61,3928.921145
1.238031,67,3929.073134
1.195641,109,3929.299664
1.877592,116,3929.539344
4.416251,66,3929.677955
101.100938,63,3929.804796
2.997987,88,3929.978782
5.569907,62,3930.103941
3.979357,66,3930.237383
101.583022,94,3930.422039
4.88065,68,3930.554713
2.172311,69,3930.690045
5.853733,76,3930.839254
1.547961,73,3930.980072
5.274396,83,3931.141113
3.835166,64,3931.266766
5.528684,68,3931.401858
3.049572,90,3931.579534
4.272801,82,3931.73987
4.094523,61,3931.864413
101.746808,70,3932.006806
100.700193,67,3932.141732
5.120235,65,3932.287986
101.057586,75,3932.444097
100.615148,46,3932.539393
4.118317,65,3932.673569
101.206758,68,3944.140412
103.476218,61,3944.266924
0.182841,296,3944.891388
101.306722,100,3945.088384
4.705349,66,3945.220277
3.479604,63,3945.344872
2.361299,60,3945.468243
101.412331,70,3945.604801
1.317713,62,3945.726531
101.759636,79,3945.87854
105.2048,73,3946.022483
1.848521,131,3946.282979
3.282962,64,3946.412287
102.069694,71,3946.550533
5.281731,68,3946.682942
2.960179,68,3946.828228
0.981712,110,3947.043735
103.118442,67,3947.175564
1.617288,85,3947.345646
104.05382,73,3947.490089
4.936584,72,3947.630198
2.500578,59,3947.747763
5.565599,75,3947.892187
4.1545,67,3948.023166
101.90868,50,3948.119862
103.604644,51,3959.391821
1.538737,97,3959.578861
5.178575,69,3959.714516
100.799257,80,3959.889626
4.076794,75,3960.035844
1.957505,81,3960.195119
102.658119,72,3960.3348
-0.046299,90,3960.518344
1.070675,63,3960.640053
3.164328,66,3960.769744
102.514695,68,3960.903684
2.936004,65,3961.033596
3.424335,82,3961.195366
2.657944,70,3961.331981
2.594134,60,3961.451513
2.400645,69,3961.584451
4.826318,61,3961.703989
0.569962,82,3961.864288
1.039569,80,3962.028409
5.344928,66,3962.157683
103.287589,69,3962.294684
2.941457,67,3962.428925
2.900555,63,3962.553591
101.589939,89,3962.729719
4.010634,71,3962.866213
-0.404794,130,3963.117487
103.208185,78,3963.269897
1.101354,66,3974.624707
3.182301,69,3974.761705
4.452451,94,3974.944864
6.176547,65,3975.074656
0.049527,85,3975.251948
5.197376,61,3975.375706
4.118538,65,3975.517132
4.389794,78,3975.669189
104.812999,60,3975.791542
1.743623,72,3975.933064
104.027874,63,3976.05691
101.707459,85,3976.224695
3.427314,59,3976.344795
1.804152,58,3976.460205
2.178629,79,3976.612969
3.203913,59,3976.729066
101.696963,121,3976.96582
101.141478,48,3977.058756
103.277887,70,3977.194171
1.316505,62,3977.318397
2.730857,79,3977.475187
101.657867,141,3977.756344
1.727015,70,3977.898117
101.630867,115,3978.132927
4.654683,84,3978.308476
4.409165,61,3978.429934
4.070127,61,3978.552148
5.212638,83,3989.899095
2.143469,72,3990.046919
3.618968,58,3990.167361
102.273598,69,3990.309057
1.743705,59,3990.447385
104.365995,59,3990.578402
100.750583,90,3990.767531
4.466025,78,3990.928402
101.373316,79,3991.091843
105.28903,66,3991.231116
0.926537,79,3991.396643
3.948703,59,3991.521771
5.175486,74,3991.674535
105.471807,71,3991.821831
3.503386,68,3991.959669
1.704474,78,3992.121766
3.086109,70,3992.270252
101.871611,42,3992.357163
3.438267,72,3992.510559
101.530048,74,3992.664182
0.613968,85,3992.838048
101.940497,79,3993.001566
2.553147,67,3993.141119
103.624031,73,3993.295597
2.078467,72,3993.445869
104.841802,74,3993.593484
1.73264,75,3993.741262
3.234799,165,3994.082718
100.779323,38,4005.371345
105.440751,61,4005.498222
-0.054663,162,4005.844469
-1.094876,96,4006.045869
5.088695,66,4006.17946
3.137838,73,4006.32387
100.981478,59,4006.439516
2.630129,70,4006.577845
105.469586,71,4006.71858
3.919982,64,4006.847643
2.253918,82,4007.010806
1.185379,68,4007.146675
2.339395,62,4007.270637
4.513212,66,4007.408891
5.869938,69,4007.54864
1.22295,90,4007.722852
2.662208,60,4007.839094
0.218178,79,4007.997903
1.842234,104,4008.204287
1.04223,80,4008.371162
3.865465,66,4008.507877
101.041662,87,4008.674084
0.213398,88,4008.847912
102.051653,70,4008.986222
103.118511,71,4009.125983
3.506932,72,4009.266854
4.458469,90,4009.444309
105.581568,62,4020.90277
0.609234,80,4021.077774
1.073534,96,4021.27528
2.338777,70,4021.415888
1.797139,62,4021.545419
-0.347418,109,4021.770353
3.827216,74,4021.91815
2.846561,83,4022.076679
3.14568,70,4022.220529
4.301562,68,4022.355569
103.459207,71,4022.49805
5.180466,90,4022.681512
0.724092,90,4022.863253
102.959083,65,4022.989079
4.376029,63,4023.114813
3.401995,94,4023.301649
3.262588,76,4023.45696
0.74938,68,4023.588833
4.12064,66,4023.7198
100.845107,105,4023.941509
4.541385,74,4024.086987
100.551678,87,4024.263638
1.432919,71,4024.414615
101.597444,83,4024.585975
1.385599,82,4024.761658
3.681325,66,4024.900559
1.40256,81,4036.347939
-0.529193,87,4036.51775
2.567163,59,4036.635216
100.246669,58,4036.749384
3.409631,82,4036.909791
1.306849,62,4037.03679
3.653357,74,4037.184797
4.269862,66,4037.323611
5.664944,65,4037.460285
4.624763,63,4037.584809
0.206918,1000,4039.601828
102.493729,62,4039.723566
0.826911,71,4039.861052
5.09094,80,4040.036397
4.360085,67,4040.166679
105.085279,64,4040.29148
4.973407,70,4051.674057
3.204727,79,4051.829965
5.171208,64,4051.954491
4.89118,63,4052.077144
1.606672,77,4052.228706
3.209195,64,4052.366875
1.964474,88,4052.549895
2.265981,69,4052.693135
4.939953,62,4052.822016
101.257125,74,4052.972073
2.570311,70,4053.114509
102.649561,75,4053.273909
3.570862,92,4053.459418
2.065179,62,4053.581942
4.169262,64,4053.708845
1.924662,91,4053.895215
4.000473,66,4054.031467
-1.663127,218,4054.465242
5.004886,73,4054.607774
2.749323,72,4054.752923
1.075702,79,4054.91494
102.063482,52,4055.020642
102.280037,74,4055.170047
1.604555,71,4055.31057
4.769943,70,4055.448517
2.491824,70,4055.591928
0.787086,83,4055.763534
3.571612,68,4067.10853
0.254476,107,4067.350953
-0.395065,97,4067.553302
1.059806,87,4067.741807
2.364208,65,4067.875855
4.276463,83,4068.041592
4.410086,70,4068.192208
2.656088,82,4068.359381
3.743005,63,4068.504458
0.784557,75,4068.665023
4.603961,63,4068.794095
5.506602,65,4068.91757
100.709856,85,4069.085971
1.012198,95,4069.276703
101.111176,85,4069.447591
3.256013,63,4069.575335
0.498872,77,4069.72655
3.760778,148,4070.014495
104.426619,66,4070.15075
101.813901,45,4070.243154
1.178781,71,4070.381541
101.780387,68,4070.511254
1.458177,66,4070.642968
101.822096,71,4070.782181
0.948624,97,4070.981072
2.541976,86,4071.168661
1.795063,97,4082.739818
1.824772,70,4082.886281
-0.009348,76,4083.056774
101.983007,61,4083.185835
1.204446,92,4083.37647
100.772439,82,4083.547769
1.11956,92,4083.736267
2.676051,70,4083.879716
105.565803,70,4084.022558
1.4672,80,4084.18665
2.814922,68,4084.326056
1.784923,76,4084.484504
5.2228,73,4084.633139
101.405722,56,4084.750312
2.492664,65,4084.879953
0.429122,110,4085.096793
4.545243,76,4085.247606
-0.747741,290,4085.822371
100.790988,84,4086.006128
4.386624,89,4086.184537
0.773416,82,4086.344557
100.864521,59,4086.462485
1.1368,85,4086.631196
4.012372,61,4098.016836
3.021982,70,4098.163801
4.603236,104,4098.378383
104.947887,59,4098.501654
104.586078,73,4098.651662
1.85548,63,4098.781626
5.380057,65,4098.91559
2.398961,64,4099.049361
3.800682,61,4099.174533
3.163957,65,4099.309677
100.993792,98,4099.512781
2.814623,66,4099.662517
103.412677,69,4099.807911
105.398681,68,4099.948355
102.576596,72,4100.0989
3.711911,75,4100.250332
0.804158,63,4100.377261
2.090259,80,4100.540987
4.169854,70,4100.685364
100.556971,77,4100.842695
0.673287,1000,4114.064827
101.65694,82,4114.234079
102.945959,68,4114.373445
1.719965,74,4114.524608
105.777835,64,4114.655558
2.285801,96,4114.852221
1.024568,83,4115.021697
4.130463,67,4115.150765
1.33127,83,4115.312628
100.2606,889,4117.151873
0.103132,179,4117.516711
-2.139034,123,4129.040407
103.710634,56,4129.15044
1.74967,69,4129.284438
-2.290785,136,4129.567011
2.541198,89,4129.74708
2.643535,189,4130.125741
4.172854,89,4130.303888
101.260446,85,4130.470701
102.788407,68,4130.601541
3.487833,85,4130.770945
102.703827,51,4130.871021
0.64836,1000,4132.875241
0.559513,113,4144.346823
4.429941,65,4144.481776
3.458101,77,4144.640634
4.199587,66,4144.789599
1.376135,94,4144.992055
1.384204,89,4145.174013
4.192632,76,4145.332147
3.796406,66,4145.469577
4.007798,68,4145.610503
2.909911,65,4145.742638
-0.199107,84,4145.910963
102.175667,75,4146.061912
102.977941,71,4146.200306
101.694373,120,4146.435935
4.141246,76,4146.586699
3.223647,60,4146.709576
3.37315,72,4146.856028
100.83189,86,4147.030027
4.96585,77,4147.183287
1.960332,64,4147.309868
100.720016,25,4147.366759
3.33271,78,4147.52359
-0.149905,73,4147.673295
1.600236,78,4147.844634
105.175759,70,4147.982708
100.815312,54,4148.089392
1.908481,74,4148.235709
0.179639,91,4159.734861
102.269175,61,4159.854524
1.636052,90,4160.048795
3.588494,67,4160.177627
105.921598,71,4160.315263
3.12765,87,4160.482113
4.01703,67,4160.613167
3.869972,86,4160.779006
3.171565,76,4160.925419
2.923254,74,4161.074912
103.836492,67,4161.209998
2.287767,61,4161.330321
4.148528,169,4161.670772
2.806763,61,4161.792547
101.414195,85,4161.964818
101.792682,84,4162.130498
3.347116,62,4162.252266
104.77846,59,4162.368191
106.241264,71,4162.509902
1.415109,70,4162.65446
-0.688572,96,4162.84841
2.568432,75,4162.998604
3.37158,84,4163.163891
4.131189,61,4163.288762
1.499341,98,4163.481167
2.808823,65,4163.622601
104.047111,73,4163.775452
2.693783,69,4175.17785
1.225921,76,4175.335802
101.028381,62,4175.463947
104.950416,64,4175.594914
102.040325,49,4175.693941
4.030038,64,4175.828182
105.809031,63,4175.951193
2.024018,84,4176.116826
103.461788,52,4176.220553
2.679739,88,4176.392165
2.74985,68,4176.524466
100.981326,73,4176.669157
4.07062,76,4176.834171
2.970464,63,4176.959303
102.546196,58,4177.075738
3.812231,68,4177.209962
4.044376,68,4177.344675
4.202885,81,4177.505656
1.159219,71,4177.645519
3.989177,65,4177.772794
3.75969,73,4177.920502
3.151862,68,4178.057994
101.426232,87,4178.238012
-0.706501,107,4178.459007
102.92907,61,4178.585617
101.314511,84,4178.758386
102.154086,71,4178.902244
3.919546,73,4179.045886
1.722273,63,4179.168854
1.322503,102,4190.666844
101.429685,82,4190.844356
-1.095881,110,4191.068601
3.6211,67,4191.203318
-1.932305,124,4191.446472
3.457949,90,4191.628678
106.063565,69,4191.763486
2.107285,71,4191.903884
2.013312,84,4192.077368
1.339853,85,4192.261442
2.020612,73,4192.416099
0.625934,93,4192.609256
5.564138,79,4192.771119
5.772095,72,4192.912908
0.517742,117,4193.143919
3.024856,66,4193.273543
2.972517,79,4193.428427
1.795036,68,4193.56324
3.905752,65,4193.692396
1.813054,70,4193.832077
1.436646,89,4194.006416
102.954718,69,4194.141018
101.30885,77,4194.292423
101.29458,78,4194.443273
100.0,1,4194.445675
102.179433,71,4194.586894
1.296729,96,4206.0762
4.945545,66,4206.212835
103.515623,54,4206.323748
5.289553,63,4206.455172
4.704935,67,4206.592377
5.748282,67,4206.732179
3.950324,62,4206.84977
102.811301,82,4207.021643
4.15664,66,4207.166809
1.557661,66,4207.315788
101.145049,90,4207.505003
5.317643,79,4207.66908
101.426356,71,4207.81509
1.852422,85,4207.988025
3.021749,73,4208.142601
101.970054,61,4208.269007
4.301979,60,4208.394315
101.530406,54,4208.513322
0.560083,68,4208.662512
102.7211,66,4208.800483
102.078151,52,4208.906563
0.244956,98,4209.108981
3.000749,85,4209.285917
-0.400543,88,4209.465955
2.943488,132,4209.741487
2.482154,68,4209.881938
1.829411,283,4221.668112
4.864905,76,4221.823353
0.18402,1000,4223.86171
104.681054,61,4223.983729
3.66372,69,4224.123963
101.837652,63,4224.246785
103.75955,59,4224.359803
4.127818,91,4224.546875
102.69179,72,4224.689752
1.6956,81,4224.849043
102.753698,70,4224.987876
4.149921,67,4225.119503
101.060573,84,4225.286828
1.562592,69,4225.422815
4.318749,66,4236.820942
0.787559,95,4237.010019
0.65733,93,4237.189677
102.132901,66,4237.329296
1.375589,77,4237.477286
4.138042,70,4237.612408
4.989818,67,4237.738726
1.996182,81,4237.899878
105.155446,60,4238.018139
-0.00967,94,4238.199929
2.413872,96,4238.390658
3.083417,59,4238.505013
-0.609115,108,4238.719237
104.914032,73,4238.863258
101.03026,73,4239.007305
101.907993,64,4239.129691
2.377222,65,4239.255333
0.266639,76,4239.404196
-0.376758,87,4239.574763
3.232288,70,4239.710403
103.767449,60,4239.833495
3.291741,69,4239.970167
105.717597,67,4240.101679
103.934438,68,4240.237515
0.188715,71,4240.376994
4.156767,77,4240.529242
1.13157,82,4240.695497
102.406956,75,4252.100472
3.573881,66,4252.237436
2.349645,64,4252.367624
3.902964,72,4252.518622
101.267722,33,4252.598362
1.243903,76,4252.756502
102.046476,63,4252.892425
4.112576,63,4253.030244
2.785738,60,4253.15709
1.493813,112,4253.392219
101.948262,64,4253.521193
101.287457,61,4253.639433
3.198384,60,4253.757722
3.864194,69,4253.894343
4.985649,69,4254.030144
4.181391,109,4254.253429
102.043868,62,4254.382464
5.165763,89,4254.567131
2.352204,69,4254.710001
-1.94223,237,4255.180195
1.92849,97,4255.373775
-0.217027,87,4255.549463
100.725229,52,4255.651201
103.562578,71,4255.794097
4.701056,63,4255.916082
2.405724,89,4256.0892
3.097957,73,4267.469348
3.252648,66,4267.600628
4.606594,69,4267.742296
102.946869,56,4267.85252
0.343749,74,4267.997745
102.775558,67,4268.129316
1.436102,149,4268.43432
3.831174,87,4268.621015
2.353061,69,4268.762535
3.382667,88,4268.941396
1.845762,70,4269.091456
3.20693,66,4269.21863
4.632326,79,4269.371102
100.721906,95,4269.559724
101.13153,72,4269.7062
104.767988,73,4269.84925
2.455852,72,4269.988219
101.16709,84,4270.152602
100.94604,77,4270.302102
5.164788,67,4270.434868
0.71874,78,4270.588352
101.219677,107,4270.799017
4.9054,61,4270.918204
102.271369,50,4271.017775
3.065136,66,4271.145577
4.867838,68,4271.278495
0.858938,76,4271.427567
100.778261,88,4282.844051
4.038623,80,4283.007407
3.152788,80,4283.179041
2.299743,69,4283.324707
5.088573,66,4283.462226
106.004883,65,4283.596149
101.217672,54,4283.709151
2.225809,67,4283.853609
2.08443,80,4284.018646
101.620717,62,4284.148153
3.013846,71,4284.29387
102.102955,78,4284.465983
1.851667,83,4284.636912
3.076684,73,4284.790857
101.657719,158,4285.106363
3.28293,60,4285.228033
100.65925,74,4285.373792
4.570578,65,4285.502304
0.937274,90,4285.682436
100.491521,62,4285.809033
101.164795,60,4285.934495
0.796645,76,4286.089331
2.005812,70,4286.235975
5.071091,69,4286.377918
4.497643,80,4286.542806
101.938513,79,4286.708983
2.308764,68,4286.844352
3.218908,94,4298.39957
3.938142,74,4298.547419
102.815786,76,4298.713444
102.632066,65,4298.845232
0.913714,91,4299.027582
104.843564,61,4299.151526
3.622084,61,4299.270179
5.189928,67,4299.39836
4.335273,65,4299.524224
3.485637,79,4299.675727
2.103082,61,4299.797719
101.181557,95,4299.9959
4.22615,72,4300.148599
4.536907,64,4300.291454
1.643013,89,4300.47203
103.585957,55,4300.591338
102.231611,59,4300.70752
104.531051,75,4300.853494
0.805453,76,4301.007854
2.034272,72,4301.149757
1.612682,93,4301.332
0.312095,71,4301.475123
3.221902,73,4301.620934
-0.631621,107,4301.829592
1.37132,109,4302.051692
3.825554,64,4302.185507
1.055325,77,4302.344116
100.780615,133,4313.924193
1.807112,70,4314.076057
103.193177,57,4314.186747
102.107132,81,4314.347703
5.783945,82,4314.508914
1.464805,80,4314.663902
102.566697,61,4314.783407
1.744624,103,4314.991143
1.815572,75,4315.138231
3.964756,69,4315.275125
2.602303,65,4315.400687
104.824221,76,4315.553573
1.821493,74,4315.701856
0.850225,134,4315.981537
5.046986,75,4316.136016
101.22856,73,4316.289218
103.039104,64,4316.420385
4.516499,60,4316.543555
0.519107,80,4316.70279
3.562221,60,4316.822488
0.790008,89,4317.000217
3.37327,75,4317.147768
5.189743,65,4317.278958
5.234358,75,4317.430118
101.081649,79,4317.592975
1.470671,100,4317.78614
2.542378,84,4329.130688
105.182167,63,4329.257108
2.579231,62,4329.386257
106.014926,66,4329.524585
1.357866,90,4329.710636
2.175246,95,4329.89811
3.189054,74,4330.044163
102.013619,47,4330.136883
2.819693,70,4330.276949
101.300826,87,4330.448276
101.612127,75,4330.595368
100.18131,56,4330.719603
1.861974,70,4330.862613
100.723272,95,4331.046881
101.266948,55,4331.154025
1.874671,71,4331.292557
101.90755,83,4331.458766
102.858788,53,4331.565038
1.754867,73,4331.71178
4.983641,61,4331.837269
0.669608,92,4332.037014
100.842143,83,4332.212255
5.053517,65,4332.347093
2.834414,64,4332.477837
102.326679,70,4332.62348
101.597064,91,4332.813371
103.019815,74,4332.957227
4.638138,61,4333.077121
4.750987,75,4333.227097
5.943714,70,4344.728231
100.526447,74,4344.886984
4.345857,65,4345.011627
4.26613,68,4345.145856
3.02333,63,4345.270382
1.259951,82,4345.430472
101.036772,91,4345.611475
3.302146,87,4345.780254
1.349956,80,4345.937402
0.845724,799,4347.547058
101.218123,121,4347.791835
103.195789,57,4347.90813
1.669478,82,4348.078652
3.370231,60,4348.199887
2.244282,68,4348.338393
0.217658,1000,4361.562406
4.580196,72,4361.709114
1.424955,69,4361.848828
101.155303,153,4362.152305
2.35075,78,4362.307137
3.352002,82,4362.465681
3.762298,70,4362.601646
2.213318,73,4362.745584
4.416955,127,4362.998575
4.392439,67,4363.130775
3.902856,61,4363.250516
1.79938,70,4363.395358
5.702129,80,4363.553483
5.552676,84,4363.721944
103.277318,59,4363.842218
101.083409,35,4363.911541
105.215591,75,4375.251371
2.440842,94,4375.436074
4.159684,63,4375.562258
3.668115,65,4375.704463
2.61775,73,4375.853301
101.447683,74,4375.996603
2.62101,74,4376.146153
100.726606,66,4376.278058
2.473796,90,4376.450839
104.136256,67,4376.586133
3.578388,74,4376.732633
1.907988,94,4376.91375
101.786652,67,4377.046811
1.143641,77,4377.200621
104.998486,59,4377.319271
3.807902,68,4377.452827
3.523654,67,4377.587212
1.40533,79,4377.748061
101.83395,102,4377.955053
100.517169,81,4378.116601
2.484739,78,4378.272106
0.957246,81,4378.440855
1.654286,68,4378.57905
101.272737,86,4378.755134
101.419324,93,4378.942669
103.025056,53,4379.046339
100.872416,78,4379.201527
4.105407,67,4379.351415
100.577773,81,4390.693835
3.076938,74,4390.840541
1.855633,87,4391.010019
3.498481,65,4391.139192
3.024306,68,4391.27409
3.846741,63,4391.39939
101.109531,66,4391.530419
3.010892,66,4391.666633
103.786727,54,4391.780875
3.337965,73,4391.929173
100.794254,81,4392.09217
2.771729,73,4392.235699
101.363484,88,4392.408365
102.472184,51,4392.50977
1.860476,63,4392.637077
0.21471,84,4392.803128
5.008903,61,4392.927611
102.054029,72,4393.06734
1.934418,147,4393.358026
2.811838,79,4393.513717
1.743686,76,4393.660482
3.606883,75,4393.812498
100.62406,51,4393.91392
3.478493,69,4394.053659
0.810447,99,4394.244284
101.256542,83,4394.408854
4.015056,68,4394.544471
4.085805,63,4405.958722
2.775466,63,4406.083977
3.834861,67,4406.219394
2.360061,72,4406.374509
3.8293,62,4406.494629
3.573376,74,4406.638997
3.888915,67,4406.769382
1.398674,130,4407.028626
3.815267,64,4407.15642
3.368862,98,4407.350401
1.851507,80,4407.50823
3.966924,65,4407.641713
2.74035,70,4407.780542
4.384117,62,4407.90606
100.957127,54,4408.014116
103.90684,57,4408.127985
4.342488,79,4408.279445
0.866441,73,4408.422696
2.180194,61,4408.547561
105.838003,69,4408.703245
3.987634,62,4408.824065
2.283221,73,4408.967121
4.909421,89,4409.141403
5.577682,69,4409.275702
3.865146,68,4409.410621
102.983638,68,4409.54691
4.055861,72,4409.688003
5.188876,89,4409.860367
102.712286,71,4421.207753
103.642111,52,4421.311804
102.184518,77,4421.464512
4.700783,75,4421.610194
1.957519,78,4421.776411
5.530977,73,4421.917828
1.802227,69,4422.051259
3.269991,71,4422.19092
3.316938,67,4422.325249
2.461459,190,4422.700631
3.770664,98,4422.891432
1.183718,81,4423.050115
3.782802,77,4423.204135
3.321659,78,4423.361404
3.65695,71,4423.499713
4.157813,74,4423.644163
4.129827,75,4423.805828
2.849596,61,4423.929264
4.343273,62,4424.055105
2.736706,71,4424.192748
2.186883,63,4424.31849
0.796337,80,4424.476206
4.685004,62,4424.597724
101.630523,60,4424.714451
1.716596,70,4424.852753
5.453391,66,4424.984833
105.502905,66,4425.116399
2.912538,93,4436.55702
102.533722,65,4436.687942
3.037289,59,4436.805128
4.736904,60,4436.920554
3.758693,61,4437.042209
100.722294,153,4437.3423
3.91166,67,4437.491626
4.370884,67,4437.62479
1.719733,70,4437.761257
3.324629,68,4437.894655
2.506852,74,4438.052145
102.446166,56,4438.162683
1.150289,77,4438.309926
0.930334,76,4438.457722
3.501715,71,4438.595316
3.620655,85,4438.766712
4.229536,85,4438.936156
3.035511,69,4439.070149
1.667561,75,4439.217986
1.787036,70,4439.352513
2.100839,86,4439.519748
-0.106411,101,4439.728486
4.127703,87,4439.898889
102.223707,73,4440.040397
101.049557,83,4440.201378
3.315947,68,4440.335664
0.114753,98,4440.528669
2.864383,65,4451.865492
2.193927,73,4452.028827
1.840216,89,4452.201068
3.511974,69,4452.33649
2.878746,60,4452.467203
1.229968,81,4452.627612
3.711864,67,4452.759994
4.38877,66,4452.890881
3.800273,73,4453.04331
2.148471,159,4453.362395
4.265848,81,4453.519118
3.580894,74,4453.667341
3.776726,59,4453.78488
1.754487,87,4453.955293
2.343034,114,4454.176711
102.484717,64,4454.303931
3.980466,61,4454.425899
2.923366,80,4454.579631
101.069866,95,4454.765208
1.362859,67,4454.897774
1.378521,85,4455.060403
0.383533,96,4455.247837
3.690584,78,4455.398218
1.303644,80,4455.557031
1.858796,78,4455.708496
4.791124,64,4455.839139
100.844058,87,4467.185023
101.723028,114,4467.409899
0.777283,1000,4469.397732
100.792924,56,4469.509459
3.189548,98,4469.703938
102.158171,72,4469.841747
1.203715,110,4470.058966
2.14356,69,4470.194768
5.095078,76,4470.349194
3.901955,82,4470.509903
3.089685,81,4470.666355
103.061931,69,4470.80242
2.223531,74,4470.949393
2.63327,85,4482.390384
0.934192,77,4482.549503
1.663194,83,4482.71822
4.059018,95,4482.9041
1.490493,65,4483.034051
4.555533,78,4483.184844
100.852548,41,4483.264703
4.398671,63,4483.394608
104.952139,62,4483.513699
1.890583,96,4483.70427
3.296259,73,4483.858745
3.047658,65,4483.984217
3.687332,77,4484.14007
100.933795,90,4484.31885
101.125598,66,4484.450512
4.429795,60,4484.565563
1.207198,88,4484.745533
0.767614,104,4484.958325
101.092829,83,4485.120583
2.680147,74,4485.277283
4.076715,71,4485.427215
102.386709,76,4485.585498
4.721751,68,4485.726691
-1.040664,96,4485.92125
1.568848,75,4486.077793
101.230516,89,4486.263087
101.292999,54,4486.376024
4.61104,68,4497.717887
101.707355,94,4497.918541
100.959602,48,4498.013541
102.530495,63,4498.139338
-0.158267,94,4498.325431
3.049412,70,4498.470569
2.200101,74,4498.614067
3.887939,65,4498.742485
3.880862,61,4498.866061
4.7278,62,4498.991447
5.299601,60,4499.109642
3.77069,87,4499.28155
102.296374,45,4499.372781
1.76477,91,4499.554944
100.530986,239,4500.015394
1.916904,77,4500.163664
100.875588,42,4500.247411
101.797301,69,4500.384352
103.353091,68,4500.514556
2.066418,121,4500.762499
101.9307,70,4500.910064
3.559775,62,4501.039103
3.528087,76,4501.19962
4.314341,145,4501.505782
102.258476,50,4501.611038
4.502759,108,4501.831467
2.529249,102,4513.403547
1.623359,75,4513.555919
100.957858,66,4513.694476
1.760454,64,4513.830895
4.846464,65,4513.968182
0.679332,74,4514.119081
0.840368,114,4514.361063
103.453686,68,4514.506251
1.052525,86,4514.680276
4.746539,63,4514.828881
103.618114,61,4514.955593
-1.193413,108,4515.179318
-0.103269,84,4515.352096
2.260178,79,4515.515544
101.457759,103,4515.729879
2.779912,85,4515.905974
101.029317,55,4516.020916
5.320708,61,4516.143986
101.509835,68,4516.283856
-2.238373,134,4516.557924
2.157752,67,4516.688612
4.158224,75,4516.841624
3.760639,82,4517.005713
2.089982,97,4517.194291
3.95405,99,4517.387994
-0.095356,141,4529.043123
-0.035065,104,4529.27355
2.935854,60,4529.395859
3.008697,76,4529.550985
1.216985,95,4529.751059
0.32759,105,4529.968157
100.529658,53,4530.070315
1.617757,129,4530.325638
101.758461,58,4530.443004
4.035698,84,4530.607742
4.453893,67,4530.737966
4.046122,80,4530.89738
2.813778,71,4531.036862
4.192469,74,4531.182113
101.930933,40,4531.261515
5.160058,66,4531.388636
4.319135,65,4531.517572
4.359859,76,4531.666673
101.758697,99,4531.86017
103.679391,63,4531.983982
3.149468,78,4532.147953
1.843725,75,4532.301778
4.25869,71,4532.446973
3.238062,65,4532.579247
101.706383,44,4532.670928
101.357897,63,4532.796983
2.250031,70,4544.272725
1.167871,84,4544.457065
0.714592,101,4544.666058
101.070652,85,4544.838087
-2.235153,140,4545.125638
0.06975,426,4545.967563
104.21531,66,4546.09521
5.579195,78,4546.251225
1.440028,65,4546.390926
1.176879,132,4546.65653
1.251653,78,4546.809219
4.198221,85,4546.983955
100.939999,143,4547.266999
2.574121,64,4547.391999
3.732609,69,4547.534079
3.424943,78,4547.70272
4.397728,63,4547.826803
2.616886,72,4547.969093
100.951754,90,4548.153315
0.542299,243,4559.826355
3.984479,93,4560.007508
0.825021,83,4560.171736
100.875113,98,4560.366128
101.955175,65,4560.498103
3.346352,113,4560.752949
4.098681,60,4560.868887
1.651947,95,4561.057207
2.83755,97,4561.255775
106.187491,68,4561.39345
1.740605,77,4561.544784
4.495026,65,4561.673217
-1.691462,579,4562.811238
3.893341,64,4562.938199
2.516348,67,4563.070399
101.05105,78,4563.221898
0.63015,126,4563.471791
3.755206,76,4563.619503
4.171391,71,4574.946903
0.889846,94,4575.14716
3.741917,69,4575.285033
103.853669,55,4575.390652
1.443682,70,4575.536797
4.367245,95,4575.72556
2.80688,58,4575.841546
2.752914,66,4575.970298
3.322798,61,4576.091465
-0.484336,108,4576.308029
3.643791,72,4576.44976
102.031623,45,4576.543547
102.156884,42,4576.623698
101.488961,65,4576.751611
100.902697,99,4576.94631
4.787428,79,4577.105206
4.289286,77,4577.259573
2.477929,82,4577.42254
1.962277,71,4577.562
1.105079,78,4577.713678
0.987932,124,4577.956603
1.201326,144,4578.243333
101.803608,54,4578.351415
3.50909,82,4578.515792
102.795625,50,4578.612867
-1.163486,236,4590.33206
3.675379,85,4590.502984
0.473996,87,4590.675223
3.530833,90,4590.857527
4.633631,64,4590.983793
5.774659,68,4591.125002
-0.073899,1000,4593.111265
3.427473,59,4593.228371
5.61078,67,4593.362148
101.186036,76,4593.510897
2.664835,62,4593.635537
102.539119,52,4593.735315
0.959661,73,4593.886402
102.2316,43,4593.971918
1.828165,61,4594.090173
101.853678,57,4594.203691
5.174549,84,4605.598111
3.986056,71,4605.757215
3.210827,95,4605.942228
104.976998,64,4606.068048
3.401952,70,4606.209897
101.485273,93,4606.395276
0.789027,91,4606.579804
2.099157,60,4606.704444
-1.191979,92,4606.884371
2.842474,77,4607.037163
1.201881,74,4607.180859
1.767594,80,4607.33555
101.743084,65,4607.462704
0.804449,115,4607.694625
101.839714,44,4607.782672
101.418555,79,4607.935365
102.320408,71,4608.072528
3.913024,70,4608.211935
3.937501,72,4608.354179
101.70399,55,4608.461404
0.581522,85,4608.62802
100.88254,95,4608.835154
-1.809533,97,4609.024306
0.835072,69,4609.160159
101.370497,74,4609.307628
2.440169,74,4609.454851
5.423519,120,4620.884029
103.553311,59,4621.000521
4.239152,65,4621.126091
4.051428,76,4621.275603
3.784518,84,4621.442841
105.208873,73,4621.587092
5.715211,62,4621.709004
2.682394,71,4621.860363
1.083141,77,4622.011476
2.001417,94,4622.193592
3.670567,80,4622.366252
1.665529,87,4622.540748
2.323554,85,4622.703535
3.090798,85,4622.868673
100.935968,76,4623.018938
4.212159,70,4623.160288
1.708865,83,4623.324023
101.558101,35,4623.393224
3.171109,60,4623.510889
4.909914,119,4623.746245
101.939345,71,4623.888799
100.743271,59,4624.00846
100.930466,85,4624.179061
4.958033,67,4624.313168
0.221114,1000,4637.48432
0.978787,103,4637.68536
3.261559,69,4637.824753
101.863334,129,4638.083916
101.198205,85,4638.255866
3.370362,61,4638.377907
2.343373,81,4638.541397
3.65377,70,4638.679277
103.281828,73,4638.823745
0.670878,80,4638.985307
102.183941,45,4639.071755
1.025101,82,4639.233345
-0.236233,119,4639.471426
3.443805,68,4639.60446
4.874453,75,4639.753518
-0.553596,164,4640.082379
1.608299,99,4651.558855
4.230797,68,4651.692754
0.733284,89,4651.868406
2.927774,60,4651.987589
4.471485,65,4652.118293
101.269122,66,4652.253178
104.158346,75,4652.403466
6.217398,64,4652.531702
100.567475,61,4652.649094
5.226017,85,4652.832724
100.036385,66,4652.967026
1.100109,87,4653.138787
3.661893,73,4653.282725
4.136404,73,4653.429849
1.695012,62,4653.549978
3.009463,64,4653.677613
1.562223,76,4653.828926
3.810302,61,4653.954876
0.885691,84,4654.1243
5.297186,63,4654.250907
2.034283,74,4654.396583
4.291071,108,4654.61245
3.683088,80,4654.773873
2.302039,61,4654.897972
100.75132,108,4655.110237
2.893266,67,4655.258399
1.825947,77,4655.409784
0.338053,99,4666.794304
5.268058,66,4666.925583
4.603583,63,4667.05002
102.006639,68,4667.181244
4.847328,68,4667.33316
3.667218,72,4667.474236
3.883166,73,4667.616535
3.368665,94,4667.805614
101.69293,68,4667.941714
103.671553,70,4668.082499
2.118475,62,4668.202749
4.884826,61,4668.323655
100.459473,57,4668.438517
3.228902,68,4668.576064
2.58301,73,4668.734438
2.339275,61,4668.899929
3.759656,93,4669.135875
3.602145,68,4669.271201
102.223466,63,4669.402827
101.121521,44,4669.489189
0.87724,101,4669.687028
4.339189,73,4669.830749
100.762098,58,4669.949611
4.030732,80,4670.106096
100.984087,77,4670.256296
2.417462,69,4670.390594
1.651323,74,4670.533199
1.18506,113,4670.756166
100.937628,52,4682.062755
100.629458,30,4682.122499
100.55568,73,4682.268146
4.574194,80,4682.426102
1.375291,83,4682.601611
5.143608,63,4682.730851
2.427461,61,4682.857334
3.899207,95,4683.055449
-0.537116,1000,4685.114075
3.908876,92,4685.290805
2.402141,74,4685.43787
2.165026,74,4685.598156
3.576175,61,4685.725968
105.218582,62,4685.848048
3.785048,77,4685.997609
3.505398,70,4686.134552
2.772384,66,4697.459571
102.697994,71,4697.601134
-0.124801,107,4697.833129
101.178888,55,4697.94185
3.771275,67,4698.075396
3.580894,81,4698.23351
101.612993,81,4698.393694
-0.015078,91,4698.584268
2.304185,67,4698.719013
101.01157,80,4698.877045
-0.358114,97,4699.078314
4.332095,73,4699.221534
101.367224,62,4699.343618
100.634497,45,4699.435886
101.026558,56,4699.545878
3.349311,86,4699.720658
1.704381,80,4699.874623
4.802885,66,4700.000437
4.155051,71,4700.14134
0.208433,149,4700.435948
3.323865,80,4700.598657
2.248009,91,4700.781124
101.730823,64,4700.904034
3.249096,97,4701.095198
102.281878,65,4701.222831
5.380252,70,4701.362917
-1.956544,334,4713.207353
0.368421,106,4713.417804
2.309175,81,4713.575817
101.155268,79,4713.7311
100.423774,68,4713.866806
101.199177,56,4713.978533
0.868713,83,4714.142849
-1.994497,154,4714.46029
104.191752,73,4714.6041
2.86671,61,4714.723504
3.412722,75,4714.873653
0.323006,114,4715.097903
3.043067,66,4715.225878
1.305231,82,4715.396818
3.971136,63,4715.525886
101.040408,64,4715.654703
101.57087,43,4715.737491
5.052451,69,4715.869991
2.217278,81,4716.029813
1.780055,83,4716.194691
0.968351,71,4716.340354
105.989014,65,4716.469023
0.963882,122,4716.710817
4.862287,78,4728.039445
101.15857,113,4728.261154
102.467231,64,4728.389946
104.166204,57,4728.517901
103.313998,69,4728.652221
103.466135,71,4728.818975
105.996778,72,4729.01563
103.884614,58,4729.166702
1.91106,68,4729.297452
2.075543,70,4729.432768
1.625886,81,4729.597386
2.568034,60,4729.711343
5.168556,62,4729.836005
103.303915,58,4729.955689
2.020517,61,4730.077498
0.245942,73,4730.221602
3.371788,70,4730.358756
1.188203,91,4730.539931
1.83803,80,4730.720279
2.934905,67,4730.853422
3.64475,67,4730.983536
106.034185,66,4731.114632
0.733137,948,4744.216369
1.756108,76,4744.363239
4.851936,68,4744.507736
106.170828,68,4744.641717
3.960837,81,4744.802505
4.981434,66,4744.933576
2.827311,94,4745.120398
-1.651988,121,4745.359191
3.975848,61,4745.480559
1.386106,66,4745.610677
105.674768,66,4745.739004
1.932369,79,4745.894051
1.081361,94,4746.078723
3.033047,72,4746.219919
101.001256,55,4746.330393
5.627901,64,4746.458183
0.631698,82,4746.623809
100.544602,65,4746.751964
102.716326,71,4746.889701
101.105519,34,4746.956355
2.03825,78,4747.110916
3.380403,69,4747.247496
0.958881,83,4747.415907
-0.343058,74,4758.848437
1.131685,69,4758.985542
3.674116,61,4759.10209
3.394228,72,4759.242192
5.932866,70,4759.38087
4.696483,77,4759.53097
-0.093742,113,4759.755907
1.782909,164,4760.093665
-0.869057,133,4760.351058
2.203976,75,4760.498342
2.060161,61,4760.618415
4.240273,59,4760.734799
0.35884,74,4760.878215
102.850257,58,4760.993
0.662073,160,4761.313176
100.544024,70,4761.453725
2.454917,59,4761.570923
101.182438,72,4761.713863
0.95486,98,4761.910005
1.144555,68,4762.04006
3.680449,93,4762.221972
4.154503,67,4762.355614
101.680246,55,4762.463307
0.930575,68,4762.595812
3.581943,60,4762.712352
100.351965,83,4774.118451
1.399733,82,4774.280787
1.554103,70,4774.420014
4.097529,67,4774.56742
101.534327,67,4774.699506
101.334158,36,4774.767809
100.663694,76,4774.916874
104.856354,60,4775.044428
1.849676,117,4775.268644
2.017642,74,4775.412476
100.698339,63,4775.535237
5.258736,74,4775.688542
3.746372,66,4775.821059
100.307171,78,4775.977638
101.160244,135,4776.244742
102.001056,146,4776.537023
3.6539,115,4776.759074
4.803772,66,4776.891173
5.311992,67,4777.025528
4.158498,86,4777.198888
4.17517,69,4777.336803
104.851705,64,4777.46817
3.435725,73,4777.614981
106.166045,74,4777.763144
103.963524,56,4777.872268
101.416324,68,4778.005698
103.396947,71,4789.4243
2.726669,68,4789.558288
3.749531,61,4789.683379
3.634567,82,4789.846977
0.041425,79,4790.007034
102.297519,52,4790.114845
0.485066,98,4790.316148
2.192623,58,4790.436838
3.151503,92,4790.618666
104.391897,72,4790.763992
3.45132,89,4790.943965
1.680444,71,4791.099143
101.339431,65,4791.226579
1.794238,77,4791.378459
1.359315,79,4791.533519
102.570265,48,4791.630252
-2.004971,121,4791.871162
2.015383,81,4792.031842
2.42735,69,4792.167443
3.595829,67,4792.298057
2.16411,94,4792.480448
105.255196,73,4792.629091
5.664534,66,4792.759273
5.227315,85,4792.937342
0.627623,356,4804.830617
101.14521,82,4804.991734
3.801852,67,4805.123809
104.976178,62,4805.24591
3.02462,66,4805.391669
-0.759418,1000,4807.36893
5.92008,70,4807.507216
103.089818,70,4807.647783
4.294768,62,4807.771576
3.483429,69,4807.904444
4.525786,84,4808.068853
1.961599,59,4808.184681
0.213609,106,4808.396017
2.695628,102,4808.597095
4.419956,76,4820.028919
100.48631,52,4820.134628
102.182557,49,4820.234089
104.800672,72,4820.398955
0.17119,1000,4822.392827
2.847826,75,4822.538912
102.610703,49,4822.63605
5.363035,156,4822.943568
1.300993,96,4823.130522
5.440454,79,4823.283571
101.159453,88,4823.457621
-0.161161,113,4823.683246
101.097539,82,4823.846335
101.884997,79,4824.003528
2.397413,87,4835.458553
102.932655,69,4835.606862
2.226205,73,4835.749792
2.099543,59,4835.864563
4.78071,67,4835.99557
102.133969,75,4836.141918
2.061729,70,4836.279154
100.769339,78,4836.434082
100.767817,46,4836.524471
104.866376,58,4836.635901
102.292404,70,4836.773022
3.995422,67,4836.90529
3.852337,61,4837.026255
1.31411,112,4837.245836
-0.993372,104,4837.447144
3.923889,64,4837.57316
3.133255,73,4837.718292
5.01837,70,4837.859159
2.359016,81,4838.017557
102.501426,55,4838.122129
2.184749,81,4838.283379
100.99308,80,4838.442639
102.575364,44,4838.526614
3.342526,66,4838.657852
100.379052,53,4838.766926
101.426541,78,4838.920525
-0.028063,104,4839.129473
101.533395,55,4839.237021
3.857144,69,4839.378275
2.408313,69,4850.712099
3.264118,88,4850.883464
3.08098,82,4851.069795
102.97868,69,4851.206701
3.714371,59,4851.326194
2.420217,70,4851.464284
1.373506,91,4851.644543
2.244738,82,4851.808758
103.722053,71,4851.950948
101.696272,68,4852.086208
101.182511,65,4852.212766
101.734767,67,4852.345267
2.44298,72,4852.484867
100.95614,113,4852.704031
5.965863,66,4852.832578
1.475252,71,4852.974816
1.675084,114,4853.194719
2.382824,68,4853.32962
2.859566,71,4853.465353
3.524146,89,4853.639766
101.096717,78,4853.794113
104.157009,55,4853.902144
105.599314,66,4854.029213
2.961894,70,4854.168427
2.065863,145,4854.457931
100.9303,73,4854.599595
1.643458,70,4865.901993
2.214453,97,4866.114918
0.473362,71,4866.254562
102.244189,72,4866.400006
2.372433,70,4866.541975
2.049554,80,4866.703122
101.310874,78,4866.858264
4.92741,65,4866.988623
1.845064,71,4867.127196
105.591918,70,4867.267284
1.945285,69,4867.40613
0.111101,79,4867.565631
4.209299,70,4867.705048
1.933498,69,4867.837868
2.962086,84,4868.001755
4.62643,67,4868.133588
104.444355,59,4868.252017
1.141719,94,4868.436164
1.114197,74,4868.5832
3.031818,91,4868.758556
4.798491,75,4868.908112
4.000047,68,4869.049222
1.136154,82,4869.209315
5.076391,79,4869.365748
100.457989,79,4869.52054
101.587918,71,4869.661827
5.252737,77,4869.815796
2.257867,60,4869.940112
0.009449,118,4881.384932
1.595105,94,4881.578421
101.232617,83,4881.747401
2.730454,66,4881.87592
2.778336,96,4882.06072
2.680626,82,4882.219961
2.209063,70,4882.361924
0.281461,164,4882.687117
4.084587,74,4882.85246
0.744701,84,4883.01928
1.45508,68,4883.153307
101.3952,74,4883.300889
105.643525,70,4883.442579
101.807191,48,4883.538819
103.309142,68,4883.674746
100.298041,32,4883.737802
1.511459,97,4883.928673
4.975497,67,4884.064275
3.602066,70,4884.202315
103.220818,68,4884.337509
0.701126,1000,4897.612413
3.239662,67,4897.740755
0.819878,1000,4899.696371
1.452782,70,4899.836802
100.71105,59,4899.951082
3.404027,78,4900.103177
4.016622,68,4900.234353
105.388822,63,4900.358528
3.474929,61,4900.482473
0.737608,77,4911.979782
105.818031,66,4912.109873
2.759639,72,4912.248931
4.755447,67,4912.379849
0.739592,96,4912.56656
104.690414,67,4912.697652
3.204053,77,4912.853482
1.893556,72,4913.002753
2.03227,111,4913.246367
4.568546,61,4913.36881
0.720696,77,4913.521136
3.842433,72,4913.661259
3.19246,71,4913.804033
4.540049,62,4913.926672
103.405659,49,4914.027728
3.300873,80,4914.185095
103.01919,66,4914.315699
2.785136,68,4914.449519
1.880388,75,4914.606044
0.249314,76,4914.757417
1.115241,73,4914.903318
1.271485,125,4915.150535
2.160247,100,4915.352899
1.252037,70,4915.490331
3.56832,65,4915.61979
1.663379,67,4915.753999
103.404558,68,4915.889484
103.639643,73,4927.21825
-0.025807,88,4927.393255
3.274176,90,4927.571321
-0.523906,86,4927.752676
0.392152,118,4927.986605
3.340706,66,4928.117193
1.883615,77,4928.27711
101.073543,46,4928.36582
0.348067,104,4928.572984
4.469013,83,4928.736601
1.278325,80,4928.900492
2.509699,63,4929.025306
3.823013,75,4929.173502
2.247548,83,4929.339245
1.549764,78,4929.492291
0.521736,105,4929.697537
100.94107,45,4929.787534
4.004783,65,4929.919404
3.176345,76,4930.068491
3.780267,61,4930.189813
1.449025,107,4930.394894
3.635056,91,4930.579397
4.29756,64,4930.716582
5.451835,66,4930.854766
100.918404,60,4930.973863
101.242416,67,4931.106756
2.543152,70,4931.242193
0.196616,75,4942.561141
1.906319,73,4942.705543
2.031922,71,4942.842541
2.154853,65,4942.984018
101.549178,116,4943.205856
101.395,91,4943.385592
1.646489,94,4943.576342
3.116422,69,4943.707335
3.036159,84,4943.871361
100.596584,78,4944.024371
5.188454,66,4944.157473
3.825028,69,4944.293798
1.831525,90,4944.469437
100.72193,75,4944.619416
1.600271,86,4944.789507
5.052935,61,4944.913583
100.693629,74,4945.060133
3.823764,70,4945.21025
4.619783,60,4945.328274
5.946222,76,4945.478107
101.47708,61,4945.598486
3.677564,106,4945.815535
5.02091,65,4945.941437
3.317563,74,4946.088081
0.940573,73,4946.232885
4.56577,64,4946.356646
103.263526,52,4946.458783
3.91967,66,4957.756713
1.998693,69,4957.892975
103.752343,67,4958.023558
101.304729,66,4958.153277
101.13078,36,4958.237332
102.819511,73,4958.381759
3.098854,83,4958.544886
3.660971,106,4958.753312
2.407342,93,4958.939506
4.477104,79,4959.098399
102.610287,71,4959.237198
3.630019,83,4959.395084
4.17795,82,4959.555732
4.809312,60,4959.672366
101.492515,91,4959.852616
4.18247,90,4960.047472
100.811119,62,4960.173204
104.067836,62,4960.299177
1.985444,74,4960.449752
4.255978,69,4960.588504
101.24432,49,4960.682282
0.518476,108,4960.898607
1.980035,114,4961.121513
4.233498,65,4961.249882
101.88964,61,4961.37201
3.280766,71,4961.514308
2.436303,69,4961.647459
4.408002,87,4973.102278
1.25987,73,4973.245378
0.985588,100,4973.438535
3.461078,60,4973.574168
0.801844,79,4973.733801
4.134198,63,4973.858946
104.055976,57,4973.967515
102.820261,69,4974.111124
1.632368,76,4974.262397
2.135529,70,4974.398587
102.212957,70,4974.53714
100.637253,81,4974.698442
4.521184,60,4974.815241
1.546034,76,4974.965094
4.509527,63,4975.091529
4.138174,71,4975.242866
4.394753,61,4975.361495
1.959174,86,4975.529216
2.743591,75,4975.67692
101.719281,79,4975.837362
101.288921,66,4975.969063
3.471417,79,4976.126809
2.785324,67,4976.258747
4.489408,67,4976.392292
1.65579,96,4976.579651
5.38209,67,4976.71242
4.260502,72,4976.853398
1.979034,71,4976.996708
3.817646,75,4988.31746
3.760096,113,4988.540613
2.668083,76,4988.692336
4.099051,61,4988.826609
3.578294,74,4988.971143
0.891705,84,4989.135783
2.645784,65,4989.260365
101.880487,76,4989.41077
1.485997,80,4989.574473
1.727543,70,4989.712739
4.389081,80,4989.869723
3.341906,77,4990.024138
4.498721,65,4990.152617
103.238473,66,4990.296275
-0.859543,90,4990.472398
0.655765,83,4990.636323
1.549824,124,4990.882616
100.908659,76,4991.03512
103.348909,57,4991.146467
3.070447,84,4991.313547
4.315569,60,4991.431736
3.251715,74,4991.581263
4.165043,68,4991.716058
2.277725,76,4991.866585
104.003263,55,4991.975469
3.115927,95,4992.164397
3.031244,66,4992.294104
4.123619,64,5003.61852
101.48598,34,5003.688945
1.619119,91,5003.881654
1.985028,81,5004.03855
100.938373,89,5004.217238
100.910935,78,5004.367216
3.811044,86,5004.534732
2.094322,68,5004.678404
1.871817,71,5004.819783
1.71816,93,5005.000095
1.094863,92,5005.183103
3.852099,59,5005.299657
2.394646,68,5005.434065
101.574957,67,5005.567774
3.213729,60,5005.684841
101.511118,61,5005.807947
2.592529,76,5005.955882
4.552435,79,5006.108338
1.431387,67,5006.238593
2.953393,82,5006.399384
102.801327,67,5006.532666
101.383921,84,5006.697889
1.448992,82,5006.863345
102.312634,70,5007.002068
2.200027,69,5007.135928
2.17253,70,5007.280612
101.410142,77,5007.429615
5.308249,75,5007.57471
0.61379,98,5018.955343
4.115439,125,5019.209071
101.801853,77,5019.359318
101.037605,78,5019.514456
3.594419,72,5019.658395
1.081384,66,5019.790521
1.008102,80,5019.948322
0.053747,134,5020.215869
4.764693,86,5020.404243
4.489426,98,5020.593681
101.167568,76,5020.742915
0.572128,886,5022.494075
3.330124,67,5022.626005
3.711771,59,5022.746062
105.713712,65,5022.877018
3.571909,75,5034.247044
2.307973,58,5034.362942
103.770252,68,5034.516067
2.058856,68,5034.654161
0.187111,81,5034.813452
102.406965,43,5034.898337
1.023626,84,5035.063287
3.54903,70,5035.203252
4.313988,163,5035.532798
2.953648,77,5035.685506
101.078057,68,5035.823669
4.856252,74,5035.969546
-1.007995,115,5036.195921
2.692651,68,5036.332502
100.848579,79,5036.487935
0.434129,77,5036.643388
4.773769,64,5036.77238
1.101116,78,5036.925668
102.115612,43,5037.014164
4.37901,77,5037.1644
1.420573,72,5037.304161
2.583648,78,5037.454957
1.3548,85,5037.621115
0.365263,147,5037.912689
2.726521,60,5038.03115
2.181471,72,5038.170582
3.862762,80,5049.517732
-0.545231,87,5049.69146
101.538974,75,5049.839514
1.494214,92,5050.027319
2.00533,81,5050.194175
1.52442,83,5050.360295
2.497272,92,5050.544665
5.3277,66,5050.679657
0.256378,75,5050.835974
0.581669,75,5050.996904
1.147716,70,5051.130111
102.527401,72,5051.270246
100.586429,68,5051.405826
-2.578805,534,5052.46322
4.174314,73,5052.603786
3.777091,65,5052.731794
4.365588,79,5052.886845
4.942395,80,5053.042611
1.048557,67,5053.17507
0.678923,73,5053.318936
101.33594,76,5053.4676
3.012463,81,5064.837563
103.803878,67,5064.96814
3.544986,72,5065.111649
3.49599,69,5065.242151
101.246915,58,5065.356572
2.113947,69,5065.490127
1.21801,89,5065.660909
2.786008,63,5065.797057
101.330291,73,5065.939565
3.416548,78,5066.093086
2.470992,71,5066.228309
2.152101,92,5066.412792
-0.254722,78,5066.568872
2.862044,72,5066.710562
2.921052,85,5066.876053
4.250023,62,5066.998391
3.916646,103,5067.197184
2.631317,69,5067.334128
3.304982,65,5067.465914
1.467131,64,5067.591254
2.737876,86,5067.764268
4.241124,76,5067.914191
103.154455,68,5068.050457
4.091791,71,5068.188467
3.167849,74,5068.336307
5.108525,66,5068.467799
2.685203,66,5068.597352
3.903768,81,5079.944046
1.117237,87,5080.115161
3.129175,60,5080.233527
103.285378,69,5080.381428
101.763829,100,5080.592751
3.200514,73,5080.745554
0.115018,98,5080.950381
4.03983,64,5081.085474
4.36722,59,5081.203702
2.155775,73,5081.34721
3.069214,71,5081.489707
1.803726,90,5081.66432
1.519322,72,5081.804778
2.651394,122,5082.044173
3.217206,76,5082.191229
1.941392,86,5082.357987
3.600446,64,5082.480414
101.148252,54,5082.584563
3.678922,58,5082.700012
100.911462,78,5082.870916
102.126204,60,5082.985831
101.191355,112,5083.205177
2.506371,76,5083.356062
3.995152,69,5083.489806
4.31911,66,5083.621179
105.562946,65,5083.749314
3.573763,68,5083.883885
4.125906,76,5095.228702
2.472459,74,5095.375628
0.46263,78,5095.528512
100.981748,73,5095.674791
1.230313,72,5095.815286
0.091303,75,5095.961455
101.67472,90,5096.136181
5.951184,70,5096.290304
100.788975,77,5096.444584
104.874736,69,5096.5814
0.888311,88,5096.754568
6.015987,63,5096.895
4.570204,69,5097.035038
0.490182,80,5097.189144
100.996463,57,5097.297421
101.777815,63,5097.422826
4.65545,61,5097.545747
1.677616,70,5097.68029
4.206293,69,5097.814629
4.977167,76,5097.968796
-2.085076,426,5098.837312
2.173633,59,5098.953471
1.092757,83,5099.11761
3.398819,60,5099.23742
2.551277,69,5110.53459
101.501436,129,5110.785217
3.465228,65,5110.915854
1.714805,80,5111.093703
2.749879,80,5111.274435
105.554404,64,5111.412985
0.068247,233,5111.885652
5.893751,80,5112.050942
101.938225,45,5112.144408
104.619127,58,5112.259883
3.538074,73,5112.401973
101.877565,73,5112.54899
101.527691,69,5112.690156
100.424305,22,5112.734316
103.809572,64,5112.861786
1.174447,78,5113.017272
101.299675,85,5113.199121
3.44256,83,5113.361162
1.615339,68,5113.491359
3.983076,69,5113.62208
2.814173,95,5113.806181
2.682632,58,5113.918893
1.673408,72,5114.054102
4.354747,69,5114.190408
1.286512,65,5114.321306
4.338165,67,5114.453526
100.67654,68,5125.741773
3.768035,72,5125.882787
102.058657,75,5126.029435
0.967941,97,5126.235724
-0.332221,136,5126.506666
4.505501,73,5126.65259
101.722941,75,5126.812864
0.708305,97,5127.003456
100.600254,56,5127.110896
3.270808,88,5127.286144
1.931079,71,5127.423936
3.475241,124,5127.670434
1.993168,93,5127.850457
3.863167,83,5128.018358
4.247852,66,5128.148519
3.139215,71,5128.288804
101.449298,92,5128.469962
101.429862,62,5128.593763
4.924491,66,5128.725177
-2.253907,161,5129.044416
103.845702,73,5129.18913
3.629945,69,5129.329416
1.201931,83,5129.492182
102.098404,74,5129.637841
2.719672,93,5141.032875
3.502611,68,5141.167379
101.208928,62,5141.305334
4.547909,64,5141.435817
3.915993,99,5141.63861
101.716033,69,5141.779598
3.300112,95,5141.96611
1.683449,97,5142.168026
5.156017,62,5142.29439
100.397241,64,5142.423249
100.720838,77,5142.579773
-0.603626,119,5142.81682
100.840483,78,5142.96825
1.877239,88,5143.144634
4.056624,82,5143.313058
4.937596,60,5143.432831
0.877524,98,5143.62657
3.476002,75,5143.774051
101.510576,70,5143.913627
4.830039,73,5144.058413
4.654721,67,5144.189055
101.108228,55,5144.298792
2.039447,71,5144.441178
0.816634,237,5144.915845
1.386613,104,5145.126456
2.910432,86,5156.511073
4.150935,87,5156.689255
3.461659,72,5156.834268
3.650822,111,5157.05863
1.445867,72,5157.203528
101.44339,87,5157.374844
-0.906193,120,5157.619542
0.761003,85,5157.788491
2.029652,71,5157.941558
5.038549,71,5158.084563
102.274562,65,5158.213156
-0.078245,80,5158.367818
0.717361,78,5158.523041
2.417613,67,5158.658152
100.942705,68,5158.793013
1.382327,80,5158.950085
101.080461,56,5159.058949
1.685379,82,5159.222966
5.132298,63,5159.347441
103.470729,52,5159.450479
101.708905,53,5159.563574
1.783746,76,5159.709074
0.699777,106,5159.919196
4.811833,84,5160.094221
4.209586,72,5160.236592
2.775901,83,5160.397778
0.468355,1000,5173.801838
1.092466,75,5173.953645
103.015923,65,5174.081748
3.468224,64,5174.209457
2.544445,68,5174.34468
102.205221,73,5174.501166
100.545701,85,5174.673142
2.71798,87,5174.847884
3.235831,67,5174.994912
2.811331,68,5175.138231
2.192225,76,5175.29786
0.575214,81,5175.468767
2.243927,94,5175.656692
3.606804,70,5175.802302
4.348485,68,5175.944322
-0.302389,140,5187.459278
3.143464,68,5187.599705
1.339226,117,5187.835275
4.257644,74,5187.991347
1.272859,76,5188.151003
1.071814,69,5188.306804
1.983391,119,5188.551419
2.754778,68,5188.691032
2.490818,79,5188.848456
4.171619,65,5188.974638
4.260827,71,5189.114868
4.193612,60,5189.230931
101.242208,65,5189.357548
101.18195,72,5189.502808
101.827789,56,5189.616101
3.447682,70,5189.754943
3.393205,86,5189.928752
2.759312,71,5190.073922
5.319939,71,5190.221607
3.817882,61,5190.347997
3.043415,72,5190.498008
3.857589,65,5190.634058
-2.602702,298,5191.210364
2.32841,81,5191.380754
5.819296,70,5202.788636
1.497392,60,5202.911872
2.365893,65,5203.044427
-1.938143,108,5203.284405
3.722264,68,5203.424775
-1.219121,133,5203.707377
-0.722543,99,5203.921205
101.93807,62,5204.051371
3.646217,66,5204.185669
100.527062,70,5204.333188
3.533881,71,5204.478946
4.708268,78,5204.638147
-2.563074,161,5204.964489
100.869793,85,5205.129366
3.017974,82,5205.28889
100.972518,57,5205.398044
101.210553,80,5205.558382
2.10397,70,5205.695081
4.985962,68,5205.830626
2.070917,71,5205.973109
1.210982,82,5206.133743
-0.934797,88,5206.306944
102.844766,67,5206.439595
101.156457,63,5206.578838
2.144415,93,5206.756795
2.882989,76,5218.174663
0.497462,94,5218.360223
4.834649,61,5218.482088
4.234098,66,5218.615768
1.584573,89,5218.809578
-0.460457,399,5219.614622
5.224068,65,5219.752341
1.97523,76,5219.907217
101.063413,94,5220.102092
101.591091,71,5220.250355
2.384103,66,5220.385264
101.167172,74,5220.536098
102.618902,72,5220.680156
100.862689,48,5220.780654
1.64545,93,5220.963657
103.051896,68,5221.099715
5.063235,60,5221.221232
4.520831,66,5221.354315
101.031279,72,5221.494906
4.507514,62,5221.622524
102.594891,45,5221.707583
5.428904,73,5221.849869
3.7308,72,5221.991049
5.080997,66,5222.120634
101.179216,122,5233.612196
4.285962,69,5233.771013
101.623251,82,5233.937042
104.183926,58,5234.051829
102.38315,75,5234.201585
-0.156587,124,5234.450008
1.246905,93,5234.645558
1.045893,74,5234.801393
5.693827,62,5234.922708
2.610663,74,5235.069268
102.539838,57,5235.189607
0.586958,70,5235.330711
4.800063,61,5235.450243
101.727173,75,5235.597194
3.397591,90,5235.774352
1.870703,95,5235.961186
101.140229,77,5236.10946
3.368361,66,5236.235729
101.439408,60,5236.352447
101.045958,76,5236.508704
4.793075,76,5236.658527
4.100746,80,5236.820552
105.165202,61,5236.942185
5.413958,80,5237.100212
0.049961,87,5237.274225
3.470441,94,5237.464598
100.214818,66,5237.593557
3.825914,69,5249.042491
1.862067,62,5249.170535
3.792865,67,5249.308036
0.864694,61,5249.435777
4.16801,92,5249.635154
100.803858,82,5249.804101
101.728042,77,5249.961754
5.901511,68,5250.111416
3.546373,69,5250.254482
104.607243,57,5250.377246
5.039375,66,5250.525553
3.816089,75,5250.680147
0.613153,101,5250.88389
4.166333,83,5251.04302
-0.748747,153,5251.342422
0.791585,74,5251.487292
0.287711,90,5251.665415
2.926887,81,5251.819445
101.750712,79,5251.977309
101.043986,60,5252.098407
0.955937,84,5252.272013
4.936511,132,5252.549309
4.27231,65,5252.687547
4.499195,66,5252.823006
103.156084,62,5252.94467
4.346318,65,5253.072505
2.50427,89,5264.513364
3.116501,74,5264.674067
101.237082,55,5264.781418
2.338536,63,5264.904514
101.476849,91,5265.083658
5.111712,61,5265.203434
1.121205,77,5265.361378
5.280426,69,5265.49739
104.59765,67,5265.6271
1.904865,81,5265.788218
1.449114,79,5265.942308
103.778377,64,5266.069047
2.832509,80,5266.222505
100.768848,41,5266.307569
2.286859,70,5266.44368
3.84945,87,5266.612873
2.921177,63,5266.736192
0.042137,175,5267.082426
4.901574,63,5267.208341
101.596491,78,5267.362163
4.200068,78,5267.518692
102.102231,63,5267.643815
-2.261159,416,5279.929772
4.440189,65,5280.064697
104.740523,65,5280.199196
105.544021,67,5280.336998
4.826306,71,5280.476134
5.284414,62,5280.598173
2.800431,70,5280.734532
4.879211,77,5280.88718
3.294103,72,5281.028299
101.366805,82,5281.190212
3.188077,65,5281.317587
101.447873,79,5281.485978
4.325856,64,5281.611162
2.640339,71,5281.75158
3.870924,81,5281.913896
1.404768,77,5282.067976
1.351868,85,5282.23528
103.244071,71,5282.376078
4.293479,61,5282.501006
4.845074,62,5282.629521
104.381907,62,5282.754085
5.190683,84,5282.919163
3.13044,69,5283.052314
1.817594,82,5283.216314
0.640344,147,5283.499795
100.735415,82,5283.668313
104.865307,60,5283.787813
4.580102,75,5283.933492
4.005648,67,5295.325976
3.235077,70,5295.486618
101.534961,81,5295.649116
102.40726,64,5295.775903
3.863564,77,5295.930239
100.208124,150,5296.219671
105.407642,64,5296.346737
1.99554,68,5296.47606
4.353902,70,5296.616282
2.773836,66,5296.747456
2.739959,92,5296.921952
2.130154,94,5297.105156
3.639985,69,5297.239636
3.278971,85,5297.411741
1.537601,80,5297.573043
100.656701,75,5297.723756
103.263555,53,5297.82864
102.313258,78,5297.985893
4.196039,67,5298.122268
104.57369,62,5298.243003
2.97422,198,5298.643837
4.152591,66,5298.776499
6.083447,63,5298.907187
1.539346,74,5299.056023
3.04556,61,5299.176378
3.831562,64,5299.303611
0.925848,110,5310.904939
100.799368,81,5311.061834
102.315951,66,5311.191813
2.196611,67,5311.324569
101.426532,143,5311.607161
1.361611,78,5311.761551
-1.190576,131,5312.02151
1.920807,69,5312.156151
1.385446,73,5312.312901
3.055999,64,5312.436954
101.922734,74,5312.586163
4.239101,85,5312.757849
4.336858,76,5312.909963
2.112478,90,5313.096348
2.110494,60,5313.220421
-0.674817,120,5313.468903
2.356113,67,5313.606989
5.440903,69,5313.747687
0.398756,94,5313.937995
3.743799,61,5314.061422
101.106512,64,5314.18837
101.157206,129,5314.44424
1.987726,77,5314.599514
1.900375,77,5314.766015
101.193789,82,5326.170736
100.58655,55,5326.278393
5.973602,63,5326.401032
3.736977,66,5326.530548
1.508382,79,5326.696993
3.727348,80,5326.876553
104.403558,73,5327.015189
2.468336,70,5327.158687
100.779871,81,5327.315856
101.826459,72,5327.45861
3.455739,86,5327.631311
3.017232,62,5327.760192
104.334709,61,5327.888724
105.891275,68,5328.031811
1.724183,90,5328.219828
4.046499,81,5328.391062
104.351477,62,5328.51698
103.269401,54,5328.629932
4.655003,62,5328.759816
2.675683,69,5328.902631
3.871642,99,5329.1348
4.613197,75,5329.339393
103.678585,57,5329.482846
100.700174,74,5329.632378
4.99408,76,5329.788183
4.488378,65,5329.915815
0.732965,106,5330.12674
103.322984,65,5330.256782
0.125955,88,5341.688499
101.332674,84,5341.859804
2.705086,85,5342.050157
1.796225,74,5342.202703
5.375478,93,5342.397079
102.787057,77,5342.552333
2.647644,69,5342.695362
3.699471,63,5342.821959
3.764247,81,5342.980199
2.504794,89,5343.155221
4.286259,80,5343.313009
3.200442,60,5343.443862
5.634531,63,5343.568849
5.789095,75,5343.717903
3.792779,63,5343.842811
100.855714,77,5343.995465
5.126046,64,5344.125568
1.073014,71,5344.277165
100.371382,56,5344.392
103.667698,63,5344.520966
102.766198,70,5344.666525
1.53801,70,5344.810578
101.751631,52,5344.919889
4.648791,79,5345.084813
104.186335,68,5345.22922
101.101908,74,5345.384901
4.605113,67,5345.526721
4.8165,61,5345.650482
4.493011,80,5357.092933
4.340887,90,5357.271016
3.298982,62,5357.393412
102.603129,63,5357.522893
2.917735,66,5357.668705
100.916218,72,5357.815823
3.960396,67,5357.949637
0.716845,87,5358.121428
100.247808,63,5358.248358
4.68387,64,5358.376045
1.220163,88,5358.55454
2.057299,96,5358.755319
1.980446,74,5358.901399
1.256654,147,5359.191168
-0.037892,158,5359.50875
1.32308,64,5359.636716
102.638965,77,5359.799803
0.86709,1000,5373.088722
103.908999,55,5373.207653
2.623008,83,5373.3709
4.448034,64,5373.497897
0.230043,99,5373.696068
102.653751,51,5373.798694
-0.874734,187,5374.1651
0.471735,103,5374.368035
100.910448,77,5374.516337
101.34498,68,5374.643272
4.955986,61,5374.759336
2.051497,69,5374.892927
0.919998,62,5375.017734
2.990724,64,5375.143137
3.697716,72,5375.28476
2.197405,62,5375.408122
100.859422,74,5375.573695
4.253097,68,5375.702789
3.352566,66,5375.832646
4.322797,65,5375.960629
1.576993,63,5376.086985
5.065093,64,5376.215708
-0.609793,181,5387.789925
102.879243,64,5387.917299
1.655808,87,5388.090512
1.956274,81,5388.250715
101.505997,97,5388.444299
1.689294,88,5388.623738
0.459929,117,5388.862224
3.953549,81,5389.022141
1.912676,124,5389.271075
100.738002,29,5389.344566
4.416625,62,5389.472293
3.610667,97,5389.673432
1.203237,79,5389.837765
3.78927,95,5390.023298
102.098976,102,5390.223796
3.048248,76,5390.374676
1.274843,92,5390.559658
2.079896,90,5390.741055
1.639293,96,5390.930866
2.057632,69,5391.066145
100.67822,68,5391.201187
100.993736,58,5391.314669
103.682833,57,5391.430369
4.075998,73,5391.572239
4.731507,74,5391.716524
4.52883,65,5391.840875
4.592955,60,5403.160784
101.162327,67,5403.300765
3.162377,84,5403.484662
100.570386,64,5403.618555
5.234808,79,5403.783837
3.567972,69,5403.927001
0.557991,85,5404.10362
2.188173,97,5404.304716
100.61367,74,5404.461364
3.532123,60,5404.585203
3.475542,80,5404.749409
100.877054,88,5404.928313
105.30218,64,5405.059249
3.431721,66,5405.188145
2.533264,62,5405.308068
3.311473,66,5405.438232
3.661948,70,5405.579033
2.969642,65,5405.708191
3.166313,60,5405.825099
101.366093,89,5406.009535
100.602313,77,5406.166897
102.66905,66,5406.304569
2.1161,66,5406.443392
1.333148,78,5406.607495
2.57201,65,5406.744293
4.804638,70,5406.892334
103.923231,74,5407.04734
2.175583,68,5407.18856
2.192402,84,5418.773862
3.651104,72,5418.917224
-2.295197,125,5419.167718
-0.567311,1000,5421.223114
100.67713,61,5421.349931
3.734401,121,5421.601509
104.539047,65,5421.73455
3.399023,71,5421.881889
1.520795,74,5422.031902
102.509792,58,5422.151404
3.129075,87,5422.331593
2.718412,75,5422.487484
5.171223,67,5422.635785
5.393321,71,5422.773679
2.628884,65,5422.907536
104.158751,56,5434.423217
1.32977,86,5434.595355
5.03905,89,5434.782182
101.653848,72,5434.932823
2.905427,91,5435.135196
105.971475,66,5435.27051
2.710146,61,5435.402408
102.405648,74,5435.558101
102.55279,56,5435.676247
100.941048,80,5435.842739
4.513125,68,5435.984638
103.814016,60,5436.108559
0.680576,70,5436.257083
3.462243,78,5436.418988
102.096944,133,5436.693409
1.074818,78,5436.855845
2.313134,59,5436.981607
2.415553,72,5437.133965
2.743317,66,5437.27281
102.5233,66,5437.410519
4.256172,66,5437.553193
4.698875,68,5437.694787
3.34268,65,5437.832339
-0.09529,89,5438.011141
1.800538,75,5438.164277
2.944333,66,5438.303409
0.823526,86,5438.482637
-0.298042,90,5449.983495
101.625438,63,5450.110859
2.056623,84,5450.27684
3.966252,69,5450.413076
2.318256,77,5450.568064
3.245723,61,5450.690238
101.163601,63,5450.812361
3.572797,66,5450.945386
103.012227,68,5451.087721
101.264322,81,5451.252984
105.718559,75,5451.410124
103.754303,71,5451.579713
2.946259,64,5451.715655
3.148783,89,5451.897691
4.920946,71,5452.039384
102.599406,64,5452.173727
0.841108,97,5452.38061
1.62843,63,5452.513667
4.220051,84,5452.69217
2.460212,106,5452.911922
3.293058,62,5453.044676
101.94059,44,5453.139362
100.922537,83,5453.315667
0.564135,71,5453.476253
3.276901,63,5453.61068
105.859768,70,5453.759624
5.675402,83,5453.961981
103.946207,71,5454.111878
1.345131,83,5465.564611
100.521415,68,5465.698315
2.769044,62,5465.817171
5.676633,70,5465.954247
102.009953,43,5466.048566
2.307962,70,5466.185334
2.600817,112,5466.403161
3.992852,79,5466.558251
2.109388,74,5466.702748
3.542891,82,5466.863373
1.465277,74,5467.01094
4.370329,74,5467.155909
1.219874,76,5467.301677
3.774559,61,5467.419896
102.62126,72,5467.563797
4.909916,76,5467.718505
101.241443,76,5467.875734
1.212711,95,5468.068039
3.525026,63,5468.193725
2.413821,68,5468.324478
4.51987,68,5468.460876
4.910711,62,5468.600283
103.766912,58,5468.727513
101.591708,66,5468.858809
101.376648,73,5469.000441
100.001843,65,5469.127173
104.025894,61,5469.249051
5.34226,75,5469.399565
1.158744,97,5469.594041
100.0,1,5469.596365
4.539064,158,5481.149881
104.310455,72,5481.297673
100.525539,73,5481.4475
3.214257,69,5481.590253
100.898096,81,5481.75511
2.153345,95,5481.950564
0.557012,137,5482.242591
102.619802,60,5482.364552
0.937972,117,5482.600137
3.408448,65,5482.725879
6.069239,64,5482.847377
3.189796,103,5483.050069
2.649891,77,5483.200471
1.046832,91,5483.375814
0.86422,64,5483.502726
101.248678,74,5483.649486
2.310919,88,5483.822652
4.256935,115,5484.053526
102.387421,59,5484.170846
104.292274,58,5484.285192
3.608205,63,5484.408349
1.648858,75,5484.556576
100.63896,64,5484.683202
-0.967759,97,5484.870418
2.097117,82,5496.34239
4.366906,63,5496.469216
5.057559,61,5496.594538
4.719316,69,5496.757571
3.64973,82,5496.923205
3.756928,75,5497.068516
101.82028,72,5497.210544
3.547783,68,5497.345583
4.115076,83,5497.50889
1.347405,79,5497.662789
3.345225,78,5497.817316
101.807082,73,5497.959341
3.013586,67,5498.088815
102.097053,58,5498.204115
4.009811,63,5498.329302
105.371813,70,5498.465137
1.432862,83,5498.622768
101.378704,74,5498.77009
102.15207,73,5498.922017
4.746417,73,5499.068573
1.034003,72,5499.21017
-0.48853,100,5499.412223
100.892544,80,5499.570434
102.017615,75,5499.723662
103.607288,72,5499.866703
0.882442,99,5500.065855
103.228852,63,5500.187969
4.326582,63,5500.311338
2.834387,115,5511.873701
0.843575,98,5512.067255
3.69144,75,5512.217497
101.089457,68,5512.358054
4.21194,77,5512.510905
0.838732,159,5512.833876
2.739573,71,5512.975954
1.987728,89,5513.153954
-0.080118,96,5513.35146
3.667748,67,5513.492664
2.085633,65,5513.622212
105.334564,62,5513.740059
3.315334,61,5513.865346
0.814693,79,5514.025903
4.832121,64,5514.152595
1.77547,70,5514.292973
1.910046,64,5514.426906
1.922304,74,5514.576138
101.791777,72,5514.716889
101.360211,112,5514.942227
0.124511,80,5515.101446
3.08909,68,5515.235385
4.85407,82,5515.395451
5.846545,66,5515.525082
4.000213,65,5515.653142
2.970988,97,5527.001009
2.950083,71,5527.144814
1.665639,66,5527.275965
2.217657,94,5527.475211
104.341137,74,5527.623981
3.14543,62,5527.745942
2.895045,68,5527.880533
5.845931,76,5528.036184
2.77786,79,5528.194927
100.557573,75,5528.347581
101.505148,72,5528.490554
101.265651,54,5528.601909
3.328143,93,5528.787698
101.079001,86,5528.959433
2.762959,84,5529.127887
0.843746,89,5529.305429
4.839772,77,5529.456127
2.693811,73,5529.604425
1.973531,67,5529.737508
2.097656,70,5529.902812
3.260852,71,5530.040932
2.869396,65,5530.166754
2.950864,67,5530.296001
101.174911,157,5530.606407
3.731717,68,5530.741588
0.927851,87,5530.91307
2.01652,76,5542.237
101.181424,78,5542.402734
1.785543,73,5542.549467
5.349066,66,5542.67665
105.541183,74,5542.82197
103.847167,57,5542.936182
4.286163,77,5543.084395
100.950835,71,5543.224203
104.154619,56,5543.337344
3.350826,75,5543.484542
102.524989,53,5543.58951
101.600179,61,5543.710496
5.101419,67,5543.842751
4.582609,72,5544.000156
3.985671,66,5544.132695
3.858452,67,5544.267354
3.531573,76,5544.417945
2.355052,66,5544.549874
2.301231,71,5544.690343
4.536476,73,5544.834866
1.800414,66,5544.965446
2.596461,93,5545.151659
1.230383,75,5545.297187
4.0629,63,5545.427341
4.325175,99,5545.624697
3.35713,66,5545.755005
3.82298,84,5545.928954
5.823718,73,5546.073693
4.452797,72,5546.218738
3.11099,71,5557.55494
2.965416,71,5557.694152
102.912783,55,5557.802422
3.39378,81,5557.979657
104.36557,63,5558.105897
1.527865,75,5558.255777
103.991071,65,5558.383776
2.617307,59,5558.504976
101.060602,52,5558.609778
1.926434,78,5558.766102
1.326693,82,5558.925983
100.32631,70,5559.062333
103.168274,60,5559.179719
1.671847,97,5559.374002
0.015389,120,5559.611624
101.445671,91,5559.797191
0.304117,104,5560.006911
5.244015,61,5560.12774
1.210419,101,5560.333214
2.130777,84,5560.498632
2.6093,65,5560.626786
103.009115,72,5560.776786
2.786647,69,5560.912367
3.289763,69,5561.048586
4.292828,61,5561.172283
102.652539,70,5561.312669
100.747251,39,5561.39304
2.93576,68,5561.525854
103.883807,56,5572.859776
101.622407,90,5573.045469
2.710579,110,5573.263509
2.461567,95,5573.454611
1.99702,71,5573.592339
1.877915,92,5573.774065
5.512431,64,5573.905941
102.397576,76,5574.072913
-0.764211,83,5574.237926
4.327436,74,5574.385196
0.861915,65,5574.513723
2.559724,88,5574.688632
3.294756,65,5574.812972
3.864001,79,5574.969245
1.97462,90,5575.147764
0.502003,692,5576.526917
3.282437,62,5576.648348
101.959545,50,5576.751139
101.279852,88,5576.925543
1.542371,76,5588.265478
5.303102,81,5588.437545
4.819949,76,5588.589055
1.295819,63,5588.712259
2.402281,60,5588.833828
102.319393,66,5588.96524
102.559464,52,5589.067264
1.908054,80,5589.227976
101.404648,111,5589.440866
3.68912,75,5589.589903
2.346979,71,5589.732174
2.87823,68,5589.86364
101.322469,49,5589.964342
4.153626,69,5590.098757
1.450224,77,5590.259848
1.156727,109,5590.47481
102.862583,50,5590.570987
1.17701,73,5590.718232
2.135538,84,5590.882182
5.276982,64,5591.007427
100.663109,66,5591.138844
4.011091,74,5591.288162
0.522064,99,5591.487381
0.064129,75,5591.636406
-0.209067,106,5591.846189
3.995467,74,5591.992943
2.751441,87,5592.170745
1.908936,94,5603.585095
105.187367,71,5603.724657
4.743411,66,5603.852546
1.813407,71,5603.997088
104.548056,61,5604.120097
3.923816,84,5604.288297
-0.639485,114,5604.51962
1.17344,118,5604.767128
-0.244996,110,5604.990768
100.670114,74,5605.142306
105.36952,66,5605.274308
100.422245,61,5605.396639
100.770272,75,5605.543925
102.357366,65,5605.672542
4.071167,120,5605.91046
101.330792,72,5606.057659
100.631146,60,5606.177502
1.407749,69,5606.31532
102.373756,73,5606.460741
3.930401,76,5606.613139
2.604767,81,5606.772171
4.103797,94,5606.956908
3.602008,62,5607.080272
2.288113,66,5607.209911
101.272241,65,5607.342113
1.758738,88,5607.517155
4.934719,71,5618.88946
100.992487,79,5619.055779
106.086987,71,5619.198498
-1.1695,99,5619.393051
2.227489,74,5619.540379
101.29273,86,5619.71274
1.785866,61,5619.836344
0.717315,96,5620.025878
100.625093,78,5620.185603
-1.153451,111,5620.405389
101.2843,50,5620.504121
3.667427,71,5620.646962
103.446843,60,5620.769879
-0.104184,78,5620.926399
2.317116,122,5621.168026
3.778377,68,5621.305843
1.992173,90,5621.494951
100.688175,79,5621.653495
101.536058,62,5621.778553
2.477594,68,5621.91135
2.969762,67,5622.047252
1.948685,71,5622.189656
3.228566,65,5622.317423
101.376813,87,5622.489361
3.789786,61,5622.625608
4.018814,65,5622.750451
100.64354,81,5634.095793
4.668448,108,5634.307165
103.491386,55,5634.414812
100.912855,75,5634.56267
102.700677,59,5634.686161
105.394516,72,5634.833724
3.722387,81,5634.994969
102.490121,67,5635.13041
104.341979,71,5635.26978
2.66642,76,5635.422791
101.22341,80,5635.587309
1.504288,66,5635.715996
102.005061,76,5635.867897
4.862229,67,5635.998272
103.751922,73,5636.141933
101.224148,57,5636.260308
-0.136873,77,5636.415272
4.488289,61,5636.536614
3.312992,61,5636.657904
1.496167,73,5636.801945
2.250227,86,5636.971744
0.552645,366,5637.698382
1.847482,72,5637.839874
2.165205,87,5638.008986
101.099085,82,5649.406592
4.361023,90,5649.602587
3.828603,68,5649.733545
101.079218,61,5649.855236
3.183985,80,5650.014457
0.717262,102,5650.216681
100.527275,78,5650.372019
5.170645,71,5650.514385
3.585021,80,5650.670203
3.647193,79,5650.829316
102.171286,74,5650.974988
101.406401,89,5651.149677
3.961401,72,5651.292777
3.486578,92,5651.471069
101.675847,64,5651.600221
4.239566,138,5651.873191
2.938176,88,5652.049192
100.869144,83,5652.213597
2.379443,86,5652.3807
3.008069,65,5652.510406
103.460975,68,5652.645926
4.17782,63,5652.771178
4.204759,106,5652.979137
100.781262,31,5653.043838
101.388737,85,5653.215644
5.268799,75,5653.362603
2.50591,102,5664.782182
2.778335,92,5664.959893
104.595914,72,5665.102994
102.030282,52,5665.20845
2.009946,81,5665.368272
102.60179,49,5665.469402
1.489769,124,5665.711201
0.259523,101,5665.930396
5.804176,80,5666.088411
3.858836,76,5666.243765
-0.602037,108,5666.459376
4.616513,70,5666.599018
4.199577,67,5666.731534
4.703973,96,5666.925294
104.368332,66,5667.056537
100.936485,84,5667.22088
3.574942,74,5667.365973
3.083822,94,5667.553922
1.469137,86,5667.72525
104.789036,62,5667.842289
103.518638,55,5667.950723
2.420127,67,5668.082298
100.533063,72,5668.224568
101.320315,94,5668.410804
101.697588,82,5668.579981
3.320715,86,5679.97311
102.298551,72,5680.13262
100.687225,80,5680.290571
105.483462,71,5680.432926
103.961058,59,5680.546966
-0.167925,173,5680.901178
3.04684,104,5681.107745
6.150494,66,5681.240615
101.730375,57,5681.354045
0.316635,82,5681.513551
2.501227,66,5681.651952
0.869118,92,5681.835289
100.919673,54,5681.940225
2.023006,69,5682.076975
103.069524,77,5682.229853
102.20497,69,5682.365315
103.80635,68,5682.500358
101.374083,124,5682.750864
2.46266,85,5682.919543
2.043298,86,5683.087061
4.414898,73,5683.231349
104.072887,55,5683.343603
4.27333,109,5683.558142
3.032738,61,5683.685885
4.447366,69,5683.818654
2.118548,69,5683.953591
3.707857,81,5695.347804
5.213166,156,5695.655129
4.020598,62,5695.778343
101.441002,63,5695.905154
4.312651,78,5696.059653
102.145489,66,5696.193474
100.832275,81,5696.369859
0.597339,96,5696.560888
3.245459,62,5696.687694
3.958542,69,5696.825649
4.49937,72,5696.979256
2.747039,84,5697.142278
105.407219,71,5697.279376
1.041282,86,5697.448081
0.492686,96,5697.639159
5.475466,65,5697.77193
-0.171206,90,5697.947671
105.354997,76,5698.094842
102.443248,70,5698.234169
1.745571,140,5698.524128
-1.390607,105,5698.729006
-0.280291,87,5698.903992
1.403222,83,5699.071422
102.023486,79,5699.22717
0.827365,103,5710.682089
104.531083,58,5710.81311
101.587011,80,5710.970809
4.167141,68,5711.107742
0.558452,1000,5713.136939
103.796733,63,5713.268842
5.891256,67,5713.406199
3.929695,61,5713.537181
5.592401,83,5713.714679
2.148051,73,5713.870829
100.923212,47,5713.966077
0.512657,72,5714.114237
104.607894,61,5714.237309
3.000039,65,5714.365631
5.313682,71,5714.508855
1.629961,75,5714.659194
4.204539,70,5714.798114
2.581633,91,5726.171894
0.698275,96,5726.361283
4.941434,62,5726.487415
0.401557,109,5726.709492
102.176757,53,5726.81613
103.599887,58,5726.932865
1.369669,93,5727.123663
101.328147,96,5727.333709
2.503323,61,5727.455208
1.3212,65,5727.585844
102.837053,51,5727.688974
103.226935,56,5727.800396
4.926467,80,5727.962145
1.878629,70,5728.098296
2.506432,90,5728.277199
5.471916,69,5728.412614
3.462836,61,5728.53357
5.72581,78,5728.691465
2.648276,68,5728.827732
2.967691,69,5728.965289
1.625074,1000,5742.273571
2.760286,92,5742.460532
3.607499,66,5742.598382
5.676224,72,5742.73945
-0.322727,84,5742.90915
102.113651,52,5743.012753
100.577444,28,5743.07103
102.363414,73,5743.214552
4.945787,64,5743.344246
104.126605,71,5743.48537
1.117377,91,5743.663249
0.331624,130,5743.922155
0.935365,71,5744.066097
2.312377,98,5744.261003
0.94372,75,5744.41017
100.446224,88,5744.58558
1.288881,73,5744.727657
3.736868,71,5744.873977
2.778935,63,5744.998205
1.796023,102,5745.203038
3.790377,71,5745.343547
101.152773,72,5745.487297
102.711285,67,5756.820533
100.648161,43,5756.907759
101.332977,60,5757.024033
0.099367,114,5757.247808
3.389724,76,5757.39652
101.62882,85,5757.562611
3.362486,77,5757.711669
0.545184,110,5757.927883
100.343055,59,5758.041796
1.867216,86,5758.226993
101.330859,69,5758.365458
-0.215416,86,5758.534047
2.331058,68,5758.667547
103.92589,61,5758.786407
2.11279,61,5758.905062
4.183808,79,5759.059347
3.31691,66,5759.190576
3.569629,74,5759.337521
102.761461,77,5759.489395
103.30762,64,5759.613713
3.718921,71,5759.752898
1.523088,83,5759.916598
101.349457,56,5760.023678
4.604021,74,5760.169322
5.200525,63,5760.288789
4.446938,67,5760.429952
2.557539,77,5760.579439
104.861813,63,5760.703988
1.910402,69,5772.104021
100.905467,82,5772.288114
4.791592,77,5772.444483
102.558651,70,5772.590238
2.125253,81,5772.759235
103.975879,68,5772.891061
3.0922,81,5773.052766
1.676942,98,5773.244674
101.256711,58,5773.362836
1.73338,80,5773.524928
1.303205,126,5773.78038
-2.95557,121,5774.035259
3.563994,62,5774.165429
5.427271,68,5774.310282
4.53375,71,5774.45643
2.212085,72,5774.605758
2.596745,74,5774.757134
1.399155,79,5774.917114
101.697898,87,5775.092877
2.086743,68,5775.22998
1.690443,83,5775.397286
4.712453,68,5775.529808
101.495578,74,5775.67637
104.148754,54,5775.79331
101.429639,105,5776.008468
4.034616,70,5776.154841
4.317382,72,5787.552839
100.981096,107,5787.772182
1.151902,74,5787.928256
101.148297,91,5788.114206
4.302833,63,5788.241821
101.800465,76,5788.416433
103.14877,50,5788.51903
5.550338,64,5788.652124
5.685851,67,5788.789217
3.130954,91,5788.965764
101.329113,83,5789.142702
4.563402,64,5789.276432
103.378226,55,5789.389903
1.541004,72,5789.540114
3.693192,61,5789.665012
101.052035,50,5789.76929
102.311881,45,5789.863778
-0.277053,90,5790.049764
103.709102,63,5790.181386
101.503674,86,5790.349412
2.282886,77,5790.503813
4.48137,63,5790.625865
0.805759,100,5790.820443
4.535709,66,5790.950895
3.967828,77,5791.103139
1.14388,74,5791.249503
100.450009,77,5791.402309
5.054118,68,5791.541717
103.118935,60,5791.659862
0.949394,69,5802.994031
4.196797,67,5803.137491
3.063762,175,5803.482343
-2.130024,191,5803.873966
3.243913,83,5804.043555
4.960442,70,5804.180232
4.433892,67,5804.313478
4.654468,62,5804.43794
101.336358,94,5804.649684
3.280647,82,5804.816543
4.019864,67,5804.94872
0.804924,74,5805.095763
4.36715,131,5805.355522
2.18419,128,5805.611865
2.530133,92,5805.793262
105.767268,71,5805.9377
1.340014,97,5806.132254
3.033291,64,5806.259959
102.298575,68,5806.396566
2.526405,65,5806.52923
1.309857,74,5806.678674
5.130208,70,5806.819181
100.87151,105,5818.48824
4.082018,65,5818.614348
2.071797,78,5818.769024
4.4693,67,5818.920741
100.642526,80,5819.078783
1.627815,97,5819.273833
5.929339,74,5819.42489
101.953155,55,5819.538247
4.224058,65,5819.667783
1.312417,71,5819.8081
105.639897,68,5819.942273
102.518334,56,5820.053945
3.099721,83,5820.218524
4.371697,68,5820.35806
4.562527,75,5820.508644
101.336254,69,5820.642007
101.492656,87,5820.814936
103.936405,71,5820.953706
103.526057,63,5821.083009
4.450237,66,5821.221361
3.065787,97,5821.408979
2.616899,78,5821.564873
3.56868,63,5821.690736
0.515055,91,5821.873872
4.050435,67,5822.003219
1.237374,73,5822.15246
3.532569,74,5822.30162
100.859037,82,5822.465162
100.555881,88,5833.838851
2.908046,63,5833.967658
102.589944,50,5834.064613
2.928732,74,5834.20883
2.246182,69,5834.345885
2.527978,67,5834.480275
101.305427,59,5834.595974
3.964804,77,5834.750378
-0.912027,97,5834.968758
1.03648,94,5835.155463
5.548898,70,5835.294015
102.414258,63,5835.424856
1.563828,63,5835.551879
100.698664,79,5835.710763
1.454521,89,5835.887014
1.408708,70,5836.026156
1.312624,71,5836.169689
4.731774,64,5836.293744
4.454986,68,5836.432553
101.29175,59,5836.547864
102.719092,72,5836.691792
3.462255,63,5836.817381
-0.253774,100,5837.016579
3.410847,71,5837.160585
1.589501,111,5837.383083
3.061761,65,5837.513794
2.703502,63,5837.642384
5.095105,66,5837.771162
5.175706,63,5849.195836
3.771391,138,5849.466532
4.955227,67,5849.610837
4.868623,68,5849.747723
3.864593,62,5849.868511
4.585107,62,5849.990979
102.423907,67,5850.122592
3.830272,80,5850.289651
2.605978,74,5850.439797
104.023868,55,5850.549231
2.956033,71,5850.691062
2.714439,88,5850.86748
3.250234,68,5851.003643
101.493583,68,5851.140343
0.908235,101,5851.341359
101.220456,80,5851.495679
2.121733,64,5851.62595
105.185244,67,5851.753294
-0.202827,91,5851.937214
1.806371,109,5852.15304
100.563274,71,5852.291415
1.10028,67,5852.422662
-0.132638,231,5852.878204
100.165116,61,5852.996727
0.659674,64,5853.127162
-0.305641,98,5864.552864
3.303057,61,5864.674805
101.466338,87,5864.845379
101.876803,60,5864.96854
101.909781,75,5865.11683
4.938738,92,5865.302101
-0.134342,91,5865.480634
4.639793,66,5865.620866
4.534648,106,5865.828037
3.905816,63,5865.963255
100.421431,77,5866.120099
2.244557,87,5866.291255
4.062662,141,5866.569416
2.636388,65,5866.703011
1.598754,72,5866.845675
1.320517,82,5867.007996
101.338672,60,5867.127774
105.426795,68,5867.261276
0.729199,64,5867.384741
0.577614,1000,5880.612433
4.748007,66,5880.748812
3.754298,67,5880.885035
101.146355,66,5881.017541
104.068179,56,5881.130122
101.810703,51,5881.232993
3.631377,72,5881.37676
2.920452,67,5881.512435
0.744426,90,5881.694854
5.403048,73,5881.841103
3.539636,90,5882.020975
1.560004,81,5882.184026
105.31871,66,5882.313197
103.183592,66,5882.443683
3.709524,67,5882.583585
4.481856,66,5882.714787
4.920806,65,5882.847301
4.094864,63,5882.974781
-1.833505,160,5883.291863
2.906588,63,5883.418664
2.719462,79,5883.583187
101.648158,61,5883.704529
4.440699,68,5883.839289
2.003719,74,5895.210768
4.651155,69,5895.349014
4.055701,64,5895.477105
2.349347,76,5895.627733
4.51122,67,5895.763
2.315864,66,5895.89549
105.026541,66,5896.027436
4.057056,65,5896.17234
3.832676,67,5896.309015
2.493075,67,5896.438522
101.946102,79,5896.595656
4.197703,68,5896.728765
3.471448,64,5896.860727
5.615518,65,5896.992093
2.406379,69,5897.128334
1.496098,73,5897.275724
3.630122,75,5897.424474
3.087071,63,5897.551385
101.102563,111,5897.770948
4.768322,64,5897.901612
1.500843,83,5898.069884
1.479022,137,5898.343909
1.953391,69,5898.477562
5.232801,66,5898.608406
105.873521,66,5898.736659
2.797211,71,5898.879857
100.967531,78,5899.030442
0.808439,76,5899.184112
1.750117,89,5910.562264
101.65153,84,5910.728856
5.591855,63,5910.855833
1.939148,83,5911.028596
3.737039,101,5911.229415
2.595322,63,5911.357995
0.326554,94,5911.549291
5.204839,65,5911.688184
102.739422,47,5911.778837
1.761331,75,5911.925699
101.994451,60,5912.046467
3.630217,67,5912.17944
4.523963,66,5912.309104
4.090376,86,5912.493244
0.629443,66,5912.623205
2.465644,82,5912.782721
4.223091,87,5912.954011
4.510131,66,5913.086116
102.384341,50,5913.198645
102.25982,71,5913.341511
5.222252,65,5913.469592
5.175457,63,5913.602745
2.408608,69,5913.740293
1.36822,90,5913.916176
1.041194,78,5914.070563
4.911798,85,5914.254076
1.24066,100,5914.450633
103.356118,52,5914.5518
102.626287,74,5925.876234
3.908397,96,5926.068043
5.015585,79,5926.223629
100.799746,76,5926.371631
2.43843,60,5926.505417
103.581664,69,5926.642418
4.141392,62,5926.765426
2.842646,61,5926.886558
3.202212,72,5927.027517
-0.564353,59,5927.143322
2.875959,93,5927.327379
2.812868,61,5927.455163
1.946327,82,5927.617443
4.435417,63,5927.744011
1.246624,80,5927.905566
5.999374,77,5928.070813
103.264577,50,5928.171623
102.027414,64,5928.298894
4.563255,83,5928.464714
0.82118,81,5928.622784
1.274818,66,5928.757811
2.231104,84,5928.929123
4.373257,69,5929.069334
103.472479,55,5929.177678
2.178167,69,5929.313925
3.945733,66,5929.446731
2.875639,61,5929.571547
1.486331,98,5929.775899
101.227543,92,5941.130665
4.188103,80,5941.291294
2.367627,152,5941.603512
5.197349,63,5941.739563
1.012241,115,5941.96364
2.930429,68,5942.095017
2.143861,68,5942.232665
104.399367,59,5942.345142
100.467146,53,5942.452131
104.688089,69,5942.585869
4.435087,73,5942.734247
4.524173,83,5942.899071
3.175172,72,5943.043205
3.246238,69,5943.177317
1.557783,99,5943.379002
101.732753,91,5943.560112
104.62336,62,5943.681612
100.584081,46,5943.772819
104.359235,73,5943.920532
3.941261,67,5944.056202
101.812365,61,5944.178227
101.1001,57,5944.292644
3.413257,61,5944.413386
101.356801,76,5944.563476
5.616329,69,5944.700019
4.424613,61,5944.821748
3.438012,81,5944.982821
2.48442,65,5945.107574
4.388702,65,5956.486062
3.676762,65,5956.623607
5.206996,70,5956.76784
1.060531,96,5956.960196
0.150576,113,5957.185503
3.516763,63,5957.311124
100.293715,61,5957.432824
102.303869,78,5957.601647
1.453188,70,5957.746544
3.263406,75,5957.904302
1.484376,66,5958.043602
104.997108,68,5958.186255
0.486212,78,5958.349663
5.396331,64,5958.480644
-2.020759,230,5958.950025
4.94892,66,5959.08693
1.413009,73,5959.229337
4.916598,70,5959.366699
4.233285,63,5959.491458
-2.087882,120,5959.724624
-2.089609,131,5959.98417
2.147503,87,5960.1546
0.876874,1000,5973.392533
0.965452,73,5973.542789
3.887671,89,5973.72363
1.351663,80,5973.887987
101.309506,106,5974.0974
100.999337,77,5974.249566
105.14262,61,5974.372029
101.677655,52,5974.475669
2.332318,84,5974.647062
101.045495,82,5974.80975
102.04471,45,5974.901659
5.023165,64,5975.033623
0.997798,76,5975.186865
3.79962,75,5975.340225
2.597544,68,5975.473681
3.84931,80,5975.639828
3.914287,69,5975.776555
101.360534,98,5987.148674
0.631322,82,5987.325534
1.602691,91,5987.506071
100.866127,65,5987.632714
3.456205,79,5987.790481
2.671708,95,5987.981002
1.375925,75,5988.13909
3.069856,75,5988.28371
102.615471,75,5988.432324
101.626682,44,5988.524362
5.237211,63,5988.646135
104.709418,71,5988.792142
102.183412,59,5988.911212
104.22824,59,5989.028422
2.265725,83,5989.193557
2.866628,74,5989.339477
100.584726,60,5989.460701
0.850988,79,5989.616847
3.343829,75,5989.776113
104.383579,66,5989.906274
103.280472,67,5990.038279
1.869381,70,5990.18515
100.950646,59,5990.29691
101.434564,80,5990.457847
2.557385,72,5990.597185
4.175963,71,5990.742421
101.811954,71,5990.886786
2.579354,130,5991.143192
101.110709,77,6002.51324
3.097823,67,6002.644316
5.095376,63,6002.767896
2.417252,72,6002.907784
4.568187,63,6003.036216
4.49201,66,6003.164908
3.523126,75,6003.314007
0.042244,110,6003.56397
100.420546,24,6003.607573
2.4987,70,6003.746279
105.522965,67,6003.877601
101.271574,73,6004.015468
2.360915,60,6004.133006
6.069155,65,6004.261219
2.878407,101,6004.461566
3.353258,96,6004.648876
5.032227,71,6004.791756
-0.042619,125,6005.039644
2.300774,84,6005.205332
2.071939,119,6005.44123
3.475673,63,6005.565509
2.69998,86,6005.736452
101.355025,81,6005.901532
2.583265,77,6006.056551
0.717219,87,6006.225677
2.996996,75,6006.37316
2.464155,84,6017.833858
0.675353,108,6018.061506
-0.097933,106,6018.266905
-0.415998,82,6018.43029
1.624437,70,6018.574445
-1.648322,549,6019.66784
100.778752,79,6019.82474
0.486246,109,6020.048762
-3.12376,298,6020.633953
101.335837,61,6020.752391
1.887665,65,6020.882556
3.31344,63,6021.01052
3.507564,70,6021.148974
3.218479,73,6021.28951
2.750599,70,6021.431862
4.697358,65,6021.561535
2.88256,69,6021.697013
100.501091,71,6021.834623
0.346902,115,6033.285598
104.52115,61,6033.402395
4.067254,77,6033.554818
1.634174,74,6033.701392
3.921411,73,6033.84567
1.917844,68,6033.993757
101.737193,63,6034.125486
105.806851,75,6034.267928
0.311843,115,6034.496044
101.273733,115,6034.718592
101.220705,79,6034.874637
102.647333,47,6034.970216
101.388449,93,6035.155808
2.447689,74,6035.301699
0.592771,97,6035.492183
2.497775,67,6035.620284
101.897728,44,6035.707675
102.030208,77,6035.861274
101.460532,53,6035.964961
101.968965,63,6036.088305
2.100434,69,6036.230513
102.910435,53,6036.332921
4.052669,96,6036.522618
-0.232329,182,6036.875307
4.205498,66,6037.008059
3.560168,121,6048.490558
1.798219,63,6048.628146
100.749903,239,6049.090202
102.961494,61,6049.207819
104.404118,56,6049.31862
101.233044,84,6049.503963
102.479193,63,6049.625064
2.218897,65,6049.752549
4.971426,78,6049.901174
0.706192,89,6050.07739
2.550824,76,6050.225654
2.106082,85,6050.388535
1.268797,75,6050.534158
104.034437,72,6050.690244
103.865895,54,6050.794451
1.583557,83,6050.965122
4.566541,64,6051.099422
2.588937,62,6051.229061
101.158628,78,6051.392015
101.21131,89,6051.576597
5.154249,65,6051.711816
1.988455,93,6051.905767
3.706783,85,6052.083154
102.748692,50,6052.187863
3.256717,65,6052.324197
4.419646,68,6052.469043
3.490038,79,6063.977491
101.364696,51,6064.087623
4.308487,72,6064.235531
100.579444,64,6064.369613
101.175757,59,6064.509558
4.114479,98,6064.716509
101.947127,57,6064.836917
1.093388,79,6065.008044
0.760577,74,6065.166923
104.725303,62,6065.294598
103.725023,68,6065.437041
3.20119,62,6065.561187
1.954571,71,6065.706533
100.790539,68,6065.851509
101.351616,83,6066.027128
103.800133,58,6066.149555
101.064821,61,6066.277518
2.537369,78,6066.439687
4.620808,73,6066.591124
4.34232,69,6066.731585
0.476318,77,6066.891196
102.177158,73,6067.040488
5.025008,66,6067.177531
2.2873,88,6067.355829
4.798088,65,6067.487968
102.934081,53,6067.597981
4.164303,64,6067.727948
3.725788,62,6067.856014
1.405482,76,6068.010596
2.932873,74,6079.736371
2.185332,70,6079.880115
4.500278,66,6080.016785
101.630703,71,6080.164796
1.100493,87,6080.346481
3.91831,73,6080.498626
5.718502,76,6080.657313
0.998896,70,6080.80754
4.561677,67,6080.946863
3.347898,65,6081.080235
2.054707,96,6081.292357
106.178875,71,6081.440016
102.441603,46,6081.535057
1.396229,97,6081.738258
1.491446,85,6081.915134
102.314403,44,6082.005646
101.495031,85,6082.179227
2.605777,68,6082.315896
3.987639,72,6082.468091
3.718433,68,6082.611102
3.886957,70,6082.755224
1.725698,83,6082.925922
2.271641,111,6083.157255
1.212453,132,6083.429389
103.495929,58,6083.544088
3.142422,78,6083.704876
2.399181,118,6083.959994
102.437049,47,6095.230272
1.584734,66,6095.366586
101.245568,86,6095.540068
1.498401,87,6095.720191
100.743805,66,6095.858407
101.403699,75,6096.011614
3.547961,68,6096.154799
1.303991,72,6096.3163
104.501325,58,6096.436185
3.791164,65,6096.572133
5.29081,61,6096.702839
4.418425,67,6096.848742
3.642456,66,6096.988358
101.097028,76,6097.146089
100.976449,75,6097.307129
4.767793,68,6097.444035
100.167956,68,6097.583186
2.589182,86,6097.762725
3.001569,65,6097.890989
3.721575,80,6098.048992
0.600683,103,6098.25379
103.372594,55,6098.367812
4.49163,68,6098.501181
0.274914,78,6098.657224
2.256306,73,6098.809144
103.445214,59,6098.928123
2.077311,61,6099.048907
103.131997,66,6099.180234
101.159998,42,6099.266539
101.412887,64,6110.600142
101.391913,55,6110.71236
1.720027,126,6110.981648
2.796292,69,6111.123218
2.589869,66,6111.267
103.191901,69,6111.407292
101.155869,114,6111.648459
1.98096,65,6111.792323
4.258666,79,6111.956798
3.227712,63,6112.082928
2.057242,68,6112.220139
1.326534,103,6112.424659
0.820249,62,6112.546386
100.747138,398,6113.342772
103.894894,72,6113.49103
101.256627,68,6113.623688
4.936562,74,6113.771142
102.223082,84,6113.940529
3.982291,74,6114.087124
3.499404,73,6114.241446
3.068061,65,6114.371388
2.971136,92,6114.555748
0.880688,89,6114.733319
4.831843,63,6126.084697
1.058219,128,6126.3368
2.06241,62,6126.462281
104.212365,70,6126.603928
1.082031,108,6126.819176
104.880633,60,6126.952593
100.250152,60,6127.076907
3.502611,70,6127.218349
2.754397,66,6127.350627
1.628041,61,6127.472764
2.545076,101,6127.670979
2.250376,78,6127.823972
3.541308,66,6127.955916
4.567594,77,6128.113673
4.646186,67,6128.250253
102.038881,62,6128.372606
1.214968,80,6128.534354
5.426663,99,6128.731537
4.439181,149,6129.029663
1.597167,129,6129.285025
3.035383,71,6129.423457
2.502868,66,6129.555573
105.23324,71,6129.697238
1.398501,99,6129.892548
1.597921,78,6130.052179
5.0841,73,6141.393685
2.134536,67,6141.525392
3.699107,62,6141.649625
102.195683,74,6141.813566
104.34672,65,6141.942155
3.23383,75,6142.091235
101.570638,65,6142.2176
2.509191,71,6142.358403
4.610204,77,6142.509617
101.537603,54,6142.614928
104.585973,70,6142.752091
1.730968,108,6142.967377
101.750719,129,6143.226207
1.781091,69,6143.36194
100.904833,75,6143.508608
1.934973,71,6143.645214
0.394418,105,6143.856488
4.325281,68,6143.989961
3.368133,61,6144.109082
3.820467,106,6144.335406
3.274132,70,6144.475036
101.254321,122,6144.713284
101.871088,55,6144.82292
103.342452,59,6144.940819
100.536248,64,6145.06639
100.438902,86,6145.236418
4.051003,62,6156.626736
2.484943,84,6156.808677
4.082787,79,6156.9685
104.052722,76,6157.11819
5.24927,63,6157.243143
100.327399,51,6157.343459
101.179282,66,6157.472531
101.795931,76,6157.624015
-1.585387,441,6158.494703
101.757483,78,6158.649827
1.855621,101,6158.850017
1.388571,65,6158.981712
1.270347,106,6159.188758
102.791079,69,6159.324943
3.046765,98,6159.51524
4.087099,66,6159.647155
3.303157,78,6159.802753
101.063859,76,6159.954704
2.423459,83,6160.119758
0.952327,156,6160.435927
4.0937,106,6160.64656
-1.995632,117,6172.131563
3.908238,87,6172.305037
0.375016,94,6172.493091
2.99576,77,6172.65171
3.721967,70,6172.791378
2.795889,76,6172.954578
5.061658,63,6173.078613
100.897129,50,6173.177485
1.371424,102,6173.393542
0.503386,65,6173.521268
104.243699,61,6173.652122
1.504732,99,6173.845982
3.110602,62,6173.967244
3.387721,101,6174.167117
1.903542,69,6174.306125
102.631553,58,6174.422265
3.829582,67,6174.554572
-0.074375,91,6174.735633
1.383625,81,6174.898204
4.233131,68,6175.033649
1.588893,67,6175.168704
101.431647,119,6175.398472
0.946551,67,6175.530041
1.210007,73,6175.675019
2.917683,85,6175.847039
0.88836,64,6175.974618
100.616269,59,6187.294374
1.783831,90,6187.467697
2.220387,82,6187.627719
4.128529,74,6187.785058
4.540422,68,6187.929076
101.780708,67,6188.059148
1.064807,111,6188.289086
4.507768,61,6188.41407
1.515118,80,6188.571304
3.733997,67,6188.702588
3.992934,75,6188.851654
3.294247,60,6188.971379
105.998904,65,6189.099824
102.708692,65,6189.23122
2.170945,91,6189.411081
4.197155,68,6189.546853
104.631297,60,6189.665782
3.051462,61,6189.787148
2.904009,81,6189.949805
2.866741,68,6190.082585
5.144374,63,6190.208173
-0.71817,64,6190.334586
104.501235,56,6190.447136
102.431546,66,6190.580217
3.113303,67,6190.712318
0.653599,107,6190.924
1.976155,121,6191.168001
-0.438054,102,6202.592542
101.606883,142,6202.870245
5.263837,68,6203.005196
3.118439,97,6203.201484
101.444249,85,6203.385258
3.684189,68,6203.521553
3.381676,80,6203.678902
100.857679,84,6203.844746
1.703874,68,6203.979599
2.209855,61,6204.103241
101.032294,99,6204.298201
3.339585,63,6204.424071
4.319022,68,6204.555743
2.539222,66,6204.693185
101.365975,85,6204.863111
2.66324,77,6205.016147
0.523469,82,6205.180517
2.165698,78,6205.330926
2.637748,64,6205.45844
2.19141,66,6205.5889
4.37692,62,6205.712158
3.947093,65,6205.840979
101.402348,75,6205.988775
2.767642,70,6206.127013
5.366754,66,6206.257475
4.894745,87,6206.427358
0.406897,79,6206.583938
3.167957,92,6217.971521
3.112261,78,6218.140507
0.005186,111,6218.357432
101.197005,45,6218.446109
104.194638,56,6218.565693
0.235764,1000,6220.566991
100.712861,70,6220.704484
2.667729,77,6220.853649
2.632507,86,6221.025013
-0.64215,152,6221.338369
3.414991,96,6221.528813
101.553624,82,6221.694228
3.206788,113,6221.918778
2.650928,69,6233.299675
4.823215,69,6233.436612
3.644244,63,6233.562362
100.863802,74,6233.717044
0.560031,100,6233.930248
101.925757,74,6234.077362
1.566346,76,6234.244423
2.25492,114,6234.484445
3.773877,69,6234.629882
2.519167,92,6234.817637
4.43098,67,6234.949313
1.297816,80,6235.111317
103.425784,68,6235.244651
2.209618,103,6235.459707
100.190073,115,6235.698253
2.620473,67,6235.839192
104.371611,65,6235.971502
-1.205885,290,6236.572225
5.229463,103,6236.784762
1.887007,90,6236.9595
1.253828,91,6237.137163
0.700076,75,6237.285586
100.070993,51,6237.385378
100.860753,53,6248.716767
0.553701,117,6248.9469
0.62698,67,6249.094
2.864804,88,6249.266347
2.682553,91,6249.448132
101.214054,128,6249.695032
101.158049,59,6249.810726
4.841694,77,6249.963397
1.147513,104,6250.176585
4.5441,80,6250.353776
1.536733,85,6250.532887
102.908309,48,6250.626271
3.917771,62,6250.750006
100.763727,93,6250.933506
100.847798,40,6251.014106
4.504131,62,6251.145407
101.222995,119,6251.393878
2.641101,68,6251.534954
3.228834,74,6251.686684
103.606252,67,6251.826658
101.725565,67,6251.964308
100.658999,36,6252.04487
-2.170681,116,6252.284675
3.837868,68,6252.424447
3.74092,82,6252.595939
3.585855,75,6252.749073
3.985472,65,6264.15302
2.341799,77,6264.322067
0.305455,69,6264.463271
2.587768,76,6264.621402
4.510649,66,6264.755796
4.096005,66,6264.894356
2.303239,67,6265.032281
4.401353,64,6265.166616
5.167394,80,6265.330976
2.229383,100,6265.54042
-0.094169,167,6265.882988
4.953926,85,6266.053782
4.660827,64,6266.175582
2.166551,74,6266.323033
4.117502,64,6266.449945
2.480021,111,6266.674037
0.682367,74,6266.823276
100.659035,85,6266.991026
4.563545,75,6267.141028
100.819938,87,6267.317729
5.11072,69,6267.454992
4.86791,63,6267.581652
2.621813,77,6267.732603
102.123632,73,6267.879059
100.627022,79,6268.036522
3.72092,62,6268.160016
