#{"t_start": 1759995047.1934144, "env_id": "CustomLunarLander-v0"}
r,l,t
-0.614628,107,0.794247
-0.619122,128,1.037066
-0.263994,98,1.223486
-3.103807,100,1.407531
0.511257,95,1.583871
-1.100024,80,1.730459
-1.509965,92,1.923248
1.524658,112,2.140757
-1.983715,95,2.322885
-2.395089,117,2.544119
0.133695,120,2.786621
-3.389492,81,2.947118
-0.818154,103,3.146085
0.037906,84,3.313001
-1.808984,90,3.490569
0.279988,105,3.713197
-1.075424,102,3.918675
-1.71228,102,4.11579
-2.288952,93,4.291359
-2.65383,164,15.661548
3.328669,76,15.827238
-0.031233,104,16.034672
-2.572515,129,16.289923
0.622358,98,16.478351
2.087246,88,16.650215
1.875892,106,16.855204
1.918177,93,17.036197
0.113952,112,17.252571
0.388943,97,17.436906
0.821234,112,17.653713
0.787753,100,17.848888
2.813953,105,18.048306
2.05609,82,18.206532
2.074039,99,18.393684
2.589507,100,18.588259
2.732562,88,18.755558
0.743109,94,18.936546
0.600817,108,19.148525
-0.967145,107,19.360419
-0.066125,112,19.585323
-1.197082,99,30.754946
1.529311,88,30.928622
3.361746,98,31.125398
-0.873399,94,31.313797
0.064641,102,31.52151
1.922618,116,31.754997
2.532859,92,31.955236
3.246189,105,32.16922
2.690066,85,32.340474
0.41394,79,32.498834
2.435924,112,32.727649
2.225097,107,32.942742
2.508163,92,33.131922
1.95557,87,33.30622
3.979588,82,33.468424
2.080548,90,33.646293
1.816694,81,33.808794
2.069378,86,33.986207
1.253849,89,34.155853
2.834593,84,34.315533
1.728889,104,34.514396
1.946967,129,45.821272
2.606724,90,46.018647
1.537226,101,46.220915
3.350653,91,46.404714
2.865764,93,46.592597
1.805294,104,46.805027
-0.314101,99,46.991215
3.249315,103,47.18576
3.372247,76,47.33309
-1.533902,103,47.530849
0.889002,96,47.715148
2.894216,82,47.869615
0.57081,88,48.037883
0.792078,106,48.239951
1.552717,89,48.41121
-0.663837,101,48.603288
4.629482,90,48.777395
1.596054,86,48.941248
-0.438299,100,49.1358
0.273807,82,49.295293
1.226039,89,49.463046
2.105596,83,49.620211
1.170853,93,60.792843
0.061474,101,60.992363
2.375906,87,61.162647
1.17934,82,61.327175
4.017589,83,61.490566
0.112527,93,61.671062
2.048593,80,61.829732
5.241525,87,62.013848
2.003928,78,62.165342
4.626822,75,62.31354
-0.367343,113,62.533407
4.399225,79,62.689732
0.83741,79,62.844109
0.814934,77,62.995166
3.881324,84,63.161592
1.167165,83,63.325942
1.152543,92,63.509375
4.529477,83,63.673663
0.940986,86,63.856875
-0.600755,108,64.070279
2.022999,77,64.219439
2.541438,80,64.376188
2.318372,83,64.538623
0.938051,71,64.677847
1.609225,81,76.070445
-0.172001,85,76.237828
1.063161,82,76.394818
2.874668,85,76.56031
0.956524,81,76.718029
-0.271096,92,76.897826
102.65055,67,77.028124
1.658686,86,77.197273
3.576772,92,77.392899
1.476563,76,77.535727
3.237216,87,77.705372
4.231093,88,77.878407
-0.43433,93,78.057821
0.320673,89,78.231343
0.85496,90,78.406353
0.275662,89,78.579035
1.40847,81,78.7357
3.122641,95,78.921928
0.137456,105,79.138961
4.628669,75,79.283115
0.534687,105,79.484424
-1.758741,101,79.684724
0.56948,89,79.857441
4.171694,76,80.001925
1.031371,94,91.188567
1.474376,80,91.344888
2.74322,86,91.512217
3.189072,70,91.653952
3.40632,79,91.810874
0.134678,95,91.998244
0.662565,120,92.238098
2.321291,88,92.413299
0.802009,95,92.604401
3.011123,75,92.747414
0.891563,86,92.915133
2.162244,78,93.068846
-0.11304,92,93.252411
2.576659,78,93.403422
1.912047,73,93.550711
3.126157,77,93.709544
0.1755,102,93.911999
2.71698,85,94.079526
4.495433,84,94.246689
0.300192,87,94.418661
3.524438,84,94.586952
3.765922,79,94.743001
0.703221,98,94.936699
5.230616,89,106.150888
0.788559,83,106.326373
0.658658,89,106.502741
0.970456,75,106.652114
2.095381,71,106.795047
5.309388,87,106.967153
2.106182,73,107.116508
0.100766,85,107.289321
1.762317,88,107.467648
5.033003,82,107.631413
1.205888,74,107.777673
-0.177354,130,108.03411
4.301498,88,108.212886
0.002935,94,108.400358
-0.032569,91,108.586909
-0.169766,109,108.803431
3.480867,77,108.957494
1.465778,93,109.139959
-1.392464,145,109.432642
3.436266,72,109.577177
1.479096,80,109.7337
-0.326967,97,109.942151
2.901606,78,110.099034
1.055505,79,121.262453
3.305598,81,121.425135
0.195566,93,121.612848
3.106144,75,121.759121
1.11789,83,121.940068
0.823127,90,122.122173
4.910916,72,122.265598
-0.969679,130,122.527702
2.605007,94,122.716887
4.051781,77,122.869759
2.574692,71,123.012306
4.479363,76,123.164577
4.903991,78,123.323261
1.219433,79,123.481427
2.769741,87,123.669185
0.37952,91,123.851382
0.341685,88,124.031626
5.075463,77,124.186668
4.808397,86,124.361286
4.711708,77,124.518301
1.190707,97,124.714408
1.185023,89,124.899652
4.204499,81,125.08062
1.948766,73,125.224001
-0.214054,121,136.522781
2.982596,71,136.665431
4.894867,76,136.814485
2.782556,69,136.971843
3.470841,85,137.140857
3.589552,68,137.276502
-2.461616,130,137.535378
2.019006,72,137.676541
0.877591,79,137.829002
3.258978,80,137.987606
4.117426,80,138.145607
0.556178,99,138.345633
1.362263,74,138.492996
-0.741269,126,138.761157
3.832721,66,138.890677
1.683313,80,139.048085
0.726227,97,139.238604
1.164811,76,139.385875
1.126092,91,139.564463
2.109349,76,139.713601
0.872014,74,139.865582
0.141738,96,140.063888
0.551125,80,140.221445
2.825045,70,140.358239
2.173706,72,140.498708
-0.475028,109,151.774034
1.00517,72,151.908618
0.649344,84,152.073146
4.227006,67,152.199808
5.425225,72,152.338062
1.270341,86,152.506289
3.389194,72,152.644766
2.198744,81,152.81046
3.737532,75,152.958844
4.587144,80,153.116226
3.437832,71,153.254139
100.0,1,153.256646
4.398039,65,153.385866
2.174111,73,153.532424
-1.162475,140,153.809017
2.388838,76,153.9571
3.293915,72,154.099699
-0.438558,95,154.285568
-0.250455,91,154.461258
1.099502,89,154.635885
0.325721,119,154.871729
3.196198,76,155.021562
-0.040236,93,155.204441
3.203181,92,155.385956
3.068304,74,155.532693
-0.782768,119,166.772015
4.998969,74,166.919128
2.843234,74,167.064293
0.521815,87,167.237049
2.600131,74,167.387185
0.996998,85,167.555352
4.74166,79,167.714186
3.024382,83,167.882827
2.641102,70,168.022392
5.008827,75,168.172787
4.508519,71,168.327147
2.263608,71,168.470345
2.722769,76,168.623659
-0.344899,110,168.844924
3.585552,76,168.9927
2.743879,75,169.142117
-0.542831,95,169.333481
-0.518624,104,169.539334
5.213713,70,169.680545
1.386186,94,169.865927
0.824548,84,170.046689
1.264869,76,170.199798
4.077688,83,170.365067
0.298593,86,170.531541
2.50445,81,170.690958
2.870675,79,181.885148
1.199125,88,182.054737
-0.438072,97,182.245775
4.723909,78,182.398895
3.067561,71,182.538292
-0.301387,127,182.783566
2.046676,72,182.928411
1.798481,73,183.068906
3.658685,69,183.203404
3.537634,72,183.358866
3.143503,76,183.508728
1.207322,106,183.717199
3.876663,80,183.87351
4.922844,78,184.027658
3.755606,71,184.170499
0.445902,83,184.332675
4.478408,82,184.496941
0.888567,77,184.648477
2.763768,87,184.817614
1.702119,91,185.010078
1.618719,77,185.162772
1.959152,79,185.316431
1.545485,81,185.474796
2.082727,71,185.613528
2.220454,79,185.767465
2.396105,94,196.93857
1.541913,81,197.101031
4.537199,74,197.250447
100.569854,97,197.441966
102.927151,60,197.560482
2.953607,85,197.729529
0.973049,77,197.883584
0.943313,90,198.064396
1.705661,71,198.205547
3.746187,76,198.370528
2.705416,75,198.522631
4.298335,73,198.667464
2.996445,71,198.808942
4.804376,73,198.957238
0.929536,86,199.128203
0.821849,94,199.314702
4.611923,67,199.450488
2.613996,75,199.600144
4.23792,78,199.77295
0.821868,97,199.967501
3.42398,76,200.117893
3.09221,71,200.257102
2.33736,79,200.411422
5.158002,77,200.564409
4.536022,70,200.703083
3.353501,76,200.855645
2.787234,70,211.999639
1.069522,80,212.155849
-0.27958,99,212.350848
0.789011,85,212.519868
0.639039,81,212.68663
2.238356,72,212.826339
2.204192,71,212.9638
1.927888,79,213.11913
-0.377145,92,213.300088
2.178635,70,213.440338
1.094419,72,213.595371
2.136017,91,213.774598
2.311063,77,213.927233
3.528232,73,214.075816
5.097654,70,214.21311
3.100354,71,214.354874
2.552326,66,214.493098
3.078833,78,214.649868
103.561918,63,214.775345
0.37351,115,215.007073
3.837611,73,215.175205
3.279491,73,215.323732
4.078157,71,215.465326
101.004531,86,215.639682
3.444166,76,215.790316
2.276703,81,215.955049
2.512651,86,227.296213
2.289298,79,227.465827
101.962538,59,227.584913
103.859905,64,227.710241
4.700311,93,227.897947
0.423646,87,228.074507
1.900782,70,228.211156
2.535902,77,228.369699
4.382717,70,228.511452
-0.260649,110,228.732668
4.566847,80,228.890734
4.545281,71,229.034423
3.494089,71,229.177218
3.28848,72,229.316357
0.37711,155,229.629127
3.500257,71,229.766715
4.808697,68,229.905246
0.552882,109,230.11963
0.668088,112,230.345046
1.580517,87,230.518394
1.713285,69,230.657364
0.581889,90,230.837013
3.916176,84,231.001736
-0.372627,113,231.224523
4.566316,80,242.490833
5.337834,67,242.62428
0.559977,83,242.791534
5.052229,66,242.921836
3.218978,75,243.069063
0.495487,80,243.226039
4.226224,72,243.370285
-0.078819,85,243.556752
1.099525,92,243.740761
3.859729,66,243.871814
0.858787,96,244.059427
2.007053,70,244.194394
0.188966,88,244.364426
2.572434,70,244.502632
1.652853,73,244.647435
-0.349634,145,244.930835
2.920353,72,245.069918
2.144575,71,245.22087
5.780895,69,245.359931
-0.565451,155,245.663349
4.124057,79,245.819932
-0.853485,114,246.046128
2.68999,86,246.22013
3.419788,64,246.345459
-0.226722,83,246.513944
2.515507,65,257.707062
0.85805,74,257.854183
2.7719,67,257.990196
3.446911,71,258.128997
1.910841,68,258.266558
3.191293,70,258.405905
2.791636,66,258.537104
3.26926,71,258.680702
5.094464,1000,260.721004
2.9101,67,260.855261
4.727556,73,260.998748
2.106021,70,261.134479
3.666088,95,261.319033
1.416609,75,261.466246
0.709719,86,261.647352
4.671294,74,272.879811
1.967026,79,273.035828
0.529276,85,273.204428
1.04598,72,273.346327
0.186024,99,273.558158
3.006012,70,273.698849
3.12984,66,273.831913
3.971685,78,273.987436
4.771032,72,274.130289
0.271016,108,274.347158
0.626668,78,274.506355
5.412908,70,274.648104
-0.232163,129,274.908484
3.466656,77,275.075583
2.265345,70,275.21894
1.619659,83,275.382141
2.348225,68,275.520924
5.132567,70,275.663964
-0.692783,102,275.868424
0.942442,74,276.014046
0.70419,134,276.279478
3.254177,89,276.474423
4.467278,72,276.617121
4.041,75,276.767544
-0.887068,254,288.345407
1.791263,72,288.485939
1.028601,92,288.667431
1.998518,67,288.799156
0.518177,84,288.967191
-0.174285,235,289.434523
1.034944,121,289.67609
1.049483,80,289.83557
2.893321,86,290.007435
2.913102,80,290.169282
2.621414,76,290.338321
2.657102,72,290.497318
3.917425,86,290.675471
4.413225,69,290.815377
2.228485,76,290.966358
3.74162,72,291.123881
2.002434,78,291.278852
4.316238,68,291.417383
2.431913,70,291.561229
1.638158,80,291.716429
2.85414,65,291.848269
0.410682,76,292.00225
2.254093,72,292.144634
0.29808,80,303.798599
4.311539,74,303.946122
5.049567,69,304.078767
5.214532,66,304.2081
1.259783,82,304.371682
3.584185,73,304.514192
0.938895,96,304.72085
0.526346,77,304.875958
0.406818,80,305.0346
3.674981,64,305.160864
3.522147,68,305.295343
3.271271,67,305.428961
-0.544705,97,305.622648
3.141574,67,305.754318
1.912593,92,305.93563
3.357294,88,306.10867
4.083344,74,306.256104
4.234475,72,306.425805
1.557885,81,306.608061
1.95954,70,306.752825
2.677579,72,306.896545
2.152705,70,307.039588
2.863845,69,307.17945
3.749848,69,307.319283
3.147872,75,307.471101
4.149026,67,307.603837
4.839473,69,307.749024
2.340519,65,319.575299
2.058691,68,319.707237
-0.300153,120,319.942398
0.179621,123,320.193361
5.007177,69,320.33493
4.738982,66,320.462715
5.137874,70,320.603755
-0.077027,107,320.816028
0.455881,113,321.038473
3.082544,71,321.194633
-0.607117,92,321.375268
0.100998,125,321.620932
0.380459,113,321.835696
-0.149143,83,321.998596
5.076612,75,322.147977
3.718536,70,322.284298
1.84912,75,322.448214
0.895284,69,322.580626
3.949814,69,322.718523
1.731965,76,322.86842
1.24652,82,323.027168
0.362388,93,323.208633
0.817084,79,323.370785
1.316336,118,334.72651
4.702905,68,334.871646
3.57792,65,335.000153
-1.208487,153,335.294679
3.977496,67,335.425628
5.391093,70,335.563585
3.820128,69,335.69473
3.611806,73,335.839876
1.770607,88,336.010527
2.981576,68,336.143075
4.080114,62,336.2622
5.271782,71,336.403262
1.516757,75,336.555258
4.652991,86,336.734678
1.788836,89,336.909226
5.427687,67,337.039146
0.517986,96,337.226181
3.060019,77,337.375816
1.883313,75,337.520932
3.477114,67,337.651866
4.845881,68,337.78754
1.654206,78,337.943083
2.780504,72,338.094022
1.54304,80,338.246509
0.639465,95,338.432944
4.210077,83,338.595043
0.169026,82,349.769194
102.539312,71,349.905482
4.326736,66,350.035917
3.135485,68,350.169561
0.222861,105,350.386546
2.647325,71,350.549075
2.917403,67,350.681598
5.515201,78,350.83782
1.838127,72,350.979548
0.8138,90,351.156981
0.889485,77,351.307941
1.451645,83,351.472535
5.506777,67,351.603422
1.328339,89,351.779566
1.10858,79,351.935285
4.127719,70,352.085863
-0.153696,129,352.333355
1.129088,75,352.478954
4.636356,83,352.64172
2.569405,71,352.780876
3.767719,77,352.932096
4.899213,71,353.071757
5.116848,71,353.210047
0.748897,77,353.371142
1.067594,87,353.547363
0.872792,165,364.902272
0.979759,98,365.098703
0.923389,75,365.243682
0.592513,105,365.448152
4.542767,71,365.586912
4.192718,75,365.735096
0.989478,74,365.899552
3.846656,70,366.048159
2.64019,71,366.192878
1.255938,74,366.339435
3.475978,66,366.47093
100.375085,66,366.600673
2.975878,74,366.745641
3.046308,66,366.873112
0.045954,84,367.047155
3.059579,64,367.179659
3.039708,67,367.319173
0.936031,97,367.514263
2.874972,66,367.664606
-0.381177,118,367.908981
4.298696,67,368.046061
3.855226,71,368.189976
3.526404,72,368.337933
4.223494,70,368.478739
3.028669,70,368.623368
0.455319,104,368.840402
2.219796,68,368.99168
1.18447,103,380.235884
1.42489,76,380.391226
3.69358,67,380.525885
3.910197,75,380.676027
0.810398,85,380.845005
3.468753,78,381.001366
2.253222,70,381.15304
3.69472,67,381.2874
1.839373,68,381.434662
0.953493,89,381.609308
3.360618,66,381.741174
3.143727,85,381.906186
1.500989,73,382.04778
2.648758,67,382.179765
3.851862,67,382.312244
2.156443,76,382.460578
3.663064,69,382.597174
2.956726,72,382.747794
0.16938,133,383.021594
0.621186,111,383.243574
4.133538,66,383.374558
2.976421,81,383.533063
3.216662,65,383.663684
1.633203,76,383.81303
1.738536,89,383.988616
1.477949,77,384.13935
2.169867,76,395.351131
1.190831,74,395.50473
2.84982,68,395.646727
-0.156959,96,395.842203
-0.486301,112,396.071491
3.788047,68,396.206108
0.970026,79,396.36342
3.136851,80,396.521806
4.787325,76,396.673457
3.703225,66,396.804171
1.667578,75,396.958843
2.335803,68,397.09439
3.630098,69,397.247737
-1.255557,102,397.450818
100.902685,68,397.590536
-1.174164,651,398.888166
4.416129,69,399.025285
3.692012,69,399.162291
5.552037,80,399.317705
3.121001,70,410.997299
4.739025,73,411.144985
1.015863,84,411.313795
3.839305,66,411.44479
4.107391,65,411.591756
2.802293,91,411.781285
1.967685,83,411.949212
1.017631,86,412.13391
2.009234,67,412.275897
102.321613,66,412.411525
4.612898,67,412.545127
0.25592,125,412.789441
2.395764,68,412.924294
1.996262,67,413.073842
0.445737,76,413.231956
5.382134,68,413.372094
2.661312,85,413.547703
0.392072,82,413.714957
1.37229,79,413.876628
1.014123,101,414.074695
0.615305,98,414.266379
3.078108,68,414.399696
1.196731,77,414.549294
4.206186,72,414.703348
1.896819,70,414.844842
1.037835,128,426.226536
4.417389,77,426.39642
0.089887,422,427.276245
4.604374,80,427.489728
4.999562,68,427.629109
1.97065,69,427.771881
5.292749,68,427.964195
4.318112,69,428.129958
1.342978,114,428.372036
4.464519,66,428.517472
2.280247,66,428.67634
3.408959,68,428.839351
2.271795,69,428.981758
4.818711,67,429.129668
-0.112066,101,429.334769
4.196856,67,429.483945
0.252607,84,429.64856
1.286185,78,429.808079
4.739025,70,429.965731
2.036658,70,430.105149
1.093616,82,430.283123
2.060733,71,430.433519
1.759883,68,430.567297
1.0227,77,442.524862
4.427806,71,442.661808
3.067227,66,442.791352
2.632893,69,442.932471
3.455209,69,443.08244
0.904081,102,443.290166
0.245713,73,443.437071
1.058627,71,443.586581
3.798254,91,443.773309
4.49912,72,443.921827
3.428127,66,444.055201
1.269784,83,444.225899
4.058588,69,444.369316
-0.22873,625,445.63984
0.995301,154,445.941627
101.925638,51,446.044866
2.809819,70,446.180169
1.254506,72,446.33471
-0.82867,95,446.540799
5.22385,65,457.882278
4.865717,85,458.058361
1.869753,72,458.206171
-0.158647,81,458.374321
4.143146,66,458.513439
2.528908,63,458.652573
0.854129,79,458.814653
2.343165,68,458.952794
0.747115,90,459.135721
3.678396,73,459.287175
1.360297,71,459.431048
5.730541,65,459.566455
1.150874,76,459.722502
2.425558,75,459.868299
3.332895,74,460.01909
2.243419,68,460.160844
3.717996,72,460.30394
1.19842,78,460.471592
3.263774,66,460.600731
4.788308,67,460.73345
4.811219,71,460.86987
1.29208,82,461.030034
4.143409,68,461.161776
-0.299513,88,461.333975
5.022241,66,461.461114
1.24837,69,461.597566
102.850263,56,461.705207
1.120845,71,461.842153
2.450993,74,473.008707
0.762146,79,473.170412
-0.445918,133,473.440186
1.792617,68,473.576788
5.376185,67,473.715567
2.349927,75,473.869656
1.349596,90,474.056301
4.424614,71,474.203916
4.512052,69,474.346786
1.930201,71,474.490875
5.60787,67,474.627693
-0.271568,103,474.846747
0.637697,164,475.17135
4.418308,69,475.303874
-0.353032,138,475.568882
0.553505,123,475.809196
-0.645537,87,475.979495
3.577788,96,476.175219
1.046933,68,476.31056
2.549171,70,476.46539
1.154386,86,476.630891
1.509956,79,476.782305
2.989447,82,476.942868
0.703862,94,488.747197
3.848495,68,488.880026
1.129431,73,489.020912
1.575294,80,489.174098
3.862827,67,489.304641
0.95095,69,489.441616
2.635323,68,489.585263
2.996215,67,489.719139
4.079306,78,489.870481
4.743834,70,490.011642
4.483547,68,490.144987
-0.650332,149,490.433952
1.290435,101,490.630644
-0.388938,88,490.797913
0.811015,93,490.981287
1.785632,80,491.137687
1.966281,71,491.274283
103.060878,69,491.422653
2.567186,69,491.558256
2.201408,72,491.701518
5.723743,68,491.83966
4.626939,69,491.974475
2.652149,66,492.106511
0.538218,81,492.263031
-1.381446,99,492.463823
2.106813,68,492.595381
2.290204,66,492.723285
1.241783,160,504.07239
2.748345,66,504.205032
5.645112,69,504.343142
4.992324,70,504.482085
0.477666,86,504.652147
2.41384,77,504.803528
0.735591,102,505.006876
0.171078,89,505.185628
101.32609,134,505.462449
102.892549,59,505.578819
-0.878576,121,505.813101
4.993056,68,505.945135
4.556049,80,506.102278
2.338601,79,506.258914
4.233933,71,506.397228
5.334079,91,506.575459
3.589677,78,506.729481
0.579824,74,506.876416
4.214827,67,507.009492
1.072725,80,507.165955
3.204717,67,507.297249
4.875983,70,507.43522
3.239596,66,507.563551
3.215245,68,507.694923
2.09545,71,507.832679
5.676592,70,519.015408
4.342407,87,519.192523
1.251564,71,519.355242
4.270657,98,519.552463
4.893417,69,519.686641
4.422489,78,519.844182
1.909706,86,520.015199
100.934312,56,520.126745
3.560424,62,520.247432
4.110677,77,520.4002
4.06307,74,520.547851
3.912319,68,520.682828
2.098561,66,520.814395
4.099516,72,520.957705
1.690369,74,521.128915
3.415434,66,521.259314
1.742405,73,521.407735
1.469635,74,521.554224
5.862612,73,521.696703
0.411428,135,521.958578
3.283465,69,522.096903
4.825314,66,522.226113
3.676657,66,522.355151
2.033721,76,522.507816
1.025426,120,522.745415
3.992358,68,522.892462
3.395211,63,534.057873
4.578974,63,534.186386
4.231061,68,534.318398
1.202736,108,534.538904
1.135827,85,534.709413
4.483532,69,534.846119
0.485799,1000,536.841771
2.991692,68,536.97622
5.33164,69,537.115328
2.354899,76,537.260695
1.564276,68,537.396181
0.150625,88,537.57164
4.829809,65,537.699029
1.120441,89,537.871936
0.71999,97,538.059379
0.497926,93,549.252579
2.193177,70,549.385863
0.031659,92,549.583236
0.341723,78,549.738953
100.324152,86,549.912689
1.838348,80,550.076784
5.676307,72,550.221312
0.095861,80,550.3854
2.990603,78,550.540239
0.144003,95,550.729783
101.857368,65,550.859707
1.817653,68,551.002116
2.926376,70,551.14047
1.978153,77,551.31292
1.284368,80,551.47448
2.936446,69,551.612967
0.161581,86,551.788569
3.219677,66,551.922232
1.206464,83,552.087744
5.001924,63,552.214684
0.43626,98,552.411954
4.414077,84,552.586085
2.171609,75,552.735865
5.487744,69,552.890181
5.039196,67,553.026998
1.652329,91,553.207019
-0.366978,83,564.437299
2.13943,67,564.565161
-0.666533,102,564.766827
3.475119,70,564.904082
1.808612,69,565.038127
0.712289,87,565.229769
2.16449,72,565.371535
2.914344,79,565.528642
0.082121,95,565.715647
0.885979,70,565.854718
3.884343,71,565.998727
2.434375,74,566.14428
1.86874,68,566.279323
3.549162,64,566.408394
4.178709,75,566.568219
3.411152,67,566.703933
0.901176,85,566.890029
3.975347,96,567.088737
0.441242,94,567.276265
2.598354,75,567.424344
4.343427,73,567.574127
3.09238,69,567.713645
2.417197,69,567.85149
3.253858,69,567.991207
0.538519,98,568.182757
-0.024638,89,568.357464
2.761165,75,579.605954
1.921979,67,579.737639
0.374858,94,579.928638
2.018048,71,580.071998
1.998432,77,580.224325
1.070492,105,580.42996
1.974038,70,580.571201
2.45014,89,580.767292
101.236908,119,581.006127
1.529394,72,581.149186
0.943558,72,581.297743
1.366874,73,581.442175
3.315481,69,581.583371
3.463228,67,581.719896
5.063513,67,581.854434
4.01959,67,581.989102
2.318268,68,582.124384
3.779372,67,582.257935
2.401362,80,582.416795
2.295772,68,582.550853
0.030945,139,582.831832
1.37537,78,582.987717
-0.047712,1000,596.428126
1.132871,120,596.669986
2.133331,64,596.799836
2.064093,74,596.943461
0.910576,72,597.087433
1.116807,78,597.250912
2.717974,68,597.40671
4.717679,71,597.545558
6.121714,66,597.67676
2.536329,74,597.830572
5.186015,67,597.968384
1.964381,73,598.114714
1.689435,84,598.285597
101.651616,65,598.418023
2.172259,70,598.557143
1.235925,87,598.731955
4.329549,70,598.873135
0.501952,99,599.096669
4.389812,79,599.261543
0.968324,91,610.597115
2.615106,67,610.743465
2.305559,88,610.934191
-0.564459,84,611.106642
-0.235105,168,611.482024
3.37627,70,611.63679
0.624484,86,611.8144
3.571887,74,611.967222
0.62783,75,612.121763
5.020086,65,612.254094
1.195582,72,612.405019
3.312065,71,612.556356
104.582988,62,612.679647
1.635312,87,612.857493
1.042619,72,613.004208
4.179514,66,613.13816
2.879548,79,613.298517
3.644034,67,613.434595
2.502035,69,613.573495
3.940141,64,613.709544
0.906691,78,613.866929
3.963981,66,614.001625
0.753669,79,614.166712
4.242129,67,614.309929
2.15749,73,614.456503
2.658802,75,614.607907
3.044141,70,626.147136
1.814234,70,626.31253
3.220877,81,626.481791
5.098073,73,626.633789
0.292938,103,626.847706
4.322101,66,626.980564
1.219411,78,627.137215
3.773137,65,627.274039
1.203157,100,627.475691
3.151496,85,627.64962
4.981412,66,627.786407
1.420052,72,627.938916
2.169494,64,628.084425
0.862277,82,628.252427
2.110299,71,628.398191
101.379501,58,628.521171
1.872022,74,628.675431
0.336995,345,629.366626
5.167972,67,629.498476
3.145361,65,629.628448
2.31417,70,629.76772
3.551231,67,629.902414
2.323844,75,630.075721
1.926535,74,630.229093
2.741245,68,641.667805
3.992827,69,641.81199
3.336325,65,641.945463
1.416127,96,642.1327
0.976109,73,642.277842
3.952837,66,642.421893
2.561217,77,642.573488
3.665811,66,642.712585
4.697421,73,642.858632
0.995255,91,643.036976
0.311112,83,643.204094
103.638855,63,643.334138
1.391421,89,643.520512
0.370776,111,643.751543
3.579291,78,643.912531
102.242251,63,644.040762
1.596747,85,644.210173
2.792715,97,644.404254
2.791388,91,644.590488
4.591575,73,644.748891
1.672729,72,644.897846
3.13558,69,645.038336
-0.140338,114,645.277382
1.875208,67,645.407904
-0.368526,114,645.628673
1.868899,73,645.775215
2.333762,70,657.329564
4.510912,68,657.464218
4.842827,67,657.593438
3.531078,77,657.742493
3.723762,68,657.889042
3.612475,73,658.034941
4.154997,64,658.160411
2.623792,69,658.296208
3.909782,68,658.429724
1.988964,80,658.586747
0.478639,102,658.787858
1.418414,73,658.93337
3.172685,66,659.069694
1.412969,106,659.290813
1.020658,73,659.443678
2.254123,76,659.605605
4.042708,92,659.783959
0.418435,73,659.924231
5.517969,80,660.079343
4.006468,66,660.20955
103.462423,57,660.322356
3.396581,72,660.465587
100.374411,27,660.520716
4.214859,67,660.656069
1.653673,72,660.7971
100.52015,130,661.053052
0.773003,75,661.200749
0.010339,79,672.735876
3.573493,75,672.889518
1.894476,64,673.018705
-0.15931,78,673.180806
1.878482,69,673.323369
1.590226,94,673.519208
3.92563,67,673.655304
5.006108,69,673.797736
0.865424,74,673.957877
101.091084,63,674.080641
-0.653501,123,674.328355
2.794087,75,674.473339
3.605325,71,674.613062
1.97615,70,674.755447
1.159262,71,674.90045
-0.698956,100,675.095505
3.011708,69,675.237435
3.653005,67,675.371357
3.445307,82,675.529751
3.22175,66,675.66107
0.234975,90,675.838042
3.665699,78,675.986236
-0.247495,96,676.176823
-0.660448,113,676.388122
2.026158,69,676.522564
4.195901,62,676.644853
4.92665,65,676.77037
2.143423,90,688.480393
101.620014,75,688.63577
0.571935,106,688.846906
0.583245,133,689.123058
2.280761,78,689.281744
1.899078,85,689.45069
2.506747,69,689.589403
2.155433,69,689.729394
5.846878,70,689.869843
1.543199,71,690.01164
4.250276,81,690.172204
4.107041,77,690.326402
1.97243,67,690.458529
0.834848,84,690.63133
1.967461,98,690.823327
3.885654,67,690.954803
3.01551,68,691.093514
4.370042,76,691.247847
4.613782,70,691.39179
0.788412,76,691.553973
2.081172,75,691.69918
1.362786,75,691.852496
0.94929,103,692.069192
4.206879,68,692.204839
4.097606,79,692.360504
100.584035,71,704.159718
3.161756,70,704.309528
-0.060972,86,704.484391
3.022095,71,704.629949
3.438626,66,704.774794
5.202172,68,704.929716
4.087858,77,705.09497
3.327051,76,705.279698
4.550395,71,705.432771
1.545373,71,705.585938
0.795069,122,705.848636
1.762019,76,706.001566
3.292891,65,706.133429
2.91691,76,706.290759
4.70024,69,706.436567
4.260234,64,706.56586
102.463221,46,706.659244
0.839417,111,706.880131
2.072789,85,707.047931
4.410456,65,707.180053
2.860688,68,707.320513
0.577415,74,707.473018
2.244232,74,707.620836
3.088184,66,707.753222
0.806874,82,707.918407
1.500593,75,708.064713
2.541018,66,708.195309
5.796577,65,708.325209
2.859851,67,719.974475
1.144049,105,720.196948
1.376877,75,720.349181
5.439106,64,720.481813
3.702216,64,720.615831
4.880607,72,720.765096
3.318935,70,720.908993
3.174747,64,721.040306
0.646922,80,721.199722
1.56007,72,721.34847
1.071185,72,721.493519
3.053646,70,721.634199
5.970939,71,721.774125
-0.724416,121,722.029512
3.72401,69,722.165254
0.062857,84,722.330605
2.516458,73,722.473224
1.767486,98,722.670909
-0.02386,89,722.846699
1.280439,95,723.03726
2.793091,71,723.180118
3.324022,68,723.314986
0.354102,93,723.500045
3.732014,69,723.657711
2.331295,90,723.829674
3.132855,68,723.966181
2.6054,77,735.816631
2.80557,71,735.964292
5.489635,74,736.120472
4.254738,79,736.285831
3.333364,77,736.448343
2.011921,70,736.61556
0.093058,84,736.791394
1.326584,75,736.942895
3.810233,67,737.076896
100.864114,162,737.394517
1.231715,74,737.54312
5.725512,67,737.677437
1.706008,72,737.820978
1.184076,72,737.973938
1.591209,99,738.184316
1.373496,80,738.368547
0.401416,139,738.646408
1.647167,68,738.778253
3.746253,89,738.958687
2.057944,83,739.12732
5.665784,77,739.292769
2.39037,74,739.449542
2.676666,67,739.588115
2.535015,67,739.728747
1.058443,77,739.880571
3.941283,73,752.04008
101.188574,80,752.200439
2.330568,71,752.345814
1.272242,83,752.513298
4.431795,66,752.649824
-0.762557,95,752.838414
4.417364,65,752.967611
2.08767,69,753.126748
4.23852,65,753.253364
3.511065,66,753.384576
2.169002,71,753.524404
2.808824,71,753.665364
1.910873,81,753.822298
2.252099,72,753.968037
0.982658,75,754.114989
4.970777,73,754.25751
-0.143941,89,754.432648
5.20894,77,754.583276
0.805705,75,754.735983
1.969277,70,754.884711
100.334748,370,755.630604
1.503301,77,755.787212
3.191753,68,755.936651
1.153063,103,767.596485
2.542167,73,767.742039
3.226106,86,767.916105
1.325593,73,768.080381
2.083088,69,768.216745
101.138778,58,768.331716
2.867802,67,768.463099
3.616604,66,768.59407
2.282748,96,768.787599
0.765559,96,768.984158
2.920008,68,769.124196
3.878457,100,769.323843
3.396212,67,769.457941
0.055892,114,769.691266
1.252093,74,769.8372
2.380774,89,770.010724
2.351111,80,770.170711
101.061157,364,770.890505
0.452357,77,771.040404
101.736397,77,771.194896
2.137403,69,771.327974
3.089592,66,771.454917
0.083003,128,782.900996
3.791474,70,783.038485
3.965581,81,783.20864
-1.141917,165,783.539804
2.102423,70,783.674626
1.015551,80,783.831532
0.787232,1000,785.757952
-0.118774,1000,798.832321
101.449183,97,799.024688
3.660596,67,799.162256
3.466474,66,799.299352
1.343786,79,799.478536
4.236115,64,799.611702
0.488817,97,799.814726
-0.455999,115,800.044375
1.93763,92,800.223602
5.111564,69,800.359273
2.732436,67,800.488569
102.115762,55,800.593085
3.175252,96,800.781884
3.168754,69,800.91792
1.318127,70,801.0592
2.840539,69,801.201787
0.255904,181,801.559758
3.020734,68,801.695968
2.89444,75,801.842618
1.253444,73,801.98296
2.601336,68,813.698494
4.120412,77,813.855425
1.691443,70,814.012448
0.632969,88,814.184597
3.900234,66,814.319387
1.067822,80,814.487997
2.175804,71,814.631162
0.453709,85,814.810055
3.748967,1000,816.800234
102.996072,82,816.96372
1.363158,75,817.109294
0.090076,96,817.298633
101.275654,57,817.406861
1.247078,113,817.641459
3.665284,77,828.960164
3.270703,90,829.135732
2.344391,83,829.297413
100.905288,62,829.419781
4.219468,65,829.545441
2.956745,76,829.693133
4.014883,66,829.823779
1.235468,74,829.984301
3.186025,96,830.17728
5.380695,68,830.318064
3.920393,73,830.475044
-0.803728,111,830.720837
0.498349,86,830.905563
1.990933,71,831.059901
0.797367,96,831.258723
3.07575,96,831.450423
3.13305,73,831.600764
4.685917,89,831.775207
3.450619,73,831.918558
4.640274,88,832.096512
3.75611,70,832.237054
0.315287,78,832.387937
4.343556,82,832.55739
2.099732,82,832.720377
1.083136,94,832.912163
0.909522,86,833.079884
5.645035,65,844.340221
1.217337,75,844.486354
1.383646,71,844.639077
1.239202,94,844.822157
4.806404,68,844.957227
1.341462,72,845.101068
2.424258,64,845.225919
4.060814,86,845.39925
1.054795,88,845.570534
3.532443,81,845.728542
2.524185,67,845.857085
100.280039,258,846.365177
100.692482,68,846.494845
1.034511,72,846.649335
0.398995,95,846.836688
0.613115,78,846.993074
3.379249,101,847.192652
4.251449,66,847.325171
5.146086,65,847.460702
0.461676,71,847.600669
0.211967,108,847.818754
3.680251,74,847.970837
1.981571,72,848.11667
3.716886,64,848.243152
4.123488,87,859.792184
3.352486,66,859.921973
3.34457,77,860.069832
0.668148,91,860.261529
3.386624,67,860.403298
4.759357,76,860.564261
4.701249,77,860.720376
1.948162,73,860.884409
-0.153077,89,861.063247
5.412499,72,861.205869
2.453914,68,861.340502
1.279203,71,861.478568
1.133283,84,861.646312
100.937181,67,861.780206
2.029458,69,861.918046
0.142034,83,862.08655
3.65116,69,862.227472
3.852531,81,862.39241
4.504715,90,862.574817
2.79031,64,862.703402
102.647202,61,862.827857
3.350045,66,862.960505
0.717553,116,863.197136
3.620302,65,863.327082
1.99312,66,863.459907
0.068163,103,863.666662
0.455557,71,863.810878
3.744754,66,875.501906
2.214955,96,875.687925
1.451105,73,875.833329
2.319643,64,875.974407
103.52555,81,876.133292
3.124195,73,876.280562
3.476554,66,876.408527
2.790936,86,876.574043
-0.93721,109,876.789508
5.31457,81,876.945507
4.582747,91,877.120291
2.768494,92,877.301785
4.689475,76,877.450131
4.465559,96,877.639495
4.280883,89,877.817704
3.043036,99,878.013865
2.086575,71,878.150462
2.124219,71,878.28565
0.968489,74,878.430104
2.794872,88,878.60273
2.801298,87,878.767847
0.680744,100,878.963387
3.551756,90,879.139395
-0.262591,97,879.331575
1.049256,112,891.089939
0.034048,98,891.28094
4.141357,66,891.409975
-1.07873,100,891.61142
2.172411,73,891.756497
2.29605,71,891.89688
102.681934,84,892.066074
4.742014,62,892.187053
103.783824,66,892.317649
4.117806,75,892.465951
4.879246,80,892.622884
4.13349,87,892.818453
0.325702,1000,894.907476
0.247057,92,895.089644
3.526179,71,906.412989
1.115853,76,906.560025
4.761542,66,906.688546
3.162495,98,906.877453
2.804608,73,907.01472
2.428339,72,907.153309
101.176865,62,907.322871
2.196813,85,907.499952
1.001402,98,907.687511
4.676702,94,907.87305
-0.894416,97,908.068285
3.576556,68,908.198816
0.854422,107,908.411448
3.299882,88,908.59779
3.673159,67,908.733501
0.979494,72,908.877577
0.361292,84,909.067361
1.102491,75,909.215281
0.03213,95,909.407871
4.562834,64,909.54016
3.706866,83,909.708475
1.311872,75,909.861175
2.707368,72,910.005414
1.240089,74,910.153333
6.167998,66,910.291497
1.408936,80,910.452825
2.782606,78,922.093738
1.51644,78,922.251845
1.844936,83,922.415653
0.750573,73,922.564307
4.375348,67,922.699947
4.067316,85,922.872886
2.529729,69,923.014057
2.673811,92,923.208379
-0.17709,86,923.37821
0.037241,82,923.540015
1.120257,71,923.694956
3.815509,69,923.831178
3.241622,66,923.962609
2.28817,71,924.105129
2.687825,64,924.233374
1.51063,71,924.374357
4.33488,68,924.505998
1.331294,101,924.720651
1.182527,76,924.881376
4.316924,68,925.016902
2.282562,70,925.156283
-0.686964,269,925.695142
0.495821,94,925.882666
100.684832,507,938.218258
105.368507,73,938.364249
3.237549,74,938.525069
2.445224,68,938.657078
4.81917,65,938.789829
101.676776,49,938.888939
2.854423,65,939.024386
4.323212,73,939.198609
2.600275,80,939.364156
3.675027,65,939.501931
2.953017,78,939.656434
1.098227,74,939.801332
0.107456,88,939.977123
101.178792,40,940.058183
2.383418,68,940.188789
0.706511,89,940.363873
4.48592,68,940.501596
4.28635,66,940.645901
0.477465,84,940.809568
102.52707,63,940.934964
0.268847,74,941.090303
0.504301,111,941.317777
2.324997,67,941.45844
2.361298,69,953.054237
100.776549,34,953.133843
1.500018,78,953.289815
103.395664,68,953.423175
1.9564,80,953.580479
2.864786,86,953.757653
2.867664,76,953.90562
4.127987,64,954.036278
4.227382,69,954.189987
3.182613,77,954.344937
1.776322,69,954.482107
3.266111,64,954.607629
0.908347,119,954.844079
4.270232,66,954.977309
3.329724,65,955.105323
100.474196,449,956.011358
3.512539,72,956.157412
1.083026,96,956.405337
2.366205,70,956.571841
1.596805,76,956.727556
2.325367,69,956.866731
4.073012,83,957.028719
3.683262,68,957.162389
3.190039,67,968.983809
101.260631,71,969.128673
4.080064,70,969.272378
-0.131328,105,969.479214
3.216666,82,969.641926
3.38848,71,969.78596
4.2723,69,969.924362
0.1494,110,970.16808
4.256495,109,970.382565
3.551631,64,970.515703
1.050689,72,970.675638
4.188425,109,970.900735
4.880712,112,971.145334
0.493229,83,971.311936
3.239752,67,971.449361
3.709208,93,971.661825
0.668282,80,971.838062
-0.147071,98,972.033881
0.628278,78,972.184795
1.842918,76,972.339001
3.614657,66,972.485327
2.317114,83,972.686956
4.857495,72,972.851492
3.696595,93,973.048591
0.549461,88,973.224117
101.224975,65,985.036333
1.519343,86,985.223653
1.556469,69,985.37199
2.353779,69,985.521599
2.813877,71,985.679074
3.039496,80,985.846936
2.681761,87,986.023651
0.169932,88,986.201735
3.086132,72,986.337593
100.515033,28,986.391395
101.538244,71,986.5361
4.66157,78,986.693835
3.809436,66,986.825483
1.287577,80,986.988646
5.106257,91,987.182213
3.673195,80,987.351673
0.836023,69,987.493588
4.136696,63,987.624442
0.01437,84,987.797425
101.68952,60,987.921276
2.799099,67,988.067121
103.656605,66,988.20623
1.999736,76,988.361521
0.152174,83,988.529783
2.183506,82,988.698536
1.679933,82,988.857949
2.99892,66,988.984462
3.411299,82,1000.769865
1.750419,73,1000.914165
4.201548,68,1001.047568
3.042487,68,1001.180781
3.139754,71,1001.320001
1.2663,74,1001.466659
0.385082,87,1001.637248
101.853179,60,1001.763281
1.977178,74,1001.909075
2.99429,115,1002.134597
4.951531,66,1002.287484
1.270755,73,1002.439081
3.423465,71,1002.591757
3.932466,93,1002.78583
101.421259,76,1002.940397
4.324206,68,1003.078637
0.993224,96,1003.276347
4.422902,77,1003.436791
2.602817,76,1003.58606
102.70243,60,1003.721538
2.189251,71,1003.860824
3.578188,66,1003.993124
4.42445,67,1004.123127
102.664732,65,1004.251336
2.39553,69,1004.386692
-0.016972,160,1004.718297
4.151642,90,1004.897917
3.632164,71,1016.301944
4.295347,67,1016.435187
0.378683,1000,1018.424604
4.083869,106,1018.633888
6.179224,69,1018.774487
1.939845,79,1018.930987
1.824349,70,1019.070741
4.399811,74,1019.215623
2.087764,64,1019.35082
1.458182,86,1019.531658
102.150899,92,1019.71552
2.992063,89,1019.89646
4.621004,85,1020.073487
2.445872,67,1020.206913
5.1908,108,1032.024345
4.942657,64,1032.153735
1.233658,69,1032.291645
0.975469,73,1032.435977
2.489606,81,1032.601688
1.536796,67,1032.738712
1.057158,72,1032.881015
1.003196,80,1033.063207
4.691613,69,1033.197939
1.367412,71,1033.342165
100.0,1,1033.344548
3.058573,80,1033.497849
0.886649,77,1033.648183
101.655635,90,1033.826242
1.788319,96,1034.024324
2.486055,76,1034.188679
102.232882,54,1034.300642
3.491025,70,1034.448516
1.374654,97,1034.643049
0.82157,71,1034.796355
4.891373,64,1034.927014
0.770291,87,1035.121086
2.323261,70,1035.268119
2.01254,70,1035.411872
3.319201,77,1035.570416
5.289763,65,1035.706368
4.345556,71,1035.846558
0.679434,80,1036.004651
0.592309,77,1047.398343
5.629457,66,1047.529667
3.917988,68,1047.668365
2.820189,88,1047.848056
4.419075,67,1047.980472
5.060256,66,1048.125314
3.433279,87,1048.296917
-0.353025,89,1048.478795
0.868914,73,1048.624653
102.293975,70,1048.766305
4.541193,64,1048.899028
3.559739,66,1049.038458
2.97577,76,1049.190245
4.077594,87,1049.366164
3.89827,100,1049.57294
3.794148,92,1049.763188
3.242968,69,1049.896831
0.97503,70,1050.037052
4.742296,67,1050.172134
3.272007,100,1050.372746
0.526241,100,1050.570945
0.241199,147,1050.864414
-0.935287,115,1051.107542
2.453738,93,1051.291538
0.968452,81,1051.452063
2.831119,90,1062.883709
0.973553,78,1063.049176
2.863873,69,1063.191649
3.91368,67,1063.342604
3.691383,71,1063.482944
5.160461,63,1063.611313
1.087377,74,1063.76096
2.810596,68,1063.89917
3.719987,86,1064.067756
0.264335,78,1064.224131
2.949509,74,1064.372776
4.699619,69,1064.508728
3.489478,196,1064.921238
4.374078,64,1065.046368
100.695216,66,1065.189855
1.683904,71,1065.338074
-0.654854,98,1065.544965
5.155073,72,1065.68861
1.059667,74,1065.835782
3.936724,64,1065.961231
4.02034,62,1066.082719
3.003509,65,1066.209988
4.381855,68,1066.342488
1.940861,74,1066.489322
100.305695,78,1066.664358
4.074436,81,1066.823465
4.233804,65,1078.242016
1.877971,79,1078.398248
3.581148,74,1078.547324
3.61245,67,1078.681842
2.852204,64,1078.828302
101.478597,91,1079.011921
100.589303,50,1079.113577
3.535143,98,1079.310654
3.911337,73,1079.456953
4.60807,74,1079.61287
1.722763,67,1079.747247
4.558462,71,1079.895313
3.928553,66,1080.035077
4.79895,64,1080.166244
-0.216999,96,1080.357082
3.486706,66,1080.491631
3.786519,65,1080.632895
3.477569,66,1080.765106
4.641158,70,1080.904078
1.395249,75,1081.057235
0.749957,73,1081.202968
4.330611,68,1081.341682
0.187339,87,1081.517907
104.333762,61,1081.637429
0.573945,106,1081.850305
1.249593,75,1081.998334
4.184661,64,1082.12858
2.76095,72,1082.270787
2.813772,66,1093.840082
1.393896,70,1093.982128
1.633823,77,1094.135952
1.272083,97,1094.333515
4.598836,83,1094.500804
100.833212,65,1094.636352
3.427288,88,1094.835436
102.669746,76,1094.991025
3.138752,91,1095.177794
1.785962,94,1095.366803
4.016967,72,1095.512928
4.924176,70,1095.655816
3.723521,79,1095.814895
101.587667,64,1095.943954
1.380306,87,1096.120669
3.069184,74,1096.266394
3.514094,74,1096.4304
2.241845,71,1096.571061
5.159678,69,1096.708265
0.941873,93,1096.897949
5.211224,66,1097.03016
4.066953,66,1097.157579
0.585934,113,1097.377134
0.28311,76,1097.527623
4.41949,65,1097.655108
3.729686,67,1097.785048
2.739136,94,1109.219476
0.852792,96,1109.409039
2.69187,97,1109.597662
0.944323,86,1109.765901
105.419829,64,1109.891621
101.241503,43,1109.976578
2.902055,65,1110.107694
-0.220188,95,1110.299673
101.56405,71,1110.453224
2.06581,72,1110.591612
101.090545,36,1110.660366
0.441687,80,1110.822507
-0.924541,112,1111.049862
0.558166,96,1111.236315
4.616365,74,1111.381003
1.655089,75,1111.523822
3.607531,93,1111.713143
4.044531,73,1111.857469
2.910216,69,1111.990725
3.527972,66,1112.121232
1.360462,69,1112.256023
0.486782,1000,1125.874523
0.352843,96,1126.068627
4.818995,66,1126.198704
1.312148,74,1126.358404
101.166302,67,1126.54023
2.516358,69,1126.721766
1.328002,84,1126.884395
101.609388,62,1127.000109
0.524698,91,1127.17467
1.404602,80,1127.331984
-0.573647,92,1127.50957
3.526197,71,1127.646511
4.687384,78,1127.798546
104.857449,69,1127.938749
3.060625,72,1128.078507
5.163333,62,1128.211876
1.870449,81,1128.37041
2.585449,66,1128.504199
3.158049,66,1128.633612
0.526613,77,1128.783073
4.150183,72,1128.927026
3.331071,71,1140.571782
4.40838,65,1140.718599
2.304727,68,1140.854506
0.656453,82,1141.015461
0.191204,91,1141.199835
103.081803,74,1141.34989
0.730678,90,1141.534896
0.456375,77,1141.692002
0.277531,83,1141.858844
4.487519,65,1141.989414
4.793812,87,1142.160043
2.525468,74,1142.307099
101.647739,61,1142.428187
3.960835,73,1142.573236
-0.810034,551,1143.661177
3.393626,82,1143.824658
0.768996,92,1144.007254
4.841113,65,1144.141131
3.700238,69,1144.287719
4.008656,66,1144.420295
3.800872,70,1144.558263
0.084466,106,1156.324755
3.128589,68,1156.458874
1.634559,74,1156.601531
0.194804,1000,1158.650987
3.171392,70,1158.799927
0.803077,81,1158.966685
0.494957,130,1159.245506
1.337043,73,1159.402772
104.137337,77,1159.567387
1.717775,70,1159.718273
-0.265569,1000,1173.467347
5.512578,68,1173.611028
4.875462,69,1173.759863
0.155919,87,1173.944314
0.636874,94,1174.141586
1.807201,70,1174.290461
5.028546,77,1174.448619
5.390321,73,1174.598979
2.692491,74,1174.768316
101.373293,73,1174.928783
0.993169,117,1175.18177
-0.215722,96,1175.385928
4.354085,68,1175.526462
0.9271,76,1175.688136
2.415033,61,1175.81382
4.575747,64,1175.938922
-0.22224,1000,1189.542392
102.881302,73,1189.708529
105.18155,67,1189.846483
1.980281,70,1189.987967
3.838733,67,1190.122548
1.275247,106,1190.337914
1.780482,74,1190.480206
0.62973,83,1190.641135
4.215808,68,1190.774235
0.013153,83,1190.941565
2.524398,70,1191.097345
4.461112,71,1191.245792
3.794409,67,1191.380376
4.674453,69,1191.520191
3.711602,74,1191.673186
-0.601497,94,1191.864639
105.974033,70,1192.005564
2.650992,69,1203.65214
5.13159,70,1203.792308
2.952384,69,1203.927879
3.92933,64,1204.053957
4.199678,95,1204.241638
2.336237,80,1204.400812
101.307473,67,1204.535384
4.298199,79,1204.692117
0.710538,78,1204.843683
2.267144,79,1205.000444
2.511968,81,1205.175766
100.657933,78,1205.341537
2.168541,71,1205.48859
4.908891,64,1205.620123
102.558568,57,1205.733012
3.697064,67,1205.865383
3.13733,85,1206.032076
4.485892,115,1206.25536
5.558057,71,1206.392194
1.539488,74,1206.551213
2.965423,65,1206.675957
1.485206,74,1206.818089
101.076195,40,1206.89584
2.930461,72,1207.038013
102.224637,60,1207.15614
1.217221,74,1207.304111
4.658514,69,1207.440099
-0.429806,92,1207.619175
3.375325,66,1219.440557
3.965358,73,1219.581434
101.214413,64,1219.706399
3.501978,74,1219.854181
1.280667,102,1220.058834
1.81724,68,1220.187863
103.5894,66,1220.320988
101.445812,79,1220.476575
101.41066,75,1220.6398
1.038106,114,1220.881145
1.43692,79,1221.056433
3.078144,77,1221.215052
3.496765,71,1221.368947
3.351663,66,1221.507062
0.717083,1000,1223.540892
103.778311,63,1235.027451
103.421767,63,1235.152894
3.022852,72,1235.29692
5.206816,65,1235.430119
0.672371,95,1235.620246
2.086083,78,1235.774076
4.215529,109,1235.995448
3.342544,69,1236.134264
102.132435,69,1236.274896
2.010308,71,1236.423779
3.001238,87,1236.61371
102.811573,77,1236.768401
4.489249,61,1236.899879
4.908456,68,1237.039842
0.367557,68,1237.175761
101.563205,70,1237.315659
1.256753,70,1237.456463
0.815444,70,1237.601393
2.547327,77,1237.770681
2.634299,77,1237.925715
1.991372,88,1238.09672
5.282295,69,1238.23179
2.803989,69,1238.367076
2.074216,70,1238.505759
0.071621,148,1238.807219
3.895112,66,1238.938154
1.22822,72,1239.082659
2.167589,67,1250.638923
1.385598,80,1250.796684
2.970464,70,1250.933852
3.689349,65,1251.062903
3.858859,85,1251.239053
3.632598,73,1251.385258
3.541183,68,1251.523127
3.313607,65,1251.655809
101.088696,83,1251.819852
4.353749,67,1251.95382
0.78756,192,1252.330354
5.725136,64,1252.457311
2.965695,72,1252.604861
3.803717,76,1252.765085
0.200313,95,1252.952977
4.302789,67,1253.082932
3.834875,62,1253.205889
5.335677,65,1253.331435
2.242712,71,1253.469694
4.300502,62,1253.591218
4.316836,76,1253.743585
1.999374,67,1253.875178
4.523525,92,1254.059338
0.883593,122,1254.300754
100.854481,60,1254.41846
1.299466,92,1265.923188
4.459011,70,1266.065901
0.651528,86,1266.240232
4.698063,65,1266.368838
-0.340332,85,1266.53789
-0.118329,78,1266.695
1.81053,77,1266.858817
3.752494,96,1267.059365
1.778344,91,1267.239805
2.383443,71,1267.382774
1.219769,72,1267.526546
5.926349,67,1267.659599
102.574519,59,1267.780098
4.09858,83,1267.94645
1.336155,76,1268.104602
1.889373,84,1268.277668
0.573295,82,1268.440658
4.666155,76,1268.594901
2.573904,70,1268.750874
4.52947,87,1268.924262
101.619185,65,1269.050395
5.821171,66,1269.183321
102.240794,47,1269.274928
4.884753,63,1269.397645
102.447882,47,1269.491605
4.022453,84,1269.654403
3.576321,194,1270.052619
4.242344,73,1281.601526
0.32469,79,1281.766905
2.078627,70,1281.908372
3.961944,71,1282.062901
1.882577,71,1282.215367
0.404137,88,1282.394149
3.040907,77,1282.548347
1.857396,72,1282.692971
-0.027765,78,1282.852778
102.832037,67,1282.987795
2.492914,69,1283.127459
0.012602,86,1283.297972
100.876669,108,1283.531507
4.500674,70,1283.671413
2.698919,82,1283.837698
-0.118034,87,1284.011806
1.594873,76,1284.163734
2.599893,76,1284.31769
1.753637,69,1284.457444
1.553339,99,1284.65507
1.843376,72,1284.800391
101.403029,109,1285.017152
4.417627,69,1285.156768
3.797096,69,1285.295292
0.436183,75,1285.462399
-0.026772,111,1296.834214
2.001715,98,1297.024298
2.746675,91,1297.225095
0.934952,104,1297.427674
2.069671,66,1297.557137
2.684085,85,1297.721743
4.659873,66,1297.85298
0.895192,88,1298.032353
1.733799,77,1298.186668
3.879499,82,1298.348742
101.243542,56,1298.461514
1.180441,75,1298.615394
3.652117,120,1298.859128
4.261141,81,1299.03272
5.83635,66,1299.164135
4.856425,64,1299.289373
0.345284,1000,1312.74508
1.141002,68,1312.883169
-0.21145,74,1313.035507
0.871611,73,1313.182719
4.251452,65,1313.313592
3.122876,80,1313.476482
3.874023,65,1313.603992
-0.673931,299,1314.195607
2.912629,64,1314.329321
101.336976,55,1314.438222
3.381367,68,1314.576204
0.674247,81,1314.738401
1.439761,68,1314.871801
0.449909,79,1315.03743
1.046763,74,1315.185878
4.000996,68,1315.326231
100.534089,94,1315.519032
4.313503,67,1315.658193
-1.450152,112,1315.889334
4.445196,71,1316.037317
102.429675,72,1316.178179
4.067447,82,1316.342864
4.627256,77,1327.908011
4.85802,65,1328.040846
101.63596,83,1328.206269
3.489146,74,1328.351885
4.58374,65,1328.479568
3.844797,87,1328.649436
0.323453,81,1328.824514
1.142648,73,1328.971624
4.091409,93,1329.161554
3.809272,84,1329.327359
0.865443,70,1329.467049
101.011996,95,1329.653525
1.288438,78,1329.80541
100.306231,74,1329.949497
4.017076,72,1330.09099
5.18525,68,1330.223107
2.496404,93,1330.409407
4.786014,71,1330.548361
100.954723,99,1330.743305
101.894402,92,1330.923252
4.379753,70,1331.062501
4.489842,66,1331.194927
3.138592,62,1331.314408
0.524028,128,1331.582501
1.201708,106,1331.801188
3.566805,80,1331.959839
2.228572,83,1343.422405
3.716438,74,1343.573032
1.385158,71,1343.711967
2.980981,75,1343.86193
2.557165,66,1343.990596
3.434591,66,1344.12841
4.696072,65,1344.255854
0.72945,73,1344.403537
4.201916,64,1344.530699
5.373887,63,1344.655887
5.076254,62,1344.793492
3.365665,84,1344.968601
2.511224,66,1345.099301
2.154751,72,1345.246377
0.728419,69,1345.389548
4.531442,67,1345.523136
4.326326,65,1345.653698
4.573176,63,1345.781549
0.098052,88,1345.974759
4.472441,73,1346.121326
1.335831,73,1346.262098
4.085134,86,1346.432701
3.819643,64,1346.561919
1.970186,68,1346.692732
2.906313,87,1346.862575
1.402063,73,1347.007005
104.629969,60,1347.124692
1.042867,85,1347.291136
1.309828,83,1358.6494
105.981715,68,1358.78523
3.956377,64,1358.909211
4.020883,63,1359.031602
4.38874,63,1359.154085
4.057068,85,1359.323647
0.879402,80,1359.481453
1.930844,70,1359.620407
2.715465,68,1359.75395
5.033705,80,1359.909537
1.301219,71,1360.052207
3.141663,69,1360.199379
4.998515,69,1360.35071
4.939261,72,1360.507357
2.931436,68,1360.649421
0.751112,72,1360.797294
4.12999,76,1360.951967
0.995507,74,1361.105635
2.998495,77,1361.264921
3.78652,75,1361.422306
100.209969,93,1361.613532
3.285434,75,1361.786889
4.745276,66,1361.916656
0.05788,75,1362.064849
0.982328,93,1362.252228
102.010457,79,1362.404329
1.888373,67,1362.534519
1.592689,71,1362.675426
3.224061,67,1374.152257
4.724301,69,1374.285399
4.828444,77,1374.434231
0.616374,76,1374.583843
1.904402,82,1374.742267
3.222998,80,1374.906286
5.404212,68,1375.037657
0.494239,1000,1377.083971
3.166445,64,1377.211863
3.26025,66,1377.344097
1.545508,72,1377.486248
5.077085,1000,1390.954508
1.540096,83,1391.118645
2.715902,76,1391.267341
3.968464,81,1391.426411
4.719165,63,1391.548871
3.966719,80,1391.705899
1.186625,91,1391.885481
1.662501,70,1392.021988
1.553226,70,1392.16336
4.042493,72,1392.310689
4.072792,65,1392.449538
4.710937,71,1392.594076
5.216885,72,1392.744057
-1.030119,99,1392.94278
5.169189,79,1393.101713
3.2031,67,1393.233949
102.570834,58,1393.350752
3.566671,73,1393.494092
5.100516,69,1393.629977
4.135917,68,1393.765514
0.707883,72,1405.249777
102.329052,71,1405.392999
3.572103,65,1405.523836
0.777455,73,1405.673378
-1.589139,935,1407.582456
100.062627,103,1407.784735
2.253978,70,1407.918934
3.724071,69,1408.066771
-0.125008,1000,1421.617333
0.227514,81,1421.777146
3.104962,66,1421.914329
0.878915,81,1422.072517
3.834061,66,1422.201973
2.720382,65,1422.332025
5.71196,65,1422.463476
1.925544,76,1422.617848
2.948006,76,1422.771654
2.532282,67,1422.906694
100.638401,85,1423.07916
1.702754,70,1423.234663
4.062814,67,1423.367297
2.255028,79,1423.528014
1.958827,72,1423.675561
0.662494,72,1423.819435
2.367368,67,1423.952072
2.845687,73,1424.094688
0.35227,88,1424.284154
3.92192,72,1424.430826
1.573968,71,1424.569537
2.469619,68,1424.699919
100.589007,76,1424.852533
4.369119,85,1436.368425
102.011401,55,1436.49084
3.898825,65,1436.627331
0.887175,71,1436.773128
2.04733,79,1436.935247
1.682548,76,1437.089842
-0.803417,169,1437.42682
5.366869,76,1437.574333
-0.175683,103,1437.780072
1.353588,86,1437.948748
101.399146,96,1438.137022
1.71884,88,1438.31074
-0.407412,1000,1440.220959
4.254563,72,1451.866984
3.513767,69,1452.001283
4.099853,76,1452.155938
1.091254,78,1452.315761
3.056895,69,1452.449334
0.670748,73,1452.591449
2.764134,85,1452.759621
4.40388,97,1452.958044
0.529611,80,1453.117731
1.227349,73,1453.260825
2.997174,70,1453.396811
0.887601,76,1453.566454
0.299382,113,1453.797856
4.227184,78,1453.959624
102.121821,46,1454.055276
2.997061,67,1454.193467
1.007289,122,1454.445117
4.339873,66,1454.579957
-0.118115,1000,1467.870368
0.064051,1000,1469.900975
0.633269,74,1470.049195
4.535171,76,1470.204218
4.183934,66,1470.338227
2.972692,73,1470.487872
2.47956,74,1470.640284
2.632478,63,1470.772304
103.449987,64,1470.898839
2.05853,68,1471.028725
2.976296,79,1471.17995
4.172111,64,1471.304899
3.641662,65,1482.975491
0.076619,93,1483.178772
101.306643,74,1483.328891
-0.680806,127,1483.580583
3.778494,77,1483.737133
3.59407,69,1483.873881
3.802371,68,1484.017633
3.263117,68,1484.154302
1.168747,73,1484.301126
0.472635,79,1484.455177
5.59692,65,1484.583352
2.922647,69,1484.71692
101.364909,109,1484.94936
2.324674,85,1485.115315
100.836807,57,1485.229618
1.68129,71,1485.369914
1.577012,65,1485.503775
5.10497,63,1485.63256
-0.252531,78,1485.807521
1.914677,73,1485.957669
101.491282,66,1486.110684
100.365264,80,1486.279119
1.993611,65,1486.416041
1.636305,69,1486.563028
1.3958,73,1486.715758
4.344753,68,1486.864851
2.440694,69,1487.019082
3.278248,64,1498.699947
4.572287,66,1498.834704
1.719231,74,1498.982972
4.395746,63,1499.113168
2.178118,68,1499.25153
3.370398,81,1499.419505
2.888707,79,1499.585741
1.905428,67,1499.719523
4.035893,89,1499.901845
0.840489,80,1500.063239
3.648083,85,1500.232949
5.008108,74,1500.40082
2.456465,81,1500.571979
4.764641,82,1500.746092
2.904025,70,1500.888771
0.500271,76,1501.043551
0.742653,84,1501.215655
4.005069,79,1501.376127
1.668079,79,1501.539221
2.848981,67,1501.677096
5.984497,67,1501.815181
3.116792,74,1501.97761
0.440033,83,1502.149886
0.51947,91,1502.337795
3.723138,69,1502.480759
101.118123,73,1502.630397
101.611267,62,1502.757108
100.752095,88,1514.352526
1.544773,81,1514.531426
0.568504,126,1514.784915
101.840584,66,1514.911233
1.586503,85,1515.080549
3.082339,69,1515.217671
3.068412,64,1515.346153
1.826943,70,1515.486441
5.100845,68,1515.620279
0.618261,99,1515.814169
-2.291126,131,1516.071527
1.068402,71,1516.210109
2.141047,68,1516.343329
0.600397,76,1516.493885
0.130132,75,1516.642002
1.842485,84,1516.806073
4.511972,66,1516.937572
3.069271,65,1517.067857
101.056148,90,1517.259791
2.875547,67,1517.401756
3.404283,74,1517.560647
3.443327,63,1517.690788
4.476993,94,1517.884956
1.423387,72,1518.031226
2.457518,68,1518.162108
1.079035,74,1518.307949
1.538153,70,1518.444174
100.769663,63,1530.160631
4.176969,90,1530.343613
3.168636,66,1530.47694
3.697054,77,1530.635619
101.067489,82,1530.803181
2.747828,66,1530.938836
2.008278,67,1531.07766
101.43765,76,1531.248487
2.077997,74,1531.396229
4.37333,62,1531.537699
0.40782,96,1531.739865
0.320892,80,1531.910252
102.425293,74,1532.066017
0.477138,76,1532.219963
2.218978,70,1532.363184
3.548211,69,1532.503002
2.263595,64,1532.636998
103.141168,54,1532.755202
-0.236818,93,1532.972739
1.271101,93,1533.162011
1.048297,84,1533.33267
0.657864,82,1533.503986
0.021593,86,1533.683812
2.534989,77,1533.852644
0.535928,82,1534.023534
102.016139,63,1534.153971
101.506311,81,1534.320456
3.264392,93,1546.152729
102.106625,43,1546.253152
103.665806,84,1546.437241
5.470892,62,1546.572002
101.366245,82,1546.744137
102.944064,68,1546.888524
2.304589,63,1547.018864
5.931921,72,1547.16942
-0.093675,112,1547.414073
3.678683,67,1547.56078
102.177522,67,1547.701001
3.81554,69,1547.841138
2.867997,76,1547.997951
2.567053,77,1548.163093
5.723284,70,1548.30747
5.947447,71,1548.453281
103.633167,70,1548.595682
4.654766,63,1548.726544
0.273613,143,1549.034806
2.571535,77,1549.195001
1.287373,88,1549.378616
2.926913,65,1549.508363
5.063023,80,1549.676151
3.738281,66,1549.810294
100.732189,206,1550.234345
2.753387,62,1562.021286
1.935146,69,1562.16024
3.648566,62,1562.282833
4.215732,65,1562.408714
0.714619,73,1562.559728
5.303494,83,1562.721746
4.232332,66,1562.851896
0.268645,123,1563.099851
3.610007,64,1563.231835
3.019841,64,1563.373309
3.626356,66,1563.510298
2.726146,76,1563.668116
1.463175,98,1563.870139
-0.547044,94,1564.06373
0.458394,103,1564.276912
1.804106,81,1564.446852
2.875307,63,1564.579987
3.914243,78,1564.759258
1.718526,71,1564.904908
0.546308,88,1565.089887
2.816991,68,1565.231759
1.869005,68,1565.364644
4.39042,62,1565.488175
100.746795,78,1565.649459
1.268864,75,1565.803384
0.213346,81,1565.969868
1.190691,71,1566.114748
102.682439,72,1577.862723
102.706793,70,1578.002731
3.692896,81,1578.169938
3.048019,75,1578.326084
100.985362,46,1578.42223
0.383838,1000,1580.575361
5.002246,62,1580.697938
0.946331,106,1580.909129
5.307826,66,1581.042695
101.71621,76,1581.195428
105.522467,70,1581.335601
2.170832,66,1581.466248
0.708341,93,1581.647345
101.386249,95,1581.830117
3.74863,66,1581.961932
0.68822,155,1593.993653
2.6759,68,1594.129335
2.139318,68,1594.264802
100.554702,42,1594.351359
3.278207,65,1594.486987
101.276443,78,1594.647234
3.545269,71,1594.800303
0.925537,78,1594.957341
101.77418,80,1595.117749
3.204218,71,1595.259878
1.595809,88,1595.440047
-0.392804,81,1595.603907
5.211012,61,1595.731065
102.576688,50,1595.834198
4.27952,64,1595.95664
5.122907,63,1596.081477
4.028434,67,1596.215336
2.720903,68,1596.355247
5.241417,69,1596.492238
2.014674,64,1596.618273
0.96136,68,1596.755969
4.691183,79,1596.914419
0.534265,86,1597.0831
2.724101,73,1597.232121
4.420122,89,1597.411821
2.071329,89,1597.608131
102.457371,56,1597.718597
3.61734,65,1597.847832
4.388086,67,1609.175983
3.066278,75,1609.320508
-0.13887,93,1609.497978
2.565723,74,1609.639971
5.081582,63,1609.779307
4.570713,67,1609.911352
0.842945,88,1610.078869
4.176712,83,1610.24363
5.317223,63,1610.368738
5.684769,66,1610.499719
3.751524,69,1610.639081
101.445652,85,1610.801767
1.969578,86,1610.970258
3.958664,64,1611.092586
-0.023754,1000,1613.094042
102.396104,73,1624.80726
3.934984,95,1624.99794
3.323398,71,1625.139319
3.385121,66,1625.268983
4.374672,63,1625.394837
1.779536,71,1625.535961
3.30581,65,1625.666019
4.224731,63,1625.798802
0.997805,75,1625.958148
1.220087,70,1626.101943
0.536681,152,1626.42864
2.559534,68,1626.567737
0.818152,75,1626.719918
5.143865,76,1626.872617
2.466736,69,1627.010829
5.039273,62,1627.139585
3.345994,64,1627.269469
3.191932,85,1627.443935
3.053502,77,1627.616445
4.160662,80,1627.775335
4.905587,87,1627.950414
103.362992,68,1628.092261
103.840843,59,1628.212174
2.385931,61,1628.335049
1.599779,67,1628.472322
2.509301,61,1628.59815
4.738658,73,1628.74099
0.970055,107,1640.318159
106.141822,65,1640.450491
2.793455,63,1640.578771
101.736352,74,1640.724685
0.657337,220,1641.165994
101.054807,57,1641.28364
3.893776,88,1641.460015
0.737993,71,1641.603522
1.039725,67,1641.749178
103.01223,60,1641.871556
2.282969,70,1642.009392
1.297619,95,1642.198096
4.102814,82,1642.3605
102.678318,75,1642.516546
104.512166,60,1642.643012
1.000427,92,1642.837257
101.300641,94,1643.063207
0.603519,1000,1656.608381
1.012642,67,1656.747189
1.92573,68,1656.894798
5.907388,62,1657.018047
3.44233,66,1657.153596
2.506138,63,1657.281182
3.457143,78,1657.456611
101.033524,106,1657.677186
101.04579,54,1657.794648
0.767206,71,1657.938363
4.83701,89,1658.121331
4.800026,69,1658.262263
5.884984,63,1658.387547
0.415947,115,1658.624522
3.07719,65,1658.77332
-0.918246,115,1659.002986
1.35254,68,1659.142401
102.784446,50,1659.241139
1.155558,70,1659.380806
4.501105,87,1659.558661
5.038528,88,1659.739976
2.90198,76,1659.896752
4.790695,62,1660.022161
3.378145,92,1671.669549
4.329102,71,1671.813902
2.295912,72,1671.959373
0.071661,1000,1673.989181
103.76107,56,1674.09573
0.18112,93,1674.28026
1.897234,69,1674.41524
0.433589,130,1674.669639
3.019989,72,1674.80831
3.112549,76,1674.95832
0.439714,97,1675.152111
1.963291,65,1675.297323
4.495019,73,1675.45904
104.986786,64,1675.600523
4.193939,64,1675.737943
0.406431,79,1687.300019
2.408481,64,1687.443477
104.308094,59,1687.561214
0.454488,80,1687.727497
3.841807,71,1687.871499
3.849613,67,1688.008191
2.825322,74,1688.162625
3.998782,65,1688.295377
4.672849,73,1688.446161
3.988604,66,1688.577833
4.088026,68,1688.72352
4.035102,71,1688.871902
1.935906,71,1689.023826
2.377746,94,1689.214697
101.108177,70,1689.357745
-1.819023,360,1690.09176
4.201368,65,1690.234416
0.309474,77,1690.390891
4.237959,80,1690.555994
2.452325,68,1690.700953
4.324293,96,1690.90597
0.743853,95,1691.099714
-0.389391,1000,1704.580761
2.775401,82,1704.742381
100.278196,72,1704.881443
5.311492,66,1705.013995
-0.50042,95,1705.204936
0.726381,90,1705.38263
102.113831,82,1705.563902
102.037314,77,1705.720508
3.968282,72,1705.86305
101.180204,47,1705.957957
2.344818,94,1706.155354
3.978119,88,1706.335665
0.727879,84,1706.507026
2.282066,79,1706.681248
-0.089335,87,1706.855899
1.194246,96,1718.321109
2.242548,64,1718.4482
4.289833,91,1718.636233
5.28176,82,1718.800517
101.968771,42,1718.883308
2.027396,72,1719.028825
1.288107,72,1719.172658
2.028481,86,1719.343673
4.560336,61,1719.469498
2.486228,67,1719.604876
0.983832,72,1719.749554
102.517103,87,1719.922259
4.592195,67,1720.058444
100.951585,66,1720.193468
3.722548,69,1720.332583
2.412841,71,1720.476637
1.709845,94,1720.666692
0.155396,105,1720.879923
1.320799,76,1721.032208
2.837876,69,1721.170989
2.246674,75,1721.325277
3.866185,74,1721.470849
2.290125,69,1721.611199
1.957351,68,1721.762366
2.425625,84,1721.926667
100.599041,69,1722.061117
101.338082,67,1722.190072
3.746299,64,1722.314162
3.977459,83,1733.724985
1.495632,89,1733.901295
4.160849,66,1734.031139
4.776273,84,1734.194707
1.629846,69,1734.333562
101.026668,60,1734.450949
1.662305,70,1734.588993
100.895042,131,1734.854348
4.299094,63,1734.983639
2.651425,86,1735.16873
0.738536,88,1735.342909
3.22765,72,1735.484024
1.14867,73,1735.629577
2.485721,68,1735.763525
0.248157,85,1735.935062
1.007153,85,1736.101562
1.79676,76,1736.254666
0.851689,88,1736.443765
0.934466,77,1736.597636
100.807893,58,1736.713671
3.76281,82,1736.878223
4.338049,84,1737.042392
3.284577,84,1737.207806
4.473449,64,1737.341304
3.956462,65,1737.468549
4.135939,63,1737.592985
2.35581,68,1737.724821
1.864483,68,1749.249218
2.630852,70,1749.387999
1.289573,63,1749.512703
0.453983,99,1749.704125
3.489327,80,1749.865945
100.264928,24,1749.913656
3.588361,75,1750.064035
1.190187,71,1750.205313
0.708016,75,1750.359811
2.309909,72,1750.502999
2.451411,63,1750.630119
2.529054,70,1750.7873
2.764181,76,1750.943624
1.43636,111,1751.167699
100.503141,255,1751.677672
4.406604,64,1751.813693
1.923264,67,1751.950331
3.70463,64,1752.098558
3.767597,86,1752.27384
0.39484,961,1765.509626
101.477066,82,1765.672405
1.290201,97,1765.867793
2.887451,76,1766.018878
105.713548,68,1766.152961
0.485191,133,1766.417578
2.770089,68,1766.569962
0.558347,93,1766.751593
100.159979,60,1766.869329
4.98438,62,1766.989533
100.846334,63,1767.115785
100.537969,185,1767.4763
-2.038813,112,1767.698066
3.442581,64,1767.835538
0.762796,75,1767.986586
-0.765537,102,1768.185025
100.899675,30,1768.245383
3.925208,64,1768.377792
4.23792,63,1768.500717
1.470059,68,1768.63449
1.309146,92,1780.16219
1.815492,78,1780.321412
4.398377,64,1780.447983
2.871319,70,1780.587402
1.452236,90,1780.770911
2.076242,78,1780.928154
101.361465,70,1781.065894
0.458735,103,1781.278071
102.72734,82,1781.447813
1.66848,74,1781.598347
5.107022,68,1781.740715
1.356286,82,1781.9074
100.530417,58,1782.025211
3.004953,66,1782.162435
5.443996,67,1782.297153
2.128736,69,1782.43957
0.639123,87,1782.612712
0.56795,1000,1795.95734
5.418399,64,1796.082286
2.385195,68,1796.215545
103.852498,76,1796.359259
1.898041,70,1796.497185
-0.104394,1000,1798.609492
100.3421,44,1798.701916
3.106065,67,1798.840691
3.495018,70,1798.976668
2.796123,67,1799.110386
1.487965,75,1799.266339
103.456108,70,1799.402323
104.684996,60,1799.519289
1.201363,70,1799.657695
-0.208593,94,1811.233885
1.054201,76,1811.384348
2.783221,70,1811.521716
101.169143,58,1811.644344
-1.380705,94,1811.840808
2.887588,93,1812.024047
3.421896,65,1812.161234
4.135194,61,1812.28924
-0.666637,98,1812.488669
103.329282,87,1812.678917
1.140806,103,1812.890071
103.812588,69,1813.03597
5.353409,69,1813.172998
2.538105,68,1813.311251
4.217894,68,1813.445524
1.454584,83,1813.611998
5.424192,63,1813.741163
3.42415,68,1813.895284
100.945463,76,1814.05069
0.830459,100,1814.252587
-0.612723,98,1814.444661
1.616029,94,1814.632956
4.038291,74,1814.784526
-0.114246,87,1814.955725
4.783203,62,1815.080888
101.162446,108,1815.289044
4.335509,64,1826.975853
3.153966,64,1827.101116
5.325631,86,1827.272329
2.964162,64,1827.39949
3.29127,64,1827.531813
0.580935,125,1827.788094
1.620945,77,1827.96109
1.101248,92,1828.149647
4.744344,86,1828.319334
3.649016,65,1828.44379
101.72932,57,1828.55958
102.022428,54,1828.666158
3.633032,64,1828.790762
4.258447,65,1828.919065
3.876958,68,1829.05005
2.080805,82,1829.209469
2.195942,66,1829.337548
2.884564,68,1829.470975
1.984975,70,1829.605148
4.054365,66,1829.731858
5.043216,76,1829.880284
4.334021,68,1830.03057
0.479409,88,1830.201831
2.140218,68,1830.336804
1.296308,86,1830.503713
4.524662,70,1830.641867
4.561141,74,1830.786257
3.132861,65,1830.915131
0.343297,1000,1844.168545
5.656076,66,1844.302311
6.120102,71,1844.44748
3.484349,85,1844.621864
2.91904,70,1844.761518
0.964277,82,1844.931613
2.478621,72,1845.076672
4.305582,64,1845.220724
3.94908,78,1845.377052
-0.778638,96,1845.56707
4.711966,66,1845.702147
4.177032,68,1845.838899
3.531229,64,1845.965854
1.900429,74,1846.116061
3.057018,71,1846.255769
2.376639,69,1857.694421
1.085153,83,1857.863714
104.540299,62,1857.990846
1.374849,70,1858.131035
1.225241,70,1858.27146
101.666954,76,1858.42418
101.000227,93,1858.617243
101.256722,58,1858.737325
3.683087,75,1858.893917
3.890758,66,1859.037469
2.09044,88,1859.21696
3.109139,79,1859.377145
2.492902,67,1859.515602
5.032711,74,1859.660677
102.492824,61,1859.786996
4.628224,73,1859.935446
103.787816,85,1860.110178
2.089085,68,1860.252015
3.54151,86,1860.438257
1.577237,73,1860.587287
4.664223,78,1860.748441
5.303052,65,1860.883124
1.097168,84,1861.051044
4.152331,69,1861.190588
3.099389,76,1861.344229
0.489056,100,1861.544138
1.449807,91,1861.724234
101.280732,68,1873.187349
3.951697,63,1873.313274
2.413136,67,1873.447744
101.117988,102,1873.649285
1.450622,77,1873.801549
4.030024,75,1873.952844
2.096409,68,1874.085255
1.844266,78,1874.248266
4.19711,65,1874.390663
2.480886,79,1874.544873
2.226801,88,1874.723306
100.697157,51,1874.828671
102.110375,67,1874.965172
3.684136,64,1875.095565
4.555067,73,1875.241525
0.236322,82,1875.404717
101.142651,89,1875.58176
1.867575,68,1875.728385
3.580565,83,1875.897204
0.797985,1000,1889.274873
2.75275,68,1889.426949
3.265358,68,1889.568701
3.592931,67,1889.704992
1.179252,96,1889.904519
5.100048,78,1890.061136
2.785672,70,1890.202862
0.565841,214,1890.640109
3.239333,79,1890.800123
2.382942,72,1890.943535
3.887102,66,1891.076579
0.147927,80,1891.249166
2.527522,69,1891.387488
4.837855,62,1891.510826
1.221956,69,1891.649262
103.856531,74,1891.79961
3.092067,77,1891.957067
5.546125,75,1892.10838
2.210829,83,1892.273813
3.441321,65,1892.402763
102.386925,67,1892.536276
2.603509,90,1892.729901
1.428876,83,1904.21483
1.891027,87,1904.389457
3.037046,66,1904.522555
2.937651,83,1904.684308
101.490249,94,1904.871069
4.92915,63,1905.009037
1.94308,74,1905.162239
100.753691,95,1905.352347
1.002143,94,1905.536024
4.095974,96,1905.723512
1.668557,70,1905.865289
1.191245,76,1906.015461
4.196601,71,1906.156811
2.988355,71,1906.30017
3.413079,65,1906.426719
2.227778,69,1906.573968
3.72496,64,1906.718116
4.293219,62,1906.843967
101.417598,104,1907.055378
2.432101,62,1907.184107
100.301377,69,1907.32692
2.648745,71,1907.473799
3.171069,72,1907.617212
101.034725,85,1907.786766
4.47373,81,1907.966819
100.316578,34,1908.036513
3.856046,61,1908.160633
4.053979,199,1920.093414
2.318062,88,1920.265932
6.184542,73,1920.409188
3.885117,65,1920.541928
0.082915,99,1920.74476
3.009665,70,1920.886703
3.355891,68,1921.021942
1.819568,82,1921.185537
100.591996,81,1921.347868
4.240117,68,1921.480543
4.942003,93,1921.664665
2.430005,68,1921.799819
3.543618,69,1921.937046
1.080382,128,1922.192834
100.32772,57,1922.300297
4.844473,64,1922.432843
3.673041,72,1922.576549
4.645927,66,1922.710146
3.567505,80,1922.871814
5.379228,73,1923.02164
1.586441,76,1923.171898
2.233963,69,1923.308338
3.517559,66,1923.443481
3.079105,70,1923.583738
4.419212,63,1923.707229
4.893003,62,1923.831195
4.508638,90,1935.735472
102.730562,58,1935.855226
3.586287,62,1935.998882
101.164976,131,1936.311974
4.261778,90,1936.509264
3.900501,64,1936.637637
1.743468,81,1936.803657
2.615956,70,1936.942025
2.064703,68,1937.084894
101.324622,69,1937.234643
4.206068,64,1937.37483
0.895573,98,1937.597558
4.631109,64,1937.717891
2.840856,67,1937.852296
2.864792,86,1938.030645
2.273603,65,1938.175065
1.669617,81,1938.357716
2.338143,89,1938.557104
102.390348,57,1938.679982
2.259211,68,1938.840443
2.164281,69,1938.985205
4.408082,68,1939.12949
2.691713,64,1939.269266
100.844741,75,1939.429048
1.832242,71,1939.579219
2.961268,64,1939.71514
101.347757,72,1939.865873
1.957466,76,1940.025345
-0.330714,96,1951.968063
101.106969,76,1952.141785
0.300188,125,1952.397423
-0.979113,92,1952.583363
4.820031,94,1952.770563
2.405071,81,1952.933634
4.787889,64,1953.058786
3.323942,63,1953.187562
3.09678,89,1953.366196
0.294175,1000,1955.420738
4.378494,67,1955.551733
3.838402,72,1955.696052
3.083954,75,1955.845714
101.241127,65,1955.975264
100.616948,453,1968.288116
3.573822,84,1968.463906
1.748311,71,1968.603077
2.802538,67,1968.733617
4.551264,70,1968.868253
1.709324,69,1969.022569
2.215561,82,1969.18671
4.259267,79,1969.348712
-0.622994,97,1969.552425
101.601814,122,1969.798978
2.934831,67,1969.92991
100.182182,58,1970.041514
5.145033,64,1970.176963
2.885025,67,1970.308275
5.061032,68,1970.445954
4.122499,72,1970.593815
3.158978,69,1970.734327
-0.615414,89,1970.908924
103.176616,65,1971.033374
2.483017,72,1971.174872
100.698112,64,1971.299397
1.954255,99,1971.488871
100.413604,73,1982.911521
3.703881,65,1983.037112
2.309242,63,1983.156605
-2.001506,119,1983.39361
2.160196,74,1983.539649
3.074711,84,1983.703002
101.511999,48,1983.795494
100.40745,57,1983.90912
2.309789,69,1984.043522
2.351448,71,1984.182311
2.121564,69,1984.318348
3.926095,79,1984.491838
6.189962,66,1984.623841
4.687409,66,1984.751906
102.462,79,1984.908312
2.161598,67,1985.036688
1.504511,69,1985.171497
102.134138,82,1985.333374
100.729499,47,1985.424939
2.733953,77,1985.580483
101.439315,75,1985.728644
5.931061,64,1985.858534
2.223387,64,1986.003605
3.380631,65,1986.13309
1.495297,63,1986.257467
101.357691,123,1986.500438
4.632973,63,1986.622233
2.445027,70,1986.758496
2.17192,69,1998.410324
105.516077,75,1998.562697
100.884843,81,1998.723209
102.204494,70,1998.860095
2.520039,72,1999.001487
3.315109,64,1999.123875
3.675165,67,1999.25578
2.628821,68,1999.404313
101.992061,67,1999.538626
2.373383,69,1999.677256
102.489151,76,1999.833157
2.447212,61,1999.954392
102.272723,67,2000.092002
103.417063,66,2000.223879
3.071004,66,2000.356156
-0.366518,95,2000.546778
1.131572,71,2000.685201
4.924866,73,2000.834375
1.547825,78,2001.007592
1.945534,69,2001.143247
3.241262,66,2001.273364
3.784017,64,2001.403242
2.974319,65,2001.53709
4.271047,66,2001.667492
4.04336,66,2001.79973
1.744401,69,2001.949372
102.104447,50,2002.050456
3.502072,90,2002.232762
3.762027,64,2002.364357
1.701574,71,2013.80873
4.94175,76,2013.982288
3.130912,65,2014.112055
4.229043,62,2014.242309
4.589598,79,2014.409338
4.676329,65,2014.542716
2.532004,76,2014.697138
3.053185,63,2014.827986
0.466356,80,2014.988204
1.980303,66,2015.117195
100.711074,56,2015.231215
1.697219,75,2015.382728
4.161209,82,2015.548933
0.159553,74,2015.696623
101.364527,70,2015.835407
100.317013,74,2015.98866
2.253971,66,2016.119806
0.382211,154,2016.428224
101.588536,76,2016.579462
4.240341,64,2016.706677
4.395507,74,2016.856832
4.485488,183,2017.21968
4.705152,63,2017.346223
-0.722527,115,2017.579795
5.364183,62,2017.704357
101.47257,72,2017.853378
1.930889,77,2029.502528
4.960318,68,2029.637772
5.291089,62,2029.760418
5.116597,72,2029.902742
-0.308335,107,2030.11751
3.035587,66,2030.249074
100.629268,65,2030.376251
2.13695,70,2030.524245
2.813215,65,2030.667897
4.23169,79,2030.820961
-1.944412,209,2031.234113
4.339628,64,2031.359708
4.438716,65,2031.487249
3.537157,65,2031.618218
0.365731,110,2031.837911
3.266432,88,2032.010867
3.644516,74,2032.173016
4.663541,71,2032.317198
1.567527,101,2032.515565
4.17916,77,2032.670409
2.999398,68,2032.807239
3.449533,65,2032.939698
2.056643,71,2033.088355
4.52828,64,2033.2164
0.683958,88,2033.395398
0.721933,74,2033.541296
1.620774,73,2044.958515
1.997612,77,2045.112424
-0.158734,1000,2047.11622
0.469587,73,2047.267131
103.027067,52,2047.369536
1.797968,99,2047.575462
2.065316,66,2047.709869
3.048979,65,2047.845644
4.668242,164,2048.17919
1.571009,79,2048.339972
4.790617,67,2048.479019
0.556761,87,2048.666621
2.28996,68,2048.801412
1.505652,68,2048.935613
1.318632,73,2060.390758
5.315787,75,2060.541588
-2.027457,139,2060.824454
102.55191,68,2060.962264
3.406493,65,2061.099108
4.550465,64,2061.233313
3.583811,71,2061.375657
3.634249,82,2061.538736
1.572886,89,2061.715897
101.056273,72,2061.862176
101.112091,96,2062.051301
0.976292,73,2062.199799
4.35452,73,2062.346817
101.350893,81,2062.512855
2.785132,80,2062.673724
103.707533,60,2062.797916
0.169152,104,2063.012517
5.782335,85,2063.179369
0.899253,72,2063.321898
4.4228,64,2063.452969
2.059395,80,2063.610361
2.453165,82,2063.775927
3.093592,84,2063.943733
1.032348,73,2064.084768
5.695155,75,2064.232638
0.883499,78,2064.389504
2.808622,75,2075.952344
1.145373,77,2076.102496
5.423342,77,2076.254687
1.631569,68,2076.393416
4.901038,71,2076.53921
3.712123,78,2076.695909
100.700286,67,2076.83039
101.726323,82,2076.993521
100.723056,102,2077.198159
2.722099,79,2077.368963
3.897117,66,2077.498841
3.916988,60,2077.616395
2.001116,76,2077.767881
4.35084,64,2077.89636
4.001217,63,2078.02383
2.662818,69,2078.164296
3.442599,64,2078.293271
3.696253,67,2078.426111
4.465107,63,2078.553144
3.85256,72,2078.695705
-0.227513,82,2078.873695
3.547734,80,2079.031918
103.104684,72,2079.178964
4.833389,62,2079.302941
1.07119,96,2079.495745
1.244287,150,2079.797975
1.530372,72,2079.939791
101.659521,49,2091.44966
101.755723,66,2091.583816
1.455994,70,2091.724528
-0.241019,1000,2093.743664
3.643267,66,2093.877093
4.606209,83,2094.050456
1.481219,98,2094.244524
100.909992,81,2094.407874
1.299498,86,2094.602645
1.103358,142,2094.887993
101.847551,62,2095.012343
101.896825,66,2095.147806
1.536608,71,2095.288271
1.60947,83,2095.451764
2.671012,69,2106.948116
0.169145,96,2107.150287
105.794106,63,2107.27078
102.697159,53,2107.377938
106.31873,75,2107.527593
2.368466,84,2107.693974
4.305409,63,2107.818169
101.922374,68,2107.958319
1.03146,102,2108.167564
1.464171,123,2108.418819
4.0742,68,2108.559304
5.143547,63,2108.690051
2.07004,69,2108.822964
4.275881,74,2108.970577
3.617996,91,2109.153788
101.791037,60,2109.270028
-0.0169,103,2109.471385
3.966698,64,2109.596303
-2.069449,585,2110.745433
0.365322,84,2110.913087
5.122399,72,2122.362397
5.187544,63,2122.489079
3.239277,64,2122.617998
3.941803,61,2122.742643
100.579594,59,2122.860829
2.969324,67,2122.997415
101.599897,70,2123.134615
0.226389,104,2123.35153
2.500992,66,2123.497257
2.362421,77,2123.648257
100.701784,96,2123.843659
-2.058758,118,2124.084118
2.457579,69,2124.218163
1.387101,71,2124.356604
4.365314,65,2124.484996
3.435934,64,2124.607176
2.687272,69,2124.744058
2.258467,66,2124.876042
3.366776,64,2124.999888
0.817083,94,2125.198839
1.204201,79,2125.350633
4.548182,66,2125.47918
101.302528,105,2125.680215
100.729679,33,2125.744762
1.789301,69,2125.87816
-1.402504,563,2138.210134
-1.68905,119,2138.436201
-0.072369,100,2138.63094
4.191839,64,2138.755583
1.599524,72,2138.898253
101.438793,58,2139.014612
4.766302,84,2139.187296
2.702882,68,2139.324439
102.507774,56,2139.437337
4.220669,64,2139.582326
3.143641,75,2139.739896
4.134028,64,2139.869707
102.857509,86,2140.047314
4.39742,62,2140.17257
0.041783,96,2140.370139
4.150052,66,2140.504908
1.771485,62,2140.630152
1.206185,70,2140.770329
100.994335,57,2140.900548
4.534244,73,2141.048742
-1.046819,104,2141.261723
3.756366,61,2141.385175
3.888464,78,2141.546202
4.152413,78,2141.709114
1.073922,79,2153.190234
-0.312206,1000,2155.148799
4.578676,80,2155.304589
102.218274,66,2155.433287
1.006353,72,2155.574101
4.330736,85,2155.745976
101.405714,77,2155.897566
3.373839,75,2156.048265
4.098565,79,2156.209414
103.108677,73,2156.353633
3.92064,67,2156.493977
4.704449,72,2156.635433
5.294001,64,2156.764448
102.433852,70,2156.906433
0.144137,1000,2170.177019
100.819882,65,2170.322683
4.329376,69,2170.457792
2.355957,66,2170.58949
2.308537,68,2170.722368
1.466196,68,2170.858971
2.396795,78,2171.018002
3.993177,61,2171.139496
4.814789,90,2171.316865
1.788805,64,2171.456221
4.187398,83,2171.629245
3.28588,84,2171.79213
100.676221,74,2171.941938
2.574596,77,2172.092428
3.90206,75,2172.241868
3.862681,65,2172.371748
3.11904,76,2183.801428
101.147682,85,2183.96636
3.506074,87,2184.135955
1.044486,93,2184.317191
4.901399,63,2184.446808
0.181825,80,2184.607012
103.016764,50,2184.705756
100.463128,336,2185.388685
1.572628,84,2185.553411
0.422767,78,2185.716783
3.59569,67,2185.852293
4.019148,62,2185.980472
0.078442,174,2186.323523
4.420249,87,2186.515965
1.259059,66,2186.653021
101.762595,67,2186.78927
1.288148,72,2186.934869
1.561464,69,2187.076648
4.020549,65,2187.208319
101.754294,62,2187.334773
4.020642,96,2187.525146
1.483443,69,2187.658223
1.139964,71,2187.801192
2.114991,76,2199.296313
3.93815,73,2199.443675
0.924358,85,2199.615325
0.425892,107,2199.828971
3.395518,66,2199.961976
1.16331,92,2200.14996
101.130863,73,2200.296088
2.885073,66,2200.428975
1.620472,96,2200.629843
0.526034,133,2200.910692
4.40854,71,2201.052241
101.002366,43,2201.141724
4.399945,64,2201.272335
4.820568,68,2201.411909
4.989043,65,2201.549194
4.290734,71,2201.707426
3.553134,78,2201.896699
106.240637,73,2202.055782
101.54481,97,2202.256037
3.203274,79,2202.416329
3.057475,73,2202.562452
2.422378,63,2202.689168
0.802431,77,2202.845408
4.629535,69,2202.985376
2.838216,65,2203.114936
101.843257,69,2203.256882
-0.192453,1000,2216.761638
4.669808,63,2216.888927
4.22176,65,2217.015154
2.61862,66,2217.144489
2.834625,75,2217.291839
101.133348,69,2217.437245
-0.163092,170,2217.760903
3.736037,77,2217.911125
105.917123,67,2218.039109
3.135995,74,2218.183841
-0.437409,95,2218.375904
4.612171,76,2218.523284
3.148234,66,2218.652518
3.851032,78,2218.810739
4.905361,63,2218.945306
0.081108,141,2230.583404
0.055382,87,2230.758162
-0.288986,95,2230.945881
1.51045,85,2231.123158
-0.522382,83,2231.318416
4.406778,81,2231.496441
1.624883,92,2231.691669
4.083838,63,2231.818839
101.636123,94,2232.010155
1.171817,74,2232.162351
1.027423,77,2232.317281
3.440591,84,2232.483985
4.663555,71,2232.630624
4.244477,198,2233.04006
100.83833,73,2233.19044
1.741183,71,2233.353714
100.661747,66,2233.486212
1.935922,85,2233.654719
4.275639,70,2233.798474
1.703695,82,2233.958408
0.489549,94,2234.14779
-0.452923,132,2234.41618
1.122913,74,2234.564903
0.21173,87,2246.243704
5.407256,68,2246.375508
3.720444,65,2246.502904
101.462452,68,2246.633441
4.147704,76,2246.789481
2.455444,68,2246.939793
101.245668,73,2247.080336
4.516214,65,2247.209505
-0.213213,97,2247.400413
1.858495,93,2247.590166
-0.603194,92,2247.775051
2.388347,64,2247.901785
1.42611,76,2248.05131
4.79713,88,2248.227298
5.16554,85,2248.424255
5.654063,80,2248.588462
101.199909,74,2248.741856
2.288118,86,2248.915218
1.498294,69,2249.054031
2.189984,70,2249.198525
1.138319,86,2249.370438
-0.437053,89,2249.547324
100.477653,58,2249.667962
104.758377,61,2249.792463
3.232963,66,2249.920204
102.139989,50,2250.033066
4.137882,71,2250.172518
101.261328,80,2261.707788
2.360034,70,2261.848124
0.922573,81,2262.012441
0.011786,1000,2264.032195
2.869967,64,2264.157434
-0.285958,1000,2277.614391
3.371286,95,2277.807308
1.910621,70,2277.948479
102.155449,56,2278.060922
4.858966,72,2278.204719
2.06258,76,2278.377179
1.523783,85,2278.543035
4.478731,64,2278.667612
4.555196,69,2278.80556
5.714578,72,2278.952966
1.46809,79,2279.1073
1.633051,73,2279.250994
-1.959731,131,2279.531897
102.058421,50,2279.630779
3.423221,66,2279.75889
4.657983,69,2279.894447
0.949903,104,2280.098228
102.178401,69,2280.233857
3.126586,65,2280.361623
101.704499,70,2280.501148
3.745592,60,2280.624693
3.500737,63,2280.747225
4.425444,65,2280.877586
4.929664,84,2281.045136
2.618749,71,2281.189258
1.637809,71,2292.611211
3.692898,67,2292.763025
1.261339,71,2292.90726
1.7126,68,2293.044436
3.836307,68,2293.176241
3.67632,106,2293.383239
2.39793,69,2293.517846
3.093095,71,2293.661724
102.389412,59,2293.783049
105.59632,76,2293.93239
101.966125,68,2294.07455
4.298585,69,2294.210683
3.095087,65,2294.338536
4.080414,66,2294.465793
102.286627,50,2294.56636
101.248749,68,2294.700514
2.663722,89,2294.875827
4.385711,61,2294.996429
1.261703,106,2295.213309
100.932413,60,2295.339226
102.394521,77,2295.496776
3.482743,59,2295.614588
3.469465,96,2295.804172
1.583479,72,2295.945025
1.96939,69,2296.079455
4.39891,73,2296.225974
1.630779,94,2296.412939
103.461873,60,2296.538465
4.512981,84,2296.70665
3.373231,71,2308.564424
3.867676,65,2308.702591
103.187662,74,2308.847767
101.329729,77,2308.997399
-0.981311,103,2309.207264
4.7382,71,2309.351522
100.862575,82,2309.518203
1.946814,70,2309.671821
1.863444,69,2309.808677
1.953286,70,2309.944076
101.245757,67,2310.076966
5.31594,82,2310.253737
102.937949,52,2310.360194
0.812979,72,2310.506964
1.168586,80,2310.664709
2.307252,87,2310.837967
3.293501,64,2310.965
1.921254,69,2311.103092
3.432021,67,2311.25084
101.656952,84,2311.418003
4.661447,75,2311.568647
1.474518,82,2311.730997
1.001038,73,2311.878506
1.994719,67,2312.014957
-0.794078,260,2312.531962
1.545098,70,2324.059481
4.564554,67,2324.204861
3.978077,73,2324.346883
1.495554,68,2324.47754
1.565612,73,2324.618468
102.345777,82,2324.778276
2.494752,70,2324.918087
104.10858,66,2325.048973
103.225996,68,2325.181408
-2.176891,117,2325.411387
-0.443078,92,2325.593903
5.124508,72,2325.733968
101.216498,66,2325.865806
101.192264,73,2326.006839
100.341317,262,2326.550537
102.077135,57,2326.666641
1.207272,81,2326.830584
4.85331,66,2326.959576
1.733159,90,2327.141728
-0.384101,96,2327.34249
-0.471401,77,2327.539043
102.915308,80,2327.750574
101.585933,45,2327.86421
100.668992,70,2328.005348
4.434385,82,2328.167563
-0.033484,1000,2341.762492
2.965774,85,2341.937098
3.153053,67,2342.075701
0.844931,79,2342.232909
4.074242,81,2342.393918
1.142829,87,2342.578648
102.580849,63,2342.704364
0.716791,75,2342.856291
4.645838,73,2343.005504
3.618819,82,2343.166085
1.290607,70,2343.304623
2.948637,68,2343.440627
4.208497,64,2343.568829
4.509365,85,2343.740873
0.583132,73,2343.891472
102.559581,62,2355.464799
102.129028,85,2355.638347
4.313054,66,2355.773235
1.206122,86,2355.94664
2.74141,67,2356.085846
101.476002,62,2356.215408
2.7881,64,2356.347593
-0.246933,87,2356.531031
103.77648,68,2356.668396
3.19861,64,2356.800243
3.458569,81,2356.969098
100.397273,43,2357.05765
5.020894,63,2357.185311
0.050834,1000,2359.260402
4.879364,75,2359.419228
4.050102,60,2359.550061
102.256412,44,2371.024439
1.135195,106,2371.237269
1.64709,87,2371.409512
104.064606,72,2371.560669
4.651272,89,2371.73765
5.086312,63,2371.863362
101.101291,85,2372.035674
1.687861,73,2372.178916
1.537964,72,2372.340617
4.511947,70,2372.482275
1.7843,85,2372.652459
-0.081819,1000,2374.616998
101.092089,97,2374.810357
2.313299,61,2374.930454
0.668526,76,2386.478458
3.117964,67,2386.618927
1.184527,71,2386.765617
101.892045,67,2386.896436
1.30136,84,2387.062276
4.048517,76,2387.210365
-0.287414,113,2387.435052
3.245087,73,2387.587769
101.293579,53,2387.693694
2.390186,73,2387.83833
1.38604,89,2388.023293
3.149875,65,2388.148228
4.349686,70,2388.287866
102.652219,57,2388.39803
3.139009,64,2388.519847
101.471613,68,2388.655389
4.619861,63,2388.780421
3.394091,89,2388.958268
0.636689,194,2389.335226
101.009463,61,2389.458645
-0.186938,81,2389.622345
4.909981,93,2389.80717
1.571043,73,2389.949278
100.65771,71,2390.090065
2.105092,64,2390.220582
3.613123,65,2390.345572
3.456337,75,2390.4944
2.938644,81,2402.073663
4.216443,83,2402.234682
1.412434,63,2402.359727
4.325378,63,2402.484808
5.085485,63,2402.612056
4.781166,63,2402.73701
3.030577,68,2402.872079
3.66133,69,2403.011086
105.806462,70,2403.14975
5.335431,63,2403.274793
2.886836,67,2403.408504
1.046665,66,2403.557598
2.076509,74,2403.706474
1.353904,82,2403.869199
3.441678,94,2404.062757
4.568693,61,2404.186321
5.641967,69,2404.324394
0.716343,102,2404.525877
5.278727,72,2404.670752
-0.959925,91,2404.861165
4.129156,72,2405.005145
0.305692,80,2405.167154
-0.012337,95,2405.356138
0.916397,72,2405.497497
104.95585,70,2405.639645
4.440652,60,2405.763934
4.740737,83,2405.927338
3.938706,62,2406.049174
3.158026,76,2417.804874
3.766485,69,2417.943942
2.425235,70,2418.081255
4.211005,64,2418.205904
-0.888287,86,2418.379853
101.547023,95,2418.567899
101.330749,66,2418.700349
102.188344,80,2418.857599
4.332084,65,2418.987861
-1.009097,91,2419.167717
3.819531,68,2419.30571
5.03754,74,2419.472199
2.281596,69,2419.609419
-2.327059,111,2419.827395
102.552341,61,2419.948491
2.23715,68,2420.086276
-0.209458,95,2420.280896
2.108677,69,2420.416639
3.981627,68,2420.549978
2.33646,67,2420.679428
5.632062,62,2420.803003
3.272134,65,2420.929092
2.981279,67,2421.066416
5.157126,71,2421.21218
5.205454,82,2421.379528
2.081943,71,2421.524704
3.273308,96,2421.713392
103.333434,51,2433.087494
104.946444,76,2433.245942
2.343518,83,2433.423683
4.574063,61,2433.547499
103.597125,60,2433.669324
0.912002,89,2433.844234
100.901022,43,2433.93437
100.961585,55,2434.046552
1.943797,68,2434.185778
4.066376,61,2434.310947
5.448959,68,2434.448584
101.260075,76,2434.60592
4.419878,71,2434.750916
3.163936,85,2434.923591
101.125442,78,2435.080518
2.800023,90,2435.268826
2.50449,66,2435.400623
103.086513,59,2435.519011
100.60142,82,2435.679991
1.826042,70,2435.82027
-0.028488,85,2435.986722
5.118158,79,2436.146815
102.606829,70,2436.289102
0.780335,136,2436.55317
2.981902,68,2436.693399
102.326511,69,2436.833331
104.4474,78,2436.989718
2.975799,71,2437.133591
3.079026,75,2448.538925
100.97518,73,2448.679956
0.747633,72,2448.820364
104.268425,78,2448.975446
2.544045,68,2449.111223
102.932311,68,2449.246715
2.791973,72,2449.393157
2.834193,66,2449.526932
-0.676884,470,2450.472023
3.608321,68,2450.613345
1.792809,67,2450.748934
5.538114,113,2450.972274
4.887652,71,2451.116229
-2.161802,106,2451.335392
2.288907,68,2451.474907
5.005749,85,2451.653027
1.394761,70,2451.796473
3.906541,90,2451.986884
2.898239,91,2452.174826
3.988713,66,2452.313607
3.387684,70,2452.464859
2.439115,90,2463.896131
102.111849,60,2464.037259
101.284119,46,2464.130508
101.502109,63,2464.257988
2.257024,69,2464.399114
4.035243,68,2464.538502
3.813772,74,2464.68545
1.015878,92,2464.876829
-0.206147,110,2465.095203
4.154367,65,2465.227409
104.72659,72,2465.372742
102.076915,89,2465.548339
101.495146,116,2465.778682
1.674822,86,2465.949634
2.861603,75,2466.09924
3.133279,77,2466.256492
101.322285,84,2466.423619
1.539847,83,2466.589528
2.596937,73,2466.733663
1.390585,73,2466.878204
3.041629,61,2467.006025
1.685468,95,2467.196952
2.464316,70,2467.342445
4.060106,62,2467.467387
0.574958,88,2467.643206
0.934189,73,2467.789225
4.927888,63,2467.930945
0.120788,1000,2481.216101
100.984855,182,2481.583911
2.189036,66,2481.711315
1.75078,79,2481.872655
4.977687,81,2482.042213
3.251688,65,2482.173856
5.376606,61,2482.296356
3.886019,65,2482.427627
1.63513,67,2482.556755
102.203154,43,2482.645285
104.525679,83,2482.8073
101.967366,63,2482.932272
0.947466,96,2483.120394
5.591295,67,2483.256103
4.535232,69,2494.660034
-0.428379,95,2494.851495
2.48973,65,2494.981019
100.228579,814,2496.627981
101.555289,55,2496.738489
0.985131,88,2496.91436
-2.388239,124,2497.161843
1.745146,84,2497.345451
0.318707,75,2497.500226
101.051822,80,2497.660811
3.2048,70,2497.801049
1.126886,88,2497.976256
102.525449,65,2498.106524
1.892478,69,2498.244038
-0.264193,82,2498.41229
4.784295,73,2498.556366
101.284114,94,2498.744186
-0.005635,81,2510.224208
101.937325,47,2510.320236
1.373788,71,2510.463559
-0.363029,175,2510.825387
2.186463,70,2510.962518
4.040136,62,2511.087829
3.623565,66,2511.224379
106.121926,69,2511.363719
3.629787,64,2511.493416
3.533039,67,2511.639881
-2.320677,113,2511.869417
3.906357,64,2511.996818
4.278441,64,2512.124674
100.783355,77,2512.278852
101.343646,89,2512.453
1.450267,74,2512.60269
0.772363,129,2512.879678
1.446571,87,2513.054834
4.813439,63,2513.179085
2.004323,70,2513.321918
5.480291,65,2513.45254
101.806886,56,2513.564164
3.43327,63,2513.690648
0.797089,80,2513.848509
101.334853,72,2513.99529
4.147471,76,2514.148411
1.04978,73,2525.651141
-2.519707,157,2525.980357
0.924677,97,2526.174597
102.046651,122,2526.421393
2.540893,70,2526.56457
0.333073,1000,2528.603623
100.992152,76,2528.761274
4.271502,83,2528.925891
4.288919,65,2529.057903
4.739723,78,2529.218736
5.966393,65,2529.353446
-0.677797,90,2529.540802
2.60906,69,2529.674472
2.535561,69,2541.192817
2.507317,63,2541.32287
3.449771,62,2541.446463
1.885151,76,2541.597548
101.577027,49,2541.694011
2.477704,65,2541.829439
2.204958,81,2542.008819
2.68206,66,2542.143256
-0.311785,1000,2544.147063
4.144207,62,2544.27497
3.762499,64,2544.412894
1.340032,92,2544.595878
2.049741,83,2544.761199
-0.058774,83,2544.926978
2.492831,73,2545.085438
4.392076,108,2545.303149
2.348191,70,2556.679201
1.712308,71,2556.819702
102.520341,55,2556.940388
1.943132,90,2557.118716
101.331555,72,2557.261095
1.464081,91,2557.44351
4.73056,61,2557.563957
3.052869,69,2557.703705
2.170031,77,2557.857838
2.084885,64,2557.984733
101.77191,75,2558.137199
4.781184,82,2558.297192
101.467107,93,2558.480722
101.627542,69,2558.618251
3.82951,67,2558.752777
1.336146,87,2558.924375
4.274261,64,2559.054949
0.769304,121,2559.295592
3.509627,69,2559.434298
3.335887,66,2559.57268
2.547989,70,2559.713359
0.762787,74,2559.861859
2.047375,84,2560.031084
103.434156,67,2560.173571
100.793504,82,2560.343234
-0.561697,175,2571.985264
101.134373,60,2572.10684
3.365896,64,2572.239196
101.178681,72,2572.385746
4.277196,78,2572.542678
2.443515,67,2572.678146
3.545701,68,2572.815156
1.599805,72,2572.959283
1.313759,67,2573.105518
4.393084,85,2573.282603
2.716552,71,2573.429061
3.279965,68,2573.566501
3.281513,70,2573.709861
5.211166,66,2573.840096
0.448111,97,2574.034278
2.298617,75,2574.209425
4.401105,68,2574.349509
2.730712,69,2574.488325
3.092664,66,2574.619068
-0.472503,102,2574.820591
2.695488,61,2574.94358
0.436337,86,2575.116823
4.201282,60,2575.232891
101.235396,100,2575.432586
0.733605,74,2575.58406
5.57816,76,2575.752869
5.240677,66,2575.883852
3.37522,60,2576.002664
101.114431,32,2576.070431
1.080645,73,2587.485607
5.877943,71,2587.638246
0.299864,81,2587.796293
3.774591,71,2587.939075
4.123161,67,2588.071168
2.22319,67,2588.201349
1.571188,73,2588.348377
3.865253,72,2588.493124
100.624327,66,2588.624322
4.903677,85,2588.792343
2.528654,65,2588.921823
3.901893,65,2589.048941
4.583695,65,2589.1783
0.07378,128,2589.438202
2.131817,79,2589.591885
1.946716,86,2589.765088
102.167585,59,2589.881713
3.745012,63,2590.009678
1.90205,76,2590.164108
4.673669,65,2590.290786
4.056334,101,2590.484606
0.120117,1000,2603.865851
3.328209,66,2604.008485
2.352176,64,2604.137254
3.020163,68,2604.276214
3.502457,91,2604.459852
0.894386,85,2604.630411
3.99448,70,2604.771232
104.545111,63,2604.897646
104.58154,74,2605.049885
104.279673,63,2605.177979
2.148985,120,2605.440101
102.789344,71,2605.585391
102.629302,64,2605.712682
101.300432,44,2605.802627
3.633544,86,2605.971502
0.119031,78,2606.134698
-2.028156,133,2606.412673
3.294607,81,2606.580559
2.860138,71,2606.722567
4.8357,78,2606.880772
5.099221,66,2607.01788
5.38015,84,2618.536953
4.707687,67,2618.671104
102.156425,43,2618.756612
4.698789,82,2618.91845
3.40492,63,2619.047118
4.082253,64,2619.175525
4.514364,64,2619.306511
3.413694,80,2619.465928
4.115411,92,2619.658064
1.039922,75,2619.808396
105.180839,65,2619.937564
4.959192,77,2620.095043
4.7073,66,2620.226895
1.533486,70,2620.368383
0.821913,73,2620.514136
1.63282,82,2620.67837
102.245943,52,2620.781965
103.060001,56,2620.894014
1.460033,70,2621.032245
101.116074,59,2621.149103
103.14264,71,2621.29312
2.26499,72,2621.435149
-0.475005,111,2621.658143
101.608326,67,2621.792071
100.929595,187,2622.166342
101.299803,83,2622.329193
101.698616,66,2622.466932
101.367061,59,2633.986346
104.690797,65,2634.123992
2.019481,74,2634.279437
0.479449,89,2634.470503
5.398061,65,2634.617054
-0.368917,81,2634.782367
1.670426,86,2634.961831
4.02653,82,2635.137524
102.121074,66,2635.277505
101.806624,77,2635.439074
3.911769,59,2635.560794
2.022408,75,2635.717169
2.973184,59,2635.837461
3.761525,90,2636.022985
3.0989,79,2636.189956
1.547485,69,2636.346599
2.971797,66,2636.48322
1.122514,97,2636.691108
1.159244,71,2636.836875
5.648983,67,2636.979228
3.979138,66,2637.118849
3.667486,66,2637.256889
3.751194,59,2637.389361
2.153653,71,2637.534199
1.860813,79,2637.693444
1.535359,78,2637.853074
4.066903,67,2637.992787
2.529551,97,2638.196712
3.235805,65,2649.560383
1.81979,85,2649.742354
4.682608,72,2649.890084
101.60162,77,2650.051741
2.749019,75,2650.212383
104.788468,65,2650.344783
4.169219,69,2650.49214
1.370179,81,2650.662743
101.347666,63,2650.789195
1.106246,87,2650.967122
0.816421,71,2651.114815
3.478814,62,2651.246054
3.968289,68,2651.385936
5.420344,71,2651.529346
103.596158,66,2651.664049
4.732066,69,2651.804152
4.223839,64,2651.935469
0.498209,87,2652.111015
2.524276,80,2652.277971
2.816201,69,2652.42118
3.510938,72,2652.571986
2.905102,60,2652.697923
-0.465104,325,2653.361682
1.399716,71,2653.506881
4.978613,79,2653.681905
4.327379,64,2665.257375
101.180989,89,2665.447499
1.000365,78,2665.608664
1.466133,74,2665.766361
0.697475,78,2665.939086
5.262883,62,2666.067248
104.671219,79,2666.236477
3.808529,61,2666.366244
100.9902,88,2666.550427
101.983277,66,2666.682545
103.452726,76,2666.839688
2.57937,77,2666.995607
100.962447,77,2667.150687
101.600444,56,2667.26805
4.965602,59,2667.40512
1.508568,70,2667.549389
5.938726,65,2667.685349
2.857476,58,2667.804946
3.426635,64,2667.936446
5.099601,189,2668.32182
1.387614,75,2668.47627
2.997125,89,2668.658298
2.881446,86,2668.837158
2.145507,83,2669.006421
100.867592,108,2669.230659
1.747645,70,2669.375278
104.073838,68,2680.748268
-0.895576,92,2680.934494
2.266371,74,2681.086218
3.296154,74,2681.237478
1.316566,81,2681.407768
102.065412,69,2681.548572
101.441964,56,2681.664245
-0.589882,85,2681.834341
101.06963,93,2682.022098
2.525467,62,2682.143278
2.793906,76,2682.291717
1.209707,103,2682.510107
5.021661,73,2682.655234
3.918155,66,2682.788634
2.153894,70,2682.925776
100.891201,35,2682.997677
1.812562,71,2683.138804
100.953655,91,2683.323322
3.810016,59,2683.438501
3.958259,85,2683.604524
102.038807,56,2683.71317
5.760035,79,2683.870963
1.382874,97,2684.061367
4.483693,64,2684.187317
1.750535,83,2684.347388
4.612535,96,2684.530727
105.106287,61,2684.664372
2.423312,88,2696.077496
1.400707,75,2696.231621
3.032542,68,2696.368113
4.27851,87,2696.546418
4.079506,86,2696.744086
3.091047,93,2696.937175
4.761269,67,2697.075327
4.019604,97,2697.283549
2.90797,71,2697.430306
2.013634,81,2697.596173
3.545968,72,2697.743345
1.950949,76,2697.900882
3.815945,65,2698.038654
4.574113,72,2698.188735
2.962406,68,2698.345571
0.609344,84,2698.510597
103.954765,61,2698.629117
103.776264,63,2698.75493
4.757974,68,2698.888699
1.194905,78,2699.045262
3.140548,66,2699.171542
0.355865,1000,2712.415673
103.950822,58,2712.534619
5.375912,65,2712.662036
1.602246,69,2712.80574
1.631363,101,2713.003289
5.803685,64,2713.131747
0.967021,74,2713.27636
2.436683,69,2713.410666
2.32649,60,2713.527947
1.937709,71,2713.667562
100.641664,87,2713.836492
-0.601924,346,2714.502698
3.103819,65,2714.632736
4.862581,78,2714.784568
0.77363,75,2714.928889
101.088918,114,2715.146431
1.72341,71,2715.283151
3.25267,80,2715.463948
1.410193,79,2726.909298
2.40261,72,2727.053364
2.924382,69,2727.190326
-0.444509,102,2727.398613
2.419105,85,2727.567391
1.31188,88,2727.764877
4.085877,66,2727.906032
5.54461,76,2728.064123
3.268396,66,2728.201084
2.243244,85,2728.37622
-0.639013,93,2728.567058
2.641236,69,2728.705921
4.735645,67,2728.841923
102.251195,59,2728.971057
3.263363,61,2729.086624
3.728681,88,2729.26132
4.451158,93,2729.447791
2.563274,70,2729.585741
-0.302576,1000,2742.983759
-1.718,131,2743.245823
-2.15117,106,2743.459901
3.037756,71,2743.600148
2.81188,88,2743.773836
2.701522,79,2743.927205
2.901579,93,2744.105898
1.708079,77,2744.260757
3.532827,69,2744.401481
104.038517,55,2744.518729
0.269178,71,2744.661099
0.749924,1000,2758.015648
2.283669,74,2758.164916
3.036753,73,2758.312147
2.448454,64,2758.445071
4.308318,68,2758.583082
2.058596,86,2758.772973
1.795196,71,2758.916668
100.657836,52,2759.022658
1.670777,73,2759.167063
1.596085,82,2759.328199
101.214489,76,2759.477033
2.803027,92,2759.657049
3.794445,79,2759.811879
0.967302,82,2759.972087
5.457345,62,2760.096318
1.681759,81,2760.274087
101.584569,81,2760.443866
-0.198801,114,2760.674448
2.127012,71,2760.82298
1.302588,113,2761.054792
2.425871,77,2761.226332
1.019103,75,2761.384955
1.156796,72,2761.534504
3.483503,64,2761.668597
4.658394,64,2761.79843
1.336614,83,2761.962014
5.471773,72,2773.252284
4.851301,65,2773.388696
0.41253,79,2773.545447
1.32619,95,2773.734437
103.663719,71,2773.878512
1.391434,75,2774.02918
2.46771,71,2774.165567
101.243175,86,2774.327867
101.33928,69,2774.459188
1.979908,60,2774.572992
0.222141,1000,2776.552316
3.347884,69,2776.696123
0.198742,1000,2790.03538
3.250749,61,2790.155353
4.351906,64,2790.293663
2.817386,70,2790.431721
-0.338399,1000,2792.407384
1.567899,73,2792.551452
0.38974,140,2804.145782
3.317751,70,2804.293101
100.907366,47,2804.380654
4.283689,61,2804.505438
3.875966,63,2804.636687
4.694645,68,2804.775875
3.516417,68,2804.909451
4.397791,69,2805.049342
3.734928,65,2805.177613
2.104031,87,2805.355849
101.597693,70,2805.497875
3.874322,60,2805.621689
3.267786,78,2805.781128
5.920834,72,2805.927049
-0.358427,87,2806.102048
4.4856,68,2806.234727
1.328378,67,2806.370618
3.23085,63,2806.495169
0.551511,78,2806.651124
4.003381,64,2806.776657
2.915585,79,2806.934355
4.53427,61,2807.052556
3.668963,58,2807.170299
4.603567,70,2807.306906
3.940419,85,2807.473706
3.538313,79,2807.63039
1.004594,73,2807.780632
4.102062,94,2807.978656
2.995138,59,2819.596204
3.283382,64,2819.725752
5.446749,75,2819.880423
3.555399,64,2820.008479
4.977851,68,2820.150495
3.0641,66,2820.286927
0.511463,81,2820.451163
2.491759,77,2820.613189
2.071391,65,2820.74797
1.294239,67,2820.880334
101.910041,65,2821.007145
3.383384,71,2821.149866
4.407891,82,2821.327585
3.97468,80,2821.489434
4.130815,66,2821.623634
2.889516,61,2821.751663
101.91006,45,2821.84628
3.523943,66,2821.982749
4.607451,61,2822.10709
2.373537,80,2822.274147
4.026517,59,2822.393906
102.185044,110,2822.622074
1.557889,76,2822.792291
3.689697,62,2822.915285
102.938886,74,2823.060553
1.230655,70,2823.197738
100.933615,95,2823.38071
1.859193,70,2823.521
0.012571,94,2834.921752
4.50726,64,2835.059191
1.79328,69,2835.191951
101.073954,72,2835.32942
-1.894109,147,2835.616507
3.751408,62,2835.737123
100.364806,77,2835.889181
3.383701,70,2836.034054
101.281421,115,2836.261769
103.352551,58,2836.378171
0.988148,77,2836.53204
1.547604,72,2836.67237
102.052825,73,2836.81718
100.280657,136,2837.094249
4.517569,64,2837.218566
2.965969,69,2837.355721
1.68949,71,2837.496401
2.595072,70,2837.641678
0.525595,77,2837.795568
3.737188,83,2837.959127
2.59735,75,2838.112945
2.239527,77,2838.273833
3.16444,74,2838.428198
106.02839,72,2838.575459
0.469471,108,2838.797185
2.286789,81,2838.991039
102.143336,43,2850.258152
2.512895,80,2850.424196
101.301162,66,2850.560593
4.259975,64,2850.704264
-0.558528,95,2850.892339
3.426213,60,2851.017286
0.589131,83,2851.189063
101.166959,77,2851.346537
2.446476,60,2851.469501
100.759724,77,2851.627342
2.498733,62,2851.757381
3.437434,61,2851.880017
3.254561,59,2852.000603
3.329988,80,2852.164925
3.381103,66,2852.296362
2.183294,65,2852.429377
4.502624,63,2852.557653
4.802131,82,2852.727487
101.026002,61,2852.847498
5.343996,66,2853.001002
3.807684,68,2853.138859
4.815227,64,2853.26578
1.590738,82,2853.431368
3.509496,64,2853.554909
103.349564,67,2853.686176
4.408599,67,2853.81373
0.855471,81,2853.971211
4.729091,64,2854.09696
0.829654,71,2854.234986
4.333714,60,2854.350564
4.149738,64,2865.909574
100.904157,95,2866.100453
4.340924,65,2866.230134
5.341014,62,2866.353965
4.290645,62,2866.49456
2.258528,72,2866.633967
2.349947,77,2866.785381
0.483491,1000,2868.856831
0.679274,70,2868.993198
3.510712,67,2869.123387
-0.408661,89,2869.297548
3.389603,87,2869.467757
2.909831,60,2869.587538
2.321065,75,2869.731228
-0.599002,81,2869.917415
2.029943,70,2881.617631
3.902628,71,2881.760346
-0.016074,1000,2883.804262
4.090777,68,2883.953138
3.461209,67,2884.088414
2.329611,67,2884.224079
4.012167,61,2884.351708
1.50285,74,2884.501468
0.703185,161,2884.837735
106.260683,74,2884.994172
1.827531,70,2885.13846
1.576032,76,2885.29445
1.287578,78,2885.451745
5.578583,65,2885.583004
4.74065,63,2885.721702
101.134624,80,2897.134279
-0.213016,1000,2899.133081
2.805691,71,2899.293754
105.213927,75,2899.437078
4.28118,61,2899.556061
3.868398,63,2899.684444
101.000233,159,2899.993838
3.292961,66,2900.122119
3.147531,81,2900.28078
4.750442,68,2900.417209
2.028848,60,2900.533537
3.656404,69,2900.66919
104.411552,75,2900.81462
0.397295,122,2901.070497
4.218762,69,2912.467248
4.844139,90,2912.649647
102.898592,73,2912.803218
4.79758,66,2912.936107
0.153239,1000,2914.966746
4.569183,68,2915.105606
0.431419,80,2915.266088
102.34434,51,2915.369049
1.95986,60,2915.487037
2.141388,67,2915.621093
100.862106,73,2915.76693
2.974498,76,2915.916228
5.69115,85,2916.103703
104.042453,75,2916.2495
3.050474,59,2916.36815
100.603094,57,2916.487868
3.503232,60,2927.801642
1.087143,113,2928.10362
1.674611,69,2928.266149
1.161821,78,2928.417154
2.043973,76,2928.567362
4.741165,83,2928.72928
3.86816,70,2928.871625
5.53582,61,2928.989802
3.984354,70,2929.121537
104.100207,74,2929.264616
-0.109144,129,2929.522136
3.630261,80,2929.679648
103.366194,76,2929.82584
0.71014,79,2929.979795
4.504372,88,2930.152648
5.808195,67,2930.285257
3.161984,72,2930.421942
1.588071,72,2930.562641
2.502434,84,2930.725589
1.743057,73,2930.865702
0.372554,128,2931.112599
5.211226,68,2931.243343
2.709206,61,2931.36639
1.932736,74,2931.51498
1.018669,92,2931.694059
101.707364,74,2931.835089
2.630056,65,2943.222046
3.827494,67,2943.37605
1.154796,73,2943.526515
1.53128,82,2943.695534
100.980318,88,2943.873822
100.383986,147,2944.164022
4.89576,66,2944.291519
2.109481,78,2944.444488
-0.070878,187,2944.822103
1.06635,109,2945.048329
4.328428,71,2945.19344
1.796854,76,2945.351179
-0.498266,96,2945.548783
1.677005,73,2945.696102
3.315316,67,2945.843051
1.313481,64,2945.972776
3.025481,60,2946.098441
4.646302,66,2946.237995
100.88365,62,2946.366091
4.11083,60,2946.487115
1.057515,79,2946.652036
2.240632,67,2946.787563
4.642492,82,2946.948056
3.395473,89,2947.123193
102.746796,50,2947.220792
5.104857,79,2958.546234
2.074898,70,2958.680091
101.132563,56,2958.788418
101.008685,77,2958.953508
2.603944,68,2959.088763
-0.155218,119,2959.320875
1.352404,89,2959.498566
2.978496,71,2959.635481
2.928253,70,2959.778935
3.224124,61,2959.896839
0.246855,80,2960.056138
4.637175,60,2960.172121
1.962249,70,2960.308532
3.462552,62,2960.428694
5.856082,109,2960.642585
3.560442,68,2960.777765
101.501414,105,2961.000635
101.265421,83,2961.160789
101.63885,70,2961.29935
-0.53346,87,2961.468019
5.334916,74,2961.613673
2.138679,93,2961.792557
5.487604,74,2961.93573
2.78466,64,2962.06318
1.831381,85,2962.230489
2.94516,64,2962.351594
102.432883,70,2973.788531
1.633446,67,2973.918387
2.807289,71,2974.055287
3.342418,81,2974.215781
4.562104,66,2974.344942
2.41561,76,2974.49135
1.356499,73,2974.635487
5.383165,61,2974.768075
-0.774872,104,2974.976404
0.044512,424,2975.837992
4.235881,73,2975.977463
101.035646,78,2976.131848
0.199684,82,2976.287368
100.804328,56,2976.403733
3.255553,75,2976.566149
104.402017,75,2976.716874
3.269027,78,2976.870829
3.963412,83,2977.032879
2.959894,62,2977.167526
4.897926,83,2977.327513
1.30764,72,2977.46892
101.339774,78,2977.621746
3.092581,70,2977.757149
2.933445,80,2989.09142
1.54098,71,2989.249218
2.777372,77,2989.404742
103.711075,77,2989.561923
1.33661,71,2989.707076
1.730977,76,2989.86177
1.72232,70,2990.005721
-1.014382,117,2990.239092
3.970868,82,2990.398023
3.448615,78,2990.556471
101.515484,86,2990.734003
2.325834,66,2990.86953
2.066053,72,2991.016155
-0.927579,95,2991.212383
2.500787,70,2991.355176
1.156206,74,2991.505448
4.240359,61,2991.628
4.770302,77,2991.785004
0.65075,78,2991.939041
4.533146,66,2992.072566
101.635865,49,2992.171056
1.749915,64,2992.29455
4.581729,67,2992.4235
0.632536,81,2992.580441
100.375484,62,2992.702382
4.561635,66,2992.833782
101.514478,88,2993.014595
100.653368,63,2993.141425
4.440673,80,3004.668322
4.034037,66,3004.800994
3.209101,63,3004.922436
5.540922,82,3005.084118
4.59046,89,3005.262045
103.072801,63,3005.386717
102.877959,67,3005.513238
3.091072,73,3005.654981
2.580143,69,3005.798393
5.124863,63,3005.934084
2.159244,85,3006.100358
5.368928,65,3006.229812
3.710206,62,3006.351854
2.991132,63,3006.478035
4.71461,71,3006.618228
2.244129,81,3006.779864
1.422017,77,3006.933222
104.570778,57,3007.044951
3.568005,64,3007.171434
2.262154,77,3007.3225
100.686926,79,3007.48052
2.356325,63,3007.604804
4.853641,99,3007.800684
104.077492,55,3007.90743
3.719144,65,3008.040973
3.192534,91,3008.234379
0.850695,125,3008.48543
3.805825,68,3008.617313
104.415765,71,3020.056858
-0.995511,368,3020.77574
3.391334,81,3020.942654
2.308911,78,3021.106334
102.649208,68,3021.24394
6.009262,73,3021.393443
2.640929,86,3021.567636
-0.278144,98,3021.769236
101.489502,87,3021.951869
101.541312,94,3022.158693
1.771724,71,3022.301808
0.908038,77,3022.453446
100.941978,89,3022.62952
2.981464,60,3022.74988
1.027918,1000,3036.088261
5.187684,61,3036.216394
102.097873,62,3036.345773
3.931955,81,3036.514971
103.17208,48,3036.622909
101.62746,73,3036.78119
1.821231,70,3036.921777
-0.381354,84,3037.088611
4.940023,60,3037.205913
100.82139,36,3037.279908
0.503856,90,3037.461307
2.156835,83,3037.622616
0.995138,78,3037.779713
2.875453,115,3038.004125
102.139316,63,3038.128368
-1.024514,103,3038.332107
2.290482,69,3038.467915
2.574976,76,3038.617448
4.812564,67,3038.749797
100.663467,77,3038.90764
102.016018,77,3039.080376
4.494961,70,3039.214072
2.655822,98,3039.412977
2.631402,99,3050.976725
101.451985,83,3051.157341
2.642522,69,3051.296828
4.173977,61,3051.421542
5.45275,61,3051.551374
103.315585,80,3051.706702
4.589334,87,3051.876976
3.125803,80,3052.039241
2.878384,67,3052.175927
2.145851,69,3052.319238
101.118155,308,3052.943417
3.582066,60,3053.063174
5.017073,65,3053.187891
4.588944,60,3053.306439
2.474174,62,3053.431522
1.735464,67,3053.563995
0.714474,741,3066.215069
2.189561,70,3066.359214
2.385207,70,3066.503613
1.662201,78,3066.664388
1.391579,101,3066.88809
2.161088,73,3067.039334
105.137505,63,3067.168401
100.968904,86,3067.351351
101.118031,97,3067.550669
1.81984,63,3067.684231
2.467183,89,3067.880533
3.354664,75,3068.037723
3.055972,68,3068.179507
0.297291,81,3068.346215
1.953683,81,3068.515016
104.594103,58,3068.628893
1.267922,61,3068.749352
102.07168,80,3068.907892
4.558314,67,3069.041239
0.906688,126,3069.28687
3.369114,73,3069.432106
3.604645,62,3069.555594
3.457296,71,3069.698115
3.479042,64,3069.831057
3.874267,60,3069.954958
2.262204,63,3070.085763
-1.66021,260,3081.839758
4.276602,64,3081.972808
2.249194,64,3082.104925
5.846308,65,3082.238464
101.281538,40,3082.323129
3.889793,67,3082.464481
1.010048,63,3082.5946
5.190785,68,3082.736901
2.551938,71,3082.889662
101.489556,87,3083.059051
5.182133,82,3083.219362
3.555435,67,3083.351342
101.612144,82,3083.512176
4.365393,65,3083.638319
1.025644,66,3083.767908
1.189625,81,3083.926895
4.46558,93,3084.109505
1.168988,78,3084.268946
3.666637,104,3084.49227
103.503363,65,3084.61779
-1.90158,309,3085.224136
101.759158,71,3085.369024
2.744713,92,3085.550665
-0.112039,82,3085.710812
3.58227,80,3097.153516
4.351635,102,3097.351611
1.932585,74,3097.494936
3.635492,67,3097.629457
1.759018,91,3097.80964
101.486852,75,3097.955645
2.807912,63,3098.076785
0.055124,122,3098.316378
3.984058,89,3098.489572
5.250684,62,3098.615444
101.244726,76,3098.775101
103.498851,67,3098.904665
3.186023,70,3099.040378
2.794688,67,3099.172325
4.496566,64,3099.290971
3.981609,62,3099.414331
101.993203,62,3099.541391
1.988531,75,3099.696082
101.006121,77,3099.846168
4.86674,98,3100.039155
0.769228,66,3100.19013
4.250432,96,3100.379519
2.453523,67,3100.512534
2.899671,87,3100.682641
4.018459,65,3100.81118
4.88397,63,3100.931347
102.221447,42,3101.032513
102.324328,77,3112.483063
3.672625,60,3112.608134
3.478238,65,3112.755021
101.252099,71,3112.904237
103.218528,52,3113.010331
100.92954,72,3113.159342
3.9098,62,3113.291874
2.831035,70,3113.441215
2.890347,90,3113.634069
1.924579,72,3113.784988
2.074505,60,3113.912323
103.380072,50,3114.020437
100.346446,57,3114.139769
2.855647,67,3114.278329
-0.773741,147,3114.585744
4.498339,64,3114.718554
101.298714,103,3114.926826
4.6331,67,3115.069945
3.31426,91,3115.254485
4.096655,70,3115.40159
4.47599,82,3115.56903
4.360626,99,3115.771543
3.672475,65,3115.908249
101.105789,93,3116.098639
4.084903,81,3116.267039
100.171795,19,3116.309331
3.028112,81,3116.479108
0.827449,73,3116.622829
1.317588,65,3127.956541
4.13193,71,3128.100189
101.61523,80,3128.264381
3.388347,66,3128.400994
4.205255,70,3128.560364
-0.028337,85,3128.735967
2.708905,75,3128.890574
1.169722,81,3129.057409
100.449981,67,3129.197882
1.054744,84,3129.373853
101.938393,64,3129.503488
100.940821,60,3129.629394
101.331838,85,3129.802205
2.61199,63,3129.929517
-1.346224,90,3130.120926
101.374356,81,3130.283191
5.487388,89,3130.457821
104.886023,81,3130.616118
3.084465,59,3130.733647
1.955302,83,3130.916429
1.708948,67,3131.051383
3.229277,73,3131.201706
4.488399,68,3131.339715
4.771597,87,3131.519817
1.851465,77,3131.677857
4.04939,63,3131.806868
0.20051,69,3131.951207
0.652528,75,3143.316687
103.20782,71,3143.460936
101.317681,93,3143.657706
1.40085,80,3143.824054
2.463649,74,3143.97802
-0.240086,80,3144.145469
3.6141,68,3144.285073
3.913897,89,3144.470922
2.097225,89,3144.645114
3.802185,60,3144.763223
2.345352,87,3144.930815
3.635189,107,3145.151925
102.511335,73,3145.298885
101.320981,63,3145.431231
3.477023,93,3145.623224
0.521459,104,3145.833816
101.262886,72,3145.98321
2.209766,83,3146.153476
1.053704,71,3146.309003
4.564425,66,3146.444052
2.362915,69,3146.58641
3.265951,69,3146.734109
104.542562,58,3146.85347
3.870531,67,3146.992815
-1.244632,88,3147.18765
0.646748,63,3147.315471
100.870986,60,3147.439031
-0.776524,104,3158.8875
104.828868,64,3159.013561
1.45237,68,3159.161801
2.261776,71,3159.298428
5.466058,61,3159.420453
101.624492,60,3159.537487
4.346615,68,3159.671504
2.710232,73,3159.815575
-0.919948,110,3160.031175
105.144313,62,3160.150094
100.993551,68,3160.284464
2.866523,60,3160.406475
0.621292,76,3160.55671
101.407789,92,3160.739758
102.440404,69,3160.8767
1.511171,71,3161.020679
3.599878,91,3161.206309
4.51028,91,3161.388893
4.962963,88,3161.568251
101.005495,83,3161.734412
4.2008,107,3161.956777
1.536245,82,3162.125091
102.417871,69,3162.268636
4.305105,64,3162.399393
100.960752,75,3162.554873
0.480442,87,3162.747419
2.981836,71,3162.893794
-2.409103,286,3174.708368
101.178622,77,3174.864609
2.183466,89,3175.037208
1.84194,70,3175.177369
-0.838675,103,3175.384193
101.017252,54,3175.491263
5.164802,65,3175.618149
2.349742,69,3175.754754
101.070605,73,3175.910304
1.565611,59,3176.032682
1.210643,70,3176.184412
0.604217,78,3176.345807
101.094617,81,3176.503806
5.154993,61,3176.620375
-0.692156,128,3176.865552
4.07941,66,3176.994539
3.546356,82,3177.157537
5.131612,95,3177.341222
2.591416,65,3177.465384
100.546273,148,3177.757334
3.771482,83,3177.91994
4.764861,64,3178.045559
2.731572,65,3178.176498
-0.312524,110,3189.762566
104.707079,66,3189.900298
-0.420965,91,3190.087369
2.022078,70,3190.231334
2.256794,72,3190.376332
4.684073,61,3190.500761
3.771876,72,3190.657368
4.008018,101,3190.873208
1.939092,74,3191.022475
1.59575,78,3191.182626
3.31987,82,3191.361873
100.867531,74,3191.512842
101.191016,38,3191.592074
2.560067,68,3191.736253
104.449607,68,3191.875931
2.785767,72,3192.031013
3.449564,67,3192.167687
3.921047,65,3192.299705
4.102056,73,3192.449947
0.808472,1000,3205.724864
103.468642,73,3205.871229
4.839801,66,3206.003003
101.772283,61,3206.131041
5.072078,65,3206.261633
101.410461,41,3206.346359
3.394134,61,3206.470512
101.592639,99,3206.672768
1.012026,70,3206.817368
2.731704,73,3206.970088
3.089601,65,3207.105159
2.296859,70,3207.245834
2.706415,78,3207.40328
-0.383088,94,3207.596293
100.621884,65,3207.731971
0.502705,76,3207.902251
101.18181,94,3208.097432
101.103904,64,3208.229507
4.455918,63,3208.356726
104.771689,58,3208.472989
105.653465,61,3208.594314
5.133139,69,3208.735737
3.393101,73,3208.891808
101.015782,85,3209.067596
2.886787,71,3209.213169
100.991574,83,3220.562625
3.607959,98,3220.763323
1.091898,73,3220.912342
1.654385,70,3221.063928
100.830343,76,3221.222814
1.826288,63,3221.354971
0.73527,85,3221.529414
101.705119,124,3221.789591
1.897395,79,3221.952457
4.045697,65,3222.083505
4.348185,78,3222.240871
0.122863,83,3222.40989
103.7486,77,3222.567234
2.283284,67,3222.703367
102.769874,74,3222.857025
1.383641,83,3223.027481
2.345105,61,3223.156891
105.502978,74,3223.305337
4.069158,97,3223.498684
2.016942,70,3223.638037
3.333514,85,3223.803708
3.833213,66,3223.933677
3.338817,60,3224.053852
3.354274,86,3224.222693
4.31872,86,3224.395138
0.857734,86,3224.582368
103.893422,53,3235.898374
1.125596,71,3236.048257
4.23687,70,3236.193964
5.061797,64,3236.333253
102.348043,52,3236.434482
4.226692,65,3236.560916
1.464087,77,3236.712241
0.950825,68,3236.846644
5.479047,66,3236.984557
4.136606,83,3237.145422
1.689955,67,3237.277889
3.447301,60,3237.395672
3.082032,97,3237.585763
3.171627,75,3237.733484
2.15454,82,3237.893036
1.983125,60,3238.015929
-0.372282,86,3238.199942
101.122037,63,3238.328762
2.301156,60,3238.457279
100.1801,58,3238.578626
5.25743,63,3238.708946
2.244297,77,3238.868501
102.112925,41,3238.95308
101.444077,54,3239.068993
2.412507,69,3239.212793
1.544709,73,3239.366088
3.416293,74,3239.518873
101.193636,39,3239.598407
5.108734,60,3239.722811
101.717255,73,3239.869475
2.861764,67,3240.002093
102.074477,70,3251.520574
101.716976,74,3251.670632
4.266264,67,3251.804799
102.269478,66,3251.938329
-0.430641,129,3252.200162
1.45304,89,3252.384164
103.010874,59,3252.506615
3.314004,67,3252.655216
101.495764,72,3252.800063
6.231684,71,3252.948075
100.857675,64,3253.081779
5.327791,88,3253.263456
100.797718,83,3253.432929
0.455732,78,3253.59343
1.398594,72,3253.73951
2.757997,70,3253.876495
4.575868,79,3254.033108
3.760316,85,3254.200094
101.938319,63,3254.32254
102.77587,47,3254.41247
0.332673,115,3254.641482
2.026608,61,3254.758993
3.547792,66,3254.887993
1.379212,88,3255.057492
4.413228,64,3255.184576
1.314869,70,3255.320633
103.382786,58,3255.434453
3.110813,74,3266.863731
105.928032,75,3267.017321
3.16521,74,3267.162926
3.19327,60,3267.282917
101.622499,67,3267.42028
2.959762,68,3267.565607
103.798032,77,3267.733814
1.349701,88,3267.92062
3.446696,60,3268.0431
4.714753,68,3268.181788
100.40586,39,3268.263415
4.853419,61,3268.390206
105.062387,58,3268.50804
103.046237,78,3268.670603
2.952622,60,3268.796669
1.269055,83,3268.985266
4.522234,68,3269.12478
100.849948,103,3269.333571
3.935801,81,3269.502189
0.928056,108,3269.729037
3.005092,84,3269.897343
100.551877,55,3270.007038
0.608651,71,3270.151854
5.684649,73,3270.301157
0.249486,83,3270.477031
3.8615,68,3270.632273
4.324152,94,3270.826774
2.430014,69,3270.967653
2.051552,61,3282.357821
100.840079,69,3282.510648
4.226394,65,3282.644877
100.7319,51,3282.750284
3.882864,61,3282.873803
4.335653,64,3283.006413
1.984933,78,3283.174602
5.357756,79,3283.335647
100.743613,38,3283.413688
2.14009,72,3283.56349
102.811929,75,3283.717839
5.095053,89,3283.901551
102.712247,60,3284.029753
3.435581,61,3284.157161
4.045136,59,3284.276964
2.811771,66,3284.41015
3.864549,68,3284.549195
0.806026,84,3284.722697
102.622662,48,3284.822407
3.689526,63,3284.941869
101.801415,71,3285.08499
0.978687,73,3285.225465
4.646235,89,3285.39824
3.778675,69,3285.531494
1.455368,79,3285.685167
0.220098,74,3285.827675
104.066653,61,3285.945152
3.414895,65,3286.093011
0.618871,957,3299.304419
6.042784,62,3299.436137
0.717279,121,3299.674574
4.583743,110,3299.892904
5.296219,63,3300.019258
5.212703,66,3300.152291
101.295084,75,3300.303225
5.123817,69,3300.439368
3.9593,68,3300.573487
100.468869,72,3300.715698
3.602586,62,3300.839421
1.399966,74,3300.991491
4.762394,79,3301.149992
1.057349,76,3301.303557
4.174959,60,3301.426624
3.185017,79,3301.588936
1.629196,87,3301.770322
104.664151,70,3313.173882
1.710683,62,3313.295701
1.828226,105,3313.513128
4.14113,64,3313.64083
2.932491,62,3313.766196
3.956771,68,3313.906142
102.448731,71,3314.051651
2.294762,79,3314.212428
3.346867,71,3314.355727
100.948924,69,3314.493193
4.181544,60,3314.621049
5.525305,77,3314.782154
100.122423,82,3314.948433
100.912731,91,3315.132669
2.179938,81,3315.299521
1.372372,77,3315.463378
1.056384,1000,3328.774982
0.86423,82,3328.940786
2.409495,75,3329.097175
4.147913,66,3329.233875
4.904291,63,3329.363134
2.025629,69,3329.503409
2.858433,88,3329.680267
0.458905,78,3329.844099
5.420579,64,3329.975972
103.621804,57,3330.094804
4.915983,95,3330.293172
4.740642,64,3330.421496
4.378713,99,3330.641105
1.395281,114,3330.875133
3.77388,61,3331.005208
103.0359,72,3331.150386
101.281429,78,3331.307998
1.528369,75,3331.464692
-1.962877,102,3331.675878
101.538937,83,3331.846313
1.094695,79,3332.008324
2.449309,102,3332.223179
2.288356,78,3332.398264
102.56454,71,3332.543302
4.785936,61,3332.674461
-0.145574,83,3332.846973
2.949228,75,3344.293392
2.739922,61,3344.414689
2.177448,63,3344.536362
4.538384,82,3344.700086
103.743415,65,3344.840194
3.519008,59,3344.960302
101.067482,74,3345.111313
-0.06933,89,3345.29434
1.537503,70,3345.434166
2.193505,99,3345.636724
2.659841,84,3345.809304
100.333063,54,3345.92012
0.313683,78,3346.081515
101.350536,65,3346.216592
3.122743,66,3346.357484
105.675583,72,3346.504831
103.386867,60,3346.631072
4.393415,63,3346.759206
2.946914,67,3346.902417
3.851683,69,3347.044226
4.813678,62,3347.169607
104.604332,63,3347.300315
100.768782,79,3347.469279
2.467815,68,3347.612416
0.042229,1000,3360.896837
1.572449,80,3361.061084
5.895326,75,3361.216206
-0.543141,88,3361.399167
1.546512,64,3361.532966
0.017222,83,3361.700741
0.718257,81,3361.865359
1.203325,76,3362.01961
3.8381,66,3362.15295
2.728719,60,3362.276296
1.193631,74,3362.427425
4.255356,68,3362.565765
-2.170894,128,3362.825306
4.923632,62,3362.954978
2.176697,63,3363.083806
-2.69301,120,3363.327885
0.355154,338,3375.293967
2.35175,63,3375.423825
4.816445,62,3375.561697
3.377818,96,3375.766032
3.024689,76,3375.921115
1.598727,82,3376.091793
1.562437,63,3376.221735
2.555734,66,3376.358503
2.213068,75,3376.515591
4.782647,99,3376.720191
4.496764,89,3376.901909
2.106387,90,3377.086358
3.750479,69,3377.242731
1.709148,83,3377.411321
101.246666,85,3377.583586
0.447448,1000,3390.858534
103.240283,54,3390.961333
5.43219,64,3391.089372
100.838015,61,3391.224472
-0.22595,78,3391.387753
101.811626,63,3391.518471
2.631742,68,3391.66195
3.885169,67,3391.801655
-0.632012,109,3392.028712
-0.190301,82,3392.194281
0.396747,107,3392.414001
1.901878,95,3392.610849
101.489352,65,3392.747395
4.25174,60,3392.871082
1.864089,70,3393.015685
0.478957,86,3393.18804
3.020583,70,3393.340972
3.706401,66,3393.478203
4.013228,69,3393.619671
2.800177,82,3393.78836
4.940882,66,3393.922899
6.318915,64,3394.052767
101.697959,76,3394.206987
2.511976,73,3394.360027
2.28769,60,3394.484638
3.403333,73,3394.632977
2.651093,83,3405.989205
4.145912,71,3406.138938
4.129123,63,3406.282192
101.917532,70,3406.423832
1.62271,79,3406.585591
2.623743,68,3406.724491
1.117712,75,3406.879782
101.359182,86,3407.063265
4.621667,71,3407.209496
4.158216,69,3407.352758
102.090303,77,3407.510829
101.198772,105,3407.722802
101.194761,71,3407.869688
1.990736,73,3408.018772
2.090277,60,3408.164774
1.940189,76,3408.321712
0.782091,135,3408.594263
2.06463,72,3408.739173
1.170441,126,3408.995872
3.715962,93,3409.185846
3.108214,61,3409.309961
5.101903,68,3409.448872
100.849422,69,3409.589544
101.418362,70,3409.733532
4.715864,73,3409.893221
-0.029396,82,3410.060874
0.825318,80,3421.360303
3.361022,65,3421.490222
-0.378678,157,3421.794028
101.492962,67,3421.922065
0.335695,76,3422.095041
3.672905,74,3422.244013
4.256834,78,3422.405962
1.471136,118,3422.652155
105.333277,68,3422.797108
0.48401,76,3422.952369
3.901031,61,3423.076473
0.599176,88,3423.265072
0.73686,75,3423.418368
104.8957,72,3423.564995
3.98858,68,3423.700186
3.769162,65,3423.832561
3.374458,71,3423.977289
3.320788,82,3424.144975
5.206831,67,3424.280715
1.987132,73,3424.427692
4.889968,69,3424.56697
3.701003,63,3424.698284
1.445488,86,3424.871415
1.77597,60,3424.998035
4.177266,63,3425.129842
0.473032,120,3425.370354
3.65659,60,3425.498173
3.775599,74,3436.906282
3.569429,94,3437.103185
102.226175,51,3437.216358
102.634192,51,3437.32007
2.218831,61,3437.44346
-1.431917,93,3437.636874
-0.577599,110,3437.862562
4.465719,67,3438.001451
0.343371,621,3439.225507
3.289409,78,3439.382032
3.691258,73,3439.529732
2.426502,69,3439.665936
2.076833,77,3439.812399
2.408231,68,3439.946685
3.54299,66,3440.075883
3.297496,71,3440.218218
1.313377,68,3440.35037
100.755466,87,3440.522803
4.689379,84,3440.690723
0.849611,1000,3453.932948
1.373727,66,3454.068113
1.789426,71,3454.22682
101.871232,64,3454.357925
100.568396,87,3454.535297
0.600064,74,3454.687288
2.949998,76,3454.845813
0.095951,93,3455.039039
105.077392,81,3455.199481
101.481754,82,3455.361723
2.278058,81,3455.519314
101.390787,62,3455.637981
4.643841,80,3455.825543
1.301328,71,3455.972112
100.643227,92,3456.164954
100.883567,90,3467.500644
4.135129,82,3467.658258
2.302263,85,3467.824328
100.526895,21,3467.866377
2.19113,72,3468.007785
100.792034,55,3468.154306
4.892297,80,3468.317623
3.346563,60,3468.437633
3.207411,83,3468.597879
0.101281,476,3469.543971
5.163743,70,3469.68329
-1.312667,106,3469.892132
2.604645,85,3470.060228
3.440809,60,3470.183739
1.501115,77,3470.334172
2.141761,78,3470.485599
106.221125,73,3470.630887
0.016146,1000,3483.895233
105.037445,61,3484.022211
4.330749,73,3484.165732
4.023793,69,3484.30409
103.426948,74,3484.447043
103.587392,74,3484.591229
1.525365,70,3484.739147
4.721906,71,3484.900664
3.191177,59,3485.023765
100.90959,91,3485.209841
3.209502,69,3485.351531
103.750411,63,3485.482394
101.1294,73,3485.63053
101.647299,50,3485.731912
3.358552,68,3485.86513
3.539144,65,3485.993331
101.996953,89,3486.168263
101.283302,75,3486.323129
0.253726,101,3486.545567
2.547226,62,3486.672381
1.182185,121,3486.922564
3.279958,67,3498.295764
-1.884594,151,3498.594598
102.556482,69,3498.733611
102.062285,60,3498.873637
105.17006,72,3499.018574
2.00575,102,3499.21682
102.254867,60,3499.336956
1.059803,80,3499.490334
0.923528,115,3499.713932
101.93369,76,3499.863112
2.56468,63,3499.991123
102.963861,67,3500.128264
4.868571,68,3500.26886
3.462848,88,3500.452733
102.21767,71,3500.599087
100.421617,75,3500.768673
2.112048,61,3500.896847
100.651555,72,3501.041614
1.977276,133,3501.313882
4.329769,83,3501.487395
3.944095,86,3501.662541
102.151625,71,3501.807513
102.647203,67,3501.946836
1.119967,80,3502.107133
3.010957,81,3502.269066
-1.655102,310,3514.143004
4.280149,79,3514.308052
4.64817,104,3514.517073
1.551116,75,3514.671442
0.599994,91,3514.875802
101.393607,67,3515.020791
0.038253,94,3515.213001
3.793277,66,3515.358084
2.548165,69,3515.499568
3.641223,89,3515.687706
1.937283,61,3515.811629
3.772948,79,3515.978073
2.552393,71,3516.126396
0.616502,73,3516.277974
5.724732,67,3516.417369
101.844078,66,3516.552207
100.830885,36,3516.626435
3.808347,60,3516.75017
3.179438,78,3516.909115
3.050904,73,3517.056716
2.129034,74,3517.209237
-0.622804,87,3517.384381
1.678577,62,3517.511806
3.368546,61,3517.6398
105.10133,62,3517.767521
2.100445,70,3529.273114
101.037957,85,3529.462774
3.103664,99,3529.667479
100.609817,83,3529.842755
3.305406,71,3529.988489
1.024611,70,3530.129959
5.16513,72,3530.281749
2.563334,92,3530.47591
3.420543,63,3530.605205
3.915225,65,3530.739313
1.963844,75,3530.90321
3.432797,61,3531.029491
2.447119,72,3531.182341
1.272105,75,3531.332895
1.30833,72,3531.481184
3.115165,89,3531.671083
105.54926,66,3531.805511
2.901949,85,3531.980791
101.762446,71,3532.128306
100.001822,2,3532.132785
1.564502,88,3532.315736
2.047034,64,3532.447504
5.410287,67,3532.586017
2.401282,63,3532.716721
104.716643,62,3532.844119
102.389975,75,3533.001529
100.656856,66,3533.136672
2.151331,100,3533.342552
101.227372,85,3544.781232
-0.372545,142,3545.074843
2.44282,95,3545.261516
5.569059,63,3545.388926
4.740314,69,3545.528501
0.174586,77,3545.681803
103.414793,68,3545.817805
1.190902,105,3546.025075
5.076273,79,3546.177044
-0.189627,101,3546.370939
4.817197,66,3546.501059
5.096764,74,3546.64568
4.531126,63,3546.78112
101.293774,78,3546.94058
101.101998,80,3547.097831
5.056368,70,3547.239785
0.753261,162,3547.560607
4.734704,75,3547.710706
3.018225,76,3547.859641
4.528625,71,3548.000325
4.407331,109,3548.214116
3.963913,109,3548.432955
4.007116,65,3548.567949
102.471104,71,3548.709801
101.337853,85,3560.08786
0.349158,77,3560.245428
0.231846,116,3560.482063
2.296148,74,3560.634743
2.533651,114,3560.882401
1.742377,89,3561.065771
2.2996,74,3561.220643
4.692679,102,3561.430444
102.613352,64,3561.56044
5.314835,65,3561.692692
2.963001,67,3561.8259
1.903178,80,3561.98276
2.753059,67,3562.116495
101.585603,43,3562.199722
3.710449,74,3562.34626
3.632498,67,3562.48245
3.752709,61,3562.602024
102.325751,68,3562.737449
4.498349,61,3562.857694
101.27689,64,3562.986442
3.82605,67,3563.118269
3.288406,62,3563.242891
2.36555,104,3563.443946
102.988518,63,3563.570333
103.389683,69,3563.703398
2.576269,62,3563.82689
3.383474,74,3563.975993
1.288893,96,3564.164041
101.881161,99,3575.550216
2.968781,86,3575.71645
4.568119,66,3575.85009
3.445665,86,3576.026387
0.335047,88,3576.195778
4.089481,70,3576.33509
101.22592,72,3576.480328
5.080406,80,3576.659199
2.851222,60,3576.781524
3.288294,66,3576.906362
2.773466,70,3577.04094
-1.587938,105,3577.249395
101.95155,67,3577.380693
100.993499,69,3577.514789
104.191861,62,3577.636524
4.095677,91,3577.81471
1.498815,85,3577.984047
4.047392,67,3578.115948
2.225256,76,3578.264283
4.274426,67,3578.396022
102.204514,74,3578.54432
100.690683,84,3578.713054
3.38359,66,3578.84233
3.408398,75,3578.989558
4.565358,66,3579.123265
100.918068,85,3579.284372
4.227524,66,3579.41302
4.341572,70,3590.773955
2.833425,61,3590.89752
4.407269,87,3591.083387
2.860141,74,3591.230735
4.035834,73,3591.376774
4.115839,85,3591.540574
3.295871,74,3591.685957
4.944716,60,3591.809101
2.491595,69,3591.943988
102.047504,60,3592.063794
1.737611,83,3592.225993
2.770897,69,3592.364864
1.42036,77,3592.526058
3.020113,95,3592.720347
0.424072,92,3592.926125
3.626801,62,3593.057549
102.175756,69,3593.198963
2.41193,79,3593.36819
-0.185253,104,3593.583646
3.817571,65,3593.718425
4.279893,64,3593.848521
101.105422,69,3593.982827
5.189225,88,3594.156038
5.367283,77,3594.323422
2.283912,83,3594.492406
-1.09004,90,3594.674129
4.387046,86,3606.114766
4.01536,83,3606.280952
0.394851,75,3606.431656
2.845317,99,3606.625887
105.441202,70,3606.776314
2.115995,75,3606.928904
101.454555,93,3607.113077
3.448172,72,3607.25804
2.168291,83,3607.419281
2.270331,71,3607.559851
5.795616,79,3607.71607
4.472013,77,3607.866399
4.775853,83,3608.02941
3.78741,60,3608.150248
3.519345,66,3608.299045
3.558968,70,3608.436227
101.811468,66,3608.5641
100.467294,68,3608.697038
2.181551,80,3608.853873
3.789405,82,3609.011196
101.598976,71,3609.147394
2.720559,73,3609.292376
-0.973505,106,3609.50149
103.112258,50,3609.595576
5.496197,65,3609.724993
101.763249,73,3609.867468
101.494793,52,3609.968152
2.357488,60,3610.123178
2.634043,81,3621.5393
-0.191248,92,3621.731325
105.552424,72,3621.877049
2.940861,72,3622.031304
2.008559,70,3622.184099
3.00818,71,3622.330758
102.683345,73,3622.485132
0.93633,78,3622.661839
1.393067,74,3622.81205
101.197443,91,3622.994637
2.240217,77,3623.150522
100.544488,49,3623.244232
105.346042,75,3623.389844
1.183277,105,3623.602425
102.980513,69,3623.740802
101.153236,48,3623.839901
1.76889,79,3624.002334
101.420881,91,3624.18947
100.775623,71,3624.331444
2.158717,75,3624.487043
1.587917,81,3624.659478
1.510955,81,3624.825196
0.874649,91,3625.003338
3.599617,64,3625.133228
104.446945,57,3625.245371
1.565033,76,3625.397346
4.709516,67,3625.532495
5.828729,70,3636.82905
2.075962,61,3636.949898
2.387617,73,3637.093202
2.996234,72,3637.2388
3.624394,67,3637.3833
2.56339,62,3637.504708
1.301503,61,3637.6222
4.562078,88,3637.794315
1.669831,62,3637.919113
1.645709,72,3638.059033
3.611593,145,3638.340663
2.272995,59,3638.457377
5.795083,72,3638.595654
100.855195,85,3638.776361
101.436499,82,3638.940109
6.237895,67,3639.069442
1.376532,73,3639.210358
1.798038,83,3639.372977
3.30672,68,3639.506422
1.336446,85,3639.671512
1.440907,87,3639.838211
1.385527,93,3640.021223
5.172877,79,3640.175736
1.456084,85,3640.343854
0.242212,71,3640.490826
101.708733,58,3640.603227
101.381542,82,3640.764775
3.1167,67,3652.061289
3.760227,70,3652.195686
104.132289,55,3652.317464
101.176063,87,3652.488245
0.313056,91,3652.675986
101.242828,59,3652.793936
4.657517,64,3652.91885
3.552443,77,3653.071872
104.696314,73,3653.218877
2.621859,68,3653.353163
3.999287,61,3653.474951
2.655554,92,3653.656052
5.248935,67,3653.786043
103.37661,59,3653.901623
4.439184,65,3654.027309
4.250657,66,3654.160305
4.533745,66,3654.302284
101.583856,78,3654.453468
0.06371,96,3654.650048
4.304953,67,3654.77917
2.244767,60,3654.897785
3.601844,81,3655.054601
1.133664,61,3655.173066
103.116596,64,3655.297544
100.826973,94,3655.479325
101.448946,61,3655.595167
103.447631,70,3655.733549
1.500738,80,3655.888653
4.234721,61,3656.007379
1.403697,81,3667.30119
1.9166,62,3667.42379
3.562332,69,3667.566976
3.601327,65,3667.699209
102.426491,77,3667.87446
101.680593,75,3668.028256
0.773164,126,3668.286075
101.557272,76,3668.448472
2.06606,67,3668.584534
1.143749,87,3668.765168
-1.752133,96,3668.963514
4.312622,65,3669.090431
102.721729,61,3669.211421
1.779457,69,3669.346681
3.775833,71,3669.496693
1.482896,82,3669.664826
100.856566,79,3669.826406
3.791649,73,3669.975647
3.86147,78,3670.133781
5.660173,64,3670.267667
4.568053,69,3670.408324
4.472677,82,3670.577921
4.625779,80,3670.742828
1.239709,88,3670.919255
2.582058,62,3671.041994
5.696594,65,3671.167986
2.579347,67,3671.299376
0.72732,86,3682.67716
100.241511,53,3682.804293
3.289774,60,3682.927913
2.521963,69,3683.070585
-2.467321,129,3683.337325
101.500136,36,3683.410895
101.464784,70,3683.55428
3.517074,95,3683.750621
103.574705,77,3683.911
2.135468,69,3684.055192
3.58319,69,3684.195682
1.376402,70,3684.340176
-0.110357,266,3684.8777
0.967825,84,3685.047334
3.926401,65,3685.177867
101.776713,71,3685.319882
4.680473,90,3685.502329
104.862063,68,3685.637373
4.193773,66,3685.784693
2.699391,70,3685.92906
3.443109,77,3686.088413
2.431018,62,3686.218199
-0.084916,93,3686.411893
101.17292,74,3686.566183
5.958485,75,3686.722807
102.630588,69,3698.189782
0.768022,71,3698.334677
3.668911,67,3698.472612
-0.495963,130,3698.744741
4.406623,69,3698.888941
5.779131,64,3699.020921
4.931947,80,3699.186108
4.729155,65,3699.322053
101.643965,78,3699.480098
5.141824,68,3699.617046
2.262857,82,3699.777081
101.38252,85,3699.955658
0.43195,80,3700.114584
101.170351,91,3700.289759
0.499038,64,3700.415208
100.740856,52,3700.520786
2.72011,82,3700.681609
0.880232,91,3700.863491
4.180221,62,3700.985195
-0.193603,92,3701.167151
3.41761,77,3701.326789
5.104629,80,3701.488548
5.026992,70,3701.635775
101.135603,155,3701.966694
0.505105,90,3702.14977
102.266301,60,3702.279658
4.334066,78,3713.630751
4.997726,62,3713.75655
3.911023,67,3713.888669
101.428787,71,3714.032949
100.86155,67,3714.175621
3.766172,64,3714.30957
3.610151,60,3714.439348
3.436767,66,3714.576712
2.424638,80,3714.739636
2.740433,73,3714.89411
101.606346,93,3715.091356
2.994358,82,3715.263983
3.754393,69,3715.409903
2.422551,90,3715.604249
4.880255,85,3715.780324
104.492439,60,3715.918689
0.870505,80,3716.080801
103.511222,50,3716.186987
3.480787,61,3716.314182
103.756979,70,3716.458815
101.553035,72,3716.605406
4.593191,64,3716.740309
100.545867,44,3716.82922
4.118671,62,3716.951156
4.093366,80,3717.10592
100.909521,102,3717.308465
4.240772,66,3717.439431
3.22255,96,3717.633124
0.009758,108,3729.034556
1.647831,65,3729.173274
3.112502,83,3729.344992
3.614469,76,3729.505253
0.624895,78,3729.669458
100.905155,83,3729.844429
3.646188,70,3730.003579
3.030005,72,3730.159291
100.465164,78,3730.321419
4.298524,76,3730.479102
4.790193,85,3730.655817
1.263509,69,3730.795907
1.579519,84,3730.956512
102.313137,64,3731.084044
0.422564,78,3731.235029
103.740704,53,3731.343721
3.106178,78,3731.494284
2.286844,83,3731.658036
4.459187,92,3731.84112
1.611021,71,3731.992173
101.243233,87,3732.160171
101.579678,89,3732.33694
101.005863,110,3732.554825
2.058981,63,3732.677643
101.609294,72,3732.817756
1.006697,62,3732.938995
102.72384,64,3733.066572
1.624707,76,3744.460087
1.735146,70,3744.605994
4.50954,62,3744.733042
4.202056,60,3744.860389
2.002542,78,3745.027686
3.107723,72,3745.173669
3.622924,61,3745.298247
2.528535,96,3745.497205
100.453698,68,3745.639481
3.083456,96,3745.838749
3.805049,65,3745.963897
4.131926,86,3746.128562
100.855132,88,3746.30289
4.87153,63,3746.434346
3.522006,64,3746.564752
102.946063,57,3746.683054
2.819322,60,3746.805245
1.599339,81,3746.976864
3.192119,60,3747.091217
3.178387,69,3747.230437
101.939937,54,3747.343261
3.177476,61,3747.466079
0.744025,73,3747.617405
101.574123,39,3747.694997
1.839932,83,3747.863782
100.708278,81,3748.029983
4.307341,59,3748.147473
101.626373,77,3748.308625
100.853814,83,3748.482955
2.579697,84,3759.926694
103.17567,67,3760.063476
3.4917,79,3760.235703
1.064568,119,3760.465313
2.364911,72,3760.605228
103.073264,73,3760.752387
3.308072,90,3760.929539
101.002445,80,3761.090161
3.061835,71,3761.233436
0.916526,91,3761.414881
4.378263,86,3761.580816
5.049519,60,3761.697925
100.999282,79,3761.849864
3.352365,73,3762.002584
0.509096,122,3762.256544
1.589591,74,3762.410764
102.77366,70,3762.552721
2.496204,60,3762.685847
3.205281,74,3762.838352
4.141593,63,3762.962377
100.229956,65,3763.090591
5.037122,67,3763.223383
1.513099,76,3763.370982
-0.218196,124,3763.63125
4.540843,64,3763.761895
2.692887,71,3763.906627
105.970463,73,3775.310351
101.143538,107,3775.527749
102.096153,79,3775.687696
0.533464,101,3775.885945
3.205022,60,3776.005047
2.352802,64,3776.131275
5.225205,84,3776.307722
-0.152028,84,3776.473894
4.755317,115,3776.695485
4.043222,98,3776.894073
1.979048,70,3777.033515
2.686326,74,3777.174625
2.011035,81,3777.336768
-0.562152,81,3777.495771
2.684964,68,3777.632912
-0.224559,101,3777.830573
5.36705,61,3777.951711
3.311345,63,3778.073438
104.095785,64,3778.199414
1.703243,66,3778.329947
3.769814,81,3778.49373
2.382322,75,3778.640114
3.915701,69,3778.779098
100.922209,81,3778.951144
101.419941,56,3779.060469
1.452165,58,3779.176995
-0.476859,76,3790.663754
3.047568,82,3790.824077
3.513858,69,3790.960838
3.304717,62,3791.102914
3.883583,59,3791.21966
3.399955,60,3791.340068
100.383359,85,3791.507207
102.408084,77,3791.661216
3.749694,93,3791.852875
101.442067,65,3791.982471
0.176616,1000,3793.94298
100.939436,49,3794.039296
1.420727,89,3794.209569
1.527682,86,3794.380324
4.137291,71,3794.519351
0.967359,64,3794.643487
3.449643,184,3806.239157
1.104147,80,3806.394551
101.446979,74,3806.534163
101.067093,80,3806.689596
3.592726,83,3806.851591
3.605141,67,3806.981193
4.488702,96,3807.166284
101.007884,89,3807.33698
4.086733,74,3807.47878
101.018623,49,3807.571897
2.114414,64,3807.694859
0.558813,95,3807.878613
1.727738,112,3808.104868
1.477518,88,3808.273293
103.819676,65,3808.400897
102.275331,67,3808.528642
101.336594,51,3808.644699
102.979485,71,3808.782952
0.782382,69,3808.917234
0.597061,95,3809.114616
3.503435,91,3809.301065
101.107708,89,3809.48538
0.602587,93,3809.667004
5.903375,75,3809.817729
4.380256,95,3821.278195
101.08512,40,3821.355349
0.135866,94,3821.538758
0.912463,87,3821.707693
2.603165,73,3821.851829
3.265399,74,3821.992514
1.327401,60,3822.111061
1.637512,92,3822.287481
4.562845,89,3822.475474
2.402902,65,3822.606249
1.300549,81,3822.763069
101.324577,77,3822.911076
104.691235,74,3823.05742
3.560465,76,3823.205923
2.614478,79,3823.36079
4.772727,65,3823.488023
0.468621,82,3823.648576
1.571304,77,3823.801494
3.176996,63,3823.924299
-0.490661,85,3824.090716
1.592031,94,3824.277479
0.392876,1000,3837.449988
1.024016,72,3837.595232
5.673772,61,3837.713534
1.457557,82,3837.882835
2.060757,81,3838.043574
4.637632,64,3838.172965
-0.039707,178,3838.52562
4.077044,67,3838.658749
1.588391,72,3838.803347
4.060382,61,3838.925108
102.514622,53,3839.03031
4.221218,62,3839.150747
101.571696,62,3839.27095
2.685027,70,3839.423393
2.183519,68,3839.560488
3.638426,65,3839.685527
-0.649009,80,3839.840868
2.83918,80,3839.998132
0.04741,76,3840.147546
101.382394,74,3840.295227
101.639817,59,3840.414928
1.591227,78,3851.751404
4.810559,65,3851.876246
101.550223,74,3852.034835
4.069474,82,3852.196126
4.123508,80,3852.351163
103.19819,54,3852.45806
3.206351,76,3852.609964
2.02003,70,3852.751918
102.700133,54,3852.862362
1.546473,68,3852.997906
100.960039,94,3853.188475
3.473836,66,3853.325687
2.938674,72,3853.468158
2.295748,69,3853.606888
0.367804,86,3853.774147
101.329606,79,3853.930752
100.641602,64,3854.057829
1.922383,73,3854.203817
102.906215,63,3854.335561
1.73185,83,3854.499546
3.713144,87,3854.673414
4.717865,77,3854.833522
4.896833,64,3854.959486
1.790011,84,3855.138376
103.60991,64,3855.268035
4.242707,101,3855.471085
1.406747,94,3855.66267
100.78154,75,3867.194179
4.142046,61,3867.335709
1.813274,70,3867.47356
3.319764,79,3867.626829
3.678021,75,3867.77388
0.382483,101,3867.981497
3.669628,70,3868.121327
4.24171,61,3868.24023
2.821347,64,3868.365026
4.771586,68,3868.499747
104.272064,55,3868.606128
1.508322,78,3868.760282
105.004655,62,3868.884552
4.592938,65,3869.013811
4.329554,61,3869.136197
100.953801,68,3869.27085
3.133823,66,3869.398975
3.794976,70,3869.539955
3.615535,76,3869.690833
2.499181,66,3869.824023
5.253297,69,3869.958393
4.622172,60,3870.075692
5.100009,82,3870.241847
102.840836,66,3870.374735
3.097936,66,3870.505626
3.929265,65,3870.634564
4.640285,64,3870.756438
101.687368,113,3870.979837
1.154337,80,3871.135385
3.434929,67,3882.549347
100.625234,82,3882.708645
2.844227,60,3882.827149
0.594369,149,3883.134673
4.597656,60,3883.251692
3.401206,66,3883.381221
105.893372,64,3883.508619
3.328714,72,3883.650924
102.437776,61,3883.768811
0.547067,81,3883.927417
5.078609,65,3884.056993
101.649408,91,3884.237914
1.395598,65,3884.365946
0.812721,75,3884.515419
-1.164251,102,3884.720526
3.85809,68,3884.849993
101.135651,60,3884.967435
3.837293,93,3885.147511
-1.170446,580,3886.277271
2.522771,68,3886.409981
101.503489,69,3886.550145
-0.076247,86,3898.000364
1.089419,115,3898.235814
2.850495,63,3898.366281
102.365073,73,3898.517208
2.74417,76,3898.672879
4.240687,129,3898.936834
-0.552575,91,3899.122961
101.275344,67,3899.260672
101.369346,88,3899.446118
0.271007,1000,3901.441172
-0.977834,110,3901.679732
2.76046,60,3901.797269
101.54769,67,3901.932738
2.95923,60,3913.312452
1.371754,83,3913.477243
101.923837,76,3913.631954
100.126593,64,3913.761646
4.41793,62,3913.896227
100.875431,85,3914.068408
1.397586,63,3914.191767
0.756519,90,3914.36941
3.448826,67,3914.499801
3.121954,83,3914.666522
100.971969,100,3914.862293
0.818361,88,3915.031853
101.265702,93,3915.221199
0.766216,79,3915.380023
2.482417,76,3915.52956
2.49069,59,3915.645539
3.076631,62,3915.77042
3.207143,86,3915.956697
3.66013,70,3916.097569
103.144157,71,3916.242473
3.655762,66,3916.380892
1.442796,88,3916.560153
2.87782,83,3916.730375
101.308078,90,3916.918106
0.561959,88,3917.098214
4.959479,67,3917.237516
101.205852,77,3917.397975
2.969747,87,3928.750826
2.142126,69,3928.890886
2.685946,69,3929.047334
1.445777,95,3929.245361
100.984483,89,3929.429533
5.006534,96,3929.63081
4.906975,120,3929.873983
4.724166,68,3930.007523
3.165089,70,3930.149979
0.237086,258,3930.657654
3.746315,66,3930.786884
100.772915,82,3930.944812
101.369837,83,3931.107919
101.168989,103,3931.309465
2.494313,77,3931.463171
3.22461,68,3931.596395
-0.398356,129,3931.851914
1.306646,76,3932.008139
3.399878,106,3932.227739
1.370232,88,3932.416665
1.91743,71,3932.563686
0.787224,86,3944.070716
100.662734,88,3944.251662
1.472771,84,3944.427272
101.469234,78,3944.589885
3.969555,87,3944.782965
3.306814,87,3944.955185
4.420056,77,3945.108973
4.051102,86,3945.280785
103.685176,74,3945.425367
6.058354,75,3945.574257
103.508145,63,3945.699038
2.743974,114,3945.920926
-1.913161,102,3946.12457
1.312225,59,3946.240644
104.552994,60,3946.358917
3.40301,60,3946.477569
3.743458,66,3946.606137
100.60243,34,3946.673418
3.442383,74,3946.832374
-0.54287,97,3947.021278
3.590665,87,3947.193864
-0.512239,1000,3960.339524
103.81823,57,3960.459873
1.49833,92,3960.636362
1.469522,77,3960.788049
2.948649,66,3960.919274
1.923679,68,3961.05406
4.283335,81,3961.21227
1.222037,232,3961.665501
4.114703,61,3961.78617
1.272677,76,3961.937769
100.990903,78,3962.093876
2.306117,71,3962.235852
101.994577,79,3962.391557
104.373668,65,3962.522203
4.268255,64,3962.646354
100.732273,79,3962.801739
0.378924,103,3963.002911
-0.922933,87,3963.171351
0.744277,75,3963.333091
3.883197,73,3974.687584
2.404572,71,3974.825678
101.280845,85,3974.99324
4.97775,67,3975.127545
1.045257,73,3975.2805
-1.395712,123,3975.539679
-0.027549,82,3975.70075
-0.653993,1000,3977.674675
101.977157,77,3977.830302
105.091159,59,3977.9511
-0.004579,71,3978.092869
4.579574,86,3978.274416
0.580139,100,3978.475675
101.414344,91,3978.658978
1.449486,80,3989.999139
1.458135,84,3990.174759
2.104511,71,3990.321247
3.171532,93,3990.535241
105.694465,74,3990.692916
-0.666141,112,3990.924452
102.77251,71,3991.072055
102.425484,75,3991.23051
103.020079,69,3991.372893
101.844635,56,3991.490081
5.534303,65,3991.626305
1.599987,87,3991.808317
-0.645934,97,3992.008461
104.021475,72,3992.156342
3.456403,68,3992.298502
2.688655,62,3992.430756
101.296995,39,3992.514322
1.351461,80,3992.681051
1.846804,87,3992.858283
3.738457,62,3992.984071
4.888975,64,3993.117767
102.2983,65,3993.256417
4.150984,77,3993.414558
101.376509,94,3993.605922
101.254621,96,3993.796777
104.549042,58,3993.918681
101.46918,67,3994.055785
104.24207,56,4005.385503
2.230882,67,4005.520531
101.739077,61,4005.646761
101.731035,87,4005.838263
1.53475,75,4005.998654
103.245114,62,4006.122715
101.80178,43,4006.20992
1.910829,70,4006.349307
105.516944,62,4006.472787
101.337103,89,4006.651119
0.482869,88,4006.821343
2.298731,70,4006.964633
3.627609,64,4007.090851
2.500152,61,4007.212537
101.687731,66,4007.344292
2.794356,65,4007.484408
1.289767,82,4007.644029
1.495507,78,4007.795497
104.076521,65,4007.923473
0.670309,125,4008.169583
1.422195,77,4008.31985
2.396525,62,4008.46068
3.727018,74,4008.602875
101.883472,76,4008.748585
3.038857,88,4008.922349
100.384259,67,4009.056542
2.537177,72,4009.201966
102.008156,41,4009.279409
101.626038,56,4009.389079
1.377935,72,4020.866355
104.922915,66,4021.00904
4.160082,63,4021.142276
3.121602,67,4021.280338
1.297081,78,4021.437318
1.942665,90,4021.627753
1.933996,73,4021.77657
4.035155,76,4021.926701
1.016777,74,4022.067058
104.800579,61,4022.191565
103.915062,67,4022.325868
1.463279,86,4022.499465
103.263857,72,4022.64772
3.670072,70,4022.787281
1.84742,77,4022.937916
5.134057,68,4023.069954
4.762673,66,4023.204233
105.13289,64,4023.336351
2.817621,63,4023.463258
3.354926,96,4023.651238
103.864187,71,4023.788704
4.576229,66,4023.93261
5.624056,65,4024.06095
101.041792,106,4024.277085
3.463775,73,4024.431734
3.273466,64,4024.56506
102.240762,70,4024.715398
3.283329,63,4024.845371
3.968496,74,4036.284021
4.469905,66,4036.412269
3.216396,67,4036.545371
101.778368,69,4036.681017
0.592746,1000,4038.727479
5.343946,63,4038.853219
-1.734766,133,4039.111776
2.127691,77,4039.260202
101.046182,79,4039.416661
101.598411,81,4039.573901
1.645741,91,4039.753248
4.62483,82,4039.920528
4.37416,62,4040.051932
-0.429884,92,4040.230814
1.314494,131,4051.733999
1.715877,85,4051.901633
104.751186,70,4052.035828
100.865103,75,4052.184305
2.956278,133,4052.462847
1.52735,84,4052.638642
100.543361,48,4052.735888
4.785388,79,4052.898838
3.144494,89,4053.082081
3.25645,72,4053.228463
2.430289,75,4053.387618
3.963523,66,4053.520123
3.820277,66,4053.650987
-0.701882,107,4053.866676
1.600334,106,4054.083109
100.920146,45,4054.172704
0.717497,91,4054.352737
101.890181,63,4054.479088
3.062734,68,4054.611659
1.994464,69,4054.747959
4.467627,123,4055.001582
4.582038,62,4055.127264
1.908917,74,4055.27321
104.640296,61,4055.390954
104.10819,66,4055.527277
0.80669,62,4055.655669
1.082708,73,4067.005584
2.647199,66,4067.151013
6.048895,68,4067.309816
100.302699,73,4067.459459
101.113878,88,4067.649051
0.517149,91,4067.836608
3.714395,73,4067.983578
3.569819,67,4068.129856
101.05339,77,4068.285108
0.680803,99,4068.506324
1.924018,58,4068.627538
101.736212,42,4068.715
0.623667,68,4068.849993
0.539607,96,4069.03908
101.034649,79,4069.196887
101.657815,65,4069.326246
3.096598,94,4069.516355
1.134306,87,4069.687566
2.326359,65,4069.813608
0.918018,69,4069.948991
1.844534,76,4070.09615
3.864604,61,4070.230276
101.936799,67,4070.360768
5.30299,72,4070.498364
4.776552,72,4070.642362
4.102562,65,4070.768659
2.937573,73,4070.914753
4.445511,76,4071.074625
3.313747,85,4082.632789
1.340426,80,4082.798441
100.69273,84,4082.970604
1.090436,96,4083.188558
4.635488,124,4083.442503
0.386325,1000,4085.473711
-0.001473,88,4085.648443
4.371246,76,4085.79777
2.515126,68,4085.948402
105.077223,66,4086.079541
1.591213,101,4086.279275
3.334488,67,4086.413971
101.979684,64,4086.544466
5.057325,65,4086.672306
1.424052,74,4098.089067
4.197193,74,4098.241811
4.937394,86,4098.420223
2.804253,72,4098.566364
102.991519,71,4098.714611
3.806434,64,4098.846681
100.855098,97,4099.048841
3.490821,67,4099.186959
0.964047,116,4099.425698
-0.591567,62,4099.555942
3.964712,65,4099.703856
5.529686,79,4099.868108
101.882556,84,4100.043239
101.640177,49,4100.145128
103.758748,74,4100.294092
105.120213,73,4100.441821
1.255099,68,4100.580398
2.885252,71,4100.728375
4.656669,81,4100.889511
100.974409,77,4101.042252
105.922215,70,4101.180921
-0.793371,111,4101.397731
4.402695,82,4101.562249
1.145486,95,4101.75371
2.693312,70,4101.893032
-1.020628,123,4102.138596
100.431969,63,4113.471873
5.68448,73,4113.621669
100.650333,82,4113.797289
1.06103,76,4113.956211
2.369834,70,4114.099771
100.831532,89,4114.28232
101.129824,74,4114.435345
1.438745,70,4114.581426
101.229392,51,4114.682673
1.266426,81,4114.846756
4.238056,76,4115.00325
104.802833,61,4115.119045
-1.077472,97,4115.308472
4.619601,75,4115.463386
3.638393,87,4115.645421
100.788178,53,4115.753604
1.271186,91,4115.954199
4.3442,78,4116.12018
100.799079,110,4116.345814
0.973641,82,4116.518108
102.852377,58,4116.639489
0.982573,77,4116.797972
3.92875,85,4116.963837
1.531392,66,4117.094592
101.008779,61,4117.216073
1.590927,83,4117.391342
2.615553,60,4117.509485
104.214365,56,4128.901187
105.89144,64,4129.026838
103.836225,59,4129.142637
3.643467,61,4129.259211
2.756744,61,4129.378161
103.222767,64,4129.521119
3.493904,76,4129.673246
102.466292,69,4129.810951
101.168145,91,4130.002239
0.837017,74,4130.145633
103.459949,56,4130.255431
101.140965,101,4130.454575
3.682418,80,4130.610897
3.239982,81,4130.772744
5.224205,66,4130.901534
102.028883,71,4131.040062
3.832173,69,4131.174491
4.941784,67,4131.30749
101.568784,97,4131.501462
102.311831,48,4131.59517
101.697608,93,4131.777544
4.262086,65,4131.91068
2.021458,74,4132.061952
4.266454,63,4132.18827
4.655145,60,4132.313278
4.212312,83,4132.487236
2.607119,64,4132.615417
0.57059,86,4132.784851
102.394526,71,4132.927281
4.44202,62,4144.294147
103.441783,71,4144.442433
3.698205,67,4144.580429
105.372547,68,4144.733574
1.104549,707,4146.186206
2.237059,85,4146.353443
1.106625,76,4146.502035
103.234989,61,4146.626189
4.020718,67,4146.761379
2.92723,89,4146.940085
100.666572,50,4147.043568
2.080072,74,4147.191073
4.573996,70,4147.332856
1.70842,73,4147.481421
104.021019,67,4147.617756
4.194996,88,4147.811403
1.491009,69,4147.947354
3.171142,60,4148.064202
0.322695,192,4159.76692
101.665669,56,4159.875715
102.199543,61,4160.010979
101.111607,87,4160.180531
4.397404,67,4160.30919
2.246109,65,4160.435537
3.977403,62,4160.555476
2.741184,67,4160.685325
101.327666,101,4160.878852
4.083921,60,4160.995684
100.881453,92,4161.18452
0.236281,1000,4163.183704
0.635956,94,4163.373147
5.444265,62,4163.497247
4.177623,73,4163.653507
4.990272,90,4175.102344
3.665125,61,4175.231104
-0.555034,86,4175.406228
0.972223,1000,4177.412299
3.210906,87,4177.586152
2.247455,71,4177.726424
2.6446,67,4177.859441
100.662295,71,4178.003704
4.325721,70,4178.14672
3.458937,70,4178.289716
1.938298,121,4178.540879
101.208935,60,4178.664701
3.99259,74,4178.816432
4.030936,63,4178.944614
2.573303,60,4179.0609
4.696601,73,4190.492056
101.447213,71,4190.636474
1.755253,66,4190.773185
102.160932,72,4190.93332
101.506388,75,4191.083431
104.790642,60,4191.204445
4.887516,70,4191.342126
101.041147,71,4191.482931
101.018511,43,4191.565338
4.434388,69,4191.703743
101.696535,133,4191.970345
1.646067,61,4192.09761
101.427415,49,4192.198033
1.84962,88,4192.391115
100.864536,86,4192.567574
1.728438,75,4192.725972
0.23783,219,4193.159519
6.10964,65,4193.286898
0.923808,80,4193.443336
103.298575,68,4193.577198
3.181847,61,4193.699395
101.179353,78,4193.856429
105.372366,64,4193.980169
101.531922,44,4194.068438
3.829367,62,4194.188712
-1.980034,364,4206.20911
104.934628,61,4206.334927
101.161912,148,4206.640374
1.43699,81,4206.804581
102.401864,65,4206.931364
3.575833,59,4207.061914
1.224273,77,4207.237615
4.334915,63,4207.370145
3.301608,166,4207.715906
101.244071,84,4207.891982
2.275809,61,4208.015601
1.909426,90,4208.196992
1.970486,73,4208.352333
4.96359,64,4208.485576
0.384695,80,4208.667782
101.828753,114,4208.90266
2.689016,90,4209.088277
4.78864,61,4209.216474
3.286523,84,4209.384801
2.979312,84,4209.564995
3.91148,79,4209.728094
0.290419,1000,4223.004469
0.808696,67,4223.137403
101.125112,82,4223.297762
1.451089,80,4223.454255
3.517506,88,4223.631046
102.19253,47,4223.723784
2.722072,75,4223.872298
5.47403,75,4224.024121
1.853876,80,4224.182424
0.278617,87,4224.349804
3.941608,87,4224.528604
0.597935,67,4224.661173
103.845507,54,4224.76747
100.868679,84,4224.933503
4.025557,95,4225.123003
3.789465,77,4225.274483
102.765062,60,4225.39436
4.641893,76,4236.811026
3.664917,78,4236.964268
3.31377,72,4237.105862
103.109466,69,4237.240079
3.304399,74,4237.395577
-0.756847,90,4237.568909
4.566901,77,4237.713757
3.575381,66,4237.84623
0.726694,70,4237.983057
101.809656,71,4238.122212
2.049397,135,4238.38699
102.26822,64,4238.512624
101.397376,65,4238.63891
102.565454,51,4238.741514
4.537289,95,4238.929871
3.471946,64,4239.053706
1.922617,67,4239.184184
101.431767,65,4239.308684
2.442017,69,4239.442919
101.947904,64,4239.567446
102.311153,68,4239.70067
3.051791,83,4239.869533
0.622111,70,4240.011519
3.743562,70,4240.147646
100.721459,79,4240.304352
3.002585,64,4240.432245
102.28673,57,4240.544181
4.638131,74,4240.691932
1.385701,95,4252.139307
4.558508,81,4252.308071
3.407621,76,4252.462928
2.919157,68,4252.616333
2.480868,64,4252.74703
102.683466,79,4252.924586
3.000713,67,4253.062056
103.074277,56,4253.185951
0.956087,100,4253.395843
5.489505,64,4253.522447
1.624056,71,4253.660775
4.050747,68,4253.796291
100.696498,82,4253.953923
100.972261,55,4254.066278
4.659209,96,4254.263678
4.543429,61,4254.390242
3.553911,62,4254.520651
3.997564,66,4254.653909
101.17286,40,4254.743525
3.903496,132,4255.002288
0.278696,97,4255.19435
1.325608,95,4255.382224
102.129209,55,4255.49134
4.06003,60,4255.612048
101.544861,88,4255.786138
102.756663,71,4255.925404
2.666466,62,4256.044209
100.49932,63,4256.168429
2.956987,68,4267.543551
3.944883,61,4267.661697
1.77882,96,4267.855602
3.077807,60,4267.973333
4.318884,74,4268.118752
104.339149,59,4268.235826
2.471702,80,4268.402667
4.933834,89,4268.59056
3.796917,67,4268.729389
1.05208,1000,4270.712146
3.061966,77,4270.862718
4.984609,67,4270.996823
3.117294,87,4271.165346
101.197439,61,4271.285051
1.456622,61,4271.403338
104.395624,65,4271.530683
-0.401295,97,4282.965319
1.834385,86,4283.156096
101.907184,66,4283.293501
0.01226,1000,4285.360824
2.029262,73,4285.508564
3.778308,81,4285.66808
3.013947,89,4285.852258
1.773151,76,4286.009547
105.379594,64,4286.142539
3.456679,72,4286.290479
101.309818,77,4286.449854
102.731114,71,4286.599522
1.360473,91,4286.785842
101.334039,92,4286.962837
3.903439,69,4298.47134
1.732665,73,4298.620106
3.827324,105,4298.844738
4.835177,66,4298.975053
2.426224,71,4299.119942
0.623566,74,4299.264039
5.870444,65,4299.389247
-0.027905,101,4299.586283
101.496535,91,4299.764953
4.929034,82,4299.931523
103.135219,68,4300.072182
2.212546,65,4300.22234
100.950823,126,4300.483822
1.123679,92,4300.670543
100.438458,84,4300.833378
1.339105,71,4300.973461
3.660479,79,4301.135046
4.056638,86,4301.303068
1.532338,77,4301.45739
3.302421,67,4301.590864
100.410931,52,4301.694984
3.245323,88,4301.864383
2.169142,59,4301.985331
1.695588,91,4302.175331
4.654246,69,4302.318326
1.400602,85,4302.49193
4.38246,77,4313.967641
2.164597,76,4314.11927
0.936944,137,4314.389758
0.459188,84,4314.553421
101.014681,106,4314.760206
2.176082,65,4314.894296
3.853742,68,4315.026284
102.087623,65,4315.155481
101.390799,68,4315.290584
-0.077854,169,4315.622757
101.490503,71,4315.767216
2.958823,61,4315.893042
1.544149,92,4316.088305
4.186512,66,4316.226657
1.933219,70,4316.371873
1.74704,76,4316.526276
103.807044,60,4316.646415
2.916721,82,4316.809494
4.892944,84,4316.977418
105.087322,62,4317.099678
100.691807,62,4317.224546
2.101572,71,4317.366711
3.492484,93,4317.556462
1.751139,73,4317.699717
4.618841,70,4317.836075
105.037391,62,4329.137969
3.462418,73,4329.286912
5.836559,64,4329.420645
0.299359,89,4329.604989
2.838923,84,4329.776788
5.385293,65,4329.902893
102.448271,61,4330.021391
1.524632,92,4330.207862
-0.321556,1000,4332.235255
102.293691,74,4332.387544
0.945623,78,4332.549235
2.456612,82,4332.720366
4.655044,72,4332.866453
1.031149,77,4333.016679
3.203395,65,4333.142366
4.089019,77,4344.65796
2.470131,80,4344.821118
102.750292,81,4344.987273
105.74054,68,4345.121602
2.498816,62,4345.242979
3.746811,76,4345.391079
1.120738,85,4345.560781
-0.299574,67,4345.691485
4.291344,76,4345.8389
5.028899,85,4346.0061
1.211531,82,4346.166234
2.217251,68,4346.302801
3.103443,72,4346.441067
3.078371,60,4346.559831
1.835797,86,4346.729152
100.567431,63,4346.864265
1.050851,82,4347.033433
1.415603,86,4347.208491
2.076405,109,4347.429687
-0.750554,118,4347.673673
3.066142,69,4347.813302
3.035273,59,4347.935122
3.072466,61,4348.059787
4.744729,61,4348.183079
103.501093,70,4348.326635
3.949616,68,4348.463777
4.424733,71,4348.606076
102.276162,67,4348.745674
1.504314,71,4360.111772
1.829985,61,4360.22704
2.659804,101,4360.423791
1.252148,64,4360.55097
2.947014,61,4360.673201
1.052737,88,4360.847219
103.153824,65,4360.974266
1.05969,71,4361.122867
103.508884,62,4361.251755
100.591692,30,4361.313781
3.409327,71,4361.453013
100.523623,78,4361.610718
1.432238,88,4361.789146
1.96116,65,4361.920014
105.461944,61,4362.040311
4.422212,71,4362.181874
100.315428,52,4362.282611
0.713107,73,4362.424347
3.532454,67,4362.555075
1.997606,123,4362.798312
101.329808,98,4362.991951
102.367642,68,4363.127146
1.778654,72,4363.271194
4.178345,88,4363.451135
-1.021217,118,4363.685635
3.632767,71,4363.827947
1.963103,71,4363.969933
101.367887,65,4375.29129
-0.617488,1000,4377.282779
-0.230957,241,4377.767319
2.34929,79,4377.926154
100.428023,60,4378.047997
4.842179,62,4378.172407
4.615783,81,4378.331813
2.81002,68,4378.47387
3.259499,69,4378.616772
100.362983,75,4378.769326
2.151812,70,4378.908675
101.360363,99,4379.108087
3.627861,68,4379.246472
3.598286,77,4390.595158
1.905961,72,4390.7375
3.723679,63,4390.861138
4.44428,90,4391.035825
103.261307,68,4391.172378
4.189678,69,4391.307999
103.697605,53,4391.414833
2.127747,99,4391.608964
2.261525,72,4391.765392
101.122057,65,4391.897327
3.374341,62,4392.021912
0.05582,101,4392.222785
103.491872,69,4392.358205
5.112688,64,4392.484948
100.530315,75,4392.636665
3.259773,63,4392.760028
3.382954,67,4392.893987
5.229523,65,4393.022597
4.747307,84,4393.189403
1.46617,84,4393.353632
101.488113,100,4393.550859
1.319197,98,4393.743762
4.73851,61,4393.867247
0.701712,174,4394.210426
3.741759,66,4394.336747
101.990144,62,4394.462612
100.80843,63,4394.5902
1.609325,95,4406.06688
5.833165,67,4406.201538
2.192676,67,4406.348113
-0.23464,106,4406.554057
1.5081,64,4406.681228
101.279081,49,4406.773906
3.955249,73,4406.917835
103.362592,68,4407.054268
1.281448,96,4407.247796
1.707433,81,4407.405986
5.03811,93,4407.593265
0.386414,66,4407.728116
103.516255,64,4407.85505
1.470719,63,4407.981456
4.28116,67,4408.11412
2.237874,74,4408.255201
100.990492,86,4408.425548
4.803665,68,4408.579056
100.865127,104,4408.78879
3.016706,72,4408.929949
1.470764,62,4409.052367
101.786874,55,4409.157715
0.45909,1000,4422.345901
2.165517,71,4422.482533
4.804333,61,4422.60359
4.634457,62,4422.72541
2.192437,85,4422.892629
2.460153,63,4423.014797
104.84081,64,4423.143516
1.540498,65,4423.271669
3.386248,66,4423.406926
4.188538,65,4423.533844
2.22154,71,4423.676416
4.208295,64,4423.811424
102.919618,56,4423.922651
3.06098,83,4424.092773
1.875904,69,4424.226545
4.237112,59,4424.343411
103.889263,69,4424.479931
100.755007,120,4424.713822
3.810547,75,4424.86308
103.871539,60,4424.980633
4.328025,68,4425.117531
5.512387,65,4425.256275
3.701187,94,4436.691629
4.425736,72,4436.833146
101.228495,64,4436.959102
2.514996,83,4437.123688
101.043495,107,4437.330837
-0.487601,113,4437.572056
0.462749,75,4437.717332
1.724198,79,4437.871786
101.126658,76,4438.035351
102.563577,63,4438.15903
3.562945,68,4438.290601
101.840498,79,4438.443362
1.213436,84,4438.605131
103.694716,56,4438.720089
3.590528,67,4438.853792
3.901097,67,4438.985476
102.360705,77,4439.135093
3.0846,89,4439.309405
-0.679382,174,4439.656557
1.492651,65,4439.784727
4.27537,75,4439.931077
-0.184152,175,4440.276877
-1.127201,437,4452.361605
2.871061,75,4452.518821
6.156271,64,4452.644613
104.699258,69,4452.783489
100.638229,82,4452.954151
104.180235,64,4453.080103
5.548524,81,4453.244231
2.089017,70,4453.384019
2.472988,71,4453.521024
5.10989,68,4453.654255
0.01409,165,4453.98003
106.211804,71,4454.120232
104.852662,62,4454.243342
4.152058,91,4454.422323
5.162775,64,4454.546126
103.09351,55,4454.652154
0.627607,97,4454.842941
1.932559,70,4454.979348
2.825876,77,4455.130642
2.55224,76,4455.277199
101.959613,62,4455.394587
4.664857,68,4455.530127
102.826616,63,4455.651181
0.919937,98,4455.850528
101.527923,62,4467.145802
4.284426,64,4467.271992
4.563964,74,4467.418955
103.176494,68,4467.562063
0.497361,804,4469.154911
103.434333,56,4469.266655
2.049607,79,4469.420137
1.304773,92,4469.60289
2.458294,80,4469.76128
2.334681,80,4469.918242
1.330887,72,4470.058336
102.264251,65,4470.184343
102.89141,67,4470.31945
3.370831,75,4470.469233
1.239159,64,4470.596935
3.180635,63,4470.719663
3.865663,66,4470.849623
1.758025,77,4470.998958
2.341716,71,4482.414698
101.189756,81,4482.579724
1.101041,366,4483.304925
2.781478,93,4483.489281
101.158856,87,4483.66299
100.774921,80,4483.829814
3.509846,67,4483.957611
3.312783,75,4484.108763
2.72626,80,4484.271024
3.742198,84,4484.435958
100.556805,74,4484.580931
3.169548,60,4484.700684
2.326123,69,4484.838992
4.323059,84,4485.014872
3.291842,62,4485.135485
3.198781,65,4485.273475
2.152096,74,4485.431117
2.588155,78,4485.593053
4.921474,91,4485.778115
4.036489,60,4485.901092
6.18044,64,4486.034515
1.600815,65,4486.169228
100.58692,260,4497.917924
104.647116,59,4498.035569
2.961652,71,4498.176217
5.299502,66,4498.306336
1.401257,65,4498.441178
1.02431,85,4498.607064
3.5416,68,4498.741887
1.753138,79,4498.901602
100.423555,63,4499.025949
4.017859,61,4499.148249
104.244575,67,4499.280976
3.054124,82,4499.4463
0.68544,91,4499.625077
3.982974,77,4499.773998
102.997794,69,4499.908374
100.916824,71,4500.045262
0.602065,75,4500.187524
4.231701,110,4500.405073
4.343481,83,4500.565359
102.174286,46,4500.661301
102.337709,64,4500.794473
101.862602,56,4500.912997
1.362979,100,4501.122921
2.663384,75,4501.280043
4.13096,60,4501.407732
2.849662,67,4501.549448
3.485029,60,4501.67157
1.34658,99,4513.238928
103.561507,70,4513.381
4.143047,93,4513.573638
101.320212,77,4513.736619
3.631541,72,4513.887785
101.706886,95,4514.082636
5.646833,69,4514.223438
3.212695,70,4514.378698
2.662703,61,4514.507613
101.397398,87,4514.683393
101.910524,65,4514.835825
4.324797,67,4514.976718
3.7772,84,4515.14846
2.378895,60,4515.270359
100.829328,83,4515.443351
5.459168,64,4515.576223
3.074904,67,4515.716211
101.506246,40,4515.800087
4.301253,65,4515.935845
101.664419,83,4516.106913
2.981935,103,4516.312632
3.894226,94,4516.510841
101.140564,105,4516.7174
2.678996,72,4516.862168
3.108295,68,4516.99649
1.784736,75,4517.144023
101.47447,70,4517.281707
3.511687,89,4528.812374
4.678392,64,4528.945735
2.385856,103,4529.17936
2.376187,74,4529.339982
2.570283,68,4529.475296
101.830579,76,4529.632954
5.247856,69,4529.777677
2.280769,72,4529.926125
5.801327,74,4530.072098
1.981141,86,4530.240969
101.989199,74,4530.388538
2.021257,82,4530.549084
-0.543311,410,4531.356185
2.887605,79,4531.511313
103.962662,56,4531.624302
5.065189,81,4531.782229
1.791282,60,4531.89937
1.47318,101,4532.103585
100.868277,87,4532.282449
5.220745,81,4532.450452
102.69652,74,4532.600105
3.321469,64,4532.733169
3.007876,68,4532.869478
1.152953,80,4544.372685
1.907684,65,4544.513767
1.35576,86,4544.688458
3.104644,65,4544.821558
100.378545,143,4545.113674
100.877861,72,4545.255984
0.868121,102,4545.462012
100.088182,125,4545.70662
4.155373,77,4545.85874
105.419948,67,4545.989187
101.857662,78,4546.142653
1.691731,71,4546.2943
4.500172,69,4546.432003
105.580055,65,4546.563212
4.106759,66,4546.695342
103.568944,63,4546.81888
4.449605,97,4547.015824
0.347955,85,4547.184719
101.612666,71,4547.324446
2.172703,77,4547.482488
2.78747,70,4547.630544
1.69067,86,4547.802599
2.156101,83,4547.968639
1.551769,91,4548.154488
101.839452,99,4548.350675
101.326921,62,4559.660555
2.411842,60,4559.77884
3.351617,80,4559.939275
3.044495,64,4560.065264
1.195875,88,4560.239914
103.263136,53,4560.344683
0.755082,85,4560.517176
0.711352,93,4560.729785
105.603652,71,4560.87032
101.031063,88,4561.04349
0.852709,83,4561.210047
3.636636,88,4561.392904
3.67565,79,4561.548468
102.43383,68,4561.682276
3.594215,83,4561.841763
4.495614,76,4561.988759
101.358968,114,4562.21387
1.718293,70,4562.353815
101.50047,94,4562.536458
0.805253,92,4562.721844
1.501062,85,4562.888124
100.529098,53,4562.994041
2.610299,65,4563.123602
5.354309,62,4563.244025
3.591151,71,4563.382952
1.083632,69,4563.519614
2.933822,81,4574.862313
2.874834,90,4575.050984
2.934038,65,4575.186051
4.714679,63,4575.311254
3.403886,93,4575.499614
2.85418,59,4575.616902
102.81118,69,4575.754606
2.966454,74,4575.899853
4.375566,71,4576.039032
0.901432,89,4576.21986
101.326338,105,4576.426931
0.799628,68,4576.565821
2.015708,100,4576.760437
4.364114,61,4576.882208
1.022636,92,4577.061915
3.211669,78,4577.219789
3.473025,113,4577.445647
4.634166,90,4577.621042
3.764906,66,4577.75096
-0.088099,128,4578.001596
5.808226,72,4578.145046
101.076887,91,4578.326664
100.809764,52,4578.429395
100.26325,29,4578.487224
1.899597,86,4578.657894
2.582367,83,4578.821531
2.982405,73,4590.217556
4.250493,66,4590.34923
1.652608,94,4590.538406
101.487841,85,4590.705953
2.630969,84,4590.875151
4.547516,72,4591.017106
3.361351,67,4591.157381
2.956056,83,4591.325168
102.762155,68,4591.459435
-0.560463,93,4591.644183
2.476354,61,4591.777162
3.758567,66,4591.911465
4.818318,66,4592.040702
4.045631,74,4592.186481
4.47407,67,4592.318847
4.751744,64,4592.445508
1.917167,73,4592.588602
4.715092,69,4592.722798
0.612674,82,4592.88379
2.12737,96,4593.070848
1.542043,77,4593.22112
104.821772,64,4593.348527
100.924408,80,4593.505591
2.091963,79,4593.661022
-0.187916,86,4593.836933
3.383081,61,4593.95938
4.303249,64,4594.082516
3.234141,74,4594.23063
1.28029,68,4605.592821
102.356625,60,4605.72812
5.776242,74,4605.874097
3.822796,99,4606.069354
4.189528,74,4606.219597
101.049738,75,4606.365461
0.590094,71,4606.513063
3.274464,63,4606.642938
2.949989,61,4606.764801
104.112015,65,4606.89145
1.120657,99,4607.086744
101.25403,75,4607.23331
3.924119,85,4607.396507
4.393218,61,4607.519381
3.343697,60,4607.637655
2.140349,87,4607.811333
-0.612641,86,4607.980964
2.628404,67,4608.111244
2.453485,85,4608.278843
102.382689,56,4608.388891
101.278734,119,4608.61908
4.716217,63,4608.765491
3.873471,78,4608.917042
3.278777,69,4609.052709
4.102713,69,4609.1903
3.976496,61,4609.312233
4.112271,81,4609.471168
100.817091,71,4620.804525
2.707038,66,4620.9356
0.31213,122,4621.172583
3.668821,73,4621.316841
4.383501,92,4621.50297
2.037096,88,4621.673622
3.270632,85,4621.851121
100.985647,54,4621.959129
0.661495,113,4622.176701
100.845895,89,4622.367691
3.147053,63,4622.491276
2.949448,75,4622.636346
1.6631,68,4622.769525
3.261744,79,4622.925241
104.938997,62,4623.047107
102.900163,66,4623.1811
1.624922,89,4623.358485
100.783698,54,4623.464534
104.144428,60,4623.579434
0.884649,72,4623.722639
2.943836,97,4623.919073
3.79063,63,4624.044784
3.125055,64,4624.173755
105.469121,66,4624.306155
4.802003,77,4624.457794
103.50165,68,4624.592712
4.498993,89,4624.7666
3.515983,67,4636.068664
2.964667,66,4636.201246
3.162306,80,4636.375466
1.355579,85,4636.546216
103.507864,72,4636.68662
4.531642,72,4636.831048
4.027207,79,4636.984873
3.970054,101,4637.18416
2.340353,69,4637.324678
4.374652,65,4637.45415
3.239783,60,4637.57668
104.638197,69,4637.711965
104.520156,61,4637.834978
1.494012,61,4637.957116
3.968164,65,4638.087338
2.975936,97,4638.28149
3.790009,78,4638.439574
1.451235,92,4638.621974
5.336046,64,4638.748956
2.640797,97,4638.94087
101.712275,71,4639.081555
103.017974,62,4639.204699
2.913139,70,4639.343568
4.86713,74,4639.491481
2.840713,76,4639.644042
2.688571,59,4639.759418
100.840525,97,4639.949159
5.572106,63,4640.078606
4.071916,62,4651.4824
102.467104,71,4651.622572
5.142569,61,4651.743273
1.969102,64,4651.869564
3.719743,65,4651.998439
3.466523,60,4652.119638
2.543893,72,4652.266655
4.718248,86,4652.43803
1.313291,86,4652.606989
4.189194,68,4652.740383
5.652886,64,4652.885565
0.755231,98,4653.079346
1.010752,80,4653.240291
1.456568,69,4653.373725
2.980249,70,4653.515002
105.396045,64,4653.641626
1.116622,63,4653.767954
2.065464,60,4653.887165
2.769709,77,4654.042519
1.929049,63,4654.16972
1.619112,75,4654.31993
102.165633,78,4654.474238
2.242439,68,4654.612035
3.326426,60,4654.731703
4.29667,76,4654.885878
3.686886,60,4655.007068
3.8073,60,4655.123854
3.452491,156,4655.449558
4.029723,69,4666.769159
0.079527,124,4667.015746
3.095092,93,4667.199378
101.643877,76,4667.364398
2.441336,71,4667.505785
3.905562,79,4667.658581
-0.195698,855,4669.478389
100.679301,89,4669.651181
2.669487,69,4669.790167
1.405317,76,4669.941569
6.164139,65,4670.070204
1.22409,130,4670.326263
4.140868,61,4670.443436
103.074127,69,4670.576031
102.50425,72,4670.71769
3.960697,97,4682.113394
4.880685,68,4682.249217
102.755043,47,4682.340085
5.189287,84,4682.506948
101.087375,56,4682.62917
-0.195212,78,4682.791775
103.598085,71,4682.938413
102.927254,55,4683.054862
2.414892,64,4683.187096
3.156861,93,4683.380744
103.937404,61,4683.508787
101.09532,80,4683.670837
105.904634,73,4683.821719
101.781069,110,4684.047658
-0.979577,718,4685.504128
2.756075,67,4685.653748
5.76647,65,4685.782527
101.089936,80,4685.939697
101.50892,94,4686.123994
4.404947,60,4697.437418
-3.315423,128,4697.71127
1.351502,83,4697.872562
5.249008,66,4698.004264
3.846476,69,4698.143332
2.392895,89,4698.319402
102.457867,69,4698.461722
101.85573,64,4698.593058
1.04025,86,4698.761875
-0.146752,87,4698.938013
5.991018,74,4699.090981
103.910098,70,4699.229811
1.568599,72,4699.371323
0.744106,91,4699.554428
1.103112,77,4699.70587
4.749865,82,4699.867613
1.288742,95,4700.052533
5.406682,66,4700.180531
3.441039,67,4700.313182
2.983275,95,4700.500372
0.806628,76,4700.659033
100.245341,46,4700.749846
100.562371,82,4700.909325
2.11505,83,4701.072331
3.959509,94,4701.258017
4.590893,68,4701.394068
0.45252,112,4712.789405
4.344412,74,4712.946626
3.6647,70,4713.084283
2.199729,74,4713.232707
3.792367,79,4713.384858
101.22686,80,4713.542124
101.615981,47,4713.635039
2.220031,61,4713.756303
5.101403,64,4713.884935
103.779646,64,4714.012338
103.40971,62,4714.134109
1.817522,102,4714.34289
4.677105,106,4714.558206
2.631034,94,4714.742342
100.783434,236,4715.207085
101.469065,59,4715.332646
4.446681,69,4715.472326
4.316086,70,4715.613878
1.563389,89,4715.786036
4.255976,72,4715.926318
1.285525,109,4716.140253
103.510384,61,4716.26294
101.638307,76,4716.419277
3.050803,61,4716.541014
1.699474,61,4716.659668
0.909648,1000,4729.94334
101.458093,77,4730.096787
0.033835,99,4730.287481
4.013653,67,4730.423376
102.969972,51,4730.523486
4.936127,63,4730.672554
0.907671,120,4730.908413
102.390431,62,4731.033991
103.966854,70,4731.173283
101.122081,74,4731.318738
4.063022,67,4731.450767
105.387404,66,4731.581784
4.899646,62,4731.708256
100.971051,88,4731.884353
100.95215,90,4732.062815
4.202541,78,4743.420563
3.390517,67,4743.551682
105.702782,70,4743.704939
5.86575,63,4743.828763
1.649653,73,4743.972868
4.568298,60,4744.093331
102.17015,73,4744.236792
1.708454,78,4744.387292
1.608776,80,4744.556712
4.234389,69,4744.691566
3.309462,86,4744.863244
100.918379,67,4744.99651
102.776556,65,4745.125715
4.940105,88,4745.301189
100.920647,80,4745.457807
5.405952,62,4745.577732
5.325011,65,4745.705329
3.018473,85,4745.871104
5.243694,66,4746.001428
103.669507,67,4746.134288
2.815335,75,4746.28243
-0.043904,1000,4759.545727
0.588097,78,4759.701639
1.746542,65,4759.835938
4.801997,63,4759.961143
104.603896,75,4760.114607
-0.249213,144,4760.397974
4.858443,63,4760.520179
102.218357,69,4760.657203
2.303147,74,4760.799288
101.18909,48,4760.894557
100.457089,55,4761.001377
-2.314623,372,4761.745329
102.428194,66,4761.87607
-0.699814,92,4762.05441
3.972722,69,4762.190782
3.753372,101,4762.386875
1.768511,99,4762.582147
101.638846,126,4774.071487
103.396821,73,4774.216871
2.143377,90,4774.395461
100.891683,79,4774.566822
4.348619,66,4774.695977
4.881718,64,4774.820441
101.457249,36,4774.889085
102.19168,70,4775.035131
4.168781,86,4775.203339
103.708513,68,4775.334284
5.266103,62,4775.456512
2.090707,100,4775.654783
100.633815,86,4775.83052
1.948532,64,4775.958828
104.93877,64,4776.087053
102.137245,50,4776.187525
3.188784,69,4776.324001
3.37818,66,4776.452388
4.255341,74,4776.595728
101.262719,64,4776.72229
101.327751,84,4776.890567
0.93114,185,4777.260902
4.643789,63,4777.389699
4.238652,62,4777.518702
2.135981,74,4777.666109
103.862787,75,4777.812524
3.351306,66,4777.941674
1.120015,71,4778.083597
5.946666,63,4789.485448
104.74667,68,4789.621016
0.719205,104,4789.830618
104.881909,74,4789.978819
3.811618,76,4790.134686
100.881601,86,4790.312544
100.404113,59,4790.436337
-2.058633,538,4791.517822
2.09752,80,4791.678274
4.051711,79,4791.836605
4.187941,61,4791.958823
3.91238,65,4792.085302
1.118657,108,4792.297516
101.372878,103,4792.497676
3.092346,77,4792.653379
104.008315,69,4792.789677
3.171498,77,4792.953897
4.076673,89,4793.135672
2.204762,61,4793.269536
103.58719,70,4793.408508
3.020808,81,4804.741629
101.101167,62,4804.859977
103.677716,69,4804.995476
3.823201,68,4805.129032
1.067487,78,4805.281363
3.292003,93,4805.485388
3.822084,78,4805.638105
0.73017,77,4805.791847
4.80869,60,4805.912129
2.840821,69,4806.047699
101.440987,76,4806.197661
1.780645,87,4806.378232
103.428431,55,4806.488636
102.285396,66,4806.619836
4.506075,90,4806.800044
101.261755,73,4806.939453
1.47432,118,4807.161091
4.235062,66,4807.287692
104.332655,67,4807.42259
101.06946,111,4807.644273
0.643747,91,4807.823107
1.627073,79,4807.97716
1.98178,81,4808.136511
2.9684,87,4808.30788
5.778177,77,4808.463224
101.24293,74,4808.610682
103.845912,66,4820.01755
4.522789,62,4820.147209
3.817214,73,4820.293516
101.839136,143,4820.613518
1.12929,95,4820.805745
2.00441,67,4820.935722
2.462872,72,4821.07783
0.989852,95,4821.26956
101.872659,62,4821.388969
104.783668,60,4821.508058
4.282286,63,4821.630499
101.623649,60,4821.754219
2.108618,82,4821.914672
3.42534,71,4822.056376
3.481259,60,4822.1752
2.799632,59,4822.287926
105.94035,76,4822.439647
100.857908,54,4822.541777
2.136089,91,4822.719185
3.008656,74,4822.865201
101.174536,99,4823.06244
4.606733,67,4823.191631
2.621653,69,4823.326975
102.15073,49,4823.423694
4.110149,63,4823.546321
101.229377,113,4823.773147
100.792091,65,4823.900762
4.140884,68,4824.037454
1.183967,96,4835.5253
4.415168,78,4835.679353
3.692826,84,4835.839079
2.178423,67,4835.970415
5.433972,86,4836.137655
103.640767,75,4836.286115
2.370111,60,4836.403244
101.176482,37,4836.478748
2.955192,68,4836.609749
101.001596,72,4836.751174
4.100058,88,4836.924076
100.772492,26,4836.976167
1.534964,74,4837.123605
103.310894,50,4837.21938
3.606612,81,4837.377128
103.908368,62,4837.4989
101.055832,91,4837.67598
5.224374,89,4837.855547
2.107186,96,4838.044514
2.363687,81,4838.204476
101.27104,41,4838.282723
4.048358,67,4838.415568
4.058832,67,4838.546779
0.964803,101,4838.746999
5.165004,73,4838.894913
4.325242,63,4839.019468
103.301692,59,4839.137724
3.127988,70,4839.278529
104.538282,69,4839.417644
3.194335,72,4850.756366
3.238077,118,4850.993457
0.741771,73,4851.15518
2.210661,69,4851.295337
101.153492,53,4851.398941
3.770241,158,4851.712669
102.738845,72,4851.857145
3.156076,70,4851.997595
3.304047,102,4852.197952
3.376833,62,4852.319082
2.020787,60,4852.435841
3.4029,63,4852.561255
3.168293,72,4852.698697
103.699374,54,4852.805094
1.361542,79,4852.962134
4.391009,70,4853.097648
3.877486,69,4853.231455
1.835499,76,4853.380784
100.950579,79,4853.536061
2.172221,69,4853.668668
3.363474,66,4853.799441
0.998379,92,4853.979228
5.711343,78,4854.13341
105.553232,67,4854.265105
3.932182,82,4854.42757
-0.634529,68,4854.562141
4.26243,79,4865.879597
2.549294,63,4866.01392
-0.456179,87,4866.198354
1.244527,73,4866.346248
2.897389,65,4866.474363
4.021537,78,4866.63479
1.924698,72,4866.778138
103.230147,65,4866.907875
4.551296,60,4867.02663
0.324244,101,4867.224559
104.37751,59,4867.344512
3.683037,60,4867.468698
1.289312,71,4867.609436
102.616748,72,4867.752827
4.263188,153,4868.04916
2.983018,88,4868.220771
5.666314,72,4868.363129
1.829962,69,4868.499768
4.041429,64,4868.626133
2.902493,76,4868.774074
0.896428,145,4869.067283
3.308288,70,4869.203865
3.582298,71,4869.346153
1.989016,73,4869.491049
3.21468,66,4869.621821
1.405479,69,4869.758244
101.064727,89,4869.939489
105.293577,66,4881.283922
3.156217,73,4881.429171
1.682261,78,4881.588152
103.8579,67,4881.721287
1.454748,99,4881.91763
-0.678318,171,4882.248187
1.929731,62,4882.373458
1.28373,94,4882.559086
2.643738,70,4882.699698
3.066367,93,4882.902897
0.880564,80,4883.059689
3.013796,72,4883.202836
3.363525,60,4883.322649
104.914761,61,4883.448128
2.257242,60,4883.568532
101.60507,80,4883.727033
2.105398,69,4883.8636
101.210498,71,4884.004448
4.321921,88,4884.179535
3.188159,70,4884.318457
4.501532,63,4884.43911
1.168638,107,4884.65578
3.469358,61,4884.777889
103.082691,72,4884.921027
1.61059,69,4885.060405
100.683857,82,4885.223434
100.974837,71,4896.65658
104.487803,57,4896.767594
3.725209,98,4896.958464
0.092603,73,4897.119643
2.329396,86,4897.285069
101.428488,57,4897.391222
1.984936,68,4897.524101
101.616289,75,4897.66984
1.520359,136,4897.932986
3.462369,73,4898.071382
104.007668,57,4898.184187
104.167761,71,4898.323801
1.080791,275,4898.86321
-2.458589,153,4899.164204
101.922438,58,4899.277278
4.604302,64,4899.401748
4.015345,72,4899.539831
1.966022,73,4899.683431
105.993924,69,4899.821122
100.73801,50,4899.919115
1.694841,64,4900.045235
2.839762,77,4900.194982
4.529327,92,4900.374625
-2.371475,174,4912.064724
100.525904,88,4912.236704
1.676313,62,4912.358433
2.539177,62,4912.479446
4.104773,68,4912.613135
3.505802,65,4912.741136
2.135344,95,4912.932749
2.303985,83,4913.129182
1.089245,104,4913.335374
2.515684,60,4913.454436
1.310891,73,4913.598107
101.849022,70,4913.734217
1.304366,88,4913.909782
-0.308008,82,4914.075174
-2.718797,167,4914.406777
102.597809,71,4914.551577
100.912953,68,4914.688984
2.55677,67,4914.820746
102.438559,72,4914.966325
4.082226,76,4915.114039
102.901164,70,4915.254209
3.658529,75,4915.404439
3.942461,85,4915.574044
4.279981,62,4915.698647
1.305012,73,4915.844201
0.127671,1000,4929.033054
0.512993,104,4929.2383
3.607557,102,4929.437318
3.765363,61,4929.559424
103.189936,65,4929.686122
1.686112,80,4929.849986
3.550025,70,4929.990125
-0.489462,170,4930.320352
1.435884,88,4930.488755
3.150816,78,4930.657919
3.149256,61,4930.782484
100.207355,60,4930.907845
3.14902,86,4931.077569
101.409591,74,4931.2203
1.752124,69,4942.52814
1.551363,76,4942.67725
101.593583,67,4942.808981
101.234609,75,4942.969579
-2.114044,846,4944.632451
4.177173,160,4944.95243
103.168941,71,4945.099561
4.305315,63,4945.227546
0.916543,103,4945.431388
2.173834,92,4945.615086
0.425038,94,4945.804835
101.327095,64,4945.930772
3.681553,83,4946.094545
2.255749,93,4946.277913
3.466166,67,4946.408894
105.380551,63,4957.69848
2.271649,82,4957.861552
3.81413,69,4957.996617
3.83088,71,4958.135623
1.400846,74,4958.296307
4.711537,80,4958.453794
0.401031,103,4958.657133
-0.152148,111,4958.874804
2.924514,67,4959.010769
101.38576,87,4959.183578
4.368838,64,4959.307325
4.173284,67,4959.434287
1.565372,78,4959.588647
4.87276,70,4959.726888
1.53166,82,4959.887806
100.89577,56,4960.015435
104.806027,69,4960.154202
3.911633,60,4960.275724
4.751548,76,4960.431182
101.033822,73,4960.577021
103.533607,58,4960.689464
103.344977,51,4960.790386
1.759387,70,4960.931344
1.918427,158,4961.240767
102.63414,74,4961.388567
4.598714,62,4961.513798
2.446967,69,4961.64682
4.391195,74,4973.075844
1.609829,84,4973.239467
1.7904,69,4973.3736
1.395983,69,4973.519385
3.760805,83,4973.691594
2.7165,82,4973.855371
3.592392,77,4974.00477
2.064245,58,4974.126409
1.891103,95,4974.313983
103.395538,73,4974.454643
4.489255,66,4974.587086
1.993217,67,4974.722406
1.472403,93,4974.902941
101.770344,56,4975.014164
2.059843,79,4975.178481
1.167104,74,4975.325718
4.839685,62,4975.451017
5.164732,70,4975.589412
101.632206,64,4975.713981
5.595936,76,4975.868994
101.922436,113,4976.093125
1.293532,93,4976.274327
100.360143,61,4976.396891
4.926143,67,4976.527574
0.705993,146,4976.813892
2.081875,88,4976.990829
-0.070848,1000,4990.155585
5.543375,66,4990.299863
1.322693,90,4990.476137
102.245626,60,4990.591522
0.332325,188,4990.967505
104.437408,68,4991.103727
2.652438,60,4991.221169
4.943597,66,4991.352059
-1.375912,121,4991.595042
2.784981,70,4991.733529
4.631183,81,4991.893438
100.657547,82,4992.054643
105.452,65,4992.185336
1.130754,159,5003.704638
-0.997593,111,5003.930447
4.964834,72,5004.071129
101.827778,80,5004.23247
2.791102,170,5004.563443
0.612645,96,5004.76032
3.216488,66,5004.889344
0.928119,92,5005.070091
2.412581,72,5005.212267
102.005143,67,5005.344852
2.542783,69,5005.485106
5.597551,78,5005.63691
101.064232,57,5005.751384
102.411687,63,5005.875503
-0.552615,104,5006.073285
1.613835,90,5006.252021
5.489869,71,5006.389111
102.530232,50,5006.491074
0.376205,74,5006.633983
3.829483,64,5006.765515
2.735911,70,5006.907023
5.310791,156,5007.207652
102.610735,70,5007.349457
3.992347,67,5007.479261
3.080112,84,5018.834958
5.662002,66,5018.965167
4.567631,67,5019.099128
2.841515,65,5019.230951
103.525282,54,5019.33718
5.266733,66,5019.470547
2.550476,61,5019.590064
101.680596,68,5019.722708
2.172518,78,5019.879527
3.380377,95,5020.071203
2.275515,59,5020.186702
3.709145,79,5020.360696
104.186165,57,5020.473061
4.615485,67,5020.603064
2.15051,80,5020.759918
4.20233,79,5020.914678
0.975526,119,5021.14835
1.156629,89,5021.324701
4.315833,60,5021.440967
0.954718,97,5021.638643
101.198995,84,5021.804755
0.718609,87,5021.97575
2.142934,68,5022.107328
3.152615,89,5022.284634
1.883462,81,5022.444555
102.36569,67,5022.577345
2.64246,60,5022.700099
101.855841,67,5022.834597
100.112142,64,5034.183943
5.102542,65,5034.314679
2.015053,79,5034.487746
1.434179,119,5034.725339
105.846268,71,5034.864175
106.013468,65,5034.99521
101.115904,74,5035.141214
101.849491,93,5035.326806
-0.509811,94,5035.516854
0.530493,84,5035.685022
4.415265,71,5035.8291
101.256847,50,5035.924031
5.299314,64,5036.05275
4.75466,75,5036.201554
2.666584,71,5036.343675
3.046843,80,5036.501562
4.403918,71,5036.645165
1.933907,144,5036.930264
106.07045,67,5037.066851
2.711826,75,5037.211402
100.55353,56,5037.320271
1.945726,70,5037.456287
2.126903,69,5037.589329
104.705489,73,5037.734142
3.639741,72,5037.878233
0.978961,93,5038.062168
3.335222,68,5038.196667
4.130342,83,5049.54756
1.68823,99,5049.743257
100.898579,88,5049.918759
3.901708,61,5050.045804
5.216224,82,5050.213493
4.306712,60,5050.336041
105.602707,64,5050.464946
4.796233,62,5050.591603
3.677221,80,5050.752108
105.92722,66,5050.899764
4.674869,67,5051.031018
100.726239,67,5051.158783
1.287745,71,5051.298478
2.427573,69,5051.432888
2.544106,80,5051.591741
101.220026,66,5051.72641
3.37848,92,5051.907478
1.118013,86,5052.077472
1.090628,87,5052.250618
101.937989,84,5052.414497
1.816732,93,5052.594004
0.104125,1000,5065.771276
101.787951,50,5065.87007
3.487616,68,5066.002549
1.489573,78,5066.155308
101.173532,73,5066.300396
100.945972,91,5066.478855
102.663869,50,5066.580897
3.837793,66,5066.710191
2.306573,59,5066.824867
100.258318,62,5066.94636
3.260733,81,5067.102658
-0.284476,230,5067.557005
3.54322,66,5067.690709
104.521734,74,5067.840205
0.984092,84,5068.005208
1.039467,72,5068.146974
4.57263,76,5068.296416
5.36572,69,5068.434813
105.972762,68,5068.567964
104.250391,61,5068.688286
105.672665,66,5080.007963
4.893567,82,5080.165846
2.294406,68,5080.303467
-0.886763,1000,5082.32185
101.052048,84,5082.483295
4.457392,61,5082.601103
1.432691,94,5082.796753
1.655312,70,5082.939628
103.649677,56,5083.049348
-0.234039,107,5083.257973
101.7301,44,5083.346231
101.444375,60,5083.464205
100.795881,27,5083.517174
1.438575,70,5083.655503
103.110393,62,5083.778758
-1.322433,104,5083.985579
2.184039,67,5095.309571
5.742593,76,5095.461248
3.857063,65,5095.591155
4.740947,68,5095.725891
4.16803,65,5095.852086
102.230332,62,5095.973062
100.905223,103,5096.174199
102.401676,51,5096.289701
101.488191,39,5096.367785
1.455453,80,5096.523798
101.466147,125,5096.773983
103.191204,69,5096.926754
3.793379,62,5097.051976
100.786897,60,5097.165369
1.296066,74,5097.310587
101.818547,96,5097.501499
101.247868,49,5097.595824
2.851887,69,5097.727388
2.367814,69,5097.863582
1.96128,69,5098.002321
0.119553,77,5098.153608
4.148363,68,5098.289814
3.458113,61,5098.436139
101.334069,82,5098.600599
2.904989,91,5098.779743
3.691139,77,5098.930316
101.511353,51,5099.033288
3.360157,64,5099.159668
100.996313,78,5110.477641
2.220451,62,5110.598485
101.227859,54,5110.701286
103.557478,61,5110.818393
0.455016,72,5110.982183
3.753508,83,5111.166906
101.820612,83,5111.342148
3.396332,79,5111.511761
3.718384,74,5111.655136
0.348083,1000,5113.662119
3.405873,67,5113.791412
-0.338813,1000,5126.943119
-0.68686,87,5127.110336
1.698076,79,5127.267247
1.346216,80,5127.423468
2.325848,60,5127.545027
4.624205,70,5127.682217
0.911551,105,5127.886098
0.994937,80,5128.046823
1.439357,98,5128.241306
101.875333,57,5128.351196
2.311444,68,5128.486887
5.812268,69,5128.623617
3.611584,84,5128.793962
105.492711,68,5128.925722
2.354476,58,5129.040414
101.068295,52,5129.145326
2.330166,72,5129.287249
100.648285,73,5129.434547
2.714598,73,5129.577122
4.383496,69,5129.713113
101.036243,71,5141.065997
101.43975,69,5141.202401
5.1294,65,5141.346626
4.003259,77,5141.503243
100.366181,54,5141.609903
4.705289,72,5141.763513
103.907922,72,5141.905131
0.415265,76,5142.054521
1.278025,84,5142.232313
1.246066,99,5142.431169
4.67272,68,5142.569829
3.991727,72,5142.712137
3.185959,66,5142.845383
2.207885,71,5142.98423
101.914145,70,5143.122487
4.680208,71,5143.265723
1.972726,71,5143.410555
3.607036,67,5143.546495
1.587085,80,5143.702579
103.097341,74,5143.848243
4.021216,62,5143.97373
101.907829,47,5144.065997
100.512511,208,5144.476704
100.184187,77,5144.626096
-1.040367,125,5144.88125
101.255211,50,5144.984208
101.092463,85,5156.36854
3.26629,60,5156.48887
5.748143,62,5156.614823
1.921372,84,5156.783446
1.056643,97,5156.9791
-0.411325,93,5157.167691
101.70336,55,5157.278147
3.895191,81,5157.440331
3.135508,70,5157.581639
2.394103,83,5157.748718
2.733382,91,5157.941106
3.936985,65,5158.07137
105.759501,63,5158.19644
2.63496,65,5158.3252
3.173379,59,5158.438213
103.634773,55,5158.548444
102.803959,74,5158.69616
0.420403,75,5158.84308
4.206582,84,5159.008324
3.529327,61,5159.128575
2.732608,81,5159.290999
102.14946,117,5159.527486
2.031086,84,5159.691898
101.04468,87,5159.862192
5.787173,68,5160.006924
102.431838,106,5160.217663
3.537732,96,5160.404961
2.045028,75,5171.919415
4.254107,66,5172.06674
4.043783,61,5172.183702
4.618022,64,5172.312372
4.372546,64,5172.439262
2.224884,78,5172.595762
101.107285,47,5172.68545
2.210651,69,5172.819708
102.262016,62,5172.951995
100.997821,53,5173.062342
103.195545,48,5173.156274
103.381633,68,5173.296495
103.002817,63,5173.427947
1.678882,98,5173.6344
4.672854,85,5173.810661
-0.625544,198,5174.205756
1.056488,96,5174.400316
2.427489,68,5174.543027
-0.760037,109,5174.764278
2.721974,61,5174.890097
3.294536,107,5175.121501
3.290428,66,5175.25905
0.689184,74,5175.410978
100.997412,64,5175.544678
3.252276,77,5175.705841
1.070913,66,5175.841166
1.312832,70,5175.986549
4.216702,91,5187.39836
4.401851,63,5187.52703
-0.500995,86,5187.703472
1.240112,98,5187.9058
4.201998,129,5188.183408
2.551106,64,5188.32178
3.996678,65,5188.45229
3.39939,79,5188.616441
105.447484,64,5188.747447
0.218506,108,5188.957807
2.784043,77,5189.108235
100.680961,69,5189.243469
4.806137,75,5189.393552
2.85529,75,5189.543271
1.569185,150,5189.845142
2.381343,68,5189.981889
102.172519,71,5190.129669
100.812196,82,5190.294444
104.265351,62,5190.424958
104.812021,66,5190.559114
2.595861,67,5190.698019
101.448466,84,5190.861489
4.944992,64,5190.985482
100.850206,85,5191.148526
101.225939,111,5191.376896
3.317467,62,5202.768508
1.294933,90,5202.952283
102.959246,75,5203.104192
100.631861,55,5203.229542
1.043902,73,5203.387871
3.124762,75,5203.543197
103.789323,70,5203.691047
2.603727,70,5203.843501
2.199201,68,5203.993371
4.104958,76,5204.149023
102.451091,44,5204.239821
-0.032431,163,5204.578735
3.277362,69,5204.722149
101.931627,72,5204.867483
4.321562,80,5205.023801
2.884574,79,5205.175039
2.781553,68,5205.306012
2.311597,69,5205.439797
4.189882,64,5205.570087
4.348615,117,5205.798368
0.229238,260,5206.314438
5.101242,87,5206.484178
4.162835,83,5206.661164
1.550874,63,5206.78387
3.445768,85,5218.219932
101.892441,73,5218.365645
2.887176,72,5218.507258
2.356348,65,5218.638231
101.262459,66,5218.785207
3.179149,79,5218.941437
3.131226,90,5219.121181
101.347139,79,5219.285506
-0.646799,1000,5221.324393
3.021563,66,5221.45161
1.624197,77,5221.609307
104.304938,64,5221.733507
0.845182,124,5221.972513
3.708238,85,5222.142226
4.659383,78,5233.543116
-2.264986,154,5233.875093
4.313804,69,5234.014248
2.57917,87,5234.186231
0.986177,270,5234.7412
2.139981,65,5234.873886
2.991958,85,5235.041126
1.991946,101,5235.247479
101.985778,58,5235.362802
5.542753,68,5235.494756
2.787843,63,5235.621076
101.221511,121,5235.859809
3.656558,84,5236.022151
1.969115,62,5236.142485
0.756357,81,5236.299299
101.097421,95,5236.491674
4.758361,63,5236.616829
0.137195,100,5236.816851
2.177601,84,5236.984232
1.437868,92,5237.166799
5.861399,71,5237.309947
104.750417,69,5237.447742
4.307943,68,5237.58251
2.63625,62,5249.018215
101.720157,59,5249.136686
102.816975,53,5249.245659
-0.068478,118,5249.494561
4.452724,67,5249.640768
5.431156,63,5249.768477
1.491565,69,5249.91022
3.485772,72,5250.067475
-0.950199,120,5250.316736
4.069728,75,5250.486796
3.907122,75,5250.64296
100.628514,60,5250.766624
2.313513,83,5250.929429
102.417104,70,5251.065859
4.044259,62,5251.189224
2.042791,63,5251.309283
102.592652,70,5251.446067
101.10665,35,5251.517177
103.952092,68,5251.647728
-0.191085,85,5251.812428
3.413175,62,5251.935946
1.665282,92,5252.121849
2.091738,62,5252.250852
3.03071,60,5252.376408
1.654467,105,5252.594601
1.795913,72,5252.747392
2.071697,68,5252.885327
101.551227,42,5252.966385
1.54324,99,5264.426834
101.450892,53,5264.531606
100.865668,88,5264.7187
0.985175,83,5264.880403
3.043594,64,5265.008728
100.735716,75,5265.157658
3.166918,65,5265.287479
1.191452,75,5265.438199
100.72396,79,5265.591796
5.159723,70,5265.730501
101.61878,81,5265.889171
-0.836397,91,5266.068453
2.919045,99,5266.258472
3.892738,100,5266.459646
101.857797,68,5266.589699
0.654131,155,5266.891611
1.925592,63,5267.021447
100.487766,67,5267.156193
-0.083214,166,5267.482989
2.859231,68,5267.618764
2.405382,68,5267.75318
102.690708,48,5267.860574
1.45186,82,5268.020469
2.184298,63,5268.149472
2.618064,72,5268.294
100.950781,65,5268.4198
3.315674,85,5280.041232
101.023475,83,5280.214157
104.039456,61,5280.339994
3.712134,71,5280.47898
-0.573861,115,5280.703853
2.75823,67,5280.837177
0.516883,72,5280.978144
2.02623,73,5281.12102
3.509025,70,5281.260404
3.224389,67,5281.406557
1.04744,77,5281.55778
102.370265,63,5281.677335
101.339451,86,5281.850719
4.269009,70,5281.989731
3.309503,69,5282.12721
101.154516,86,5282.299747
1.981383,70,5282.435954
5.003358,71,5282.585417
0.802647,83,5282.753463
100.773963,64,5282.877775
0.534817,100,5283.073949
102.276185,43,5283.15879
1.450689,81,5283.318062
4.336068,65,5283.442129
1.017784,74,5283.588918
102.651436,67,5283.726235
1.718261,69,5283.86188
4.95235,155,5295.448803
2.849734,66,5295.581304
1.514627,75,5295.730454
1.439854,70,5295.870864
3.982037,82,5296.033023
-0.980809,116,5296.255498
2.884142,90,5296.428776
104.017397,55,5296.538194
4.084068,91,5296.718385
4.572115,63,5296.839638
-0.03598,317,5297.465192
2.39584,101,5297.667081
4.106906,77,5297.819266
-0.109211,145,5298.113737
4.465346,66,5298.244407
0.777468,121,5298.490448
4.119559,62,5298.616427
103.655167,55,5298.722066
4.301575,61,5298.848176
101.10794,35,5298.921998
101.388108,61,5299.044483
2.289297,117,5299.2779
103.410512,69,5310.799533
102.856171,73,5310.941991
3.235744,73,5311.081309
3.535288,65,5311.208688
2.231965,75,5311.359322
3.328968,82,5311.520841
105.189725,69,5311.655004
-0.681389,114,5311.880584
101.252584,81,5312.043692
101.298237,82,5312.218386
2.739244,73,5312.361829
101.077832,72,5312.503325
1.528057,87,5312.67477
3.801708,89,5312.855431
104.408561,70,5312.996732
1.241961,109,5313.227508
1.462662,62,5313.354334
-0.337911,81,5313.521346
3.403755,67,5313.659986
2.686994,70,5313.801528
4.582786,62,5313.925126
5.764726,63,5314.052514
4.540209,65,5314.182384
104.07296,57,5314.296649
103.458047,76,5314.447257
1.469318,66,5314.576774
3.94621,77,5314.746635
4.496737,71,5326.12561
5.509312,81,5326.289999
1.15466,99,5326.484869
3.561072,64,5326.609187
2.819854,67,5326.75784
4.299177,70,5326.911161
3.398601,65,5327.037623
0.699496,134,5327.301211
1.331878,59,5327.415894
2.633923,62,5327.543209
3.027094,61,5327.668605
2.47757,71,5327.819781
101.379476,56,5327.932149
101.685938,62,5328.061567
101.739974,39,5328.144192
2.320387,91,5328.334141
3.840887,70,5328.478379
3.423441,195,5328.886115
102.047482,70,5329.033165
2.861702,71,5329.225437
0.063883,72,5329.420214
0.888294,71,5329.572523
1.675467,76,5329.73087
3.508259,93,5329.911587
104.431557,73,5330.057068
5.144065,82,5330.220377
102.355495,55,5330.330131
4.775906,68,5341.723648
4.776733,74,5341.874859
101.116809,85,5342.065999
2.351733,78,5342.226593
100.655198,86,5342.406349
1.953638,69,5342.544889
101.606813,82,5342.714096
2.012915,77,5342.868074
3.212959,80,5343.026443
101.376693,81,5343.184672
105.107911,63,5343.30756
4.515363,63,5343.445066
102.608503,72,5343.58839
101.262075,55,5343.695901
2.226997,60,5343.815145
5.685683,67,5343.947116
102.308574,76,5344.100141
5.308844,87,5344.287663
103.360162,74,5344.439725
104.412497,63,5344.566613
1.302833,72,5344.716241
2.518243,68,5344.855336
5.11343,80,5345.021618
1.578974,66,5345.162278
1.943055,97,5345.368141
1.546623,63,5345.501516
0.358775,157,5357.102361
5.068973,78,5357.255935
5.84301,69,5357.392834
103.613178,74,5357.554054
100.704285,82,5357.723158
4.438204,65,5357.854818
2.565709,60,5357.974956
1.308057,91,5358.156235
1.61245,207,5358.572836
2.426132,72,5358.720795
0.779934,254,5359.227802
1.895192,68,5359.362622
102.175585,67,5359.497641
103.852904,71,5359.639602
5.885865,68,5359.783309
102.232177,152,5360.090148
2.708154,62,5360.215061
1.547584,79,5360.370467
102.147772,69,5360.513598
2.651477,69,5360.654135
101.962034,83,5360.83958
2.318201,73,5360.993038
105.47378,63,5361.123225
102.0318,47,5361.220153
1.787421,62,5372.600063
101.480334,64,5372.725163
2.54889,79,5372.877578
101.250994,73,5373.020658
3.234547,65,5373.162081
101.536135,72,5373.302868
104.79139,60,5373.42195
3.59163,72,5373.566845
105.497297,65,5373.697274
2.031959,59,5373.816515
-3.119353,525,5374.832965
1.44784,76,5374.983406
1.855344,71,5375.12292
2.421754,74,5375.268084
101.80547,67,5375.400664
-0.477357,187,5375.783412
3.33047,71,5375.923279
101.980065,42,5376.006818
4.824263,71,5376.148595
1.157344,90,5376.327425
2.646653,91,5376.505271
1.883087,99,5387.922783
2.488656,69,5388.058996
102.306063,72,5388.199914
0.377072,87,5388.37323
3.915071,62,5388.49928
0.493309,87,5388.680704
4.030954,81,5388.843138
-0.604678,99,5389.040677
1.348399,75,5389.188602
4.2798,64,5389.332135
1.240092,103,5389.547261
1.565086,69,5389.689997
2.196927,61,5389.814938
4.230816,62,5389.937964
3.235293,66,5390.068311
2.251184,85,5390.234933
5.326828,74,5390.381862
101.055828,79,5390.541622
2.521083,61,5390.664138
101.059893,34,5390.73032
1.022326,63,5390.855764
101.069623,87,5391.023847
2.510208,60,5391.144903
101.174417,57,5391.256998
5.735035,72,5391.398965
103.600537,67,5391.532733
4.084576,66,5391.661602
3.153504,71,5391.79955
-3.859419,382,5403.796597
-2.144137,131,5404.06881
4.012402,71,5404.216648
1.561052,94,5404.413779
4.445885,72,5404.562787
100.735273,69,5404.702143
101.592017,69,5404.846678
2.135775,86,5405.021224
2.609607,70,5405.159603
4.36765,63,5405.282184
101.521186,97,5405.473679
3.31473,102,5405.676353
101.399155,69,5405.812266
0.826823,76,5405.967491
4.390556,65,5406.102676
2.434929,74,5406.254578
103.909636,64,5406.391088
101.479749,89,5406.575739
3.483941,69,5406.721937
102.895788,73,5406.876084
104.469735,65,5407.010936
1.946478,70,5407.156263
-0.825214,511,5419.594809
3.088904,67,5419.727773
100.895068,81,5419.904063
104.528168,65,5420.032724
4.30547,70,5420.191564
0.644963,71,5420.341568
4.138067,70,5420.487924
3.361651,66,5420.621517
5.440266,81,5420.785558
101.813803,76,5420.940696
4.281551,71,5421.086269
2.468715,72,5421.235323
101.44294,89,5421.418173
3.550643,60,5421.543275
2.175231,73,5421.694499
104.125036,56,5421.810795
0.862727,102,5422.018231
1.723075,60,5422.141641
5.221002,68,5422.282382
102.218308,62,5422.414297
3.278467,98,5422.623843
2.645286,85,5422.790319
101.93357,65,5422.925676
101.254494,73,5434.476556
103.292478,58,5434.589453
3.763571,68,5434.730517
4.916207,74,5434.885956
103.326081,72,5435.052227
1.463004,61,5435.176197
-0.756294,112,5435.41631
3.154241,75,5435.573915
4.45781,66,5435.711642
2.269956,68,5435.851964
4.92505,77,5436.011687
101.098226,64,5436.144659
4.789299,74,5436.300189
4.22631,66,5436.440701
3.072924,80,5436.604161
102.722181,47,5436.70095
1.414841,75,5436.857326
102.312612,76,5437.020928
2.913559,67,5437.160315
103.554945,69,5437.303028
103.47818,53,5437.415441
100.815931,398,5438.245413
1.151209,84,5438.418615
1.349553,91,5438.60833
3.839468,90,5450.105522
2.223312,100,5450.303991
3.706157,83,5450.467745
3.15267,63,5450.59115
1.35984,74,5450.740589
1.108701,70,5450.880787
105.099693,71,5451.023479
0.435213,83,5451.19713
5.345193,65,5451.331573
0.953541,93,5451.543515
102.143508,59,5451.673463
4.241296,74,5451.826083
-0.532615,171,5452.175187
103.447672,72,5452.328785
3.878543,76,5452.488852
1.436912,86,5452.671873
3.802109,97,5452.870317
104.66581,67,5453.016076
4.733863,70,5453.164539
1.163415,1000,5466.529253
1.166568,86,5466.695505
5.350061,74,5466.840193
3.025327,82,5467.003931
2.952526,97,5467.192489
3.051622,93,5467.369536
3.637294,73,5467.511988
105.556309,70,5467.652876
1.44816,68,5467.793674
-0.271572,78,5467.957857
4.142117,68,5468.096132
102.140403,47,5468.187556
4.544291,70,5468.323898
3.79008,61,5468.445661
1.426646,121,5468.71382
2.463634,111,5468.93079
1.730458,64,5469.057824
1.426664,78,5469.211286
4.551461,73,5469.35951
2.106902,62,5469.486
102.976929,78,5480.860176
104.102605,61,5480.987457
0.757337,71,5481.140698
3.949408,71,5481.286523
2.223784,68,5481.426229
100.946361,70,5481.569604
3.793923,75,5481.721226
5.229439,65,5481.859285
3.8357,83,5482.036939
1.180979,88,5482.218635
2.735936,61,5482.343681
1.34104,64,5482.473402
100.663762,66,5482.605443
4.050387,79,5482.758853
103.089264,71,5482.892646
101.448706,83,5483.056279
1.399718,73,5483.199835
4.820898,62,5483.320358
1.050828,84,5483.483542
2.062252,86,5483.654184
1.689434,71,5483.794101
-1.142365,117,5484.02891
101.229761,65,5484.157418
3.237051,72,5484.299971
2.30036,75,5484.446825
100.782641,78,5484.599334
4.77365,66,5484.731315
2.693652,81,5484.888574
4.20016,77,5496.349854
101.190095,158,5496.688135
104.973476,65,5496.824697
5.034899,78,5496.979342
4.822556,68,5497.11328
-1.864412,115,5497.339323
4.01642,65,5497.467298
102.248449,64,5497.591579
0.350516,97,5497.782128
0.615785,458,5498.676772
1.988769,69,5498.812044
0.029917,95,5499.009045
0.805305,77,5499.163508
2.968289,64,5499.286583
5.824818,78,5499.447499
5.005774,62,5499.5719
102.789922,53,5499.678822
4.249449,61,5499.802237
100.658926,62,5499.927969
2.352611,68,5500.06229
4.152349,66,5500.191754
1.788547,71,5500.331262
0.750169,143,5511.946503
1.841618,73,5512.092762
101.241971,73,5512.239259
1.79069,107,5512.455432
104.008294,57,5512.568624
0.110323,81,5512.729611
3.808299,64,5512.86534
2.383621,60,5512.986475
4.7207,111,5513.204297
3.357128,67,5513.344002
0.971126,75,5513.503026
101.061896,47,5513.595255
100.383869,84,5513.759945
2.457756,97,5513.957973
2.731908,66,5514.091699
5.948909,72,5514.235755
3.700617,76,5514.395135
4.575031,68,5514.531303
1.457393,95,5514.716486
-0.834729,184,5515.083446
1.746817,78,5515.238392
2.93894,71,5515.376289
2.033342,62,5515.498303
2.076921,70,5515.635098
105.369571,69,5526.929168
5.137266,67,5527.062188
102.663489,77,5527.215215
103.995094,55,5527.327496
1.99486,81,5527.501179
105.660473,68,5527.638213
103.707213,62,5527.758654
101.236838,76,5527.907839
103.729902,70,5528.052535
2.066432,84,5528.22202
3.812186,84,5528.389912
105.613081,63,5528.519459
102.519186,46,5528.612344
2.634042,72,5528.753875
-0.708958,88,5528.931954
4.48295,66,5529.063978
0.659969,93,5529.252398
3.602636,71,5529.393099
0.862314,76,5529.544207
101.021616,105,5529.756182
4.047146,161,5530.095572
3.997393,68,5530.227633
2.138577,78,5530.378896
0.399869,97,5530.569834
105.058683,68,5530.703576
4.927133,68,5530.838336
0.550411,78,5530.993877
2.169254,75,5542.313261
0.2271,74,5542.474165
4.166442,70,5542.610741
101.399694,82,5542.771461
1.81884,80,5542.930264
-0.784839,112,5543.147649
105.45185,65,5543.278664
3.028552,60,5543.39673
100.49948,70,5543.534659
5.32515,66,5543.665615
1.511963,82,5543.827966
0.392935,113,5544.068404
102.279622,54,5544.17663
2.850127,69,5544.314838
3.026313,90,5544.492329
105.41712,71,5544.636299
1.667914,85,5544.800986
1.994731,63,5544.928202
2.603797,64,5545.053098
4.967856,65,5545.184501
3.023465,76,5545.332594
4.870902,68,5545.474382
102.042662,77,5545.62677
2.5989,63,5545.749432
5.170814,70,5545.89589
3.610124,104,5546.105091
103.967662,64,5546.232739
100.32422,62,5557.549354
0.638206,182,5557.926748
101.507674,58,5558.038342
4.141733,67,5558.173024
2.127443,99,5558.370091
101.077666,81,5558.534012
3.953963,69,5558.672975
3.787082,100,5558.871998
4.649201,77,5559.021544
101.447565,82,5559.18326
4.930012,73,5559.327461
102.938835,71,5559.468624
103.035482,59,5559.586043
0.598706,77,5559.746958
102.544907,54,5559.853146
105.618455,66,5559.983593
101.34759,89,5560.165585
3.805656,74,5560.313234
100.998178,68,5560.446553
101.486752,88,5560.62074
103.066187,61,5560.747383
3.613108,62,5560.871532
-0.735059,107,5561.084079
4.346464,68,5561.219944
102.307543,46,5561.313889
1.226576,97,5561.506077
3.123976,69,5572.868315
102.349425,110,5573.092081
-0.425616,154,5573.399441
100.705667,77,5573.549379
105.113486,69,5573.687282
103.640903,55,5573.796654
101.838254,94,5573.998482
2.006549,61,5574.124948
103.980298,55,5574.231777
0.981982,93,5574.416418
1.586142,100,5574.615396
101.11866,65,5574.743638
1.89152,74,5574.888836
0.727006,75,5575.037943
3.639997,66,5575.165476
103.109704,53,5575.271358
4.259572,65,5575.401436
102.209204,65,5575.531667
104.338547,72,5575.67569
-0.258163,89,5575.852939
100.828701,86,5576.02406
2.157674,63,5576.147515
101.370268,86,5576.322217
104.174318,64,5576.448043
2.873198,69,5576.584383
-2.249043,228,5588.227141
100.873247,59,5588.352178
103.044101,69,5588.493614
104.463101,69,5588.632317
2.027477,93,5588.814578
101.800695,101,5589.016163
2.824504,92,5589.200752
102.683424,48,5589.291728
103.984495,72,5589.431667
3.418751,65,5589.559444
3.311334,77,5589.711757
1.077343,116,5589.942731
3.557026,123,5590.187063
5.173437,83,5590.359241
100.878466,66,5590.48984
101.39583,87,5590.658852
101.137006,80,5590.817612
103.503844,67,5590.946937
102.769687,74,5591.094604
101.649386,163,5591.422541
0.675572,82,5591.584645
2.130149,78,5591.741329
0.52735,90,5591.91868
5.171395,63,5592.049002
102.479052,64,5592.177246
101.051387,52,5603.504485
1.97896,68,5603.640307
-1.969294,126,5603.891247
5.021459,62,5604.014189
101.109198,82,5604.181506
3.89474,83,5604.347841
3.20733,74,5604.499462
102.590039,69,5604.653905
2.764141,71,5604.791079
2.149888,63,5604.915635
101.592504,88,5605.098435
4.275568,68,5605.236631
5.444559,75,5605.38457
102.601631,65,5605.512942
2.69956,74,5605.658633
3.321587,66,5605.789977
4.289014,64,5605.918485
5.692954,82,5606.089379
102.985736,71,5606.228391
2.875192,85,5606.394128
4.536561,75,5606.545291
-1.891551,161,5606.863085
102.401182,69,5606.999168
102.601415,61,5607.12089
102.308692,85,5607.289271
1.523213,92,5607.475425
101.370377,88,5618.878858
101.514383,85,5619.059902
0.940498,62,5619.183915
102.734589,67,5619.312423
3.634195,80,5619.472185
-0.330348,104,5619.680726
0.602434,74,5619.829438
4.592586,67,5619.960514
102.259255,54,5620.072726
104.222477,60,5620.194648
0.220274,77,5620.347401
104.218671,63,5620.471986
-0.814494,116,5620.705285
3.789336,70,5620.845887
3.050601,63,5620.972391
0.699492,88,5621.146758
3.666488,64,5621.275352
100.749254,94,5621.473131
3.816342,66,5621.604959
101.024812,123,5621.850573
106.172053,65,5621.982494
2.930079,68,5622.117486
5.444177,66,5622.249859
3.390068,64,5622.374133
2.924785,66,5622.504861
101.096275,90,5622.699631
2.819542,83,5622.858662
1.67846,94,5634.23002
5.280291,73,5634.372473
2.997918,187,5634.754999
1.704137,116,5634.983652
102.316675,79,5635.142572
1.439979,108,5635.35514
5.833254,71,5635.499694
1.250902,112,5635.72564
3.233769,70,5635.864173
3.735876,62,5635.985626
3.892601,80,5636.143745
2.840432,70,5636.287384
103.41698,64,5636.417116
4.20466,70,5636.555945
102.484686,68,5636.690208
-2.105403,220,5637.123487
2.323825,83,5637.293434
2.56449,67,5637.426248
106.048069,68,5637.559989
2.565749,61,5637.679505
0.40166,79,5637.834623
102.253154,79,5637.988038
2.486149,69,5638.126355
1.977655,62,5649.483205
2.152123,79,5649.654266
2.472273,65,5649.781929
2.812114,73,5649.928664
105.674246,66,5650.059334
103.68758,68,5650.193275
-0.525869,186,5650.563427
1.487197,91,5650.74582
3.622059,76,5650.894566
101.548946,40,5650.97443
1.835156,68,5651.107757
100.984165,75,5651.255751
2.093921,120,5651.49289
103.854314,57,5651.605221
105.023889,64,5651.733192
104.248881,66,5651.862148
2.29627,70,5652.001513
105.017027,64,5652.126304
102.939281,50,5652.229044
100.768713,85,5652.393861
101.844671,76,5652.545176
1.572736,63,5652.67251
102.689695,46,5652.761371
2.340716,78,5652.91424
101.681188,78,5653.074377
2.64346,74,5653.222556
3.971833,70,5653.358606
4.49306,69,5664.713428
102.634641,53,5664.81843
105.340037,73,5664.95927
4.497992,80,5665.119889
102.255284,73,5665.264634
105.635841,70,5665.403641
-0.230262,185,5665.77473
0.34803,96,5665.977834
-2.368043,139,5666.257747
3.417224,91,5666.438545
0.494663,67,5666.571265
101.020516,64,5666.700688
104.330928,70,5666.841444
4.681372,80,5667.000285
4.823176,98,5667.193989
1.558062,69,5667.32685
4.591244,70,5667.469544
-0.340483,100,5667.668303
-0.777491,95,5667.85023
101.500562,87,5668.020798
100.862086,104,5668.227924
2.53129,69,5668.362957
3.251895,76,5668.519078
100.847622,58,5668.63684
3.970619,96,5680.068634
4.475756,63,5680.1929
101.109563,79,5680.348255
-0.58534,153,5680.651693
0.551587,80,5680.81575
2.079919,73,5680.9633
4.55989,76,5681.115735
4.475882,83,5681.283593
104.938895,74,5681.427471
1.120092,89,5681.608885
101.443543,119,5681.844988
5.438988,68,5681.979181
101.68769,83,5682.14407
101.202523,80,5682.301615
3.1538,71,5682.442361
101.095232,81,5682.60662
102.456732,66,5682.738599
4.119645,78,5682.891158
2.390913,71,5683.029416
3.157899,69,5683.165847
1.185735,71,5683.311461
105.597914,65,5683.44267
101.483188,78,5683.596707
2.850319,205,5684.002709
102.199903,78,5695.387262
1.692111,93,5695.570714
101.678655,129,5695.827562
4.299577,68,5695.9645
3.495176,69,5696.102988
3.7527,73,5696.246805
103.187519,68,5696.400472
0.830127,105,5696.608342
101.631663,94,5696.798267
3.292744,77,5696.962908
103.750308,70,5697.098584
-1.450783,130,5697.354352
102.55055,67,5697.485207
0.962701,108,5697.699326
1.843364,181,5698.053435
105.361522,61,5698.175916
3.897332,63,5698.302839
2.266349,87,5698.484188
103.208107,67,5698.615963
4.800551,71,5698.758246
4.772444,68,5698.892493
101.014438,59,5699.008525
1.462525,70,5699.14713
4.655361,68,5699.286492
101.311303,89,5710.712322
3.110798,69,5710.866664
2.294212,67,5710.997142
103.016626,64,5711.127505
103.271074,66,5711.260808
2.333888,64,5711.39325
1.566824,85,5711.559904
2.025859,68,5711.706315
-0.503438,92,5711.890094
-0.711524,87,5712.05917
102.47762,56,5712.1736
3.45071,63,5712.302904
101.449279,79,5712.461692
2.238532,64,5712.593545
5.215242,82,5712.759261
3.150483,78,5712.917332
101.883968,62,5713.04283
104.625721,67,5713.182993
2.098575,83,5713.356985
3.76825,80,5713.525255
4.565841,71,5713.676928
5.769369,65,5713.820681
3.282073,66,5713.95217
2.853321,129,5714.21437
1.105741,104,5714.423087
5.256279,64,5714.553478
3.227894,83,5714.718979
101.195934,70,5726.051405
100.957919,85,5726.216607
103.29473,65,5726.345892
101.535044,41,5726.428475
102.338744,70,5726.567887
100.76679,67,5726.708852
5.015175,62,5726.833692
5.42398,64,5726.961212
102.776758,76,5727.117919
5.260982,77,5727.290119
1.151061,98,5727.48544
4.444716,72,5727.628835
104.262998,71,5727.770025
1.249029,63,5727.897036
1.622628,59,5728.018178
5.935476,77,5728.16798
3.777222,65,5728.298103
1.020541,69,5728.433687
105.97968,64,5728.559348
3.578727,64,5728.690902
104.39182,60,5728.809798
2.486703,70,5728.948847
3.347409,86,5729.119957
0.783347,107,5729.338951
4.105146,69,5729.481103
2.078211,81,5729.648632
0.028489,107,5729.871867
102.478471,60,5729.996496
0.378596,82,5730.168571
101.241782,113,5741.666015
3.358315,73,5741.811954
103.213191,55,5741.921654
1.479047,95,5742.115438
4.217545,62,5742.238109
3.824089,68,5742.375538
102.662454,62,5742.506439
4.216348,105,5742.716553
3.398652,81,5742.877396
3.031292,75,5743.027137
-0.566309,182,5743.393194
100.505925,74,5743.540534
3.334765,70,5743.675822
1.167539,93,5743.860255
101.739856,73,5744.00861
0.112751,153,5744.313761
2.706818,61,5744.434114
101.121072,64,5744.560087
3.894598,64,5744.68665
4.968239,61,5744.810606
101.151361,40,5744.891097
101.444591,54,5744.999777
100.873615,86,5745.169168
101.252852,80,5745.329449
4.359925,84,5745.498515
5.226764,71,5756.838385
0.690713,110,5757.056571
0.694597,73,5757.19904
2.062863,88,5757.370424
0.693319,90,5757.54671
1.666196,104,5757.749557
101.4429,83,5757.913983
2.966841,62,5758.033296
3.990441,81,5758.206948
2.521817,92,5758.390913
2.345361,72,5758.533466
3.600662,71,5758.673111
2.907538,66,5758.801515
2.726523,101,5759.000121
3.992596,98,5759.191702
5.214392,73,5759.336933
3.145311,70,5759.473444
101.814758,68,5759.606567
101.975789,96,5759.794406
101.767962,40,5759.873522
1.387726,80,5760.028988
0.853307,107,5760.238096
3.61455,61,5760.356954
1.032421,91,5760.539932
2.719815,86,5760.710774
1.188435,73,5772.125571
1.211808,97,5772.334202
3.078787,69,5772.474293
100.934521,63,5772.605593
2.383056,67,5772.743546
100.988122,84,5772.911098
2.344397,68,5773.044909
2.389487,79,5773.199781
5.409648,66,5773.328207
101.6261,53,5773.441647
100.175749,72,5773.58742
0.115894,76,5773.742811
2.907016,62,5773.871128
101.865929,64,5774.00257
101.117911,59,5774.122371
4.589975,63,5774.257493
101.380706,77,5774.419299
-2.106497,230,5774.893149
4.981432,67,5775.02878
4.721143,63,5775.154267
4.040582,72,5775.301244
100.761967,69,5775.4369
2.079266,71,5775.578217
2.901564,67,5775.717489
101.410343,78,5775.876684
1.195516,70,5776.022185
101.103627,97,5776.228606
101.106566,110,5787.699308
104.958245,75,5787.857183
1.585345,70,5788.001136
104.056491,62,5788.127264
1.815796,76,5788.294379
-1.4903,126,5788.562984
3.97412,77,5788.721226
2.959242,70,5788.855147
2.450339,83,5789.022609
3.395143,70,5789.173667
4.327569,84,5789.348345
2.483318,93,5789.541425
105.935317,63,5789.670145
102.378944,62,5789.799104
102.207958,67,5789.93842
5.596697,73,5790.090737
104.858195,64,5790.221871
103.842445,71,5790.360831
100.181596,75,5790.510367
101.708701,66,5790.640616
104.472161,67,5790.767232
2.886182,88,5790.939996
100.707544,83,5791.106292
101.652792,62,5791.229458
-0.243021,94,5791.415829
3.138361,71,5791.559625
5.514853,69,5802.890568
102.557378,58,5803.008553
4.696202,80,5803.176899
5.916492,67,5803.307784
2.445458,84,5803.474231
103.597697,56,5803.587763
3.582874,76,5803.741471
2.255017,68,5803.885556
1.0597,158,5804.20065
4.34318,112,5804.424119
3.013299,86,5804.619305
104.504578,57,5804.735051
3.892203,68,5804.873194
103.422906,61,5804.992056
3.118244,66,5805.124532
1.36915,91,5805.304209
101.992521,80,5805.464121
103.781542,68,5805.601363
1.652409,112,5805.823139
3.965076,86,5805.997075
101.128966,72,5806.14137
3.382627,89,5806.321847
4.694764,62,5806.444741
3.51969,74,5806.595505
1.721944,70,5806.735839
101.029448,62,5806.859629
3.834126,75,5818.465311
3.54919,66,5818.598088
105.158911,71,5818.74033
1.819533,85,5818.926157
0.632532,106,5819.135762
0.945745,74,5819.284934
101.738889,90,5819.470139
3.160383,61,5819.593145
101.530189,74,5819.74338
103.787669,73,5819.886663
104.138068,59,5820.002232
2.411335,60,5820.123156
103.44575,65,5820.250761
102.101639,78,5820.407718
4.760076,75,5820.558858
101.48893,76,5820.706591
106.254358,70,5820.844214
102.335557,74,5820.990529
3.860379,63,5821.124671
3.340419,97,5821.318924
0.738422,90,5821.49253
104.166924,71,5821.633578
1.379141,80,5821.794974
104.93463,60,5821.91467
1.30166,100,5822.113391
103.985838,73,5822.263414
2.917376,66,5822.397776
103.796186,60,5822.513576
1.225258,82,5833.878529
102.847395,55,5833.987881
105.652683,72,5834.125568
1.408145,82,5834.288271
104.196017,68,5834.422993
101.404983,66,5834.551683
-0.116135,79,5834.711366
2.759573,76,5834.866693
3.737365,70,5835.024531
1.073384,61,5835.149836
3.486567,69,5835.285255
101.636263,91,5835.473948
101.343815,55,5835.586303
1.236852,98,5835.780491
3.999476,115,5836.007563
0.17595,68,5836.14545
2.507076,67,5836.274966
4.774991,67,5836.411847
103.338148,68,5836.547277
0.982748,87,5836.719957
4.199793,66,5836.852616
101.655698,52,5836.9556
1.415438,73,5837.101819
4.923997,63,5837.228359
105.52909,67,5837.361985
100.773032,406,5849.470161
105.395152,63,5849.605422
100.574333,61,5849.726705
101.395451,80,5849.886283
103.378647,68,5850.018611
2.347149,69,5850.153779
3.517938,68,5850.302002
0.680857,90,5850.479252
101.20243,56,5850.59223
5.412354,63,5850.717806
2.099531,66,5850.851099
102.77157,56,5850.961375
3.972621,83,5851.127996
-0.89848,120,5851.369995
103.491766,68,5851.499951
3.058581,83,5851.668953
1.707758,65,5851.792742
101.382216,152,5852.095626
2.840433,65,5852.224216
101.972982,67,5852.35512
104.496618,58,5852.467505
2.191466,79,5852.626463
4.395895,65,5852.752757
1.692429,97,5852.943226
3.490184,68,5853.075712
103.089327,54,5853.184019
3.239231,93,5864.605999
102.30769,72,5864.745028
4.397782,117,5864.978691
104.406341,73,5865.125408
106.19794,67,5865.257574
104.628587,65,5865.385332
101.120276,88,5865.565377
1.843254,93,5865.748991
101.771695,62,5865.87427
3.216177,64,5866.014478
0.910459,83,5866.177168
3.409688,71,5866.318444
0.615565,96,5866.507715
104.023534,72,5866.65185
4.190613,103,5866.860875
100.968922,55,5866.969981
2.74512,85,5867.139895
102.593486,58,5867.251118
100.817775,84,5867.418437
4.595925,61,5867.537552
0.455908,154,5867.836631
1.985089,102,5868.033404
2.322915,63,5868.157496
102.483001,43,5868.242648
3.104,67,5868.377932
2.456771,109,5879.829136
105.474535,66,5879.975572
103.00635,64,5880.099832
3.605698,71,5880.243604
5.825063,63,5880.366692
6.151358,64,5880.496109
1.025547,99,5880.699917
2.970103,74,5880.851136
-2.087301,209,5881.270226
3.749847,80,5881.432601
5.386081,79,5881.590322
3.336575,79,5881.75011
1.502065,69,5881.88736
0.720409,73,5882.035068
-0.809732,86,5882.206855
102.091528,95,5882.39415
4.551331,65,5882.527354
100.747266,26,5882.579404
0.725016,112,5882.804142
4.674557,76,5882.957324
4.774991,64,5883.083643
1.352537,79,5883.243243
2.927568,68,5883.379672
4.760045,79,5883.543076
1.844124,74,5883.690704
2.945981,100,5883.891437
5.494811,80,5895.273753
4.583203,67,5895.409065
0.556831,117,5895.641208
2.263913,73,5895.788131
0.753749,71,5895.927652
4.457666,66,5896.076221
101.011673,94,5896.268161
101.538517,64,5896.393367
2.009981,67,5896.525628
3.46651,67,5896.658531
4.141805,71,5896.800828
3.11268,65,5896.931247
2.015749,70,5897.073436
4.866892,64,5897.201299
101.610338,88,5897.375072
5.148567,65,5897.504796
5.002468,62,5897.631552
2.649189,72,5897.772751
-0.897786,102,5897.98096
2.246405,67,5898.113046
102.087745,76,5898.264686
102.353981,66,5898.398132
0.970751,91,5898.576904
100.388418,190,5898.949311
2.793268,192,5910.530557
101.786569,87,5910.706519
3.797178,86,5910.885381
101.748183,45,5910.97805
105.646331,67,5911.111196
4.848937,77,5911.262472
4.553485,65,5911.393334
105.45842,68,5911.534706
104.985402,64,5911.668352
4.722668,68,5911.804849
5.061708,70,5911.941732
3.768701,66,5912.074175
0.963331,81,5912.232941
3.920583,62,5912.365264
1.000756,64,5912.496865
2.409879,67,5912.627714
5.550833,72,5912.768555
104.35128,55,5912.87602
103.057924,76,5913.028919
0.489502,165,5913.369913
100.485172,81,5913.530707
102.444717,48,5913.634784
3.332046,99,5913.828316
101.556071,95,5914.015522
1.669854,70,5914.17086
4.811266,65,5914.29733
100.192515,68,5914.43014
-0.822865,83,5925.77154
5.457579,66,5925.902315
102.555588,60,5926.020595
102.513871,54,5926.128288
-0.462826,100,5926.323811
1.506765,74,5926.484454
2.199582,82,5926.649938
-0.402768,119,5926.886043
100.508054,87,5927.056632
3.210133,67,5927.188412
3.68027,67,5927.320288
5.706468,63,5927.451568
100.811161,78,5927.605341
5.116704,74,5927.754367
106.046093,66,5927.88463
1.23913,87,5928.073798
102.060612,77,5928.228113
101.484144,58,5928.344442
2.791326,75,5928.494862
2.300108,69,5928.628886
105.36604,68,5928.768753
102.784399,49,5928.865482
105.065013,68,5929.002512
1.244298,102,5929.207483
104.415999,69,5929.345022
2.377918,79,5929.506092
101.536395,53,5929.609811
100.688569,68,5929.756209
2.359036,69,5941.064539
3.986712,74,5941.215523
3.865914,74,5941.361556
2.243061,72,5941.501807
100.693441,39,5941.589193
100.694221,84,5941.770252
2.994016,66,5941.899281
0.424709,100,5942.090796
5.528907,65,5942.222104
105.360107,64,5942.346272
1.707449,74,5942.495089
105.586934,72,5942.637329
3.514031,164,5942.963839
2.04267,62,5943.087027
4.186176,63,5943.213912
3.909886,74,5943.360902
100.408908,52,5943.466526
101.800705,62,5943.588042
4.920894,117,5943.819393
0.117119,103,5944.026499
2.91322,66,5944.159932
4.077107,77,5944.315639
3.642199,67,5944.447531
0.474697,70,5944.586035
3.997137,104,5944.791417
4.152094,74,5944.939206
4.18591,61,5945.060946
2.658364,76,5956.455004
101.844355,56,5956.574321
101.349914,99,5956.779254
2.588717,71,5956.920144
104.116932,57,5957.033624
4.670306,75,5957.184867
105.36204,74,5957.333396
4.249732,98,5957.528835
4.530003,68,5957.680416
3.022139,78,5957.842939
101.47121,38,5957.923507
1.951333,69,5958.069576
5.691594,65,5958.204401
103.488295,63,5958.334353
100.867087,40,5958.418836
104.644902,68,5958.562617
3.000513,75,5958.714486
1.306197,74,5958.862102
101.123925,53,5958.969566
101.600021,178,5959.323483
4.744484,74,5959.469786
4.859531,69,5959.608858
103.87793,72,5959.747091
3.831837,72,5959.887861
100.883484,81,5960.046961
3.807101,80,5960.206661
102.924907,61,5960.328727
100.773529,87,5960.498688
0.946892,250,5972.222321
1.685543,100,5972.417823
100.378181,78,5972.571425
4.295017,65,5972.710776
102.381531,64,5972.848194
3.225302,88,5973.036712
102.07034,68,5973.170298
4.648131,70,5973.308692
3.374555,64,5973.435663
0.342246,78,5973.593802
4.313571,71,5973.741174
103.40607,67,5973.875427
1.350811,78,5974.031305
0.60062,141,5974.310585
100.73074,81,5974.471727
1.041085,62,5974.597317
2.561945,64,5974.728189
101.151241,54,5974.835569
1.567714,86,5975.008731
4.061936,71,5975.154953
3.590062,102,5975.363112
-1.036754,105,5975.571974
2.891279,67,5975.708416
101.159834,90,5975.88783
4.37229,65,5987.204881
5.770144,66,5987.340113
3.713348,76,5987.490392
0.566769,66,5987.620168
103.045645,73,5987.766739
5.902317,63,5987.892107
103.652054,67,5988.023751
2.046127,89,5988.205986
2.531686,116,5988.437088
2.934282,61,5988.56234
4.971107,64,5988.693569
3.613639,77,5988.848975
1.712404,61,5988.968584
3.978487,107,5989.17783
100.77967,78,5989.334147
104.814567,60,5989.453991
3.872294,62,5989.579489
1.597253,74,5989.734645
102.519844,75,5989.880859
2.651955,72,5990.024266
103.513214,65,5990.163857
2.374102,107,5990.372432
3.312247,85,5990.540768
5.655095,72,5990.682864
2.229207,102,5990.889675
101.381462,77,5991.042996
2.863927,61,5991.163581
5.013666,75,6002.528607
3.950812,62,6002.649087
3.143005,199,6003.043976
0.339837,93,6003.226431
101.183688,74,6003.396318
102.875384,79,6003.560426
0.033095,78,6003.713634
2.594152,72,6003.85317
103.074447,53,6003.956222
101.268653,81,6004.110157
5.026766,126,6004.358236
4.325754,76,6004.508596
4.54764,61,6004.62934
100.885285,57,6004.743587
103.275645,61,6004.866472
101.570836,51,6004.965954
100.769991,94,6005.149081
2.530701,68,6005.280472
101.594102,71,6005.425088
2.991231,78,6005.579282
101.919944,80,6005.739921
4.459581,92,6005.929296
101.061372,73,6006.07363
4.035216,67,6006.202968
1.417313,68,6006.334582
4.452043,68,6006.468787
101.158142,63,6017.905887
2.400834,60,6018.023597
-0.813015,57,6018.134098
4.48842,75,6018.279984
2.01488,78,6018.436848
1.281115,83,6018.603394
5.263921,65,6018.733071
104.974089,64,6018.86174
3.435243,72,6019.007014
2.980562,75,6019.158666
4.746633,79,6019.314435
3.509734,65,6019.444752
1.283658,96,6019.632402
1.888176,85,6019.800875
100.934485,83,6019.969325
103.286115,74,6020.123358
1.600102,123,6020.366212
100.815223,73,6020.508268
2.231004,94,6020.688997
101.718625,72,6020.830078
1.075642,78,6020.98751
4.514934,75,6021.137707
1.524002,92,6021.316604
101.78,70,6021.45784
3.442854,64,6021.58576
101.453094,86,6021.753089
0.962827,107,6033.187806
103.917249,62,6033.308069
101.478766,71,6033.44609
1.042717,61,6033.567022
4.487467,73,6033.71115
1.621931,144,6034.011062
4.852556,81,6034.175623
0.997443,85,6034.339783
104.240323,68,6034.473821
2.233789,100,6034.669577
3.038751,70,6034.806974
100.94941,30,6034.863506
3.261976,109,6035.088498
1.118032,101,6035.283735
4.341412,75,6035.431184
0.605242,101,6035.627581
101.147566,76,6035.776621
5.002919,63,6035.901086
3.437716,61,6036.024139
2.788208,106,6036.237495
1.364415,94,6036.422163
5.039644,83,6036.582479
102.150418,45,6036.670979
101.378069,49,6036.763847
101.034506,69,6036.897695
102.480356,68,6037.038001
-0.348917,101,6048.479599
1.326914,98,6048.68565
101.030674,68,6048.818292
2.253614,78,6048.966503
1.074774,68,6049.100248
2.995303,69,6049.232403
1.699232,74,6049.37577
100.358056,63,6049.521906
4.143613,71,6049.656299
100.75974,32,6049.720374
0.014571,92,6049.897604
104.702339,68,6050.031779
4.768014,70,6050.170388
100.833075,99,6050.359792
100.86462,69,6050.495873
2.257063,187,6050.876592
4.953511,74,6051.028601
-0.067242,216,6051.484466
3.785296,79,6051.647111
101.240435,50,6051.751737
2.012234,86,6051.931076
0.20342,86,6052.109332
1.266417,84,6052.285184
101.337088,77,6052.447407
1.283705,73,6063.945934
1.144729,90,6064.134614
105.686768,68,6064.274594
1.203341,81,6064.460043
102.92691,65,6064.600214
101.174428,40,6064.683892
2.642969,69,6064.829682
101.394686,49,6064.939901
3.645515,104,6065.158523
2.056979,69,6065.301382
3.142985,62,6065.430413
0.781539,104,6065.644171
101.171577,59,6065.767828
101.271219,62,6065.896655
1.416589,100,6066.105733
1.966076,89,6066.294203
4.813781,77,6066.454438
-0.176621,79,6066.618294
3.479492,94,6066.811429
1.624801,91,6066.999988
3.502516,63,6067.127281
101.428997,90,6067.312629
101.81567,72,6067.456899
0.881226,89,6067.639387
1.214153,72,6067.787411
2.264926,90,6067.969681
3.506148,73,6068.125089
103.911584,73,6079.844946
1.969702,63,6079.976929
2.29687,74,6080.129512
2.841694,67,6080.270306
5.816586,76,6080.42763
1.763441,69,6080.573414
100.909391,34,6080.643325
101.579672,85,6080.824921
6.200265,66,6080.963191
1.941421,91,6081.152446
0.127,89,6081.347291
3.151974,73,6081.497674
101.643031,46,6081.593826
100.364747,21,6081.6394
2.228036,83,6081.814086
102.51387,60,6081.937182
101.851474,62,6082.063322
3.735106,84,6082.232554
3.572259,68,6082.370706
100.677394,61,6082.50323
2.644196,68,6082.64461
1.160595,94,6082.837949
101.151277,103,6083.053033
-0.194879,212,6083.486259
101.223262,37,6083.560978
104.283292,60,6083.684875
104.929666,64,6083.815689
4.200824,72,6083.97864
100.675583,79,6095.314487
101.470881,124,6095.56903
103.063132,69,6095.707904
3.999056,88,6095.890955
3.504986,195,6096.307283
2.253891,75,6096.463248
2.590045,75,6096.623508
101.803288,65,6096.762211
1.25836,100,6096.976655
4.473073,81,6097.146073
1.157164,84,6097.325343
4.562412,75,6097.47764
100.849837,47,6097.571526
3.027585,79,6097.732362
2.419075,67,6097.870972
2.386914,81,6098.030609
4.26417,63,6098.15299
0.782093,90,6098.337768
102.896169,52,6098.442782
105.033287,70,6098.581161
0.87734,91,6098.763419
0.753179,97,6098.961363
1.564751,71,6099.102461
101.080015,80,6099.266052
0.680328,115,6110.699315
0.470408,108,6110.93564
0.896465,1000,6112.984617
3.66902,66,6113.118516
4.507294,80,6113.276772
5.072712,88,6113.455643
106.056111,63,6113.581784
101.080858,67,6113.714968
3.865026,67,6113.847537
3.78373,90,6114.026252
2.241603,84,6114.201648
3.006479,85,6114.374919
100.420718,94,6114.562552
104.547331,74,6114.708564
1.805796,125,6126.181867
2.707588,78,6126.338097
4.787968,75,6126.491349
100.72125,85,6126.661395
4.546238,69,6126.797878
0.129458,116,6127.047266
0.639141,77,6127.201476
102.808679,52,6127.303639
1.520507,104,6127.516496
2.878639,83,6127.677616
1.286515,76,6127.827456
2.899767,62,6127.950642
-2.164052,119,6128.193308
3.582527,71,6128.335205
101.426244,113,6128.561894
5.488499,65,6128.689339
3.689098,78,6128.846695
101.497765,75,6128.997165
1.238522,74,6129.145388
4.55124,67,6129.277977
4.067792,65,6129.404914
0.45961,69,6129.542262
4.150413,69,6129.679591
2.479833,67,6129.81301
101.323667,72,6129.957932
2.678054,79,6141.31506
2.097959,62,6141.436699
0.414741,1000,6143.432846
0.21449,88,6143.60121
101.060276,73,6143.743489
103.3278,71,6143.887956
3.77374,61,6144.007991
100.829765,81,6144.182348
102.687925,51,6144.283455
102.162951,70,6144.422612
1.661749,83,6144.58532
2.781863,66,6144.716205
103.721843,54,6144.824158
2.482884,73,6144.970177
0.90823,143,6145.253197
1.993468,195,6156.921883
101.483037,53,6157.029308
103.346432,68,6157.162033
2.552569,60,6157.282801
100.852946,78,6157.432013
103.171833,56,6157.544562
1.73748,109,6157.761361
4.382228,67,6157.893993
104.812051,57,6158.005385
0.653195,71,6158.14005
3.829341,67,6158.275584
100.974386,64,6158.404095
0.624912,105,6158.610672
-0.03864,162,6158.93392
101.302702,69,6159.070379
100.338737,158,6159.381721
3.017905,68,6159.514707
3.745572,82,6159.678422
1.314534,105,6159.88731
3.298313,119,6160.12522
4.318092,73,6160.275756
2.571615,79,6160.431913
2.478961,74,6160.58026
2.463392,62,6160.703173
101.694756,123,6172.198524
100.695446,49,6172.297771
105.803559,69,6172.433846
-0.904606,203,6172.846855
-0.205031,178,6173.208812
0.057925,183,6173.595673
101.071205,57,6173.706913
3.453776,193,6174.086778
103.514928,71,6174.229932
100.724649,94,6174.416362
5.300988,65,6174.544122
4.681261,118,6174.781297
3.871349,75,6174.930544
0.312822,119,6175.169923
101.453387,71,6175.308414
105.799284,63,6175.4307
105.399367,74,6175.571835
0.850837,102,6175.776632
0.114346,135,6176.051116
-2.176741,128,6187.499329
2.433022,67,6187.630687
4.747706,68,6187.765308
3.490597,100,6187.984931
0.937533,97,6188.176919
2.919259,90,6188.366781
103.516939,76,6188.516678
2.513849,86,6188.682334
0.323887,69,6188.822079
2.811675,83,6188.98673
102.74998,49,6189.08252
2.410669,96,6189.274951
2.04177,70,6189.414712
103.793997,65,6189.542752
3.317379,71,6189.685363
3.857692,90,6189.861424
101.412665,77,6190.013322
0.95663,87,6190.188549
101.623066,85,6190.359839
3.750972,79,6190.519467
100.936888,68,6190.653429
2.227026,66,6190.780794
100.402204,71,6190.923624
4.167954,75,6191.073654
3.738699,61,6191.19945
4.998934,67,6191.349816
101.25365,75,6202.69868
101.710382,74,6202.845205
101.693472,76,6202.992532
5.043816,65,6203.126438
104.089935,57,6203.250642
103.685937,63,6203.379375
2.36394,79,6203.537762
4.469552,70,6203.675133
3.497301,65,6203.805127
104.419776,57,6203.920546
0.961391,74,6204.065153
102.056062,116,6204.294613
-1.923029,113,6204.518749
100.922323,107,6204.740558
3.200534,68,6204.871708
0.649107,85,6205.041514
4.632119,79,6205.199763
-0.214908,90,6205.373258
102.836344,60,6205.493285
101.818132,59,6205.610708
101.607731,88,6205.782931
101.430513,85,6205.951257
2.533736,78,6206.105422
0.449797,72,6206.247185
101.484141,89,6206.421397
103.093568,66,6206.552253
3.05464,68,6217.89134
-2.127111,161,6218.22486
2.539465,66,6218.353906
5.102536,85,6218.531289
102.025326,68,6218.663199
101.52481,86,6218.833573
0.958341,99,6219.038307
101.367404,79,6219.19536
1.342609,96,6219.384619
3.164155,71,6219.527926
103.510202,73,6219.67315
4.059156,76,6219.825724
101.860248,39,6219.905074
102.121583,75,6220.054585
0.72012,66,6220.186423
101.937703,60,6220.303174
4.288849,113,6220.531334
1.231601,85,6220.700894
4.474616,69,6220.834333
1.331105,92,6221.017218
4.862994,71,6221.168756
-1.435833,91,6221.351468
2.000654,86,6221.520967
1.326826,83,6221.688831
5.436912,66,6221.81741
101.72919,84,6233.229017
2.981954,79,6233.387083
101.199872,99,6233.587119
4.48779,84,6233.764661
104.282231,70,6233.910686
100.721739,50,6234.010551
3.554282,65,6234.145176
2.392609,83,6234.328067
100.758857,87,6234.511891
-0.491371,87,6234.693232
102.558171,72,6234.837976
103.708182,57,6234.950449
2.794581,66,6235.083657
2.446374,89,6235.259765
103.892486,54,6235.373097
2.750472,74,6235.522609
3.305953,75,6235.681724
2.08359,141,6235.974675
2.933782,97,6236.176482
101.778694,62,6236.305233
104.343233,57,6236.425422
101.478767,67,6236.560074
3.336206,72,6236.709633
4.689216,66,6236.839565
101.357131,125,6237.083493
6.261898,64,6237.212896
100.763921,48,6237.305628
3.72597,72,6248.669094
1.167073,102,6248.871298
101.753534,81,6249.042557
4.86646,67,6249.181487
3.601637,70,6249.318555
101.308292,77,6249.473068
3.551655,87,6249.640186
4.892472,73,6249.781299
101.352068,131,6250.044576
5.329226,66,6250.180392
100.961916,66,6250.329561
3.969118,80,6250.496182
103.915747,57,6250.610469
2.96729,68,6250.743858
1.238032,111,6250.964097
2.761224,65,6251.097901
105.571315,65,6251.233616
2.867512,97,6251.438428
2.27015,72,6251.587147
3.116538,60,6251.711058
4.193551,62,6251.841437
105.081669,65,6251.976044
101.699019,97,6252.179457
3.69294,88,6252.361875
0.946296,83,6252.534501
2.135089,92,6252.721993
3.094142,92,6264.181442
0.990204,88,6264.374396
102.273776,74,6264.526782
103.884186,55,6264.639629
2.835532,97,6264.842701
103.37165,67,6264.981768
3.137074,103,6265.193671
2.607247,65,6265.327241
4.681438,70,6265.468377
3.397166,68,6265.61223
101.297561,116,6265.853128
101.626044,133,6266.116748
101.845217,56,6266.227577
5.725039,72,6266.367985
2.280616,71,6266.514412
4.532297,66,6266.644827
3.056817,88,6266.822669
0.623899,96,6267.012938
2.944647,80,6267.174804
2.305034,68,6267.310609
2.318896,72,6267.454483
100.445332,81,6267.616211
3.79496,138,6267.891351
4.627232,65,6268.018511
102.035592,63,6268.144587
