#{"t_start": 1759995047.1947563, "env_id": "CustomLunarLander-v0"}
r,l,t
0.830566,93,0.759519
-0.361246,103,0.956228
0.274446,103,1.15135
-0.95506,103,1.343408
-1.890296,105,1.537807
0.92792,141,1.827421
-0.268043,109,2.037946
0.06517,102,2.236113
-3.313318,125,2.468965
0.240787,133,2.73044
-4.489335,111,2.952267
0.369446,103,3.152075
0.077287,155,3.458994
-0.58214,100,3.65325
-1.652138,96,3.865441
0.278275,117,4.08799
0.797912,106,4.292757
0.239783,96,4.478863
-0.021796,96,15.731629
0.809537,112,15.951943
3.653143,104,16.162247
0.074558,98,16.355166
-2.880641,110,16.565745
2.475204,108,16.777168
0.100127,104,16.979249
-0.678819,145,17.259747
1.821351,120,17.490962
0.461424,114,17.712388
1.23947,103,17.906929
1.74595,127,18.148642
1.82041,115,18.369623
2.616448,90,18.544033
2.449891,95,18.727003
2.864166,99,18.915939
2.557778,96,19.102737
-0.272982,117,19.335372
1.613393,115,19.563772
1.531422,133,30.802478
2.13976,98,30.996439
2.447928,86,31.168141
1.620192,83,31.336002
2.427275,98,31.536438
2.927008,89,31.714535
2.540065,106,31.943579
-1.95289,85,32.115884
0.388006,94,32.306997
2.046911,91,32.489783
0.405948,109,32.710792
-0.439383,85,32.882012
2.867483,94,33.074436
1.733489,111,33.298146
2.411307,78,33.451739
-0.173505,91,33.631851
-0.104116,88,33.810016
3.487853,105,34.02336
-0.11741,103,34.220861
1.550973,112,34.435222
-1.128119,84,34.595152
4.054174,78,45.800816
2.756462,84,45.985361
3.157684,90,46.168631
3.098306,93,46.357236
1.572012,88,46.532224
2.968782,76,46.688373
1.736675,85,46.856912
3.036751,80,47.006719
2.569661,97,47.190954
3.560528,83,47.351409
3.553962,78,47.500686
3.837398,86,47.667198
2.237434,77,47.813594
3.190889,87,47.979211
1.779004,89,48.149272
0.237864,94,48.328001
1.630213,80,48.482585
3.581941,91,48.654756
3.51029,89,48.825772
1.004905,81,48.98426
3.423863,89,49.156034
2.393151,90,49.326508
-0.073946,91,49.499316
3.178559,84,49.658073
-0.237882,81,60.809821
1.480553,92,60.991768
-0.576264,134,61.257488
101.426234,53,61.361585
-0.38127,93,61.544348
2.635294,78,61.694901
3.50437,79,61.858658
104.314464,85,62.033141
1.633961,82,62.192416
1.45281,82,62.353485
0.783634,88,62.523521
3.667185,87,62.696748
0.764515,86,62.865264
3.832985,76,63.015914
2.414045,79,63.170291
3.743486,71,63.309457
0.431901,91,63.492829
2.296249,89,63.667614
4.767286,82,63.841671
0.248814,102,64.046346
-0.909304,99,64.238453
3.577024,79,64.394506
-0.600535,95,64.579316
0.505487,92,64.75883
-0.916768,101,76.190958
0.416392,85,76.353645
2.808773,77,76.502738
4.063012,82,76.661687
1.95338,77,76.812349
-0.408986,133,77.074244
-0.386449,94,77.258138
2.728177,81,77.430744
0.920386,79,77.583408
0.427261,83,77.74451
0.873211,94,77.92867
1.677566,110,78.142281
1.085206,86,78.311003
3.374758,82,78.467578
2.194463,77,78.614404
0.204914,113,78.836154
3.623672,70,78.982121
1.456777,89,79.157562
3.500828,103,79.356165
1.142625,76,79.504554
3.835207,73,79.642166
0.227358,92,79.825577
-0.872342,108,91.018144
4.49866,72,91.177496
4.003105,72,91.315416
-0.337884,137,91.592317
-0.352587,92,91.773673
2.238805,98,91.964628
2.913955,74,92.113585
3.60806,78,92.271395
3.240442,84,92.438808
1.439775,72,92.579238
4.034733,92,92.758156
0.304683,91,92.935935
-0.572742,105,93.146472
2.518069,77,93.296557
2.766619,78,93.451431
3.535589,82,93.619958
0.884963,115,93.846113
0.667224,78,94.001931
3.566389,71,94.144963
5.556011,78,94.296767
3.971529,80,94.455932
1.880851,88,94.629993
3.267406,83,94.793803
1.822809,83,94.958574
2.805712,76,106.147148
1.976681,92,106.340752
2.084045,74,106.48723
3.817653,71,106.629936
0.961774,109,106.847033
4.72053,76,106.998854
0.964298,79,107.160501
-0.575686,102,107.367524
0.717231,132,107.633361
2.717542,79,107.788044
3.602028,82,107.948778
4.957566,90,108.130409
2.739908,71,108.273577
1.066797,96,108.466536
3.06476,72,108.614437
5.16126,69,108.751036
2.528247,82,108.915808
-0.123878,100,109.113279
2.92653,83,109.277504
3.685861,70,109.418643
1.966314,83,109.586305
4.207442,81,109.745705
3.953474,77,109.913852
3.168566,73,110.060681
0.958083,73,110.205817
-0.999418,111,121.436005
1.97279,73,121.579289
1.325694,75,121.727197
4.227683,72,121.885801
0.520406,91,122.070183
-0.164482,127,122.327354
0.062742,110,122.549556
4.768312,80,122.707806
0.315528,106,122.92303
1.72131,80,123.082337
2.263398,84,123.252779
0.70228,82,123.415793
0.730244,89,123.603357
1.787691,79,123.763417
0.301,78,123.926768
3.937057,79,124.085542
0.387008,89,124.265651
1.383009,87,124.442984
1.8755,71,124.585809
-0.509287,98,124.78504
4.439221,75,124.941423
0.152749,95,125.148687
3.995648,73,125.29166
2.283848,69,136.483805
5.730243,80,136.646376
3.37268,81,136.805516
1.074105,72,136.967785
-0.860306,114,137.194459
3.90388,64,137.323186
3.21211,75,137.472691
1.944815,78,137.629283
0.72522,89,137.800537
4.682699,75,137.948221
-0.243508,82,138.10963
3.664117,85,138.278578
3.691379,73,138.425812
1.544041,91,138.625684
0.543379,80,138.785393
2.003374,75,138.930816
4.84071,73,139.073699
1.757287,75,139.21893
2.177236,67,139.35213
0.478592,83,139.5114
0.205037,101,139.712974
0.052749,88,139.90093
2.116897,75,140.047154
-0.149548,81,140.20747
4.898853,77,140.359393
5.257251,73,140.503054
1.574134,88,151.731323
3.537371,68,151.863118
2.274661,78,152.01194
4.848566,72,152.15449
4.23093,81,152.308916
3.97528,85,152.473841
3.888465,71,152.610856
-0.01456,101,152.816182
-0.678632,122,153.057267
1.94449,77,153.206497
105.229803,69,153.343931
1.066947,92,153.526797
0.620885,117,153.758675
0.865501,82,153.920351
0.865956,79,154.07427
0.389209,119,154.307187
2.530518,85,154.472056
3.024018,88,154.645687
1.46052,68,154.778027
103.091324,59,154.896276
1.165664,73,155.039129
5.419451,77,155.190557
1.817956,81,155.351941
-0.187855,115,155.581425
0.605982,112,166.805246
-0.076328,92,166.986971
0.739797,78,167.14115
1.602861,75,167.292857
3.192701,70,167.433111
2.38835,72,167.573723
0.343543,91,167.75897
3.867307,75,167.909529
4.382064,88,168.084029
4.465002,66,168.216646
1.997657,74,168.378889
1.991617,90,168.559246
0.581403,90,168.73998
2.506487,80,168.898563
2.681605,86,169.06872
1.763665,110,169.288959
1.20648,83,169.45482
3.24321,73,169.597643
2.101343,80,169.755575
1.630186,73,169.901744
0.231231,89,170.094287
0.147589,92,170.275136
4.190678,71,170.416607
4.165116,72,170.558403
3.612701,74,170.706466
0.12452,97,181.93341
3.84928,70,182.067593
-1.291542,130,182.32736
2.327217,83,182.488622
-0.860915,125,182.729537
1.445822,72,182.871782
4.177603,74,183.01415
3.628107,72,183.154401
-0.93318,103,183.375331
-0.040618,102,183.575999
2.31435,72,183.71656
3.071459,81,183.874737
4.116197,74,184.01971
0.449164,88,184.200408
0.184197,89,184.371375
0.843227,93,184.556771
1.427919,74,184.702708
0.838369,80,184.860017
5.463461,68,185.00404
5.354716,76,185.154496
2.891844,99,185.350218
5.315923,79,185.503157
-0.206723,101,185.702634
-1.748953,105,196.893813
0.078487,86,197.06408
5.06151,78,197.217621
4.825292,75,197.369326
3.106964,76,197.519053
0.789128,86,197.688144
100.665619,38,197.765679
-0.209162,108,197.983255
0.135683,87,198.156018
4.281883,75,198.319695
0.531051,82,198.484904
4.348138,71,198.627967
0.588641,80,198.78607
5.032304,73,198.930973
0.931786,80,199.09448
1.662777,81,199.25631
0.675215,89,199.433786
-0.945201,133,199.711473
2.594265,91,199.895341
100.0,1,199.898494
2.916523,70,200.037646
0.598305,86,200.208632
1.177451,96,200.393463
105.239744,71,200.537591
0.559825,101,200.739974
5.297625,70,200.879611
3.617387,72,212.026332
0.578345,82,212.186437
-0.478977,100,212.383747
1.596552,73,212.529704
-0.10161,130,212.790263
3.910458,83,212.950608
1.263492,95,213.137198
3.28043,76,213.287062
3.097997,70,213.42439
1.389933,75,213.587039
4.611885,73,213.732392
4.326378,77,213.88449
4.279374,71,214.026136
3.756701,88,214.201642
3.626691,86,214.37528
0.707857,90,214.557282
3.708166,67,214.696674
-0.872008,109,214.911956
1.685316,75,215.067442
0.532448,101,215.289031
3.324994,70,215.429756
0.888434,90,215.610648
3.846242,83,215.775892
4.194008,71,215.921259
1.842011,76,227.241471
3.351019,72,227.39912
4.049912,72,227.5443
3.023013,92,227.727099
3.080272,74,227.872494
0.597385,85,228.04519
0.084607,83,228.210599
1.423528,90,228.396139
3.398756,74,228.546259
1.33771,83,228.711986
2.488456,70,228.849086
0.796946,82,229.014423
1.384106,89,229.194222
5.574886,116,229.424026
3.425722,77,229.579295
4.232697,74,229.724464
4.351634,78,229.878967
0.472381,111,230.096926
0.889337,78,230.253874
1.750795,71,230.397526
0.546082,96,230.589513
4.973672,74,230.739578
4.436658,104,230.944772
1.727774,78,231.097024
3.218842,69,231.232851
0.887603,72,242.483238
1.025319,102,242.687596
0.925266,87,242.858087
102.12068,72,243.00038
1.013427,76,243.151552
0.232199,98,243.346842
1.144248,122,243.609905
0.076127,105,243.816772
3.716772,69,243.951458
1.636114,82,244.112119
2.189787,72,244.250039
2.583668,73,244.39306
0.109698,123,244.635938
4.057284,73,244.779241
0.838183,166,245.117613
4.783576,68,245.248806
4.496685,75,245.396353
5.122712,69,245.533544
-0.706696,133,245.796201
0.075757,114,246.021855
1.288704,81,246.183233
5.08191,75,246.332608
3.482201,67,246.4642
1.257232,75,257.680732
1.096421,88,257.857152
-0.816722,127,258.111212
1.465324,75,258.260491
0.800118,105,258.46973
1.615066,70,258.609414
0.718581,105,258.821539
1.073601,82,259.004839
0.126977,80,259.162885
-0.999176,119,259.404687
2.175934,75,259.557196
2.083929,73,259.699241
2.253696,66,259.832438
1.116565,84,259.998941
4.73847,70,260.140611
4.336974,71,260.284534
4.18418,73,260.430901
5.667448,89,260.624358
0.722722,92,260.809661
-0.175233,211,261.221744
5.225151,71,261.360672
2.880474,75,261.507828
0.593839,77,261.672459
4.056748,74,272.902943
0.966543,102,273.106134
3.089718,70,273.245194
2.729151,71,273.385406
2.981786,72,273.542612
1.974751,68,273.678565
4.408283,68,273.816969
1.316175,85,273.986796
2.225844,74,274.134612
2.969893,70,274.274799
1.522038,72,274.419051
3.085948,108,274.637055
4.481684,69,274.777158
1.699168,66,274.911422
2.376139,74,275.071923
-0.75829,302,275.681688
4.207104,67,275.816256
-0.351138,99,276.013785
0.807369,82,276.175397
1.940862,71,276.315493
4.677756,69,276.470801
3.137005,69,276.606611
0.707152,85,276.779608
-0.109936,123,288.084743
1.792451,71,288.224715
1.596458,92,288.419108
-0.582945,124,288.661271
2.069008,70,288.800809
-0.240456,239,289.278979
1.995675,72,289.420345
2.527304,66,289.551193
0.86673,73,289.69687
-0.789781,131,289.956251
4.436731,67,290.091322
1.395335,71,290.244343
4.538681,68,290.391155
0.483035,82,290.570856
4.476478,70,290.713961
-0.871349,132,290.979474
4.358112,68,291.129029
0.888632,111,291.349966
-0.545431,153,291.659913
101.560266,77,291.810392
0.787313,83,291.980374
-0.308886,97,303.670986
3.619017,67,303.802269
0.250036,93,303.985252
-1.289126,186,304.35057
4.439414,70,304.487576
5.150978,72,304.642022
0.587857,106,304.856712
1.018973,75,305.00775
2.705206,72,305.149366
2.796808,72,305.291694
-0.887892,797,306.929226
3.948888,69,307.070531
0.983466,82,307.235072
1.298764,80,307.399
1.929331,74,307.545341
4.93421,70,307.69026
1.209266,70,319.503128
0.088196,119,319.759614
4.311885,68,319.894529
4.579327,71,320.036891
4.615735,67,320.170852
5.712579,73,320.323805
4.096299,82,320.483234
3.795502,81,320.644596
2.622261,73,320.79059
-0.259653,227,321.251609
5.185217,67,321.386639
0.242987,91,321.559201
1.930032,72,321.702116
0.818989,75,321.846936
0.236789,88,322.019773
5.15414,69,322.157157
4.129105,67,322.287329
2.350999,67,322.4345
2.390374,71,322.571798
0.528244,77,322.726087
-0.558766,141,323.001921
4.232549,70,323.1387
2.405922,70,323.275041
4.831538,64,323.407485
0.063572,102,334.731728
-0.106975,109,334.955806
5.564246,64,335.07963
5.454611,68,335.210139
2.456315,70,335.346524
3.46548,70,335.483954
101.271672,110,335.697657
4.164064,65,335.826345
1.379197,74,335.968454
4.539765,74,336.114161
3.254033,77,336.26343
1.237797,74,336.411398
4.310107,68,336.548018
1.88507,100,336.755938
100.34709,53,336.857491
0.768126,77,337.01
4.290828,71,337.14643
2.943371,65,337.272656
0.9839,88,337.443926
3.649725,71,337.582181
1.56926,75,337.729799
1.190661,78,337.886219
5.430279,68,338.031489
0.272654,125,338.269913
1.095038,162,338.587004
0.346036,78,349.754235
3.388459,72,349.892546
2.579564,65,350.020058
3.757578,68,350.153998
-0.448034,151,350.481833
2.336339,64,350.611549
4.215226,69,350.748996
-0.520404,149,351.044004
3.779194,65,351.171765
4.176518,67,351.302391
103.5666,81,351.463186
3.539618,73,351.607572
4.096609,69,351.741123
4.816754,67,351.873635
1.891349,68,352.017518
-0.001659,124,352.261546
1.474133,69,352.399079
3.049675,73,352.53922
0.932001,77,352.687906
1.389554,106,352.893966
2.333513,65,353.021671
1.042795,80,353.178694
3.030027,83,353.345819
5.38403,65,353.484881
1.87374,71,353.626251
3.505285,66,353.75499
1.708949,64,364.911209
1.919642,75,365.059883
1.032744,113,365.280459
4.505473,76,365.428152
4.798414,67,365.559579
2.39571,84,365.724558
4.220599,66,365.863842
3.824865,70,366.024407
1.226804,75,366.174616
2.689497,84,366.342864
4.497737,75,366.49261
5.256528,65,366.619999
1.691488,71,366.757736
1.542994,71,366.895981
4.07966,69,367.038997
4.090552,70,367.185612
4.941263,69,367.327904
4.121044,75,367.477864
5.136545,69,367.633571
-0.668532,109,367.859823
1.460514,85,368.034198
0.919714,83,368.203743
3.691167,71,368.348744
0.069162,99,368.54768
1.159852,108,368.773638
4.042429,64,368.910948
0.962682,70,380.098379
4.113203,68,380.235275
1.607411,97,380.43198
1.381093,89,380.610527
-0.596143,110,380.82769
5.848482,69,380.968264
3.654208,67,381.114533
0.35808,78,381.270534
0.149338,89,381.457725
3.959741,134,381.723641
102.385061,75,381.870093
3.066924,68,382.002115
2.827944,70,382.13889
4.059511,72,382.281917
1.485463,82,382.441352
5.454562,69,382.578102
0.150566,176,382.94136
4.96569,65,383.076702
2.087706,69,383.209063
4.453858,77,383.365291
3.795042,68,383.499401
4.60598,68,383.633655
-0.712062,107,383.847006
2.075779,71,383.98493
102.814066,54,384.089145
4.04738,96,395.342245
4.215176,66,395.472643
3.222756,67,395.618964
0.86382,77,395.77319
2.287735,74,395.929236
1.544861,78,396.086222
0.884418,93,396.2702
1.482891,76,396.420858
0.860871,70,396.561102
2.975141,74,396.706234
4.468498,69,396.847393
1.654331,70,396.986959
2.863871,67,397.122504
3.618358,66,397.270431
2.153631,70,397.410322
0.139452,109,397.631541
3.809162,67,397.764631
0.016542,91,397.948093
3.18823,64,398.073218
3.509596,72,398.213164
1.51928,90,398.392147
3.947113,69,398.542285
0.717847,88,398.713306
4.191093,66,398.840585
5.269238,70,398.981339
4.442381,74,399.126347
5.55563,66,399.256417
-0.339319,119,411.031767
0.984508,95,411.220791
0.953188,79,411.382828
5.201817,68,411.534184
4.928141,69,411.678574
0.521771,78,411.839419
2.679019,80,412.003153
4.635574,70,412.153116
1.086485,145,412.451757
5.431606,69,412.588434
2.338624,70,412.724702
0.82624,80,412.880188
4.262097,70,413.026106
4.782822,72,413.185731
0.590938,82,413.35649
2.928771,65,413.49035
1.021335,81,413.656425
5.414921,69,413.79855
4.218976,66,413.932956
4.247354,66,414.058938
1.904031,67,414.189318
4.802996,63,414.30856
4.950332,68,414.443111
-0.472372,103,414.650859
0.269842,91,414.84426
4.645403,68,414.977351
-0.801283,88,426.292646
3.753926,66,426.429225
1.993518,77,426.589347
4.071592,85,426.779103
1.096085,79,426.941378
4.877635,67,427.074016
1.261532,102,427.287917
1.839859,70,427.472515
0.898905,75,427.632827
5.074894,65,427.765789
3.270248,66,427.952649
3.71929,84,428.150309
-0.583345,114,428.397616
3.450047,63,428.53818
4.942307,81,428.731234
2.919433,67,428.890192
2.589343,67,429.0248
0.925188,122,429.276815
0.804992,76,429.447989
1.200497,169,429.785837
2.796038,68,429.940308
2.822521,68,430.076388
3.752578,66,430.217079
2.814028,73,430.37744
0.748779,183,442.544132
1.182355,96,442.727233
1.137928,73,442.871793
100.899401,55,442.996899
1.420389,95,443.19371
-0.212502,1000,445.24804
1.8828,67,445.378651
4.232716,67,445.510402
4.25905,68,445.647087
3.293486,67,445.777766
2.915382,66,445.906088
2.789522,70,446.048579
2.944389,70,446.184628
0.155778,107,446.4171
3.580006,72,446.567703
1.366905,85,457.951164
1.39041,72,458.102423
1.631973,86,458.279454
4.599386,71,458.427164
0.808565,101,458.644718
3.459711,66,458.779962
2.380052,67,458.918363
5.748355,69,459.058478
3.707046,65,459.188675
3.924928,66,459.325578
4.729534,69,459.466499
0.653686,86,459.646253
2.627388,67,459.78186
1.452506,80,459.937275
3.317385,73,460.091224
4.470251,69,460.229232
-1.062862,193,460.622785
3.040382,68,460.758614
2.893891,66,460.884502
2.922646,67,461.012378
4.722634,75,461.161268
-0.646898,147,461.444109
3.772726,68,461.578121
0.493359,76,461.727304
1.702928,71,461.867982
-1.442841,130,473.145986
1.80226,77,473.303324
1.234479,87,473.47998
3.378681,67,473.615925
0.737389,74,473.765189
-0.290949,107,473.988101
1.548289,111,474.219874
4.294936,73,474.369807
0.447677,86,474.543934
4.013831,68,474.693275
0.955859,89,474.874312
1.491214,69,475.010844
2.979004,68,475.142036
0.671,98,475.333493
3.990373,70,475.468703
3.182459,69,475.603476
4.439439,67,475.732533
104.341602,57,475.843177
2.451849,69,475.978981
-0.518198,100,476.182814
2.459407,72,476.326895
0.154944,88,476.514304
1.907035,78,476.665561
2.942661,76,476.812513
0.79313,68,476.944743
-0.463117,149,488.855613
0.892385,73,488.995481
1.771099,75,489.139513
3.789083,67,489.269592
3.574807,112,489.488981
0.157478,103,489.706873
3.810322,74,489.849852
3.094612,67,489.985994
103.532466,61,490.105424
3.658878,78,490.25895
3.126765,69,490.387933
1.017893,74,490.532045
3.969141,73,490.673188
103.460005,53,490.775326
4.535274,64,490.901718
1.889802,69,491.035197
100.455237,99,491.226341
0.924966,87,491.410284
0.714762,86,491.581381
3.702352,66,491.712754
0.517875,75,491.864324
1.986548,71,492.003445
-0.807485,136,492.271291
1.828919,86,492.443353
100.959995,75,492.589389
-0.076905,94,503.80672
5.166935,70,503.946602
3.016234,67,504.078224
2.450119,69,504.216487
1.084289,75,504.366691
3.748892,75,504.516392
-0.345854,86,504.686782
2.214939,64,504.810121
103.881308,67,504.945182
2.381267,64,505.070359
5.334385,69,505.220086
4.535964,68,505.357944
4.180283,65,505.484057
1.308328,71,505.624073
3.203231,67,505.753802
3.418728,76,505.900734
2.093748,81,506.060082
2.412514,67,506.194488
1.791004,73,506.337939
0.290639,82,506.499989
2.161108,73,506.641993
1.473809,71,506.779988
0.132064,102,506.983257
3.625306,72,507.123905
1.771482,64,507.253001
0.567576,310,518.901016
2.214848,70,519.035606
1.7968,90,519.239202
0.908079,180,519.59849
1.048128,78,519.754688
0.966162,80,519.910554
2.225918,67,520.047374
3.167157,67,520.178782
3.643171,69,520.315553
4.688018,68,520.449661
4.87273,69,520.586982
0.347253,107,520.800829
2.827585,70,520.940618
4.647308,75,521.114646
4.091747,76,521.263895
1.220286,78,521.422295
0.288454,88,521.595817
0.914044,133,521.852322
1.839847,71,521.995951
6.166388,69,522.130988
1.517207,73,522.277964
2.408081,67,522.406887
1.935208,76,522.558114
-1.059059,151,522.866832
0.319316,92,534.093705
1.297538,80,534.2525
2.792716,65,534.383683
1.884774,71,534.527705
3.33646,73,534.676359
3.389699,75,534.824006
2.998823,83,535.000711
0.305149,86,535.183248
5.349637,66,535.313119
0.777247,114,535.533622
3.164802,64,535.663821
3.090821,71,535.807281
3.167808,88,535.978089
-0.071323,83,536.139337
103.841964,65,536.265747
3.592469,66,536.39627
-0.557074,109,536.609226
5.21276,65,536.736993
3.384744,65,536.867971
2.866919,64,536.995505
1.140839,76,537.145729
1.153253,81,537.302388
1.552087,77,537.456634
4.673636,69,537.593169
4.649298,68,537.7275
5.596095,65,537.85132
4.085873,68,537.983184
5.254246,70,538.12207
1.054724,76,549.280318
0.397982,76,549.428475
2.328213,86,549.612329
1.73791,87,549.787035
1.57052,72,549.932868
2.980941,68,550.071495
3.672025,68,550.208169
0.631418,76,550.362483
0.391975,137,550.635097
4.458296,73,550.783524
2.670401,74,550.932583
4.526019,71,551.076644
0.185546,78,551.250539
1.043907,74,551.401501
-0.545231,102,551.605843
2.494571,78,551.765275
-0.608895,148,552.063684
3.051215,68,552.200317
0.422536,74,552.350724
0.783234,75,552.505214
3.930498,70,552.644845
3.767161,112,552.884719
0.890194,89,553.063614
1.8468,78,553.220579
1.149855,77,564.439356
1.995322,73,564.579103
1.937324,71,564.717076
2.082215,69,564.853165
2.640507,69,564.987502
5.31027,63,565.112082
5.46342,66,565.263168
0.283998,110,565.480504
0.880592,106,565.687442
4.394932,66,565.820821
2.686351,71,565.959587
1.079298,75,566.11117
3.585342,85,566.280684
5.219561,67,566.416774
4.12692,74,566.57409
1.616062,76,566.728813
100.656458,39,566.805258
1.513503,74,566.970512
5.872644,67,567.109759
0.432828,119,567.345098
-0.654805,98,567.541328
-0.412829,103,567.753245
2.435955,70,567.891549
2.642997,68,568.029739
3.806043,68,568.162786
-0.24825,110,568.380069
0.2318,118,579.710758
4.794227,66,579.845375
0.777886,83,580.010404
2.367721,75,580.159209
1.732388,84,580.323564
4.405202,67,580.456272
0.5077,103,580.680918
3.924093,67,580.821007
0.04408,146,581.108743
0.429439,77,581.265807
3.787772,70,581.407159
1.778519,69,581.546444
2.764556,71,581.688463
4.987763,66,581.822005
3.620743,68,581.960211
1.411353,77,582.114492
1.304123,74,582.262791
1.712791,78,582.418566
4.514582,67,582.550277
4.084358,72,582.693311
1.689493,87,582.87065
1.944786,77,583.027818
1.601556,71,583.171592
3.345737,86,583.348197
0.354005,163,583.6738
1.971334,72,595.219194
2.405293,71,595.363859
2.154713,69,595.502216
1.647265,74,595.668118
101.485368,71,595.814045
-0.591276,99,596.013462
5.218868,72,596.159572
2.46733,69,596.298421
2.155949,72,596.44197
0.142385,143,596.733325
1.660408,75,596.879079
101.5712,73,597.025838
1.849776,74,597.172478
-0.654008,94,597.382656
2.842006,78,597.539524
106.331488,67,597.671769
4.246429,73,597.825161
2.006721,69,597.968043
4.119556,68,598.101897
0.66063,104,598.313631
4.307597,73,598.462659
1.229196,88,598.638521
1.529527,78,598.795332
0.969126,67,598.932135
2.449839,70,599.096047
3.80042,69,599.239339
4.989422,70,610.532178
0.050395,137,610.827312
-0.698642,121,611.081777
4.474949,65,611.212868
3.160406,71,611.368828
5.396501,68,611.539885
1.895658,92,611.731201
0.167431,80,611.89465
3.535776,66,612.0303
2.180112,76,612.186619
100.685366,113,612.424218
5.378896,65,612.561226
0.175371,129,612.822555
1.007898,89,613.003606
3.447838,70,613.145566
2.48777,73,613.292509
4.35221,67,613.427307
-0.169697,134,613.705919
0.528372,85,613.878698
3.148867,68,614.017131
0.851925,88,614.202324
3.224913,75,614.358601
5.05462,67,614.496065
-0.688561,96,614.690542
4.301798,79,626.266852
102.661576,76,626.427284
0.620455,97,626.627421
2.135613,72,626.778088
1.522705,73,626.926086
1.284632,97,627.119009
5.263171,67,627.261554
4.746497,64,627.389548
3.235745,66,627.522815
0.637527,79,627.685356
3.94798,67,627.823836
2.117692,87,628.015704
1.321611,77,628.181616
3.175341,70,628.322316
5.010705,69,628.466708
3.70307,67,628.609733
1.306275,70,628.758415
3.753682,74,628.905013
3.78948,99,629.101199
2.111234,78,629.25838
3.647987,65,629.384898
4.819516,67,629.517901
2.698257,71,629.658924
3.199607,70,629.802854
4.542615,77,629.971917
103.078606,69,630.118863
1.009324,77,630.277888
1.947465,80,641.744049
1.876088,80,641.904132
0.766674,264,642.441251
4.3582,74,642.585006
3.601406,73,642.738192
5.034976,69,642.876377
5.907963,69,643.01395
1.423267,71,643.153502
0.745071,78,643.314212
3.945046,68,643.456072
2.189123,69,643.598501
3.874888,68,643.741863
4.051226,68,643.883715
3.83463,75,644.034953
0.327215,100,644.234257
101.290879,46,644.328146
1.27863,85,644.501072
0.3796,77,644.662936
0.572738,77,644.826024
4.757898,73,644.973994
2.83959,77,645.128892
2.808984,71,645.281768
3.624657,67,645.412808
101.980521,72,645.555573
4.046524,66,645.681024
2.089112,84,657.267001
4.747117,77,657.418186
3.580632,69,657.55196
1.884371,69,657.685447
2.427211,69,657.830756
4.306104,74,657.980749
4.135946,75,658.127184
2.221587,72,658.267311
0.232259,78,658.422804
5.392672,68,658.557228
4.582596,74,658.7027
1.863749,73,658.849631
3.615514,71,658.990385
1.425261,71,659.137798
3.253393,76,659.29592
1.315591,93,659.490081
0.936087,78,659.652298
-0.295706,87,659.822281
1.071114,91,659.997382
0.437249,80,660.153463
-0.169875,131,660.415696
2.894844,73,660.560226
2.358629,73,660.707973
1.432056,74,660.851076
4.703166,70,660.988945
0.348668,110,661.205733
-0.619488,115,672.815146
4.743278,75,672.967718
0.811421,78,673.127889
0.229465,84,673.300166
1.040247,74,673.456824
1.552279,69,673.598356
-0.169988,90,673.781781
4.860253,68,673.93211
2.017709,83,674.093015
3.266756,65,674.223262
0.42811,78,674.376345
1.371852,74,674.520943
0.666363,118,674.761591
0.463345,103,674.967217
0.227047,1000,688.456977
3.577764,67,688.595215
-0.721428,139,688.874857
4.4993,71,689.024593
4.05656,73,689.171498
101.745395,73,689.319162
1.952489,70,689.459097
2.583673,66,689.590544
4.202689,66,689.723897
0.325039,138,690.000223
2.161553,71,690.141041
-0.455299,91,690.32242
3.820484,75,690.472954
3.821878,64,690.602382
1.38654,72,690.747138
-1.256293,151,691.041987
3.636598,76,691.197411
101.146423,44,691.287614
1.638483,70,691.435388
3.273062,67,691.575976
0.807569,103,691.776733
101.204649,63,691.908064
2.242618,77,692.072172
2.227521,73,692.2165
3.232522,75,692.366303
1.138673,78,704.179719
3.724323,64,704.316801
2.880152,66,704.449171
1.177182,73,704.597353
3.637045,65,704.738835
2.451735,73,704.90449
2.053729,71,705.059258
0.13955,80,705.25382
4.444121,69,705.39956
4.737342,76,705.56475
2.426857,71,705.721213
1.856122,87,705.902026
-0.107584,92,706.088505
-0.094516,79,706.251784
2.976953,70,706.394359
2.470252,69,706.540254
0.787247,73,706.683846
3.000311,82,706.84882
3.303749,69,706.984159
3.845915,70,707.122396
2.148125,96,707.324095
3.643586,68,707.462648
3.981723,74,707.611522
2.303733,75,707.763223
0.999656,74,707.910757
2.420944,81,708.070043
101.716934,65,708.198435
102.510743,78,708.357773
0.859462,79,720.039035
3.870815,67,720.174063
2.852995,82,720.338858
2.748652,78,720.503237
2.632985,86,720.677386
3.739269,72,720.82965
0.856447,74,720.979945
-0.275769,95,721.173549
0.707422,141,721.459156
0.421431,93,721.646317
4.000739,66,721.777196
102.115815,64,721.918961
101.163317,67,722.051635
105.930752,67,722.182755
4.214157,73,722.326997
4.324993,81,722.485685
1.2858,78,722.643855
0.491238,83,722.80837
4.443299,77,722.960808
2.590427,68,723.098615
1.239722,71,723.243005
1.572826,77,723.393204
2.789535,84,723.577675
2.29729,74,723.72563
0.294763,87,723.892933
1.516413,73,724.038629
5.107901,74,735.886546
3.225315,89,736.073982
1.95334,94,736.273267
0.126449,83,736.448012
0.254559,82,736.642045
3.168202,67,736.780476
103.358707,71,736.923709
4.719502,79,737.082047
1.495871,101,737.276883
4.076413,70,737.416392
0.408515,84,737.588354
-0.934832,94,737.775785
1.945811,91,737.963618
0.702578,89,738.154343
2.130272,70,738.312074
5.340094,66,738.450454
0.965361,76,738.598638
2.464373,88,738.774512
0.360521,79,738.933102
2.71165,70,739.07496
-0.208276,84,739.255066
3.979244,71,739.404969
2.37086,73,739.556118
2.068399,88,739.742482
0.19025,92,739.924149
0.973418,74,752.086132
2.564221,63,752.213276
2.244429,77,752.37018
3.655786,65,752.499325
2.786857,70,752.644334
1.949742,70,752.785306
0.790303,96,752.974132
1.580187,72,753.143084
4.27275,75,753.287622
4.140175,125,753.533844
4.37063,69,753.67068
2.856629,83,753.832068
3.417295,80,753.993164
101.516067,70,754.130369
1.320638,75,754.273941
2.407096,92,754.457053
4.756573,71,754.598211
1.254904,79,754.760204
3.352778,68,754.902062
-0.089609,94,755.092485
1.656085,79,755.252782
3.322065,80,755.415097
1.146777,1000,768.902279
3.125695,66,769.037085
1.589726,74,769.186419
4.687463,67,769.319921
2.019568,83,769.489494
0.320045,787,771.049062
3.361148,74,771.196123
3.641705,82,771.354747
0.404901,86,771.521605
-0.934797,390,783.499537
-0.63889,83,783.660263
2.648786,88,783.832604
0.919471,111,784.048712
3.938027,83,784.208198
3.825163,68,784.339996
3.124933,70,784.472976
2.737538,67,784.602835
2.35335,70,784.734377
3.0705,85,784.89751
3.320679,71,785.03126
103.348145,56,785.137388
-0.180671,91,785.309736
101.425658,41,785.395849
103.478593,58,785.50891
1.333389,74,785.653748
4.915434,79,785.807252
102.995609,62,785.925205
2.598627,70,786.062679
2.035115,71,786.199042
2.487739,75,786.344632
-0.368125,95,786.525472
2.368785,69,786.657797
4.080889,78,786.807498
-0.374146,98,798.136081
4.465144,76,798.281346
103.612646,58,798.392435
100.707864,76,798.543995
0.556024,77,798.695624
1.558649,73,798.837986
3.421472,70,798.976138
0.168061,106,799.192765
2.503361,78,799.366809
2.713157,71,799.514556
5.633489,76,799.674067
-0.600723,92,799.866953
102.11688,81,800.027912
4.641342,66,800.15483
100.704911,38,800.23115
0.325276,106,800.43682
-1.26335,289,801.002494
3.334588,69,801.142115
2.212988,68,801.280433
4.132053,71,801.422277
4.772306,101,801.622829
1.556628,78,801.775448
102.089383,89,801.949139
2.427551,68,813.659809
4.582406,85,813.835377
2.656236,78,814.008568
3.338813,75,814.155014
1.832879,70,814.297153
1.191346,71,814.445025
4.557921,73,814.593229
1.3009,71,814.746483
3.056305,74,814.895195
2.678226,83,815.064594
3.499409,65,815.190052
2.227197,68,815.322176
1.266256,101,815.525573
2.990274,68,815.661085
4.590937,89,815.85167
4.583617,81,816.010154
3.343023,75,816.157136
-1.748599,150,816.454558
1.736064,93,816.634949
3.973685,62,816.757476
1.059744,70,816.896845
3.015702,69,817.036169
0.251286,90,817.205791
-0.338384,96,817.390471
0.101816,79,817.559731
-0.077808,110,828.939681
1.473438,77,829.094714
5.055415,82,829.254733
3.105352,84,829.419269
4.690645,72,829.557225
5.095214,77,829.707449
3.759223,63,829.83279
4.184916,73,829.992077
105.041653,70,830.129863
1.438197,96,830.332472
0.983925,1000,832.390946
4.084953,73,832.541129
3.32725,67,832.673745
-0.484016,92,832.864003
1.184757,74,833.010009
4.335164,65,844.267381
3.653405,63,844.3927
4.215149,67,844.522505
2.147541,72,844.680593
2.323467,69,844.8111
0.342319,1000,846.789951
2.298108,68,846.926199
0.816275,82,847.088077
3.923675,80,847.245109
1.423186,72,847.394682
3.024816,66,847.527841
4.645912,66,847.657946
5.219165,67,847.79261
3.336385,65,847.926054
-0.284785,130,848.188121
1.198739,75,859.710868
0.114326,91,859.890242
-0.287869,80,860.047878
2.385539,85,860.225267
1.771301,87,860.408879
0.726357,83,860.584335
3.473459,78,860.741827
1.04834,84,860.929257
100.173576,653,862.233692
2.668901,67,862.369422
3.816811,70,862.509034
0.364556,76,862.661619
2.35948,71,862.803938
2.113591,80,862.96951
-1.016442,305,863.588836
1.957293,84,863.755314
100.095819,642,876.593032
3.127344,86,876.761525
1.987706,68,876.893888
0.070682,86,877.063268
5.761421,64,877.186586
2.512472,85,877.350787
4.892184,65,877.478662
4.635966,75,877.626536
2.025203,69,877.761751
0.059843,94,877.95009
1.626243,72,878.089883
1.580311,87,878.255553
6.036356,67,878.387263
1.14975,84,878.552749
4.978949,68,878.681924
4.204344,67,878.812641
2.84652,94,878.996707
-0.007044,207,879.404421
2.259687,69,891.075264
3.332106,74,891.221982
2.702806,68,891.357477
2.902055,80,891.515843
102.694785,70,891.656147
1.812685,78,891.809015
3.751777,88,891.982217
0.071009,95,892.170937
4.188862,73,892.317034
3.693964,75,892.465305
5.585364,74,892.609479
3.130762,73,892.772448
4.208672,65,892.92697
2.009094,71,893.086212
-0.353684,83,893.26709
0.92401,77,893.44405
0.643577,106,893.658556
3.79793,121,893.899486
3.291788,87,894.073142
4.025642,75,894.224918
4.35735,67,894.361844
2.225872,75,894.514815
101.926073,64,894.655845
4.473494,66,894.782584
3.29095,78,894.935007
2.23758,85,895.106616
4.776705,73,906.434202
3.868226,102,906.629935
2.385799,68,906.761383
0.674748,76,906.909763
6.009249,71,907.044138
4.491591,80,907.209307
2.661801,71,907.39383
0.254365,632,908.648868
2.771379,69,908.791811
5.761491,66,908.925066
3.936485,71,909.085153
1.628568,79,909.245223
1.530539,69,909.37869
2.480943,68,909.518839
101.765391,41,909.602632
101.911601,88,909.780916
0.51033,1000,923.297171
102.251181,66,923.428044
3.012096,73,923.574245
3.971442,157,923.896707
2.81996,78,924.049404
1.196434,74,924.198342
4.507459,76,924.348555
1.371988,74,924.493186
0.174215,77,924.654176
0.16953,79,924.826583
4.196916,65,924.958597
2.643217,77,925.114495
1.183947,73,925.255413
1.13153,81,925.414034
4.104098,66,925.546959
1.265976,75,925.703533
-0.809732,132,925.966301
2.620334,68,937.415356
1.909053,73,937.573069
-1.061317,989,939.604928
3.385787,83,939.767983
2.380782,64,939.895033
1.67719,86,940.069385
1.605327,67,940.198166
4.024577,66,940.326649
0.287142,78,940.481256
2.6071,80,940.655956
3.479869,68,940.788979
2.894513,70,940.927342
101.72051,76,941.086589
1.599169,81,941.25354
0.876768,74,941.408505
1.659847,67,941.5464
3.667909,88,953.187631
4.418505,63,953.313062
102.726031,66,953.444868
3.957485,72,953.585275
0.822653,70,953.729994
-0.119473,1000,955.745285
5.18183,1000,969.524919
4.551818,74,969.668605
1.544667,72,969.814374
101.371075,71,969.964688
1.027383,89,970.158987
5.458252,68,970.295586
3.39231,88,970.470313
0.56409,311,971.137981
0.073706,198,971.565776
2.590381,69,971.717601
0.259088,120,971.956986
1.72918,89,972.132471
1.680012,70,972.270945
3.486187,65,972.410941
2.776767,68,972.555811
2.236322,78,972.756578
101.192046,71,972.910105
3.735099,66,973.053113
-0.916091,108,984.939501
5.292348,65,985.08821
1.268331,82,985.261706
0.964171,85,985.444776
4.373257,71,985.598964
3.139638,72,985.755127
0.965354,81,985.921539
-0.512208,1000,987.968889
1.004469,86,988.152303
2.986343,71,988.297603
3.794813,66,988.433766
0.037107,86,988.604541
0.940467,72,988.751041
4.842827,101,988.947955
0.984592,73,989.091645
1.376257,69,1000.850078
1.763922,77,1001.000239
0.295449,128,1001.250705
5.246019,88,1001.427117
5.380538,71,1001.5644
1.088219,73,1001.71027
3.157068,66,1001.847286
1.557876,90,1002.022989
4.970032,79,1002.179511
3.065416,74,1002.350078
2.390367,70,1002.497023
4.846888,65,1002.635898
105.52616,63,1002.765437
2.530901,84,1002.939861
3.145132,65,1003.070187
-1.801633,128,1003.333756
4.203292,75,1003.490154
0.374772,91,1003.685447
1.100376,73,1003.829159
2.077888,65,1003.959053
0.517013,85,1004.12501
3.114107,74,1004.270525
0.72196,80,1004.425536
3.803707,69,1004.575707
3.827714,68,1004.713113
3.321956,71,1004.852765
100.948593,145,1016.40632
104.1974,75,1016.55394
4.434606,63,1016.674865
0.504489,72,1016.814491
1.214458,78,1016.968166
-0.059895,90,1017.146434
100.606016,79,1017.307404
0.187355,126,1017.557731
-0.335951,98,1017.747713
3.535315,65,1017.878865
0.756672,75,1018.044006
3.713464,78,1018.193834
2.996511,68,1018.329353
0.352479,1000,1031.946499
4.651826,68,1032.08605
2.123322,75,1032.236158
2.196896,67,1032.371091
0.167114,77,1032.526103
4.635487,64,1032.655201
4.495091,67,1032.792323
2.054256,72,1032.94372
1.6672,70,1033.095055
5.364323,62,1033.218217
2.957596,74,1033.366998
2.85183,85,1033.531847
2.657561,72,1033.673392
3.937985,66,1033.80265
0.649568,96,1034.001087
3.767695,67,1034.144013
4.573658,75,1034.302038
5.269877,70,1034.449842
0.674455,100,1034.651041
3.839708,65,1034.790511
102.24123,71,1034.936786
2.357293,68,1035.089464
4.587016,69,1035.231591
2.733794,76,1035.390606
0.549506,100,1035.597383
0.223241,150,1035.90212
3.896722,91,1047.319454
3.261514,73,1047.466327
4.441533,66,1047.598832
4.219293,96,1047.79884
103.653356,70,1047.935432
4.236042,65,1048.076933
3.243281,73,1048.222737
5.501276,66,1048.355932
-0.864503,188,1048.735104
100.925674,66,1048.870496
1.563795,107,1049.092348
103.858795,63,1049.221174
2.358107,97,1049.418349
5.479339,112,1049.649714
2.494766,69,1049.787894
0.06008,84,1049.954763
1.788848,65,1050.086447
5.067856,369,1050.822814
0.883118,101,1051.038848
1.368608,74,1051.18524
4.599689,64,1051.309411
1.25726,69,1051.445885
100.94509,101,1062.900639
3.911276,70,1063.050343
0.95042,77,1063.21074
4.23395,210,1063.644958
3.065104,68,1063.783883
1.039413,88,1063.959327
5.009208,66,1064.089898
100.632001,48,1064.184383
1.083627,101,1064.393175
2.619685,90,1064.575357
3.138071,63,1064.699362
2.416006,78,1064.860911
2.293787,76,1065.020448
3.136845,64,1065.156109
4.697811,68,1065.294716
-1.290191,662,1066.639444
4.653639,73,1066.78152
3.028904,72,1078.21488
-0.392307,94,1078.404857
0.688626,72,1078.549552
3.01872,92,1078.732574
3.087502,73,1078.896264
3.149446,76,1079.049759
0.971467,75,1079.200825
104.055111,75,1079.354947
4.870931,79,1079.515085
1.027313,88,1079.698133
3.793789,85,1079.872475
3.034347,68,1080.013614
5.227209,70,1080.158236
4.185369,74,1080.30766
102.47182,71,1080.448608
102.264179,74,1080.609319
2.424601,67,1080.743226
1.135648,106,1080.956898
3.857256,69,1081.097569
3.21949,68,1081.232774
102.011027,68,1081.371464
0.910419,1000,1094.843251
0.189467,84,1095.01475
2.502323,74,1095.167231
1.698416,71,1095.313383
4.22142,70,1095.452055
0.8006,86,1095.624464
101.312625,75,1095.77503
3.619651,67,1095.913916
1.337657,98,1096.11049
1.194796,75,1096.258643
4.79531,71,1096.416022
2.980235,68,1096.549479
1.684682,67,1096.680918
3.054114,79,1096.84601
2.366118,69,1096.984015
102.028233,65,1097.110276
0.658717,80,1097.264933
5.15288,78,1097.419996
3.853015,71,1097.559872
0.984382,71,1097.699213
3.632836,79,1097.853835
0.310773,91,1109.278628
3.428235,66,1109.412279
1.070624,69,1109.545197
0.030312,86,1109.71499
3.688973,65,1109.841518
3.408095,67,1109.972965
5.158626,74,1110.12283
3.608321,66,1110.256541
0.32741,1000,1112.241555
1.289501,71,1112.379438
101.664148,62,1112.499505
2.577092,69,1112.651868
1.794778,74,1112.804865
4.485498,62,1112.92347
0.899321,74,1113.067338
5.563731,75,1113.215735
5.835541,65,1124.936983
5.115705,65,1125.066071
4.849431,73,1125.214222
4.559439,69,1125.358005
0.581456,104,1125.571025
5.594488,79,1125.736246
3.485699,68,1125.881376
1.217047,84,1126.049159
101.033709,81,1126.210039
3.669169,66,1126.351554
100.769583,51,1126.488073
0.422582,1000,1128.512832
2.935868,66,1128.642881
5.07326,68,1128.773714
3.903016,72,1128.917276
2.686044,70,1140.560735
3.404505,76,1140.72967
-0.218456,78,1140.8832
4.665685,63,1141.007463
2.564963,73,1141.155376
101.328743,51,1141.260758
-0.018389,94,1141.44856
0.809961,94,1141.645993
0.292207,1000,1143.625107
4.307464,72,1143.772161
0.522647,79,1143.928536
4.662186,66,1144.062138
2.313361,69,1144.206114
101.703375,69,1144.346088
1.726835,95,1144.53509
3.494662,69,1156.228373
5.277604,72,1156.372451
1.935546,93,1156.551681
3.373029,70,1156.688483
5.535286,79,1156.839875
101.91018,53,1156.945217
3.295334,64,1157.070359
101.853392,60,1157.187908
0.18762,1000,1159.289243
3.900406,67,1159.431223
3.547389,77,1159.596987
1.476611,72,1159.752858
-0.751958,121,1160.000492
1.329501,71,1160.144315
1.575094,91,1160.333083
2.004785,70,1172.1184
0.366954,139,1172.422053
1.294304,69,1172.563303
5.069482,75,1172.717542
4.605024,69,1172.86425
3.41228,77,1173.029987
3.319338,74,1173.187881
3.828246,68,1173.337113
1.850882,83,1173.51376
1.543919,72,1173.665299
1.283681,95,1173.868915
101.372585,68,1174.018903
3.622485,70,1174.164368
4.526565,68,1174.305347
3.717072,78,1174.469028
4.341471,82,1174.635246
101.263633,44,1174.736877
2.576848,78,1174.907958
103.153453,62,1175.052361
1.371468,80,1175.217746
1.533565,93,1175.417797
4.312818,65,1175.549411
1.444316,97,1175.757992
3.889934,74,1175.903491
3.859403,68,1176.035316
2.065819,77,1176.191333
1.825833,77,1176.349052
0.517941,79,1188.107866
4.871264,70,1188.247942
-0.076438,90,1188.425177
1.810965,72,1188.565427
3.834955,68,1188.702648
0.399994,79,1188.864471
101.483682,66,1188.995675
4.458769,67,1189.136795
1.103616,93,1189.323694
3.810521,67,1189.454805
1.446966,76,1189.616328
2.957839,66,1189.758375
5.155508,68,1189.89767
2.299998,70,1190.03811
102.712971,63,1190.164258
4.454644,76,1190.317928
4.992732,68,1190.450072
4.626004,64,1190.575012
0.359729,1000,1204.110235
4.307998,76,1204.257754
-0.66794,109,1204.473716
0.798806,76,1204.626493
2.684444,74,1204.771505
0.193057,1000,1206.781418
-0.223863,85,1206.950341
5.454899,89,1207.12642
-0.018084,79,1207.28371
1.005525,88,1207.456176
2.535813,72,1207.595381
4.131682,67,1219.418012
102.66405,62,1219.539738
4.346324,70,1219.674936
3.880867,71,1219.812423
1.035886,103,1220.023124
3.326229,63,1220.145136
4.218272,67,1220.276554
102.913532,70,1220.413926
102.725161,77,1220.56881
0.166335,82,1220.7514
2.517558,75,1220.915893
4.938452,63,1221.052594
0.611403,1000,1223.094058
2.854965,67,1223.236358
102.532047,73,1223.386137
5.047871,75,1223.540383
2.651466,72,1235.046895
3.809178,69,1235.182014
3.076158,69,1235.317673
2.897633,74,1235.472045
100.929394,119,1235.709881
1.336335,73,1235.854496
4.72878,87,1236.03161
1.706514,83,1236.19843
4.687201,67,1236.3333
1.697142,76,1236.505221
101.011655,57,1236.62282
0.962393,105,1236.835039
1.694426,71,1236.983787
3.029474,81,1237.148794
1.252786,71,1237.292014
0.915016,73,1237.439569
102.688803,48,1237.536612
0.182406,75,1237.694748
4.091776,65,1237.832932
1.282463,76,1237.982976
1.999495,77,1238.134772
4.168032,73,1238.27916
1.147322,86,1238.449261
2.889454,67,1238.582792
3.140058,76,1238.735335
102.735198,66,1238.871895
2.431044,64,1238.99994
2.210676,70,1250.548113
3.269013,74,1250.706746
0.564691,93,1250.891343
0.306288,110,1251.111221
101.392418,92,1251.300735
5.207178,64,1251.432115
-0.481497,86,1251.604056
100.557631,539,1252.684031
0.291728,1000,1265.983184
3.031445,68,1266.120634
3.667803,91,1266.302745
2.410425,63,1266.426394
3.658221,94,1266.614962
101.596397,84,1266.780496
2.197241,67,1266.930615
5.010969,64,1267.0653
102.133745,44,1267.150505
3.974794,61,1267.27555
1.479682,70,1267.414998
1.356424,94,1267.600254
2.959662,76,1267.751401
4.165592,61,1267.87665
2.001823,79,1268.038897
0.278258,77,1268.19817
4.095977,95,1268.390475
4.441843,63,1268.515236
1.328151,68,1268.651966
1.033965,118,1268.903701
2.10789,77,1269.057376
1.317643,78,1269.209895
4.980277,68,1269.345104
2.525119,72,1269.486146
3.194546,93,1269.667071
3.429544,70,1269.803009
3.724952,65,1269.930417
101.860424,58,1281.455602
1.94559,70,1281.606165
1.10324,71,1281.754543
4.591793,68,1281.892182
1.56081,79,1282.067161
0.134499,90,1282.254564
3.501032,71,1282.399146
1.306126,70,1282.538714
5.612652,84,1282.708644
4.610661,67,1282.844364
2.195914,74,1282.994815
101.371202,58,1283.111427
3.210338,90,1283.289932
4.763199,65,1283.438225
3.491631,66,1283.570723
3.37673,83,1283.736296
1.577016,77,1283.893812
3.658762,68,1284.031584
1.468212,81,1284.194611
3.440876,87,1284.368622
1.300103,226,1284.821448
101.081128,87,1284.992203
3.045802,67,1285.126273
3.059036,68,1285.264723
3.611637,86,1285.455009
2.254417,75,1285.602541
2.703697,73,1296.89997
2.291117,67,1297.029447
0.883937,83,1297.214352
3.077157,67,1297.34537
1.719871,79,1297.499413
3.105191,83,1297.661123
3.817648,65,1297.7875
4.789265,64,1297.919776
4.480621,63,1298.045337
101.94481,93,1298.230878
4.047587,65,1298.360304
102.962655,70,1298.500186
4.910611,64,1298.632257
2.503936,67,1298.767003
2.238641,67,1298.902028
2.389044,79,1299.072862
1.838949,72,1299.215708
0.283325,81,1299.374697
0.634093,74,1299.525342
0.606911,76,1299.679884
1.509434,67,1299.814775
-0.754725,116,1300.050152
5.246663,66,1300.182563
2.084478,69,1300.316073
2.722845,68,1300.455532
2.452794,71,1300.61389
1.119367,135,1300.882112
1.038524,86,1312.486002
1.425741,73,1312.631313
2.711661,66,1312.765516
101.829779,74,1312.914711
2.460711,71,1313.063502
101.518801,45,1313.151224
0.350527,78,1313.309856
0.592892,78,1313.468654
102.733447,83,1313.632436
1.787247,70,1313.76819
3.351416,69,1313.905537
2.613806,79,1314.06348
1.346931,80,1314.224849
-0.638063,96,1314.41979
5.794692,66,1314.553193
5.467222,83,1314.719619
1.746762,68,1314.853952
3.361396,64,1314.987975
5.244129,67,1315.124646
3.763988,70,1315.262835
2.149616,69,1315.405549
101.461101,120,1315.654461
0.926182,1000,1329.086613
2.929034,63,1329.211252
2.708243,76,1329.364084
4.085211,66,1329.496869
1.312973,76,1329.644983
2.255024,68,1329.776956
3.806814,64,1329.90367
3.29696,64,1330.027728
4.596561,64,1330.151865
5.208055,70,1330.291223
3.273732,67,1330.423177
5.180847,65,1330.551177
3.922127,64,1330.676775
1.371734,72,1330.820349
2.199713,66,1330.948138
4.24062,66,1331.080864
1.368042,73,1331.2265
4.792607,70,1331.363362
4.186441,76,1331.523925
0.531786,88,1331.706662
0.005379,88,1331.882147
0.178074,120,1343.417916
5.869948,66,1343.552465
4.081295,67,1343.684304
1.886534,68,1343.819979
100.207148,17,1343.854633
4.107109,69,1343.990001
3.180005,71,1344.138267
4.029422,70,1344.274537
101.292118,76,1344.428851
101.328167,107,1344.6384
104.886897,69,1344.79295
3.585945,66,1344.929482
0.533427,86,1345.104082
2.161872,74,1345.255111
2.67072,75,1345.409372
2.552558,87,1345.582494
4.637324,65,1345.711862
1.962189,72,1345.857516
-0.7458,1000,1359.038722
101.683302,65,1359.165064
100.926547,62,1359.290489
3.863023,65,1359.419639
4.852736,71,1359.558722
3.46122,73,1359.704032
-0.261743,90,1359.879372
101.920302,73,1360.024345
2.219486,75,1360.182727
4.452046,74,1360.340191
0.680112,97,1360.553213
1.353273,79,1360.715799
1.323201,71,1360.861911
3.223431,66,1360.997694
0.588751,72,1361.146489
2.683838,66,1361.284316
101.570693,45,1361.373863
1.868669,72,1361.523641
3.713885,67,1361.66451
1.342038,95,1361.876539
0.857986,100,1362.071452
1.64992,85,1362.242431
4.605696,66,1362.371061
0.246317,104,1362.574085
3.123468,70,1362.712525
0.897403,79,1374.211389
4.166593,89,1374.381569
1.537997,69,1374.516971
103.615111,60,1374.636254
104.284409,57,1374.746418
103.57279,74,1374.893942
1.495439,91,1375.076392
3.283683,81,1375.237966
100.320663,58,1375.35008
-0.603971,96,1375.541981
3.777439,66,1375.682306
1.02581,72,1375.821903
3.673869,81,1375.979494
1.696262,80,1376.133912
3.304371,75,1376.300256
101.3756,117,1376.539471
3.988994,69,1376.684197
1.416907,76,1376.841379
4.65648,67,1376.991708
5.265659,70,1377.134202
5.291272,72,1377.281231
101.060271,72,1377.424116
4.210813,64,1377.549458
0.985138,71,1377.689662
-0.016101,88,1377.864662
101.434654,131,1378.134805
105.308503,62,1389.733683
3.439389,71,1389.873549
3.633499,71,1390.009445
3.976145,97,1390.203605
4.486184,63,1390.32623
1.761952,70,1390.463013
3.501923,65,1390.594264
102.698173,69,1390.729283
0.800941,93,1390.910889
3.704138,83,1391.087974
5.50898,65,1391.213206
0.915522,72,1391.358623
1.044667,117,1391.58384
5.558172,66,1391.712839
2.838173,69,1391.846139
1.303455,79,1392.002578
4.278224,64,1392.129505
1.155498,80,1392.287
5.192394,76,1392.458736
4.017981,71,1392.602576
3.190079,65,1392.736322
4.481542,77,1392.893168
1.288344,74,1393.038785
3.357163,70,1393.17704
5.394475,66,1393.309936
2.066972,89,1393.486788
4.096028,85,1393.65712
1.560142,65,1393.784192
3.662043,70,1405.265061
101.311756,75,1405.420861
2.059585,69,1405.558841
5.28729,69,1405.699931
2.037617,71,1405.843873
4.949365,67,1405.982451
3.729978,64,1406.116812
0.821995,75,1406.28235
0.080947,89,1406.476471
2.076545,68,1406.615384
4.765741,63,1406.746656
2.077844,96,1406.936654
-0.269209,138,1407.199875
3.86132,104,1407.406551
2.920718,77,1407.559165
2.018372,70,1407.69687
-0.836527,104,1407.897367
2.35031,70,1408.048929
1.765884,82,1408.206357
1.504221,64,1408.33035
0.829844,75,1408.474641
3.850561,64,1408.598849
2.478036,67,1408.732062
5.00134,69,1408.865607
3.238356,69,1409.001058
102.228582,63,1409.143605
1.483971,88,1420.870997
1.711916,89,1421.051649
100.961425,91,1421.229754
1.34631,83,1421.397584
4.136078,66,1421.537476
4.089098,71,1421.677482
2.434348,75,1421.831648
2.826405,71,1421.972703
5.025398,61,1422.094187
0.463174,79,1422.250031
4.891621,63,1422.378175
1.12249,73,1422.524261
2.164585,71,1422.668769
2.079764,81,1422.828907
-0.68813,111,1423.053756
2.323933,75,1423.2218
2.380748,68,1423.355812
1.068382,82,1423.522703
4.284437,84,1423.69646
0.836303,84,1423.859096
2.51745,69,1423.996436
1.714092,84,1424.161736
4.410465,67,1424.311826
4.307734,67,1424.448196
1.204002,118,1424.675723
2.932384,73,1424.822938
4.651118,64,1436.288398
4.299804,71,1436.448779
4.972333,70,1436.596084
4.962806,69,1436.738821
2.565833,79,1436.897957
102.269518,83,1437.068069
3.309501,77,1437.222776
-0.212175,94,1437.409924
5.13038,88,1437.581569
4.16459,63,1437.707298
100.76566,29,1437.764854
4.485424,64,1437.891282
101.83873,76,1438.04019
101.866426,58,1438.154942
2.892667,66,1438.283524
1.786593,73,1438.423188
2.254079,81,1438.576195
1.804503,75,1438.720841
2.473638,65,1438.841479
3.174307,66,1438.966048
1.451038,87,1439.130889
1.718662,76,1439.279009
3.856124,88,1439.449482
2.501872,66,1439.572578
1.259071,114,1439.793252
3.341511,64,1439.912705
3.938231,65,1440.037136
1.160997,99,1440.23115
5.014798,68,1451.870455
1.42371,72,1452.010411
4.012784,69,1452.149985
2.876436,66,1452.285773
2.056414,68,1452.419812
103.550351,56,1452.529247
-2.717288,145,1452.814713
3.377305,78,1452.975042
4.547968,70,1453.11337
2.833291,66,1453.242202
100.913081,62,1453.362985
2.387161,71,1453.521365
4.468434,83,1453.69322
1.458058,92,1453.882445
0.751554,112,1454.111935
2.7278,81,1454.282861
5.245211,72,1454.428613
2.768453,76,1454.585107
3.302277,66,1454.718773
4.15034,73,1454.863337
-1.111747,105,1455.081439
1.507186,78,1455.233475
4.816451,70,1455.371472
3.972721,69,1455.511288
2.756606,69,1455.643769
2.646052,69,1455.774925
4.221775,101,1467.274535
100.84372,78,1467.441379
4.840808,62,1467.563072
4.360447,76,1467.710553
2.592521,79,1467.86401
5.076986,63,1467.991165
101.575068,62,1468.11751
2.522613,69,1468.25448
102.31275,72,1468.401616
2.499686,90,1468.588942
102.070029,84,1468.758017
2.987034,67,1468.893248
3.330345,73,1469.04102
1.455534,71,1469.185435
3.907924,68,1469.323315
2.455352,64,1469.453974
3.053184,64,1469.583441
-0.10919,115,1469.818022
4.420107,65,1469.950785
3.799452,65,1470.081504
-1.82092,115,1470.316127
2.384704,87,1470.494143
1.578899,77,1470.652155
1.370275,95,1470.845762
101.605648,48,1470.941813
1.435401,88,1471.111208
2.227198,72,1471.247486
2.961987,107,1483.006588
0.192673,78,1483.173006
1.219883,68,1483.311777
4.71179,90,1483.489586
5.250855,80,1483.65237
100.660396,73,1483.796218
1.297628,113,1484.031153
1.59203,76,1484.183878
3.624959,74,1484.332511
104.996606,70,1484.467761
1.329359,79,1484.620942
5.545248,63,1484.74791
103.210574,72,1484.905218
3.941644,64,1485.030895
3.385967,66,1485.160193
101.641179,68,1485.294174
0.393193,77,1485.448275
1.195364,84,1485.621397
100.485124,77,1485.797127
2.955777,85,1485.971306
3.838699,73,1486.14065
-0.085888,1000,1499.775336
3.438476,70,1499.919975
2.259255,68,1500.055858
1.469476,95,1500.248494
0.748469,81,1500.431276
3.465072,79,1500.598587
1.190558,68,1500.740422
5.146353,78,1500.900628
3.280623,64,1501.027625
0.372533,73,1501.177218
1.319726,67,1501.313933
3.604703,65,1501.449578
2.972079,70,1501.59503
2.000031,73,1501.744603
-0.016357,94,1501.937532
1.021029,88,1502.131887
101.945984,75,1502.285113
4.600843,67,1502.422824
2.740693,65,1502.556347
2.296394,69,1502.699729
2.306771,67,1502.835882
1.063839,89,1514.432578
2.90997,64,1514.576124
-0.648517,190,1514.95375
101.128283,79,1515.110079
1.180776,70,1515.246789
1.540733,76,1515.399762
4.332974,77,1515.553962
1.913334,86,1515.72458
102.884951,69,1515.855604
1.074061,106,1516.065239
104.166532,64,1516.188308
101.965717,68,1516.322928
5.017481,64,1516.45024
4.159832,62,1516.570614
1.529065,74,1516.717362
4.497316,77,1516.870918
2.525857,70,1517.007853
0.609348,79,1517.173409
104.13219,67,1517.31595
0.602056,93,1517.513515
3.630896,65,1517.650867
5.823378,81,1517.817949
4.516136,66,1517.951601
1.919328,73,1518.097565
4.103308,66,1518.229227
2.695744,73,1518.37076
3.281757,65,1530.089054
3.964827,63,1530.219547
1.685012,72,1530.361382
100.952542,105,1530.578845
0.698916,82,1530.745552
3.748949,69,1530.886689
4.211843,79,1531.050437
1.342281,74,1531.216098
0.496548,99,1531.414596
0.670273,115,1531.669815
2.456148,79,1531.836952
4.923334,65,1531.975258
4.221764,62,1532.105601
102.677496,65,1532.236089
5.812301,85,1532.409109
100.906374,56,1532.521366
2.670274,69,1532.66723
4.713251,66,1532.811845
4.525513,67,1532.973971
2.867774,82,1533.139601
-0.144692,96,1533.33653
-0.401508,91,1533.526998
4.330832,65,1533.66049
1.584343,70,1533.813744
5.631707,78,1533.979159
2.951627,64,1534.111179
0.488636,88,1534.294107
4.254501,88,1546.111116
3.416996,66,1546.264604
1.47185,80,1546.438614
0.252554,119,1546.694703
0.174403,1000,1548.789315
3.750062,87,1548.971506
5.214128,97,1549.18119
3.164786,72,1549.330378
100.13011,541,1562.104228
1.962155,74,1562.248677
4.971894,62,1562.370923
4.66798,80,1562.532639
1.955255,77,1562.686166
2.50101,64,1562.812084
2.777023,70,1562.948015
3.549498,86,1563.129455
4.099297,91,1563.314817
3.553876,64,1563.45153
3.868562,99,1563.659417
4.105874,66,1563.797288
4.91705,83,1563.966331
104.010776,63,1564.098815
5.165201,83,1564.268185
-0.125068,108,1564.498119
0.50154,85,1564.687461
2.104168,68,1564.831206
4.369882,67,1564.972574
101.317653,43,1565.06412
1.943702,76,1565.218738
1.791362,71,1565.358544
1.186256,74,1565.507996
4.7683,82,1565.677315
1.820228,66,1565.813032
1.502686,74,1565.964317
4.590195,68,1566.103706
0.153493,87,1577.881819
3.530573,76,1578.0337
1.935955,67,1578.173455
2.363148,69,1578.315853
0.486423,104,1578.529576
1.253213,101,1578.732283
5.735122,70,1578.887527
1.452069,69,1579.035989
1.120023,69,1579.196892
2.778358,69,1579.34791
1.141396,83,1579.530549
1.151597,105,1579.763778
102.346591,72,1579.9128
5.114706,65,1580.044689
-0.131073,1000,1593.795733
0.656698,114,1594.024123
1.470525,85,1594.193414
4.986855,64,1594.322834
1.043546,79,1594.488492
2.650497,67,1594.626491
100.32197,788,1596.223169
4.57415,65,1596.35656
4.490732,64,1596.482026
0.2182,85,1596.650746
4.219788,63,1596.778243
101.66732,64,1596.906312
0.631329,1000,1610.103191
4.045251,82,1610.268571
2.999623,65,1610.394021
3.178086,66,1610.524589
-0.082055,82,1610.685599
3.244261,62,1610.806467
4.036126,71,1610.943899
100.399892,76,1611.091921
101.717012,87,1611.261993
2.083931,68,1611.41336
100.94353,117,1611.644478
0.164263,83,1611.806712
2.683304,67,1611.939733
2.753572,68,1612.076731
1.056973,77,1612.230752
5.011067,66,1612.364771
0.667026,78,1612.516248
2.999397,70,1612.656287
100.986225,39,1612.737183
101.983956,84,1612.902941
101.105614,69,1613.040459
0.745054,1000,1626.650367
3.050785,64,1626.779174
102.830964,87,1626.95258
3.994149,80,1627.115496
-0.063486,87,1627.294413
1.149063,71,1627.439841
4.918732,64,1627.584769
3.192049,68,1627.722578
2.543436,70,1627.86269
3.537642,94,1628.053954
2.835965,65,1628.187189
-0.652867,289,1628.774021
0.908525,83,1640.301523
101.633813,85,1640.474078
4.191969,60,1640.596027
100.812464,58,1640.708416
0.621684,96,1640.90347
3.467877,79,1641.062722
4.935287,75,1641.21251
2.616633,76,1641.368949
101.007234,58,1641.483616
3.510016,66,1641.622268
100.559637,78,1641.78515
0.808338,82,1641.949546
101.786109,52,1642.052526
0.29669,1000,1644.105696
1.483238,69,1644.245101
102.824437,53,1644.350235
4.462832,159,1656.210437
2.5426,84,1656.38229
0.23473,1000,1658.455973
2.8819,70,1658.596553
4.646784,77,1658.77281
1.094938,86,1658.945073
0.138029,92,1659.130719
100.516636,69,1659.271232
5.554008,69,1659.406817
100.897934,54,1659.515119
4.596476,67,1659.651501
1.149338,69,1659.794905
-0.317551,75,1659.951487
1.027235,91,1660.135978
5.204283,65,1671.723887
3.992855,64,1671.854263
4.074376,63,1671.985038
3.917618,72,1672.133948
4.749106,66,1672.266682
0.345584,1000,1674.283229
102.442331,94,1674.464431
-0.000146,119,1674.697294
101.571652,76,1674.84344
3.607477,62,1674.969156
4.972508,62,1675.092365
5.467811,63,1675.230849
1.251815,82,1675.411517
0.475751,74,1675.574458
101.238375,60,1675.703704
5.265812,63,1687.231867
101.631471,80,1687.408758
3.882086,68,1687.544174
4.595601,64,1687.676887
4.222574,65,1687.808968
4.384215,90,1687.994169
0.210005,212,1688.430303
4.105056,75,1688.583172
103.217975,80,1688.753535
100.989555,113,1688.991515
2.663697,84,1689.164725
1.121714,79,1689.327128
-0.209604,191,1689.716008
3.643312,68,1689.854174
1.921441,70,1689.996854
3.116315,68,1690.137222
3.083973,69,1690.286354
4.971487,65,1690.419726
1.256444,69,1690.562031
3.854951,85,1690.742685
4.525209,63,1690.874597
4.902308,64,1691.007604
0.124037,77,1691.165021
3.311377,90,1691.350701
5.105198,74,1702.967196
4.20822,64,1703.090907
3.020393,69,1703.227071
1.58895,96,1703.420197
1.360857,83,1703.585032
1.759614,69,1703.72222
4.171732,97,1703.931737
4.619602,68,1704.067241
3.090888,65,1704.198957
3.750049,65,1704.324401
3.660921,70,1704.464415
2.389918,80,1704.6261
0.637386,185,1704.988526
1.287809,74,1705.135508
2.906443,64,1705.264226
2.731751,70,1705.402929
0.757595,79,1705.583262
1.189952,71,1705.723746
104.375789,59,1705.839041
2.881137,74,1705.990843
101.946758,72,1706.141768
-0.61376,100,1706.346078
4.096414,71,1706.491845
1.18346,81,1706.670039
1.023942,72,1706.815147
5.192508,63,1706.939944
1.710874,73,1718.35927
0.599433,81,1718.518322
0.690261,77,1718.68176
2.849712,63,1718.808384
3.681943,62,1718.929989
4.519292,64,1719.059821
3.002673,61,1719.181193
4.674115,67,1719.315923
3.704464,64,1719.44523
3.981042,72,1719.591369
4.136326,67,1719.726917
1.815486,67,1719.858969
2.738957,64,1719.988102
2.112593,69,1720.128529
3.48567,67,1720.263586
1.403902,74,1720.411789
0.028202,81,1720.577938
101.2556,75,1720.732388
105.592193,69,1720.86825
4.931809,63,1720.995201
0.838347,103,1721.207166
5.608312,69,1721.345653
101.155303,78,1721.50146
2.824996,72,1721.646318
0.027018,104,1721.868219
1.454467,69,1722.002343
-0.286316,124,1722.24178
3.487,64,1722.367818
2.58339,77,1733.765671
0.629362,1000,1735.766452
-0.081751,88,1735.944308
102.479681,87,1736.114721
3.588781,68,1736.250944
101.51967,89,1736.443131
1.017313,84,1736.610803
4.596857,73,1736.754802
100.07406,9,1736.772642
3.073842,82,1736.936909
-0.417829,198,1737.332963
3.153858,78,1737.487555
1.522274,88,1737.661332
101.612535,82,1749.210002
3.708644,74,1749.356956
0.313429,85,1749.525921
0.389694,110,1749.738033
1.32252,73,1749.886538
0.208019,75,1750.038344
4.247914,70,1750.17494
102.60533,91,1750.363716
4.211607,62,1750.484204
0.955033,98,1750.687128
3.979173,74,1750.850199
0.735133,94,1751.043068
2.129647,76,1751.194155
103.114363,67,1751.327464
103.184704,76,1751.479452
0.425838,131,1751.745859
4.950461,63,1751.877335
1.815895,70,1752.019989
3.179856,64,1752.170839
4.76625,76,1752.322265
3.045471,68,1752.456536
100.406937,68,1752.59219
5.005098,66,1752.722472
3.342155,76,1752.876228
3.610013,63,1753.001283
104.517298,57,1753.118709
4.748318,85,1753.284863
4.105163,236,1765.075783
5.322225,66,1765.207284
1.916808,64,1765.337363
100.741364,69,1765.474071
4.506681,76,1765.623801
0.760158,78,1765.779979
2.405987,94,1765.965576
0.446768,74,1766.112562
105.681736,69,1766.24913
1.881159,69,1766.388572
1.675245,76,1766.551317
3.24413,93,1766.738405
2.836059,66,1766.868752
5.205861,63,1766.991388
2.254761,65,1767.120455
2.429617,82,1767.282013
1.537463,69,1767.417131
-0.008082,98,1767.606902
101.86304,58,1767.722073
103.329232,76,1767.886479
4.202486,64,1768.012918
4.085081,80,1768.167029
-0.06806,122,1768.416254
101.786088,41,1768.49409
4.508415,67,1768.625931
-0.208027,80,1780.118369
3.079904,66,1780.265171
-0.177666,110,1780.488023
4.738195,63,1780.61455
2.666716,63,1780.739554
1.174543,68,1780.877719
3.783095,63,1781.003437
1.997626,84,1781.174378
1.681964,86,1781.348659
1.664856,68,1781.489854
1.244419,74,1781.640715
3.779787,70,1781.785866
0.89973,70,1781.92773
4.452573,77,1782.086988
4.389956,71,1782.230769
2.827712,85,1782.40584
4.879886,82,1782.569899
2.851361,66,1782.705451
4.787195,64,1782.836575
3.111412,64,1782.96632
1.981326,95,1783.156814
0.300987,1000,1796.474233
4.512447,64,1796.608681
3.094927,65,1796.739567
5.306896,64,1796.88464
4.491649,66,1797.027147
2.903561,68,1797.174237
1.643512,74,1797.339887
2.668004,63,1797.474901
1.871282,88,1797.653879
101.187595,84,1797.825571
3.246377,71,1797.974785
0.484601,73,1798.122889
0.888793,72,1798.284939
3.415302,66,1798.417547
2.837835,79,1798.580525
2.855896,67,1798.72179
103.851988,79,1798.884153
4.308047,68,1799.016512
100.869385,43,1799.0982
2.211186,68,1799.2447
4.301607,64,1799.369017
3.191531,62,1799.48822
4.833212,67,1799.620835
0.032931,82,1811.168932
101.39236,83,1811.337856
2.781398,68,1811.470963
3.10744,74,1811.624062
0.603122,83,1811.800037
3.021181,64,1811.9254
0.857977,99,1812.128588
0.309565,80,1812.296612
1.958885,72,1812.443378
105.367187,64,1812.58607
4.880343,75,1812.736529
4.080893,87,1812.919572
102.701817,81,1813.087567
104.129567,83,1813.253615
4.50186,70,1813.392327
1.10597,81,1813.554454
4.606923,61,1813.680642
2.160803,68,1813.827945
2.037171,69,1813.974432
2.447271,73,1814.119927
-0.126929,109,1814.337565
1.968465,79,1814.49247
102.039485,88,1814.673893
3.848603,63,1814.800787
2.782003,68,1814.935231
0.001171,1000,1828.509413
102.25715,91,1828.694056
3.131168,65,1828.820713
-0.259137,116,1829.041651
1.821309,89,1829.216088
0.871139,81,1829.374048
105.304982,65,1829.499573
0.015762,136,1829.762517
0.88208,70,1829.897658
2.613467,85,1830.085746
-0.1354,92,1830.263816
2.674818,70,1830.400097
1.272004,72,1830.54136
4.229846,61,1830.660511
0.098989,1000,1843.909675
3.577814,76,1844.061799
0.702353,74,1844.211089
105.400124,72,1844.356888
101.491636,88,1844.537514
104.413069,59,1844.657599
-1.039292,96,1844.848575
-0.097957,1000,1858.182647
5.063994,69,1858.318206
2.340809,68,1858.456102
3.110731,65,1858.591044
0.782488,72,1858.741025
0.410932,76,1858.89904
2.939924,83,1859.08095
1.453195,79,1859.238694
101.883762,75,1859.391184
1.507428,82,1859.555343
3.913906,65,1859.685075
1.509978,75,1859.84094
3.051497,65,1859.97323
5.703585,61,1860.096887
3.7573,64,1860.225874
104.238193,59,1860.363857
100.844568,62,1860.48991
1.155057,76,1860.646459
0.675197,93,1860.836923
102.586724,59,1860.95569
2.944369,65,1861.090011
1.588481,72,1861.232355
3.917838,65,1861.364159
3.343384,72,1861.507718
3.077821,64,1861.634234
102.050661,76,1861.785561
2.899887,60,1873.233156
3.217117,69,1873.371027
3.286728,67,1873.505731
2.672682,66,1873.635265
2.082237,67,1873.770805
5.382746,68,1873.90548
0.389886,1000,1875.941635
1.43102,81,1876.104854
3.689765,73,1876.253502
2.342004,67,1876.384358
1.126341,70,1876.528365
1.172055,97,1876.720422
0.707049,66,1876.85302
4.449402,63,1876.977354
103.658747,66,1877.109236
101.139607,79,1888.644671
3.079182,69,1888.782361
4.177503,87,1888.958726
101.847838,53,1889.064034
4.790078,66,1889.195427
3.157385,67,1889.338928
2.966753,100,1889.544129
2.47455,65,1889.677577
2.409304,68,1889.819063
2.808525,72,1889.967974
2.959423,86,1890.139882
-0.945043,91,1890.330451
2.511572,67,1890.465588
4.024566,64,1890.595276
1.688283,68,1890.728085
1.113828,71,1890.872833
0.487242,95,1891.06354
1.072415,76,1891.228321
2.469951,66,1891.360891
4.208135,85,1891.533544
4.136172,67,1891.667688
4.927468,67,1891.802764
101.329155,50,1891.907813
1.006397,87,1892.079324
2.54337,65,1892.209679
0.848219,88,1892.384323
3.873297,87,1892.560276
3.830794,85,1892.742463
0.820609,87,1904.236893
100.913323,135,1904.508022
1.237371,80,1904.663845
1.767914,93,1904.847074
2.432354,72,1905.002896
4.022631,68,1905.136304
2.739443,67,1905.277888
1.771068,82,1905.438945
1.90491,84,1905.605811
2.292274,88,1905.777337
4.500303,72,1905.923877
2.284185,76,1906.07195
101.083088,89,1906.251498
4.826803,67,1906.385057
0.855361,70,1906.530541
3.732275,65,1906.67675
101.404094,83,1906.847202
4.013782,93,1907.036726
3.374456,70,1907.180155
3.899848,64,1907.313967
1.926801,69,1907.456435
3.525069,66,1907.589648
5.006776,63,1907.7147
0.281336,93,1907.915685
3.678164,62,1908.043355
2.050135,70,1908.188681
4.14588,64,1919.833499
4.823016,77,1920.002012
1.392373,73,1920.146451
4.986987,70,1920.28314
4.167905,62,1920.405278
2.01813,71,1920.551987
2.503322,87,1920.728509
1.655029,85,1920.903169
-0.740589,165,1921.230662
1.319977,70,1921.368923
5.749435,66,1921.500099
3.143116,65,1921.628258
3.492271,73,1921.773037
2.181049,67,1921.906963
2.181582,75,1922.05824
101.584739,103,1922.257324
0.324746,1000,1936.013352
1.530702,82,1936.223331
1.981119,68,1936.365964
0.104676,158,1936.697304
4.654043,61,1936.822337
3.496797,82,1936.987061
2.778113,86,1937.168777
1.354343,89,1937.360179
0.962572,93,1937.576108
3.678875,70,1937.710099
1.079792,71,1937.853533
1.951199,71,1937.994099
101.899745,51,1938.11437
2.735586,68,1938.26692
1.165312,81,1938.447182
1.507999,65,1938.592905
104.344933,81,1938.76948
101.354248,66,1938.920258
104.73268,79,1939.088233
3.284177,67,1939.230618
1.49646,73,1939.388751
1.39096,148,1939.700925
1.067465,91,1939.89203
-0.291722,108,1951.862855
0.584551,80,1952.038517
2.035739,69,1952.186146
3.624816,72,1952.330816
3.215955,89,1952.511306
3.458389,72,1952.659806
1.601747,83,1952.824111
1.443621,78,1952.98033
1.495009,86,1953.150566
1.693994,86,1953.325311
4.321603,65,1953.486003
-0.001407,1000,1955.505905
2.942017,64,1955.633619
102.332117,63,1955.759118
3.192516,70,1955.89964
0.637214,99,1967.507379
4.379267,68,1967.640077
4.305849,69,1967.778563
3.53695,64,1967.905812
0.921935,72,1968.053019
2.746858,88,1968.230109
101.111886,103,1968.442094
3.955725,88,1968.612875
2.333758,87,1968.783656
0.833486,79,1968.948175
2.967157,67,1969.087646
4.105397,74,1969.237157
0.094697,102,1969.447325
5.864445,67,1969.58941
1.921731,85,1969.761312
3.86881,67,1969.891815
4.16974,75,1970.036139
1.680689,83,1970.209876
1.712745,75,1970.356109
101.739107,84,1970.523821
2.071663,67,1970.667798
-1.478725,97,1970.85799
101.498139,96,1971.045265
0.128744,114,1971.264992
101.020564,56,1971.374481
3.305583,68,1982.786111
102.787223,87,1982.953157
-0.716777,93,1983.131023
1.13142,68,1983.266768
1.281859,70,1983.405773
101.134977,70,1983.544642
2.080327,68,1983.676489
1.715606,73,1983.821111
1.744131,75,1983.967731
101.064278,83,1984.128968
2.496154,68,1984.26083
2.035669,69,1984.412791
5.075522,70,1984.553247
5.420938,64,1984.679799
5.103272,67,1984.811409
3.687724,75,1984.957351
2.504034,69,1985.093868
0.403533,573,1986.247774
4.47521,70,1986.386828
4.887354,63,1986.510365
2.875169,73,1986.65199
4.728438,63,1986.775443
101.553029,71,1998.433312
0.70904,69,1998.573437
0.541075,71,1998.711945
3.652305,60,1998.82941
102.041136,73,1998.971466
4.885337,65,1999.098019
-2.035327,104,1999.308035
0.704308,88,1999.490193
4.897062,63,1999.616523
1.107769,81,1999.780148
3.787421,73,1999.926268
2.379443,69,2000.06923
101.785449,81,2000.233489
0.396908,1000,2002.265959
1.002516,80,2002.43176
0.640429,71,2013.891482
6.014967,66,2014.027105
0.681867,1000,2016.059273
100.938201,189,2016.437973
3.896312,77,2016.59124
3.823515,67,2016.724479
102.367712,63,2016.849913
2.280441,86,2017.024346
2.578796,77,2017.175258
0.865665,71,2017.31693
2.638911,82,2017.483647
1.681616,82,2017.648587
101.990899,81,2017.814093
1.12931,82,2029.472088
0.937831,70,2029.612721
4.563109,64,2029.739009
100.824623,89,2029.919608
100.793004,78,2030.074427
4.990348,63,2030.199748
1.199224,77,2030.3513
-0.31173,140,2030.650362
-0.547373,91,2030.829002
3.102696,63,2030.953049
1.423275,92,2031.135833
101.179866,97,2031.327028
1.166789,90,2031.504352
3.984649,66,2031.636336
4.291221,65,2031.764914
0.441608,86,2031.936475
2.784258,65,2032.068532
3.594768,64,2032.210944
103.825229,55,2032.320308
3.816382,71,2032.459157
100.493334,72,2032.603635
104.989281,61,2032.726778
100.746899,59,2032.844495
2.848914,82,2033.01636
5.590585,73,2033.162365
3.94596,84,2033.332338
3.509868,80,2033.491496
3.605171,63,2044.87218
-0.288399,237,2045.363752
2.513968,68,2045.501433
4.30297,82,2045.663188
2.145443,82,2045.824526
3.439105,87,2046.002266
101.57105,127,2046.254918
100.494891,59,2046.372606
100.932039,106,2046.586749
1.183837,70,2046.725348
1.657014,68,2046.864096
0.375571,81,2047.027194
4.175563,62,2047.154157
2.014288,80,2047.315093
3.848577,65,2047.446115
102.109362,46,2047.542154
0.586147,76,2047.697728
3.276349,102,2047.914216
2.836805,71,2048.056344
102.525315,79,2048.216256
1.316665,71,2048.361126
3.259749,66,2048.495985
-1.366166,122,2048.752269
2.199322,66,2048.883858
1.384763,80,2060.340955
100.301083,74,2060.501481
3.79081,67,2060.632939
0.054466,85,2060.807304
3.268567,83,2060.980361
2.472933,71,2061.127975
1.801627,92,2061.316682
102.294869,45,2061.408648
1.736578,89,2061.583133
3.062216,73,2061.729611
-0.862215,90,2061.907881
-0.333215,108,2062.128584
3.308362,72,2062.27338
101.173829,55,2062.385061
2.773109,61,2062.506963
4.175357,63,2062.634627
1.51908,83,2062.804641
4.799531,62,2062.933615
102.031771,74,2063.084737
103.587218,61,2063.204139
104.32686,62,2063.325085
5.503802,63,2063.45428
0.807769,84,2063.620923
2.18277,68,2063.754467
1.581299,63,2063.87817
0.050031,1000,2077.294453
2.623047,78,2077.458066
2.920241,65,2077.584412
0.837142,77,2077.737539
-2.256758,113,2077.964906
2.773357,61,2078.091934
2.951914,66,2078.224486
0.745196,70,2078.364603
0.478326,75,2078.514225
2.081016,76,2078.664595
0.081624,1000,2092.095085
3.614754,85,2092.267413
3.596953,70,2092.410343
100.795146,75,2092.562657
100.889466,68,2092.69443
1.379546,83,2092.859979
1.902269,69,2093.016181
3.26951,62,2093.142392
2.40498,87,2093.312694
2.674961,73,2093.458925
2.978799,87,2093.635295
2.826571,67,2093.768911
0.217245,81,2093.931871
1.066916,107,2094.14905
3.935041,67,2094.283332
4.274413,73,2094.43093
101.679257,65,2094.582324
0.236672,97,2094.778788
0.726118,79,2094.935452
3.390439,82,2095.10462
100.282458,38,2095.17718
4.507637,64,2095.30705
4.402332,67,2095.438676
0.561984,73,2106.940882
2.599205,80,2107.112328
1.274092,73,2107.254388
3.346519,71,2107.396233
2.714625,76,2107.550393
1.154986,83,2107.712052
0.930975,92,2107.894896
3.202187,67,2108.039058
2.330572,67,2108.173176
101.818933,63,2108.300831
4.449401,75,2108.454889
1.840277,81,2108.618249
3.967489,62,2108.744717
2.73349,74,2108.891194
3.583556,78,2109.047623
5.125217,63,2109.173644
4.362699,70,2109.312048
3.316074,76,2109.457983
4.105987,83,2109.618837
1.724419,72,2109.761222
0.480633,75,2109.907606
100.585722,26,2109.957025
1.688457,78,2110.114539
1.787154,69,2110.248575
4.015458,172,2110.590631
2.440753,63,2110.713462
1.401377,86,2110.882782
0.445956,88,2122.363575
3.781784,65,2122.494749
5.3726,63,2122.622659
0.514072,81,2122.784517
2.403955,90,2122.965888
3.046243,87,2123.140355
3.514957,71,2123.287749
1.077245,116,2123.536114
-0.37653,100,2123.73477
2.178393,84,2123.903739
-0.140488,116,2124.139998
4.943749,73,2124.280272
1.340572,71,2124.417043
3.00294,68,2124.552299
4.793425,62,2124.675071
0.244973,88,2124.848028
3.299812,80,2125.005973
0.329687,1000,2138.196658
2.029352,62,2138.312543
2.057612,78,2138.462895
101.408954,93,2138.647085
3.731896,64,2138.77009
5.352018,62,2138.892824
3.555432,64,2139.021869
1.904649,69,2139.161003
2.462101,68,2139.300507
1.998149,70,2139.442727
4.777633,66,2139.592632
4.959234,63,2139.723772
1.172952,77,2139.882242
102.546647,49,2139.979289
103.396106,90,2140.164814
1.058466,86,2140.341661
101.645296,85,2140.515991
101.650126,65,2140.647608
-0.287127,91,2140.834739
1.477578,73,2140.993087
-0.089892,83,2141.159766
2.928378,69,2141.301764
2.193089,71,2141.446091
100.111507,12,2141.472625
0.78052,93,2141.667054
100.670282,88,2153.167446
0.720151,76,2153.31733
2.836969,68,2153.451876
4.935009,70,2153.591966
1.162926,133,2153.854306
2.700853,156,2154.161456
103.99537,60,2154.27819
1.603841,84,2154.442335
2.901969,65,2154.567064
104.292181,62,2154.687608
100.62297,303,2155.273767
4.210716,86,2155.444536
3.568696,66,2155.573547
0.581752,67,2155.706533
0.706921,97,2155.901382
2.505618,78,2156.057195
0.574844,78,2156.216863
1.475556,70,2156.355083
2.866025,68,2156.496809
4.086813,64,2156.621904
0.687323,74,2156.772649
3.244622,69,2156.911868
3.844388,70,2157.047234
2.059012,86,2168.491495
2.913776,67,2168.622486
0.842678,100,2168.821357
3.677204,64,2168.947459
0.199627,1000,2170.967134
-0.620999,94,2171.155858
4.904712,84,2171.322151
2.978814,59,2171.45
3.809754,66,2171.589378
3.584528,70,2171.726576
0.371273,185,2172.094117
3.690512,65,2172.222373
1.943946,105,2172.435907
2.335329,81,2183.871647
0.563504,78,2184.020009
102.104781,64,2184.14662
4.627426,83,2184.308288
4.318154,76,2184.46423
101.821871,78,2184.619835
105.230116,81,2184.780938
102.927745,75,2184.928556
3.399747,68,2185.063975
2.957054,65,2185.20434
2.716266,66,2185.338023
-0.510687,181,2185.704914
-0.027003,112,2185.934952
6.140687,70,2186.075406
2.805947,68,2186.210144
104.550287,84,2186.375831
0.710732,75,2186.546027
4.850316,76,2186.700837
102.640529,74,2186.849784
0.329986,1000,2200.204213
0.839606,116,2200.438034
3.752299,68,2200.58045
2.233879,78,2200.740462
0.119071,105,2200.965442
2.411477,69,2201.102246
5.647383,64,2201.232657
3.967233,89,2201.418069
3.736228,64,2201.553523
4.061539,66,2201.697148
2.528937,66,2201.855201
1.209788,87,2202.052057
2.367682,77,2202.213034
4.957307,80,2202.37576
2.699875,79,2202.533025
101.426398,84,2202.703357
3.50024,64,2202.831077
4.052977,66,2202.966599
1.498427,67,2203.099219
100.442231,943,2216.49959
103.624421,60,2216.61853
3.003302,65,2216.743619
103.375584,57,2216.858855
3.009722,67,2216.98949
101.104331,63,2217.114627
2.102779,69,2217.247459
3.748672,75,2217.407513
104.341469,72,2217.543175
1.033828,72,2217.681136
6.062528,71,2217.819438
101.148046,78,2217.967207
101.4419,53,2218.0701
3.330413,193,2218.452868
5.704627,62,2218.575288
5.072734,63,2218.702718
101.683806,105,2218.919591
4.629347,63,2230.4049
2.566267,71,2230.544029
103.359148,59,2230.662719
1.130598,79,2230.823138
4.780058,72,2230.965089
100.662172,80,2231.131219
-0.903877,98,2231.358382
1.552719,70,2231.515166
3.250651,68,2231.655727
3.160173,73,2231.805076
3.719563,61,2231.927631
4.147266,62,2232.056007
0.607939,1000,2234.100065
3.139241,66,2234.235302
0.914425,90,2234.420903
102.785962,71,2234.561139
3.627532,66,2246.19891
2.648391,68,2246.330152
2.050176,80,2246.488104
2.404814,87,2246.656717
1.084886,109,2246.877942
4.276309,78,2247.041296
101.398204,60,2247.162199
2.6663,91,2247.339381
101.507014,44,2247.430762
5.190116,63,2247.556738
4.304206,83,2247.720752
2.960027,67,2247.854182
0.921072,76,2248.004372
3.523652,76,2248.158146
2.819405,74,2248.329447
2.552937,68,2248.470755
2.134381,87,2248.653038
3.879026,65,2248.784792
1.91546,72,2248.931786
4.675936,69,2249.07301
4.175934,62,2249.197992
4.544367,66,2249.330998
3.599714,67,2249.466179
4.297281,79,2249.624691
0.425123,172,2249.982628
102.970695,65,2250.109589
100.650317,66,2250.239819
2.837298,68,2261.752799
4.249316,65,2261.884494
100.90042,49,2261.98069
4.813859,80,2262.14045
0.988474,71,2262.295115
101.412136,104,2262.501575
4.069778,69,2262.643698
0.469041,88,2262.820767
5.873763,63,2262.948415
1.742795,85,2263.119108
3.477481,82,2263.286104
4.005204,64,2263.413967
2.832418,66,2263.546377
-0.193913,1000,2265.54388
2.848006,80,2265.705549
2.480588,64,2277.285025
0.77388,75,2277.436463
2.483522,68,2277.573733
3.759078,75,2277.724988
4.274231,85,2277.897314
0.72421,1000,2279.919945
1.662709,71,2280.057082
3.029459,86,2280.226527
101.375707,47,2280.321051
1.961175,70,2280.458155
1.68828,64,2280.587025
2.115351,95,2280.779305
3.29052,89,2280.954798
0.428787,72,2281.098326
0.932748,70,2281.238059
4.311918,66,2292.651826
-0.888089,96,2292.865937
2.466263,75,2293.01491
1.102013,104,2293.218112
0.341114,82,2293.377182
5.198386,71,2293.517343
102.75611,63,2293.645295
0.820029,1000,2295.650965
101.376858,64,2295.776465
100.758094,76,2295.923993
101.245823,80,2296.08287
101.239325,39,2296.158977
5.301132,63,2296.287161
-0.13571,99,2296.488397
-0.983575,136,2308.476183
1.337659,72,2308.618113
101.461719,97,2308.818702
0.348106,77,2308.971558
3.281705,67,2309.106125
3.116659,76,2309.259826
101.6798,56,2309.375823
4.479015,64,2309.505004
0.092675,75,2309.667772
2.4786,69,2309.804965
3.094779,70,2309.940377
1.973735,72,2310.08348
103.13212,53,2310.194054
101.306584,71,2310.344353
4.176192,63,2310.473327
4.611384,65,2310.605406
3.530876,64,2310.732953
103.456761,58,2310.847949
3.172234,67,2310.979461
101.570988,59,2311.097584
0.939006,73,2311.257983
3.144492,65,2311.385614
100.544152,69,2311.52243
3.110327,67,2311.66141
0.154891,1000,2325.037063
2.443083,76,2325.186675
3.691638,81,2325.34619
1.04669,111,2325.562889
0.39937,102,2325.765753
2.635331,70,2325.902836
4.672539,63,2326.025896
101.92025,70,2326.166239
104.666541,69,2326.322092
101.556877,77,2326.477887
3.847402,66,2326.611715
2.27857,64,2326.739936
0.015337,96,2326.931696
5.510604,63,2327.061281
2.496129,65,2327.191536
4.084012,67,2327.326631
3.458269,75,2327.51719
2.908327,67,2327.696218
2.967635,66,2327.865322
2.893969,67,2327.999204
1.769545,75,2328.149097
4.905497,79,2339.813639
4.438866,59,2339.937968
1.405645,66,2340.075895
3.040416,71,2340.22467
3.145027,63,2340.356624
0.26212,83,2340.53221
1.574998,84,2340.703285
4.173891,75,2340.872383
3.924377,74,2341.029809
3.769836,67,2341.165465
102.888634,65,2341.297485
101.223133,66,2341.43964
3.850679,67,2341.577956
4.887758,73,2341.727483
4.311151,75,2341.879964
2.055556,69,2342.024298
0.761355,79,2342.178933
102.012921,55,2342.292495
-0.501616,188,2342.675592
4.177958,62,2342.802581
1.554005,96,2342.998278
4.446763,98,2343.190536
1.979008,69,2343.32583
3.685343,86,2343.497168
2.826265,77,2343.652768
1.22463,75,2343.807993
0.640588,80,2355.410855
4.463445,65,2355.551757
1.953071,69,2355.693891
1.391928,82,2355.861092
0.861421,73,2356.007249
4.657166,166,2356.354365
101.500531,62,2356.483996
102.868323,75,2356.636624
3.525247,95,2356.831104
2.857992,83,2357.006109
0.002263,103,2357.21482
2.328641,64,2357.34686
3.768856,88,2357.527635
2.638028,86,2357.703252
4.391042,82,2357.875154
1.360022,74,2358.029169
102.840946,78,2358.192853
100.384689,114,2358.428992
101.430494,71,2358.574638
100.952187,61,2358.702603
4.694473,64,2358.837521
3.14847,62,2358.967531
2.412154,91,2359.153177
0.059864,91,2359.342879
102.547547,49,2359.450406
5.149047,63,2370.956138
0.547685,92,2371.15437
1.716541,79,2371.312283
102.491872,59,2371.430431
100.952678,75,2371.584118
4.188971,61,2371.706639
3.121415,66,2371.83835
101.965812,66,2371.971998
3.509613,61,2372.094571
5.14939,86,2372.283515
2.921286,66,2372.414095
4.437275,87,2372.590697
-1.290691,107,2372.805583
1.730906,95,2372.986386
101.152522,74,2373.131894
1.680867,84,2373.295264
102.622572,81,2373.452739
3.473248,83,2373.620362
0.50893,1000,2386.999844
101.178654,89,2387.178399
4.988246,67,2387.309942
2.39127,69,2387.448008
3.185114,62,2387.575541
101.135148,68,2387.716495
1.578581,67,2387.847941
3.73649,65,2387.981655
2.093702,69,2388.120099
0.220585,106,2388.327741
1.757666,78,2388.478952
2.109413,71,2388.618876
5.683956,72,2388.760133
100.508616,63,2388.888448
0.76709,85,2389.055012
4.632151,62,2389.174655
2.712702,60,2389.290879
2.761215,60,2389.409617
5.527452,63,2389.538672
-0.08439,96,2389.729429
3.723445,88,2389.89925
3.282363,82,2390.063474
3.728532,64,2390.193376
2.754266,81,2390.350405
5.819746,63,2390.473876
101.178757,69,2402.034427
101.158188,63,2402.155515
3.611519,68,2402.288311
4.485616,87,2402.459985
5.414654,82,2402.624995
1.003601,91,2402.806196
104.256084,59,2402.921653
103.645608,62,2403.050698
3.932408,88,2403.22415
2.58337,65,2403.350247
0.19133,75,2403.517056
3.181668,73,2403.66527
3.575825,66,2403.797291
-0.551901,93,2403.984915
5.21206,63,2404.113449
100.414916,33,2404.180673
4.964364,80,2404.342041
100.022621,57,2404.45349
4.395258,101,2404.653677
0.8697,73,2404.812496
2.232268,72,2404.956058
5.488633,80,2405.117406
1.372984,85,2405.28725
4.845943,63,2405.410094
3.153097,68,2405.542638
-0.014722,90,2405.729436
1.76061,83,2405.893961
-0.0593,1000,2419.506049
3.762594,62,2419.628606
2.83836,70,2419.767268
4.560428,62,2419.889309
101.19041,86,2420.06352
0.976694,72,2420.205037
-0.482619,137,2420.482761
4.414933,67,2420.613113
3.211655,82,2420.772074
101.144682,102,2420.972597
4.568049,91,2421.163008
102.100884,85,2421.335314
102.535458,63,2421.462074
4.019708,61,2421.585986
3.400511,65,2421.714559
1.367737,68,2433.121129
101.036074,50,2433.225577
2.074797,65,2433.37254
-0.502513,199,2433.77304
0.647907,92,2433.956975
2.296808,66,2434.092845
103.427043,78,2434.251067
1.048553,74,2434.402419
5.857122,68,2434.541885
0.754093,76,2434.698598
3.589574,67,2434.832452
3.311304,66,2434.968578
3.022327,69,2435.105957
2.370272,69,2435.246622
4.03988,64,2435.380774
3.706809,82,2435.546437
3.84401,66,2435.67454
3.400069,65,2435.804677
4.617787,68,2435.938466
1.29725,84,2436.106708
4.328632,78,2436.265542
1.841377,75,2436.413038
2.17312,75,2436.55895
1.210396,69,2436.700076
101.91505,46,2436.790985
102.219402,66,2436.926946
3.918823,66,2437.058932
4.426858,86,2448.490311
2.07,76,2448.637376
1.883975,66,2448.763117
0.357492,70,2448.903713
1.432381,91,2449.086147
3.903569,64,2449.211656
4.087591,61,2449.33635
2.08942,69,2449.477232
1.321514,72,2449.61793
4.059244,66,2449.759612
3.486213,65,2449.889956
103.719451,57,2450.005265
1.049585,72,2450.150701
-0.49463,136,2450.420736
-0.538121,81,2450.585107
4.06413,66,2450.716012
1.159616,113,2450.942703
4.38892,83,2451.108938
2.667209,62,2451.23643
2.187113,71,2451.384753
1.792357,68,2451.524201
2.797187,64,2451.659371
3.299501,67,2451.795885
2.46056,71,2451.943565
3.00381,67,2452.083727
2.952883,68,2452.226536
105.840364,65,2452.366035
0.147848,81,2452.536573
3.315649,71,2463.946078
103.282555,62,2464.072167
4.683326,64,2464.202731
1.501727,69,2464.340537
4.734247,68,2464.481934
3.169394,68,2464.616459
3.076295,60,2464.740426
3.829859,64,2464.873095
3.866016,103,2465.078182
-1.97088,99,2465.281166
0.365923,83,2465.447338
4.080663,61,2465.567332
5.077143,69,2465.705978
1.596384,66,2465.834392
2.075418,85,2466.005724
2.707272,68,2466.138778
0.480139,1000,2479.427252
5.307351,67,2479.561897
2.693531,67,2479.709765
2.543623,82,2479.87494
3.75323,69,2480.012822
102.318382,60,2480.142788
100.840756,50,2480.244245
3.101941,67,2480.378894
4.328298,97,2480.571024
105.006707,68,2480.704814
3.566993,77,2480.85515
0.985402,111,2481.083164
2.306353,68,2481.21741
101.617256,102,2481.424416
101.274375,116,2481.651
0.121374,1000,2494.923293
101.940406,46,2495.018703
1.430973,73,2495.170492
104.985297,62,2495.296999
3.852603,78,2495.473257
4.564578,69,2495.610259
-2.019594,85,2495.780716
-1.926317,111,2495.998961
1.575305,74,2496.144799
3.553016,65,2496.277048
1.493662,72,2496.418182
4.592317,70,2496.554933
0.080627,96,2496.748291
2.021864,68,2496.88028
3.585394,64,2497.005069
1.228325,74,2497.154824
3.887321,64,2497.282706
101.824694,59,2497.421588
2.624656,66,2497.555051
100.473732,61,2497.678595
1.500871,81,2497.840753
2.599847,67,2497.97249
5.832497,65,2498.10259
-1.150769,92,2498.287334
2.621103,61,2498.413462
100.885908,78,2498.567258
0.072208,98,2498.765235
1.867942,77,2510.23603
103.200066,65,2510.365908
0.316448,80,2510.528503
2.334812,67,2510.666003
2.564719,68,2510.810339
-0.400558,86,2510.980863
0.421035,77,2511.133921
103.281734,73,2511.28661
0.058172,81,2511.450899
3.317683,64,2511.590885
-0.810796,88,2511.770291
2.663892,85,2511.940773
2.721554,78,2512.096454
2.282283,70,2512.236634
3.620716,60,2512.354236
1.781266,74,2512.500548
101.007435,60,2512.622127
100.962058,57,2512.737649
0.609245,82,2512.91933
102.550729,63,2513.045288
2.136803,89,2513.22293
3.723197,63,2513.35195
2.633009,64,2513.483627
0.246028,99,2513.67691
2.448999,69,2513.813867
0.288188,77,2513.968873
3.12964,63,2514.096805
0.605536,141,2525.753188
3.297947,86,2525.921861
1.658915,78,2526.080214
100.662309,62,2526.204877
1.734455,91,2526.388111
3.432501,80,2526.550513
100.858208,67,2526.687465
100.455915,78,2526.852661
1.16812,94,2527.042156
1.05051,84,2527.217632
1.162816,81,2527.379501
5.016778,65,2527.513761
4.748578,66,2527.645371
3.790111,89,2527.824696
104.571878,74,2527.974516
3.791337,68,2528.113422
2.931569,75,2528.265566
3.351736,90,2528.449527
4.243409,70,2528.591676
103.675114,60,2528.716472
0.818297,73,2528.865228
0.415875,77,2529.021284
1.670433,71,2529.163769
5.2062,63,2529.295371
3.709769,66,2529.430644
101.653306,51,2529.536019
1.614135,78,2529.689338
100.787187,65,2541.200404
3.023171,68,2541.341765
100.611773,85,2541.508788
2.79113,82,2541.670225
4.401433,68,2541.811856
4.828414,71,2541.96975
100.973281,854,2543.691293
3.706773,70,2543.828434
3.112555,64,2543.956607
3.043483,89,2544.130908
1.694448,77,2544.294035
103.447966,55,2544.409205
3.258114,70,2544.549325
5.130202,70,2544.690077
3.777873,64,2544.815709
100.331095,116,2545.060962
4.841668,63,2545.187256
3.966369,70,2545.333205
1.64288,71,2556.706589
-0.911633,199,2557.111307
3.697934,81,2557.274018
3.275839,69,2557.409852
101.32395,95,2557.60238
5.578537,80,2557.757554
2.881205,60,2557.880868
1.423351,73,2558.025632
2.990913,68,2558.1624
3.035714,77,2558.313884
1.535514,72,2558.455902
103.852625,72,2558.598366
3.015074,87,2558.774502
102.084022,42,2558.858949
0.544041,94,2559.044269
0.395207,91,2559.229418
-2.370276,106,2559.439685
104.665773,69,2559.583381
5.651073,72,2559.729031
0.761643,82,2559.893395
3.213647,79,2560.051937
2.882466,67,2560.198811
100.957092,109,2560.418747
100.662783,60,2560.535822
4.893977,69,2560.674748
101.042472,91,2572.153257
4.987055,63,2572.282392
1.911594,65,2572.414411
-2.370567,96,2572.610783
0.904781,75,2572.760174
3.145069,64,2572.886522
2.049617,71,2573.031715
1.46158,70,2573.189428
0.950656,81,2573.353223
1.614819,87,2573.530361
0.183591,1000,2575.557312
101.11172,64,2575.702565
101.553261,51,2575.807366
101.951299,62,2575.930956
5.204984,67,2576.065962
0.918097,74,2587.485314
1.815241,70,2587.634711
4.671633,99,2587.83054
1.218082,99,2588.026884
4.539693,60,2588.145844
3.623703,82,2588.308341
1.878366,82,2588.470179
101.002276,59,2588.589271
3.87917,65,2588.716125
2.744111,83,2588.881784
5.345503,63,2589.005286
100.722014,59,2589.123143
4.941167,69,2589.262118
1.047471,72,2589.406591
3.08031,65,2589.534625
1.851161,76,2589.685064
1.592221,71,2589.829013
4.873353,66,2589.960408
3.025954,65,2590.094779
4.898408,86,2590.263544
4.70892,64,2590.387723
-0.626851,115,2590.613738
5.410661,60,2590.730052
103.390065,58,2590.845257
4.584364,64,2590.970895
101.719184,61,2591.093838
3.449422,64,2591.219925
1.655074,77,2591.373453
3.697444,67,2602.857882
102.629493,64,2602.990773
2.822529,69,2603.130178
102.610016,57,2603.246561
1.365913,73,2603.396567
-1.86694,439,2604.31309
101.032963,67,2604.448168
5.617086,89,2604.629916
-2.555977,128,2604.885071
3.732151,64,2605.01818
3.23716,100,2605.221861
2.752217,59,2605.343454
100.961844,84,2605.528855
0.990114,68,2605.666678
5.094255,81,2605.831115
4.881835,73,2605.975767
0.7957,84,2606.149143
0.515497,115,2606.392914
5.180225,76,2606.550135
106.216785,76,2606.700579
4.417363,63,2606.829578
4.364052,71,2606.974344
1.467131,124,2618.576504
101.162599,82,2618.740193
106.070331,67,2618.872447
2.146125,62,2618.997523
3.352465,62,2619.122356
4.794218,63,2619.250382
0.408941,88,2619.424873
100.377651,55,2619.541063
1.124193,66,2619.676421
-1.019201,79,2619.835382
5.41667,67,2619.967927
3.497981,65,2620.101331
4.406769,64,2620.22993
3.118924,65,2620.361237
100.903344,61,2620.48322
100.274969,20,2620.523521
6.08145,70,2620.664287
0.365812,82,2620.827049
-1.723995,94,2621.013183
1.267368,73,2621.159557
5.056955,69,2621.298595
3.60131,73,2621.443064
3.713164,61,2621.567426
102.025063,62,2621.691897
0.457673,100,2621.891182
0.015958,94,2622.077913
1.444214,85,2622.243548
102.69411,55,2622.352273
3.412764,95,2633.950341
3.940284,64,2634.083035
106.071583,64,2634.219776
-0.185085,1000,2636.333956
5.210469,73,2636.487173
102.54351,49,2636.591948
2.41756,69,2636.735348
0.37907,72,2636.887661
3.396548,87,2637.071636
1.609191,84,2637.245272
2.56851,68,2637.399429
1.564807,71,2637.544303
105.725868,75,2637.694735
4.469255,61,2637.817943
1.781868,82,2637.988941
3.541597,60,2638.117859
2.76199,69,2649.483036
4.655874,64,2649.627232
4.078966,64,2649.759321
0.703808,74,2649.91298
2.669019,72,2650.06454
2.472221,62,2650.194238
1.899761,71,2650.34101
0.257766,1000,2652.403133
100.996238,39,2652.483859
0.286832,1000,2666.021123
3.481966,66,2666.16069
4.229971,91,2666.356436
3.490734,60,2666.480159
3.575287,82,2666.648942
3.224905,62,2666.776983
100.383202,69,2666.917696
101.753501,67,2667.053042
2.51823,60,2667.175406
104.162459,61,2667.304834
1.509704,86,2667.493638
2.653319,59,2667.614334
101.62447,64,2667.749639
1.465803,83,2667.921914
104.004864,58,2668.039847
1.924398,73,2668.187193
2.5214,84,2668.360317
1.424828,83,2668.531307
4.641813,63,2668.659638
103.069771,67,2668.798139
1.291581,74,2668.949306
4.864,80,2669.116948
-0.637109,367,2681.103729
100.879968,77,2681.260948
3.934452,71,2681.409221
1.201834,98,2681.608852
4.59754,64,2681.742894
1.573675,72,2681.886415
1.440804,77,2682.037869
3.667385,66,2682.168842
101.272838,79,2682.322389
2.489317,75,2682.483313
101.646489,44,2682.573409
3.196092,64,2682.701221
1.18038,91,2682.880297
3.189322,71,2683.023247
103.655225,70,2683.162267
0.942695,92,2683.350747
2.025982,70,2683.487017
0.154418,82,2683.644734
1.876827,97,2683.83622
2.774248,94,2684.021416
-0.34126,1000,2697.315064
2.098723,60,2697.438963
4.887691,92,2697.62697
1.87114,72,2697.774796
3.532693,67,2697.914639
-0.173027,97,2698.117766
4.915324,76,2698.282065
0.405989,1000,2711.512659
4.207794,82,2711.671958
102.609315,72,2711.814318
100.649716,51,2711.911898
101.278344,63,2712.040711
0.122654,103,2712.265048
100.510146,29,2712.321363
3.65504,68,2712.461454
4.718028,64,2712.591009
1.340176,93,2712.779517
105.898384,76,2712.931509
4.043265,66,2713.062043
0.681311,87,2713.232311
3.461988,77,2713.381281
2.406586,71,2713.518797
1.280913,80,2713.677627
1.939394,112,2713.894025
3.393416,66,2714.019115
-2.125704,148,2714.305199
1.705393,82,2714.46462
4.118193,85,2714.633978
-0.338333,92,2714.811797
4.424658,61,2714.930108
2.197617,69,2715.06099
1.161905,83,2715.221035
104.087088,58,2715.345418
2.702607,64,2715.483553
5.92028,66,2726.901021
102.108279,67,2727.036911
3.737084,68,2727.170339
1.824873,92,2727.35808
0.806342,86,2727.530836
4.234673,81,2727.709827
3.238109,67,2727.851907
100.954777,72,2728.002676
2.800749,70,2728.147159
3.575454,87,2728.326352
2.197098,77,2728.48609
2.271762,71,2728.632039
1.883608,70,2728.775873
-0.846317,124,2729.031521
5.002056,68,2729.16111
0.507526,79,2729.317877
4.871515,69,2729.45886
3.741171,65,2729.587763
3.11863,62,2729.708985
1.988735,78,2729.862974
1.98369,70,2729.998831
3.589987,65,2730.127105
2.044132,82,2730.293662
3.854958,79,2730.447264
4.040878,84,2730.610293
4.989044,63,2730.746825
103.428624,63,2730.868225
0.273998,81,2742.435366
101.569128,62,2742.563561
104.862737,69,2742.706895
2.348898,76,2742.856483
4.002302,65,2742.983219
3.444377,87,2743.159298
2.330976,77,2743.311177
-0.301163,95,2743.5012
3.332851,70,2743.641507
2.994484,70,2743.779322
101.006463,75,2743.92349
2.480528,68,2744.05445
100.780365,78,2744.208631
2.887406,78,2744.367716
101.047987,35,2744.44206
3.029838,67,2744.58035
3.650642,67,2744.712871
105.625188,79,2744.86695
-1.879479,106,2745.078487
1.033567,112,2745.304455
1.490079,69,2745.440027
4.923272,61,2745.566935
-0.704353,90,2745.740907
1.41582,113,2745.968175
2.236356,65,2746.098615
4.628942,62,2746.222847
2.376873,71,2746.372944
2.325337,67,2757.855985
2.335503,71,2757.999633
1.531623,94,2758.190768
102.383055,62,2758.316009
2.945066,71,2758.462055
5.190864,73,2758.612749
2.061928,65,2758.756818
4.58086,61,2758.883289
103.2691,81,2759.044058
101.150934,58,2759.158239
2.345283,84,2759.32459
101.871618,57,2759.43831
3.709703,88,2759.609514
1.554654,70,2759.745318
0.648439,113,2759.965204
3.437657,68,2760.103404
4.229777,59,2760.225101
0.379101,79,2760.399887
1.906442,98,2760.59928
3.601283,71,2760.746997
2.063278,60,2760.870317
101.175079,57,2760.992172
4.69662,62,2761.119386
2.986135,75,2761.287862
4.983601,91,2761.474347
5.506995,86,2761.654174
2.125651,63,2761.783658
-0.703746,109,2773.135457
1.97376,70,2773.287591
2.532507,88,2773.466662
4.02933,77,2773.620232
101.026357,61,2773.742141
100.650982,75,2773.893314
103.461749,60,2774.014382
2.045905,70,2774.149953
100.947751,79,2774.298378
-0.323227,100,2774.488472
2.070616,85,2774.653136
4.619292,79,2774.803321
4.131089,60,2774.921107
0.438988,93,2775.102611
2.066984,84,2775.267817
3.917891,67,2775.399717
4.024201,63,2775.521194
0.967959,76,2775.67889
1.249441,76,2775.826836
103.86934,73,2775.964129
1.453312,70,2776.108505
2.66471,70,2776.25045
101.75763,54,2776.36011
3.968075,66,2776.4947
3.424664,70,2776.639869
3.662123,64,2776.77407
1.203697,93,2776.965352
1.318314,79,2777.127583
-0.896163,96,2788.657647
3.952934,66,2788.79228
3.347015,83,2788.958504
100.505678,56,2789.065612
2.764833,69,2789.198687
3.614168,89,2789.380762
3.532955,70,2789.519027
1.144075,82,2789.679448
5.592292,89,2789.85722
3.490217,66,2789.988197
101.158522,62,2790.106906
102.444772,55,2790.214104
4.28461,62,2790.350789
101.505253,63,2790.470816
2.449076,70,2790.607629
2.097488,64,2790.737594
-1.801626,537,2791.780466
102.247583,79,2791.93315
2.491715,72,2792.076164
1.897141,75,2792.228191
5.467906,61,2792.356962
1.398913,76,2792.517541
101.873666,66,2803.96858
1.324594,73,2804.110103
2.209565,66,2804.247221
100.974103,67,2804.375079
1.757841,84,2804.550037
2.241082,71,2804.693758
1.943866,77,2804.848446
1.141935,78,2805.001713
0.504139,80,2805.162527
3.400584,65,2805.297059
2.789155,69,2805.436804
1.212395,92,2805.626644
104.739587,70,2805.76929
101.143569,55,2805.879922
2.432257,88,2806.058523
1.243782,75,2806.205581
3.331298,59,2806.323047
3.671455,71,2806.464508
2.114238,71,2806.607115
100.97606,30,2806.668744
0.563958,85,2806.837891
102.401108,56,2806.948359
4.058682,60,2807.066246
2.356494,61,2807.188953
3.372025,66,2807.315573
4.150915,64,2807.439468
1.701502,72,2807.582563
5.291055,104,2807.796184
3.067107,81,2807.96636
1.010134,66,2819.600873
4.157364,65,2819.731674
3.275267,65,2819.862919
3.929812,65,2819.995761
4.552638,71,2820.142609
2.84912,72,2820.293256
1.934266,85,2820.466997
2.796385,67,2820.603823
103.656747,59,2820.72822
1.421194,83,2820.894037
1.106701,113,2821.117621
3.497134,66,2821.263103
100.87504,185,2821.637415
1.202404,71,2821.784581
5.60891,67,2821.926355
-0.100007,83,2822.095707
4.132574,78,2822.257612
2.491298,65,2822.390145
4.825677,67,2822.530345
2.631444,75,2822.686013
0.284504,1000,2835.885464
0.981684,72,2836.035111
3.342688,90,2836.212873
101.748645,95,2836.401201
4.293834,100,2836.600078
3.054722,62,2836.721807
2.391229,78,2836.877062
3.414489,61,2836.999884
102.358096,67,2837.136502
2.713968,69,2837.274329
0.705304,73,2837.419227
1.770481,75,2837.572276
3.338871,76,2837.720813
2.634185,69,2837.860613
3.837081,64,2837.988393
4.944373,90,2838.175486
4.346567,92,2838.365573
2.351626,69,2838.507498
-1.576921,145,2838.835871
1.895201,69,2838.975654
3.374651,64,2850.284108
103.732478,59,2850.409203
0.626008,96,2850.615262
100.504586,143,2850.908225
0.32158,86,2851.085602
2.490041,71,2851.229057
3.698955,73,2851.381043
0.590705,79,2851.541628
103.339755,58,2851.660326
3.730027,66,2851.796935
1.96651,70,2851.939922
1.854957,71,2852.084368
4.70502,77,2852.239096
1.865682,81,2852.405171
-0.132697,110,2852.628474
101.845771,67,2852.764624
1.256062,89,2852.962781
3.18711,72,2853.109234
1.606536,72,2853.254397
3.389774,64,2853.381155
4.915437,72,2853.524523
3.182526,74,2853.667831
101.765231,66,2853.793435
1.563663,75,2853.940096
1.966026,78,2854.092462
3.498573,69,2854.226645
1.640064,67,2854.35707
1.316618,150,2866.089322
4.952633,80,2866.249679
4.081296,71,2866.390759
1.942759,69,2866.543294
1.786046,90,2866.71852
3.066254,87,2866.888627
1.047845,140,2867.163381
101.869581,74,2867.304815
105.67622,73,2867.452259
3.395002,84,2867.615891
5.272834,61,2867.732523
103.610959,72,2867.915487
1.333263,85,2868.141838
-1.535766,104,2868.361613
5.499816,95,2868.547426
103.893381,67,2868.679491
102.733074,73,2868.821119
4.870723,66,2868.948606
1.320297,90,2869.124715
2.994993,63,2869.247974
3.709828,71,2869.385736
0.708259,92,2869.566234
3.295296,68,2869.698994
2.991294,60,2869.819731
0.89798,92,2881.58323
0.555683,88,2881.764298
3.865002,87,2881.934039
1.963119,77,2882.082873
104.02683,54,2882.19185
4.497312,69,2882.337969
100.892859,52,2882.441396
3.847396,64,2882.567777
2.570674,65,2882.701563
0.25528,84,2882.881073
3.723288,81,2883.054724
3.197526,93,2883.246058
4.445912,63,2883.375726
2.790314,68,2883.51664
2.493214,68,2883.656574
2.142388,80,2883.819836
3.746602,68,2883.968034
4.307456,67,2884.102024
4.023603,76,2884.2571
1.895206,74,2884.4083
4.65515,93,2884.596526
102.003336,62,2884.728556
3.759295,68,2884.873524
1.948504,92,2885.067766
4.757426,64,2885.196454
3.607389,68,2885.335421
2.110884,70,2885.477371
2.390105,67,2885.611884
5.64818,62,2885.752834
1.169943,84,2897.169389
101.439709,79,2897.330276
1.72424,78,2897.490673
101.39237,90,2897.68624
103.322921,53,2897.788979
100.833912,67,2897.918344
3.508476,68,2898.049563
101.145235,91,2898.230981
1.515016,76,2898.380009
4.15678,67,2898.509768
3.300841,75,2898.661729
3.83278,72,2898.803689
2.043578,75,2898.953416
1.730601,91,2899.132715
100.813508,64,2899.278584
101.869431,79,2899.430037
4.350152,99,2899.620218
3.580722,93,2899.809241
1.171094,144,2900.09176
3.651678,96,2900.276171
3.934511,61,2900.399929
1.407014,90,2900.574147
1.316688,85,2900.739961
2.78258,76,2900.893608
3.477727,67,2901.036002
4.053676,67,2912.431292
5.416032,61,2912.553988
4.609187,65,2912.682108
102.951789,57,2912.807781
101.028154,80,2912.966399
3.662489,68,2913.10382
1.877487,67,2913.23866
0.764502,69,2913.375433
1.233868,73,2913.523497
5.41372,82,2913.68411
4.187651,72,2913.826829
3.937889,102,2914.031942
100.670903,44,2914.124211
103.382861,70,2914.263722
3.788203,67,2914.402273
5.145799,89,2914.587684
4.922871,106,2914.800682
1.816346,69,2914.948322
1.349371,75,2915.106766
1.104949,76,2915.258687
2.194395,60,2915.380189
0.09109,86,2915.548585
101.419132,61,2915.670598
1.018526,79,2915.826975
1.779744,72,2915.967772
3.4964,66,2916.121946
3.923666,66,2916.248921
2.848654,73,2916.395723
-0.073513,87,2927.760391
0.200114,103,2928.029659
1.224843,88,2928.249816
103.689949,71,2928.385694
2.214032,66,2928.515844
4.058878,72,2928.660495
101.825685,86,2928.830295
1.84869,72,2928.972431
0.84687,78,2929.120932
1.980589,79,2929.274822
5.115362,66,2929.405854
101.037824,49,2929.503906
1.389711,87,2929.673655
2.092647,71,2929.81111
2.954514,75,2929.957604
102.27684,77,2930.109694
2.01056,80,2930.264934
1.023257,91,2930.440541
3.061261,63,2930.563721
4.578402,61,2930.680695
3.449281,66,2930.808182
3.223226,94,2930.990835
1.536412,72,2931.129835
3.966969,61,2931.246206
1.948966,86,2931.426662
2.423262,63,2931.547101
101.451652,52,2931.644718
-1.599599,221,2943.354252
3.032132,65,2943.487944
4.041596,67,2943.624996
1.939465,71,2943.77479
3.106102,77,2943.927719
2.032138,64,2944.053684
3.185176,92,2944.233424
4.644387,86,2944.40194
2.600713,71,2944.541638
3.761147,90,2944.722997
102.643191,61,2944.850382
1.823587,89,2945.032477
1.869168,85,2945.209831
103.273312,52,2945.317645
0.96536,75,2945.470584
3.898538,66,2945.603717
103.590489,73,2945.756056
-1.549784,360,2946.508616
104.27581,72,2946.657082
2.701085,69,2946.796257
1.564971,76,2946.943838
101.467353,70,2947.082438
101.724675,62,2947.203585
4.620556,67,2958.502582
102.280446,63,2958.627498
4.466613,68,2958.757863
2.037325,73,2958.914299
1.589914,140,2959.193133
2.67548,80,2959.349903
2.210016,59,2959.46197
4.142877,66,2959.592167
2.047005,74,2959.744545
2.061106,86,2959.912002
3.3368,68,2960.046219
0.119636,1000,2962.014472
0.564964,82,2962.177118
101.154095,78,2962.327436
102.324748,70,2962.480425
5.938367,66,2973.892978
2.396186,67,2974.021018
105.941288,65,2974.14988
3.140754,68,2974.28216
101.015981,61,2974.40201
1.923565,73,2974.54534
100.895605,456,2975.474355
2.736758,75,2975.627295
103.91503,70,2975.770799
101.221475,109,2975.980368
3.905049,61,2976.099728
4.425099,65,2976.224787
103.096573,76,2976.369489
1.265106,73,2976.536443
-0.421616,87,2976.710701
100.537004,91,2976.889555
-0.821336,96,2977.074999
3.085977,68,2977.222507
102.423223,76,2977.367714
102.077555,61,2977.491274
100.785173,89,2977.664694
2.506745,71,2977.803599
2.870363,82,2989.146513
0.730826,1000,2991.184462
4.514023,89,2991.367845
3.506509,65,2991.50004
4.760085,83,2991.666398
3.386403,62,2991.794575
2.277626,83,2991.95795
2.907578,80,2992.120386
4.270242,64,2992.245966
101.399848,73,2992.38315
4.926827,68,2992.515969
1.582855,74,2992.661467
0.394246,72,2992.805834
100.990974,95,2992.999152
5.063925,83,2993.167801
1.304582,76,3004.686953
4.085555,72,3004.828768
101.002631,32,3004.890813
3.740618,67,3005.022442
2.80385,94,3005.207893
103.667484,71,3005.346064
4.98937,96,3005.534941
2.418131,71,3005.671539
102.774679,73,3005.829678
2.885062,71,3005.974355
0.95805,77,3006.125618
3.461784,79,3006.281508
2.741341,82,3006.446883
101.337748,49,3006.538357
103.287003,64,3006.665876
103.412829,71,3006.808804
102.392155,47,3006.904963
0.193653,82,3007.06559
-1.753733,160,3007.379845
102.043874,67,3007.514179
2.575682,69,3007.652386
102.929247,50,3007.750311
2.39573,85,3007.916136
2.416809,81,3008.096749
3.987709,65,3008.222852
1.999069,77,3008.374758
3.438466,65,3008.506815
2.965257,61,3008.626032
1.28923,82,3020.085926
5.436829,65,3020.213852
3.503178,105,3020.416552
4.145005,79,3020.571234
5.009499,69,3020.706713
1.652674,72,3020.848156
2.511944,85,3021.032547
101.437509,84,3021.204111
2.15131,70,3021.345333
4.957887,67,3021.480182
2.963811,69,3021.621816
3.449728,72,3021.771177
1.496009,71,3021.920537
2.11479,62,3022.046646
100.763868,81,3022.228016
3.467913,61,3022.346515
0.501556,71,3022.486328
3.906724,66,3022.618151
100.704294,61,3022.740978
0.882616,77,3022.895918
3.08709,63,3023.021041
5.07545,65,3023.1505
2.523632,75,3023.297621
-1.919169,132,3023.566203
4.39079,65,3023.692254
3.24418,70,3023.827018
4.798759,90,3024.003719
1.125438,89,3035.50827
1.549811,80,3035.67753
-0.142577,124,3035.934599
101.046027,68,3036.07378
3.111543,69,3036.220532
2.111797,81,3036.38858
4.53887,66,3036.527575
5.312661,61,3036.666488
1.934433,73,3036.818137
4.095649,66,3036.950543
0.688354,78,3037.105032
2.409023,79,3037.260924
0.16456,71,3037.407367
106.178152,66,3037.537382
4.266503,91,3037.715501
2.708097,66,3037.847627
103.088046,64,3037.971761
4.7303,71,3038.112467
3.024202,82,3038.275537
2.107727,62,3038.396592
103.304756,54,3038.505541
4.513401,81,3038.663552
0.096709,80,3038.826135
5.372787,61,3038.945226
4.654435,67,3039.098929
101.464567,61,3039.215213
100.925786,76,3039.370028
4.385092,66,3039.502177
3.372691,60,3050.995256
104.220132,65,3051.131242
103.538226,76,3051.286297
1.523036,65,3051.417697
4.679949,91,3051.60655
3.497266,85,3051.77235
1.381161,80,3051.932698
5.530778,61,3052.055936
4.458887,73,3052.204672
4.804865,67,3052.341819
4.462656,66,3052.481328
3.887134,67,3052.613204
2.462068,72,3052.760622
5.259299,65,3052.8877
3.436993,100,3053.090156
4.59956,61,3053.206443
0.722671,106,3053.418495
104.932891,76,3053.569392
4.664769,87,3053.741529
2.388024,119,3053.978564
5.98282,66,3054.112429
5.085489,135,3054.377705
4.330128,64,3054.501225
3.214684,82,3054.66474
0.844279,89,3054.849396
5.076308,72,3054.996384
6.325289,65,3066.297316
0.93863,86,3066.473678
105.473028,77,3066.632223
5.285784,61,3066.773264
0.207494,82,3066.944924
1.571787,76,3067.102506
5.850678,72,3067.24992
101.747325,91,3067.443499
1.539731,70,3067.588704
3.468916,64,3067.721328
1.803433,75,3067.889296
5.090149,88,3068.077744
2.949912,74,3068.230496
3.125687,61,3068.354582
4.002957,76,3068.511278
3.408816,71,3068.651064
101.267482,73,3068.794207
1.37781,87,3068.968382
101.186839,35,3069.03759
3.247447,94,3069.220881
2.420445,69,3069.354043
3.204132,79,3069.511583
5.673398,79,3069.673234
1.761859,83,3069.843212
102.612535,72,3069.992779
4.263212,73,3070.147653
5.811302,70,3070.29128
-1.797428,143,3081.80199
1.775486,121,3082.051178
1.453366,113,3082.282377
100.751672,114,3082.52341
0.834563,81,3082.691609
100.969539,73,3082.851658
4.530947,76,3083.002528
5.676465,68,3083.134529
1.603346,68,3083.269629
2.456822,66,3083.401228
4.433587,65,3083.526064
3.16678,65,3083.651587
2.872727,67,3083.781943
1.619662,61,3083.90149
1.515426,71,3084.043094
100.934852,89,3084.219252
3.971689,68,3084.357787
4.619332,66,3084.504249
2.699853,73,3084.645321
1.815393,82,3084.809734
2.149233,69,3084.942691
1.479563,81,3085.102324
2.637366,60,3085.218603
2.753129,64,3085.348991
-0.003037,95,3085.536794
1.981917,93,3085.719034
1.088804,79,3097.159796
4.673777,81,3097.316776
100.999767,70,3097.453548
104.001331,73,3097.59894
1.507297,71,3097.741479
0.136584,92,3097.918717
0.597868,81,3098.076215
3.013975,72,3098.216686
100.050825,111,3098.432921
0.881687,85,3098.603733
1.679132,71,3098.754432
2.072862,66,3098.88231
2.803771,76,3099.028772
0.440326,76,3099.180117
105.713035,76,3099.324444
3.371498,78,3099.478205
3.925459,74,3099.628353
4.173057,64,3099.758991
1.737206,71,3099.896779
5.184803,68,3100.03151
3.169023,70,3100.192997
100.510218,69,3100.328565
1.642167,74,3100.472896
0.960583,113,3100.695963
1.312059,80,3100.852711
4.07739,66,3100.986524
100.887671,158,3112.615721
3.968532,90,3112.815595
3.302936,68,3112.957107
102.054564,62,3113.082417
4.199983,60,3113.207629
102.78498,66,3113.349333
2.086732,73,3113.505537
-0.48025,152,3113.829531
-0.276191,145,3114.135543
5.141591,68,3114.277719
4.518708,64,3114.408816
4.366945,62,3114.542219
101.208197,85,3114.717978
0.943617,170,3115.06937
4.377571,66,3115.202452
1.046731,70,3115.345179
100.877144,53,3115.455959
100.668736,91,3115.640744
0.662309,88,3115.824657
3.532567,119,3116.070315
4.775174,64,3116.206806
1.590996,100,3116.41181
105.591888,73,3116.559412
101.234312,95,3127.955941
3.974606,66,3128.087554
4.595722,67,3128.225482
100.846821,33,3128.293874
0.204501,87,3128.474772
1.351036,78,3128.647201
100.711355,62,3128.77915
2.989557,64,3128.912549
4.752561,66,3129.046408
2.794866,69,3129.190417
2.02644,71,3129.3382
3.266067,66,3129.473938
1.983975,71,3129.621746
3.784455,60,3129.748519
-0.055109,86,3129.917944
1.501129,74,3130.077694
100.224287,15,3130.106344
3.016415,93,3130.295246
100.176426,175,3130.636128
2.247412,62,3130.758143
103.744945,56,3130.889189
102.267005,65,3131.016361
4.755854,79,3131.178581
4.300246,62,3131.305865
0.51792,68,3131.448339
1.713397,70,3131.595567
-3.121714,336,3143.499305
100.770765,53,3143.608096
3.603739,67,3143.748467
3.662907,63,3143.878661
1.610066,75,3144.034438
4.345878,64,3144.167628
102.20614,71,3144.323435
-1.51154,139,3144.597397
102.873603,80,3144.754379
104.043041,73,3144.894789
0.811285,79,3145.051902
1.433186,69,3145.194753
1.644197,79,3145.357525
3.722269,68,3145.498812
100.532433,74,3145.65209
1.984348,61,3145.774637
1.655763,65,3145.910846
3.569161,77,3146.069099
-0.044868,524,3147.171218
1.024677,97,3147.374506
1.337676,72,3147.524477
0.666296,76,3158.913779
103.899122,72,3159.063683
103.603768,78,3159.220005
1.94339,59,3159.335109
1.418293,81,3159.495554
104.47458,74,3159.639174
0.028444,1000,3161.633171
4.389602,91,3161.823542
100.937722,74,3161.975482
3.271365,70,3162.117223
0.924144,95,3162.314432
2.272775,63,3162.445185
1.979294,69,3162.58602
100.85623,85,3162.775623
3.169526,66,3162.912186
4.520741,66,3174.263303
4.554223,64,3174.393439
1.110911,73,3174.545965
1.633979,86,3174.735799
3.602128,160,3175.048206
0.587011,78,3175.202731
104.138125,73,3175.349987
1.777951,76,3175.501892
101.707239,98,3175.69213
4.089222,78,3175.845802
101.838835,72,3176.001388
0.121928,1000,3177.980925
101.231053,74,3178.126757
1.395067,69,3189.623527
103.608025,76,3189.785323
0.222225,83,3189.957776
-0.275291,90,3190.138621
5.657741,61,3190.264978
4.51066,65,3190.398812
101.41907,80,3190.562929
0.769672,75,3190.730927
4.725503,60,3190.855672
1.124742,72,3191.001515
2.600859,72,3191.14837
5.660556,63,3191.289448
4.395618,75,3191.443059
1.562313,79,3191.605901
2.993216,66,3191.746949
101.73899,94,3191.939703
3.949106,66,3192.079096
103.568219,56,3192.195974
102.136935,87,3192.370352
1.75777,84,3192.547579
5.347054,63,3192.677424
103.498671,79,3192.858525
4.574267,70,3193.002555
-0.169175,84,3193.175067
4.465674,61,3193.302032
4.725646,81,3193.467626
0.103268,74,3193.619844
4.066224,62,3193.749996
2.354351,61,3205.079253
2.056686,74,3205.238155
3.524421,72,3205.381916
2.301323,79,3205.537961
4.54623,64,3205.667057
101.833628,80,3205.824656
3.265363,73,3205.971708
1.783203,70,3206.117024
101.224347,212,3206.548609
3.60813,64,3206.681319
1.936596,79,3206.845681
1.442092,81,3207.012524
4.618584,84,3207.185169
3.094504,64,3207.316392
5.05914,71,3207.459196
1.019939,78,3207.618477
104.680651,69,3207.760565
0.849844,272,3208.334902
105.731639,64,3208.462191
102.69956,72,3208.608989
3.697769,68,3208.746855
1.005972,72,3208.900553
2.886882,67,3209.0398
4.709844,71,3209.185002
102.939212,76,3220.515915
3.06435,67,3220.65512
3.006991,86,3220.835575
104.98737,63,3220.964703
4.961072,63,3221.100324
0.792846,74,3221.254508
102.777028,75,3221.409595
1.136008,75,3221.568507
0.137467,82,3221.737145
2.862679,71,3221.882863
0.900622,1000,3223.909415
3.779081,64,3224.037132
0.970507,80,3224.192227
1.476075,73,3224.33747
101.245891,59,3224.477031
102.314317,74,3224.619641
2.595297,61,3235.954598
104.409596,73,3236.108507
1.411247,65,3236.255631
1.501806,77,3236.404943
-0.743846,98,3236.599863
102.348566,67,3236.727762
1.175394,78,3236.884164
4.092842,64,3237.017839
0.060326,179,3237.366335
1.957683,71,3237.507397
4.355561,88,3237.679417
3.891155,73,3237.822434
5.955691,62,3237.945919
100.840789,87,3238.118353
101.946892,77,3238.289984
4.340968,63,3238.417971
104.596061,62,3238.551673
101.516505,82,3238.722812
2.623431,68,3238.862366
2.467,96,3239.065258
101.83489,66,3239.202591
102.42063,73,3239.355211
3.152784,66,3239.494469
4.597553,60,3239.616717
4.09364,92,3239.805909
2.690794,69,3239.938711
-0.346593,120,3251.562328
1.981547,65,3251.691751
101.20029,63,3251.818893
101.70027,58,3251.93465
3.19263,70,3252.07782
2.699994,80,3252.241983
4.013522,69,3252.38354
1.768478,62,3252.511801
1.595937,81,3252.688759
2.777637,65,3252.820472
4.903817,68,3252.963474
101.332084,122,3253.211368
100.026546,5,3253.222111
4.218263,80,3253.385848
100.973448,88,3253.569567
100.724895,82,3253.7353
2.816463,71,3253.875938
100.567233,76,3254.024723
1.801806,76,3254.175941
2.570291,70,3254.310868
1.635335,70,3254.447094
3.194336,67,3254.579813
100.46868,758,3267.356445
4.079875,81,3267.528617
4.035288,64,3267.662881
3.833625,62,3267.803287
1.922592,80,3267.969933
102.243214,68,3268.110144
103.710613,67,3268.248511
0.945032,67,3268.386491
101.303457,80,3268.550842
2.426838,66,3268.689503
3.970287,80,3268.851746
4.433278,73,3269.022458
102.626036,53,3269.133081
3.218527,61,3269.258535
0.620681,77,3269.415289
101.56986,56,3269.53223
4.201065,74,3269.685318
2.779763,71,3269.829211
100.912391,51,3269.932547
5.21545,63,3270.058207
2.3625,73,3270.208187
1.392669,80,3270.375383
3.953854,71,3270.5245
0.453849,101,3270.747144
2.589483,85,3270.923444
1.586532,78,3282.346079
3.650183,68,3282.498084
3.923611,61,3282.622034
1.259079,89,3282.805538
-2.094789,124,3283.06324
1.528395,75,3283.222278
102.387763,45,3283.315749
101.27832,81,3283.484461
1.643478,69,3283.625275
0.669396,74,3283.780871
2.984727,67,3283.914431
4.176678,66,3284.055854
4.517214,69,3284.198033
102.477799,72,3284.348784
0.608071,68,3284.489643
1.046312,74,3284.636655
4.415021,84,3284.810097
2.772583,80,3284.963758
3.243676,70,3285.10201
3.961009,66,3285.230081
3.303496,85,3285.394595
0.441727,141,3285.668475
103.840408,71,3285.80555
1.459665,83,3285.965232
0.751852,77,3286.134064
3.52587,82,3286.295377
104.84131,59,3286.409954
3.644215,84,3297.857899
3.560813,66,3297.994431
3.126004,68,3298.131276
-0.032447,100,3298.332155
5.230812,64,3298.477921
4.107284,85,3298.655764
2.450518,84,3298.828723
100.402699,339,3299.504913
3.53019,71,3299.644437
1.703592,69,3299.776945
3.512605,84,3299.948169
100.514117,44,3300.037015
3.830641,75,3300.187822
102.642281,61,3300.312354
5.080337,87,3300.483498
4.012768,62,3300.606717
2.014214,71,3300.745819
3.223788,76,3300.900669
2.711341,69,3301.039076
101.837347,52,3301.141983
1.213937,89,3301.323244
3.210855,59,3301.444075
3.297659,72,3301.592765
101.644703,67,3301.729156
-0.110491,98,3313.192177
1.843861,71,3313.333237
4.450647,66,3313.468539
1.33364,88,3313.649602
103.313192,76,3313.803906
1.171647,70,3313.946428
0.709636,90,3314.129575
3.735653,69,3314.268373
4.189698,63,3314.397286
2.380974,71,3314.540158
3.082848,74,3314.70295
4.019302,61,3314.824371
104.367718,62,3314.949744
0.414682,107,3315.167503
102.9667,52,3315.273436
5.134652,65,3315.410113
3.930079,67,3315.552659
100.914303,45,3315.644801
100.868551,84,3315.818035
4.376747,84,3315.993306
101.609116,38,3316.070162
4.951827,62,3316.194557
2.525997,90,3316.379413
101.997552,64,3316.509333
2.255836,69,3316.653461
4.054211,73,3316.802006
101.353034,74,3316.95261
102.423024,52,3317.059554
100.924292,67,3317.200381
101.743192,76,3317.362545
1.914044,60,3328.725981
2.291063,66,3328.867737
4.773031,66,3329.005197
101.165191,73,3329.156362
2.346574,70,3329.302879
4.364548,63,3329.428953
-0.976536,99,3329.62833
3.995493,64,3329.763697
1.678726,90,3329.946277
2.759537,66,3330.085274
4.993751,100,3330.294459
-0.012376,83,3330.463515
105.193314,66,3330.612806
101.403891,90,3330.796454
1.927059,87,3330.978499
100.757129,71,3331.12404
1.315736,91,3331.309358
3.298586,60,3331.433488
103.653404,57,3331.551819
102.614899,68,3331.694228
103.270101,65,3331.826842
0.613513,109,3332.051545
5.225568,87,3332.24003
-0.388546,199,3332.661944
1.243836,155,3344.276092
2.459227,96,3344.469046
2.212872,63,3344.587993
3.773233,70,3344.743196
3.497807,63,3344.86473
2.166074,80,3345.030165
3.121659,65,3345.160789
5.836101,69,3345.303718
101.303951,74,3345.452288
2.157968,70,3345.593214
4.099996,73,3345.744774
101.029277,66,3345.880408
102.181371,53,3345.990521
102.052255,79,3346.154642
2.005351,72,3346.305638
3.158928,61,3346.431466
6.002518,77,3346.592018
102.807411,56,3346.704064
2.953687,60,3346.833714
2.741738,68,3346.973024
3.76818,80,3347.138
1.694679,74,3347.290418
4.837668,63,3347.426338
2.913156,77,3347.589506
0.32204,110,3347.816852
0.990978,60,3347.943762
2.765318,77,3348.10448
2.912712,59,3348.224146
105.080079,64,3348.358252
3.933995,108,3359.808265
2.539131,70,3359.949893
101.136643,89,3360.13341
3.812633,76,3360.289403
4.161672,64,3360.421637
1.032577,83,3360.590171
105.105939,68,3360.728071
4.015115,81,3360.890946
101.015031,280,3361.471391
0.290317,89,3361.653611
4.456751,65,3361.787452
101.690663,52,3361.89142
1.181256,81,3362.054697
3.517947,68,3362.192736
3.695004,69,3362.334343
2.657226,60,3362.457662
104.785762,67,3362.592807
3.409359,65,3362.724535
103.332775,53,3362.832308
3.390081,68,3362.974262
3.792511,66,3363.109543
3.600146,67,3363.24594
-0.485826,243,3363.746252
4.171702,61,3375.143192
0.662077,70,3375.284485
3.244726,68,3375.425288
4.085477,89,3375.621176
3.544497,69,3375.767448
102.56033,60,3375.88973
101.304158,60,3376.01543
0.902304,79,3376.178452
3.761105,70,3376.321091
2.070876,68,3376.463762
2.238557,70,3376.608302
4.262133,60,3376.733806
3.966493,86,3376.908777
3.267335,70,3377.053005
1.016081,71,3377.201928
3.974947,68,3377.349677
1.445566,67,3377.485268
4.554761,72,3377.632305
3.238161,70,3377.77428
104.061958,67,3377.910641
3.911064,60,3378.034999
1.363561,104,3378.241433
3.830094,67,3378.384245
4.047628,65,3378.515584
4.206828,80,3378.681592
1.070781,101,3378.898027
0.928854,77,3379.055694
-0.198419,94,3379.252045
2.292705,73,3390.628046
103.753948,54,3390.734878
3.721333,60,3390.849983
3.74592,63,3390.973094
4.438186,98,3391.170255
0.441041,77,3391.339167
5.674726,63,3391.470272
4.366678,59,3391.591519
0.486601,74,3391.751966
-2.812404,130,3392.021207
2.577033,81,3392.184858
1.950012,67,3392.322084
2.936622,78,3392.482618
2.054479,91,3392.672856
4.383819,62,3392.80072
0.781121,80,3392.964044
105.12156,61,3393.084094
-2.964726,121,3393.346658
1.220131,75,3393.500192
0.96044,87,3393.678597
2.70414,70,3393.825139
1.684222,101,3394.028083
1.351265,86,3394.203289
3.973367,75,3394.361327
5.141719,61,3394.48802
0.965988,77,3394.645531
103.843542,57,3394.759027
3.392952,62,3406.074374
3.100651,78,3406.251922
1.31386,68,3406.391462
101.793956,62,3406.516105
1.415097,84,3406.688022
3.990561,69,3406.832141
103.635733,65,3406.96691
0.279597,247,3407.481269
3.562232,60,3407.605705
100.911422,299,3408.23854
-0.220934,94,3408.427898
103.46761,61,3408.549836
2.3424,71,3408.694638
2.309097,81,3408.85761
1.114989,91,3409.044614
3.791036,67,3409.181438
100.888119,70,3409.324585
2.130059,65,3409.457671
101.255862,47,3409.554607
2.773358,60,3409.677132
3.984505,72,3409.833007
2.5475,82,3410.000863
4.71146,61,3410.132415
5.584356,78,3421.420198
1.306977,83,3421.58423
1.95157,72,3421.723942
100.286445,73,3421.864838
2.54222,75,3422.034517
101.573682,81,3422.192703
100.534222,40,3422.277399
2.438014,74,3422.431735
100.982295,91,3422.618455
101.012396,104,3422.834865
105.30908,75,3422.993655
3.504168,194,3423.396947
100.944523,160,3423.720395
1.276545,106,3423.933293
4.828905,73,3424.085114
3.879859,71,3424.227325
1.504394,84,3424.396979
101.424925,70,3424.539325
1.633224,68,3424.681093
2.72744,67,3424.816888
0.324934,132,3425.089301
4.394689,63,3425.21948
100.977177,67,3425.352154
4.466222,70,3425.502069
101.686932,77,3436.914938
101.337163,49,3437.015749
2.444053,67,3437.167047
2.648063,72,3437.31065
-0.530606,83,3437.482803
0.696464,65,3437.616551
3.838174,70,3437.763235
-0.168087,136,3438.042059
0.655984,511,3439.050212
104.397956,68,3439.179402
3.599691,60,3439.301648
1.732899,72,3439.445874
2.356101,61,3439.569443
4.74152,60,3439.684252
4.932643,70,3439.81873
3.362468,68,3439.95521
4.570115,82,3440.113851
100.236558,29,3440.17363
4.672492,62,3440.295548
4.575142,89,3440.468854
3.091189,64,3440.598522
101.800498,95,3440.781639
0.996254,78,3452.175259
3.243251,68,3452.304209
5.02631,111,3452.525998
-2.47663,144,3452.817824
3.026212,85,3452.988858
100.316901,55,3453.102761
1.317369,102,3453.307288
-0.159145,97,3453.503555
101.029811,69,3453.643813
103.230475,53,3453.749953
106.1527,67,3453.884841
1.948845,70,3454.028554
102.208416,57,3454.145262
1.448402,68,3454.294854
5.518299,62,3454.426645
2.017823,74,3454.577456
4.042732,71,3454.72389
100.997238,146,3455.027322
102.408848,71,3455.167324
5.316016,76,3455.318732
1.860468,85,3455.485172
103.380123,66,3455.612463
2.481298,75,3455.771188
1.768682,85,3455.962434
3.323174,90,3456.150349
2.042207,69,3456.300297
4.704541,92,3467.625291
5.072371,62,3467.744229
3.294316,59,3467.860809
101.683893,81,3468.020988
100.465809,76,3468.210948
100.769744,71,3468.35526
4.49756,77,3468.504434
3.702723,73,3468.646875
104.271497,57,3468.758392
4.185245,61,3468.88062
3.876396,65,3469.010497
3.306622,82,3469.178291
1.837531,72,3469.319332
1.486854,63,3469.442931
4.20864,62,3469.567393
3.820953,68,3469.70216
4.452182,70,3469.841438
4.564379,87,3470.009805
3.648682,61,3470.137477
101.139259,72,3470.276487
3.509203,105,3470.481831
1.816125,59,3470.59898
3.367823,61,3470.721189
2.977571,69,3470.86079
4.043218,65,3470.987117
100.908715,82,3471.156075
3.289698,66,3471.291176
3.875002,62,3471.417047
2.457033,70,3471.561758
1.123656,111,3483.020454
1.611155,62,3483.144376
4.660626,68,3483.295216
4.218037,62,3483.418831
1.272962,77,3483.570564
104.100304,58,3483.683972
4.582715,64,3483.810398
4.925876,68,3483.954225
4.515612,79,3484.112803
4.413739,78,3484.270477
2.886216,86,3484.437109
2.592581,67,3484.568025
3.58796,60,3484.692787
100.966205,69,3484.84249
101.01619,82,3485.023132
1.80404,76,3485.179242
4.417861,79,3485.340123
101.634884,60,3485.464534
1.950692,82,3485.632386
2.085878,82,3485.796431
-0.213325,96,3485.982421
4.413796,102,3486.186724
3.772999,129,3486.46364
-0.265526,83,3486.63603
4.564896,74,3486.787929
-0.370443,1000,3500.033888
4.344143,73,3500.185695
1.474998,82,3500.355575
1.080915,77,3500.51245
105.237457,66,3500.665129
3.726185,65,3500.799919
1.999254,82,3500.966867
100.82856,81,3501.133577
102.311733,54,3501.24365
-0.278372,92,3501.434861
4.125388,60,3501.558841
3.323671,65,3501.69043
4.715382,78,3501.847882
101.499338,73,3501.997534
3.580275,76,3502.153489
3.144373,59,3502.270406
101.858769,71,3513.653241
100.738391,86,3513.827521
2.572149,66,3513.96352
5.358567,66,3514.10087
1.978424,85,3514.275717
3.549242,71,3514.419348
-1.411863,97,3514.621073
4.832377,67,3514.768732
104.551683,82,3514.947026
100.791208,99,3515.153835
3.906001,72,3515.309047
103.319044,76,3515.46464
4.725509,82,3515.635514
2.004424,88,3515.820442
1.243249,61,3515.945961
6.007385,78,3516.109483
3.170673,73,3516.259972
101.462475,87,3516.443506
1.300562,64,3516.573929
103.210236,76,3516.729285
5.229688,65,3516.862309
2.466613,72,3517.007712
2.569988,61,3517.135571
102.090571,60,3517.256568
0.246185,78,3517.41468
5.70304,79,3517.579296
104.710702,62,3517.706294
1.442089,77,3517.8699
101.463373,98,3529.443508
5.237911,63,3529.573314
101.574505,54,3529.686645
102.300704,77,3529.848161
101.125124,76,3530.003148
5.239818,86,3530.177842
101.49457,55,3530.299093
100.991061,97,3530.499885
102.158566,76,3530.65533
4.191269,72,3530.803183
5.22056,62,3530.94406
3.889476,66,3531.080498
1.628084,77,3531.239844
2.612023,72,3531.386349
1.646062,72,3531.536844
2.850635,62,3531.667428
4.040353,67,3531.804948
3.650098,70,3531.948725
3.603618,65,3532.083189
3.92995,131,3532.354896
5.391892,85,3532.529845
2.686737,59,3532.652029
-0.505422,93,3532.845415
2.664371,60,3532.968224
3.632564,80,3533.136099
102.121133,66,3533.267344
100.62397,78,3533.438972
1.102991,81,3544.857785
4.951363,84,3545.03692
3.687432,94,3545.221393
102.234628,69,3545.358129
2.488058,87,3545.537275
4.254749,69,3545.672637
2.144222,68,3545.810084
5.108298,83,3545.971924
104.408062,64,3546.099133
1.414106,91,3546.270697
1.84637,70,3546.409598
3.155927,73,3546.550685
2.844146,79,3546.719815
3.657744,66,3546.849931
101.415884,136,3547.123122
101.238344,58,3547.240902
2.199996,73,3547.386762
102.296105,65,3547.515915
1.835699,75,3547.666021
5.351481,149,3547.957334
2.143125,74,3548.103428
3.007301,94,3548.289268
0.201366,95,3548.488523
0.183086,90,3548.662313
1.605376,79,3548.822153
4.814319,69,3560.170421
101.98755,68,3560.310695
3.537264,68,3560.449512
3.672685,60,3560.574242
101.249632,71,3560.730529
0.667274,96,3560.930079
102.352241,104,3561.144056
2.603449,84,3561.317718
4.318167,79,3561.481423
100.87334,132,3561.751158
5.181429,81,3561.907203
5.607978,83,3562.071146
102.738823,83,3562.234963
100.716887,86,3562.403267
2.819783,73,3562.551674
4.951449,68,3562.686509
4.411364,68,3562.822466
4.830328,84,3562.989651
3.43561,65,3563.117658
101.548438,61,3563.239108
1.282583,86,3563.40411
2.967114,73,3563.551388
1.606892,78,3563.702839
100.682455,54,3563.809619
3.642387,164,3564.133844
4.184456,71,3575.46604
101.306863,74,3575.609509
2.223332,69,3575.7458
4.756637,65,3575.876423
4.131233,68,3576.017716
-2.532718,134,3576.279796
101.52301,65,3576.40857
2.608158,68,3576.561247
3.847382,64,3576.692055
3.009014,69,3576.828989
3.154246,69,3576.961708
101.934652,67,3577.091181
1.194837,80,3577.251023
0.685923,88,3577.42001
103.414559,75,3577.568686
3.013777,61,3577.687052
0.17864,70,3577.825282
4.421501,65,3577.952827
0.236695,99,3578.151531
3.97872,61,3578.269449
101.222586,99,3578.465143
1.749527,76,3578.614438
5.410474,66,3578.748401
2.920349,69,3578.88413
0.783212,78,3579.043408
101.928698,64,3579.16702
1.877785,84,3579.328274
0.305135,85,3590.717951
1.78479,73,3590.864385
1.882616,82,3591.041575
3.32369,66,3591.17162
4.321526,61,3591.294188
101.558596,84,3591.458087
101.590713,70,3591.594955
100.565313,338,3592.262829
3.849835,61,3592.388401
100.926344,94,3592.582307
1.417915,62,3592.707886
0.164584,72,3592.868268
101.181852,77,3593.033206
3.944596,66,3593.170932
2.954498,73,3593.328454
-0.905135,96,3593.526206
101.471157,46,3593.621048
3.911352,75,3593.777173
104.384577,64,3593.906123
-0.411101,126,3594.149454
101.834535,96,3594.359574
101.030154,84,3594.528506
100.324222,66,3594.660853
103.209056,67,3594.789556
101.73122,68,3606.19875
1.634457,60,3606.31846
4.975517,104,3606.527495
2.514946,68,3606.659835
1.924628,71,3606.815127
2.77078,79,3606.973659
3.463215,83,3607.13763
106.135834,63,3607.264683
-0.675866,92,3607.443847
2.02463,108,3607.657786
103.251441,68,3607.791146
1.058367,78,3607.943045
3.704336,66,3608.072452
-2.00548,131,3608.352701
101.596879,88,3608.524814
1.686757,149,3608.814243
3.047915,68,3608.944402
103.099401,60,3609.062127
4.345846,64,3609.182516
102.330488,69,3609.323512
4.833188,63,3609.447353
2.461115,71,3609.582039
3.395358,85,3609.753139
103.036679,54,3609.855741
3.8736,59,3609.972325
1.603146,127,3621.513285
4.261369,95,3621.710216
3.138942,82,3621.878417
2.843384,59,3622.005363
4.140559,65,3622.148656
3.665007,200,3622.564588
1.601075,69,3622.721883
2.516297,83,3622.890421
3.444963,69,3623.032144
3.929688,61,3623.151701
3.45676,64,3623.278648
1.504173,87,3623.446369
4.434436,70,3623.585557
102.151837,43,3623.67025
4.705752,64,3623.801448
3.689607,141,3624.096302
4.375215,66,3624.230848
102.007973,46,3624.319582
4.782687,60,3624.444926
102.183374,67,3624.587452
1.889142,72,3624.737196
100.842345,105,3624.947093
2.758045,64,3625.073912
101.288329,121,3625.313494
100.373917,73,3625.458372
-0.886318,429,3637.482011
1.966479,76,3637.628487
3.526794,64,3637.753585
101.505912,100,3637.954732
101.479941,81,3638.110207
-0.386763,119,3638.342425
-0.509162,90,3638.514892
0.359656,90,3638.691833
4.735942,87,3638.877815
106.172807,70,3639.016032
1.171141,80,3639.170661
3.754958,69,3639.305779
4.585485,60,3639.423332
2.291996,70,3639.559973
101.276319,89,3639.729587
3.697641,81,3639.885176
2.933123,92,3640.069125
4.365127,66,3640.201277
0.818196,83,3640.365406
101.297589,69,3640.505913
3.643242,74,3640.650498
3.399822,74,3640.797504
2.157996,70,3652.099401
5.451837,66,3652.230384
0.674237,1000,3654.230697
0.138597,99,3654.425323
-0.419323,84,3654.593041
3.180717,73,3654.738897
-0.302555,78,3654.89173
4.669177,61,3655.010972
104.288223,79,3655.162528
5.761848,67,3655.293656
2.265098,70,3655.431405
2.467834,73,3655.568924
4.514558,92,3655.750035
100.912858,95,3655.93162
5.930357,66,3656.06199
2.42821,70,3667.336345
4.624315,61,3667.459216
1.431638,81,3667.62413
4.158013,71,3667.780933
101.227257,253,3668.307267
103.893704,54,3668.421364
4.073708,65,3668.554311
101.327143,121,3668.805567
3.29673,61,3668.930558
3.049741,67,3669.062681
101.74151,65,3669.189913
1.761018,94,3669.380675
4.150039,86,3669.559248
3.435142,71,3669.703845
2.599031,68,3669.844744
2.408606,76,3669.998724
5.204453,67,3670.135074
4.035682,63,3670.26715
101.2319,51,3670.368401
2.111185,69,3670.512911
2.910897,63,3670.641243
102.073579,71,3670.788956
2.688688,78,3670.94398
2.648751,66,3671.074868
3.188706,59,3671.189147
104.720566,75,3671.333698
2.078163,99,3682.755867
4.723391,60,3682.881802
3.819267,79,3683.044552
0.525591,99,3683.248998
-0.024232,427,3684.132779
3.658883,136,3684.408813
100.387815,57,3684.529053
0.872414,77,3684.685255
102.217046,72,3684.830974
4.891015,65,3684.962646
100.776789,71,3685.102566
5.075186,88,3685.280354
1.860416,68,3685.415876
1.63294,62,3685.541366
101.06882,110,3685.774643
1.081487,88,3685.95551
3.859683,80,3686.120698
4.513901,65,3686.258152
100.362085,56,3686.375265
103.661986,75,3686.532259
1.318355,75,3686.68436
4.205475,59,3686.809244
103.567647,68,3698.271929
2.688224,67,3698.410554
1.70732,58,3698.531875
5.67349,67,3698.673589
1.22602,61,3698.80492
104.338731,69,3698.943281
2.269708,85,3699.119034
2.339013,75,3699.275028
101.53017,107,3699.499643
4.976889,88,3699.670284
1.705676,75,3699.829938
1.265137,87,3699.998762
2.97106,67,3700.130087
1.190817,88,3700.301117
103.487476,72,3700.440082
2.503861,60,3700.561291
1.631214,75,3700.711088
2.00195,72,3700.853768
2.488819,61,3700.972721
6.149256,64,3701.101312
3.244947,77,3701.254631
103.386701,68,3701.394929
2.878542,84,3701.567298
3.472766,63,3701.700035
2.777996,81,3701.881103
4.393991,61,3702.005432
3.50764,92,3702.194051
101.672412,78,3713.547283
4.0387,87,3713.723912
2.661578,74,3713.872957
0.63077,94,3714.06223
2.174778,71,3714.21817
2.929701,69,3714.362195
2.731919,71,3714.515058
101.998054,70,3714.657501
101.270666,71,3714.805618
2.841978,66,3714.944587
1.829701,60,3715.068629
101.683261,62,3715.201268
101.091298,47,3715.29944
4.538848,61,3715.430241
0.384742,94,3715.631911
103.324613,72,3715.781558
3.719886,61,3715.921815
4.477424,82,3716.087811
2.266622,71,3716.236185
101.623615,64,3716.370901
101.458968,40,3716.45328
101.185529,90,3716.638989
2.753672,70,3716.785118
101.330169,73,3716.92775
0.097795,110,3717.141659
101.679762,69,3717.278409
1.221505,71,3717.420843
100.610901,86,3717.590882
2.257688,70,3717.738053
1.358176,80,3729.083063
4.678202,61,3729.209456
2.289434,80,3729.378895
3.315999,66,3729.518958
1.987158,71,3729.665634
2.943195,69,3729.810215
103.167891,74,3729.981673
5.524936,69,3730.128303
4.395734,62,3730.263198
4.192209,62,3730.389657
1.797451,88,3730.570754
101.346791,66,3730.706604
101.141186,120,3730.939896
3.797533,66,3731.071937
4.388635,83,3731.231268
100.565101,55,3731.344858
101.175534,77,3731.493606
1.422575,72,3731.634739
0.25394,369,3732.372685
101.34255,46,3732.466807
3.199072,66,3732.595746
1.971116,60,3732.713246
103.666941,72,3732.853227
0.244404,86,3733.020866
3.166124,68,3744.385834
1.043057,106,3744.616914
2.478936,92,3744.810547
4.639211,64,3744.949297
3.949746,97,3745.146626
2.476884,71,3745.290655
4.851236,141,3745.58384
101.269149,107,3745.808435
3.844488,66,3745.934124
0.520563,83,3746.093828
3.470076,94,3746.279505
5.125348,72,3746.428063
105.099453,72,3746.577198
105.597972,65,3746.710915
102.928656,83,3746.87659
2.203561,63,3747.010004
2.538742,93,3747.194635
2.898514,62,3747.323265
3.414164,67,3747.458762
2.008285,61,3747.583786
3.833514,71,3747.729568
100.895488,93,3747.91875
2.194153,84,3748.089434
2.456667,64,3748.220181
104.701132,70,3748.364896
5.091255,83,3759.815239
4.040025,64,3759.941805
5.258674,76,3760.106054
1.547484,90,3760.287394
1.675362,75,3760.431399
3.645893,62,3760.552435
0.560183,67,3760.688104
2.430795,84,3760.852195
4.255783,71,3760.991404
4.71172,80,3761.157267
4.393557,73,3761.30055
4.03765,67,3761.433789
2.482666,73,3761.575278
2.95973,67,3761.706126
3.508073,65,3761.831766
100.874694,83,3762.00383
-0.220805,88,3762.186386
0.718677,75,3762.34206
0.173286,1000,3775.635479
3.180365,65,3775.765708
101.211888,76,3775.915962
2.42707,70,3776.051698
-0.486056,90,3776.24016
3.765523,66,3776.370149
2.367633,59,3776.48822
101.52322,77,3776.638086
3.663527,64,3776.764174
4.648292,67,3776.89974
4.755753,66,3777.029184
0.313295,93,3777.212483
3.533181,62,3777.332933
102.038443,68,3777.466649
0.180827,88,3777.642783
5.497689,61,3777.761926
2.992601,68,3777.898409
0.448704,1000,3791.244428
4.600593,65,3791.371195
2.333964,79,3791.527572
4.157045,67,3791.662475
100.98768,78,3791.824316
2.867884,71,3791.961894
3.36723,59,3792.078434
101.364267,86,3792.24238
4.720491,63,3792.368403
4.085183,88,3792.537614
3.357611,64,3792.661361
1.53306,61,3792.780435
2.898029,81,3792.940444
102.241252,57,3793.052122
1.897071,75,3793.198921
1.168886,85,3793.363805
5.59996,66,3793.494692
4.783205,100,3793.696508
4.259577,64,3793.82586
3.982439,63,3793.950256
2.402369,69,3794.082811
2.451777,93,3794.267426
3.205195,92,3794.444812
105.552356,66,3794.57479
1.657661,69,3805.940208
2.084498,77,3806.098085
101.505605,64,3806.221218
2.317449,81,3806.375299
3.605445,64,3806.49854
-1.58597,99,3806.690742
3.600424,63,3806.811222
3.585669,95,3806.998465
1.557536,102,3807.195046
2.356023,73,3807.333267
1.462621,140,3807.60024
1.468822,85,3807.767529
1.400883,82,3807.929049
0.934357,85,3808.096714
102.758315,67,3808.227746
0.745375,95,3808.410734
101.91665,59,3808.523309
100.699819,72,3808.680208
3.457761,65,3808.807973
-0.303478,97,3808.999701
4.48455,62,3809.131491
4.75615,62,3809.257433
1.772461,63,3809.387741
3.560118,76,3809.539187
2.793128,67,3809.672738
3.923122,62,3809.797144
1.844968,61,3809.91624
3.571095,77,3821.340533
3.788119,67,3821.469974
2.659416,76,3821.61847
2.167314,81,3821.776719
1.516729,74,3821.922486
2.297694,68,3822.051549
101.822182,74,3822.195196
3.503183,81,3822.367691
4.095457,75,3822.515172
5.227177,65,3822.641959
1.616368,67,3822.774004
1.806139,63,3822.894866
104.88878,68,3823.027769
3.709679,79,3823.182856
3.538769,66,3823.314605
3.921488,69,3823.44921
2.945347,74,3823.592523
103.042628,48,3823.687539
3.624441,67,3823.821692
100.532386,57,3823.931712
0.188526,82,3824.092583
101.020189,107,3824.30578
3.829443,69,3824.441683
5.035516,72,3824.580018
101.405847,81,3824.737275
3.917943,69,3824.872685
4.671023,92,3825.054807
2.495034,60,3825.171384
104.98228,67,3836.497391
100.850739,28,3836.548808
101.512606,70,3836.688959
2.187316,70,3836.837741
4.162247,69,3836.97591
1.597689,75,3837.122869
102.546257,66,3837.254132
-0.725955,87,3837.425281
1.898811,93,3837.61435
1.548666,81,3837.776366
-0.481273,102,3837.98109
-0.761754,87,3838.155453
1.128303,65,3838.28425
2.770784,58,3838.399487
4.444434,72,3838.543912
101.330019,57,3838.655126
5.8342,70,3838.795977
3.798412,61,3838.917647
2.633927,67,3839.050609
1.792529,70,3839.184081
101.921812,48,3839.279857
2.62427,74,3839.441916
101.750809,94,3839.626884
2.900647,67,3839.756108
0.712162,93,3839.937
102.678881,73,3840.079848
100.847387,54,3840.188395
3.752943,71,3840.330608
4.578231,68,3840.46298
100.835412,89,3851.819806
102.405347,44,3851.906958
2.049773,88,3852.094826
3.042189,59,3852.211732
101.869289,124,3852.452168
1.919587,84,3852.620837
105.595137,68,3852.75882
104.003842,70,3852.899736
3.993021,61,3853.024718
101.266965,54,3853.133375
5.018768,62,3853.256448
1.264783,77,3853.413709
4.908315,65,3853.543119
1.86562,80,3853.703043
3.121153,70,3853.843738
102.580316,65,3853.97219
101.286745,84,3854.137588
101.569175,72,3854.282908
2.453793,63,3854.41298
4.720015,64,3854.53996
5.014916,64,3854.665624
3.804907,60,3854.789157
4.14425,71,3854.930559
104.450658,59,3855.062171
2.310903,69,3855.197601
2.0289,69,3855.34019
2.057894,96,3855.534049
103.666271,60,3855.654175
1.72714,85,3867.207289
4.716064,64,3867.355545
3.89138,61,3867.474853
1.798456,60,3867.590216
105.557164,66,3867.719445
104.667278,80,3867.878274
2.782937,65,3868.011486
100.848287,60,3868.133758
4.329361,66,3868.264724
2.192951,61,3868.382826
4.668518,65,3868.512163
0.312597,82,3868.6685
100.105315,57,3868.78092
103.02717,65,3868.913418
3.786107,156,3869.223623
103.555809,68,3869.356695
1.077909,65,3869.485389
0.70609,90,3869.663798
100.794679,94,3869.855217
3.395402,71,3869.991217
2.074524,69,3870.126611
2.202571,63,3870.25559
102.410679,56,3870.368674
102.585473,80,3870.528281
-0.04167,74,3870.672779
3.534293,61,3870.792139
104.1596,59,3870.90838
3.861273,96,3871.094779
101.846655,77,3871.245241
4.152658,69,3882.663285
2.107463,59,3882.77978
100.412215,77,3882.944397
5.629565,79,3883.100356
-0.00791,95,3883.285352
102.045034,98,3883.479514
1.303521,86,3883.650272
2.648972,60,3883.765134
3.021634,87,3883.936372
0.004015,89,3884.115091
3.821073,65,3884.243696
5.077378,74,3884.388991
3.034931,70,3884.52753
2.92498,93,3884.71446
4.245667,63,3884.835261
101.425056,57,3884.946872
2.167354,108,3885.15741
3.264383,201,3885.543366
3.059192,87,3885.71369
1.9378,69,3885.848435
3.50527,84,3886.010714
2.158175,77,3886.159923
3.14974,76,3886.314051
103.207502,58,3886.428147
0.424385,74,3897.850978
-0.556733,237,3898.339036
105.816321,66,3898.47558
2.794927,61,3898.601532
101.773523,108,3898.816966
3.131693,102,3899.028657
3.427815,83,3899.199766
5.161482,62,3899.329571
3.786716,60,3899.45604
104.79805,60,3899.581174
2.843057,72,3899.74643
4.084097,60,3899.863062
2.520229,65,3899.99024
2.334089,62,3900.11125
102.054012,54,3900.216221
1.232333,86,3900.380365
0.969527,71,3900.52184
5.054195,82,3900.68042
4.027533,75,3900.831561
2.874745,96,3901.019356
100.788429,71,3901.162239
4.505681,65,3901.29252
1.918079,108,3901.51344
2.202032,64,3901.651121
-0.412789,124,3901.897601
102.384241,65,3913.286871
3.341156,73,3913.431735
4.340267,66,3913.568076
0.316227,95,3913.758047
3.524655,60,3913.885508
1.476269,88,3914.067812
1.161434,78,3914.220513
-0.477391,1000,3916.22333
1.989368,65,3916.35949
5.252976,61,3916.483135
-1.987098,618,3928.932529
102.107923,63,3929.07754
2.9202,70,3929.22174
5.517182,64,3929.355235
5.175868,62,3929.484272
102.482086,73,3929.636366
104.37992,69,3929.776231
103.517729,69,3929.913583
4.094841,63,3930.040133
101.117275,87,3930.213687
3.886255,64,3930.339768
1.213861,84,3930.504475
3.612556,76,3930.653495
4.691954,62,3930.776093
4.046371,63,3930.896238
3.842427,60,3931.012305
1.011666,115,3931.238284
100.92358,67,3931.371476
102.719431,54,3931.479451
104.069021,67,3931.609778
1.67361,77,3931.760272
0.457174,75,3931.914393
2.022077,112,3932.141883
3.816533,88,3932.33875
5.239987,113,3932.568767
3.275981,68,3932.709346
103.57142,53,3944.146682
3.19266,63,3944.277486
1.45169,88,3944.463863
0.797617,73,3944.616324
-2.035695,135,3944.901771
101.823173,81,3945.058123
5.616366,74,3945.207528
4.109248,71,3945.34864
101.326069,36,3945.419995
100.989299,77,3945.573605
103.550669,64,3945.700121
3.897482,59,3945.814975
2.27657,64,3945.940743
4.524825,73,3946.085227
1.752608,71,3946.224963
-1.088077,276,3946.779357
100.851046,74,3946.927432
3.733071,66,3947.056527
2.418776,62,3947.177192
101.789675,47,3947.269151
3.375105,89,3947.448003
101.879184,99,3947.641307
5.118998,63,3947.768679
2.584198,70,3947.90286
1.417228,65,3948.030329
105.488099,64,3948.154161
2.823009,86,3959.490686
3.476836,97,3959.679702
4.433178,69,3959.836434
1.849387,67,3959.967327
3.117501,66,3960.095661
4.159719,61,3960.215101
4.229225,70,3960.352166
3.961537,76,3960.506445
100.711788,58,3960.61902
1.172631,90,3960.796093
1.439455,94,3960.979466
4.443809,62,3961.100806
4.695332,76,3961.251278
3.017177,59,3961.36736
101.321059,105,3961.574315
4.009275,86,3961.742207
5.759485,78,3961.895964
2.911952,88,3962.07383
3.190457,85,3962.24328
104.519729,74,3962.387823
5.415848,70,3962.530014
2.437589,68,3962.662399
3.174868,82,3962.823211
-0.42598,83,3962.983879
-1.634648,352,3974.895251
2.458374,65,3975.025744
-1.878364,121,3975.275011
-0.21962,274,3975.834117
100.763985,92,3976.014899
100.86999,75,3976.162972
1.569322,75,3976.312381
102.943526,70,3976.453533
4.01414,64,3976.574859
101.416199,37,3976.653617
0.049925,104,3976.852898
3.875802,63,3976.976745
102.334326,62,3977.097372
101.334001,67,3977.228215
4.425011,69,3977.365074
100.972477,81,3977.525788
102.833343,48,3977.621508
2.987706,64,3977.748879
1.330614,91,3977.935902
2.063888,69,3978.073005
2.072775,67,3978.210773
103.480039,51,3978.318884
105.666657,73,3978.466636
2.867088,68,3978.602425
3.384983,81,3989.946256
0.890451,89,3990.128736
101.502242,82,3990.296732
100.753512,45,3990.40038
4.28747,65,3990.551555
100.448564,65,3990.687306
1.354767,62,3990.814611
-0.435724,122,3991.068376
4.860642,69,3991.214493
104.451861,72,3991.361599
4.274541,65,3991.501351
0.630235,99,3991.708484
2.944676,79,3991.869764
101.106914,50,3991.972045
3.707475,75,3992.128083
3.898712,84,3992.304185
101.504996,71,3992.452173
-0.886149,85,3992.633763
100.479329,49,3992.735768
1.75636,77,3992.891719
2.3782,59,3993.013701
3.290457,69,3993.159778
3.551336,177,3993.524114
102.206384,81,3993.685179
3.113369,61,3993.808161
4.374306,84,3993.98087
3.438219,63,3994.114542
-0.348233,102,4005.533008
1.30174,84,4005.705331
-0.257959,101,4005.931622
101.554057,78,4006.092977
3.731753,71,4006.234326
2.888079,65,4006.364958
1.429732,81,4006.526701
4.080366,97,4006.713653
1.42529,81,4006.876437
4.969267,82,4007.041382
100.962006,64,4007.168066
101.56732,89,4007.347765
2.991227,64,4007.485843
3.415533,60,4007.601303
4.060357,62,4007.721032
100.319293,62,4007.840725
0.783201,105,4008.050646
1.40452,77,4008.204895
104.148988,60,4008.319186
0.198366,93,4008.520866
5.648932,64,4008.64174
101.196332,53,4008.742782
1.70403,86,4008.912763
5.388131,62,4009.038258
102.086032,56,4009.149509
4.42783,71,4009.288375
101.457256,93,4009.470753
3.391721,80,4020.975871
1.178767,72,4021.126202
0.674315,1000,4023.141057
0.392464,76,4023.291152
2.515919,79,4023.452031
2.105108,72,4023.59429
3.478906,93,4023.776328
1.848938,80,4023.948754
2.932004,81,4024.108063
1.727299,95,4024.302871
4.095716,101,4024.517103
0.584937,170,4024.875905
100.885321,78,4036.318537
102.034711,64,4036.443562
1.253546,94,4036.627832
3.04674,79,4036.782509
1.931058,70,4036.920761
0.881817,80,4037.083137
3.058962,82,4037.248791
4.467281,62,4037.379476
101.90348,129,4037.643264
4.63831,107,4037.858166
1.007832,73,4038.022591
1.46937,66,4038.156282
6.062275,63,4038.27822
3.746884,65,4038.413001
4.930769,87,4038.59475
0.431911,94,4038.787463
3.842971,74,4038.935173
102.174852,61,4039.053758
2.578667,85,4039.217128
1.884037,71,4039.356639
103.245204,61,4039.475927
100.794593,78,4039.630352
4.285223,68,4039.762144
101.382007,68,4039.895643
3.213335,76,4040.060529
3.088455,81,4040.217691
100.741493,47,4040.312775
105.770301,62,4051.678071
101.390198,69,4051.813064
101.947702,43,4051.898026
103.337793,68,4052.028756
3.819471,64,4052.156159
101.371485,125,4052.414403
0.178657,780,4054.0117
1.516072,69,4054.151982
100.728965,50,4054.251233
5.646623,64,4054.376758
2.164113,90,4054.556417
0.755449,99,4054.75294
100.54891,77,4054.910124
100.491324,63,4055.039291
2.620228,82,4055.20287
2.021362,77,4055.354582
3.308071,67,4055.489152
5.454238,61,4055.615164
102.833229,68,4055.754584
104.044552,67,4067.093304
101.110201,88,4067.301285
0.673575,79,4067.465438
100.574155,74,4067.625365
3.333265,78,4067.788357
-0.38323,97,4067.982936
3.265905,92,4068.179179
2.718655,66,4068.312165
2.093531,62,4068.455816
3.59583,62,4068.586791
104.382492,66,4068.724776
0.352767,71,4068.865489
4.455378,61,4068.987001
3.910653,66,4069.119035
1.681122,113,4069.341781
3.757513,60,4069.463585
1.134774,91,4069.642017
100.854756,102,4069.843396
1.392395,89,4070.0178
104.49076,60,4070.139663
1.180145,89,4070.319814
0.874693,81,4070.4763
0.712396,69,4070.612199
2.895908,67,4070.744482
1.548151,75,4070.891869
5.080334,61,4071.02049
101.472114,81,4082.572075
2.448973,59,4082.693226
2.755854,73,4082.845804
101.362882,82,4083.024954
100.53842,66,4083.165745
3.808572,67,4083.302931
-0.387407,1000,4085.340086
0.715054,105,4085.549601
4.399297,78,4085.705217
4.4304,77,4085.858865
5.657787,64,4086.00076
4.020761,63,4086.120812
0.523725,72,4086.26496
3.41346,63,4086.390612
1.463795,72,4086.538236
101.437228,87,4086.711066
4.20699,123,4098.230576
5.162396,81,4098.397452
2.524384,85,4098.573958
0.822916,320,4099.234165
102.002185,81,4099.401793
-0.421483,1000,4101.447148
100.311023,70,4101.589017
102.156371,71,4101.730221
103.341915,68,4101.865759
4.531633,82,4102.028638
3.022624,78,4113.385697
104.818367,61,4113.514146
102.298524,71,4113.659253
1.208193,75,4113.824677
0.364562,88,4114.006015
100.808148,50,4114.110303
1.063142,69,4114.250537
4.607168,71,4114.397927
2.935518,69,4114.539587
1.955099,86,4114.715207
1.027796,86,4114.887998
4.173406,77,4115.043436
3.203846,90,4115.216983
0.881001,83,4115.382184
101.950447,76,4115.545841
1.68947,100,4115.746334
4.654306,63,4115.889708
1.752488,79,4116.059649
101.503962,69,4116.202225
102.720841,68,4116.340256
101.342015,72,4116.491095
4.192188,69,4116.635732
102.826847,77,4116.794376
1.250725,79,4116.948339
100.552416,78,4117.104085
1.915284,73,4117.255473
3.574937,74,4117.406029
4.201314,82,4117.565646
1.503428,83,4129.012609
103.112324,61,4129.131223
0.693267,70,4129.265621
3.605704,65,4129.393865
3.381344,79,4129.568255
2.228134,72,4129.712217
101.764424,47,4129.803658
4.195866,68,4129.947789
103.039095,50,4130.048087
3.38238,61,4130.167998
2.298938,72,4130.309391
3.078599,93,4130.489547
1.159854,80,4130.645169
101.457354,68,4130.783423
0.869872,272,4131.316528
2.845446,102,4131.522629
1.068293,84,4131.685054
2.107125,71,4131.826212
3.575102,67,4131.962344
100.760907,50,4132.065701
1.484662,84,4132.237983
5.294012,66,4132.373249
1.675862,71,4132.519253
1.092235,85,4132.689082
4.891086,68,4132.822915
104.678901,65,4132.95192
4.460843,70,4144.339537
3.244278,71,4144.487696
4.907687,62,4144.61535
101.395464,96,4144.832636
102.327438,70,4144.978332
3.501454,93,4145.169012
1.398311,87,4145.353352
4.383882,65,4145.485442
4.050553,66,4145.622504
-0.661834,81,4145.788009
0.746065,1000,4147.810839
0.491817,1000,4161.105797
0.671236,80,4161.262481
1.401433,82,4161.428698
102.647544,59,4161.54764
103.652158,64,4161.676754
5.44791,72,4161.822649
1.024642,85,4161.995231
1.107523,72,4162.136243
104.165531,55,4162.241068
104.542259,63,4162.366456
2.589377,67,4162.498878
4.043495,69,4162.640583
3.546714,98,4162.839346
104.705284,73,4162.986981
102.62082,68,4163.121036
105.134217,63,4163.245991
3.257167,67,4163.379978
101.080187,77,4163.534924
1.711898,71,4163.68913
4.651437,69,4175.092278
1.32365,63,4175.225256
100.637786,84,4175.396843
100.589548,90,4175.580795
3.692468,88,4175.764365
103.718484,70,4175.903473
103.203471,74,4176.051525
101.305742,92,4176.232534
3.024731,79,4176.384888
0.80771,89,4176.562477
105.210885,62,4176.683589
0.515446,1000,4178.712052
102.927583,65,4178.843239
5.3064,61,4178.966632
3.751814,72,4179.107043
1.407113,83,4190.562982
101.260112,62,4190.688914
3.581384,69,4190.838507
3.25707,69,4190.984569
105.425424,69,4191.121599
101.494067,72,4191.264997
4.359588,88,4191.435467
0.047352,82,4191.601191
104.629484,63,4191.724993
102.493587,60,4191.841333
100.889573,56,4191.954961
3.861038,66,4192.093894
2.777637,64,4192.228269
102.070881,77,4192.397249
5.762673,65,4192.529244
4.903857,61,4192.656371
4.541168,62,4192.783556
0.670792,86,4192.95406
2.511302,68,4193.088375
4.963064,72,4193.229389
102.545999,62,4193.351996
2.120984,69,4193.489625
105.042538,59,4193.60525
3.378192,67,4193.741035
4.096813,83,4193.905006
2.985467,62,4194.02593
4.46255,66,4194.152455
2.181229,69,4194.287525
2.327137,69,4194.4201
1.543306,88,4194.59693
1.168233,70,4206.030589
104.844262,60,4206.156369
102.972741,50,4206.26122
-0.495853,90,4206.445085
2.855613,80,4206.611541
1.657356,101,4206.814303
101.280646,81,4206.970965
5.27904,64,4207.116736
4.829156,81,4207.300235
0.560785,92,4207.493948
105.556866,68,4207.637508
0.739296,64,4207.770897
102.28499,74,4207.922438
0.400263,69,4208.064944
1.9059,96,4208.262196
102.161202,56,4208.378616
102.178804,56,4208.497059
3.687776,71,4208.657529
102.645491,66,4208.795617
3.649903,65,4208.929979
1.50547,59,4209.0485
3.610093,67,4209.188566
101.99855,78,4209.346096
1.632111,73,4209.503133
1.862875,74,4209.654633
1.520644,87,4209.835428
4.920363,89,4210.018471
3.125566,68,4210.157754
3.307349,83,4221.534651
-0.942476,99,4221.735841
2.461774,75,4221.890157
101.561073,74,4222.047829
3.057519,75,4222.204149
103.056353,72,4222.354573
105.112954,62,4222.480544
2.487216,64,4222.613527
100.718701,80,4222.779393
4.783153,78,4222.931498
1.58554,73,4223.091337
4.337576,81,4223.249832
102.58442,45,4223.339034
1.898425,62,4223.461498
5.863771,81,4223.623247
4.14569,78,4223.777639
3.690916,88,4223.952837
4.79048,80,4224.113662
-2.567241,164,4224.439025
4.447026,69,4224.579278
-1.319408,112,4224.798587
102.835366,70,4224.938177
2.992507,73,4225.080799
1.059565,71,4225.221144
5.390673,65,4225.353081
1.243429,82,4236.780845
2.829631,84,4236.944928
101.047655,32,4237.012013
3.034684,85,4237.174471
1.323728,140,4237.457886
3.412854,71,4237.593354
0.47035,75,4237.73691
0.514045,97,4237.930816
2.490679,78,4238.081945
104.782802,69,4238.215203
2.20615,67,4238.347981
4.206358,62,4238.472074
2.383194,89,4238.6436
102.603642,46,4238.736245
101.187794,86,4238.903534
0.47202,75,4239.053184
100.797303,152,4239.347433
4.415918,66,4239.477816
1.082501,88,4239.646219
100.932425,31,4239.708608
3.243106,60,4239.831776
3.727233,64,4239.95733
4.587908,71,4240.096829
1.3616,83,4240.261701
3.103757,70,4240.39868
5.485698,69,4240.53817
3.409277,73,4240.683499
3.041919,64,4252.064616
-0.037439,88,4252.251506
101.000138,39,4252.330456
3.148094,66,4252.46676
3.044488,71,4252.625375
5.383204,79,4252.794547
4.429625,61,4252.929003
1.204899,82,4253.099196
3.835912,72,4253.252802
103.581048,70,4253.400892
2.50312,72,4253.54333
5.183544,81,4253.701303
3.410006,68,4253.836506
3.620739,103,4254.038306
103.475505,59,4254.159765
-0.552216,65,4254.29379
102.654101,71,4254.442313
3.26468,69,4254.58318
1.083881,77,4254.74855
101.144317,83,4254.913293
100.632129,87,4255.080912
102.604024,69,4255.217658
1.809061,80,4255.376575
5.295603,68,4255.512606
-0.186466,96,4255.701726
102.152168,71,4255.844712
0.775836,126,4256.089196
2.984685,96,4267.515332
2.200614,69,4267.651263
101.125544,81,4267.814957
0.390642,75,4267.963741
3.98856,77,4268.115145
4.551775,67,4268.249924
102.064932,60,4268.374091
101.218496,107,4268.599011
100.471025,75,4268.755832
100.387406,71,4268.893608
2.356083,74,4269.056829
3.864994,85,4269.224495
1.353468,91,4269.400003
4.063464,81,4269.561602
1.63043,73,4269.709715
103.811122,72,4269.85084
2.771827,62,4269.9697
4.170495,63,4270.090724
-0.54161,87,4270.262416
3.703098,81,4270.422807
0.954591,91,4270.602747
1.182629,95,4270.787488
3.808931,63,4270.910766
3.812251,61,4271.034328
102.861551,51,4271.130903
3.231934,68,4271.263713
2.064718,72,4271.404622
103.172867,49,4271.499672
-0.250792,99,4282.93979
3.783371,60,4283.072679
5.08036,65,4283.209007
1.174223,68,4283.351571
101.451547,64,4283.488508
4.154274,85,4283.658762
4.236102,90,4283.853718
2.58831,81,4284.020557
3.856747,72,4284.170645
2.43344,73,4284.324473
4.472267,77,4284.491726
5.160533,77,4284.650928
3.77733,87,4284.830373
0.974633,77,4284.983624
3.482184,66,4285.115902
4.576506,77,4285.269334
4.779967,79,4285.428089
1.385525,86,4285.596923
103.85705,60,4285.718453
102.396028,68,4285.858962
4.092511,69,4286.002039
103.402466,58,4286.122025
4.45654,77,4286.28054
4.186329,60,4286.405438
4.315732,70,4286.549488
3.979658,75,4286.707199
3.221242,71,4286.8479
101.231963,61,4286.965759
103.141022,65,4298.465785
3.432788,67,4298.603433
2.045747,76,4298.771569
1.179898,70,4298.907091
4.499372,69,4299.048836
100.840078,123,4299.289803
3.70533,75,4299.435761
104.326214,75,4299.578842
1.400955,69,4299.714777
104.920636,64,4299.840054
100.973123,57,4299.960948
-0.545481,349,4300.695706
1.197293,161,4301.015985
105.699407,62,4301.137899
1.713049,82,4301.297123
101.911568,68,4301.433628
1.578607,61,4301.556824
4.045095,71,4301.698039
100.547696,70,4301.833033
3.834325,90,4302.015635
4.392789,61,4302.142672
5.000145,84,4302.317721
101.206565,91,4302.504423
2.263481,73,4313.97209
2.746565,71,4314.11216
4.90621,72,4314.253431
101.838493,97,4314.442988
1.991588,61,4314.564866
0.291083,1000,4316.581766
3.981621,73,4316.727483
100.65912,60,4316.847979
100.501767,85,4317.016549
101.179317,75,4317.164752
100.551348,71,4317.307849
4.622596,60,4317.430693
1.551877,71,4317.576546
3.597,72,4317.716881
3.923715,70,4317.85187
4.359798,88,4329.207029
2.119134,67,4329.344073
5.286872,71,4329.493305
2.117618,62,4329.622472
0.317889,92,4329.809324
-1.676252,155,4330.113099
2.744063,80,4330.272202
106.098798,66,4330.402196
1.960216,73,4330.54592
4.697797,68,4330.688217
3.097023,86,4330.868207
101.022562,61,4330.988964
2.893472,70,4331.123141
4.705752,60,4331.240639
1.436075,76,4331.388845
105.909109,67,4331.525033
100.715535,34,4331.594619
3.240212,62,4331.718685
101.253987,73,4331.868807
101.313098,75,4332.03207
1.832437,62,4332.161445
104.753393,78,4332.326483
4.54017,101,4332.534469
101.964182,68,4332.676845
3.09606,72,4332.826037
1.908914,73,4332.968116
2.978563,80,4333.123152
2.116815,121,4344.728227
3.04731,70,4344.87828
2.370758,70,4345.013897
4.850587,67,4345.14696
0.770515,84,4345.311903
2.840532,77,4345.463725
4.329142,117,4345.69366
5.283251,63,4345.815176
2.774086,76,4345.961971
102.274708,66,4346.0897
4.049474,70,4346.228486
104.027461,57,4346.340952
4.518253,67,4346.472691
103.310156,56,4346.582851
102.18508,63,4346.70725
103.909943,71,4346.858775
-0.137694,98,4347.060513
101.365623,96,4347.254638
0.728831,92,4347.444031
4.118531,185,4347.823932
100.204121,58,4347.94386
1.044493,62,4348.069239
0.900912,105,4348.281021
3.500133,73,4348.429249
-0.83073,378,4360.405163
5.822759,68,4360.539423
5.016922,61,4360.659913
100.752626,33,4360.726061
4.786604,71,4360.866373
2.799361,75,4361.014304
5.942928,64,4361.157312
1.908461,65,4361.287692
2.347356,75,4361.43373
1.530106,85,4361.604381
0.689118,103,4361.815118
2.773101,79,4361.97251
2.914403,76,4362.122388
4.76716,83,4362.286845
3.779713,68,4362.417099
2.798221,69,4362.551379
1.11411,66,4362.682956
1.170696,63,4362.807779
4.112503,74,4362.953721
101.800255,58,4363.067843
1.819538,73,4363.212945
100.661201,88,4363.39347
100.486562,58,4363.510427
101.204127,94,4363.697305
103.320305,66,4363.829398
3.489021,75,4363.97921
3.42543,67,4375.304081
102.14487,147,4375.596656
4.537498,75,4375.756333
103.724056,59,4375.875242
5.952145,69,4376.010511
-0.026609,114,4376.235445
101.831842,98,4376.428453
102.217046,49,4376.528225
103.632589,68,4376.662174
5.452681,64,4376.78674
100.592261,71,4376.925169
105.838918,69,4377.063516
1.339873,79,4377.222808
0.446219,122,4377.46241
0.234938,83,4377.627944
4.269017,95,4377.823617
101.557976,61,4377.946762
101.097296,123,4378.192955
101.426549,98,4378.394773
-0.307074,893,4391.371811
4.260033,127,4391.623528
4.278556,71,4391.779065
102.490391,70,4391.920897
1.551604,68,4392.057269
103.478223,61,4392.17846
101.058064,81,4392.336575
3.292834,68,4392.471815
3.276889,71,4392.615483
3.129808,65,4392.743947
5.311468,67,4392.876511
3.040356,66,4393.007641
3.641747,66,4393.14122
0.563784,94,4393.321578
4.591295,62,4393.447195
4.579672,63,4393.569576
1.740385,82,4393.73068
3.746767,62,4393.856403
101.384072,60,4393.977492
4.580358,79,4394.131135
2.503357,89,4394.303714
100.683168,51,4394.407016
104.616947,65,4394.535886
3.282853,79,4405.984693
3.222183,70,4406.120662
100.247343,67,4406.255135
2.696449,69,4406.404231
100.778559,60,4406.521133
3.488453,76,4406.671443
3.459048,84,4406.835774
4.654991,69,4406.971991
100.963611,76,4407.124683
1.307759,71,4407.267106
4.835965,80,4407.422576
4.350218,62,4407.548405
5.711947,71,4407.69287
103.149599,57,4407.80612
1.627334,80,4407.9655
3.13769,71,4408.106261
3.606811,65,4408.231227
2.324531,78,4408.383518
1.139942,63,4408.507682
101.566805,132,4408.79405
3.03693,75,4408.940393
4.53686,70,4409.078585
104.30384,73,4409.220894
4.049214,97,4409.410685
3.750172,163,4409.733697
3.634323,69,4409.867588
101.71241,67,4421.206042
3.959359,69,4421.343797
4.336147,84,4421.508034
2.795067,59,4421.624246
3.976926,62,4421.759224
101.916893,63,4421.880961
101.550073,98,4422.072051
2.281045,66,4422.201143
101.16625,84,4422.370761
106.018576,67,4422.501179
2.569318,63,4422.624049
4.303957,65,4422.754675
2.898307,69,4422.886623
4.285069,93,4423.072166
100.959699,87,4423.241918
102.659012,71,4423.387061
2.006537,75,4423.535021
104.657432,61,4423.651978
103.167666,70,4423.804029
3.560315,71,4423.946698
2.948348,81,4424.11094
101.443658,62,4424.23243
101.799638,85,4424.399887
3.244243,64,4424.525736
101.233817,77,4424.675581
101.860844,66,4424.8055
0.39626,100,4425.002262
0.927306,98,4425.20079
104.806341,66,4436.586622
100.359054,57,4436.701681
1.930366,60,4436.819927
4.713735,73,4436.96525
4.10424,67,4437.094903
5.450415,71,4437.23508
4.797011,85,4437.407828
3.884664,93,4437.602439
102.721309,70,4437.738811
104.3365,61,4437.855693
102.257405,58,4437.983856
101.790989,57,4438.099643
103.441912,71,4438.234527
102.392606,69,4438.368405
4.367155,65,4438.494731
4.39382,71,4438.633706
3.867382,89,4438.813957
100.952614,110,4439.030181
105.108247,66,4439.158288
1.772722,76,4439.305457
2.513897,62,4439.427722
101.092956,68,4439.561931
102.192125,165,4439.892151
2.118524,87,4440.061116
102.157507,58,4440.174836
2.892831,71,4440.31504
0.328064,1000,4453.534477
5.073524,61,4453.656358
0.665842,1000,4455.610592
4.597853,64,4455.738203
100.956766,41,4455.821672
4.812001,80,4467.155606
-0.510174,149,4467.450222
3.998808,65,4467.591187
0.401109,244,4468.071702
2.882516,93,4468.256239
4.437589,88,4468.429039
1.849547,60,4468.549153
104.713233,63,4468.676674
2.720932,73,4468.819257
1.246294,100,4469.013194
2.300879,90,4469.194025
3.486817,74,4469.339463
2.649266,87,4469.511197
104.706419,66,4469.64301
1.878266,74,4469.78814
3.455733,85,4469.954168
101.674866,79,4470.107601
1.584336,65,4470.23779
104.637708,73,4470.383296
3.620281,91,4470.564988
1.653542,107,4470.771854
100.555131,84,4470.935279
2.438169,72,4471.075385
101.368697,74,4482.504382
1.102885,96,4482.699716
2.706397,74,4482.846686
2.049381,85,4483.013433
100.741324,50,4483.107811
3.540273,78,4483.263014
2.338411,145,4483.549611
1.615801,90,4483.730071
4.643376,74,4483.888163
1.187786,97,4484.074771
101.405539,75,4484.22485
4.929364,92,4484.408572
104.51121,59,4484.522617
100.931366,91,4484.706993
3.030126,74,4484.855466
3.808689,74,4485.009348
101.493431,86,4485.180627
3.474339,68,4485.323962
4.390699,100,4485.537208
2.474888,63,4485.665352
3.872135,92,4485.854881
2.401583,60,4485.976402
102.121614,80,4486.141973
3.163914,75,4486.299208
3.78132,103,4497.716181
4.375654,62,4497.841531
1.566596,107,4498.066001
1.548424,63,4498.192464
101.91094,80,4498.349934
4.33946,74,4498.501538
102.992004,67,4498.633226
-0.693577,104,4498.839042
3.006471,61,4498.961977
1.212103,77,4499.114926
2.502566,85,4499.283918
103.748003,72,4499.427537
4.613553,60,4499.547486
3.835831,65,4499.676551
0.587724,94,4499.854713
101.194888,90,4500.030593
1.809086,89,4500.200938
5.371157,65,4500.32765
101.623144,46,4500.419467
1.515856,81,4500.578254
3.280676,83,4500.749109
2.549715,61,4500.878149
102.136173,43,4500.968711
101.352108,97,4501.17075
2.657469,75,4501.331889
3.308614,61,4501.460227
104.451863,71,4501.609184
2.041568,82,4501.777454
0.497357,70,4513.28672
3.683152,74,4513.437752
1.302908,80,4513.600577
2.345373,87,4513.784237
104.000289,57,4513.905792
2.157029,95,4514.097773
5.211038,66,4514.234936
1.354959,67,4514.382196
-0.0667,120,4514.63108
1.96208,68,4514.783314
3.671953,79,4514.949852
-0.453725,96,4515.150715
5.078912,86,4515.325845
1.244754,117,4515.567927
0.551299,86,4515.747945
3.002847,63,4515.878592
2.327273,81,4516.045723
100.446702,80,4516.20946
-0.931452,111,4516.440931
3.670131,74,4516.585071
3.018214,62,4516.708542
4.50523,64,4516.839832
103.494791,64,4516.967334
101.203185,67,4517.097499
0.467097,83,4517.261531
2.758194,72,4517.400135
2.391938,97,4528.956159
4.638463,77,4529.133184
101.197079,76,4529.298898
3.501319,76,4529.452985
3.675911,66,4529.58879
5.236644,65,4529.72521
-0.476248,98,4529.929507
0.891593,1000,4531.898757
1.734223,79,4532.058192
3.665025,68,4532.198915
0.287639,123,4532.451839
0.54411,79,4532.610302
3.662682,88,4532.790355
103.965857,71,4544.267394
3.492558,88,4544.462847
3.309732,93,4544.653055
100.724737,74,4544.803288
2.27626,75,4544.955469
5.517451,73,4545.105489
100.978044,81,4545.27226
1.82947,68,4545.406368
2.38659,71,4545.543811
4.749387,99,4545.739295
4.633143,70,4545.875729
4.485096,91,4546.051994
3.705023,79,4546.209917
3.078345,66,4546.353844
2.827879,66,4546.487962
1.156666,85,4546.656503
101.378432,78,4546.809457
105.373264,65,4546.945988
1.597923,62,4547.068649
1.996312,85,4547.235632
101.367412,91,4547.418284
100.881621,84,4547.594452
4.297325,61,4547.721097
2.037324,66,4547.849585
2.604827,72,4547.994052
101.17542,76,4548.14851
100.76352,92,4548.331486
2.597435,63,4559.642313
1.586155,84,4559.813707
3.225216,60,4559.929352
-0.115312,76,4560.08141
101.137467,94,4560.266362
3.629202,80,4560.425359
3.652811,66,4560.576371
0.757017,71,4560.729194
0.717974,1000,4562.707261
-0.217923,113,4562.929621
4.46408,74,4563.078449
0.187522,101,4563.277127
4.983039,66,4563.406122
0.863493,67,4563.537543
100.50419,81,4574.88179
102.206893,67,4575.013132
101.459266,39,4575.106216
0.755867,1000,4577.094957
4.321726,77,4577.251112
3.0076,82,4577.413302
3.885652,85,4577.581194
1.697916,100,4577.77611
1.34403,90,4577.951751
2.300413,71,4578.094076
1.00952,115,4578.31999
-0.072883,98,4578.520582
5.771573,78,4578.67214
5.102095,61,4578.789489
4.032468,74,4590.189706
103.565205,64,4590.316705
1.645605,68,4590.452691
0.954595,111,4590.675409
4.190528,60,4590.797818
4.657499,80,4590.956272
3.984604,60,4591.081724
3.731317,90,4591.261773
3.0465,73,4591.408066
1.097858,89,4591.584048
2.032476,92,4591.778366
1.772871,69,4591.918017
102.614567,60,4592.034997
1.782331,79,4592.191252
2.749182,72,4592.333226
2.767937,66,4592.464036
0.209077,92,4592.644648
4.612014,142,4592.920532
2.710079,62,4593.039696
3.836016,68,4593.173949
2.804831,60,4593.291839
1.301072,81,4593.454083
1.574687,66,4593.581329
0.840212,110,4593.806599
2.059949,68,4593.942156
102.381054,67,4594.070885
100.463508,445,4606.199338
102.537112,65,4606.328159
4.573445,104,4606.539046
103.157271,57,4606.656914
3.688738,60,4606.777516
100.596445,228,4607.223636
2.733816,96,4607.410411
4.070793,88,4607.584561
0.939475,84,4607.755248
3.211873,62,4607.877702
3.232702,67,4608.00712
1.35763,69,4608.141085
3.47097,67,4608.273034
4.187433,60,4608.392279
1.207677,70,4608.52663
101.480237,83,4608.703865
3.928329,98,4608.901916
-0.867541,122,4609.142088
4.219927,90,4609.322598
3.270606,67,4609.454724
101.199796,77,4620.798836
2.33221,73,4620.945412
100.913432,56,4621.052522
1.640087,120,4621.287991
4.413074,72,4621.430734
1.322788,103,4621.637624
3.694339,67,4621.764499
5.063619,61,4621.895119
103.066258,57,4622.009581
-2.290335,118,4622.237857
100.894554,101,4622.45291
2.709217,81,4622.610121
1.419441,61,4622.728731
102.937415,61,4622.848179
1.156524,82,4623.010036
2.760315,101,4623.213576
5.277589,67,4623.347267
1.301475,85,4623.512594
1.412434,70,4623.649151
101.278554,66,4623.781398
100.460935,87,4623.958748
2.987267,81,4624.122242
3.422781,72,4624.266085
104.263532,59,4624.383354
1.814608,61,4624.500978
4.080923,81,4624.66227
101.04093,64,4624.789402
4.709927,71,4636.097301
-1.230376,165,4636.441525
1.488216,88,4636.620147
100.636897,65,4636.74665
1.411106,151,4637.044291
4.256805,75,4637.192245
4.059452,77,4637.347511
1.913247,86,4637.521711
3.941515,86,4637.68943
4.968118,68,4637.826433
103.706218,54,4637.936683
3.591327,69,4638.073041
100.240972,74,4638.221946
102.221216,57,4638.337897
3.235414,94,4638.52625
3.226362,65,4638.653729
4.424834,94,4638.843449
4.269053,63,4638.966333
100.367574,71,4639.106301
5.297084,74,4639.252167
1.444066,81,4639.413457
100.814364,48,4639.509625
3.756664,65,4639.640428
102.540087,61,4639.760463
102.651643,57,4639.871017
4.312624,70,4640.015223
100.572423,78,4651.449337
100.71078,77,4651.601365
4.39032,78,4651.756132
100.700058,84,4651.919876
0.199426,83,4652.086622
100.239488,20,4652.128181
4.974059,76,4652.283548
0.689992,670,4653.627949
3.042205,103,4653.833572
3.792734,60,4653.956572
2.811563,66,4654.090801
-0.71227,108,4654.304313
4.302645,63,4654.430477
1.162237,112,4654.655288
3.572793,63,4654.782959
4.434714,66,4654.915542
1.328333,91,4655.093112
-0.052318,141,4655.388556
3.329196,79,4666.722277
0.238649,106,4666.943346
101.632341,73,4667.088206
101.043368,52,4667.187933
1.281609,70,4667.342364
104.137149,73,4667.485678
2.718083,94,4667.670278
0.795859,77,4667.826737
2.19979,72,4667.969132
3.069677,83,4668.133854
2.46655,67,4668.26701
103.676064,69,4668.402351
4.044634,64,4668.533242
4.704678,60,4668.648533
0.612482,86,4668.875549
2.537615,61,4669.039474
3.360289,61,4669.174844
4.545957,79,4669.338618
3.687825,100,4669.535592
2.469357,75,4669.682239
3.817736,97,4669.876927
1.512452,62,4670.000439
100.999201,61,4670.118882
1.476801,105,4670.328059
5.185419,76,4670.472261
3.347232,70,4670.608576
4.293519,60,4670.726843
103.4385,72,4682.073409
3.710332,80,4682.229663
3.39837,72,4682.372808
101.05782,108,4682.599845
4.96323,63,4682.729205
6.071457,72,4682.878157
2.813488,80,4683.044598
1.333204,94,4683.238973
102.798816,60,4683.363095
1.805372,98,4683.566011
101.163314,82,4683.734796
-1.180354,123,4683.991933
1.225969,200,4684.40755
101.407812,51,4684.513571
101.69551,74,4684.665796
3.509989,59,4684.788198
1.704789,82,4684.9526
-1.957862,541,4686.032587
4.888306,66,4686.164146
102.105058,62,4697.479428
3.533098,67,4697.615879
1.787578,126,4697.882416
2.147756,90,4698.062009
3.344653,64,4698.187829
1.272696,95,4698.375341
101.121925,115,4698.614959
0.833896,73,4698.758183
3.72725,69,4698.89949
1.660168,85,4699.073426
1.156095,81,4699.236424
3.292871,66,4699.362793
3.809862,68,4699.500046
101.641259,56,4699.613771
2.338608,72,4699.755862
1.665329,63,4699.879227
103.69601,71,4700.012747
3.687902,61,4700.134691
0.805168,73,4700.275929
0.574201,96,4700.466763
4.249087,63,4700.599152
3.143446,70,4700.738751
5.291229,76,4700.886001
101.836648,56,4700.998598
3.917921,64,4701.121823
4.531401,67,4701.254284
2.585278,86,4701.424783
3.254451,67,4712.735215
2.218295,60,4712.865819
2.201566,69,4712.998761
1.095846,65,4713.128791
100.976258,38,4713.200015
2.091003,103,4713.405486
2.87208,61,4713.522543
101.102717,61,4713.644094
102.474781,69,4713.781041
4.632218,90,4713.960283
102.403809,73,4714.106139
101.665498,87,4714.274068
2.140137,70,4714.428195
-0.663272,116,4714.655703
101.597707,78,4714.810993
0.929702,71,4714.949076
2.694058,68,4715.083649
1.32194,88,4715.260255
101.319009,70,4715.404645
0.786062,74,4715.560044
101.801928,64,4715.681551
2.370905,82,4715.841638
104.790828,58,4715.955941
-1.988653,152,4716.254162
4.54591,75,4716.409545
2.593778,57,4716.523614
2.682837,70,4716.661483
103.282103,61,4727.950163
104.980765,62,4728.076986
3.49298,69,4728.213385
6.047499,67,4728.347169
103.645239,68,4728.497959
101.453495,89,4728.671971
2.856614,74,4728.855733
4.357151,101,4729.131783
1.764312,70,4729.268717
4.637866,74,4729.411597
103.304466,70,4729.550161
3.6422,63,4729.677598
101.076078,107,4729.891377
3.2799,83,4730.056402
101.566571,79,4730.215024
104.695572,65,4730.342333
2.675273,91,4730.523204
101.381428,85,4730.713224
4.438702,60,4730.83286
0.777119,85,4730.998447
2.95037,62,4731.122219
3.96743,64,4731.250177
105.634145,68,4731.383644
102.501325,67,4731.518105
5.256787,62,4731.646594
3.073281,65,4731.775187
-0.830043,115,4732.004054
100.667313,98,4743.400989
0.907016,67,4743.532433
3.903704,71,4743.687767
2.711329,72,4743.829879
4.546401,88,4744.002738
3.484845,79,4744.156691
104.947635,72,4744.300311
3.868363,61,4744.428406
101.138614,68,4744.565466
3.323396,68,4744.698598
3.659062,80,4744.857185
2.120406,70,4744.997762
2.677571,82,4745.161266
100.384443,62,4745.28256
-0.063169,88,4745.457251
104.872162,62,4745.577083
-0.872584,70,4745.713492
3.05201,87,4745.885424
100.416825,73,4746.028216
3.60902,78,4746.181882
104.909846,64,4746.308275
-0.259954,677,4758.938746
4.56895,59,4759.055235
2.587328,67,4759.185733
4.468905,67,4759.31473
102.500639,65,4759.444301
1.124606,119,4759.680055
3.86665,88,4759.860877
3.888864,75,4760.01511
103.509461,63,4760.137921
4.103448,62,4760.257948
4.397776,68,4760.393746
4.137996,67,4760.525056
1.400175,101,4760.721519
1.304498,81,4760.880381
1.321198,84,4761.045605
102.534337,64,4761.174045
4.399084,81,4761.339024
2.796759,96,4761.528373
2.24274,67,4761.661952
-0.484799,142,4761.941833
104.312861,73,4762.084149
101.167451,87,4762.253159
100.554757,68,4762.388104
100.636547,70,4762.523879
2.344555,80,4762.682055
4.27285,99,4774.120216
1.154484,98,4774.312583
-0.487812,112,4774.551244
100.608297,23,4774.59614
103.108765,70,4774.734003
5.310327,66,4774.861338
3.871794,111,4775.086495
100.902781,235,4775.543095
2.235689,81,4775.709703
1.733427,62,4775.835297
4.836716,67,4775.96923
2.752294,74,4776.118707
1.114857,74,4776.262573
3.175429,66,4776.394212
3.72231,61,4776.514883
0.477233,106,4776.72175
4.772038,77,4776.872385
3.240341,108,4777.091217
101.774605,73,4777.2372
5.723065,80,4777.402157
100.97486,75,4777.554329
4.950901,60,4777.674694
4.421094,106,4777.882206
3.275272,64,4778.007347
-1.082635,95,4789.47483
5.424968,69,4789.611369
3.85845,68,4789.746991
0.222015,116,4789.98171
2.693657,78,4790.14186
100.35258,18,4790.177305
2.063407,74,4790.33138
3.026581,75,4790.486888
102.469977,71,4790.625934
0.79491,79,4790.786356
100.347315,164,4791.130224
2.917759,80,4791.287243
105.552484,64,4791.410815
3.736166,70,4791.549596
101.465723,66,4791.681182
102.05009,45,4791.769374
3.203021,68,4791.907891
0.945767,93,4792.090457
3.302056,60,4792.207743
1.726811,81,4792.366185
101.16268,80,4792.524246
5.288049,61,4792.646323
102.316344,66,4792.776533
1.390274,92,4792.97157
4.374224,77,4793.12585
3.311969,61,4793.261645
1.832491,74,4793.410254
1.212788,80,4804.741051
4.343805,61,4804.856428
4.007731,68,4804.989991
1.632758,81,4805.149289
2.112879,70,4805.28633
101.145543,93,4805.490536
1.326075,92,4805.672475
104.878951,67,4805.805511
4.236543,62,4805.929428
2.522019,66,4806.058838
3.858508,72,4806.201638
102.193058,64,4806.336986
3.382246,94,4806.522511
1.661822,71,4806.663321
2.045357,76,4806.815442
103.41191,73,4806.955132
3.745174,64,4807.076779
103.188405,54,4807.178258
2.317517,59,4807.29069
100.944414,61,4807.412001
2.489475,68,4807.546743
104.087922,56,4807.661079
101.117771,73,4807.803833
4.559056,62,4807.925989
105.529032,74,4808.071524
5.176291,63,4808.193387
4.404223,61,4808.314458
1.651189,66,4808.448005
0.443239,87,4808.624286
103.080755,68,4820.036592
103.963952,75,4820.189221
4.524941,70,4820.337131
102.514235,63,4820.474271
102.073066,68,4820.62432
105.5631,71,4820.768352
3.002155,67,4820.900498
101.26926,63,4821.025721
0.798639,80,4821.184488
0.958233,66,4821.315205
102.585482,61,4821.434705
104.151994,61,4821.553749
3.616768,65,4821.686788
102.483255,70,4821.821966
100.904324,79,4821.97701
101.47548,86,4822.148315
1.373835,66,4822.276949
4.25308,68,4822.410981
102.534586,70,4822.548286
-0.638347,184,4822.909433
4.572887,62,4823.031399
0.872562,94,4823.215335
100.895192,68,4823.349635
1.245108,90,4823.522831
100.286887,19,4823.56137
101.540273,55,4823.672174
2.043412,69,4823.80959
3.263126,88,4823.98541
4.882999,65,4835.384196
1.394338,72,4835.553374
1.524392,62,4835.675726
3.36034,61,4835.792706
4.670522,70,4835.927687
101.998558,44,4836.01472
4.438182,77,4836.166032
101.276269,66,4836.295824
2.002036,71,4836.436527
5.5066,68,4836.568384
101.973034,70,4836.702368
4.543792,71,4836.841413
3.188582,64,4836.96995
3.417242,60,4837.0895
0.844532,73,4837.231969
3.676831,76,4837.380074
100.097946,147,4837.666997
-0.335154,147,4837.960037
3.230488,81,4838.1156
100.602054,91,4838.29722
102.071986,66,4838.428292
3.330335,79,4838.583772
2.397792,74,4838.730221
100.999502,50,4838.834857
2.376005,77,4838.984877
1.893069,91,4839.168349
3.227857,69,4839.30625
1.594387,97,4850.692621
5.286854,62,4850.815614
0.928119,147,4851.129781
1.288736,97,4851.326858
1.402153,72,4851.468891
4.749111,69,4851.602875
1.940402,61,4851.725499
104.630669,64,4851.853459
1.798463,90,4852.034384
102.054347,111,4852.252992
1.743543,85,4852.416289
4.816209,76,4852.568957
3.413974,86,4852.734346
104.658511,60,4852.848295
-0.800078,94,4853.034975
-0.309696,100,4853.230831
4.235594,72,4853.371826
3.452382,62,4853.492954
5.030643,67,4853.621268
104.452795,57,4853.73252
-0.287138,105,4853.9393
1.406785,78,4854.096007
4.290432,72,4854.236444
105.508569,68,4854.369705
2.552705,91,4854.551377
3.723189,66,4854.676249
-0.052683,74,4865.989232
1.496473,69,4866.148047
5.742323,66,4866.278285
100.863582,70,4866.418498
2.303894,93,4866.606256
1.285626,71,4866.74955
1.984688,78,4866.907423
4.116627,96,4867.095083
4.469344,77,4867.248653
103.345051,59,4867.3687
101.135905,86,4867.540493
4.336169,79,4867.696693
1.217219,92,4867.878411
1.369967,80,4868.034424
3.912308,74,4868.178163
4.104025,73,4868.323296
104.742695,70,4868.460799
1.344737,88,4868.635005
101.451549,72,4868.775351
2.147186,112,4869.004484
103.254181,75,4869.152402
101.447231,54,4869.256505
2.46338,70,4869.395239
3.997639,80,4869.555792
2.295719,63,4869.677675
1.280268,82,4869.844187
1.766183,79,4881.217036
0.433382,105,4881.424911
101.229533,112,4881.650911
0.385585,95,4881.842345
2.859548,70,4881.977298
100.556813,26,4882.027056
0.65054,76,4882.171921
5.307849,64,4882.301292
1.277572,68,4882.439494
3.055647,65,4882.566561
3.44907,92,4882.753526
3.220561,82,4882.933849
1.335285,88,4883.107477
3.775319,64,4883.232477
3.872403,70,4883.372572
4.309656,70,4883.514597
0.084197,148,4883.807825
103.894078,67,4883.941708
5.314426,71,4884.084586
101.296318,68,4884.217209
2.096045,69,4884.353603
4.033716,61,4884.473323
101.073584,86,4884.647201
5.256215,62,4884.770585
3.419784,66,4884.901244
4.417153,74,4885.050901
3.20241,70,4885.190187
1.462322,99,4896.678481
2.127223,69,4896.814563
2.379599,88,4896.983501
1.202817,70,4897.140007
4.519207,74,4897.281445
104.469759,66,4897.407181
3.612633,64,4897.53056
4.984735,84,4897.693941
4.178791,66,4897.822792
1.253055,70,4897.956732
-0.908722,664,4899.256516
3.861941,86,4899.426914
1.726618,86,4899.592202
103.349343,64,4899.719971
100.831284,57,4899.831943
2.694719,60,4899.949362
102.594501,67,4900.079241
1.398873,82,4900.237997
3.886664,84,4900.403408
0.546926,108,4911.965817
101.864665,65,4912.093189
3.777034,60,4912.209329
4.099876,62,4912.329572
2.855683,63,4912.453779
101.667869,70,4912.590354
100.64575,70,4912.727055
2.17123,76,4912.878582
4.351509,60,4913.007299
101.001294,112,4913.253539
0.906741,86,4913.424765
3.311064,66,4913.555099
3.499918,73,4913.695251
3.138775,78,4913.8524
1.509357,89,4914.033398
3.929055,71,4914.173359
3.750839,67,4914.305524
100.96243,83,4914.470434
103.029166,64,4914.604343
-0.860309,110,4914.822037
102.643172,72,4914.967403
3.410159,62,4915.086072
1.268125,121,4915.333186
0.412648,94,4915.516121
2.99382,69,4915.654241
101.800432,75,4915.804834
101.169086,77,4915.962901
101.472654,77,4927.29498
3.955422,104,4927.502412
0.456085,85,4927.678062
103.352468,68,4927.81672
1.175722,60,4927.934031
3.76095,60,4928.051829
1.31227,80,4928.212932
0.811285,75,4928.3659
3.885975,64,4928.492097
4.711637,87,4928.665106
2.745319,104,4928.874759
0.957421,87,4929.05098
-0.432203,174,4929.392299
5.591172,72,4929.532739
1.494006,81,4929.692705
4.689443,65,4929.825729
3.753711,70,4929.964268
1.065706,78,4930.117865
2.774693,86,4930.286011
101.436854,82,4930.444213
101.719992,71,4930.59579
101.121795,76,4930.752679
100.835142,69,4930.895163
1.09479,69,4931.030049
104.680395,63,4931.153068
1.052415,86,4942.490528
-0.770396,93,4942.676639
101.043707,53,4942.779524
3.818929,67,4942.913962
5.202129,83,4943.086729
3.368846,65,4943.210183
1.994793,80,4943.365424
2.563904,66,4943.502788
3.202876,66,4943.62993
102.634154,64,4943.753885
3.409635,65,4943.880331
4.571907,70,4944.017852
3.216745,88,4944.192857
0.34224,97,4944.386305
3.829677,74,4944.529619
1.399789,99,4944.727478
2.831473,67,4944.862194
3.225242,87,4945.035544
5.547889,64,4945.17348
4.009717,76,4945.323384
100.941825,78,4945.479013
2.577524,73,4945.623724
101.343921,77,4945.779938
101.267095,60,4945.897383
4.397049,103,4946.101658
1.21594,126,4946.348262
1.004511,89,4957.689106
1.014149,231,4958.14495
105.689538,71,4958.299833
101.419993,60,4958.417357
-1.989612,672,4959.739585
0.409159,124,4959.996965
1.754285,59,4960.118578
0.333784,85,4960.290852
102.580757,68,4960.430585
1.259481,72,4960.573332
2.684225,60,4960.691308
100.993246,78,4960.844339
1.978706,81,4961.004717
1.055498,79,4961.16027
5.397303,63,4961.28516
2.57322,94,4961.471974
3.119645,70,4961.61117
1.605414,60,4961.728086
4.300367,78,4973.164815
3.55777,115,4973.388647
103.868637,69,4973.540086
2.385456,87,4973.716062
2.781405,64,4973.839255
101.958499,76,4973.988635
100.647781,74,4974.142842
3.884583,73,4974.285959
101.258816,75,4974.430654
3.899708,63,4974.557189
0.850867,103,4974.76339
100.933473,56,4974.87181
2.182059,65,4975.000749
4.067334,62,4975.125244
100.78546,55,4975.244522
-0.307132,93,4975.428944
3.538288,69,4975.563205
102.299493,66,4975.691741
4.662076,74,4975.84285
101.285374,71,4975.98515
1.036571,99,4976.179613
-0.358255,94,4976.365792
0.199047,122,4976.606978
102.811864,61,4976.72525
0.383493,104,4976.931645
4.917042,76,4977.082076
2.262985,84,4988.424837
102.985114,70,4988.562616
2.573015,82,4988.727509
5.745677,64,4988.86561
2.882124,67,4988.994274
4.869685,82,4989.15522
-0.113324,123,4989.394273
104.868328,61,4989.522134
2.179911,88,4989.694904
0.820854,93,4989.877493
101.280918,78,4990.034187
1.282023,73,4990.176164
100.983162,82,4990.352273
5.013502,71,4990.49391
1.412937,61,4990.611015
1.573934,87,4990.783782
5.136025,79,4990.941778
100.463206,72,4991.085186
101.112378,86,4991.257633
-1.713616,149,4991.552236
102.27663,43,4991.639514
100.576979,47,4991.732997
2.429511,63,4991.856082
3.34508,79,4992.01095
4.148576,61,4992.133627
3.655344,59,4992.251943
2.530378,74,5003.592974
2.472445,74,5003.760111
1.390146,98,5003.949334
4.483409,62,5004.070535
100.651892,70,5004.210634
101.142943,82,5004.368885
1.161006,87,5004.538215
102.639255,69,5004.685366
2.539516,70,5004.823274
101.817339,61,5004.94131
1.747442,76,5005.092113
1.599132,85,5005.259882
3.437252,63,5005.383358
2.063168,91,5005.565969
-0.04794,76,5005.714108
0.332443,1000,5018.878518
100.948069,79,5019.030949
1.321972,71,5019.172634
4.487399,63,5019.299696
101.634015,121,5019.535477
-1.679623,111,5019.759099
0.370414,105,5019.967937
101.136924,39,5020.047333
0.907501,82,5020.209297
2.600886,89,5020.404989
2.88775,70,5020.537504
101.292952,45,5020.628273
100.909933,29,5020.684178
5.021625,61,5020.807643
3.235409,64,5020.931619
1.281168,72,5021.072729
3.774523,63,5021.197372
5.182793,64,5021.321092
1.347762,92,5021.510694
4.553581,80,5021.665472
4.658658,76,5021.81617
0.976485,93,5021.997771
5.086103,63,5022.119783
102.687838,67,5022.253801
0.485387,83,5022.416743
1.242,61,5022.541451
2.408052,61,5022.663103
0.556768,183,5034.249112
5.37584,67,5034.390463
102.094997,68,5034.535381
0.759411,91,5034.716446
2.184895,72,5034.858709
101.668969,38,5034.936274
3.612606,64,5035.061493
105.193689,66,5035.192399
101.869717,145,5035.482829
1.87138,73,5035.630468
-2.226045,136,5035.900404
100.864282,82,5036.067205
3.668965,88,5036.239371
3.446232,60,5036.361514
101.52248,80,5036.520411
1.302192,70,5036.661421
101.15893,82,5036.82463
1.021237,103,5037.028955
100.818871,87,5037.199329
4.098711,66,5037.326661
101.052235,123,5037.564892
5.223342,75,5037.712764
3.210888,91,5037.894295
3.362154,60,5038.012815
3.939151,82,5038.173083
5.334941,60,5049.480684
102.839934,73,5049.62541
4.712307,62,5049.748309
2.086847,62,5049.871559
101.014918,59,5049.991224
3.340716,95,5050.187026
2.617348,100,5050.389127
100.464147,65,5050.519172
1.28849,71,5050.661859
101.208297,82,5050.834445
0.708906,99,5051.042102
1.320646,70,5051.176199
4.116907,63,5051.300674
-2.859243,474,5052.238093
1.458229,85,5052.404522
1.450597,99,5052.597195
0.194078,101,5052.794684
3.501866,103,5052.995297
4.064057,75,5053.144519
3.487754,78,5053.299147
0.505936,107,5064.703867
3.985782,69,5064.8536
2.283973,61,5064.974825
102.822265,60,5065.092728
101.421212,87,5065.261532
-1.019141,125,5065.502835
-0.638755,101,5065.709833
106.086058,66,5065.838783
103.97545,64,5065.96522
2.860245,87,5066.135786
5.010996,61,5066.252734
2.374482,77,5066.404766
101.613075,45,5066.495861
101.405359,79,5066.653691
1.852435,91,5066.832771
1.408348,70,5066.968961
0.931163,81,5067.12553
0.753267,80,5067.283287
5.486657,77,5067.436787
1.282862,69,5067.572006
1.359818,111,5067.796223
1.80236,104,5068.001612
100.891552,76,5068.151525
0.952495,1000,5081.368293
2.242497,78,5081.523652
4.889827,67,5081.654394
0.740933,71,5081.792409
-0.846365,95,5081.977531
100.986529,63,5082.104744
2.184897,63,5082.224207
3.741589,64,5082.347143
1.109412,99,5082.539051
2.717512,61,5082.656459
2.837669,72,5082.813086
4.028209,67,5082.946989
5.463343,81,5083.106096
105.585842,66,5083.233343
104.816687,57,5083.34736
4.644839,78,5083.500512
1.423208,66,5083.631435
4.052624,104,5083.836447
4.836513,60,5083.955652
100.532064,80,5095.305866
100.880771,55,5095.418046
1.990138,81,5095.575939
2.200705,67,5095.71047
2.759178,85,5095.874544
3.347987,82,5096.036006
3.56058,65,5096.161904
4.469495,65,5096.308934
3.810241,60,5096.426033
1.367371,96,5096.615311
2.630898,63,5096.740456
-0.228046,82,5096.919375
105.085212,62,5097.043674
2.115151,70,5097.177766
101.8879,66,5097.306823
2.805777,83,5097.471273
102.656041,71,5097.610803
1.028125,83,5097.770413
104.091279,57,5097.880532
101.131457,122,5098.124386
103.33537,70,5098.264009
101.625893,61,5098.40847
103.140707,70,5098.549982
101.471531,91,5098.730361
2.828362,104,5098.936273
1.815077,77,5099.088214
1.547755,88,5099.26422
2.331202,60,5110.543098
2.108366,60,5110.660732
1.040559,62,5110.779876
101.839047,71,5110.927656
4.117177,154,5111.269005
1.116697,75,5111.431007
101.147385,69,5111.574322
2.146408,64,5111.702595
3.122774,75,5111.852577
2.562283,67,5111.993427
4.668692,70,5112.136004
0.522889,101,5112.335661
4.764289,60,5112.455897
1.543681,86,5112.633335
0.861445,79,5112.788888
3.534854,70,5112.926769
101.625931,117,5113.173393
103.905062,69,5113.309009
6.083326,73,5113.448606
2.095254,76,5113.591402
1.741383,70,5113.729081
103.004178,60,5113.846091
2.121075,70,5113.981145
4.288931,80,5114.136007
5.171356,60,5114.253304
101.371035,83,5114.415896
1.20875,91,5125.752689
4.09905,153,5126.053159
4.977384,63,5126.189512
101.775696,54,5126.297393
1.334566,70,5126.436834
1.221451,68,5126.575914
1.976529,74,5126.720093
0.484941,111,5126.953225
2.23658,85,5127.114961
-2.053469,142,5127.396262
101.767485,45,5127.486586
102.843065,73,5127.630237
3.745048,63,5127.750462
101.613408,63,5127.875414
104.814051,63,5128.002236
4.361098,72,5128.143518
1.481068,61,5128.264686
102.217716,46,5128.354568
2.7778,74,5128.501379
5.022526,151,5128.803789
4.567541,65,5128.931295
1.815889,69,5129.069345
102.427815,66,5129.198943
1.256031,123,5129.444812
1.686343,88,5129.615943
100.653408,87,5129.787039
3.228495,71,5141.139433
4.485764,67,5141.289028
1.661448,60,5141.410076
101.749738,44,5141.498891
101.95016,58,5141.616002
-0.135691,141,5141.904538
2.247231,62,5142.025984
4.03611,72,5142.177441
5.720535,64,5142.308051
101.597571,61,5142.430585
3.693125,67,5142.565907
3.38548,79,5142.725677
104.126872,61,5142.846566
4.976201,65,5142.973796
-0.437123,643,5144.255512
1.542108,66,5144.384948
3.899761,71,5144.522919
3.011768,87,5144.702435
2.783612,120,5144.943301
2.964412,75,5145.091825
-1.083183,115,5156.538719
3.781919,67,5156.673807
3.600677,78,5156.832563
101.780957,92,5157.017152
101.774948,37,5157.09333
5.215576,75,5157.240331
-1.856182,140,5157.524078
3.596127,81,5157.686589
3.65188,65,5157.817874
1.513199,82,5157.994037
4.638446,67,5158.127528
1.325616,69,5158.260739
2.515196,66,5158.38868
102.133597,67,5158.522997
1.906796,186,5158.889559
-0.165112,80,5159.046492
100.697886,378,5159.801154
0.820777,65,5159.931847
101.181061,84,5160.107274
101.555004,60,5160.223971
2.589095,86,5160.391164
3.685595,69,5171.893509
-1.003758,71,5172.051086
1.84455,70,5172.186848
1.255448,86,5172.361086
2.143262,65,5172.487616
100.601938,37,5172.562869
-0.135091,109,5172.774347
1.638011,79,5172.936904
0.48691,71,5173.084858
102.263115,54,5173.195385
1.247634,85,5173.369329
3.618684,76,5173.530903
4.971129,71,5173.676442
104.160176,55,5173.791196
102.613047,75,5173.942252
101.563704,70,5174.081681
3.289942,64,5174.20967
-0.04969,98,5174.407476
-1.029189,98,5174.609417
4.6282,65,5174.741808
3.461822,65,5174.877136
3.877752,64,5175.01615
1.472974,76,5175.178745
2.191986,71,5175.325875
105.13364,61,5175.449761
-0.828076,89,5175.631995
101.01562,84,5175.806126
103.564001,73,5175.959303
-0.033798,109,5187.410463
2.820437,79,5187.57073
101.446893,74,5187.724792
2.957584,78,5187.882469
102.536992,66,5188.020148
4.324626,62,5188.15231
3.253185,82,5188.334544
100.704689,95,5188.527739
102.44465,64,5188.661839
2.216669,74,5188.808438
4.964518,62,5188.92895
0.970623,133,5189.189726
2.052699,79,5189.343073
2.024864,71,5189.485993
-1.077056,92,5189.670133
104.87012,61,5189.791721
103.423689,64,5189.921684
3.072846,75,5190.077354
101.668702,96,5190.273238
1.74468,81,5190.443434
2.575328,93,5190.637879
0.25145,78,5190.78917
-0.439659,100,5190.981267
4.264645,74,5191.123008
0.756889,94,5191.313732
4.408398,68,5202.720472
104.246516,70,5202.862247
5.024105,83,5203.033309
5.096354,78,5203.202404
101.052027,84,5203.383947
101.630444,80,5203.549948
3.025762,65,5203.68614
0.79274,62,5203.823687
1.845193,59,5203.952458
2.754416,92,5204.142652
102.374934,51,5204.248971
103.57073,63,5204.380071
1.06661,72,5204.5275
2.956567,63,5204.658862
0.696818,233,5205.121183
3.062104,82,5205.279824
0.066956,99,5205.473288
102.488065,71,5205.615817
103.885979,58,5205.727159
3.300833,102,5205.931911
104.419577,72,5206.073034
4.180501,93,5206.256614
3.295396,78,5206.40872
101.900369,70,5206.563465
2.953275,68,5206.697035
3.519965,86,5218.13288
4.465433,64,5218.259506
1.473813,71,5218.400139
100.988152,78,5218.554339
3.643542,79,5218.713311
2.76358,67,5218.859507
-0.623439,87,5219.032726
100.798458,83,5219.196725
102.376609,72,5219.349105
2.315298,70,5219.491598
100.55143,262,5220.031963
2.680115,85,5220.210284
100.722161,78,5220.369676
101.910882,78,5220.529348
1.836386,85,5220.700605
104.371282,58,5220.81973
1.460725,80,5220.977139
3.268882,92,5221.164097
4.728725,77,5221.319093
100.814006,79,5221.47347
2.599475,60,5221.59501
105.68494,63,5221.716478
5.251683,78,5221.869413
104.875015,62,5221.990983
3.922421,77,5222.1441
3.228362,73,5233.533387
2.055033,69,5233.67942
4.258456,76,5233.84752
3.86688,65,5233.979364
0.458181,73,5234.123916
3.750612,101,5234.324483
5.689449,75,5234.476729
1.354606,64,5234.611793
100.905291,78,5234.775238
100.401313,68,5234.910004
3.519701,65,5235.04054
4.058402,75,5235.195299
101.676104,50,5235.296947
100.429538,655,5236.582662
0.163972,102,5236.786889
1.019422,88,5236.963515
2.442349,88,5237.137962
102.833484,55,5237.249275
2.371374,82,5237.412632
100.688727,79,5237.569083
104.16116,66,5249.012715
4.296935,70,5249.155604
5.476743,80,5249.321344
101.634889,74,5249.476399
1.196636,97,5249.683505
3.574474,77,5249.842609
3.946712,61,5249.968223
101.303426,85,5250.151933
0.170042,107,5250.384019
102.223123,115,5250.627658
-0.721901,118,5250.868387
-0.017228,186,5251.230286
1.524014,92,5251.409985
0.057225,125,5251.653299
2.050843,90,5251.826162
3.486181,64,5251.95388
3.382288,68,5252.091636
101.141823,88,5252.275399
3.63711,67,5252.411464
2.977744,87,5252.596643
103.422877,58,5252.718247
2.147753,105,5252.929446
2.904262,71,5253.070675
2.11725,85,5264.501234
105.085161,73,5264.6601
1.863556,59,5264.776593
3.33313,82,5264.936932
2.366785,68,5265.070961
0.902612,87,5265.243299
2.255458,61,5265.370013
1.775943,75,5265.516593
0.373138,87,5265.688093
0.87842,97,5265.876057
4.983549,65,5266.003296
5.092372,66,5266.131026
4.868888,85,5266.30282
105.915311,130,5266.555464
0.557191,595,5267.734942
104.069523,71,5267.886812
-0.883099,169,5268.223737
4.586088,89,5268.398491
101.055586,71,5279.986594
4.737363,63,5280.121039
3.652856,89,5280.307841
4.588752,60,5280.423863
-0.736669,86,5280.593314
4.502672,90,5280.769905
4.635347,67,5280.903434
101.711082,82,5281.063813
102.186493,76,5281.215203
0.934962,83,5281.392196
5.287009,72,5281.532656
1.215871,95,5281.717527
102.33365,66,5281.850058
100.958555,67,5281.980937
103.711569,56,5282.094148
3.385401,84,5282.259784
0.780393,102,5282.465212
3.144748,65,5282.601418
-1.342481,122,5282.842623
4.212302,109,5283.05643
2.461197,71,5283.198083
1.068908,100,5283.390052
3.54967,65,5283.518486
4.767989,86,5283.692399
2.159402,87,5283.865072
1.464406,86,5295.289728
102.91103,61,5295.434127
104.125471,56,5295.547338
100.848484,116,5295.779952
1.895756,99,5295.975872
3.366574,69,5296.11145
5.659358,72,5296.24773
0.914354,91,5296.423383
1.155216,76,5296.575467
2.271645,73,5296.720118
2.906521,73,5296.859127
106.162981,67,5296.991396
0.694687,142,5297.266566
4.990553,66,5297.398976
2.568533,74,5297.54875
-2.4414,171,5297.893087
101.134929,81,5298.0563
102.085796,65,5298.187237
100.947471,62,5298.311893
3.006388,68,5298.451447
102.060787,48,5298.541284
2.191148,97,5298.740897
2.739334,80,5298.905474
1.199244,112,5299.130961
1.169427,78,5299.284938
0.90537,72,5310.811928
102.403626,61,5310.930102
101.940285,111,5311.147137
2.310894,70,5311.284689
4.090768,81,5311.445912
2.535916,69,5311.581531
101.89822,77,5311.73048
5.859923,72,5311.872197
2.982199,92,5312.059411
2.690124,66,5312.199969
4.968711,63,5312.325052
4.363237,69,5312.462333
101.597576,84,5312.627716
4.067239,62,5312.752016
3.388102,87,5312.927392
3.912179,72,5313.075173
2.906896,85,5313.255902
102.914964,66,5313.39244
2.199221,78,5313.553215
1.25188,68,5313.691485
100.816122,96,5313.881103
3.895638,83,5314.051908
102.087968,66,5314.183509
0.758678,86,5314.355918
102.681997,58,5314.469581
0.926318,85,5314.656477
4.213153,67,5314.78671
4.389854,75,5326.178525
2.128019,69,5326.316527
4.215964,61,5326.431885
0.80422,76,5326.581604
3.535453,63,5326.717079
-0.637643,159,5327.05129
100.704407,59,5327.168801
3.255351,92,5327.346942
1.783024,85,5327.517278
102.101031,59,5327.636682
5.149314,74,5327.792351
1.469992,70,5327.938352
4.329826,64,5328.071441
3.645472,62,5328.200361
102.402759,110,5328.43052
2.092687,67,5328.570246
3.372517,64,5328.702203
5.11398,66,5328.842016
2.155615,69,5328.98488
2.386,67,5329.153521
-1.777656,217,5329.670717
101.357948,81,5329.835517
3.092588,74,5329.979037
2.727541,60,5330.099325
5.712757,67,5330.231763
1.583509,79,5341.645212
3.349079,96,5341.841026
101.704801,77,5342.014803
4.549912,70,5342.15857
2.194382,70,5342.304152
1.325446,95,5342.499379
5.002228,70,5342.64018
3.268157,60,5342.767406
4.251172,66,5342.900083
0.626391,97,5343.085865
1.099412,77,5343.238807
3.589091,78,5343.401133
102.612656,79,5343.560367
2.228987,68,5343.695446
101.104663,75,5343.84457
6.136639,71,5343.985435
3.035135,99,5344.191101
101.873962,128,5344.457983
1.071685,64,5344.588096
0.767401,150,5344.897391
4.739678,61,5345.023643
1.148814,92,5345.219869
5.529316,73,5345.373888
1.475452,70,5345.521794
4.163847,73,5345.671079
102.655098,63,5345.799883
0.52744,593,5358.280624
102.234778,61,5358.402227
1.534352,75,5358.554677
4.875977,68,5358.694764
3.171683,72,5358.839103
105.238447,61,5358.961283
100.163039,12,5358.985946
3.590863,68,5359.120026
100.755309,63,5359.246603
103.101658,66,5359.378057
100.930365,43,5359.464466
100.749129,70,5359.604071
4.234883,75,5359.761673
1.289012,99,5359.960937
101.48529,89,5360.143388
3.758919,95,5360.330224
100.62845,55,5360.437997
4.273396,69,5360.581163
2.880447,90,5360.777505
101.31793,79,5360.948449
5.396206,62,5361.076239
102.664411,71,5361.223725
100.927435,60,5372.599407
101.534264,90,5372.774846
3.982896,62,5372.895375
3.055482,67,5373.026929
101.224105,94,5373.225515
101.541798,55,5373.331694
0.884541,75,5373.480883
101.42442,54,5373.591151
-1.853242,456,5374.484855
0.556045,97,5374.672922
3.995124,66,5374.797478
3.934322,70,5374.934259
4.353706,65,5375.061879
0.700269,71,5375.201652
106.003838,66,5375.334151
105.16497,70,5375.475153
0.460347,77,5375.64049
4.026808,64,5375.760426
1.764925,75,5375.908961
101.198046,71,5376.052398
0.716834,78,5376.209118
1.929108,71,5376.347254
104.128169,60,5376.465447
100.676806,63,5387.810935
4.341134,70,5387.950686
2.19955,66,5388.080261
101.15265,68,5388.214493
0.631451,82,5388.377065
100.732528,75,5388.530992
0.644217,233,5388.999393
1.331464,71,5389.143795
4.449703,61,5389.264076
1.95926,100,5389.487583
0.804058,93,5389.677192
2.075274,89,5389.859512
4.028374,74,5390.005306
102.320199,75,5390.150499
3.28533,73,5390.298125
102.588323,71,5390.440722
104.037951,62,5390.563849
2.441996,80,5390.722421
1.403899,94,5390.909518
0.730482,103,5391.110437
1.176099,93,5391.297144
1.472336,64,5391.425616
4.646651,61,5391.545706
2.587534,68,5391.675814
4.334105,92,5391.853992
1.39683,61,5403.178259
2.841228,86,5403.355106
4.073163,69,5403.508129
103.205442,65,5403.644569
1.797618,78,5403.808723
4.92874,67,5403.948634
4.635612,68,5404.088638
0.972512,91,5404.276946
3.597941,60,5404.402161
2.402111,68,5404.545121
1.53286,86,5404.720854
4.535788,70,5404.866444
1.99492,79,5405.026146
3.299647,69,5405.162769
-1.858908,140,5405.436424
2.693216,82,5405.601898
5.504436,65,5405.729977
0.124759,77,5405.885244
1.94828,60,5406.007751
3.655473,62,5406.13277
102.390353,64,5406.266988
-1.974147,118,5406.516978
4.840639,62,5406.647364
1.915074,102,5406.861325
4.828238,76,5407.019866
3.909275,70,5407.164637
103.143931,71,5407.311827
101.390975,57,5418.837976
103.663921,63,5418.96602
1.065782,75,5419.114198
102.722056,52,5419.218632
102.601269,72,5419.357961
3.731448,95,5419.547186
0.867695,84,5419.714496
2.585658,99,5419.930052
4.186423,78,5420.091463
100.975691,95,5420.29679
3.898657,69,5420.443095
102.5274,48,5420.541159
1.417864,62,5420.669638
2.142357,72,5420.812491
101.688025,87,5420.991466
101.014429,83,5421.163245
2.546688,70,5421.304756
100.259589,121,5421.558031
3.021447,80,5421.72216
2.502348,70,5421.865982
105.315352,64,5421.995323
4.509524,89,5422.179276
1.680523,67,5422.317977
-0.976259,103,5422.531588
3.009794,72,5422.687385
101.491496,74,5422.835272
3.264444,78,5434.397776
3.966143,67,5434.531097
2.366023,107,5434.750296
1.127941,80,5434.91947
3.535889,97,5435.135368
101.586305,70,5435.27862
4.523829,73,5435.44081
3.145103,79,5435.603771
104.005302,69,5435.748845
1.449842,81,5435.914039
4.117775,72,5436.064234
0.97364,75,5436.222951
0.877522,221,5436.680174
3.729556,61,5436.807012
3.220741,82,5436.98263
2.440718,67,5437.122965
2.674801,72,5437.274646
103.520963,53,5437.382595
1.91669,64,5437.520689
102.066162,62,5437.651938
4.336103,69,5437.797005
104.374034,65,5437.928379
4.318606,85,5438.104199
101.579732,76,5438.264998
104.80347,71,5438.409443
1.798356,71,5438.55787
100.594019,63,5450.002039
2.569174,61,5450.125955
2.55794,61,5450.246007
1.535146,89,5450.421741
1.405847,70,5450.56051
1.708536,130,5450.818723
100.865038,98,5451.014375
103.467934,72,5451.165882
102.67564,64,5451.298929
4.984721,65,5451.446064
0.069287,101,5451.669232
4.205245,67,5451.80739
3.580709,71,5451.952711
2.191792,61,5452.075336
103.712503,57,5452.196867
101.075581,106,5452.418587
4.919753,70,5452.568751
4.828617,83,5452.741824
4.123389,65,5452.875234
-0.400489,105,5453.10385
3.27334,64,5453.23897
102.287409,57,5453.369616
1.373427,84,5453.545831
0.212314,124,5453.810847
2.906327,71,5453.987056
5.456382,77,5454.151085
3.157265,72,5465.580331
104.929075,63,5465.704211
101.070773,59,5465.817116
102.937474,68,5465.949426
4.280171,77,5466.112973
1.84547,78,5466.265318
101.69864,71,5466.401313
4.198475,62,5466.523615
0.739164,79,5466.675774
1.855853,72,5466.817358
-0.317779,118,5467.05273
2.904269,82,5467.210057
102.673994,61,5467.327513
0.501971,82,5467.484684
100.481062,63,5467.612653
1.798486,65,5467.747392
101.023111,82,5467.916379
3.269356,77,5468.074155
4.06979,158,5468.388952
5.576097,72,5468.545926
4.273999,66,5468.678805
1.295681,65,5468.816952
2.983929,66,5468.945297
103.016831,58,5469.059654
5.376836,65,5469.186403
4.566124,81,5469.349859
3.713485,74,5469.500521
4.342292,123,5480.969936
102.518398,63,5481.106996
2.175873,68,5481.247164
4.839058,63,5481.379517
3.406159,82,5481.544812
101.984827,60,5481.668199
2.196289,90,5481.849548
2.747207,91,5482.049035
-0.643498,66,5482.182879
101.398776,71,5482.330732
102.158295,76,5482.484105
4.164399,63,5482.610385
3.590218,70,5482.746133
4.434641,67,5482.871896
-0.028237,77,5483.025146
5.944468,68,5483.157771
5.003794,69,5483.292506
104.561187,63,5483.415925
0.557757,76,5483.564497
2.82255,62,5483.68646
-0.820891,243,5484.170833
4.255473,66,5484.301257
100.455438,40,5484.377739
5.315392,85,5484.546661
-1.08153,197,5484.933679
104.825104,67,5496.376602
3.914251,63,5496.504704
5.568616,76,5496.669724
3.56148,69,5496.819371
3.642049,100,5497.016391
1.819737,111,5497.23658
3.278868,207,5497.64194
101.385847,80,5497.800888
101.361019,85,5497.966294
-0.182947,104,5498.170335
4.068922,69,5498.30729
101.578534,62,5498.426912
0.47856,103,5498.625543
4.698678,64,5498.749053
5.290524,66,5498.882079
2.63287,72,5499.033803
0.294501,168,5499.362191
4.24589,91,5499.549181
4.333215,83,5499.718704
101.389741,81,5499.879918
2.607588,96,5500.07327
1.029956,77,5500.224568
4.382914,84,5511.722559
4.148729,64,5511.845874
4.61014,71,5511.98899
103.00829,50,5512.089065
2.932252,82,5512.254036
101.718532,62,5512.382873
100.925726,54,5512.487453
3.603659,71,5512.62994
2.717401,73,5512.775594
101.976086,79,5512.939876
101.431596,56,5513.053149
102.935796,53,5513.157307
103.487443,59,5513.272728
1.151006,88,5513.462802
2.99573,67,5513.596441
101.55122,65,5513.722897
3.34223,67,5513.858063
-0.358885,175,5514.211106
3.64094,68,5514.352808
2.481877,77,5514.507998
2.878236,83,5514.67459
4.172546,69,5514.810459
2.345623,67,5514.943984
2.495235,73,5515.088674
100.868694,72,5515.230241
2.606171,72,5515.370845
0.369329,94,5515.555215
101.293599,36,5515.626261
102.835892,68,5515.756545
1.961357,92,5527.10026
2.592607,75,5527.250625
3.119227,84,5527.431287
1.328902,101,5527.633981
100.619922,76,5527.782809
4.595648,186,5528.160265
100.109479,67,5528.295525
101.671016,59,5528.411033
3.396212,71,5528.556402
1.969674,65,5528.688552
1.952093,71,5528.830224
3.37485,71,5528.971536
1.714957,73,5529.116523
0.077671,72,5529.26532
5.183466,78,5529.416333
0.997105,70,5529.556558
103.072507,75,5529.704465
100.785616,75,5529.8802
3.183889,70,5530.015192
101.143727,89,5530.188425
101.910971,80,5530.345657
-2.141395,169,5530.678062
2.02979,87,5530.851005
1.686678,81,5531.01208
4.379843,81,5542.345195
3.634192,98,5542.553078
0.552945,102,5542.750689
101.219661,35,5542.820163
3.790135,80,5542.977628
3.486944,61,5543.096277
0.915083,77,5543.249308
101.722931,46,5543.340837
3.550735,64,5543.466816
101.618492,61,5543.587717
100.240428,64,5543.713937
100.797339,88,5543.902028
3.616904,71,5544.044797
100.895412,77,5544.201028
1.912351,80,5544.357049
-0.782655,95,5544.548121
101.212369,85,5544.716553
102.62441,64,5544.843301
3.339524,67,5544.976064
101.370205,84,5545.142593
4.234072,79,5545.298362
1.758525,77,5545.458012
100.850201,94,5545.643895
1.615136,73,5545.787025
102.432718,70,5545.932319
5.105432,79,5546.090951
4.678279,68,5546.22687
1.182445,412,5558.255671
105.996571,70,5558.395107
102.580415,76,5558.546283
-1.006939,100,5558.750722
3.337858,69,5558.885082
2.583786,80,5559.040624
101.210189,88,5559.213135
1.483676,130,5559.471798
104.239742,57,5559.585533
101.507228,78,5559.748109
5.089839,68,5559.881418
102.566661,55,5559.991964
5.273036,76,5560.142552
105.786291,67,5560.279606
4.197141,76,5560.428792
3.420973,74,5560.571713
101.741052,75,5560.729715
4.122948,65,5560.859688
2.779761,74,5561.005061
-0.229781,90,5561.186688
5.509564,81,5561.349964
3.231855,79,5561.507234
-0.378755,104,5572.941467
100.939254,41,5573.024184
102.701887,64,5573.152822
4.075664,90,5573.33363
2.208198,70,5573.474116
4.125447,76,5573.622504
-0.755166,99,5573.819113
2.088083,68,5573.957448
101.307991,79,5574.129876
1.554635,62,5574.25267
4.477138,65,5574.380404
1.445485,73,5574.526231
103.475614,71,5574.664653
3.628178,61,5574.781914
2.037165,61,5574.904561
3.87653,80,5575.064785
1.432413,80,5575.222509
4.3785,76,5575.374032
100.856986,78,5575.527808
1.954756,68,5575.662447
3.538046,81,5575.824217
101.528573,71,5575.965302
3.196388,65,5576.095609
2.898422,67,5576.234883
4.762693,75,5576.381937
102.282044,63,5576.504091
101.352019,74,5576.651886
4.697241,70,5576.790932
4.738239,70,5588.121381
101.369695,68,5588.255408
1.519547,78,5588.421811
100.623991,89,5588.599196
3.974823,96,5588.787365
4.403151,67,5588.92369
1.936966,91,5589.100672
101.413283,78,5589.256979
2.976947,76,5589.402648
2.508596,61,5589.524137
101.215786,96,5589.712901
3.093933,86,5589.883399
0.733832,75,5590.033447
4.370037,63,5590.157677
102.59689,63,5590.292434
3.441882,64,5590.41712
101.475708,115,5590.642545
1.612111,81,5590.802852
4.521754,82,5590.964375
104.98424,60,5591.080775
-0.197304,529,5592.140841
2.846877,61,5603.488101
1.329988,71,5603.629523
104.261071,69,5603.768733
0.800721,83,5603.932533
4.123677,143,5604.218672
102.631635,71,5604.363564
3.289923,75,5604.514812
104.812227,59,5604.650274
100.619268,66,5604.777334
100.977098,96,5604.970358
4.709294,63,5605.10149
102.029319,65,5605.233039
3.088083,70,5605.372249
101.779989,53,5605.476553
4.642015,76,5605.624097
3.786193,64,5605.751004
-0.451445,102,5605.958616
103.616318,71,5606.106322
0.935541,69,5606.242686
5.537529,62,5606.360536
4.067714,71,5606.505204
100.2586,44,5606.591728
2.257204,69,5606.727371
2.563776,78,5606.880105
1.381214,69,5607.019018
102.905971,60,5607.136398
4.573559,67,5607.27126
104.908975,66,5607.403378
1.931671,157,5618.956205
1.027971,88,5619.132673
101.583521,77,5619.281147
2.956145,68,5619.418243
1.185578,64,5619.546096
-0.784918,113,5619.771918
3.407894,65,5619.901869
1.862288,68,5620.038589
-1.091908,269,5620.575479
4.006932,64,5620.706445
2.094182,70,5620.847075
4.036062,73,5620.99091
5.616799,70,5621.129009
101.358248,61,5621.254604
-0.506589,83,5621.425787
0.357643,129,5621.686593
3.613196,66,5621.81913
4.577653,65,5621.948002
1.560437,87,5622.12441
2.315098,77,5622.277721
105.719205,69,5622.413934
2.606536,125,5622.675205
2.508714,66,5622.802921
1.827718,90,5634.165151
5.274979,65,5634.293357
100.860285,75,5634.44067
2.967843,63,5634.56468
103.808837,64,5634.701798
102.200779,71,5634.844013
0.455301,131,5635.107173
102.678093,74,5635.251619
5.626091,67,5635.384807
6.014138,74,5635.534613
0.814867,104,5635.743624
103.990902,69,5635.881386
-0.109974,94,5636.068427
101.24021,117,5636.303686
1.382044,92,5636.487649
2.507959,71,5636.627056
3.29868,64,5636.754816
-0.565232,95,5636.940889
2.528059,62,5637.060618
105.387647,73,5637.210711
4.766292,65,5637.340903
101.88249,88,5637.515135
105.480761,74,5637.6612
100.785317,59,5637.779673
4.410188,65,5637.905169
103.735481,57,5638.016038
3.947458,76,5649.400125
4.76193,75,5649.553878
-0.57904,137,5649.836473
102.347805,51,5649.93683
1.437291,81,5650.096426
101.372768,78,5650.254066
5.23891,69,5650.389011
1.888258,67,5650.52406
101.754381,52,5650.626721
101.438102,71,5650.767184
3.744526,78,5650.920492
2.963274,72,5651.060122
3.815588,67,5651.193124
100.666973,69,5651.328795
3.741687,84,5651.497835
102.190327,76,5651.647484
103.715074,64,5651.773115
-0.161316,127,5652.026079
1.333565,93,5652.211901
104.971136,73,5652.355214
1.081979,89,5652.531096
105.405004,73,5652.67744
101.716597,60,5652.794311
101.20268,69,5652.929184
2.850498,68,5653.067182
3.091327,81,5653.2312
2.630523,96,5653.420088
2.576024,70,5664.775691
104.086863,60,5664.891418
101.205724,79,5665.048702
3.712773,100,5665.246186
3.402225,77,5665.399843
0.947562,93,5665.580074
105.074053,62,5665.705519
1.454251,81,5665.871871
100.599396,85,5666.054304
104.326089,70,5666.198379
100.645061,79,5666.356083
101.071284,85,5666.524474
3.471702,96,5666.714827
101.493967,60,5666.835658
1.96148,89,5667.012434
103.55955,67,5667.145319
102.508968,65,5667.273142
3.927835,81,5667.43431
2.192517,67,5667.568676
3.200843,73,5667.711124
101.151641,113,5667.929877
1.208052,89,5668.105731
103.998951,63,5668.230808
105.236375,61,5668.349634
2.10288,72,5668.497792
1.421599,73,5668.647344
3.99186,66,5680.003614
5.065679,67,5680.147401
0.771909,104,5680.355654
101.562177,83,5680.517419
-0.123269,154,5680.832156
0.652992,100,5681.031719
101.511488,62,5681.15556
102.433576,52,5681.259338
3.605528,78,5681.413035
3.733077,73,5681.558318
2.210206,67,5681.698168
1.358511,79,5681.853646
3.709495,70,5681.992983
5.400055,80,5682.151501
2.736415,73,5682.294371
103.938936,72,5682.435393
101.677626,79,5682.59704
-2.04398,127,5682.847314
0.620875,172,5683.185828
100.318695,19,5683.22453
102.633568,67,5683.361607
100.740699,374,5695.333725
3.337061,79,5695.492307
2.614999,67,5695.621241
101.214797,69,5695.758974
1.271033,70,5695.900287
101.183257,95,5696.090193
5.556881,80,5696.250383
104.417745,58,5696.382836
104.529332,72,5696.524466
104.589916,63,5696.651787
101.434789,77,5696.806813
5.021179,69,5696.954342
2.16458,69,5697.089007
0.631654,108,5697.301063
5.479947,82,5697.461066
104.084741,73,5697.604528
4.129534,78,5697.763343
1.432382,95,5697.94935
3.175799,65,5698.074434
1.773583,93,5698.260155
100.980514,71,5698.404351
5.328688,79,5698.567824
2.051564,84,5698.732792
101.09297,61,5698.85305
4.765079,84,5699.02319
2.767341,95,5699.213873
5.458735,74,5699.362126
3.846867,68,5710.750296
3.274527,63,5710.88821
3.943606,63,5711.010251
101.012469,50,5711.111214
1.974875,61,5711.235982
3.56537,70,5711.379519
101.978659,72,5711.521525
2.525468,66,5711.653908
101.48418,129,5711.919662
1.487697,85,5712.085808
1.943453,71,5712.230101
4.502477,72,5712.378583
0.775762,97,5712.573555
3.167671,81,5712.740005
102.159422,68,5712.876704
-0.39422,134,5713.153053
101.000328,34,5713.222109
1.348499,66,5713.362684
4.735737,62,5713.492448
0.092949,87,5713.679306
101.628616,61,5713.813585
101.864763,66,5713.944393
1.850669,67,5714.081992
1.532721,70,5714.22242
102.293921,75,5714.37385
3.447629,67,5714.509188
100.381087,66,5714.641712
4.359934,75,5714.788821
1.700268,70,5726.12089
104.925552,66,5726.25094
3.557044,74,5726.400127
0.46574,69,5726.537776
2.007279,86,5726.716326
5.587856,87,5726.890502
3.33498,82,5727.062115
1.55422,74,5727.224604
104.580216,71,5727.366684
3.026225,72,5727.510635
4.901499,64,5727.637069
103.025888,71,5727.779987
3.683702,87,5727.95724
2.726159,77,5728.108968
2.97143,77,5728.260916
105.646421,66,5728.391305
4.656797,69,5728.526985
101.874599,90,5728.709891
106.115944,71,5728.851752
4.902276,84,5729.017645
1.512679,112,5729.241767
4.36854,72,5729.393449
4.703022,67,5729.532746
0.031086,109,5729.75714
2.158789,77,5729.91504
4.410465,85,5730.09158
1.835916,101,5741.547213
1.313828,79,5741.728387
3.849347,66,5741.858491
101.338159,86,5742.031145
103.25162,65,5742.166821
3.205951,71,5742.306376
105.677701,71,5742.448058
103.680478,74,5742.605537
4.599368,67,5742.73767
2.809445,61,5742.860253
4.834925,70,5743.00039
2.915302,63,5743.128949
101.005367,74,5743.273222
100.978496,97,5743.468441
2.900164,79,5743.623153
1.245849,103,5743.828464
103.24186,68,5743.961826
1.325357,74,5744.11363
5.188218,64,5744.239848
3.212479,66,5744.37261
2.176573,88,5744.543766
4.888146,155,5744.85715
-0.621095,87,5745.027946
2.884034,65,5745.155707
3.997719,90,5745.338565
3.678778,65,5745.468537
103.203072,58,5756.782944
1.607415,89,5756.960747
101.392226,74,5757.104684
5.55763,63,5757.228647
3.178405,105,5757.43417
102.22803,63,5757.557032
101.673495,90,5757.732166
2.220785,68,5757.867824
104.411127,70,5758.002225
101.143338,64,5758.129213
102.939088,73,5758.286312
4.405712,73,5758.435134
100.937863,85,5758.600569
0.47948,83,5758.761838
3.516955,71,5758.900196
101.318192,82,5759.061907
2.034748,61,5759.181109
2.077943,76,5759.332721
101.006291,58,5759.445968
104.661817,62,5759.564882
3.210617,68,5759.698791
101.661109,79,5759.853436
105.445755,72,5759.997187
2.33893,67,5760.129489
1.50661,85,5760.291163
1.520511,121,5760.533731
3.404369,66,5760.666887
3.685184,158,5772.261775
1.98216,88,5772.442699
1.131657,85,5772.620429
3.205947,61,5772.744873
1.986986,66,5772.874955
4.034243,63,5773.000617
4.450611,71,5773.140569
104.120186,71,5773.277574
101.233553,86,5773.456926
-0.317679,186,5773.835241
2.882964,62,5773.960768
104.438762,70,5774.105787
0.070019,72,5774.261705
2.934764,67,5774.401469
2.433505,66,5774.540255
5.318335,82,5774.711095
2.995734,73,5774.857839
3.187035,98,5775.056579
4.416353,68,5775.192452
4.85362,65,5775.324906
101.728591,86,5775.493503
5.045198,76,5775.646078
-0.775446,59,5775.769084
102.312927,66,5775.904314
1.143653,72,5776.053712
3.012819,74,5776.207866
102.93408,62,5787.587201
1.250498,67,5787.723149
1.641133,64,5787.859167
102.902271,68,5787.996689
3.341887,78,5788.157685
3.030421,92,5788.362024
4.19967,109,5788.590683
101.248902,58,5788.709209
-0.009857,79,5788.863104
3.510338,70,5789.001592
4.116678,72,5789.157782
0.272892,82,5789.32838
4.418015,66,5789.465182
0.286581,79,5789.626259
100.676714,85,5789.804863
3.892336,66,5789.942837
101.881501,46,5790.037419
1.828104,80,5790.202894
101.168811,36,5790.274143
3.992898,106,5790.482403
4.317795,74,5790.627897
3.320523,91,5790.804233
-0.267698,83,5790.968449
100.621713,70,5791.107438
0.847096,74,5791.253258
102.531593,72,5791.39572
103.646988,67,5791.533329
104.657608,68,5791.668909
-0.950966,479,5803.832288
1.870576,76,5803.988571
101.539812,42,5804.07306
1.704982,78,5804.225337
102.705996,67,5804.356886
3.490135,82,5804.524612
1.41773,100,5804.751489
101.973389,71,5804.894611
5.442616,63,5805.017756
104.297683,62,5805.140534
104.527759,68,5805.274601
4.225414,61,5805.398699
3.297746,85,5805.565975
4.715373,67,5805.70259
3.154093,68,5805.835458
101.623319,89,5806.016364
0.389712,77,5806.170332
103.36725,71,5806.313748
103.483775,53,5806.419778
101.096492,70,5806.558752
1.722976,76,5806.713441
1.401652,65,5806.842918
101.154786,83,5818.466637
103.470324,62,5818.591044
0.465427,116,5818.821721
105.370709,70,5818.976932
3.231658,85,5819.146113
2.558339,66,5819.279521
103.738004,68,5819.41737
-0.897946,60,5819.541816
101.110558,33,5819.607343
103.234072,55,5819.718102
1.000014,81,5819.879449
100.88305,58,5819.99348
104.791437,59,5820.111733
0.283987,120,5820.3515
5.023276,77,5820.506819
1.128467,108,5820.718861
101.076714,67,5820.850562
4.306582,83,5821.013963
1.937492,65,5821.15122
3.116641,66,5821.283401
4.73557,66,5821.410878
4.047548,67,5821.542853
1.985051,66,5821.675635
3.510927,83,5821.843322
2.267039,98,5822.032291
102.289017,50,5822.13846
4.113793,85,5822.309482
4.745559,61,5822.430899
3.395854,75,5833.778506
102.292046,63,5833.907927
3.077711,62,5834.029139
101.348079,85,5834.194441
0.98752,95,5834.382054
3.437989,68,5834.515816
103.693535,63,5834.64291
105.243521,72,5834.78849
2.208582,72,5834.955952
2.843716,87,5835.127635
3.353453,78,5835.281636
1.417239,114,5835.51575
1.848894,195,5835.906109
2.723081,69,5836.043707
1.363592,80,5836.202888
5.491563,72,5836.34431
1.214324,125,5836.595556
3.67568,136,5836.869833
3.462462,203,5837.274273
4.190632,72,5837.423848
100.536611,86,5837.593914
2.78525,71,5837.732829
3.004512,63,5837.856806
104.150135,73,5849.297132
101.128606,56,5849.411113
1.485966,79,5849.579032
2.287461,79,5849.736502
2.596285,78,5849.891254
1.770637,67,5850.023006
1.574569,97,5850.220392
2.691688,70,5850.363742
3.66037,69,5850.501675
4.25448,69,5850.638756
2.280055,63,5850.76322
-2.231244,452,5851.668422
2.747331,161,5851.979246
100.948719,80,5852.139948
3.467863,66,5852.268604
4.408349,67,5852.400949
1.971624,69,5852.538624
3.512658,67,5852.674047
104.892209,67,5852.804266
103.550227,72,5852.944322
4.866129,66,5853.072096
3.676956,68,5853.211225
2.645926,60,5864.56243
1.340557,71,5864.701224
1.385676,86,5864.874004
100.967818,108,5865.087991
106.022984,72,5865.230684
0.699897,103,5865.437834
105.323112,68,5865.576837
100.980558,55,5865.686055
3.982516,64,5865.813204
0.8548,81,5865.990248
3.331828,73,5866.134106
3.441595,94,5866.317944
104.159687,58,5866.43225
4.004945,68,5866.567658
2.112658,60,5866.689482
104.140614,64,5866.818671
0.334413,103,5867.020653
1.932747,77,5867.174546
1.56796,64,5867.297972
4.527703,140,5867.573594
0.816527,239,5868.039303
3.237972,76,5868.186251
2.626652,74,5868.337217
101.937232,60,5868.453079
5.283081,65,5879.819824
2.937815,97,5880.029376
2.125125,67,5880.162486
4.765821,63,5880.286153
5.657726,71,5880.426788
105.18969,72,5880.572608
104.637363,70,5880.716329
5.954758,82,5880.883183
2.190568,97,5881.076266
101.434298,65,5881.208307
0.802392,70,5881.348368
1.910158,60,5881.468367
0.663675,115,5881.702818
2.198639,69,5881.841167
4.77419,65,5881.969877
100.831574,89,5882.150481
101.278334,80,5882.305736
0.138127,143,5882.597804
100.735357,79,5882.754613
4.880333,63,5882.881908
5.414327,61,5883.005148
103.980995,59,5883.122739
3.02096,74,5883.270875
104.494785,73,5883.416809
3.74676,78,5883.57842
-0.548312,109,5883.792078
-0.477373,92,5895.201959
101.950543,78,5895.360357
3.038897,72,5895.501077
2.150817,65,5895.631241
2.663596,63,5895.758041
105.502488,61,5895.880244
3.267667,87,5896.066197
100.501129,83,5896.237306
0.879923,145,5896.525007
2.071145,74,5896.67163
5.244075,69,5896.810565
101.462371,85,5896.980248
101.094824,99,5897.177865
3.80842,80,5897.337514
101.648297,66,5897.468997
100.107553,58,5897.586367
3.280209,123,5897.832704
101.406224,39,5897.914166
2.038282,70,5898.05171
3.740575,63,5898.177759
0.917559,71,5898.32047
102.83095,67,5898.453011
3.439829,62,5898.57645
103.699628,68,5898.707702
3.338911,69,5898.844537
5.12229,94,5899.02876
2.986448,66,5899.16215
1.160718,95,5910.552011
100.991968,68,5910.685686
5.035889,63,5910.8098
3.644868,66,5910.954534
1.837812,68,5911.089855
2.127889,88,5911.26456
100.944237,29,5911.323749
6.007895,72,5911.469078
4.319169,83,5911.643157
101.781885,75,5911.792205
4.627677,64,5911.917382
5.615019,63,5912.044698
100.97444,75,5912.195523
1.501738,112,5912.425268
104.790044,67,5912.559058
2.179985,71,5912.696232
2.09942,63,5912.821749
101.661066,74,5912.96786
102.903165,66,5913.102312
1.397207,111,5913.334695
2.506809,68,5913.469733
1.11235,187,5913.847916
2.977863,61,5913.967554
102.518063,64,5914.095163
5.39354,64,5914.235834
2.495697,76,5914.384628
2.785891,79,5914.539526
0.662368,112,5925.941209
3.464186,74,5926.086637
4.952823,74,5926.23346
102.423373,63,5926.354938
5.260565,84,5926.536196
2.879802,85,5926.705353
4.468805,69,5926.840352
101.174616,57,5926.954977
2.607869,73,5927.098689
101.604031,69,5927.236366
1.285473,102,5927.440874
105.441482,64,5927.568623
2.047307,79,5927.727222
4.376021,62,5927.8501
105.886943,69,5927.999642
1.8262,62,5928.126719
4.057998,62,5928.25055
4.48375,72,5928.393927
4.139418,69,5928.53103
102.951789,75,5928.681827
0.980001,95,5928.872457
4.706971,69,5929.012014
1.714883,71,5929.155005
-0.216056,90,5929.3336
2.813109,62,5929.458465
106.030577,67,5929.592544
4.661358,82,5929.767616
1.735329,65,5941.067511
1.293639,92,5941.253404
101.003534,116,5941.480002
0.695127,113,5941.727782
2.041444,75,5941.876339
0.975168,96,5942.059547
103.070922,68,5942.196252
101.619144,82,5942.355903
2.219147,78,5942.513754
101.773204,80,5942.669459
4.07997,89,5942.849854
3.542511,82,5943.01024
1.082817,85,5943.179342
103.304499,67,5943.314865
102.625486,55,5943.427474
103.884604,58,5943.54208
3.803411,89,5943.718143
0.947155,99,5943.915678
2.782271,72,5944.062858
2.733126,63,5944.187956
101.350642,95,5944.378628
2.247902,65,5944.505881
4.402007,76,5944.655677
103.728991,53,5944.760421
3.418168,67,5944.892152
0.178464,113,5945.116873
4.659218,66,5956.498971
5.56399,67,5956.637748
4.588285,94,5956.829998
2.535868,90,5957.009813
4.974162,62,5957.131405
2.213602,68,5957.268492
3.562235,62,5957.394348
2.197316,72,5957.537387
1.407885,81,5957.715674
1.189192,75,5957.872575
4.716484,63,5958.005931
101.604662,71,5958.154204
3.658862,80,5958.320759
100.848905,102,5958.53637
1.307833,106,5958.753036
101.127046,60,5958.870184
1.908308,87,5959.048777
100.814388,101,5959.248018
3.067167,67,5959.381342
3.882522,65,5959.509342
0.857471,69,5959.644891
101.313182,54,5959.750516
100.936309,33,5959.814056
1.757802,62,5959.934419
0.755015,86,5960.104152
0.985392,103,5960.311786
3.690973,66,5960.441149
1.319968,70,5971.805887
1.67172,82,5971.967129
1.464019,82,5972.129452
4.609031,71,5972.272864
1.949352,154,5972.574439
104.956758,72,5972.734482
0.553682,87,5972.912371
2.653791,108,5973.139122
104.962732,62,5973.26038
3.153458,93,5973.446242
3.279618,68,5973.582843
3.293472,61,5973.706599
0.922894,72,5973.852174
2.185928,94,5974.042488
1.404454,97,5974.2335
4.342309,75,5974.384292
105.32168,74,5974.532141
103.301733,63,5974.659441
4.578847,66,5974.790496
101.166927,54,5974.90199
4.906211,61,5975.026163
100.475634,52,5975.129221
4.370957,73,5975.277256
104.276064,66,5975.409366
2.948879,65,5975.542808
3.735765,67,5975.680229
5.550348,118,5987.090809
3.404249,80,5987.265043
100.649372,64,5987.394261
0.46678,112,5987.612519
0.222626,88,5987.788676
3.63119,73,5987.933453
100.93078,83,5988.103545
5.561211,72,5988.24884
3.106083,79,5988.40274
101.299138,56,5988.519599
1.031468,104,5988.729844
105.723663,67,5988.86484
100.953963,90,5989.041277
105.334763,69,5989.177306
2.208464,60,5989.297431
5.157207,63,5989.424277
101.619971,61,5989.54667
4.563589,67,5989.681384
0.746259,117,5989.920292
4.303179,68,5990.054333
5.169942,64,5990.188479
3.633772,62,5990.307962
101.903626,60,5990.426369
4.499968,71,5990.567413
2.117322,128,5990.830386
0.856136,102,5991.029356
101.394387,45,5991.117514
4.504902,148,6002.626567
4.065349,78,6002.779519
1.614667,98,6002.973904
4.131915,66,6003.107618
5.458224,67,6003.238064
5.264574,64,6003.387009
1.775897,69,6003.530393
104.594767,63,6003.651714
103.886229,62,6003.773707
103.97216,70,6003.912328
5.169084,70,6004.046865
2.951563,97,6004.23464
105.137783,65,6004.363737
1.125499,92,6004.544994
3.379957,66,6004.676877
2.932879,61,6004.79729
101.136552,77,6004.949089
0.345713,80,6005.108007
4.205477,78,6005.258978
101.389076,72,6005.403176
4.279443,71,6005.546408
100.958333,95,6005.734619
2.085175,73,6005.883578
4.865229,68,6006.019951
105.19375,67,6006.150651
101.278015,72,6006.291094
2.25255,78,6006.444992
101.891752,69,6017.89315
2.523038,68,6018.026498
103.879156,58,6018.139504
2.914004,78,6018.292203
1.136926,92,6018.476623
4.821074,65,6018.607058
5.019297,67,6018.740484
105.091257,61,6018.862908
3.138071,96,6019.055207
2.213336,92,6019.241338
105.783235,66,6019.371781
100.750003,73,6019.516594
2.049454,132,6019.776197
2.537278,72,6019.926223
4.154382,68,6020.064466
102.784677,67,6020.197424
-2.119161,127,6020.447244
1.840023,82,6020.604809
5.212842,75,6020.750569
5.335515,66,6020.882584
4.154815,80,6021.043041
2.71596,80,6021.202203
3.820001,64,6021.325885
101.614631,63,6021.452461
4.161988,78,6021.610477
101.120767,74,6021.752436
5.019365,72,6033.117624
4.948226,78,6033.271385
2.158287,64,6033.393842
4.293846,70,6033.533115
2.147293,72,6033.673715
3.224453,80,6033.834011
103.114388,70,6033.983756
101.870639,55,6034.092829
4.732733,61,6034.215818
101.616321,66,6034.346872
102.636427,52,6034.448252
4.224123,65,6034.575636
100.487914,79,6034.729973
2.792889,76,6034.881491
2.638018,77,6035.03923
101.133234,91,6035.215916
100.662284,69,6035.351013
2.153688,65,6035.478424
102.974945,68,6035.610007
104.80515,61,6035.731263
1.410422,86,6035.900512
102.516015,58,6036.015983
0.811338,84,6036.180003
3.931748,66,6036.315593
0.732274,1000,6049.546687
2.392872,68,6049.676699
103.069258,66,6049.806791
4.036506,205,6050.207075
1.660492,74,6050.349279
3.337193,81,6050.508279
101.173267,71,6050.653649
104.285472,59,6050.775117
1.082305,146,6051.076988
2.519026,76,6051.235306
3.078882,85,6051.414226
3.487867,71,6051.56039
0.522135,97,6051.763804
5.084034,63,6051.891676
3.570207,89,6052.0781
1.312774,110,6052.308245
2.339428,66,6052.449358
104.094288,54,6063.905547
102.790975,57,6064.026863
0.389726,77,6064.187818
4.56223,65,6064.321743
0.966435,89,6064.526692
5.310581,66,6064.666533
3.980562,70,6064.814118
101.689838,72,6064.971793
4.051663,69,6065.115621
2.237862,67,6065.256516
2.318815,137,6065.538044
4.841113,104,6065.755888
0.684181,102,6065.96708
4.691568,65,6066.105233
1.801113,68,6066.249344
102.079316,45,6066.343702
0.902314,80,6066.511465
1.751002,93,6066.700804
0.957125,63,6066.832161
4.416957,69,6066.972053
101.693645,77,6067.13056
4.69469,74,6067.282486
102.52332,67,6067.417423
3.481987,81,6067.585813
2.769512,67,6067.721058
4.176786,62,6067.848531
1.612107,94,6068.045533
101.947722,91,6079.799009
5.223368,68,6079.939925
2.974089,71,6080.088557
1.10258,87,6080.271642
0.719361,77,6080.431539
2.027448,61,6080.559215
103.34111,61,6080.687862
101.666345,67,6080.830591
3.248167,61,6080.957607
101.422136,108,6081.188922
101.765795,76,6081.350382
1.127232,79,6081.512639
102.972646,71,6081.664891
101.703771,80,6081.831771
100.051529,16,6081.864094
101.142462,97,6082.063633
-0.961244,87,6082.238302
0.032766,113,6082.475736
1.437986,84,6082.64976
101.098327,118,6082.892106
-0.146898,1000,6096.136026
0.972227,73,6096.299627
104.41139,77,6096.459523
4.978885,120,6096.714428
3.100586,67,6096.861094
1.378878,103,6097.075521
100.478019,41,6097.16421
0.663729,144,6097.463967
3.095666,65,6097.595817
1.375008,71,6097.74172
1.200903,101,6097.944139
2.856592,70,6098.082003
3.354661,71,6098.220722
3.904837,67,6098.361164
3.670734,65,6098.488738
101.492143,89,6098.665843
0.839429,89,6098.85131
1.350264,82,6099.015363
0.792082,85,6099.184763
4.083997,100,6110.591796
-0.578979,70,6110.739551
1.567287,72,6110.887356
2.188333,69,6111.038194
1.536061,85,6111.215101
100.640129,53,6111.323122
102.584673,67,6111.465245
2.146834,60,6111.592215
3.60634,72,6111.749655
1.652377,71,6111.901306
2.769858,74,6112.049411
0.985796,94,6112.236408
2.589757,72,6112.38007
4.368933,63,6112.505323
3.549575,98,6112.698554
3.68533,81,6112.861255
103.223132,67,6112.997553
1.420925,178,6113.354652
4.161393,64,6113.483605
3.907677,63,6113.608419
5.205669,68,6113.744241
103.183842,70,6113.883155
3.010196,79,6114.042133
100.701155,36,6114.113316
2.683941,75,6114.270463
1.097316,107,6114.485506
2.251832,68,6114.620299
4.702573,72,6125.99133
3.100837,65,6126.117801
0.754047,71,6126.256243
5.132277,69,6126.395795
2.393693,95,6126.590764
3.000019,101,6126.790688
103.948159,65,6126.933811
3.675685,108,6127.154888
3.278247,73,6127.298183
103.737276,56,6127.413833
3.733887,80,6127.572706
100.905163,81,6127.730355
2.22798,60,6127.850347
1.689084,66,6127.982962
5.354684,72,6128.129811
2.512517,76,6128.282362
2.59454,61,6128.404713
3.180633,92,6128.589887
3.144337,64,6128.715375
1.700429,94,6128.904173
101.319349,85,6129.075434
-0.120719,98,6129.267097
101.168462,83,6129.431282
102.269833,77,6129.5835
4.358291,82,6129.748111
5.890393,80,6129.90696
4.046118,81,6130.072275
2.825002,98,6141.462783
4.498704,69,6141.597325
3.345181,105,6141.824148
5.19378,115,6142.052653
1.383541,152,6142.351921
1.47662,66,6142.479582
101.725043,53,6142.586732
1.302004,93,6142.768003
2.344666,76,6142.919563
2.618086,68,6143.05393
1.284155,91,6143.238641
4.949219,72,6143.379607
4.539999,67,6143.510259
2.579528,128,6143.763382
-2.527,272,6144.314307
5.141498,71,6144.455914
4.83056,74,6144.599454
100.690212,63,6144.725556
-0.638565,151,6145.026485
5.046034,63,6145.148707
4.7946,76,6145.299399
102.222396,66,6156.697805
1.19938,71,6156.853949
1.117095,95,6157.04546
2.406675,70,6157.18063
100.998993,131,6157.438468
2.752981,65,6157.570466
102.347093,66,6157.698651
3.98466,70,6157.838532
2.046791,165,6158.160071
1.356978,99,6158.358259
-0.101319,90,6158.537251
-2.47653,126,6158.788701
3.789446,69,6158.924033
1.564259,78,6159.078389
100.58012,68,6159.211935
1.31726,74,6159.358426
3.517402,66,6159.487533
3.933845,80,6159.647394
0.94035,72,6159.79031
4.090856,62,6159.914647
100.785356,95,6160.103741
102.238444,105,6160.318847
1.604327,141,6160.598492
-0.006014,123,6172.095376
2.982894,65,6172.224335
3.930507,65,6172.354463
5.278279,67,6172.487533
3.418449,450,6173.413071
4.774717,74,6173.561226
101.276358,100,6173.766872
100.347756,71,6173.905278
4.866418,66,6174.035636
2.633648,69,6174.171417
0.351313,102,6174.374159
1.599213,86,6174.545533
103.409971,69,6174.683873
2.567047,59,6174.801734
102.766018,64,6174.929908
102.030417,70,6175.068047
101.90656,74,6175.215919
3.667095,98,6175.406008
1.240795,95,6175.593504
-1.032564,112,6175.819377
104.140058,60,6175.938126
-3.414476,262,6187.65407
0.985928,73,6187.822384
101.099155,64,6187.944853
1.114961,101,6188.147517
103.198498,70,6188.293817
0.62625,107,6188.50651
104.151971,56,6188.614223
4.766828,80,6188.773007
1.403851,92,6188.957301
0.5327,107,6189.171039
2.72803,78,6189.325735
100.371996,70,6189.465125
100.680504,41,6189.54685
4.450251,77,6189.700045
1.442701,73,6189.842711
4.635669,88,6190.016182
101.359467,82,6190.181544
102.806567,48,6190.277379
3.172202,92,6190.46101
2.399039,92,6190.645751
102.921445,70,6190.782643
101.071266,85,6190.951125
5.075716,67,6191.086307
101.624818,66,6191.225711
1.722022,91,6202.620454
103.574473,71,6202.757842
103.979532,54,6202.865339
103.390615,72,6203.008873
2.449442,71,6203.152444
104.952086,68,6203.304741
104.080145,56,6203.416209
1.950802,146,6203.707528
4.263672,60,6203.822573
-0.193831,107,6204.036583
4.040245,67,6204.170807
100.536822,85,6204.338742
-2.535244,189,6204.719855
103.578114,71,6204.858356
0.006414,89,6205.036086
1.42656,63,6205.161376
1.594582,89,6205.335649
102.347645,72,6205.477734
4.342245,63,6205.602823
3.909542,75,6205.750438
3.957593,75,6205.899748
101.566196,85,6206.065701
5.26973,92,6206.248376
3.815948,69,6206.381569
2.18919,71,6206.523049
3.196912,94,6217.915639
103.75524,52,6218.018611
101.508235,56,6218.144122
101.176477,78,6218.297658
101.413248,60,6218.417072
5.269621,123,6218.665132
5.058215,73,6218.806393
3.887961,67,6218.941393
4.907828,66,6219.080897
103.39357,79,6219.238719
101.026993,86,6219.407567
5.325167,70,6219.549466
4.287837,66,6219.680027
100.999394,88,6219.858235
100.617563,77,6220.012567
102.318929,67,6220.146223
103.454367,69,6220.280055
3.606298,65,6220.412585
3.848846,68,6220.55012
101.229779,68,6220.681255
4.046609,67,6220.813785
3.324032,115,6221.044806
100.953784,29,6221.10792
3.539442,70,6221.247871
2.842129,93,6221.434831
103.113951,69,6221.573295
101.099644,74,6221.721399
4.287091,122,6221.961507
1.87309,71,6233.350204
101.635472,74,6233.497124
3.66616,93,6233.687475
4.811437,138,6233.97489
3.493762,101,6234.190844
1.723471,93,6234.387854
2.752697,82,6234.559583
-0.09483,530,6235.639839
102.003866,69,6235.780551
101.673613,86,6235.959621
102.056017,68,6236.103169
1.959846,72,6236.249469
105.605737,67,6236.392452
2.553346,98,6236.596464
3.76025,72,6236.740663
3.166973,85,6236.906924
3.994865,67,6237.039091
5.033949,61,6237.160104
0.670299,98,6237.353475
3.309561,117,6248.805627
2.531485,84,6248.975648
4.150144,76,6249.138196
102.411797,71,6249.2778
3.01915,65,6249.407211
103.103009,48,6249.502055
4.541065,70,6249.636258
2.730661,76,6249.784152
-0.487948,86,6249.955097
5.422627,67,6250.092185
100.764817,59,6250.212532
4.937617,72,6250.372714
2.459474,60,6250.502376
101.73245,45,6250.590357
104.342635,70,6250.728122
0.687464,71,6250.868263
4.95246,97,6251.066521
102.908628,59,6251.189216
4.19859,67,6251.330881
2.254843,80,6251.49752
2.939866,65,6251.630868
2.012154,71,6251.779434
3.666472,91,6251.967207
4.244905,70,6252.115412
4.945446,62,6252.244601
2.913163,85,6252.419343
-2.231614,151,6252.73208
2.280194,66,6264.138035
3.107643,62,6264.270218
5.071465,145,6264.575207
-0.305393,113,6264.808697
4.345008,68,6264.949247
3.869644,70,6265.095432
5.93035,71,6265.242051
104.415147,75,6265.398246
104.541727,73,6265.550767
4.633844,62,6265.680084
4.319684,69,6265.820631
102.07882,79,6265.978931
2.361139,67,6266.108418
2.16649,62,6266.232429
4.664659,77,6266.382509
4.232466,78,6266.543837
3.965309,79,6266.699854
3.783491,68,6266.836956
5.434559,65,6266.964603
106.086398,72,6267.110045
100.593165,69,6267.248907
101.33002,84,6267.414449
3.483816,68,6267.55246
1.770382,81,6267.710525
-0.243178,82,6267.877235
2.732927,67,6268.008203
101.412061,63,6268.133709
