#{"t_start": 1759995047.1954308, "env_id": "CustomLunarLander-v0"}
r,l,t
0.493802,101,0.77757
-0.630881,97,0.960726
-0.031647,111,1.169416
2.824499,80,1.319397
1.455112,93,1.493708
1.766527,109,1.697519
-2.36707,97,1.899162
-0.487085,118,2.128137
-3.627382,112,2.342294
-0.174494,126,2.584919
-1.324733,95,2.774397
0.19538,100,2.97385
0.064669,102,3.172406
0.892345,103,3.373379
0.395039,111,3.591197
1.639712,115,3.839506
-2.400279,106,4.044633
-0.765924,118,4.269879
-1.94934,135,4.53536
-0.424259,97,15.788363
1.529705,113,16.015454
0.996098,96,16.206115
1.519343,94,16.389725
0.211123,105,16.589961
1.64718,99,16.784803
1.294048,110,16.99736
2.558925,111,17.211888
0.496395,118,17.437536
0.549008,117,17.665023
1.406497,98,17.855373
2.166547,124,18.090325
0.042371,105,18.292834
0.607618,105,18.493769
1.688775,101,18.689881
2.075267,94,18.867838
2.466849,83,19.025725
2.293786,96,19.216807
1.881479,115,19.446241
1.667178,110,30.638563
1.788669,105,30.847873
1.494901,106,31.058852
2.431791,98,31.254387
2.778618,98,31.455289
2.223025,96,31.646777
3.189368,103,31.87069
2.691602,89,32.050455
3.013908,88,32.230531
1.76565,104,32.439062
2.885994,90,32.620838
0.813781,88,32.799413
0.541682,84,32.971086
3.797224,83,33.140855
0.488867,106,33.352536
2.046216,99,33.548937
1.318627,91,33.732819
1.609322,82,33.903072
-0.636656,110,34.111764
3.00601,87,34.277628
0.440558,87,34.445907
0.48676,123,34.67926
-1.153296,108,45.966446
2.979956,81,46.131588
3.093767,78,46.287891
2.794784,78,46.445876
2.772799,85,46.618218
1.838617,98,46.81637
1.170903,84,46.974242
-0.20656,88,47.141022
-0.878591,95,47.322615
-1.505076,93,47.502397
1.449906,84,47.664157
-2.118559,135,47.922197
1.679705,82,48.075429
3.073936,82,48.231749
1.162066,95,48.416213
-0.213759,110,48.625038
-1.089664,93,48.803305
2.672086,85,48.968587
1.858712,88,49.138284
1.178793,93,49.31671
3.574026,80,49.469518
3.700702,86,49.632286
-0.68711,102,60.822518
1.477104,88,60.996997
3.297414,85,61.163801
3.604838,76,61.314573
-0.300362,118,61.54779
3.332477,79,61.70082
-0.729882,107,61.927117
0.432479,95,62.109763
2.91111,78,62.261734
4.133216,88,62.434909
0.208071,85,62.600204
2.398074,74,62.747618
4.600534,73,62.89351
1.801086,88,63.065471
2.009482,96,63.251054
-0.685744,111,63.475322
2.258397,78,63.62895
0.380162,97,63.832096
3.805212,73,63.977023
3.36029,83,64.140682
0.070439,101,64.338385
2.374969,89,64.513798
0.789636,96,64.700515
3.101709,91,76.114101
3.597198,84,76.279502
3.672068,77,76.427263
1.563364,82,76.585362
3.026281,77,76.735701
-0.996178,104,76.934938
3.535513,75,77.086853
-0.311791,98,77.276958
-0.291398,96,77.479522
3.762739,73,77.620875
2.887015,78,77.774233
-1.034146,89,77.945655
2.503411,74,78.087573
1.750762,80,78.245412
3.013383,76,78.389524
0.020587,118,78.618529
0.077765,84,78.782799
3.687678,1000,91.749372
0.062742,92,91.93293
1.330303,88,92.105574
1.031468,76,92.259775
0.572406,94,92.447457
2.478674,76,92.598202
1.575589,91,92.774086
1.813797,97,92.96363
0.944552,78,93.119343
0.718804,95,93.30561
3.316985,91,93.486511
4.218019,86,93.662019
1.606699,79,93.818348
-0.407754,117,94.047742
2.846137,74,94.197499
1.672302,81,94.357285
4.244026,69,94.49437
-0.784613,99,94.691277
-0.410024,97,94.881962
2.956721,84,95.047045
-0.102454,146,106.388171
2.525871,79,106.542894
1.304002,97,106.740946
4.767511,78,106.896367
0.988379,92,107.082171
1.64898,71,107.223082
1.521132,81,107.389605
0.127312,88,107.567456
0.343504,92,107.747578
2.612475,72,107.893233
0.337407,83,108.056084
2.099916,83,108.222748
0.486042,107,108.437135
1.852568,85,108.610653
1.261505,92,108.792496
3.575476,86,108.965788
1.485207,92,109.146881
-0.341142,136,109.420736
4.111954,73,109.566778
0.773441,87,109.738931
0.589641,86,109.92456
0.010086,108,110.141171
4.255139,68,121.284311
1.434112,80,121.445625
2.161068,74,121.593822
3.213162,74,121.737242
1.261443,91,121.932729
0.422129,91,122.117691
1.265267,80,122.279781
-0.539456,130,122.541085
1.830085,79,122.699206
1.994705,84,122.865565
1.515002,89,123.045589
2.714177,87,123.220479
-0.472007,100,123.424658
1.554707,83,123.596841
0.047184,104,123.809735
2.243243,74,123.961095
1.052571,87,124.13657
0.489073,82,124.302429
0.129419,99,124.504184
3.420841,77,124.662301
3.794596,69,124.802605
3.383454,84,124.985514
3.780086,73,125.138188
0.528987,91,125.319211
4.139931,74,136.523288
1.377019,80,136.682654
3.573713,68,136.817334
1.581439,79,136.992674
-0.522313,132,137.255322
2.7593,88,137.431652
0.567591,94,137.620363
0.667841,85,137.783887
4.234216,76,137.931473
0.586134,78,138.086375
4.246892,70,138.226288
1.77582,73,138.375062
0.155292,121,138.634635
0.879576,104,138.843719
2.321798,76,138.989159
3.474136,73,139.134395
-0.743276,112,139.348957
3.743212,87,139.519198
-0.251543,104,139.72383
2.002585,79,139.894216
3.841894,86,140.064492
2.352459,68,140.1963
0.620648,95,140.386943
0.862881,88,140.558459
3.673445,68,151.746978
-0.065832,91,151.924248
0.886568,104,152.123576
3.993236,67,152.254532
2.403592,90,152.426905
2.297537,79,152.57912
100.678197,44,152.66663
3.46666,68,152.804453
1.312498,88,152.979363
2.769006,79,153.136127
1.9511,73,153.277707
2.207587,71,153.421279
-0.016957,81,153.581506
0.927247,106,153.789259
4.013075,74,153.934022
1.744434,74,154.080587
1.200252,88,154.251236
3.316977,65,154.378671
3.743883,78,154.532065
3.201597,63,154.65455
4.781877,77,154.805
3.326427,81,154.964085
3.131923,68,155.099264
0.320806,82,155.260679
4.073387,73,155.405096
2.878937,76,155.555436
5.172906,73,166.704618
0.10204,97,166.897577
3.478335,69,167.033307
1.085251,85,167.200623
3.985251,77,167.357625
0.782685,83,167.522215
2.467852,73,167.66782
4.369311,76,167.820594
4.585641,81,167.985366
3.706792,77,168.139951
0.646477,88,168.328056
3.498639,73,168.4759
2.531981,72,168.619354
0.366633,93,168.804983
-0.714483,100,169.002651
4.256684,71,169.145825
3.143203,83,169.311232
1.235181,86,169.482974
1.396626,75,169.630523
2.062978,70,169.768255
4.883028,76,169.92449
3.765025,75,170.083729
0.912844,88,170.256006
0.640737,84,170.425008
3.949226,72,170.565909
2.176855,67,170.699763
2.697828,67,181.869573
3.939188,77,182.018022
2.242952,79,182.1743
3.844722,72,182.31464
3.725064,80,182.472782
4.988752,71,182.609353
4.51633,70,182.747244
1.85186,75,182.89529
3.003392,75,183.039334
1.166677,96,183.23344
3.731476,78,183.39634
0.968993,86,183.563945
2.132125,71,183.702557
4.049788,1000,185.685161
3.308506,80,185.840161
3.656203,79,196.982949
-0.390997,107,197.195557
3.37565,66,197.328579
2.197515,79,197.484863
1.340481,79,197.642149
3.424796,67,197.776695
0.302532,89,197.952969
0.280935,99,198.151047
1.126275,118,198.401131
3.18242,75,198.553013
5.57047,81,198.7153
3.732945,69,198.854085
2.123082,75,199.005597
-0.439373,118,199.23815
2.874106,86,199.409245
0.370819,82,199.573585
2.156657,77,199.743705
3.277019,85,199.916194
1.900992,74,200.063227
0.737258,108,200.273839
2.251691,73,200.417207
100.843471,128,200.67038
1.320516,86,200.843028
1.17842,107,212.063494
1.731701,78,212.216196
4.797706,73,212.358376
3.467896,76,212.508436
4.066258,71,212.653218
2.112025,77,212.80468
1.884213,77,212.954101
1.122863,84,213.119874
1.55396,75,213.266602
4.479198,72,213.408054
2.324987,74,213.569024
5.43424,73,213.712572
3.116695,66,213.843642
1.721011,82,214.008118
3.253667,73,214.153785
0.038822,118,214.389483
-0.210201,94,214.582583
1.227336,95,214.774111
104.236097,67,214.906654
2.903335,69,215.048569
1.446389,69,215.205087
1.139097,75,215.35873
0.835592,74,215.509812
0.744926,75,215.657756
0.935798,74,215.807543
4.378548,73,215.955677
3.389661,66,227.257467
3.632655,69,227.40825
1.813852,69,227.545966
2.457453,76,227.695343
-0.112442,98,227.891729
1.76666,84,228.062656
4.783325,79,228.218375
2.218206,78,228.379488
4.97133,70,228.51925
1.421743,92,228.705145
101.576205,87,228.876851
3.039653,80,229.038904
3.441718,70,229.179481
4.540073,74,229.323594
5.612263,73,229.46997
4.95794,71,229.613081
3.105077,90,229.787389
4.127356,69,229.928416
0.054771,96,230.118402
1.187627,87,230.291182
2.36093,72,230.435596
0.758069,89,230.616525
1.124474,86,230.786427
-0.584322,125,231.034938
2.053897,76,231.18314
2.310046,71,231.3251
4.668897,76,242.580264
1.655657,84,242.749269
2.909282,73,242.893056
0.927572,89,243.07174
2.956242,67,243.201817
2.430154,73,243.34866
0.747609,78,243.518497
5.157285,77,243.675183
-0.033379,79,243.831579
4.065872,98,244.02532
1.407896,95,244.208401
0.413932,102,244.407713
2.117897,83,244.569349
1.252945,83,244.733379
0.06751,104,244.93721
1.142405,75,245.089598
-0.495706,105,245.303647
1.83237,73,245.447503
1.94122,76,245.597343
2.349878,69,245.730846
-1.308621,195,246.118192
2.364991,74,246.266064
4.966573,68,246.399943
5.102861,82,257.627702
1.079205,91,257.812855
0.825553,103,258.019707
1.313061,77,258.170937
4.214295,67,258.306981
4.529406,74,258.453334
3.031991,76,258.604727
0.379535,110,258.828569
5.415773,73,258.990613
0.730211,77,259.143739
4.427186,65,259.275065
2.21258,72,259.424571
101.425606,77,259.576264
3.689833,69,259.71243
1.13798,75,259.86234
4.675453,80,260.022111
1.029934,87,260.197326
101.351258,72,260.343393
4.691297,100,260.543079
3.531404,75,260.7105
3.731163,70,260.850448
2.516469,69,260.987087
4.360038,76,261.135129
101.691865,64,261.257788
1.087146,89,261.432423
3.129336,97,261.636049
0.78154,82,272.883783
2.22521,69,273.020177
1.788785,94,273.208267
0.927971,89,273.382381
5.337743,72,273.539128
3.373731,70,273.680512
1.444755,76,273.834162
1.92127,81,273.996698
4.532225,70,274.137065
1.472986,71,274.278721
3.091696,71,274.421068
-0.175592,105,274.631594
2.33577,78,274.791597
2.500947,73,274.93822
3.257101,71,275.096401
0.137139,113,275.321619
2.548185,69,275.463388
2.884228,68,275.599327
1.219794,74,275.74779
3.048188,72,275.890928
5.2351,72,276.035544
0.372238,81,276.19597
3.520828,68,276.329553
3.241065,69,276.485852
3.251286,69,276.62207
1.264092,72,276.766411
1.876078,78,276.925009
2.444364,74,288.129653
1.447679,76,288.294052
1.74219,72,288.436846
5.075808,70,288.570896
101.617685,83,288.735596
1.584363,75,288.883804
3.24921,82,289.050241
2.000999,73,289.195457
0.261575,109,289.408927
2.465866,77,289.563277
2.14986,76,289.717094
0.33638,85,289.884293
3.096065,66,290.014987
2.35821,72,290.161412
0.068225,168,290.533156
1.79762,75,290.685808
0.993606,91,290.86526
2.186164,75,291.014477
2.162361,76,291.182438
0.932164,82,291.346977
2.185836,70,291.493306
1.846283,82,291.653627
3.458955,67,291.78671
5.143121,74,291.934493
4.345224,64,292.066257
1.472148,76,303.71239
1.875072,70,303.852123
-0.245027,100,304.046566
0.164391,86,304.21445
0.550446,83,304.37969
2.665775,68,304.513072
1.037156,83,304.688632
3.597191,73,304.835755
0.326409,120,305.076254
4.701753,67,305.209518
3.333833,72,305.353284
1.345697,82,305.51809
1.783227,72,305.660278
2.763597,79,305.814899
3.410622,72,305.95588
100.914269,100,306.153067
2.627496,104,306.388878
-0.091918,83,306.574004
103.39792,53,306.683914
3.30285,76,306.835722
1.764841,70,306.980164
2.044508,74,307.130207
-0.477082,87,307.305054
2.65517,68,307.44429
-0.251529,94,307.630871
-0.375633,99,319.506711
2.734716,77,319.681328
0.425972,89,319.855921
2.255888,66,319.988369
1.457993,72,320.13129
0.961389,74,320.288066
2.479334,68,320.420321
5.81662,78,320.577265
3.822992,66,320.704784
0.652014,78,320.859644
3.80036,65,320.98639
5.123925,69,321.138931
0.092145,85,321.30653
0.994245,78,321.461238
4.157916,64,321.583982
4.065072,68,321.715988
2.347516,69,321.850753
3.31822,70,321.986625
1.125194,78,322.141836
4.535692,77,322.293613
3.479078,69,322.443859
0.27678,160,322.758646
0.050853,846,335.553579
1.621578,75,335.6977
3.581026,82,335.858187
-0.746773,95,336.044468
2.184068,79,336.199404
4.309167,68,336.334412
4.401698,73,336.476078
100.428828,121,336.726936
4.003523,68,336.859741
0.35786,157,337.165254
0.659528,104,337.367315
4.798224,71,337.50466
0.854075,98,337.696824
1.023572,100,337.898374
0.033039,173,338.242028
1.913774,70,338.379511
-0.027698,207,349.798832
1.113783,73,349.939974
104.337231,65,350.067011
2.30082,68,350.202
-0.713362,110,350.445567
4.028537,86,350.620938
5.575973,72,350.765051
3.870042,69,350.904538
3.708141,75,351.050513
1.349387,89,351.223446
2.640992,70,351.360457
5.285362,68,351.496987
-0.903,139,351.769061
2.000707,72,351.912076
3.714961,64,352.04909
3.71038,65,352.174443
1.386621,98,352.367252
4.199044,67,352.496402
-0.130081,94,352.679469
0.102962,102,352.876883
2.232751,71,353.016957
-0.296606,104,353.222095
4.733241,75,353.382865
2.895068,72,353.525471
3.597021,70,353.664405
-0.625896,166,365.021065
-1.313624,154,365.324015
2.654132,74,365.468538
0.689392,79,365.62362
-0.144775,93,365.810935
5.288947,71,365.974803
1.239519,76,366.128963
4.033123,71,366.267707
5.003554,68,366.402779
3.787188,90,366.581656
0.410343,95,366.768849
3.749231,95,366.955391
5.443085,74,367.109917
0.560016,76,367.266559
2.368983,69,367.409482
3.078693,91,367.608317
0.189209,91,367.795943
3.885023,67,367.936251
1.177881,81,368.100404
4.219565,68,368.23825
-0.646191,218,368.684039
0.062025,102,368.900145
2.424146,67,380.081829
-0.626937,90,380.264965
3.287565,66,380.399478
3.608822,65,380.531821
0.93462,255,381.042178
2.434724,86,381.223024
-0.395032,128,381.491644
3.536492,66,381.620608
4.013558,77,381.774569
2.853039,70,381.910594
0.523852,84,382.071357
2.515348,83,382.23379
0.900887,79,382.388295
5.721803,66,382.518417
4.234032,74,382.668189
0.422838,97,382.865741
-0.324801,139,383.149479
2.434751,88,383.327963
101.894156,65,383.45659
0.409448,75,383.603833
3.538665,80,383.764942
4.668485,66,383.893465
0.682412,84,384.056844
0.636908,81,395.277322
2.43055,71,395.419046
3.601015,77,395.585299
2.575629,68,395.723429
4.104798,70,395.867732
1.471107,70,396.009104
2.116124,74,396.158903
1.040384,89,396.334384
1.212807,68,396.466896
1.422161,81,396.628297
0.71553,71,396.769442
4.777633,79,396.934235
4.770172,66,397.065838
3.834852,65,397.201707
4.418877,70,397.350548
2.225718,68,397.487647
3.702419,74,397.638782
2.27555,72,397.783313
4.30924,83,397.949861
1.198461,98,398.142197
1.448653,95,398.329124
3.832737,65,398.470041
4.253407,67,398.602306
1.924428,72,398.741281
1.135287,83,398.90441
4.550962,70,399.042863
4.320523,81,399.200606
1.717637,66,399.330278
3.316326,67,411.005115
0.557322,80,411.16892
4.099057,65,411.296291
3.994593,76,411.449985
3.190847,64,411.595189
4.938329,64,411.728207
101.745539,91,411.912709
4.801801,68,412.05772
1.3674,73,412.213614
102.060176,65,412.347057
4.01167,65,412.478388
2.875851,66,412.610936
3.85863,65,412.73672
2.035283,71,412.873475
2.628824,85,413.059604
101.65062,80,413.226946
-0.752404,97,413.42801
3.668003,68,413.568924
1.702874,67,413.704334
2.26425,66,413.840133
1.274031,68,413.977304
-0.699244,106,414.180517
4.165393,69,414.312688
-0.915073,147,414.604191
0.064392,134,414.883631
4.784833,64,415.011192
2.689994,80,426.308626
2.629041,69,426.452867
2.38098,72,426.602764
4.430265,66,426.751979
0.912432,73,426.905321
2.548655,66,427.037031
0.66151,90,427.221995
5.02983,68,427.370376
4.09979,67,427.549358
4.519179,75,427.705881
3.015886,71,427.874393
1.098758,85,428.100861
100.964428,120,428.354017
5.61379,79,428.52897
4.04438,69,428.695752
0.683601,70,428.861381
0.960386,72,429.006428
2.307187,68,429.158187
4.719443,70,429.294279
1.752836,84,429.482831
0.539965,85,429.649332
0.296461,83,429.823139
1.808435,78,429.990521
3.105544,69,430.129467
4.262007,65,430.273514
0.979104,85,430.451756
4.323913,67,430.583537
4.941878,68,442.52366
5.428479,77,442.672321
2.487996,64,442.797667
0.577596,89,442.988236
1.293255,86,443.16356
-0.595687,84,443.337435
3.8521,67,443.472767
4.230299,85,443.651625
4.92431,1000,445.68636
4.99687,72,445.825648
6.164062,71,445.967735
4.357895,67,446.102268
0.706947,99,446.301389
5.113244,81,446.480972
0.920705,78,457.852723
3.267064,68,457.991732
102.547035,71,458.140569
4.734052,67,458.279505
5.5752,69,458.421252
-0.347362,120,458.679414
4.968457,65,458.81345
-0.20034,100,459.015572
5.288243,68,459.154485
0.950203,73,459.304227
0.136534,75,459.45715
3.845212,67,459.598376
1.958372,69,459.739112
1.207068,75,459.887663
3.773156,69,460.026945
1.673639,81,460.193829
0.047225,89,460.365034
0.678933,104,460.586481
2.104286,73,460.732253
1.167738,78,460.881428
4.406358,64,461.003748
4.068686,71,461.143492
1.845355,94,461.326703
4.968294,66,461.454663
0.164129,89,461.630587
2.393183,70,461.767676
2.436404,71,461.912702
5.530074,65,473.051213
4.251848,69,473.197155
4.222257,73,473.344961
-0.924838,100,473.545224
3.277196,64,473.67707
1.562777,68,473.815049
2.172964,78,473.976519
5.420402,70,474.123221
0.026853,133,474.397571
0.774011,86,474.573522
5.15033,74,474.736732
4.342054,65,474.864639
2.222121,67,474.99463
1.942188,81,475.156162
4.502279,130,475.409221
-0.668571,129,475.65776
4.46612,67,475.788116
0.890642,115,476.019325
-0.749985,168,476.356477
0.823197,81,476.529073
1.139278,73,476.670164
2.436422,77,476.817888
2.154245,80,476.973517
5.330537,65,477.098555
5.394303,64,488.843976
4.811807,67,488.972202
101.420008,87,489.14127
2.246805,74,489.284868
3.475317,69,489.422834
1.629588,93,489.616618
1.664864,71,489.754743
1.453703,75,489.901912
3.093682,64,490.030655
4.601242,71,490.16956
2.949504,68,490.302048
0.964084,72,490.442267
2.042558,70,490.577888
3.885516,67,490.706861
4.964761,70,490.841344
1.637604,86,491.008205
4.999407,68,491.144133
2.550961,69,491.278173
1.175321,94,491.474526
1.475086,82,491.636802
4.878776,68,491.770656
2.908357,69,491.908783
5.08147,71,492.052562
3.890654,69,492.185657
1.272636,83,492.347952
2.334703,69,492.488314
4.093534,69,492.622802
4.497473,69,492.758768
2.147831,70,503.929729
105.520301,68,504.062417
5.765372,63,504.190362
4.167231,68,504.325928
3.920971,67,504.457828
4.910571,66,504.588712
1.488264,72,504.730717
4.865135,68,504.866271
0.340272,81,505.026632
1.26398,112,505.261848
4.089327,72,505.405249
0.865725,83,505.567476
1.436182,75,505.710995
0.885208,371,506.441681
4.760179,79,506.597162
3.494021,65,506.7229
100.562899,57,506.836017
0.778869,69,506.973912
1.196928,124,507.218911
-0.583889,181,507.571647
3.179072,70,507.707287
2.537643,72,507.847353
1.998678,77,519.045234
2.609883,79,519.214021
0.864919,72,519.370066
1.552439,74,519.514102
101.544237,69,519.651964
1.339656,75,519.801857
4.761977,69,519.938924
0.077237,269,520.474513
4.1547,66,520.604447
3.425018,80,520.765785
101.250252,81,520.924195
3.029664,73,521.097299
2.769287,72,521.239084
1.467856,74,521.386507
-0.730302,106,521.597631
3.160721,76,521.743773
-1.335183,141,522.021543
4.052714,69,522.158235
-0.734857,109,522.371552
101.633179,89,522.549385
2.869068,66,522.677654
0.336198,111,522.911259
3.178134,74,534.101062
2.860482,71,534.241478
3.11953,69,534.379863
3.218578,67,534.515846
1.094928,76,534.671673
2.235162,72,534.812564
2.965405,66,534.943927
1.604572,71,535.101037
1.695645,79,535.262643
0.925909,99,535.459533
0.56607,95,535.645796
5.013867,74,535.796507
0.992495,87,535.96561
3.249701,72,536.10571
2.910623,70,536.240848
3.791507,70,536.378931
2.917719,82,536.540051
3.961524,66,536.673196
0.472244,98,536.864193
4.559703,69,537.003158
1.560797,93,537.184008
2.919699,68,537.317882
3.99601,93,537.501413
2.866145,65,537.629775
2.084498,79,537.786177
3.088119,68,537.918451
2.391803,73,538.059965
4.089246,65,549.198299
1.937028,70,549.333462
3.643708,66,549.475214
1.128691,73,549.62305
0.29649,125,549.872024
1.070969,85,550.047856
4.044088,65,550.174702
0.31139,96,550.372228
3.993716,67,550.504074
0.858247,74,550.652833
1.944237,72,550.799289
2.052321,67,550.935099
4.301971,73,551.082488
4.656727,66,551.231086
5.347866,89,551.413532
1.712644,77,551.568709
4.457021,68,551.706414
1.000879,102,551.912432
1.503734,108,552.128376
4.86359,71,552.271293
-1.102962,139,552.554803
0.752867,114,552.789076
1.981564,69,552.937829
1.411902,84,553.108425
0.52009,100,564.376179
1.219688,102,564.569744
5.584511,79,564.724262
1.953761,79,564.879686
0.99864,73,565.020684
2.353895,71,565.165407
3.905266,73,565.326518
4.284386,67,565.45976
5.009511,66,565.587618
5.031054,71,565.730829
5.152819,67,565.865263
0.329095,91,566.047772
3.680155,65,566.175078
4.048271,91,566.357504
1.909982,87,566.537032
2.252462,73,566.688445
3.025438,67,566.827716
5.251395,70,566.98106
1.666119,82,567.147877
0.339546,90,567.326176
2.63064,72,567.470792
106.054545,87,567.647196
1.119844,82,567.811651
4.804334,70,567.952885
0.973904,75,568.101617
1.133618,83,568.268332
5.330669,70,568.408683
1.583861,78,579.658222
-0.239041,92,579.841801
2.103373,79,579.99851
0.101314,108,580.216571
5.109556,66,580.342418
0.515117,100,580.545277
104.283418,58,580.675399
4.344982,69,580.821115
1.908511,80,580.978818
3.856754,66,581.108798
2.748123,71,581.252793
0.61505,170,581.597159
4.600755,77,581.75505
1.512153,136,582.02852
2.088432,73,582.173385
5.095478,63,582.298934
3.139641,64,582.42603
2.187379,89,582.601565
3.55595,69,582.738816
1.040821,78,582.898883
3.986676,65,583.031864
4.328549,66,583.164051
1.994403,87,583.343272
4.137751,67,583.479986
0.104764,87,583.652736
4.385379,78,595.207414
4.767658,73,595.356306
1.072466,78,595.513199
0.714707,77,595.685905
5.482925,68,595.825732
1.740384,73,595.973746
3.099749,67,596.109204
3.112387,64,596.239232
5.855756,65,596.366936
5.038356,67,596.500445
4.853433,62,596.624819
1.649957,77,596.781218
2.17884,69,596.917864
1.415042,80,597.077057
-0.063227,86,597.26292
1.707932,79,597.433024
2.909266,83,597.595949
3.565231,80,597.760191
4.714363,68,597.901318
0.517776,78,598.056571
4.101356,67,598.191551
2.903279,74,598.344312
1.313194,85,598.514426
2.547359,84,598.683699
3.259609,114,598.915596
0.308338,75,599.087582
4.972794,64,599.219717
1.38876,72,610.518728
1.976529,70,610.668458
4.795921,68,610.816379
0.820841,93,611.014566
1.121625,96,611.206961
4.426272,74,611.371285
4.217993,66,611.535698
4.526054,68,611.680449
1.836235,71,611.825435
1.795214,93,612.014405
2.207479,93,612.206191
2.526794,73,612.356695
3.597318,72,612.510283
1.301425,91,612.699436
101.032671,135,612.971628
104.028339,77,613.127852
0.032572,89,613.309888
4.797231,63,613.437323
4.807237,69,613.57698
1.318195,95,613.772164
3.914231,67,613.91208
2.345165,92,614.099562
2.134623,85,614.280203
0.934718,82,614.444529
4.124154,72,614.591094
4.873118,71,626.13044
2.395711,76,626.311384
0.497274,87,626.492287
3.125416,66,626.629394
4.540012,67,626.768721
2.793054,86,626.944051
3.605207,73,627.089477
2.184683,71,627.236312
0.828901,81,627.400227
0.795727,91,627.588372
4.874996,68,627.728574
1.720205,75,627.883056
2.770728,69,628.038439
3.095008,66,628.178521
1.273498,76,628.33282
1.573183,72,628.484493
1.158454,78,628.648691
0.043072,98,628.852298
-0.366009,201,629.251284
4.300368,69,629.386668
2.937615,68,629.52157
0.146677,116,629.749495
0.838127,97,629.958188
3.828128,66,630.104126
3.597298,67,630.242085
1.468522,74,641.693769
5.043752,72,641.841558
3.604089,74,641.992094
4.161909,68,642.124125
5.547223,63,642.248332
0.732244,75,642.411095
1.915291,70,642.548783
-0.421293,185,642.926218
-0.694417,1000,644.975725
5.377087,69,645.115271
2.176912,68,645.263268
1.970563,69,645.395716
1.85337,67,645.525675
1.20695,79,645.681043
1.746629,83,657.263317
2.999609,67,657.397032
102.131965,51,657.495079
-0.57157,95,657.678451
4.069699,66,657.812276
3.731263,65,657.951195
4.506465,71,658.089715
2.570402,71,658.228235
2.020139,75,658.37684
1.115124,85,658.542831
1.680318,82,658.706868
0.282781,98,658.899516
2.346518,83,659.070533
5.427622,71,659.217835
1.320569,73,659.375226
3.784407,70,659.514019
0.527958,77,659.676957
3.859144,74,659.81925
2.714028,70,659.955654
5.370786,71,660.094614
3.708631,69,660.228544
4.593803,66,660.360951
4.552057,67,660.490942
4.421675,67,660.625535
1.953522,69,660.763487
4.678851,70,660.901561
2.715674,65,661.029254
3.584912,67,661.162349
4.063999,74,661.317456
0.379428,82,672.852839
3.279362,67,672.989166
3.976695,69,673.131737
0.451199,1000,675.158624
5.6397,67,675.295387
0.814064,80,675.453152
2.398607,67,675.582112
1.178091,68,675.715829
102.359192,76,675.866033
1.179463,71,676.001389
3.488407,66,676.128761
3.454657,75,676.273522
5.062174,63,676.393467
3.670944,67,676.523739
2.378331,74,676.667824
1.505564,82,688.359898
1.339716,80,688.523468
0.493889,1000,690.535791
0.491788,82,690.699711
4.334973,72,690.842079
1.497274,72,690.985066
0.523673,100,691.184759
2.159729,69,691.328246
1.332039,78,691.490689
0.547136,90,691.673879
0.739932,77,691.828457
1.474452,70,691.977738
101.786982,60,692.099271
1.44421,86,692.269839
5.616387,70,692.411194
3.63928,71,704.212387
2.808563,71,704.362041
1.509779,83,704.52771
2.249557,88,704.713625
5.139561,69,704.875631
3.326652,68,705.023607
1.981068,86,705.229193
1.818898,82,705.403935
0.7962,111,705.643765
0.988318,110,705.879343
0.12177,95,706.07125
4.400542,70,706.214414
3.192837,68,706.354559
0.336292,78,706.518737
0.462198,100,706.71683
0.967445,72,706.862413
2.178075,68,706.995865
1.9594,80,707.15604
1.410931,78,707.319252
3.576474,66,707.453769
3.109544,71,707.597323
0.219796,78,707.754101
102.828627,57,707.868229
1.020237,87,708.039854
4.720712,82,708.202081
4.76808,69,708.34181
4.783831,66,719.991325
3.788799,80,720.159572
3.672199,69,720.299104
2.537494,94,720.492953
4.305752,78,720.653265
3.255068,66,720.792257
2.748139,67,720.929648
101.092599,67,721.066349
1.454239,66,721.198695
3.509036,66,721.33367
0.185554,93,721.521519
0.694287,102,721.725062
4.39191,75,721.8913
4.942419,67,722.021653
1.626828,69,722.156987
3.984778,72,722.299733
-0.746425,89,722.473868
1.542641,74,722.621459
3.907167,69,722.760008
3.533634,73,722.904144
100.847758,55,723.014428
101.479062,92,723.201981
-0.223341,158,723.514774
0.401942,78,723.688037
3.081573,77,723.836541
1.838927,68,723.972271
3.175484,69,735.805613
5.308763,81,735.974829
0.029774,151,736.292882
102.233133,91,736.501648
3.299377,74,736.660516
4.250781,79,736.821798
1.944402,70,736.964248
1.754121,79,737.122252
1.29759,81,737.278788
2.544888,77,737.431293
1.088977,75,737.584916
3.617402,71,737.726123
1.862633,68,737.865642
2.681634,72,738.02106
5.150992,62,738.148175
0.013129,85,738.341672
4.163216,74,738.49217
4.792748,69,738.628154
3.461151,67,738.760576
1.513245,86,738.933166
-0.94188,346,739.662288
0.864767,80,739.820321
1.418242,80,751.991946
1.296545,95,752.181178
3.867873,67,752.31889
2.73614,68,752.457284
3.917331,68,752.593604
3.781353,78,752.75357
101.588716,66,752.884391
1.818797,66,753.022258
-0.743408,110,753.253977
0.809889,80,753.414641
3.938064,79,753.568723
2.354632,67,753.703581
2.40499,71,753.840644
4.109235,72,753.982825
0.849276,93,754.168013
6.086332,71,754.304935
1.104762,74,754.450584
3.143452,71,754.591354
1.90451,77,754.747293
0.987917,548,755.862845
4.301336,75,756.021906
4.440509,65,767.608194
2.643315,83,767.773027
2.68606,63,767.896698
2.856036,65,768.037
1.878518,72,768.190733
0.945308,68,768.324901
1.269823,73,768.46962
4.585856,69,768.607157
3.605997,67,768.740506
4.494539,74,768.894251
0.691698,78,769.056546
4.241262,70,769.194697
2.255799,77,769.349304
0.946481,100,769.552791
0.940281,106,769.762937
101.072322,938,771.610551
2.940084,75,782.953379
3.659447,81,783.110948
2.938179,90,783.302153
5.206265,70,783.439321
2.111887,69,783.577612
0.783159,1000,785.505726
0.714836,1000,798.578462
2.994565,72,798.719397
2.838291,77,798.871117
2.991178,72,799.012589
1.008855,75,799.166967
2.222165,67,799.306612
2.562754,68,799.462268
1.295173,75,799.61883
4.850875,71,799.766255
1.875216,97,799.962447
1.138865,95,800.148312
1.294114,95,800.335014
1.732304,70,800.470052
2.099226,69,800.602949
101.701899,89,800.777454
0.615937,93,800.960256
0.659038,92,801.148667
1.857064,90,801.330532
1.784059,84,801.497425
0.045938,83,801.663877
2.436754,81,801.821753
3.026517,99,802.01193
-0.064621,168,813.950088
1.359107,71,814.090167
2.916956,68,814.224017
1.120451,72,814.373515
3.736076,64,814.506109
0.383574,93,814.704451
0.17734,105,814.913455
3.519119,68,815.050541
1.306139,72,815.192011
4.276843,80,815.350745
1.420511,71,815.489355
102.373675,46,815.57966
0.740151,79,815.736101
2.501645,66,815.883697
101.368555,69,816.019368
3.961271,101,816.216148
2.147027,68,816.351322
1.79254,76,816.504084
2.069199,86,816.67084
1.735312,69,816.805217
5.010996,71,816.945542
2.279629,75,817.092417
-0.097771,87,817.259462
1.618756,69,817.394969
100.684011,466,829.484221
3.821014,67,829.614279
4.205413,74,829.76004
0.722832,78,829.929629
4.047312,67,830.066069
0.807796,80,830.22747
102.90916,73,830.380813
101.786663,61,830.512155
4.578036,65,830.657898
0.978258,89,830.849703
4.626645,74,831.012528
3.725285,67,831.151788
4.893344,67,831.291021
4.062712,82,831.45353
1.578068,93,831.642091
2.32685,73,831.785701
2.934419,66,831.913629
1.140246,91,832.098739
1.148072,75,832.248488
1.35207,95,832.436142
1.613464,73,832.584581
4.6369,65,832.714474
2.375643,69,832.857364
2.422415,71,832.997541
3.827538,77,844.278075
101.017746,61,844.400572
0.884403,115,844.637929
1.158476,76,844.785621
4.621343,62,844.90944
100.989392,75,845.057899
5.369802,75,845.204865
5.215753,69,845.343652
-0.888378,111,845.560532
2.784987,69,845.692613
0.68076,78,845.84504
4.485377,67,845.975679
5.094145,72,846.118502
1.585714,103,846.321151
3.570736,67,846.451422
4.534517,65,846.592284
1.196072,97,846.782542
2.185325,71,846.926208
2.86535,72,847.065977
5.031582,79,847.22238
5.651045,64,847.353129
0.311985,79,847.515882
4.327707,74,847.662775
4.92534,63,847.787645
1.467007,71,847.934184
4.326275,80,848.095238
102.471193,70,848.234319
3.542878,76,859.763286
0.050318,93,859.944779
2.859085,67,860.077039
5.368634,65,860.21335
-0.196834,85,860.389673
3.952674,72,860.541857
-0.050582,75,860.695276
4.229571,90,860.896192
1.004978,72,861.038186
3.201082,71,861.180702
3.454397,78,861.334462
2.309543,73,861.477423
2.228857,71,861.620922
4.0938,80,861.779032
1.108681,75,861.930161
3.386225,67,862.063427
4.609952,68,862.202835
4.801375,79,862.363952
3.297271,66,862.495607
1.620773,78,862.653048
0.600576,82,862.82168
1.079584,75,862.973176
2.084959,64,863.102041
-0.12842,1000,876.662263
4.33133,64,876.788359
0.986513,96,876.973024
0.454463,90,877.146264
3.798372,83,877.309554
0.605019,126,877.558617
3.786222,69,877.696769
101.593481,75,877.844874
3.435434,73,877.986846
2.918152,68,878.119946
4.572707,94,878.299487
1.950262,86,878.469579
4.978939,67,878.598567
3.770811,65,878.724245
3.818987,85,878.887959
2.322847,81,879.046025
1.616955,86,879.215682
-0.46412,274,891.292127
1.978443,67,891.423446
3.510716,64,891.5522
1.570012,90,891.730331
3.702291,86,891.900954
-0.144127,223,892.344112
1.207806,80,892.502717
3.027477,86,892.671739
3.858722,75,892.850272
1.868631,85,893.040429
100.234012,45,893.1428
4.605408,68,893.293877
-0.299945,87,893.488515
0.304407,85,893.660312
1.316032,101,893.860235
0.699097,100,894.060839
1.308774,71,894.205256
2.764374,73,894.352158
0.306007,84,894.525692
2.886732,76,894.689366
0.841602,76,894.836925
2.270436,67,894.96841
-0.103147,76,895.121909
1.978544,69,906.440187
2.20037,72,906.579348
-0.235741,94,906.758471
4.881226,68,906.889266
2.563052,68,907.017361
1.774442,94,907.215024
4.481315,72,907.400213
1.971984,70,907.534519
101.222369,108,907.743008
-0.425663,80,907.906117
2.753536,71,908.044013
4.701349,71,908.181781
-0.10134,1000,910.226563
1.894984,85,910.401461
3.818272,64,922.015904
1.491577,93,922.200331
2.722704,76,922.353501
-0.748708,89,922.532227
101.88565,67,922.667766
103.443596,69,922.806252
-0.185466,114,923.038323
3.947416,66,923.18244
100.976718,67,923.31739
1.384198,77,923.470887
2.54254,73,923.625509
0.702422,75,923.776266
3.329756,91,923.954783
3.657765,72,924.098269
2.224806,82,924.264438
3.236277,95,924.450668
1.800431,95,924.642717
1.821385,79,924.813862
0.97887,78,924.974397
4.45743,69,925.11449
2.386766,69,925.24641
3.547918,67,925.378086
1.944886,75,925.526371
3.52466,71,925.674104
4.614601,70,925.815889
3.619023,65,925.946717
5.685336,67,926.076876
3.935939,90,937.58552
1.587926,78,937.739269
1.821054,69,937.874933
4.093408,79,938.032152
4.429741,81,938.194438
101.619664,49,938.290998
103.761093,64,938.422735
4.112453,91,938.61272
4.291323,70,938.753606
-0.741878,103,938.961558
5.389755,74,939.116685
1.017503,75,939.296587
1.801093,67,939.442034
-0.537596,92,939.62476
0.877932,106,939.830897
2.538003,77,939.984512
2.517073,71,940.124602
2.345331,70,940.261255
0.656181,77,940.414629
-0.050291,199,940.822628
3.741554,74,940.970761
1.835857,85,941.145248
4.159063,95,941.341621
4.084089,68,941.485239
1.092041,75,953.100883
3.121747,89,953.281271
3.674861,64,953.406667
101.007673,95,953.595059
1.878665,73,953.745418
0.662442,77,953.896129
2.445411,68,954.035269
2.723371,65,954.178957
100.663993,295,954.765021
0.331078,84,954.932507
0.26809,92,955.118235
2.089276,78,955.274098
-0.242745,102,955.475686
-0.706391,473,956.514184
3.41227,67,956.652044
4.211171,71,956.795488
3.220205,75,956.943165
-0.163176,1000,970.67462
5.783011,66,970.814395
-0.288969,81,970.973176
0.862908,88,971.171895
2.481658,71,971.314279
1.638172,93,971.521018
4.133406,76,971.689887
101.399806,70,971.839494
3.849579,84,972.004779
5.204824,72,972.146699
0.916718,69,972.282425
1.565081,83,972.464054
104.608433,62,972.613757
103.740272,60,972.756798
2.580351,68,972.903259
101.407595,61,973.033147
3.818159,63,973.159396
1.240207,72,984.978808
-0.844054,125,985.253655
4.683889,68,985.400353
3.038666,66,985.543949
4.113447,69,985.697074
103.910961,60,985.82295
2.154072,70,985.965504
3.881683,70,986.099563
4.825751,64,986.231903
102.38102,55,986.338032
1.577822,77,986.491788
4.392449,67,986.626473
3.601421,78,986.783972
2.54226,72,986.928037
101.646541,71,987.075106
0.648255,1000,1000.751583
4.738004,69,1000.889384
3.336594,69,1001.0243
3.60965,67,1001.154198
1.085801,76,1001.304198
101.305898,51,1001.404085
1.931636,74,1001.547102
-0.391137,1000,1003.611694
3.540865,72,1003.767723
-0.090095,93,1003.952365
0.581341,107,1004.163988
3.67989,73,1004.30393
5.289608,65,1004.431789
1.79603,75,1004.593003
3.086434,70,1004.73472
2.420387,71,1004.87465
5.454542,63,1016.264104
2.603606,78,1016.420271
3.857556,66,1016.547589
4.65658,68,1016.680124
5.240158,77,1016.829767
-0.205932,1000,1018.830985
102.83578,67,1018.963144
101.187161,72,1019.108839
2.684412,81,1019.265785
1.606586,69,1019.418464
3.033843,68,1019.554696
-0.363501,97,1019.749329
1.911036,74,1019.901169
101.373826,79,1020.064987
1.039354,349,1032.364226
3.765752,70,1032.505395
3.909192,63,1032.633168
3.622958,86,1032.807521
3.322134,66,1032.947302
-0.118858,77,1033.112705
4.865804,74,1033.261765
4.464993,77,1033.413841
5.578472,72,1033.554174
4.629008,67,1033.686155
4.317217,65,1033.811855
-0.538272,79,1033.974412
101.341682,58,1034.097506
3.842814,70,1034.248623
101.162716,55,1034.36202
2.188739,72,1034.511283
102.759422,55,1034.621681
103.940046,61,1034.7521
1.27073,92,1034.94337
1.519037,73,1035.105819
5.735499,64,1035.237869
100.204237,191,1035.638174
103.282161,59,1035.7584
4.210655,67,1035.888504
0.910884,79,1036.044233
0.538266,90,1047.46273
3.079691,74,1047.612615
2.393306,67,1047.749841
5.642156,66,1047.881535
3.622398,70,1048.031572
1.001015,83,1048.199831
0.72645,1000,1050.229071
1.061039,72,1050.373275
0.788738,91,1050.553857
2.942465,75,1050.703316
4.287585,72,1050.846762
103.482724,68,1050.998893
-1.017676,98,1051.191988
2.120884,80,1051.347418
4.18002,71,1062.743958
2.502911,84,1062.911243
3.073052,92,1063.103634
-0.171963,81,1063.286843
104.946504,69,1063.427108
104.444523,75,1063.577435
3.787517,72,1063.719465
1.755716,69,1063.856729
3.96041,65,1063.987489
-0.108346,79,1064.14306
1.992424,79,1064.303392
1.417817,99,1064.500828
2.485917,82,1064.670895
1.730235,69,1064.810681
0.682357,1000,1066.850172
102.169675,48,1078.234491
3.499486,71,1078.375701
1.893711,99,1078.577866
1.85747,77,1078.728935
0.749427,101,1078.95004
5.183087,69,1079.090735
2.577998,95,1079.280269
102.188267,67,1079.417055
101.584316,76,1079.575073
0.38751,99,1079.776625
3.913233,83,1079.949829
2.61126,69,1080.09391
4.056684,63,1080.223283
4.448567,65,1080.349701
2.753717,68,1080.490848
2.317027,68,1080.638795
2.606399,71,1080.781764
2.840577,68,1080.915796
-0.236523,85,1081.088435
2.978145,67,1081.222383
2.718008,67,1081.359234
0.518917,90,1081.540055
101.833378,78,1081.69515
3.78821,69,1081.83075
1.559715,73,1081.976709
3.315566,65,1082.107252
4.06307,71,1082.250341
3.763009,71,1093.826957
0.434239,92,1094.013972
3.71791,70,1094.154817
0.264031,78,1094.312866
0.375849,138,1094.597519
2.770246,82,1094.784155
2.551953,82,1094.952217
0.700915,76,1095.108405
1.10322,83,1095.279129
1.767932,81,1095.438074
0.093221,85,1095.609966
3.538914,68,1095.748364
4.823281,77,1095.904967
2.816174,76,1096.057724
4.033463,85,1096.227138
0.477476,78,1096.394954
-0.335636,91,1096.579385
4.91601,68,1096.714854
2.999999,70,1096.857682
5.13831,62,1096.980808
3.342234,77,1097.129967
2.259675,81,1097.288579
3.640416,88,1097.461152
4.304766,66,1097.591809
-1.258668,164,1097.917034
-0.236644,95,1109.350124
0.270956,122,1109.587703
-0.071459,127,1109.836753
1.952767,74,1109.982714
4.173973,69,1110.122829
102.48805,65,1110.25291
2.411265,71,1110.395503
3.122452,97,1110.596058
1.780824,81,1110.757534
3.626269,63,1110.888685
-0.772808,515,1111.90145
4.274117,89,1112.074084
4.138597,67,1112.207793
0.793829,83,1112.367608
3.715778,71,1112.505144
2.747989,71,1112.663223
1.844112,69,1112.804893
2.383667,70,1112.94003
0.252179,107,1113.150025
1.229936,88,1124.912527
0.873602,87,1125.089564
3.719629,79,1125.249371
1.901057,70,1125.393234
2.280473,93,1125.586632
3.133265,77,1125.747652
3.498625,75,1125.906163
2.906698,80,1126.064308
1.44038,74,1126.21183
101.069768,71,1126.367354
3.991104,73,1126.563788
2.995889,71,1126.744395
1.377729,84,1126.906409
-1.043974,828,1128.533198
2.99208,84,1128.697981
3.593361,67,1128.828393
3.020526,65,1128.96041
4.22956,94,1140.666191
100.243455,43,1140.754572
103.456487,72,1140.894634
0.678447,73,1141.041187
5.214022,68,1141.176455
4.494335,91,1141.362538
3.377103,85,1141.538275
4.00216,77,1141.694886
3.675333,88,1141.872536
3.586563,74,1142.017186
4.141025,75,1142.166529
4.155817,72,1142.310467
6.205614,68,1142.446135
0.613271,83,1142.61066
-0.553808,1000,1144.602949
1.395753,78,1156.314214
1.858249,66,1156.44562
3.65843,74,1156.587436
2.985277,74,1156.733272
2.784846,72,1156.872019
1.597389,80,1157.027014
4.41669,79,1157.18178
3.133958,73,1157.322928
1.297706,74,1157.465334
0.559859,101,1157.661379
4.193296,68,1157.813343
3.880217,67,1157.961183
3.353248,65,1158.10983
2.300288,76,1158.280892
1.211253,70,1158.422606
1.057107,73,1158.57957
3.058936,91,1158.772379
0.870542,76,1158.927842
2.48755,76,1159.082145
3.795629,75,1159.250502
1.242416,79,1159.418669
4.112602,67,1159.56297
1.135185,83,1159.742766
100.560321,54,1159.857838
4.833191,89,1160.035564
0.257552,86,1160.211796
1.293315,69,1160.358286
-0.466861,104,1172.223348
1.950846,80,1172.388686
2.684365,69,1172.533539
5.36721,62,1172.660213
-0.292996,88,1172.845278
5.212953,71,1172.997343
1.321236,87,1173.183107
2.236711,79,1173.358433
3.388248,89,1173.546766
3.230608,66,1173.687024
0.928624,70,1173.837064
0.241692,1000,1175.952045
2.742533,71,1176.092175
1.549445,71,1176.237371
2.243745,79,1188.001359
-0.425649,89,1188.176497
3.00022,73,1188.322351
2.76841,66,1188.450308
0.431851,121,1188.692069
1.025536,112,1188.917707
2.549505,69,1189.062708
2.62896,96,1189.255353
0.638354,90,1189.433272
2.267126,66,1189.562613
1.440699,74,1189.731675
0.723906,77,1189.889892
3.58902,69,1190.028819
1.566179,77,1190.184294
1.973636,70,1190.325175
-1.294011,148,1190.614224
2.177454,81,1190.769971
101.158968,86,1190.944917
1.081661,114,1191.189097
2.69807,71,1191.336327
2.559183,70,1191.479229
3.90231,69,1191.622
2.933435,85,1191.78995
102.318206,81,1191.957094
1.888335,67,1192.091202
3.815416,70,1203.739845
100.73785,33,1203.806345
3.047267,76,1203.955874
1.204642,84,1204.123406
5.267979,75,1204.269592
-0.634873,123,1204.513964
3.77927,73,1204.660506
4.3415,68,1204.7926
2.790018,70,1204.927905
2.69494,75,1205.08052
1.086524,89,1205.278327
3.140421,73,1205.427039
4.65591,69,1205.570166
1.530539,92,1205.758388
-1.113613,122,1205.996891
2.465089,86,1206.159526
1.671541,69,1206.29521
2.115928,78,1206.448793
3.861554,82,1206.619194
3.352603,66,1206.747228
0.928538,71,1206.88503
0.210584,83,1207.048808
1.450604,69,1207.185755
103.219917,60,1207.30651
1.087013,75,1207.453149
-0.292996,118,1207.684625
3.961723,65,1219.501902
103.133884,62,1219.623472
2.561993,70,1219.759757
1.971655,69,1219.8975
2.397198,74,1220.047604
2.128553,91,1220.220179
3.991997,83,1220.385111
0.953167,81,1220.547176
3.125635,66,1220.699349
-0.044025,80,1220.866113
5.208255,66,1221.013974
0.677601,1000,1223.040813
4.405213,66,1223.195547
3.957825,76,1223.352929
3.941086,88,1223.53239
3.198235,64,1235.021303
101.29771,70,1235.16062
3.078102,63,1235.286155
2.437863,65,1235.420197
101.389523,69,1235.560838
2.280232,70,1235.699034
1.418163,111,1235.920107
1.43768,68,1236.059067
0.752851,75,1236.209705
0.885519,97,1236.407037
2.487175,77,1236.583898
4.326573,72,1236.729981
2.542236,70,1236.875677
3.327953,66,1237.00971
100.923472,118,1237.246649
3.191718,92,1237.432133
100.372996,29,1237.49182
1.177857,74,1237.644006
101.398497,122,1237.900052
3.184344,65,1238.027186
3.40091,80,1238.185084
101.542247,76,1238.335487
3.388783,86,1238.50719
4.460642,65,1238.637136
4.221304,70,1238.782219
0.793859,83,1238.946148
4.319705,64,1239.073324
101.401471,80,1250.656824
3.086726,67,1250.78794
-0.438497,1000,1252.796094
100.982482,80,1252.955315
3.481316,76,1253.103406
2.7137,69,1253.239505
3.215241,65,1253.365621
4.72202,64,1253.489182
2.234999,71,1253.627551
1.934344,69,1253.767663
2.062698,77,1253.921836
2.766557,70,1254.060609
1.544551,74,1254.204746
1.213668,83,1254.370542
2.824679,71,1254.52155
3.34352,78,1265.992012
1.628103,78,1266.147374
5.784079,71,1266.289225
1.877725,75,1266.437115
3.120628,79,1266.59507
4.554411,87,1266.767632
1.419184,73,1266.930699
3.78083,67,1267.071142
1.600795,77,1267.222734
2.862697,65,1267.354878
5.901687,65,1267.482933
100.520642,68,1267.617921
3.574623,69,1267.755717
5.086255,76,1267.910497
2.133649,72,1268.060279
0.437208,1000,1281.471219
-1.156647,568,1282.650549
100.944174,99,1282.855094
0.624237,90,1283.034234
3.071277,80,1283.198599
2.831685,89,1283.391508
3.277505,74,1283.539488
2.746488,78,1283.695225
102.188381,64,1283.823508
1.947344,66,1283.957212
3.921423,65,1284.087923
1.448263,72,1284.233979
1.798168,85,1284.405164
101.368763,41,1284.485677
103.271335,73,1284.632106
4.786283,64,1284.762284
3.504326,82,1284.925612
105.827767,68,1285.06158
101.744605,82,1285.228258
0.845614,844,1298.085702
2.464199,77,1298.237787
4.84704,68,1298.373658
2.833271,69,1298.51748
103.114286,83,1298.683674
4.076114,73,1298.831167
101.503574,75,1298.995797
101.369481,113,1299.217516
2.085879,70,1299.353337
4.262722,68,1299.493498
101.698462,80,1299.655734
2.298904,66,1299.78825
0.522222,74,1299.936913
0.982735,67,1300.072056
2.004359,69,1300.210202
-0.455943,86,1300.378539
2.685199,87,1300.570295
2.608233,72,1300.716163
4.447899,73,1300.860541
1.868313,70,1312.42995
-0.524796,100,1312.63309
1.524212,89,1312.813139
1.065497,74,1312.965319
1.442229,71,1313.110644
2.792553,69,1313.248415
4.473186,70,1313.390426
3.530762,64,1313.519401
0.801094,73,1313.661354
0.021213,107,1313.872393
102.357158,59,1313.993602
3.855195,66,1314.124636
2.729992,93,1314.313306
1.116811,72,1314.456979
100.386616,51,1314.560872
1.967536,70,1314.701744
0.498211,102,1314.903174
100.880385,63,1315.036131
0.169517,77,1315.190773
4.457449,75,1315.344545
0.011582,310,1315.982823
0.752347,87,1316.157947
1.122938,112,1316.381781
5.559953,68,1327.931031
3.537529,74,1328.082348
2.819415,69,1328.219131
0.497255,79,1328.373756
5.681445,64,1328.49826
1.509567,75,1328.645077
5.058063,66,1328.790442
5.601364,72,1328.937671
1.306643,75,1329.088513
0.096275,76,1329.240689
-0.217546,1000,1331.210372
2.910827,68,1331.344069
2.485298,71,1331.49447
1.559536,71,1331.638286
102.749903,75,1331.793075
1.135513,86,1331.965672
2.517467,81,1343.425096
5.318612,70,1343.56617
1.882464,74,1343.712487
100.874676,57,1343.826985
2.162411,72,1343.968503
100.660256,61,1344.092341
103.1669,76,1344.243079
100.782269,227,1344.71209
2.790255,70,1344.853761
3.944724,78,1345.015982
4.335015,64,1345.142682
101.127129,85,1345.315331
2.316219,74,1345.468791
100.888727,53,1345.57274
103.185091,72,1345.71774
4.279106,66,1345.850943
1.172518,78,1346.024223
104.291314,62,1346.146964
-0.521503,102,1346.344985
2.612836,65,1346.47677
1.029504,79,1346.634081
1.846877,87,1346.801012
2.103989,68,1346.932731
3.148935,69,1347.069131
3.940932,65,1347.198401
4.400707,63,1347.323229
4.329726,67,1358.650777
4.190518,72,1358.793845
4.787646,67,1358.922505
0.002169,95,1359.108848
1.735878,74,1359.255155
3.141114,73,1359.400212
0.899217,95,1359.589203
1.939655,69,1359.725226
101.478839,76,1359.871923
2.542714,75,1360.021177
4.913955,71,1360.171666
4.552056,66,1360.310743
1.958687,68,1360.463039
2.63088,75,1360.620954
4.059318,64,1360.753184
101.142635,79,1360.914454
4.105972,64,1361.047593
5.676337,75,1361.201117
-0.119139,1000,1374.555286
1.310167,69,1374.689982
3.179435,65,1374.81811
102.826856,52,1374.926447
0.580028,91,1375.104271
2.414454,65,1375.234963
4.530303,64,1375.360734
1.042397,85,1375.52931
4.62869,63,1375.656176
0.606098,95,1375.847759
2.949838,66,1375.976408
3.518928,63,1376.099081
102.017988,86,1376.285379
0.916349,70,1376.424844
1.658806,73,1376.578717
101.825592,61,1376.707294
0.903462,75,1376.861233
-0.086886,97,1377.075158
4.416453,68,1377.213017
2.552548,69,1377.35005
4.606561,67,1377.481513
101.567017,74,1377.629418
2.754686,72,1377.770789
2.524004,74,1377.920532
4.453824,85,1378.094772
1.369236,70,1389.710628
2.620542,73,1389.855046
0.705517,95,1390.039404
5.54244,83,1390.20554
1.085079,75,1390.352681
5.838623,64,1390.476799
5.269219,70,1390.617476
102.833933,71,1390.75716
4.808251,66,1390.885383
-0.438027,1000,1392.898367
2.210625,71,1393.038734
-0.2143,75,1393.187496
1.485401,71,1393.329708
0.3918,86,1393.49978
103.158633,67,1393.632493
1.513349,66,1393.76435
5.365124,67,1405.237124
2.714759,75,1405.388678
0.265825,89,1405.575109
3.764804,78,1405.733008
1.723353,73,1405.883214
102.10711,81,1406.0498
2.277065,72,1406.200923
101.199077,92,1406.406021
0.324795,98,1406.608771
6.013979,66,1406.748642
100.590849,52,1406.853827
1.3319,79,1407.005652
1.678243,72,1407.14177
4.472654,77,1407.291342
5.092526,68,1407.428787
-0.027326,78,1407.58349
3.361312,67,1407.714321
2.553058,69,1407.84814
5.060752,68,1407.978051
2.832695,74,1408.134772
4.437202,66,1408.26715
2.532861,79,1408.418954
1.512375,111,1408.631138
1.794081,92,1408.812335
1.706736,71,1408.950693
2.351616,68,1409.09763
3.891419,67,1409.237049
1.508824,86,1420.964288
2.202704,63,1421.087852
1.219814,78,1421.24308
4.085393,68,1421.378513
0.035743,78,1421.544191
0.829308,119,1421.78017
1.350874,65,1421.915534
2.690158,82,1422.075514
105.195945,73,1422.219795
4.60737,64,1422.348488
4.971863,62,1422.474353
-0.704743,128,1422.73134
0.764756,70,1422.871644
102.400248,58,1422.988468
0.967785,88,1423.18269
102.10045,83,1423.346603
2.203294,74,1423.498484
2.336758,72,1423.642283
1.496963,74,1423.794019
3.856052,64,1423.921613
-0.696965,115,1424.145519
3.123714,90,1424.340104
100.290385,441,1436.579881
3.850562,64,1436.712187
4.779964,63,1436.837907
1.917359,71,1436.983268
4.5297,64,1437.116459
0.523378,75,1437.262774
2.947719,81,1437.427423
0.27258,81,1437.586215
1.390399,71,1437.727498
5.054395,64,1437.85433
4.708388,76,1438.002296
3.372458,70,1438.141155
4.716673,63,1438.262779
0.303789,1000,1440.170298
101.396877,55,1440.280499
-0.01175,78,1451.93907
1.893589,95,1452.127827
2.006252,75,1452.282605
0.189142,99,1452.478243
4.068687,63,1452.600874
5.002069,61,1452.719418
1.090952,89,1452.90306
101.497286,68,1453.035358
4.694637,63,1453.161365
-0.512909,91,1453.338145
4.546124,66,1453.484324
3.293849,66,1453.621907
0.736173,105,1453.838242
2.911776,68,1453.980204
3.854258,66,1454.113844
0.275025,81,1454.284737
4.345585,66,1454.416885
4.389307,72,1454.564691
1.785364,70,1454.707053
0.604202,77,1454.859254
0.566679,126,1455.121339
3.216245,69,1455.255239
-0.221028,94,1455.444309
0.055128,1000,1468.741544
0.983386,71,1468.883805
1.494508,79,1469.045441
3.179056,67,1469.180349
4.136809,71,1469.325265
0.704824,107,1469.543934
0.774799,136,1469.819894
2.607579,64,1469.950907
0.388567,75,1470.100921
1.306869,70,1470.245063
-0.615117,171,1470.592465
1.04606,98,1470.79634
4.356884,65,1470.923019
3.51061,68,1471.053291
3.085785,68,1471.18387
2.947837,72,1471.323329
101.62741,67,1483.006633
3.294189,71,1483.156698
2.216172,78,1483.317029
102.306247,64,1483.442327
2.847238,68,1483.579346
4.801021,63,1483.705642
1.499323,92,1483.88941
101.661937,53,1484.002541
3.070988,65,1484.133894
3.010261,69,1484.270381
101.012977,69,1484.407688
2.125388,75,1484.553241
1.957123,74,1484.698985
4.722191,65,1484.847873
1.242415,82,1485.00518
0.92354,74,1485.149879
4.840881,66,1485.282439
0.204218,90,1485.463334
2.192248,70,1485.60588
1.941636,76,1485.778972
4.465493,99,1485.983997
2.331379,77,1486.161684
4.366434,64,1486.294105
3.8515,78,1486.460869
1.419126,68,1486.606193
1.877995,67,1486.745529
101.213364,70,1486.900032
3.5802,67,1487.049947
1.409529,89,1498.778552
2.601358,66,1498.912832
4.536124,67,1499.046665
1.917177,69,1499.188514
101.33932,62,1499.316857
-0.631188,96,1499.518578
5.798396,73,1499.666491
4.265992,66,1499.799129
1.440943,72,1499.947914
1.252482,72,1500.091511
2.172171,69,1500.228437
101.352013,106,1500.466711
102.577992,73,1500.618623
3.449559,87,1500.80065
3.494191,65,1500.933051
3.12972,68,1501.072561
0.821018,94,1501.261744
2.895074,81,1501.428664
101.475868,73,1501.580931
3.142695,68,1501.719911
1.409495,78,1501.87902
0.911731,89,1502.079217
3.54582,66,1502.214818
0.732551,79,1502.376372
102.282195,54,1502.487983
1.633502,73,1502.636635
4.277902,63,1502.766608
101.603054,55,1502.88014
1.015095,79,1514.458004
1.121322,76,1514.623887
4.65519,79,1514.780569
1.292214,101,1514.978614
100.808719,67,1515.111912
2.810108,68,1515.243676
0.494253,108,1515.463038
3.893759,65,1515.592221
5.364607,72,1515.733859
3.030183,69,1515.865128
101.152254,59,1515.983567
3.389845,73,1516.124861
2.765058,78,1516.276363
4.561463,67,1516.407821
2.34719,84,1516.575284
1.618084,70,1516.71244
4.082461,72,1516.856599
2.290663,82,1517.017688
2.874895,68,1517.159075
4.81079,64,1517.296365
0.83519,70,1517.446105
4.503824,90,1517.634536
-0.880722,111,1517.865795
1.861536,82,1518.033519
101.01242,87,1518.204243
4.95671,87,1518.372659
1.466926,75,1530.110604
2.407944,84,1530.282862
0.960443,70,1530.423171
3.063095,78,1530.584508
1.858455,79,1530.74558
3.755999,77,1530.902728
2.57491,70,1531.04732
5.184123,64,1531.186279
2.797673,67,1531.32816
4.363394,66,1531.467265
101.000998,92,1531.670037
2.763042,74,1531.825971
-0.359277,95,1532.027542
2.775008,67,1532.165467
3.95033,64,1532.295575
3.629312,69,1532.437465
1.635255,74,1532.58529
0.256979,71,1532.739835
3.84347,72,1532.913649
2.56535,75,1533.069138
101.255098,70,1533.210583
101.491678,64,1533.342081
2.275705,90,1533.530859
3.634662,69,1533.673052
-3.304324,382,1546.111158
5.166085,96,1546.330417
2.500332,73,1546.487057
4.109076,67,1546.632031
2.897398,67,1546.771639
3.663581,77,1546.934874
1.740893,84,1547.107463
2.590298,87,1547.289051
0.314639,96,1547.511085
4.807557,81,1547.679053
3.198223,79,1547.840009
-0.1445,148,1548.148693
2.747136,78,1548.312342
102.587718,59,1548.432894
102.852456,85,1548.606808
0.559652,74,1548.759821
3.672698,66,1548.896071
-0.42818,136,1549.190442
0.179192,1000,1562.876789
4.534599,65,1563.005685
2.515682,76,1563.165712
1.82915,68,1563.302558
100.450888,49,1563.411273
3.090214,65,1563.549518
4.173529,63,1563.681529
4.501244,63,1563.81148
2.002046,74,1563.961415
101.165479,745,1565.518768
102.250812,62,1565.645286
0.117267,97,1565.846558
5.114759,181,1577.817822
1.270894,89,1577.994657
103.024935,91,1578.183997
1.303529,85,1578.360898
3.379677,72,1578.508021
1.322406,91,1578.690021
3.839892,86,1578.876488
1.423748,103,1579.093729
103.30415,68,1579.256639
3.218544,66,1579.404578
4.535558,81,1579.580478
3.888403,73,1579.743689
1.422039,77,1579.903615
3.052448,77,1580.062251
3.148477,64,1580.19918
100.712572,73,1580.350071
4.415378,73,1580.516901
4.141428,64,1580.651429
0.142572,1000,1594.363827
102.558588,83,1594.53659
2.359364,65,1594.668003
4.83337,63,1594.805183
2.437507,71,1594.946892
1.424521,97,1595.14292
3.472918,66,1595.275105
0.490272,100,1595.479217
1.06787,71,1595.621736
0.755676,78,1595.78992
1.387553,103,1595.987415
-0.207277,104,1596.19291
2.329538,65,1596.326694
101.063331,71,1596.466979
1.429829,66,1596.597324
4.729141,67,1596.733348
103.611563,74,1596.881175
3.642553,65,1597.011316
101.460216,62,1597.134656
1.167747,69,1597.274291
101.535872,66,1597.407585
0.579722,1000,1610.597722
2.307254,69,1610.732711
2.903483,100,1610.925009
100.966199,58,1611.041256
4.538935,80,1611.194252
2.187177,68,1611.336719
0.746498,72,1611.487867
4.515664,78,1611.641293
101.677328,61,1611.763381
3.124199,65,1611.888586
2.027422,64,1612.017859
4.302485,91,1612.200226
4.709347,73,1612.346873
5.000556,64,1612.472834
100.737294,72,1612.61661
5.730701,98,1612.811932
1.802721,72,1612.955844
0.239426,99,1624.722159
101.221496,59,1624.836585
1.667286,70,1624.978068
101.435294,79,1625.135062
2.396642,71,1625.277295
2.241242,65,1625.406074
2.787745,65,1625.534714
4.818267,71,1625.677255
1.408493,94,1625.879995
4.93246,69,1626.025191
0.263502,76,1626.178203
1.357963,79,1626.354776
103.414654,58,1626.472452
105.813248,69,1626.611272
101.334139,46,1626.706054
2.96922,65,1626.838422
1.732265,71,1626.97717
106.059267,67,1627.115534
4.69373,81,1627.281601
2.023812,67,1627.420404
4.407312,64,1627.552363
3.992142,79,1627.724503
2.293736,69,1627.862692
4.933331,74,1628.0132
4.790626,63,1628.141085
3.463014,62,1628.268355
1.345166,71,1628.412365
3.040849,66,1628.547085
1.653742,70,1628.685731
0.519054,73,1628.832328
1.118468,71,1640.339534
3.100066,71,1640.482988
101.699701,68,1640.621499
3.71836,64,1640.74684
3.319387,72,1640.892515
3.287715,92,1641.079448
4.336613,64,1641.205216
2.244686,65,1641.340965
0.305162,83,1641.504788
5.435435,72,1641.663638
103.200908,55,1641.772276
3.870553,64,1641.899254
1.061627,71,1642.041729
2.166968,64,1642.166251
1.880055,65,1642.294758
3.137089,65,1642.427804
0.931051,92,1642.621898
101.327508,80,1642.790977
100.306578,58,1642.947287
3.431378,73,1643.092284
2.567507,75,1643.239678
1.516022,74,1643.3857
3.317025,78,1643.538823
3.77499,63,1643.663941
4.019229,66,1643.793669
1.001765,68,1643.934952
1.097167,75,1644.084406
-0.015547,93,1644.275187
2.487226,65,1644.405746
-0.802601,99,1656.143456
3.80303,90,1656.323876
3.878577,63,1656.45026
101.785403,81,1656.619322
-0.050628,97,1656.823225
3.927267,74,1656.974106
2.12809,84,1657.146642
1.12109,70,1657.290981
1.317785,91,1657.49295
3.269221,67,1657.634498
1.96954,79,1657.801018
101.464283,90,1657.985605
1.810506,69,1658.125696
4.176139,65,1658.257334
-0.375581,102,1658.465126
4.36032,74,1658.616549
103.827991,72,1658.779915
-0.021455,81,1658.941451
2.048132,69,1659.078951
1.010321,84,1659.249683
5.814875,75,1659.400326
3.304837,87,1659.576283
2.214024,74,1659.728976
2.801974,73,1659.881059
4.261428,70,1660.022718
4.045798,66,1660.155457
4.212281,64,1671.744157
0.739033,111,1671.972395
4.574398,79,1672.135863
3.534874,64,1672.263645
2.815925,65,1672.392234
2.835703,65,1672.5228
2.762587,84,1672.695778
5.035294,63,1672.822628
3.497895,67,1672.957881
100.458064,46,1673.047092
100.94797,90,1673.245824
4.003825,83,1673.412725
0.728471,76,1673.567467
4.936055,63,1673.697618
0.692578,76,1673.849603
4.012371,69,1673.980914
-0.610148,109,1674.191111
-0.085086,87,1674.364325
102.14152,73,1674.507604
2.815153,64,1674.6324
1.453148,70,1674.766677
0.742247,74,1674.913876
4.171131,61,1675.032691
3.297922,61,1675.157996
2.750487,80,1675.337739
0.631488,101,1675.5621
3.865854,64,1675.698885
3.695361,76,1687.254097
2.576004,68,1687.405314
2.033457,77,1687.562416
4.369325,62,1687.690408
2.156784,94,1687.883935
0.923467,76,1688.037996
0.988679,107,1688.256908
1.673907,70,1688.399298
2.058425,68,1688.538695
3.164551,92,1688.734033
3.183414,89,1688.921964
3.919704,66,1689.061579
3.01514,99,1689.261677
101.723859,66,1689.399055
2.337381,67,1689.5349
4.193382,64,1689.664687
3.808192,66,1689.79712
3.519475,65,1689.931134
1.051521,106,1690.151914
1.819383,75,1690.311284
102.900124,71,1690.456458
1.570107,70,1690.599602
1.897677,81,1690.775174
-1.365093,108,1690.99876
3.062423,65,1691.131238
100.744069,42,1691.22132
3.645838,77,1691.386984
100.325463,49,1702.941682
4.331351,73,1703.083387
102.578929,60,1703.204755
2.002102,69,1703.344245
3.904864,64,1703.472032
4.489502,65,1703.601101
1.445132,87,1703.776075
0.589493,83,1703.954008
3.152821,67,1704.087125
2.202231,73,1704.23362
3.83902,88,1704.404288
3.127341,70,1704.545709
1.251987,78,1704.700835
4.226584,66,1704.830404
2.82776,68,1704.963067
0.169419,71,1705.105915
4.222096,63,1705.231392
0.629004,1000,1718.552402
1.67892,70,1718.703505
3.744559,69,1718.84023
101.356732,76,1718.990385
3.523946,63,1719.117138
3.023633,65,1719.248219
102.233734,56,1719.360653
4.91643,70,1719.503291
4.407899,65,1719.635157
100.541734,59,1719.754182
2.240838,78,1719.907115
3.795028,71,1720.05231
4.169453,64,1720.183938
2.661205,71,1720.325646
-0.589721,92,1720.512728
4.214616,66,1720.647337
0.370607,353,1721.362465
2.62282,80,1721.520326
105.788049,69,1721.659685
0.284775,75,1721.820461
4.04926,89,1721.996961
0.14492,113,1722.216883
2.105362,77,1722.367856
0.503008,77,1733.765835
100.030853,31,1733.824708
2.430637,74,1733.969271
4.864212,69,1734.110387
4.880987,64,1734.231454
104.042631,84,1734.401301
102.29852,68,1734.533498
103.620581,62,1734.65725
2.787565,69,1734.798161
4.464748,66,1734.931978
1.01143,67,1735.068711
2.899267,63,1735.205884
1.48896,69,1735.343861
1.847546,89,1735.518639
1.910649,67,1735.652006
1.429779,69,1735.788461
6.11901,84,1735.959144
1.055204,78,1736.109688
2.874627,67,1736.244235
2.076539,69,1736.395643
2.952591,75,1736.549446
3.766665,64,1736.674164
4.407875,76,1736.82639
3.12992,64,1736.952888
1.656026,101,1737.149662
101.523755,66,1737.28407
0.864707,80,1737.444939
103.553018,60,1737.563735
3.87553,64,1737.689901
0.955105,70,1749.215837
4.97086,71,1749.357023
1.221422,66,1749.484691
-0.436809,174,1749.828216
3.949879,71,1749.973476
0.416161,73,1750.117473
-0.156833,100,1750.321598
-0.454045,151,1750.623941
0.510499,82,1750.807697
1.341213,69,1750.947699
2.781782,64,1751.079038
3.796139,73,1751.224051
1.192772,71,1751.363857
4.768543,69,1751.504583
3.967807,64,1751.632142
2.60645,65,1751.767376
-1.916937,265,1752.326299
0.693882,97,1752.517564
100.701767,46,1752.610838
1.093964,69,1752.747642
3.927954,67,1752.881547
5.397548,63,1753.007216
100.794974,55,1753.120368
101.489672,61,1753.239911
102.92725,52,1764.665107
3.422387,63,1764.790288
2.913371,71,1764.931842
1.377532,92,1765.114732
2.476749,63,1765.241033
1.428848,75,1765.391201
1.214112,72,1765.532076
5.115329,71,1765.673384
101.075764,82,1765.838253
5.004627,67,1765.970361
101.891861,45,1766.058137
2.752119,63,1766.185402
3.257418,68,1766.319956
2.181152,73,1766.466903
1.263524,87,1766.654381
0.676161,283,1767.209214
4.399863,65,1767.337296
1.208882,72,1767.476793
4.092196,69,1767.61224
101.425538,70,1767.749631
2.959828,72,1767.906937
3.561155,67,1768.039263
5.0598,63,1768.15981
4.85591,63,1768.293752
1.778984,94,1768.474791
2.792389,83,1768.640837
5.185109,82,1780.14462
1.588133,87,1780.326881
1.897755,72,1780.470196
5.307756,61,1780.589803
2.433016,67,1780.724813
1.574641,84,1780.898161
-0.308649,232,1781.366553
3.832956,61,1781.493601
101.640919,92,1781.682669
3.953089,66,1781.819499
2.29909,85,1781.993438
4.30211,70,1782.135657
1.682189,67,1782.270698
1.689557,69,1782.41291
1.028903,81,1782.575312
100.29315,61,1782.698585
5.217929,63,1782.828698
3.482769,76,1782.984311
3.833575,67,1783.1195
3.552664,64,1783.248723
0.457199,75,1783.395915
0.372342,95,1783.578878
105.437178,65,1783.707126
-0.188904,82,1783.872707
2.496896,78,1784.029501
2.558526,70,1784.166909
0.160956,85,1795.686057
1.364107,81,1795.847733
1.996039,73,1795.992033
4.273371,65,1796.113532
105.368661,67,1796.247028
1.277322,68,1796.376679
0.429974,1000,1798.4812
4.67534,85,1798.659059
-0.071432,1000,1812.055633
-0.430926,99,1812.264498
3.809842,78,1812.425305
3.555464,76,1812.591703
0.88614,77,1812.747828
4.230017,65,1812.879025
4.569971,62,1813.012981
0.875787,86,1813.186379
4.682016,74,1813.33582
3.02446,73,1813.482762
3.664818,72,1813.625494
101.536225,74,1813.776702
0.261819,1000,1827.340843
0.890027,65,1827.470657
101.528499,61,1827.599084
3.620062,63,1827.72898
105.180816,72,1827.880132
1.666973,76,1828.05363
4.557346,61,1828.172796
4.756612,72,1828.31406
2.435341,82,1828.474339
4.697727,68,1828.610229
3.048066,74,1828.756289
2.116573,64,1828.882061
2.30752,68,1829.013406
101.27126,95,1829.19789
101.090738,67,1829.32736
1.814748,68,1829.460655
-0.19692,96,1829.64704
4.18129,69,1829.781363
1.084726,75,1829.927164
1.216142,70,1830.082712
4.318121,65,1830.206443
0.704766,94,1830.390382
4.010914,63,1830.514247
5.952737,65,1830.642536
3.852714,61,1830.76188
101.802993,79,1830.917273
100.778325,54,1842.291569
5.367403,66,1842.416943
102.013867,83,1842.578812
2.705881,63,1842.698139
3.552763,65,1842.829674
3.152917,94,1843.014686
2.008144,73,1843.17185
1.644154,93,1843.361249
1.954406,69,1843.495955
3.813318,62,1843.616643
1.440134,87,1843.789829
5.152073,67,1843.92383
4.146208,80,1844.085405
1.810069,71,1844.225857
5.310848,70,1844.369103
101.085876,70,1844.511469
101.209521,73,1844.66164
0.49358,72,1844.805386
102.564387,48,1844.903353
0.767027,79,1845.064496
1.791129,69,1845.219541
-0.239961,78,1845.376004
4.553111,63,1845.500921
3.131958,67,1845.635829
101.676085,69,1845.773985
5.197793,83,1845.939909
2.55656,75,1846.091676
101.366671,82,1846.25473
102.481426,62,1857.678345
1.536663,69,1857.81935
2.090402,69,1857.960517
-0.103249,90,1858.142454
3.924244,63,1858.267178
3.102139,67,1858.399611
1.384999,78,1858.563609
103.772965,79,1858.726866
1.812441,69,1858.864562
103.698434,53,1858.977302
0.392229,85,1859.163224
3.97425,63,1859.292634
3.817327,83,1859.458872
1.999461,67,1859.594851
2.462659,73,1859.741426
5.145843,72,1859.888466
4.311836,64,1860.0192
102.150907,69,1860.160481
2.856609,67,1860.314464
102.87491,90,1860.496037
5.390422,64,1860.627237
5.611863,62,1860.755512
101.101288,66,1860.891104
0.773589,1000,1874.21457
4.515899,63,1874.36026
2.905303,76,1874.509655
1.332959,68,1874.645337
1.252501,69,1874.786365
3.501497,85,1874.958205
0.40315,79,1875.119835
0.351329,90,1875.299217
4.711735,65,1875.431219
-0.721425,96,1875.620202
3.242292,86,1875.803859
4.770415,64,1875.934546
4.495777,66,1876.068916
3.054262,66,1876.201356
4.056035,63,1876.328736
3.578972,64,1876.457573
3.48154,85,1876.626353
2.245873,63,1876.750483
3.744202,64,1876.879048
3.360566,69,1877.016081
103.95043,70,1877.156031
101.6797,96,1888.726068
5.536312,88,1888.904003
0.44765,82,1889.068007
2.77627,63,1889.192322
3.797737,73,1889.352803
103.291209,66,1889.485651
103.641781,55,1889.599483
4.874602,62,1889.72671
2.044039,65,1889.860177
1.421106,108,1890.079011
4.838992,69,1890.221092
1.393282,79,1890.38676
-0.196352,100,1890.586274
101.248663,80,1890.743931
103.394464,74,1890.896596
2.664227,65,1891.02641
-0.476073,101,1891.240717
2.301905,69,1891.378007
4.895596,72,1891.523543
2.574864,70,1891.664018
2.506373,64,1891.793773
103.35683,71,1891.939878
4.690341,63,1892.064975
3.879698,64,1892.192751
5.648397,66,1892.325639
1.696829,97,1892.519194
101.508764,69,1892.65885
1.163617,71,1892.8141
0.82098,71,1904.273027
4.194414,72,1904.418231
2.253167,85,1904.584798
100.085653,57,1904.698672
0.933324,73,1904.841791
3.159358,61,1904.973582
2.534476,69,1905.111009
-0.470211,167,1905.449772
2.702568,90,1905.62739
4.314698,64,1905.752777
3.726047,64,1905.882836
104.253502,65,1906.011172
1.997272,67,1906.145175
100.647578,84,1906.314305
3.506632,95,1906.507998
1.019437,83,1906.69044
2.361364,66,1906.825006
2.419932,75,1906.979409
4.361469,64,1907.112085
100.257519,23,1907.157763
-0.011632,97,1907.358981
100.324399,39,1907.438236
1.29332,94,1907.627802
4.182548,64,1907.756081
1.105934,80,1907.931175
100.687709,67,1908.069132
4.053787,67,1908.207532
2.360415,72,1919.882709
4.088089,64,1920.012902
-0.598821,87,1920.182806
3.228335,68,1920.314368
3.648089,71,1920.459006
100.841677,71,1920.603253
104.144184,68,1920.743583
1.590193,74,1920.894279
0.264439,73,1921.037384
4.274093,72,1921.181152
5.431612,63,1921.308118
0.77294,77,1921.459059
3.90216,68,1921.593615
1.906499,70,1921.732599
1.326638,75,1921.882041
1.336175,97,1922.076654
2.308573,75,1922.222645
102.10452,62,1922.34654
0.765622,65,1922.480256
1.771131,69,1922.615837
5.130742,68,1922.752386
3.421594,72,1922.899548
4.820946,62,1923.027091
1.438778,68,1923.160727
0.982928,81,1923.320518
2.047583,70,1923.463017
4.032273,79,1923.619883
1.269255,74,1923.765399
3.021246,95,1935.677562
2.334094,71,1935.827363
4.391356,95,1936.039533
3.132376,64,1936.211933
1.274173,76,1936.37184
105.287474,70,1936.52609
4.903834,67,1936.660117
3.729906,65,1936.794167
2.673646,68,1936.928548
3.20358,63,1937.059005
100.361515,62,1937.194326
3.640962,64,1937.33089
103.047322,55,1937.475773
100.693612,46,1937.562772
1.236179,82,1937.722403
5.594756,69,1937.860878
5.438622,70,1938.002467
101.379476,93,1938.212858
1.116022,131,1938.506802
101.807766,64,1938.64583
3.800704,90,1938.854441
-0.187324,1000,1952.700622
-0.300873,90,1952.879489
101.729929,50,1952.980395
1.525301,64,1953.105475
3.987595,84,1953.279239
3.34484,62,1953.406536
4.405563,68,1953.572199
104.022317,61,1953.698429
1.57058,69,1953.836578
4.032743,63,1953.95922
104.786437,81,1954.121555
0.416504,82,1954.284338
0.655115,96,1954.47747
2.835994,71,1954.616352
4.588606,71,1954.757139
104.295719,60,1954.878943
5.350245,69,1955.039236
2.535753,77,1955.194483
4.365999,71,1955.333511
1.511832,89,1955.507848
0.956977,78,1955.662286
2.494906,68,1955.798831
4.980447,84,1955.966864
3.237947,77,1967.530936
-0.944749,116,1967.759412
0.940667,76,1967.911952
3.065426,85,1968.084739
3.083738,65,1968.21186
3.604332,65,1968.344087
3.831722,88,1968.526674
4.666352,73,1968.670199
-2.028419,109,1968.878862
4.436278,61,1969.016607
2.580988,71,1969.159304
102.734898,55,1969.27078
2.397513,67,1969.40848
3.132437,72,1969.561564
101.516187,79,1969.720871
3.902796,74,1969.86707
3.149581,97,1970.057257
1.067724,114,1970.288891
5.172976,66,1970.421335
1.078079,87,1970.600599
4.095416,68,1970.739397
3.325412,84,1970.902787
3.742232,71,1971.039433
101.573515,84,1971.20247
1.728452,71,1971.340041
2.680075,67,1971.46746
3.447875,74,1982.892053
4.17027,67,1983.019742
0.335098,163,1983.339467
101.091865,128,1983.596479
101.942362,60,1983.71145
101.574772,69,1983.846335
0.314167,143,1984.125971
1.507996,91,1984.304208
2.32721,82,1984.483526
4.046456,79,1984.642353
101.324152,95,1984.825716
4.07213,67,1984.957384
1.294201,70,1985.095778
-1.470121,99,1985.2877
3.291532,71,1985.428781
3.620395,81,1985.589828
0.635244,103,1985.793071
1.535393,70,1985.934616
-0.395952,200,1986.350255
0.500613,1000,1999.858687
4.481581,66,1999.994114
4.26561,64,2000.125861
4.324681,64,2000.251708
-1.251968,106,2000.464355
5.153206,61,2000.58619
1.870029,72,2000.728272
101.722424,73,2000.874978
3.698134,79,2001.04926
103.411682,67,2001.181419
0.969642,72,2001.325827
1.893045,116,2001.56224
-0.03875,102,2001.761126
4.720587,81,2001.93742
1.617134,63,2002.065207
4.316885,75,2002.216722
1.372116,101,2002.42349
4.927419,63,2013.860974
0.520327,301,2014.488599
2.065841,69,2014.632487
4.255093,72,2014.780535
-0.561717,411,2015.608174
4.715431,72,2015.749669
102.421128,49,2015.848333
-0.280933,83,2016.01868
104.611394,85,2016.187261
0.192915,171,2016.52782
101.946871,67,2016.663672
101.226985,132,2016.930456
1.566132,93,2017.112121
0.537753,110,2017.332436
3.131578,64,2017.462295
100.138792,58,2017.580415
4.130438,61,2017.703271
1.125455,69,2017.845086
0.840487,74,2029.485809
2.601687,63,2029.612884
3.913577,64,2029.738975
1.405037,83,2029.905025
106.079546,70,2030.046715
-0.026786,1000,2032.047643
3.870784,71,2032.205438
1.123849,104,2032.410112
3.351785,64,2032.538981
2.426845,68,2032.676158
2.016197,89,2032.853803
3.507265,76,2033.013217
3.544149,65,2033.143926
2.06804,67,2033.279347
101.428173,88,2033.455286
102.221569,56,2044.824089
2.729292,68,2044.975082
0.611657,96,2045.164473
1.552275,69,2045.305492
101.606621,78,2045.461653
3.730421,65,2045.592652
0.533326,110,2045.806191
0.458778,76,2045.9619
101.068777,125,2046.212576
100.723301,84,2046.380129
101.731721,69,2046.51856
101.286801,75,2046.671417
2.233489,83,2046.837459
2.319713,67,2046.974424
1.053123,73,2047.118964
4.706598,72,2047.26771
0.820068,95,2047.459402
101.522444,61,2047.587242
4.543479,67,2047.72265
1.239947,86,2047.902605
4.356042,67,2048.037013
102.264994,68,2048.174614
-1.015128,87,2048.353557
3.379146,75,2048.506782
101.403892,74,2048.669621
102.402387,53,2048.773299
1.00944,96,2048.965609
-1.018777,116,2060.508047
2.698874,68,2060.641171
3.991312,65,2060.7754
1.908591,78,2060.932742
101.258281,74,2061.089341
101.056177,79,2061.254187
4.66519,77,2061.410418
-0.188234,84,2061.574094
105.366892,67,2061.708183
3.022809,64,2061.835268
5.27962,63,2061.962381
2.720085,66,2062.094334
2.619097,68,2062.233623
4.619448,63,2062.362474
101.335805,107,2062.579468
2.527327,65,2062.708956
1.9163,77,2062.868407
100.759717,56,2062.983118
-0.716578,91,2063.163862
1.255676,82,2063.327697
1.56688,88,2063.506098
103.505382,56,2063.615956
2.708968,73,2063.760499
4.417556,66,2063.890011
-1.001631,263,2075.829055
5.412491,66,2075.958239
0.962722,106,2076.164921
3.905592,64,2076.293115
0.548311,75,2076.450112
1.516294,67,2076.585387
4.814905,69,2076.723442
-0.376629,87,2076.897652
2.364071,68,2077.03271
4.946412,64,2077.159689
1.552748,76,2077.322453
100.861108,84,2077.490388
5.313214,70,2077.630866
2.248586,69,2077.766777
4.742685,67,2077.901045
2.439188,64,2078.031418
3.270626,64,2078.15987
-0.397519,88,2078.337623
102.867777,84,2078.505345
2.775577,72,2078.647792
1.643652,71,2078.806095
103.104937,61,2078.925804
2.426591,66,2079.059422
101.094127,76,2079.212868
0.803827,72,2079.354358
2.984953,64,2079.482975
4.464436,91,2079.667378
3.706247,64,2079.796768
2.726604,76,2079.946231
0.532869,83,2091.528289
1.848758,63,2091.655964
3.660397,65,2091.784624
100.64113,90,2091.963027
102.864522,59,2092.080257
1.872561,78,2092.237799
0.910911,86,2092.414521
2.473078,72,2092.55954
-0.155101,108,2092.772053
4.576412,66,2092.905853
4.121443,63,2093.051105
5.523503,66,2093.180873
4.511084,69,2093.316651
2.932331,69,2093.453346
0.558315,76,2093.606243
1.244759,78,2093.763015
-0.036148,94,2093.952968
102.047416,73,2094.103529
2.503344,72,2094.24731
3.776502,74,2094.396385
101.702698,64,2094.530057
1.743367,93,2094.734269
101.783681,77,2094.888647
102.161614,89,2095.06918
2.545213,67,2095.201215
5.037813,87,2095.370997
1.463785,69,2095.509403
3.048585,80,2107.038107
3.749943,70,2107.178175
4.040352,75,2107.322702
101.294557,45,2107.414952
4.084244,77,2107.573839
101.605522,79,2107.724458
101.455371,65,2107.852903
2.906191,70,2108.004874
2.348529,66,2108.135526
2.659983,67,2108.272575
0.92243,82,2108.440561
3.16118,69,2108.581972
2.868905,80,2108.741652
2.274872,84,2108.909251
101.969949,73,2109.056049
4.324101,66,2109.186275
1.998595,77,2109.337078
1.36932,131,2109.591896
104.633303,60,2109.709701
1.073662,92,2109.889311
4.908353,73,2110.033117
4.983412,80,2110.193009
101.409691,85,2110.358392
4.480262,75,2110.509769
2.107335,71,2110.648118
0.592191,118,2110.879772
1.588122,69,2122.32082
3.281583,93,2122.511641
2.779461,68,2122.647026
102.04945,68,2122.784535
2.680697,77,2122.940506
4.277095,65,2123.071832
1.950958,69,2123.208559
3.239673,82,2123.379505
100.798323,86,2123.564416
105.386074,62,2123.687544
1.178713,70,2123.830107
102.299087,68,2123.96785
4.185927,68,2124.107597
101.228377,76,2124.252485
101.189196,112,2124.471056
4.320396,63,2124.591865
4.592118,70,2124.731452
3.690773,64,2124.859406
-0.220766,95,2125.065188
2.092479,69,2125.193911
1.34377,76,2125.339794
1.026123,77,2125.491843
103.917753,68,2125.621467
1.729548,75,2125.767707
4.74601,84,2125.930506
104.258693,63,2126.053694
4.063435,62,2126.174735
4.563226,63,2126.295815
0.082369,1000,2139.510953
4.620087,77,2139.669065
1.130479,72,2139.819301
5.277079,65,2139.951034
3.293994,75,2140.108483
0.0249,81,2140.271428
3.849942,69,2140.414858
3.901821,65,2140.546387
101.433305,83,2140.71266
2.972687,64,2140.855546
5.302124,63,2140.98529
100.003804,4,2140.994813
1.013756,85,2141.165881
1.297487,78,2141.324395
4.447444,63,2141.454062
3.023984,76,2141.610411
-0.185491,100,2153.138466
2.730624,68,2153.277176
0.414675,98,2153.470445
3.38787,65,2153.599949
104.989246,64,2153.725482
6.265317,65,2153.854323
2.086044,66,2153.982276
2.664554,69,2154.119656
2.807844,74,2154.264391
2.478358,81,2154.42121
2.278203,69,2154.553642
101.135379,39,2154.632103
0.516316,76,2154.780539
2.623959,75,2154.924306
3.418449,62,2155.044924
101.563886,88,2155.21596
2.79338,84,2155.37857
100.79187,100,2155.575258
3.912718,82,2155.739948
5.099524,70,2155.875854
3.701541,94,2156.067767
3.300064,65,2156.198499
3.127677,62,2156.322472
4.755885,80,2156.487304
3.91135,68,2156.6219
2.543867,64,2156.750586
4.066944,63,2156.876785
-0.712758,81,2157.037163
5.179386,61,2168.419627
5.395715,63,2168.553901
1.501709,88,2168.728869
2.485141,69,2168.869202
-0.293207,126,2169.115535
101.456312,62,2169.237405
0.381314,89,2169.416262
1.428225,74,2169.567468
4.500853,65,2169.699978
-2.236943,419,2170.556025
101.001179,52,2170.656387
0.057746,81,2170.817461
1.008266,74,2170.969719
2.529632,67,2171.103929
101.440834,99,2171.298314
-0.852791,93,2171.50308
100.514835,53,2171.609523
2.867841,71,2171.74933
2.435702,69,2171.886415
100.537079,62,2172.01043
0.911734,86,2172.179419
1.117017,111,2172.400681
102.13883,70,2183.816819
102.215178,68,2183.947388
102.68784,73,2184.088709
1.644687,86,2184.25793
3.35752,93,2184.447471
104.737358,66,2184.579281
4.814564,68,2184.714253
5.802597,72,2184.856894
3.6806,66,2184.989456
1.39677,67,2185.121047
-0.011662,82,2185.297755
4.372612,72,2185.44154
3.457495,79,2185.600823
3.458932,72,2185.750413
2.779555,66,2185.885209
0.850631,84,2186.055022
3.274616,83,2186.220235
2.231868,67,2186.350976
2.603483,80,2186.530063
0.520222,103,2186.741545
1.368385,88,2186.917907
3.823978,76,2187.075489
3.822018,67,2187.210886
101.461733,66,2187.344895
4.391561,63,2187.469856
101.688827,59,2187.586812
0.43674,106,2187.794449
1.972079,70,2199.277756
0.230449,80,2199.439247
3.540378,71,2199.584162
-0.830412,201,2199.98793
2.561381,67,2200.121208
1.027767,97,2200.319824
101.273214,78,2200.480436
0.467373,90,2200.666779
2.092562,72,2200.809949
101.412675,82,2200.988322
4.453808,71,2201.131583
102.216797,59,2201.251227
2.297329,79,2201.414154
4.543218,64,2201.550298
0.258266,85,2201.756863
0.193166,77,2201.92294
4.395793,60,2202.056696
102.924211,59,2202.180549
102.151717,51,2202.282016
-0.365301,99,2202.484155
3.779742,64,2202.612498
105.036116,66,2202.744058
3.44985,83,2202.914586
2.027096,72,2203.058915
101.481056,111,2203.2828
0.601847,1000,2216.787351
4.302081,67,2216.920262
0.20991,1000,2218.896815
3.682692,64,2219.036641
0.480342,1000,2232.451583
3.561379,85,2232.625857
0.117057,101,2232.839048
2.93169,65,2232.969913
105.175426,63,2233.098091
3.179394,67,2233.25086
2.2457,66,2233.391934
105.536213,73,2233.536814
3.055271,65,2233.664593
3.843534,73,2233.814645
-0.292066,85,2233.981147
2.863402,87,2234.155724
4.148907,64,2234.285456
3.629153,67,2234.425543
101.977565,71,2234.565925
4.099248,68,2246.206896
5.14122,64,2246.330189
3.100449,74,2246.475269
3.480685,68,2246.607763
4.968561,63,2246.735156
1.91121,69,2246.871221
3.108877,62,2247.006941
101.26632,53,2247.110773
4.010366,75,2247.261497
1.172139,83,2247.425728
1.61995,70,2247.568655
1.968305,83,2247.732007
100.593693,66,2247.862003
5.164417,67,2247.993108
5.957896,69,2248.131715
4.909563,91,2248.339131
3.326896,64,2248.472774
-0.406262,181,2248.843365
4.131259,79,2249.005091
0.964917,74,2249.155947
105.017976,72,2249.299362
5.085376,61,2249.420627
1.235693,77,2249.577055
100.992974,49,2249.677551
4.553409,77,2249.832643
0.837928,85,2250.014035
1.549894,71,2250.153151
1.560607,68,2261.6626
3.611251,60,2261.786147
-0.834815,97,2261.980697
1.686412,93,2262.173395
-0.919044,187,2262.552697
4.623038,82,2262.719159
2.38276,78,2262.875981
3.398483,77,2263.029519
0.98891,91,2263.214274
2.331908,64,2263.344762
-2.354656,142,2263.632243
102.076953,63,2263.758173
2.767918,62,2263.879095
4.319513,63,2264.003643
1.706228,72,2264.145703
105.812854,74,2264.309716
2.631228,65,2264.43874
1.862453,72,2264.578883
-0.242639,216,2265.00378
0.430658,78,2265.157654
1.182696,106,2265.367043
4.724031,72,2265.511683
4.624583,63,2265.637854
101.223985,67,2277.223221
4.100365,67,2277.361246
4.451683,76,2277.516699
-0.827151,116,2277.746744
5.002638,76,2277.903008
1.383068,69,2278.039134
2.462286,67,2278.173077
2.54704,79,2278.353408
1.02383,78,2278.505368
3.38042,69,2278.640017
102.421206,68,2278.77716
3.926145,84,2278.946223
4.543539,64,2279.073668
-0.750763,405,2279.890153
2.33347,69,2280.024168
5.339812,65,2280.154194
1.714988,83,2280.317503
1.241857,70,2280.455069
100.856677,52,2280.558302
0.891462,104,2280.76783
4.111022,64,2280.896498
-0.953357,86,2281.066497
3.789879,89,2281.245288
0.240302,1000,2294.537279
1.591156,83,2294.70123
101.45512,98,2294.896674
4.032264,102,2295.096515
2.117196,81,2295.265014
1.834966,73,2295.416054
4.619016,84,2295.584853
0.88277,97,2295.778359
4.60218,78,2295.930073
3.59184,66,2296.057508
3.731257,65,2296.189712
2.827578,64,2296.318059
4.551315,65,2296.448654
1.543362,85,2296.62105
1.357208,85,2308.50661
4.876941,63,2308.631582
1.667591,72,2308.782686
3.486395,64,2308.909213
3.068519,68,2309.044318
0.899642,77,2309.199317
-0.122817,1000,2311.239997
5.338977,71,2311.380707
3.127958,63,2311.506359
104.691749,68,2311.645113
3.09096,71,2311.785839
101.214967,86,2311.960164
3.962108,65,2312.091215
0.173112,107,2312.305474
102.884329,69,2312.439745
4.711402,65,2323.954556
4.483091,65,2324.096319
2.109975,69,2324.235578
0.544252,78,2324.386227
2.875745,82,2324.544722
1.799105,69,2324.677892
4.324069,66,2324.810661
1.621116,80,2324.9675
101.799499,75,2325.115781
0.667056,83,2325.278623
3.731327,90,2325.454291
1.195447,85,2325.622663
3.673924,82,2325.784576
3.536471,159,2326.093683
1.787786,71,2326.236962
1.502507,64,2326.385892
2.386715,76,2326.538764
0.590963,77,2326.695436
-0.152317,89,2326.875084
1.332614,69,2327.008928
101.06211,77,2327.167806
4.026194,64,2327.293709
100.632951,55,2327.428012
3.492894,84,2327.651188
5.637081,74,2327.845749
4.569582,64,2327.97391
2.855691,61,2328.094866
4.065312,66,2339.720251
2.393878,69,2339.876174
3.341318,64,2340.012471
5.355804,66,2340.149091
3.67152,65,2340.288524
1.198501,73,2340.440681
-0.065047,88,2340.618902
5.797614,67,2340.773427
100.852075,53,2340.883906
4.312595,65,2341.019316
3.453938,93,2341.211188
4.503866,87,2341.389395
5.497224,70,2341.539268
4.094501,82,2341.706794
100.975917,84,2341.876514
3.561178,69,2342.021062
1.146019,80,2342.178869
0.175929,87,2342.353531
3.905771,70,2342.501171
1.113233,72,2342.649129
1.68319,70,2342.788923
3.285891,78,2342.948554
3.937048,87,2343.121552
2.030429,67,2343.252464
5.870958,65,2343.382979
4.683353,81,2343.541954
1.825409,66,2343.678349
0.060471,1000,2357.18088
3.954986,79,2357.343791
3.731211,102,2357.553636
3.47268,88,2357.739048
1.870766,86,2357.915606
101.12283,183,2358.295074
-2.458608,143,2358.591515
101.010169,90,2358.780179
2.93829,69,2358.920456
2.795181,65,2359.056702
3.309939,61,2359.184053
-0.453528,108,2359.41204
101.322233,89,2370.978003
105.100955,75,2371.137132
0.667451,67,2371.27406
101.52405,83,2371.438302
1.5169,83,2371.609415
1.242549,90,2371.789448
4.211857,81,2371.945745
4.869724,66,2372.084483
2.472035,66,2372.221604
102.01963,42,2372.317956
-0.090149,100,2372.518182
1.564802,69,2372.658237
4.466862,63,2372.77997
5.087024,86,2372.948003
2.334253,88,2373.117579
101.890365,85,2373.284535
3.498396,78,2373.436614
2.863457,65,2373.567889
101.108452,70,2373.705772
0.671644,72,2373.845479
1.659578,69,2373.984023
1.997031,73,2374.129252
5.829306,72,2374.26614
4.721232,86,2374.435414
100.856735,67,2374.569875
100.985689,174,2374.914152
101.614575,63,2375.038285
4.632283,63,2386.561274
1.447465,72,2386.716159
1.14288,82,2386.877688
3.765896,64,2387.001847
2.064848,69,2387.138715
100.823424,38,2387.214682
1.448338,81,2387.373824
105.002203,65,2387.507517
0.736149,1000,2389.492109
1.288693,72,2389.638997
0.897992,74,2389.782866
3.039021,67,2389.913452
3.345562,65,2390.040555
4.254196,65,2390.173005
1.247598,91,2390.352422
101.507024,90,2401.953701
2.874361,68,2402.083962
1.483983,87,2402.253786
101.292329,58,2402.367465
4.302857,69,2402.505274
4.751844,62,2402.630776
3.308252,65,2402.759011
4.673057,63,2402.88404
3.603588,69,2403.022998
105.5764,80,2403.181701
101.569722,96,2403.372262
102.134788,67,2403.522303
3.967195,62,2403.646652
5.214132,76,2403.800914
2.906444,84,2403.970084
3.335806,64,2404.099029
101.069262,64,2404.229572
101.094719,95,2404.420563
0.189834,288,2405.003901
3.169369,80,2405.165981
4.331964,81,2405.327869
101.708241,69,2405.461266
2.601557,66,2405.593038
104.874386,63,2405.724349
2.32792,70,2405.861537
5.66941,79,2406.020503
4.947625,65,2417.734401
104.001619,56,2417.862439
1.072876,71,2418.005301
100.972867,70,2418.142084
-2.396917,122,2418.388107
3.736111,75,2418.53738
3.189574,72,2418.680921
2.698436,68,2418.816288
-0.066299,111,2419.033978
1.548766,71,2419.176857
0.114112,1000,2421.189518
5.174695,63,2421.318882
101.661175,52,2421.424105
5.476469,61,2421.550117
1.672459,67,2421.680089
1.39451,109,2433.174051
1.767356,71,2433.331589
4.184369,64,2433.459747
4.368739,69,2433.59854
2.483504,76,2433.750903
2.637982,69,2433.889763
100.838321,54,2433.998776
100.836726,64,2434.130816
103.390695,57,2434.246226
4.939354,63,2434.375806
4.941011,73,2434.525527
6.061006,66,2434.661571
2.772204,74,2434.810717
3.230974,59,2434.932437
1.60165,94,2435.121089
1.743272,73,2435.275889
4.925694,60,2435.394426
2.631778,74,2435.543344
3.250559,90,2435.72049
2.424685,81,2435.880366
0.880164,77,2436.03418
0.560305,75,2436.185295
1.134348,71,2436.32792
2.711403,69,2436.462174
4.193607,64,2436.587606
4.523495,63,2436.718126
2.316963,69,2436.858713
2.783715,64,2436.985032
4.665552,69,2437.124191
100.244384,226,2448.824349
102.457248,67,2448.957408
101.926609,64,2449.087817
1.676005,72,2449.228199
4.10615,114,2449.460076
2.86049,84,2449.626883
101.68617,82,2449.803331
103.082819,80,2449.961209
102.456592,72,2450.108148
4.575972,63,2450.232037
103.620381,63,2450.358494
5.921619,74,2450.503514
4.135087,85,2450.675854
100.845476,61,2450.798428
104.89987,62,2450.922518
0.820741,79,2451.083418
4.205022,62,2451.20716
4.343845,62,2451.338345
104.585309,70,2451.48173
0.433958,71,2451.630588
0.470546,89,2451.81516
4.402419,63,2451.945455
101.296839,74,2452.101246
101.75379,52,2452.209141
5.046165,63,2452.345263
2.601308,69,2452.491922
3.915601,76,2463.890923
2.100547,69,2464.051423
100.905171,99,2464.252035
2.395799,69,2464.392969
2.84201,69,2464.533741
3.688866,63,2464.659018
100.442265,84,2464.829693
1.295888,86,2465.007069
4.967647,61,2465.131207
4.350362,65,2465.261039
-2.567472,113,2465.487933
101.205893,90,2465.662873
2.618683,73,2465.809012
-0.243635,94,2465.998255
5.489858,64,2466.124012
2.239461,80,2466.285896
101.604147,61,2466.40772
2.973968,70,2466.547279
4.584965,70,2466.686196
2.04809,72,2466.828171
4.301899,61,2466.954282
3.981286,75,2467.105553
101.500984,100,2467.30985
0.785694,74,2467.460146
5.291087,82,2467.623604
3.281246,72,2467.769724
102.481558,73,2467.931643
1.35107,114,2479.42041
2.821175,75,2479.572047
3.795494,109,2479.805685
5.67882,78,2479.961322
5.007023,86,2480.142769
4.235481,71,2480.284595
-2.320167,120,2480.525566
4.095473,72,2480.667902
103.473735,57,2480.778852
-0.460565,89,2480.961248
101.406488,82,2481.128267
1.762058,78,2481.280317
0.995398,88,2481.45863
2.971465,60,2481.57738
0.306532,92,2481.756922
1.363211,68,2481.906251
104.120493,75,2482.055506
-2.263568,140,2482.337891
5.240779,63,2482.462603
101.505901,75,2482.612348
1.869062,64,2482.737978
2.9768,66,2482.868269
1.23322,102,2483.066111
101.193251,79,2483.22425
-0.269284,102,2494.696152
4.297226,66,2494.828429
3.554615,67,2494.963244
3.344167,66,2495.098862
2.649119,81,2495.268424
5.169107,60,2495.391378
2.293877,63,2495.53686
2.208578,61,2495.654034
2.190547,64,2495.784292
4.112108,60,2495.902681
101.776874,57,2496.013912
-0.410954,95,2496.201973
103.152673,77,2496.357434
-0.202347,147,2496.64474
-2.013388,124,2496.893421
2.405319,71,2497.033563
2.932916,61,2497.154778
2.414037,72,2497.29776
101.020587,43,2497.404527
3.238862,97,2497.599985
1.940802,71,2497.74197
5.627702,68,2497.879281
0.863253,74,2498.023849
2.815068,62,2498.14989
103.058475,67,2498.284254
2.354243,77,2498.440246
2.934116,69,2498.578796
4.788979,82,2498.74317
2.535229,71,2510.200466
3.96098,83,2510.369498
1.914013,70,2510.512856
2.220698,62,2510.640115
4.046022,68,2510.782535
2.79018,79,2510.939901
4.040247,68,2511.075414
1.996555,86,2511.255192
100.18672,75,2511.405897
101.590987,100,2511.618305
4.599497,60,2511.740711
1.141419,85,2511.912538
-0.222788,228,2512.365641
-0.582011,372,2513.128654
2.808079,65,2513.260338
2.375995,70,2513.398585
3.495126,70,2513.540713
0.402547,75,2513.691276
4.120117,75,2513.838351
2.165002,76,2513.994153
0.503651,75,2514.144153
103.45988,57,2514.261933
4.163541,74,2525.781118
1.810771,70,2525.917031
101.553749,101,2526.120255
100.671128,85,2526.294281
1.30959,69,2526.432074
-2.343199,115,2526.665108
3.704616,71,2526.814867
4.497482,72,2526.961957
3.396602,85,2527.133337
-0.224693,87,2527.31396
0.176702,91,2527.499354
4.201022,65,2527.6292
4.314943,70,2527.771748
101.147464,100,2527.974483
101.231888,58,2528.091962
4.430728,71,2528.23567
4.482614,61,2528.362515
2.971238,60,2528.485451
103.958745,65,2528.616225
3.936741,89,2528.802026
4.221044,64,2528.926464
3.433729,65,2529.058525
1.475504,96,2529.259092
-0.069366,108,2529.478339
5.897564,83,2529.643658
101.400025,68,2529.783686
2.016798,73,2541.311631
3.914296,82,2541.475029
103.089481,63,2541.599736
104.370512,69,2541.736657
2.451111,72,2541.891885
101.840352,62,2542.027077
100.98096,92,2542.21453
2.318541,63,2542.345139
100.964166,66,2542.478878
4.073376,199,2542.869619
0.9329,86,2543.048177
3.157622,93,2543.231827
100.943498,118,2543.474856
101.163359,85,2543.642322
2.65291,83,2543.805155
2.420721,70,2543.946139
3.377708,87,2544.115864
100.63586,92,2544.313677
0.160672,80,2544.47409
0.633289,72,2544.618833
0.258372,1000,2557.873833
101.353874,99,2558.072561
4.360372,101,2558.270212
4.060039,64,2558.395153
3.056931,71,2558.537074
3.834975,67,2558.670414
3.223912,81,2558.837335
4.652994,66,2558.966533
4.918468,73,2559.112564
2.657086,68,2559.24895
1.55194,62,2559.372117
5.334352,73,2559.525552
102.279689,78,2559.680022
3.036281,65,2559.81178
101.621495,75,2559.963813
4.021217,64,2560.092057
5.078226,69,2560.247044
-2.384039,149,2560.539682
1.172887,78,2571.990346
1.875507,64,2572.119888
-0.352409,105,2572.334296
3.532715,81,2572.50047
4.672117,64,2572.63246
105.738359,63,2572.75551
2.501174,65,2572.882759
0.790569,75,2573.037297
5.501198,66,2573.186346
3.185816,108,2573.405586
2.39762,75,2573.557341
3.069383,68,2573.696777
0.499367,79,2573.854842
2.90008,68,2573.988765
3.400595,66,2574.140234
3.577874,65,2574.278641
-0.561528,106,2574.49395
1.127656,74,2574.640408
100.757543,101,2574.841334
4.629459,63,2574.966798
1.597283,71,2575.110636
2.807664,60,2575.226805
3.930052,67,2575.360869
2.389962,79,2575.518124
4.16445,63,2575.660547
103.466901,56,2575.775948
4.435308,67,2575.910383
2.353901,64,2576.037167
1.531322,74,2587.451393
1.299468,76,2587.619624
4.70228,67,2587.749882
1.94847,72,2587.893044
101.624277,80,2588.054686
2.108395,72,2588.193592
0.000657,94,2588.383318
5.633606,72,2588.525457
100.302014,55,2588.637224
104.631309,79,2588.793301
3.940411,60,2588.911345
3.202317,89,2589.086544
3.453705,74,2589.234883
100.860752,56,2589.348275
4.717944,63,2589.474503
100.493167,50,2589.571496
0.501557,1000,2602.908608
4.244871,65,2603.043625
106.130296,67,2603.178947
2.144974,82,2603.347045
3.054139,64,2603.47704
0.284143,1000,2605.549853
4.584372,80,2605.711462
2.115707,60,2605.83304
3.955666,73,2605.97829
3.599211,65,2606.112405
0.978318,87,2606.286529
103.436613,59,2606.417549
101.922699,61,2606.544539
2.255555,70,2606.68414
5.779122,70,2606.826452
102.765121,55,2606.938313
101.40114,81,2618.43914
3.507942,64,2618.584499
1.778347,69,2618.721561
1.858798,75,2618.86861
101.99551,66,2619.003847
2.323712,68,2619.139141
102.41955,63,2619.268985
0.980792,74,2619.412573
102.13036,55,2619.530241
101.407797,51,2619.63529
4.270513,64,2619.764264
3.197935,65,2619.892342
-0.074008,82,2620.06103
1.859771,73,2620.207593
3.491642,93,2620.394951
101.219438,82,2620.556363
4.476862,64,2620.68641
3.928984,59,2620.804675
100.426301,60,2620.924621
3.686795,64,2621.051753
5.02872,64,2621.178971
104.043,78,2621.334203
3.739151,86,2621.506732
3.854047,62,2621.630547
100.494774,55,2621.743447
3.773173,68,2621.878029
3.307248,69,2622.017916
4.945217,81,2622.176406
2.519626,68,2622.309249
5.191807,61,2622.429978
101.056699,93,2634.028868
3.774628,63,2634.160268
0.391827,94,2634.360044
3.367918,67,2634.501093
4.404504,62,2634.641626
3.875515,99,2634.844124
105.707382,72,2634.997633
-0.122982,83,2635.175836
4.184828,68,2635.318449
101.431509,72,2635.467519
4.522968,77,2635.627652
2.693952,69,2635.770972
0.645381,72,2635.919476
3.441435,83,2636.090546
4.331736,65,2636.228068
2.532272,81,2636.405782
2.148778,78,2636.574476
3.433418,72,2636.724745
4.038129,65,2636.860275
0.148242,97,2637.066492
2.141824,77,2637.224883
4.609581,64,2637.369269
2.96028,71,2637.514086
101.553494,58,2637.63304
100.987992,69,2637.770762
3.403121,65,2637.906129
2.67041,59,2638.030533
4.31139,65,2638.168691
1.852962,72,2649.541435
3.868855,59,2649.674978
4.836413,71,2649.818795
4.092244,61,2649.946929
100.623096,79,2650.114567
101.094757,51,2650.223469
4.612959,84,2650.396883
0.470538,148,2650.706208
2.419073,63,2650.834807
1.718419,94,2651.028091
3.605095,60,2651.149439
3.954053,68,2651.294706
105.012016,75,2651.44535
4.828168,71,2651.591378
3.621953,60,2651.714431
4.488458,67,2651.852106
1.671106,62,2651.979836
-1.567275,98,2652.178591
1.318476,86,2652.354369
2.136794,81,2652.526296
100.935545,78,2652.688574
-2.548451,111,2652.916917
101.267323,59,2653.037142
5.300611,78,2653.196952
4.47233,77,2653.353686
2.877899,69,2653.49195
1.933227,65,2653.630636
4.097882,86,2665.264478
2.853524,85,2665.443126
1.562908,107,2665.664386
0.223126,71,2665.827696
1.421393,119,2666.074355
4.970864,71,2666.226924
102.087107,65,2666.365006
101.28209,79,2666.529791
4.535151,94,2666.719117
1.208813,87,2666.89854
3.318749,62,2667.024531
-2.163538,117,2667.263165
5.982606,64,2667.412373
1.447061,79,2667.57391
2.619573,70,2667.720644
5.55251,61,2667.847134
3.896065,64,2667.975512
100.826022,32,2668.045157
5.174787,60,2668.164824
103.92361,68,2668.302998
4.89265,77,2668.46119
2.17906,96,2668.659592
2.295189,74,2668.812162
3.617216,71,2668.958443
4.580902,67,2669.097237
102.693513,70,2669.241973
3.172617,69,2669.384084
100.526141,56,2680.732486
2.007382,70,2680.871572
3.861572,67,2681.008533
2.318168,90,2681.194388
5.517549,63,2681.327409
0.841904,1000,2683.345225
1.794972,70,2683.481374
1.545889,72,2683.621606
105.342333,65,2683.750232
1.600754,73,2683.892888
2.398747,60,2684.01014
103.00115,61,2684.130625
4.543706,67,2684.262582
1.523304,78,2684.413771
3.002216,60,2684.526473
3.057523,68,2684.675128
3.633989,71,2696.05324
2.959163,67,2696.189563
1.247454,88,2696.36944
0.441659,92,2696.557324
2.179335,71,2696.723327
0.229934,104,2696.939556
-0.199215,88,2697.128508
2.918029,82,2697.297974
0.861016,76,2697.454594
1.983622,69,2697.59703
3.334221,80,2697.759432
2.505853,80,2697.927037
100.937907,44,2698.018186
1.992216,68,2698.161035
4.134926,65,2698.309648
100.781814,72,2698.456248
3.778003,69,2698.591554
3.509842,69,2698.727093
101.106934,79,2698.882125
1.742396,64,2699.009815
100.719464,178,2699.353232
2.671635,90,2699.528413
3.633621,95,2699.710723
101.403923,93,2699.895008
101.18148,97,2700.083317
3.823935,66,2711.477488
4.814562,93,2711.656659
1.440942,72,2711.797972
1.490731,66,2711.926531
1.259421,72,2712.072759
3.344682,68,2712.226904
5.093214,63,2712.353722
4.227591,63,2712.484635
0.090429,450,2713.375722
4.411892,90,2713.554582
101.833628,51,2713.653708
104.098467,64,2713.775683
100.677628,85,2713.941117
0.349028,1000,2727.204164
104.894314,62,2727.32777
1.62002,78,2727.484952
2.18735,71,2727.641374
5.446915,61,2727.771366
-0.199146,76,2727.933336
100.722805,31,2727.995233
3.375218,67,2728.134061
102.415014,65,2728.269708
5.404928,63,2728.401504
4.33602,67,2728.537891
5.072851,98,2728.738902
4.342498,69,2728.876529
101.137507,84,2729.052401
4.033616,69,2729.186064
0.61195,100,2729.384348
2.209287,69,2729.522207
4.493466,65,2729.650706
106.111835,71,2729.792089
2.474607,64,2729.918311
2.810718,59,2730.034654
0.65637,92,2730.215376
2.342366,93,2730.400771
2.582783,79,2730.551386
2.957736,96,2730.757383
0.791868,82,2730.918305
100.795734,72,2742.464373
-0.12996,247,2742.96026
103.863053,72,2743.104769
4.823933,63,2743.229927
1.804213,71,2743.370012
2.107669,65,2743.502988
2.756813,65,2743.633169
4.26698,73,2743.776235
0.383978,90,2743.949345
1.124276,73,2744.090769
4.658052,59,2744.208697
2.506578,89,2744.388522
3.584646,64,2744.525675
2.561886,62,2744.647662
0.29006,84,2744.813406
4.755822,63,2744.94184
1.928171,89,2745.11515
0.944537,82,2745.281935
4.377712,65,2745.410322
3.767452,67,2745.54809
4.010435,61,2745.667018
0.622413,77,2745.821644
2.321389,69,2745.957697
1.323794,70,2746.098635
100.096047,60,2746.217904
102.871691,71,2746.367893
4.439187,65,2757.846633
2.894886,80,2758.008763
101.075054,660,2759.355223
1.881618,70,2759.49209
-2.081595,110,2759.708902
101.193326,88,2759.87776
101.35305,75,2760.02609
3.660964,104,2760.245651
3.739538,60,2760.376682
0.107263,87,2760.556838
1.972588,71,2760.701908
2.007627,83,2760.872186
104.384939,62,2761.003191
2.319214,69,2761.150259
2.447873,81,2761.326887
5.000022,62,2761.453304
101.124615,65,2761.588957
1.452022,71,2761.739251
101.606202,57,2761.849977
1.965306,73,2773.130675
2.190774,77,2773.297439
0.916737,85,2773.470458
101.63867,67,2773.603658
1.471323,73,2773.750789
0.655166,75,2773.901119
101.414338,40,2773.982965
1.536219,66,2774.110116
3.006144,64,2774.23182
0.073275,85,2774.394674
-1.016917,90,2774.563419
0.945639,1000,2776.542475
2.367299,87,2776.72477
101.456406,62,2776.853356
1.473621,73,2777.001765
101.570114,93,2788.51528
3.545789,69,2788.670105
0.554398,87,2788.846344
1.747609,68,2788.980957
2.652095,70,2789.119928
1.164172,72,2789.260073
104.589682,73,2789.406862
2.774009,62,2789.528985
0.582153,81,2789.687023
3.726149,65,2789.816076
4.702272,61,2789.936178
4.241039,69,2790.072175
4.443371,98,2790.268933
3.455127,69,2790.4125
3.265681,68,2790.543089
2.665612,71,2790.68436
101.424838,72,2790.823812
1.603993,74,2790.963353
1.680701,95,2791.147802
101.835705,43,2791.231491
102.137228,66,2791.360945
0.526808,92,2791.535892
-0.363522,93,2791.723724
101.491806,64,2791.850523
4.556875,97,2792.038597
3.828043,81,2792.200394
2.699962,81,2792.380608
3.143516,64,2792.50783
104.669295,66,2803.959479
103.775544,69,2804.09216
-0.465851,145,2804.383682
0.706935,69,2804.525105
2.568299,74,2804.675794
105.477477,78,2804.833748
103.561064,68,2804.966661
1.22804,73,2805.11205
1.882515,75,2805.265203
3.545819,68,2805.405532
4.376501,78,2805.564569
1.954743,86,2805.741775
0.556325,84,2805.912316
103.648586,75,2806.063847
-1.244051,104,2806.27017
100.784527,44,2806.35765
0.528185,77,2806.511515
3.721911,69,2806.649895
1.301544,83,2806.814967
101.890719,98,2807.004755
1.884453,86,2807.179248
1.296424,73,2807.323047
3.23508,67,2807.45228
-3.332843,187,2807.832397
1.916914,74,2807.987941
100.94355,58,2819.605479
1.125978,69,2819.743978
1.941928,78,2819.902945
1.687028,63,2820.031027
100.421443,68,2820.171455
103.21623,71,2820.3193
-0.477739,95,2820.51142
101.587664,66,2820.651183
101.350861,65,2820.783445
-0.460515,140,2821.063073
1.762639,82,2821.238102
0.897143,71,2821.380702
0.359099,87,2821.556204
1.912927,69,2821.699946
4.170691,64,2821.8338
100.897623,67,2821.972568
101.414952,115,2822.210472
-1.476356,96,2822.40687
0.722751,70,2822.551635
4.547762,79,2822.716641
100.986908,86,2822.901161
1.582151,67,2823.032799
3.810355,68,2823.165119
2.301191,65,2823.290943
4.926503,90,2823.468797
1.735957,65,2823.59388
3.853094,65,2834.941479
0.984204,94,2835.136968
3.56973,70,2835.267525
3.259176,66,2835.397257
100.68637,81,2835.555054
1.824908,65,2835.682467
1.135435,87,2835.851189
4.199213,63,2835.980624
0.682874,105,2836.192301
101.262953,71,2836.332448
0.507967,95,2836.524135
4.86091,66,2836.651515
104.49941,64,2836.777664
5.470372,76,2836.932655
0.193454,1000,2838.992252
4.796229,63,2850.297652
1.120779,77,2850.458844
-1.401096,95,2850.664854
2.919742,117,2850.903268
0.829455,77,2851.061547
-0.009995,242,2851.556566
101.027301,62,2851.684743
104.216003,74,2851.836656
5.654033,63,2851.965587
-2.662665,117,2852.205137
2.535673,97,2852.400169
4.810149,64,2852.529739
1.673086,72,2852.676985
3.143336,77,2852.832963
1.268281,85,2853.024435
3.889434,64,2853.154651
-0.458529,99,2853.348359
1.12985,75,2853.500238
104.786941,73,2853.641684
101.352902,89,2853.81426
0.47429,1000,2867.228431
4.22236,67,2867.358109
3.272325,75,2867.5096
4.618332,87,2867.679101
1.451238,64,2867.821704
4.563229,64,2867.990036
102.101163,59,2868.144489
1.398815,105,2868.365203
100.948993,81,2868.523712
2.961041,68,2868.657503
3.59229,83,2868.818242
4.061401,65,2868.943858
5.429216,85,2869.109216
-0.826855,114,2869.335341
1.746454,73,2869.477461
100.682438,43,2869.558901
4.550316,63,2869.682636
101.821294,80,2869.858278
3.851792,64,2869.990694
3.397202,85,2881.722969
3.058231,61,2881.845498
1.421674,154,2882.146523
4.810961,65,2882.286702
3.379494,76,2882.436591
2.492939,67,2882.569519
100.912253,84,2882.74241
2.555399,61,2882.87272
3.811344,61,2883.005555
0.327409,81,2883.17367
4.639437,87,2883.351605
1.748242,71,2883.496689
4.032755,65,2883.633125
0.53217,74,2883.781077
2.341037,80,2883.955791
1.771499,78,2884.114417
5.812576,73,2884.263295
101.229882,114,2884.49427
1.457821,99,2884.696761
5.082074,116,2884.949048
-2.667799,142,2885.23995
3.898108,82,2885.405589
3.937105,64,2885.534073
1.073677,77,2885.701246
4.14822,66,2897.083511
3.79157,70,2897.227315
1.874087,70,2897.369747
0.7588,79,2897.534839
4.282787,69,2897.686264
1.629259,71,2897.825739
2.679835,86,2897.990536
100.889777,81,2898.148245
101.745183,65,2898.276327
4.15052,68,2898.411251
1.408546,91,2898.588309
0.853665,79,2898.748142
3.164926,66,2898.880399
1.624867,62,2899.002128
2.471639,73,2899.150988
2.38252,62,2899.287406
103.646181,56,2899.395944
3.100411,75,2899.539763
4.669735,65,2899.672005
4.478405,96,2899.859268
1.986449,71,2899.99786
101.64871,43,2900.082645
3.779964,65,2900.212445
3.668817,68,2900.345019
5.397441,61,2900.463817
2.290048,74,2900.608761
1.32603,72,2900.749093
105.132476,74,2900.906227
2.6819,68,2901.04272
4.681602,64,2912.43136
0.703454,72,2912.574084
102.895237,56,2912.685659
0.880284,73,2912.842138
1.515453,71,2912.984725
0.806433,77,2913.139285
4.144059,158,2913.454491
101.293019,43,2913.543081
100.984237,46,2913.632308
-0.675361,174,2913.978981
2.741845,62,2914.106616
1.586135,101,2914.311734
1.565764,75,2914.466686
1.201575,323,2915.137745
-0.032598,91,2915.318818
5.403864,65,2915.447367
100.773753,103,2915.653554
104.306931,82,2915.813753
1.076675,79,2915.969984
0.714502,159,2916.305848
4.449237,65,2916.437464
4.319528,81,2927.79404
2.663754,75,2927.993321
103.600846,62,2928.15977
3.214657,66,2928.301651
101.301192,85,2928.465891
3.508237,69,2928.602213
2.117791,70,2928.73978
1.159507,78,2928.897983
101.589756,62,2929.017901
4.874409,65,2929.141384
3.12437,81,2929.29778
101.18791,66,2929.430643
102.194197,70,2929.566231
3.078189,83,2929.72923
101.547725,73,2929.871708
-0.103371,91,2930.050795
5.498027,81,2930.211605
100.926234,72,2930.350807
101.329763,94,2930.530888
2.266424,71,2930.667439
3.960317,61,2930.784652
2.362885,68,2930.915988
3.088797,65,2931.042241
4.570125,65,2931.167258
0.737088,68,2931.296289
0.278798,114,2931.529255
3.510597,63,2931.651353
104.020831,77,2931.797951
5.303858,70,2943.194155
3.990406,71,2943.354391
2.376618,69,2943.496523
0.713376,105,2943.717354
4.966847,64,2943.846159
1.878146,69,2943.98257
104.994182,76,2944.129109
2.765771,60,2944.246948
2.775711,65,2944.373239
4.06598,69,2944.508635
4.739785,63,2944.630888
1.981539,77,2944.79085
101.463506,51,2944.898337
3.534709,67,2945.036958
2.855763,60,2945.160799
1.468689,83,2945.3339
2.137752,69,2945.474388
1.877875,69,2945.613836
3.987302,84,2945.793888
-1.537579,124,2946.051169
4.903654,85,2946.228003
4.430022,61,2946.356051
4.301117,75,2946.510607
4.003098,64,2946.639552
1.205882,82,2946.808512
4.912899,62,2946.928822
1.913983,69,2947.065367
3.46253,68,2947.195885
104.105688,74,2958.510456
4.167944,99,2958.704768
-0.044187,86,2958.885199
103.646254,54,2958.990329
100.947986,48,2959.0875
1.744705,70,2959.225042
2.323925,94,2959.407023
103.862458,70,2959.545822
4.021981,74,2959.693544
1.158536,333,2960.347215
0.883728,75,2960.494333
2.591401,72,2960.633076
4.958697,65,2960.763626
4.509963,96,2960.966994
5.675207,91,2961.145061
3.04053,62,2961.266423
100.242358,69,2961.401544
4.987421,84,2961.563774
2.424438,66,2961.694334
3.258708,68,2961.826024
102.366589,64,2961.949196
101.124341,111,2962.167078
2.446579,92,2962.345549
0.896674,130,2973.900058
0.664675,72,2974.037907
100.409739,145,2974.321987
2.738323,75,2974.467059
3.281695,80,2974.624264
4.559285,68,2974.772325
102.891932,57,2974.88607
0.09433,1000,2976.897212
2.479684,66,2977.026348
4.365986,67,2977.174801
3.86046,64,2977.293375
3.899455,71,2977.433621
5.577166,64,2977.559662
2.923891,75,2977.706101
5.018725,67,2977.835877
1.850338,99,2989.221942
1.748537,62,2989.350956
2.941245,67,2989.489419
101.343421,98,2989.686833
-1.652167,120,2989.930821
101.371131,40,2990.014272
1.560957,87,2990.187484
2.118709,69,2990.321309
100.981186,72,2990.466444
2.227388,70,2990.608457
3.041541,61,2990.734617
1.88082,73,2990.883284
2.625353,73,2991.0344
5.286156,141,2991.322814
0.52781,73,2991.470433
0.66852,69,2991.609029
100.688305,75,2991.761846
5.700552,69,2991.897997
103.505598,58,2992.015891
3.407143,73,2992.162035
2.597445,62,2992.282662
0.663632,165,2992.600995
3.140287,65,2992.730499
2.302555,77,2992.889212
4.466661,81,2993.054822
0.006851,1000,3006.407337
101.201623,72,3006.548423
101.819788,62,3006.671695
101.020899,82,3006.836074
5.594427,86,3007.007539
1.772183,62,3007.130679
1.655278,64,3007.255419
4.881171,74,3007.401712
101.787191,67,3007.53515
1.243776,70,3007.674188
0.821976,75,3007.823556
3.896935,61,3007.94183
3.969238,66,3008.091558
3.29435,71,3008.229966
103.652922,79,3008.386265
100.537975,63,3008.514988
1.230278,73,3019.956447
2.774315,68,3020.089928
0.011529,91,3020.267506
101.277676,69,3020.398824
102.187253,65,3020.523539
1.736819,87,3020.698048
4.141508,92,3020.877836
2.996118,62,3021.016605
2.48353,79,3021.178015
101.581374,65,3021.308873
1.591235,72,3021.454791
3.787202,71,3021.601098
3.480886,75,3021.75487
102.727196,65,3021.891827
4.62332,67,3022.029218
3.115752,64,3022.177335
1.09764,85,3022.34353
4.605095,68,3022.477859
103.151296,74,3022.625331
-0.517298,102,3022.834375
1.83932,71,3022.972931
1.864145,63,3023.099622
3.977592,100,3023.294622
4.725901,88,3023.470799
2.270833,64,3023.601801
2.222963,69,3023.735194
4.468098,63,3023.858894
3.415,75,3024.005507
-0.776656,105,3035.545532
1.146738,80,3035.7115
101.478463,95,3035.907292
101.580718,79,3036.070741
1.668098,87,3036.256045
1.249756,127,3036.519741
100.917401,549,3037.63846
2.970525,67,3037.771784
3.603544,70,3037.90841
0.088651,175,3038.253746
2.254732,84,3038.420482
2.608014,76,3038.568726
0.780505,73,3038.712337
5.471162,82,3038.87892
101.634714,75,3039.046819
101.247981,109,3039.260107
100.777921,60,3039.3836
2.721319,93,3050.931786
103.136182,53,3051.053435
3.817342,62,3051.18071
1.186027,75,3051.331085
3.16049,67,3051.471709
0.912718,76,3051.625874
101.024053,75,3051.772398
0.834727,72,3051.914609
0.871508,80,3052.078406
103.78246,78,3052.237818
101.243849,67,3052.374757
4.523975,60,3052.500626
100.431454,81,3052.662553
5.153023,84,3052.830211
1.165775,80,3052.992309
1.398496,83,3053.153678
1.111416,68,3053.287849
0.569662,81,3053.449143
3.37864,67,3053.583336
102.300741,53,3053.689267
2.000622,97,3053.880919
-0.397347,92,3054.067543
101.135987,34,3054.134408
3.366193,63,3054.256648
3.356235,73,3054.403099
0.13924,84,3054.567727
101.735677,78,3054.71846
0.689576,81,3054.891021
1.50507,72,3066.201713
3.970279,105,3066.42138
4.601164,65,3066.554787
2.061332,64,3066.687282
2.639768,85,3066.87821
3.057969,77,3067.038147
3.213466,69,3067.178581
2.045329,65,3067.316199
101.360053,65,3067.453517
2.016716,74,3067.608346
2.948077,71,3067.753824
4.36292,71,3067.915229
3.868392,72,3068.067141
3.868812,65,3068.199873
101.582968,86,3068.378968
1.662808,69,3068.52172
101.013034,61,3068.639693
3.175386,67,3068.771608
4.454014,69,3068.911401
5.601652,82,3069.07196
2.071492,72,3069.211152
4.273762,91,3069.390536
1.738502,70,3069.530678
2.905282,61,3069.654138
105.2951,65,3069.787983
1.398519,84,3069.961352
5.783816,62,3070.090397
4.170384,82,3070.260831
1.810859,72,3070.409313
4.422569,61,3081.751577
5.725462,62,3081.878624
102.428801,62,3082.007784
3.911381,88,3082.189873
4.191997,61,3082.315712
5.666755,67,3082.458175
4.29931,64,3082.590195
1.802072,65,3082.725442
3.443375,95,3082.927292
101.629759,91,3083.104258
1.809518,84,3083.271628
2.070273,61,3083.393036
2.981942,74,3083.535431
2.662994,100,3083.727756
3.499283,71,3083.866714
2.244048,66,3083.997584
4.905398,71,3084.138164
2.190666,97,3084.333514
3.379865,80,3084.510544
0.359914,130,3084.76264
1.165705,85,3084.928523
4.600987,70,3085.068675
100.596264,85,3085.23614
3.317928,79,3085.394114
1.395783,75,3085.542937
0.061637,83,3085.704014
1.676993,71,3097.129932
2.966409,69,3097.261833
0.912312,60,3097.384674
1.498245,65,3097.508558
2.829991,91,3097.691918
3.936368,89,3097.863823
1.131901,63,3097.988199
100.900462,73,3098.131159
4.959509,70,3098.264939
4.279336,66,3098.393874
3.356253,63,3098.517108
1.675888,97,3098.724064
4.558924,66,3098.851465
102.901801,80,3099.004858
100.996572,83,3099.16744
1.169183,76,3099.312637
4.70372,59,3099.430632
3.089015,63,3099.557442
1.56162,96,3099.752292
2.866838,68,3099.884409
2.964559,70,3100.023106
100.243552,278,3100.592841
2.993475,76,3100.742425
3.339162,67,3100.873118
2.445915,89,3101.064396
100.962336,87,3112.538345
5.516577,68,3112.680363
2.864398,65,3112.827327
103.256556,64,3112.96102
3.070595,81,3113.126118
5.213226,72,3113.279428
5.227945,88,3113.467629
5.004579,63,3113.602219
2.115366,79,3113.768179
100.97668,79,3113.936623
1.055285,92,3114.130532
2.184015,68,3114.272124
101.49598,74,3114.424122
102.799316,71,3114.575464
101.252707,109,3114.800421
1.9352,84,3114.97269
3.557661,87,3115.153298
101.119026,93,3115.341333
3.644327,88,3115.526296
1.736535,77,3115.682553
1.519162,73,3115.835749
1.477187,90,3116.019084
4.536383,64,3116.154514
3.602418,65,3116.292144
-1.734183,98,3116.494618
100.054827,61,3116.613216
1.610255,78,3127.976407
104.766866,62,3128.100839
4.071516,115,3128.335921
101.715943,52,3128.443477
5.595121,63,3128.589814
1.316592,79,3128.752861
1.687985,81,3128.922782
4.177901,66,3129.056258
100.460509,71,3129.204025
1.570935,100,3129.4124
1.4418,77,3129.570776
1.910152,69,3129.714986
0.968624,92,3129.899277
0.30634,101,3130.113324
2.326113,73,3130.257701
4.169758,64,3130.383995
2.702544,89,3130.559913
4.227098,73,3130.702841
4.579797,63,3130.833328
5.102198,66,3130.976363
101.126897,90,3131.158335
102.023539,73,3131.309804
0.98528,71,3131.457987
0.72195,74,3131.612547
4.561053,97,3131.809541
5.521991,65,3131.944965
2.564721,67,3132.082312
4.737117,67,3143.430896
5.541635,61,3143.56117
4.241901,67,3143.69903
4.294084,71,3143.847996
2.942638,69,3143.992937
3.688231,68,3144.132229
0.973202,80,3144.301149
5.13792,62,3144.427844
100.570036,68,3144.560559
101.496406,54,3144.667796
1.63416,124,3144.909522
2.080076,73,3145.057501
2.082394,68,3145.197235
3.177677,67,3145.334186
3.467277,91,3145.525465
1.217151,143,3145.815773
102.352442,71,3145.963027
1.178933,63,3146.091835
0.848629,75,3146.257167
2.775123,69,3146.397146
4.829202,80,3146.562774
4.964621,71,3146.710795
101.042696,80,3146.877847
3.065395,60,3147.003827
4.877202,65,3147.137253
2.767708,67,3147.284245
1.834391,70,3147.431205
0.238652,88,3158.846806
3.508658,76,3158.997606
0.461394,160,3159.324569
3.140858,71,3159.466271
3.178232,84,3159.628549
3.566106,75,3159.775738
2.693221,70,3159.915585
1.875374,143,3160.195071
4.079388,64,3160.324581
3.430763,63,3160.445866
6.100962,73,3160.592303
4.069168,73,3160.738524
5.544821,66,3160.868946
0.891265,102,3161.074495
3.439166,65,3161.20894
5.23019,73,3161.353812
106.068925,68,3161.491512
3.61655,88,3161.670924
101.350793,80,3161.83735
100.533432,81,3162.00479
2.049935,110,3162.229122
1.791852,66,3162.365525
2.688785,63,3162.495457
102.137882,75,3162.664387
2.478245,61,3162.789811
105.712826,64,3174.141337
4.11853,61,3174.263354
2.307956,68,3174.401894
101.550723,78,3174.563744
4.980649,80,3174.741469
3.952309,62,3174.863408
4.036638,63,3174.983383
2.256414,92,3175.167543
1.93941,70,3175.307795
2.217128,70,3175.447986
1.577736,74,3175.593222
2.4719,66,3175.721984
1.381022,75,3175.878125
3.144873,70,3176.023497
4.883776,67,3176.168577
2.07131,66,3176.309488
0.07116,88,3176.480865
1.577729,65,3176.606947
4.368622,73,3176.746307
3.895101,115,3176.968427
0.829439,100,3177.16665
100.488495,66,3177.296275
3.574973,60,3177.413332
-0.103489,92,3177.591228
1.763319,77,3177.740263
101.554808,76,3177.891797
3.250111,62,3178.014582
1.424441,79,3178.169741
4.061013,88,3189.710541
101.766174,74,3189.865365
4.278828,68,3190.005873
1.784413,71,3190.14852
4.204174,66,3190.284281
102.296718,80,3190.448367
3.569141,67,3190.585926
3.767725,67,3190.738595
102.353123,47,3190.833045
2.736905,78,3190.994432
3.931081,60,3191.117469
100.733517,82,3191.297139
0.664148,97,3191.495131
3.866942,65,3191.630893
102.588965,60,3191.758368
0.984847,95,3191.954582
4.047073,89,3192.141166
5.838172,67,3192.276579
3.881582,74,3192.427949
3.450681,69,3192.574105
4.057491,69,3192.717457
4.588792,69,3192.877219
102.983479,51,3192.979774
2.062869,73,3193.130337
101.06657,65,3193.265448
4.687537,75,3193.420845
1.45704,96,3193.615972
100.293197,60,3193.742306
1.143079,75,3205.101112
102.94805,70,3205.251694
3.616446,61,3205.373331
0.893562,87,3205.545963
2.17189,97,3205.73986
101.40943,83,3205.905105
2.635446,61,3206.026571
1.55104,89,3206.210345
1.751815,65,3206.345175
103.952667,60,3206.466168
4.732193,60,3206.588213
2.221162,81,3206.757225
4.740213,62,3206.884871
105.449306,72,3207.035035
4.838697,60,3207.157788
3.204437,73,3207.306499
4.756566,63,3207.433955
4.81516,61,3207.556301
0.336022,77,3207.717066
4.739684,61,3207.846918
102.296237,66,3207.992104
4.568822,63,3208.123728
103.463083,51,3208.230169
3.158847,100,3208.428722
3.908644,81,3208.593665
4.158579,83,3208.763622
104.824556,71,3208.914443
4.627236,86,3209.09316
100.653567,85,3220.433137
1.685466,69,3220.587762
4.868236,78,3220.746446
101.311235,85,3220.920904
3.678691,71,3221.075724
3.489694,167,3221.422903
3.330029,66,3221.559116
4.049958,108,3221.785253
3.382737,69,3221.926182
4.817132,70,3222.06863
1.183598,86,3222.243998
0.075157,178,3222.608713
0.743803,88,3222.786028
-2.195567,153,3223.104249
3.83528,61,3223.229624
104.932962,62,3223.354023
5.300593,80,3223.513352
0.860859,87,3223.684675
2.420941,93,3223.868729
3.3874,64,3223.993667
4.982992,66,3224.122374
1.019073,76,3224.276271
4.894719,65,3224.408708
5.008139,61,3224.54457
5.447724,61,3235.872588
2.12933,74,3236.029379
103.178705,73,3236.181466
2.163753,73,3236.339433
1.498973,101,3236.535972
5.248953,68,3236.670682
5.1386,154,3236.980301
102.583961,62,3237.101122
101.607492,71,3237.239503
3.754255,92,3237.420979
2.080425,82,3237.581517
4.958427,76,3237.732258
2.440869,67,3237.8623
3.632971,60,3237.981972
2.675116,76,3238.140885
101.995946,74,3238.300103
102.451213,46,3238.393311
2.954451,60,3238.521126
4.490763,78,3238.684037
101.482863,72,3238.832968
4.32916,67,3238.972234
100.860907,77,3239.134566
0.781308,82,3239.306311
1.915894,72,3239.458721
101.668037,88,3239.641388
-1.677589,233,3251.484525
0.607715,107,3251.703024
4.252581,64,3251.832359
4.398323,66,3251.965496
101.148436,36,3252.037536
4.145084,64,3252.165771
4.610199,65,3252.302482
0.139442,91,3252.488397
2.985678,65,3252.633858
2.614618,70,3252.772567
4.343848,75,3252.928939
103.544607,57,3253.047356
2.809908,90,3253.23243
3.44539,67,3253.368952
100.946119,77,3253.529166
3.4774,66,3253.661984
1.050481,74,3253.811981
101.148294,108,3254.024665
4.716953,61,3254.143805
0.314767,1000,3267.399733
1.758899,74,3267.556036
0.932746,90,3267.753386
3.461567,84,3267.931697
3.435937,81,3268.096944
102.030791,72,3268.245486
-0.368343,87,3268.425877
4.385753,86,3268.602154
4.193656,70,3268.74785
101.260972,60,3268.869544
3.021912,88,3269.071491
1.896414,70,3269.214144
103.056049,73,3269.363569
4.449638,67,3269.503275
100.651114,125,3269.764657
101.494742,73,3269.910295
-2.142312,105,3270.119082
100.936733,86,3270.296838
102.361628,72,3270.450401
1.073102,84,3270.640367
-0.091657,80,3270.803423
3.439779,96,3270.99874
102.772099,67,3282.397146
2.188388,82,3282.580716
101.110436,79,3282.74593
3.885074,80,3282.909172
0.501442,67,3283.050761
2.386029,69,3283.197901
4.074035,69,3283.338607
2.37636,67,3283.479329
2.873047,65,3283.61148
102.242989,65,3283.746171
1.072925,87,3283.92389
0.865512,1000,3285.918797
3.733375,60,3286.049503
2.410887,67,3286.185534
101.237579,95,3286.369956
4.104865,74,3297.794149
1.813907,73,3297.943707
2.86706,69,3298.083716
101.996572,61,3298.207521
1.463232,74,3298.359479
3.36937,88,3298.55663
2.970415,68,3298.698151
3.009109,68,3298.835733
2.455895,69,3298.975153
2.96106,68,3299.107562
3.609377,61,3299.224996
104.770097,60,3299.346346
1.305053,85,3299.520359
3.874174,68,3299.65497
101.653472,77,3299.801814
101.777092,65,3299.934386
1.998834,61,3300.057122
100.919346,69,3300.19913
104.249531,60,3300.319982
104.923785,69,3300.454557
101.343207,82,3300.617532
4.392508,66,3300.747588
3.255891,64,3300.876077
4.061048,83,3301.044705
105.209149,67,3301.179528
101.414105,68,3301.316273
3.586917,63,3301.446281
1.024974,71,3301.592793
102.02218,42,3301.679241
2.865537,72,3301.829305
100.766463,67,3313.223045
1.562089,118,3313.461598
3.941611,71,3313.606418
2.246852,59,3313.727046
1.975903,70,3313.869903
102.428981,63,3314.001002
104.678304,63,3314.125929
1.17686,83,3314.293123
1.644687,97,3314.488882
3.429664,86,3314.675696
4.342093,66,3314.80883
105.142605,60,3314.931042
102.306137,72,3315.076981
3.423819,77,3315.235698
3.095868,68,3315.375821
101.565481,70,3315.522094
102.47758,62,3315.652881
3.308954,85,3315.828798
5.274843,68,3315.969583
1.22124,73,3316.118652
3.3916,82,3316.284205
1.153391,72,3316.430532
3.654394,66,3316.56664
3.253478,76,3316.721197
1.206861,77,3316.880311
1.044767,74,3317.032611
3.773807,59,3317.15115
4.415659,62,3317.287573
2.096548,75,3328.677388
4.128268,67,3328.829617
4.494362,74,3328.980712
3.98117,69,3329.125483
101.895107,69,3329.271315
1.736159,75,3329.420284
2.199395,71,3329.563498
4.445813,63,3329.691071
2.494111,80,3329.858073
3.56445,61,3329.984542
2.1319,59,3330.107819
0.04879,90,3330.29627
1.635545,78,3330.453594
2.92506,73,3330.619241
105.797498,68,3330.75591
106.25595,71,3330.90485
4.815156,62,3331.034507
2.303625,70,3331.176849
100.786762,57,3331.291644
100.470707,69,3331.435373
2.572586,62,3331.565359
3.503436,169,3331.914177
100.505687,58,3332.032312
4.0821,66,3332.167127
2.596642,63,3332.317788
3.085304,64,3332.451197
5.309001,63,3332.576924
104.301453,70,3332.723056
4.386363,65,3332.861461
1.503107,69,3344.295938
100.869756,68,3344.43022
2.509365,68,3344.56276
103.799493,70,3344.705606
1.97011,59,3344.830655
102.258958,44,3344.918749
4.34174,65,3345.05312
-0.836985,109,3345.274905
-0.803891,98,3345.474075
2.030203,71,3345.618332
4.228362,95,3345.814913
-0.604841,85,3345.990574
2.012788,80,3346.156542
0.593336,89,3346.343417
-1.41843,89,3346.52598
100.666168,100,3346.732569
4.792856,67,3346.873375
4.123352,61,3346.999519
-0.61229,120,3347.247895
3.182176,67,3347.391885
2.920144,88,3347.577111
101.058779,72,3347.72918
101.594504,82,3347.895862
3.972763,63,3348.027715
3.620311,65,3348.162417
3.01301,72,3348.310841
0.664784,76,3359.68516
5.587477,63,3359.826523
4.006804,69,3359.96607
3.104869,64,3360.097305
2.717189,69,3360.240627
1.453998,69,3360.3795
4.620966,61,3360.505828
3.126311,76,3360.659598
0.442715,77,3360.815419
2.433891,61,3360.940686
1.104671,112,3361.170789
5.473543,64,3361.302725
1.874337,82,3361.475162
2.841707,71,3361.62031
5.017119,82,3361.789941
101.853992,70,3361.929732
3.705126,66,3362.062881
102.801349,67,3362.198635
2.285909,83,3362.367913
5.434688,66,3362.501789
2.098592,63,3362.629554
2.708566,62,3362.756865
4.599922,74,3362.910334
3.13599,60,3363.033253
-0.089595,97,3363.229797
5.892238,64,3363.362099
101.501696,37,3363.437114
2.907974,82,3363.604365
-0.085885,72,3363.757377
0.756471,78,3375.188335
100.589871,116,3375.425321
3.505475,64,3375.566188
5.662807,61,3375.701464
2.447847,62,3375.828939
100.76676,74,3375.980547
100.987022,78,3376.141345
101.201328,71,3376.287802
5.195426,63,3376.418433
3.967465,68,3376.559276
1.976901,69,3376.701637
100.450587,39,3376.782806
103.025337,75,3376.936125
102.319013,62,3377.063012
4.419723,69,3377.209777
4.140642,69,3377.357507
3.790935,63,3377.485247
3.314554,75,3377.638575
0.428477,76,3377.791221
1.864997,65,3377.924369
103.777453,78,3378.081331
101.995929,108,3378.301753
100.744874,36,3378.379118
-0.684413,93,3378.569052
104.569521,77,3378.728979
2.029734,68,3378.869118
4.685874,90,3379.061809
101.496078,78,3379.223817
3.940558,68,3390.591589
3.980629,68,3390.725359
3.327182,65,3390.852546
4.11622,69,3390.987175
2.694659,68,3391.122018
5.015658,64,3391.264313
4.920318,66,3391.402329
101.135616,66,3391.539433
1.937937,120,3391.790009
102.112156,53,3391.898937
4.327822,79,3392.063647
-0.795323,97,3392.262174
1.787658,84,3392.435894
100.153947,56,3392.551397
-0.357433,147,3392.855778
4.282022,75,3393.011393
3.531526,64,3393.137891
5.083003,60,3393.269177
3.677194,69,3393.413965
101.346595,78,3393.574955
0.794501,100,3393.7795
101.671163,107,3393.996551
4.641466,65,3394.128153
4.348875,81,3394.299533
3.746807,67,3394.434809
-0.643964,94,3394.628701
3.888689,68,3405.955548
-0.208499,99,3406.170461
1.793473,74,3406.328574
0.858408,102,3406.534587
2.832651,63,3406.66069
5.092303,79,3406.82554
5.207754,67,3406.966904
101.269686,58,3407.091421
100.969399,138,3407.378034
-0.100059,1000,3409.436487
0.402009,89,3409.617706
101.205925,74,3409.769006
3.315921,91,3409.967919
2.312892,65,3410.103103
2.677578,61,3421.361043
100.995725,72,3421.504493
4.275469,66,3421.632493
1.377535,106,3421.837094
3.76765,66,3421.976175
2.068739,60,3422.105624
0.731192,75,3422.257318
3.712194,73,3422.410331
1.061277,66,3422.547348
101.058603,85,3422.719972
2.174696,81,3422.88737
101.934421,73,3423.044012
4.454135,62,3423.173584
4.516992,62,3423.302957
1.878769,69,3423.444922
100.061336,52,3423.550973
3.964104,65,3423.680471
2.711027,84,3423.850923
2.08513,74,3424.002915
101.092825,77,3424.160392
4.774748,69,3424.30015
2.719542,58,3424.416207
2.390527,84,3424.58552
0.948851,83,3424.758067
100.484968,60,3424.879121
4.346744,62,3425.009555
3.033981,67,3425.147216
103.619872,60,3425.269582
3.257362,70,3425.409455
2.29189,69,3436.811829
2.206541,74,3436.962635
1.129074,70,3437.116263
100.562309,61,3437.244097
1.055279,76,3437.398089
1.732873,84,3437.57281
4.205268,68,3437.711296
3.856736,95,3437.912253
4.30624,90,3438.094207
1.289719,82,3438.252862
0.656785,81,3438.413095
1.932082,71,3438.557535
4.336501,67,3438.689608
2.689851,68,3438.821516
2.963609,70,3438.958046
101.328341,41,3439.03684
101.594028,63,3439.159835
101.687081,55,3439.271752
0.068351,98,3439.468816
0.456159,85,3439.637913
2.855423,63,3439.758548
3.257215,65,3439.885004
3.492375,71,3440.025316
5.786794,66,3440.153438
0.443582,1000,3453.383707
0.297299,82,3453.549477
2.455649,76,3453.701994
0.997559,74,3453.850533
103.077018,73,3453.999264
2.643254,73,3454.151535
100.38672,72,3454.3105
1.124081,78,3454.472475
0.766434,98,3454.672874
103.456296,57,3454.792911
3.520821,71,3454.938941
103.869656,75,3455.092278
4.785415,63,3455.216929
104.486828,61,3455.338773
101.56134,88,3455.509425
100.220706,51,3455.607798
101.097005,86,3455.806065
3.712358,65,3455.938251
1.726197,73,3456.093354
1.601138,72,3456.248188
3.704947,87,3467.566263
3.42447,67,3467.69755
101.79575,72,3467.83663
2.240585,71,3467.977131
101.142699,81,3468.176404
2.627212,83,3468.344071
0.441677,348,3469.028521
1.595407,94,3469.220799
101.109291,85,3469.388443
2.139455,77,3469.5397
4.226636,61,3469.661556
1.22489,62,3469.786104
2.864343,65,3469.912584
104.737597,76,3470.063262
102.597129,65,3470.196909
1.00663,85,3470.362308
1.306128,71,3470.502064
4.870161,61,3470.621137
100.705124,102,3470.826277
-0.529945,84,3470.991205
103.282928,65,3471.123708
101.287281,39,3471.204485
102.515389,45,3471.299038
1.656183,123,3471.547818
2.183691,70,3482.928856
2.186925,71,3483.070242
101.724582,80,3483.243692
2.085412,82,3483.406091
2.542594,70,3483.540961
0.009345,119,3483.77766
104.000575,79,3483.944094
2.531252,76,3484.09542
1.359599,66,3484.228029
3.360879,66,3484.358871
4.711616,66,3484.487053
0.31259,93,3484.675471
104.58147,71,3484.824433
3.232275,60,3484.964532
5.25535,70,3485.108521
3.25063,68,3485.246145
4.774162,61,3485.372394
3.293753,78,3485.535678
101.5023,51,3485.638208
3.959545,71,3485.779493
4.258514,63,3485.903794
2.135389,85,3486.066998
2.254877,58,3486.186818
3.273091,70,3486.329759
102.806746,65,3486.478254
100.688973,81,3486.644106
4.886666,62,3486.770401
-1.021269,86,3486.948937
2.801149,72,3498.331478
2.196218,118,3498.561891
2.295853,70,3498.703882
1.769232,70,3498.86287
5.360423,61,3498.989613
5.834493,65,3499.113148
2.63412,72,3499.256749
2.544492,75,3499.403562
1.561159,74,3499.548493
4.057471,96,3499.734792
2.804827,73,3499.877272
100.931708,62,3500.00539
1.696259,78,3500.163615
6.103864,85,3500.341385
102.882301,49,3500.44227
101.595838,68,3500.582312
101.333112,64,3500.729681
5.398343,65,3500.866227
5.56063,62,3500.993007
102.641868,52,3501.097587
2.331803,84,3501.269903
4.288405,66,3501.407465
4.51683,68,3501.546037
4.839821,73,3501.695996
3.335591,80,3501.85969
103.149393,72,3502.006304
0.266743,1000,3515.322277
3.848193,62,3515.450722
102.447161,68,3515.592827
101.251985,65,3515.726134
101.569189,98,3515.928925
2.889965,65,3516.069339
101.699695,66,3516.205331
4.483708,88,3516.389706
102.347396,52,3516.496819
4.238309,62,3516.622114
2.353094,72,3516.770022
102.861249,71,3516.916487
0.445581,77,3517.071666
4.303596,67,3517.211219
-1.310778,88,3517.3877
2.525924,69,3517.53126
0.042328,133,3517.807441
2.554889,63,3529.297313
100.994701,58,3529.429835
-0.504894,98,3529.631785
3.35345,81,3529.802223
3.520742,69,3529.945888
4.591203,67,3530.082303
0.768868,69,3530.22394
1.051081,91,3530.420184
1.507613,61,3530.545025
2.219471,70,3530.688165
4.274018,63,3530.818786
101.803633,51,3530.934849
4.990271,69,3531.07546
1.833904,77,3531.235418
1.661938,65,3531.369729
0.26291,86,3531.550376
3.289467,61,3531.677876
2.655656,74,3531.829888
102.273863,69,3531.970363
3.9904,60,3532.095439
1.779129,65,3532.230912
100.968431,91,3532.419051
101.295621,83,3532.590195
4.148647,72,3532.74072
1.94124,77,3532.896728
2.179946,74,3533.050502
101.643105,87,3533.229067
5.146974,60,3533.35629
101.757865,70,3533.509028
1.286951,71,3544.902274
100.989139,66,3545.047118
3.262577,68,3545.179831
3.184209,86,3545.349734
0.752276,83,3545.519418
-0.241019,104,3545.728699
101.437314,73,3545.871869
1.950061,90,3546.051687
-0.880333,121,3546.281618
4.460123,60,3546.398326
1.066154,60,3546.515409
6.303293,65,3546.644536
3.572094,66,3546.785256
1.459748,102,3546.990709
2.93477,74,3547.138763
4.767042,82,3547.302901
3.824326,92,3547.487347
4.707681,60,3547.602698
3.628973,68,3547.741626
1.840655,60,3547.858568
100.620625,61,3547.97913
6.209857,71,3548.118817
1.952915,136,3548.384229
2.733153,70,3548.534575
102.426167,65,3548.662374
4.146139,61,3548.787769
3.531513,61,3560.118138
105.110468,65,3560.250364
1.458898,77,3560.406083
101.055557,77,3560.566533
3.891282,61,3560.697755
2.099248,73,3560.852907
0.093364,77,3561.012396
105.902427,76,3561.170198
101.424341,76,3561.329201
2.122841,86,3561.505508
100.687199,79,3561.664163
2.682678,87,3561.838641
2.850053,61,3561.956507
5.810174,63,3562.08212
0.916807,121,3562.321476
5.090617,63,3562.448531
3.253156,84,3562.615363
0.690016,82,3562.775995
3.71261,69,3562.913528
3.782042,61,3563.03421
101.267524,61,3563.155727
1.224469,75,3563.303793
1.237545,88,3563.478693
2.743962,79,3563.634601
1.650285,86,3563.801188
101.442039,75,3563.951509
102.021988,64,3564.077104
2.135418,69,3575.408306
2.144804,69,3575.539763
101.260954,120,3575.776642
3.506499,58,3575.891305
2.119654,81,3576.05649
0.841632,75,3576.20236
0.551446,70,3576.341178
3.194084,69,3576.482682
4.83026,61,3576.62166
1.863751,73,3576.769811
4.382892,84,3576.928744
1.982016,73,3577.070524
101.998433,64,3577.196951
102.39547,53,3577.30391
105.357482,71,3577.441924
1.685298,63,3577.563552
102.285382,66,3577.693283
101.136937,85,3577.862006
4.095191,62,3577.984663
3.899997,79,3578.140869
4.918693,72,3578.280872
4.646331,68,3578.414804
3.406316,70,3578.554704
103.445081,66,3578.682597
3.065768,60,3578.805054
2.63993,61,3578.926078
4.345472,87,3579.099962
2.284263,77,3579.244327
3.091028,58,3579.359806
101.518005,62,3590.704853
4.296941,69,3590.843257
4.17816,69,3590.996799
0.938928,77,3591.14858
3.492138,74,3591.296233
102.310131,72,3591.436572
1.186587,76,3591.582857
2.570017,61,3591.702084
100.204374,62,3591.828193
101.749239,83,3591.994555
1.54047,78,3592.144775
103.548716,55,3592.254069
2.965536,59,3592.374166
1.135373,113,3592.609654
1.253997,85,3592.789701
2.231317,66,3592.935694
5.219811,61,3593.064123
2.888755,85,3593.239378
101.136339,79,3593.40762
3.526382,73,3593.55831
1.86874,87,3593.738912
4.325168,65,3593.871331
4.226788,64,3593.993927
3.306943,74,3594.138752
4.098681,68,3594.27474
4.258182,67,3594.426695
1.365945,80,3594.58715
2.192333,78,3594.741333
103.716768,52,3606.117918
2.062401,72,3606.259224
4.131878,72,3606.405538
1.088211,83,3606.571021
5.574082,82,3606.740521
102.935764,60,3606.862928
0.197385,82,3607.028884
-0.592145,76,3607.178226
0.760331,78,3607.331107
5.047813,126,3607.582801
100.555912,48,3607.676898
2.87797,68,3607.809285
4.104394,66,3607.93815
1.180085,87,3608.111405
3.528432,60,3608.241129
102.167293,60,3608.368042
100.954201,71,3608.50686
4.078786,86,3608.674028
5.709088,86,3608.842094
3.277391,68,3608.972976
103.180949,59,3609.085921
101.820849,85,3609.253868
1.04462,95,3609.439658
-0.016489,81,3609.596105
101.781633,74,3609.742898
4.93376,65,3609.87074
1.546479,176,3621.506365
1.079908,70,3621.651441
103.058766,70,3621.796934
-0.395268,84,3621.973926
101.357523,37,3622.050894
0.936486,83,3622.23036
3.342701,69,3622.373449
5.029081,71,3622.522613
3.110194,64,3622.672381
100.596712,117,3622.90782
101.365249,65,3623.040881
0.940502,76,3623.190763
103.8397,73,3623.333945
2.612936,175,3623.678007
2.63364,68,3623.818238
5.436337,63,3623.949687
3.687997,66,3624.086677
4.44296,68,3624.225361
1.984934,73,3624.374127
101.580761,77,3624.537307
1.903572,68,3624.676552
101.60686,50,3624.778296
3.668449,69,3624.915615
3.060434,67,3625.049494
101.499493,81,3625.209946
101.60897,83,3625.375694
100.215772,66,3625.508024
103.124288,66,3625.638653
100.18196,59,3636.913415
1.78054,77,3637.065488
4.136089,70,3637.207313
2.265308,59,3637.337601
5.085429,77,3637.487224
3.80154,84,3637.649368
5.319448,81,3637.808474
1.320208,82,3637.972878
3.066237,75,3638.118855
4.539084,88,3638.287995
1.474054,76,3638.437386
2.880491,66,3638.563936
102.379188,72,3638.708909
4.797586,77,3638.871253
103.794121,67,3639.002487
4.23078,60,3639.121363
100.538405,79,3639.275059
5.408767,70,3639.411276
2.826035,62,3639.534402
2.902847,67,3639.660557
4.709208,62,3639.780597
102.182265,55,3639.885279
0.060047,78,3640.040656
3.358218,72,3640.182024
-0.133717,91,3640.365436
2.095611,85,3640.536491
2.822609,83,3640.69651
100.949764,48,3640.79456
0.393672,84,3652.121749
4.112311,70,3652.271703
104.54089,64,3652.400651
5.555948,70,3652.537176
101.361072,68,3652.676857
2.486751,69,3652.812784
0.863767,316,3653.439289
5.728506,88,3653.612438
101.786677,54,3653.718494
101.063784,86,3653.88708
2.600519,70,3654.022987
1.130465,76,3654.184141
103.513733,74,3654.334161
3.821386,64,3654.458932
0.459675,87,3654.632577
4.443491,65,3654.760609
2.89334,79,3654.919549
103.697344,62,3655.037823
101.553727,64,3655.159457
2.534953,102,3655.362132
5.560549,140,3655.629494
101.445206,65,3655.757627
100.519172,54,3655.860396
0.222145,645,3668.319804
1.633616,91,3668.51018
3.216446,58,3668.62958
100.783823,69,3668.772604
100.992267,72,3668.919304
4.515003,68,3669.052617
0.929981,83,3669.219415
4.344524,70,3669.358094
4.044376,65,3669.49553
3.169378,60,3669.616837
102.400188,70,3669.759975
2.412575,81,3669.925109
1.996764,70,3670.06724
4.168609,78,3670.2279
0.832889,130,3670.49413
0.542481,1000,3683.755043
101.417352,92,3683.944956
0.339809,70,3684.089774
1.080872,69,3684.229261
101.354937,89,3684.410634
101.197572,87,3684.590289
3.258776,94,3684.782823
1.218777,76,3684.934684
101.604887,56,3685.046062
2.4058,66,3685.178409
5.026539,67,3685.31218
-1.034758,83,3685.480932
2.206598,84,3685.647746
100.751116,76,3685.81688
1.711992,73,3685.965387
102.928724,74,3686.11731
0.462699,91,3686.311702
102.087578,67,3686.449573
2.506019,67,3686.589951
3.705762,66,3686.730334
2.644903,71,3698.197736
1.079035,88,3698.378087
1.509436,99,3698.583195
5.629504,67,3698.722449
5.949497,65,3698.859181
4.281372,68,3699.000221
2.57508,69,3699.143141
100.503735,58,3699.263576
2.911879,68,3699.407658
102.940263,69,3699.547089
2.51513,73,3699.688378
3.796975,59,3699.814752
3.455654,73,3699.958116
1.054526,72,3700.100734
3.023517,67,3700.23267
101.495429,48,3700.324543
0.776665,86,3700.49485
101.200834,78,3700.648213
1.383662,78,3700.805227
4.337962,63,3700.926855
0.586841,84,3701.094084
0.831018,74,3701.241496
3.987089,64,3701.374216
0.949157,93,3701.563963
3.449586,70,3701.712948
102.908511,63,3701.855104
102.815393,61,3701.979179
3.039019,72,3702.125321
4.037015,76,3702.289899
1.897902,70,3713.622272
5.155946,80,3713.785184
100.876751,77,3713.93645
101.232828,37,3714.011053
101.825955,96,3714.218174
0.851813,70,3714.364299
103.564695,67,3714.507415
3.369991,68,3714.645321
100.911413,129,3714.914516
1.02701,85,3715.096182
1.812063,77,3715.256279
4.132265,65,3715.396425
0.736071,73,3715.557675
3.999494,60,3715.680619
100.018119,11,3715.703516
3.55228,63,3715.833136
3.028919,65,3715.980598
0.211673,172,3716.337538
102.873115,70,3716.482529
104.053234,72,3716.629688
-0.31093,98,3716.831547
102.201057,59,3716.946853
1.785688,72,3717.086387
2.11963,82,3717.247582
5.66479,79,3717.406988
103.881653,52,3717.511525
4.092214,61,3717.634335
4.513506,69,3728.953893
104.494088,59,3729.078019
2.32722,77,3729.23959
2.756618,60,3729.365774
4.241858,66,3729.504196
100.792681,76,3729.662528
2.239062,69,3729.806731
100.550174,39,3729.89889
103.388627,61,3730.033926
101.507319,88,3730.220856
101.306877,70,3730.366381
3.892523,66,3730.503539
103.184473,71,3730.649405
2.113136,69,3730.78867
3.575147,77,3730.93667
100.8123,74,3731.084602
102.051671,112,3731.303424
3.419202,72,3731.446091
101.22222,81,3731.605169
1.556395,72,3731.747504
104.396633,61,3731.873565
101.72145,67,3732.012727
0.873273,87,3732.180853
1.868421,59,3732.29676
0.590364,368,3733.020822
5.391633,64,3744.374234
3.012967,81,3744.556982
4.955811,62,3744.685285
101.353194,57,3744.805587
1.390954,91,3745.0015
2.250203,109,3745.220251
103.962549,77,3745.380851
100.513013,61,3745.507585
0.834415,63,3745.63828
3.731962,67,3745.778595
-1.731578,132,3746.031234
102.644062,69,3746.168601
101.290671,96,3746.359302
101.384965,45,3746.455356
-0.968962,99,3746.65791
0.376979,1000,3759.976715
101.827437,99,3760.190133
4.294732,113,3760.408207
3.798793,90,3760.583399
3.464829,77,3760.735898
2.697967,60,3760.856254
106.15813,73,3760.99915
100.490554,21,3761.040455
2.949827,61,3761.167635
0.403562,75,3761.316674
3.323018,69,3761.453144
4.770286,82,3761.610706
0.315229,89,3761.784409
4.825926,63,3761.91309
4.979701,60,3762.038021
1.706708,74,3762.190118
3.441337,82,3762.359145
3.131311,68,3762.497832
103.870481,74,3762.660932
3.587029,84,3762.834221
1.179018,87,3763.006972
3.225198,74,3763.153779
3.808933,60,3763.272869
3.002147,120,3763.511673
4.281408,61,3763.64145
5.149999,61,3763.766424
1.962018,63,3763.893904
1.495558,71,3775.282928
1.58366,70,3775.436157
3.663514,69,3775.575649
103.005658,53,3775.683364
1.06823,123,3775.927318
4.235144,95,3776.113084
4.27777,66,3776.254349
0.657387,76,3776.402401
0.909775,90,3776.580384
2.80486,71,3776.717508
3.322762,66,3776.849837
102.211067,74,3776.999213
101.91027,98,3777.191743
100.633027,71,3777.32949
1.974042,78,3777.482633
100.597526,82,3777.648915
0.846681,72,3777.78903
4.092495,73,3777.933933
102.507522,68,3778.064713
1.111629,71,3778.205962
101.151892,70,3778.348748
100.752309,70,3778.486018
1.089068,69,3778.621575
4.644454,110,3778.85478
2.631968,69,3778.987569
1.801404,92,3779.171107
102.125997,74,3790.653438
103.38489,53,3790.756499
2.965974,69,3790.895027
2.334815,81,3791.071933
102.7379,66,3791.203609
101.037036,95,3791.393898
3.670002,81,3791.554869
3.855385,68,3791.691888
0.792048,107,3791.906873
0.303078,110,3792.121311
100.949136,105,3792.32608
4.26547,67,3792.457188
1.497837,82,3792.614087
1.388726,77,3792.764497
-0.573919,100,3792.961434
3.582607,72,3793.104693
4.057728,73,3793.248371
1.569588,86,3793.413487
102.684737,53,3793.517612
1.427548,90,3793.700304
4.019765,70,3793.840602
103.151628,67,3793.973573
102.544521,71,3794.111745
5.336022,63,3794.232881
3.167882,67,3794.363579
5.728695,63,3794.488858
101.227211,93,3805.895131
102.741173,64,3806.035925
104.610914,61,3806.151892
2.619045,76,3806.297357
2.535653,173,3806.627162
104.158596,65,3806.75552
3.651153,66,3806.883978
101.271678,76,3807.03194
100.504042,80,3807.186766
101.365027,87,3807.352352
3.855892,66,3807.479296
1.772126,62,3807.595314
4.144418,67,3807.725802
2.305934,73,3807.867195
102.195998,66,3807.999211
1.185473,76,3808.149407
4.565323,89,3808.322402
2.073646,76,3808.470792
101.98473,60,3808.597736
0.962621,66,3808.727808
1.669285,71,3808.868953
4.608701,71,3809.011471
2.582316,78,3809.173289
2.30374,63,3809.30381
4.971127,63,3809.435248
3.713262,62,3809.558573
102.791602,48,3809.652126
101.578077,94,3809.840737
3.039884,84,3821.279486
3.369522,78,3821.427118
1.940742,63,3821.552311
0.741187,78,3821.703249
102.363349,71,3821.842492
3.485977,117,3822.06964
3.17709,69,3822.202952
101.452168,68,3822.349429
1.595918,83,3822.511961
1.436691,73,3822.65422
101.448755,82,3822.814548
2.357024,88,3822.985373
5.045475,79,3823.143216
101.449061,76,3823.292743
4.091178,69,3823.426806
1.140975,82,3823.585826
2.086607,88,3823.760613
101.190125,85,3823.926559
4.372285,114,3824.151194
0.405256,75,3824.299585
0.233522,1000,3837.473257
101.299581,70,3837.614282
103.755394,59,3837.730468
3.918855,60,3837.851151
1.232452,122,3838.097981
101.349383,78,3838.252934
0.359925,1000,3840.239308
101.17952,62,3840.363923
4.935109,66,3840.491115
101.646474,139,3851.954288
0.609307,83,3852.123925
3.503371,66,3852.254568
3.8495,59,3852.370346
101.197766,88,3852.54445
102.15453,49,3852.642277
100.99398,64,3852.77311
1.919868,76,3852.925411
3.664167,60,3853.047194
105.083465,66,3853.180285
105.585983,63,3853.311419
103.298351,53,3853.415555
-0.409911,252,3853.914758
101.09131,86,3854.086263
3.362671,60,3854.207473
100.831285,58,3854.327361
3.247422,60,3854.44675
0.233332,92,3854.629421
103.103415,69,3854.767787
0.032423,136,3855.054995
5.413347,92,3855.23869
4.642709,66,3855.373224
6.190455,65,3855.504716
4.462997,66,3855.636381
101.395531,72,3855.780568
104.835801,62,3867.307384
2.409103,64,3867.43445
2.220758,82,3867.593686
101.56982,114,3867.81956
5.570914,62,3867.945136
101.551931,77,3868.099539
4.281558,67,3868.231107
5.058001,89,3868.408099
101.982822,51,3868.508696
100.516761,85,3868.673334
2.194744,96,3868.864027
2.838623,70,3869.004136
0.616453,262,3869.523252
1.690577,86,3869.696038
102.016717,105,3869.904444
2.145394,78,3870.054874
101.141687,84,3870.226308
4.63787,64,3870.353966
101.318668,82,3870.5182
0.877899,1000,3883.774837
101.491015,62,3883.897301
2.327413,62,3884.021332
2.125331,69,3884.158131
105.374582,63,3884.280476
3.278794,75,3884.431477
104.615214,62,3884.553301
2.453617,63,3884.681543
2.602465,60,3884.797457
5.019948,70,3884.932961
105.761043,74,3885.075738
102.272401,75,3885.223252
4.562616,76,3885.369096
2.7854,65,3885.494612
105.177339,66,3885.622368
4.573763,81,3885.779027
1.503115,81,3885.938084
2.478189,85,3886.100996
101.55991,70,3886.240202
0.932063,87,3886.412847
101.557065,74,3886.561888
0.340028,71,3897.98166
5.851516,62,3898.110832
5.05856,61,3898.234651
3.029722,67,3898.372419
103.104446,69,3898.515979
106.129607,72,3898.662687
1.395508,79,3898.822811
2.225816,73,3898.974364
102.561677,72,3899.121744
4.373415,66,3899.256266
102.210381,64,3899.388515
101.131343,54,3899.506444
1.826816,86,3899.692186
2.588095,63,3899.825904
0.5448,1000,3901.813733
2.060183,118,3913.308191
101.173101,114,3913.537474
2.608033,58,3913.655693
0.809221,82,3913.817907
3.594466,66,3913.966094
3.885999,60,3914.085729
1.519418,65,3914.211996
1.408492,77,3914.362289
105.794145,64,3914.487512
1.108281,77,3914.641296
-1.732805,125,3914.887553
-2.11588,121,3915.130721
6.170254,78,3915.283674
2.351728,68,3915.418515
1.609161,86,3915.589767
5.886043,62,3915.712015
101.499647,67,3915.84544
101.184,35,3915.928588
5.108388,73,3916.077897
1.53649,81,3916.243197
3.795582,65,3916.379716
4.679943,63,3916.507401
3.665204,77,3916.665218
100.930526,55,3916.77905
103.298082,65,3916.913685
-0.157412,85,3917.088017
2.183257,64,3917.220956
-2.197855,143,3928.692702
1.595589,94,3928.882183
2.883945,85,3929.074439
103.439977,55,3929.188087
101.14496,69,3929.332884
101.777048,64,3929.46481
101.904304,39,3929.544323
4.071022,84,3929.718044
4.349422,63,3929.847344
4.538283,63,3929.969784
101.848891,66,3930.103352
1.551608,84,3930.271024
-1.413158,104,3930.47511
104.348453,65,3930.600383
1.729168,70,3930.739025
2.343348,74,3930.882689
101.301768,84,3931.045468
2.439313,68,3931.177766
2.450745,71,3931.320352
1.486319,79,3931.476412
101.739441,91,3931.652392
4.296354,76,3931.803893
1.674537,84,3931.975303
4.317448,73,3932.124068
5.655128,76,3932.294658
101.193912,84,3932.468985
3.008226,68,3932.610866
2.710896,60,3932.732702
2.566918,59,3944.183155
3.818408,67,3944.32268
101.698277,82,3944.496774
2.060864,59,3944.618209
1.95845,72,3944.776665
0.621498,90,3944.957586
3.76539,62,3945.076131
4.953144,83,3945.244397
4.731473,68,3945.377231
2.214526,68,3945.515909
2.352748,61,3945.634751
5.1798,68,3945.768306
3.130012,85,3945.933673
4.065647,64,3946.059864
0.802872,71,3946.200843
3.781507,68,3946.335082
102.654235,83,3946.500298
2.07033,69,3946.634299
2.24105,92,3946.82801
2.46983,61,3946.948657
1.332715,84,3947.111891
-0.135801,167,3947.442987
2.336733,59,3947.556887
103.165622,61,3947.676259
3.019738,109,3947.891531
0.345369,79,3948.047518
104.365812,69,3959.349904
1.250068,78,3959.503479
3.556057,65,3959.626725
4.056111,64,3959.7542
2.146287,74,3959.918569
4.376835,64,3960.043771
3.898289,84,3960.208465
0.653166,100,3960.411831
104.810716,68,3960.54389
104.696277,60,3960.660358
0.815278,83,3960.822462
2.47508,69,3960.957029
102.628708,66,3961.086552
1.536974,78,3961.24112
101.734819,91,3961.420754
5.659614,71,3961.560702
-0.475796,94,3961.744562
2.158321,68,3961.878841
1.287592,70,3962.020068
101.221646,87,3962.193445
0.849872,92,3962.37329
101.459411,51,3962.474504
1.101732,85,3962.641971
4.649901,70,3962.778375
1.390864,74,3962.924164
3.810169,61,3963.043684
-0.163611,1000,3976.26604
-1.17403,97,3976.461526
2.000165,68,3976.590379
1.675532,78,3976.745575
102.368977,71,3976.883408
2.668222,68,3977.01641
102.24629,44,3977.103981
1.758841,72,3977.246189
4.545303,75,3977.39122
1.205867,96,3977.581079
105.095763,65,3977.712145
100.709202,98,3977.911439
0.624911,72,3978.056291
2.356452,76,3978.21262
5.063769,78,3978.376078
100.358114,268,3990.097323
102.665078,78,3990.257424
3.266396,67,3990.408716
2.127717,93,3990.615281
1.118413,74,3990.770731
2.748612,92,3990.959887
2.733091,63,3991.091396
1.165358,107,3991.316582
0.736171,76,3991.470666
1.956672,85,3991.65069
1.321846,91,3991.840894
2.512609,69,3991.982386
2.869912,66,3992.11937
3.051635,60,3992.245854
4.492537,62,3992.37577
101.286562,54,3992.490505
5.094471,87,3992.671705
2.912607,64,3992.801713
1.182519,89,3992.98482
102.504508,55,3993.098087
3.719607,59,3993.224605
3.673433,73,3993.375304
4.689964,67,3993.511924
2.835422,61,3993.635194
100.986447,62,3993.759333
100.858176,54,3993.869217
1.50217,94,3994.064804
101.228193,75,4005.42904
1.436862,76,4005.584723
3.532135,68,4005.726224
3.712328,87,4005.921765
2.904345,59,4006.045396
2.644774,63,4006.171298
100.203133,65,4006.300675
-0.161035,99,4006.49982
4.195311,67,4006.631308
4.02374,79,4006.787349
3.485898,67,4006.921358
3.030414,67,4007.056281
2.158578,63,4007.181539
104.018207,59,4007.298939
3.774135,62,4007.433554
5.189282,65,4007.560802
-1.752137,111,4007.776634
2.956151,88,4007.948671
100.190057,61,4008.070723
5.763767,64,4008.197068
101.135065,87,4008.38227
-2.045643,123,4008.621693
3.542574,76,4008.768894
2.611709,74,4008.914567
1.047939,77,4009.069365
103.609804,57,4009.182832
105.152537,63,4009.30594
4.593039,82,4009.465929
101.748797,60,4020.923149
4.58575,65,4021.066893
3.64904,69,4021.208332
102.476228,51,4021.311602
0.985019,78,4021.472064
1.560806,87,4021.655988
103.762872,56,4021.767907
3.094478,60,4021.886601
105.354523,69,4022.01839
0.908145,81,4022.179376
102.880193,58,4022.29771
-0.160303,100,4022.500798
3.607029,67,4022.637281
101.070296,148,4022.930254
1.810151,73,4023.072476
4.97208,65,4023.205058
100.624543,59,4023.325579
2.522434,66,4023.458935
4.268167,67,4023.58824
1.30631,71,4023.72919
2.395083,59,4023.85678
-0.204784,101,4024.056682
1.284652,92,4024.244903
101.530676,69,4024.389941
1.008017,860,4037.423875
0.029974,81,4037.588836
101.496872,92,4037.773172
101.470663,47,4037.868856
4.140236,69,4038.024401
2.818893,69,4038.165385
3.676779,79,4038.3192
1.15587,73,4038.472517
-0.040201,88,4038.654836
3.603095,66,4038.789226
-1.935815,220,4039.219019
101.633748,72,4039.361164
102.417224,50,4039.457716
3.542899,71,4039.595811
4.15111,66,4039.727494
4.716524,81,4039.883016
3.751339,65,4040.028575
3.494763,67,4040.159343
101.93441,59,4040.27364
4.536239,62,4051.638403
4.441917,72,4051.78063
3.983139,65,4051.910835
4.091959,77,4052.058765
4.284852,79,4052.215574
101.297144,120,4052.471284
3.545472,71,4052.617955
101.592886,114,4052.85304
2.035348,74,4053.004351
0.807871,81,4053.168625
2.982247,78,4053.33315
2.959042,85,4053.505854
2.189076,68,4053.63951
1.187703,87,4053.816184
4.652272,74,4053.967393
101.939506,45,4054.058783
100.470663,47,4054.15374
-3.75348,215,4054.578595
1.73049,61,4054.699722
2.389622,64,4054.831611
0.858218,92,4055.018142
0.253907,70,4055.159298
101.606149,145,4055.446067
102.574609,73,4055.595269
5.030795,69,4055.737673
3.062029,67,4067.077352
100.958457,82,4067.270729
0.257327,1000,4069.338439
2.604159,65,4069.47049
5.032355,66,4069.602244
2.751919,69,4069.738471
-0.422798,126,4069.983492
101.977804,58,4070.094918
1.493919,69,4070.245163
104.664993,71,4070.382456
1.617052,66,4070.508836
1.792354,63,4070.63342
104.08521,61,4070.753902
-0.642779,1000,4084.212416
1.7901,78,4084.370754
2.256289,68,4084.512468
2.00694,63,4084.643669
3.59935,74,4084.796185
3.225188,69,4084.932543
4.305504,71,4085.071856
0.935102,580,4086.236665
0.378447,1000,4099.554847
3.129354,65,4099.702854
101.334667,74,4099.856106
2.682373,74,4100.010705
-0.907455,107,4100.22903
2.145807,81,4100.39303
101.263578,60,4100.514328
102.339944,79,4100.677961
3.897348,75,4100.830782
4.233751,67,4100.962668
0.403434,69,4101.101021
2.306819,68,4101.233404
-0.342548,283,4101.799867
2.825298,67,4101.930415
101.623705,90,4102.111347
101.743707,48,4113.409875
4.815916,71,4113.554777
1.289095,84,4113.726656
4.739382,78,4113.899166
4.576811,74,4114.051174
3.898148,79,4114.212088
4.396563,96,4114.413706
2.15961,68,4114.555391
1.66345,79,4114.715166
104.373901,58,4114.831609
3.675565,75,4114.986161
-0.40049,79,4115.136892
4.103773,60,4115.254598
103.777896,61,4115.374482
101.262619,75,4115.535583
1.235476,71,4115.679089
100.627972,97,4115.891587
101.082087,80,4116.064724
1.520016,79,4116.22741
1.8459,69,4116.369972
3.769305,70,4116.513739
2.861835,74,4116.669371
5.180512,66,4116.803817
102.240735,73,4116.944543
5.672212,69,4117.082552
3.348255,72,4117.226408
0.956814,63,4117.363803
3.468795,67,4117.493357
-0.283533,98,4128.967809
3.562595,63,4129.093136
2.515172,91,4129.26803
3.407731,73,4129.413212
101.683555,111,4129.648852
100.400387,50,4129.749749
1.962727,59,4129.869018
3.544974,61,4129.996223
100.720177,86,4130.16502
2.104543,75,4130.312997
0.565067,103,4130.511294
4.887228,72,4130.653573
102.77218,53,4130.760188
1.384535,78,4130.913885
-0.169405,81,4131.070715
3.450374,61,4131.189849
4.523475,65,4131.320107
101.199533,70,4131.456691
0.445125,89,4131.634857
0.342674,75,4131.78354
100.918111,41,4131.864534
1.755059,60,4131.98826
1.144354,94,4132.178257
105.219286,72,4132.329849
3.940187,73,4132.480964
101.384907,66,4132.614226
0.973171,89,4132.789173
1.649138,63,4132.914001
4.421856,118,4144.399264
3.046379,88,4144.58111
1.50292,61,4144.719658
3.087841,67,4144.866077
2.896463,74,4145.021408
0.799918,154,4145.339314
5.210381,80,4145.505451
4.196541,72,4145.652327
1.423495,90,4145.836488
105.051719,61,4145.959446
102.607315,44,4146.043707
3.767964,79,4146.199676
100.718146,65,4146.327085
1.110357,62,4146.448557
3.388034,78,4146.604825
0.705413,78,4146.764452
2.670331,67,4146.899549
101.820062,68,4147.037344
103.073747,67,4147.168918
1.29737,75,4147.321185
103.636588,55,4147.435336
100.410683,70,4147.579661
3.997333,71,4147.734594
3.109386,78,4147.891698
103.997297,73,4148.035083
4.435748,74,4148.184786
1.560615,95,4148.372489
101.97865,106,4159.902457
1.926721,95,4160.100122
3.697231,66,4160.225497
3.161132,62,4160.347817
2.08737,71,4160.485949
101.800784,62,4160.605868
-1.347955,134,4160.864022
2.738433,80,4161.020378
100.0,1,4161.022898
5.580013,76,4161.178361
103.426225,61,4161.298198
1.776491,83,4161.466729
105.854465,68,4161.602563
101.178986,55,4161.713605
2.57307,82,4161.882507
2.48346,65,4162.012325
100.477299,20,4162.052372
2.713143,73,4162.194348
4.565633,89,4162.368221
100.978104,64,4162.493995
1.235105,77,4162.653853
100.853306,207,4163.069298
1.261684,74,4163.213975
104.763016,62,4163.340144
1.32072,72,4163.482365
105.632214,68,4163.629806
101.467821,70,4163.777321
-0.108319,88,4175.219607
4.361482,61,4175.345568
1.041342,93,4175.535657
-0.100432,77,4175.693662
105.828344,64,4175.827791
-0.043041,73,4175.970629
3.895737,74,4176.116323
103.64175,59,4176.234322
2.932664,63,4176.355635
101.207898,83,4176.516495
102.048992,72,4176.659727
2.608958,60,4176.794921
0.124705,106,4177.00374
104.627253,60,4177.123817
101.381381,72,4177.264835
5.212709,90,4177.444939
1.762337,66,4177.575864
3.419656,66,4177.708
101.907691,64,4177.832062
3.883818,71,4177.97717
1.737181,83,4178.147775
101.476105,84,4178.318419
0.041036,75,4178.473939
2.679235,68,4178.613908
4.649683,78,4178.776258
3.872154,71,4178.920151
2.264738,71,4179.059796
0.436023,77,4190.49818
101.86157,67,4190.635229
4.776039,66,4190.771984
4.630845,73,4190.933899
101.338722,58,4191.049857
4.398024,65,4191.179384
104.388109,63,4191.303979
1.40988,81,4191.463752
101.921077,63,4191.589539
0.942131,80,4191.747931
2.164892,72,4191.890424
4.963136,75,4192.044093
101.499662,61,4192.171076
3.866717,64,4192.31713
4.061634,63,4192.448797
2.850816,67,4192.584469
102.172665,72,4192.736106
100.364194,56,4192.844604
2.426309,71,4192.985657
1.32543,79,4193.141657
4.076299,72,4193.282663
101.529491,89,4193.457845
5.726047,64,4193.583076
6.234748,69,4193.721786
4.003304,80,4193.88342
104.206434,72,4194.022862
3.617584,70,4194.159373
1.757174,73,4194.302172
101.749041,70,4194.43548
4.85049,76,4194.58793
1.361253,65,4206.010624
4.666246,61,4206.138118
102.049911,43,4206.227605
101.401531,75,4206.382981
1.523877,70,4206.525548
101.702147,56,4206.642825
104.528443,76,4206.796887
3.474112,72,4206.937281
1.956598,68,4207.090611
4.104901,77,4207.264456
2.168448,68,4207.406764
4.079098,68,4207.54944
103.544986,71,4207.69457
2.418769,76,4207.85498
4.133964,66,4207.98562
105.607365,63,4208.118743
1.897015,78,4208.280588
3.543761,115,4208.532808
101.764053,107,4208.757404
0.901564,1000,4222.02854
104.630626,68,4222.169252
2.816894,87,4222.349378
104.598487,56,4222.465153
103.018514,68,4222.605395
101.996267,68,4222.746361
5.119924,62,4222.869962
104.365309,69,4223.02136
2.642404,63,4223.146888
4.659996,63,4223.270496
103.411178,68,4223.404182
101.582094,43,4223.492121
101.503169,58,4223.60468
4.880438,87,4223.777613
0.904645,91,4223.95856
2.917884,67,4224.092354
2.740252,79,4224.2525
101.15646,56,4224.357421
103.336689,52,4224.463761
1.086172,125,4224.714184
3.83311,95,4224.899721
3.016924,65,4225.029805
1.005551,93,4225.2126
2.283907,91,4225.395012
105.210846,62,4236.784466
101.069953,58,4236.899867
4.542849,63,4237.025984
0.951742,72,4237.162119
101.132268,81,4237.332186
101.019951,45,4237.419731
103.923196,73,4237.558685
0.264666,94,4237.73939
5.373363,82,4237.901143
0.480693,98,4238.09337
101.058845,80,4238.249219
102.31095,73,4238.395544
3.585467,74,4238.539636
105.73724,69,4238.673795
103.183232,67,4238.806094
1.272475,68,4238.943403
102.777993,74,4239.086259
2.429601,69,4239.218329
101.063536,90,4239.39244
1.424315,102,4239.593031
101.461944,48,4239.683512
1.546099,60,4239.80977
3.935044,91,4239.987958
101.931128,82,4240.151713
1.065403,92,4240.335013
1.085923,93,4240.515489
1.561002,60,4240.633985
104.245385,62,4240.759173
104.279958,61,4252.142008
3.030387,77,4252.300514
3.649614,79,4252.463676
4.095483,72,4252.62539
1.502785,77,4252.789505
5.083698,84,4252.97448
5.337737,61,4253.099297
3.506137,68,4253.24341
5.578363,69,4253.385849
1.490728,76,4253.539578
100.940873,66,4253.669873
4.815029,76,4253.819088
1.250682,89,4253.992281
2.353881,70,4254.136476
5.28964,73,4254.286066
3.787964,71,4254.434699
1.526676,80,4254.59886
4.531248,63,4254.734064
3.592808,68,4254.870602
3.172169,97,4255.059694
105.073778,63,4255.182302
0.256984,80,4255.342523
-0.75363,91,4255.523154
5.037284,130,4255.780049
103.161844,53,4255.885488
102.740662,73,4256.026781
4.78108,66,4256.15504
2.989452,68,4267.529036
105.351909,72,4267.673639
2.333422,71,4267.814926
2.306597,69,4267.949603
3.339332,79,4268.106966
1.313306,66,4268.239306
3.227231,60,4268.362506
2.801836,75,4268.522732
4.593196,71,4268.670877
0.192256,99,4268.867978
1.931232,72,4269.026414
4.613316,66,4269.157882
1.567076,77,4269.307551
1.045901,84,4269.471882
2.060368,73,4269.621483
1.328797,96,4269.809101
4.634073,65,4269.933568
5.072387,75,4270.078755
2.054935,128,4270.329602
2.827312,69,4270.466079
103.111524,71,4270.60828
2.569154,71,4270.744692
5.223796,69,4270.882204
103.237401,73,4271.027478
3.611414,67,4271.155273
0.445506,98,4271.345979
100.356029,58,4271.461969
4.013951,66,4282.835247
1.215075,107,4283.058387
1.792578,68,4283.202045
6.136064,64,4283.336192
0.844611,82,4283.508585
2.206274,86,4283.683897
1.465476,64,4283.823698
3.292951,70,4283.96664
2.267878,96,4284.167492
100.979897,86,4284.348796
1.86686,91,4284.542335
0.883412,78,4284.707012
3.297587,66,4284.843619
6.157648,65,4284.969775
3.849025,399,4285.767848
4.42625,68,4285.907002
4.714173,66,4286.045896
100.01238,146,4286.347371
4.596272,61,4286.476205
1.965384,80,4286.643682
4.055343,72,4286.79042
4.904424,71,4286.925849
101.317074,42,4298.377868
5.224148,65,4298.50938
101.629638,120,4298.768461
5.328045,64,4298.891165
4.010548,67,4299.029388
103.637629,63,4299.157259
2.906861,86,4299.322349
4.908138,60,4299.440217
2.324006,73,4299.578855
5.367257,83,4299.742191
103.634029,72,4299.884068
100.742752,107,4300.108648
3.371702,72,4300.272988
5.642636,66,4300.40942
4.397734,101,4300.618119
2.79706,68,4300.752322
5.118742,84,4300.916518
104.936652,76,4301.072329
104.074231,65,4301.19896
4.770946,84,4301.365073
100.723329,138,4301.640524
2.958498,64,4301.765704
3.535239,88,4301.939185
1.147449,79,4302.104453
1.525599,78,4302.265502
4.631131,68,4302.405911
2.665029,94,4313.906776
4.392333,64,4314.044733
5.462999,67,4314.176623
5.75212,78,4314.330995
4.74223,76,4314.479762
3.260774,64,4314.60591
3.437806,71,4314.743203
101.437989,79,4314.904961
101.002435,51,4315.005199
103.914184,66,4315.135778
5.418425,67,4315.267849
102.359455,62,4315.387372
3.806057,70,4315.530218
3.146862,90,4315.708745
5.368093,69,4315.850689
2.48658,69,4315.997133
101.428167,75,4316.153562
101.154176,73,4316.306611
5.961399,65,4316.439477
5.629531,64,4316.56743
1.124941,93,4316.751193
2.348629,60,4316.870806
0.549734,86,4317.043581
2.724496,69,4317.180904
103.173079,64,4317.309777
1.674591,69,4317.44806
4.465609,75,4317.604134
1.554888,98,4317.793143
1.530948,84,4329.138836
101.46817,78,4329.297407
101.500448,63,4329.429932
103.028315,63,4329.559053
4.071148,79,4329.722882
2.331704,73,4329.868033
5.317108,71,4330.003345
3.080456,85,4330.175133
5.017061,79,4330.331051
100.796949,70,4330.469166
103.457901,63,4330.592936
4.936874,88,4330.783849
3.080715,76,4330.936462
3.793239,76,4331.079678
1.165121,79,4331.234469
100.285156,72,4331.376338
2.065807,62,4331.502563
2.875779,71,4331.646304
2.947857,81,4331.810868
3.470041,77,4331.975048
2.580692,60,4332.104231
1.397122,89,4332.290547
-1.610145,117,4332.531148
4.473641,93,4332.726738
101.994865,156,4333.035171
2.969961,64,4333.160552
2.627965,64,4344.650111
101.4367,81,4344.813485
-0.739603,105,4345.029605
100.883662,44,4345.114786
1.276229,88,4345.288113
-0.009973,130,4345.544825
1.685237,63,4345.668364
4.49729,62,4345.79017
1.347136,93,4345.9693
4.67016,80,4346.126101
1.219933,67,4346.260149
1.3901,85,4346.426097
2.211602,87,4346.596212
4.250781,60,4346.714882
3.546453,70,4346.865528
101.36192,80,4347.029025
3.323423,59,4347.149743
2.307464,61,4347.273561
102.881287,75,4347.423726
3.828608,98,4347.627363
5.349276,62,4347.752652
3.711684,78,4347.915556
101.572381,57,4348.0311
0.563789,81,4348.197481
4.104484,66,4348.330977
0.996332,93,4348.517345
1.281509,87,4348.694194
4.217122,66,4360.052758
1.962446,70,4360.187495
102.985522,73,4360.330073
3.987975,141,4360.606654
3.021816,70,4360.747745
5.404478,73,4360.890762
0.937459,78,4361.044335
102.703997,71,4361.200863
3.38626,86,4361.371307
101.896358,50,4361.471603
104.495223,64,4361.599537
3.471169,73,4361.74808
1.493644,73,4361.896169
4.325229,69,4362.031552
103.960924,68,4362.167984
2.044563,61,4362.289235
-0.183678,423,4363.119237
103.478971,72,4363.263297
2.762091,86,4363.43939
1.270421,67,4363.57009
3.181569,91,4363.754368
103.65375,70,4363.894664
4.281949,72,4364.033848
102.998841,76,4375.376711
4.554455,73,4375.521092
100.342131,65,4375.665207
2.985226,69,4375.801202
4.309985,99,4375.999558
101.905055,41,4376.077876
1.056389,95,4376.272055
0.681576,83,4376.432088
4.472964,72,4376.576362
101.361797,67,4376.70927
3.931157,79,4376.861617
104.19193,70,4376.998049
4.669246,71,4377.14151
5.591763,75,4377.29227
3.847433,63,4377.416885
102.645261,50,4377.517565
102.807341,68,4377.651792
3.511305,61,4377.777505
1.570267,77,4377.931943
0.16306,74,4378.081902
2.179623,76,4378.234031
4.991274,85,4378.41073
0.819322,95,4378.602142
4.526038,70,4378.745421
1.434483,69,4378.879774
101.022906,87,4379.058354
4.379802,71,4379.199124
3.959543,78,4390.548646
0.005082,94,4390.74
101.877395,73,4390.881343
3.060226,61,4391.001121
104.296129,62,4391.123866
105.229768,63,4391.248273
100.91808,92,4391.431211
4.017939,77,4391.583624
5.673661,64,4391.723971
2.811331,63,4391.848484
4.561975,67,4391.982901
1.390377,83,4392.151202
3.657842,73,4392.295362
103.969047,68,4392.427921
2.446782,74,4392.578333
5.339659,73,4392.724522
1.306214,87,4392.898669
1.390196,68,4393.030854
0.612232,93,4393.214402
3.145144,76,4393.365473
102.89272,54,4393.471606
1.586472,97,4393.660912
106.253422,68,4393.797012
100.528781,24,4393.844214
101.091828,90,4394.02528
2.986872,71,4394.163323
2.9941,60,4394.280432
1.809663,76,4394.431757
1.623393,71,4394.574566
4.285686,70,4406.004302
101.903444,48,4406.097488
4.397973,71,4406.239907
3.708914,67,4406.384394
5.833656,68,4406.516373
4.503757,69,4406.652531
104.594278,66,4406.779737
101.138881,105,4406.989718
100.941196,84,4407.157365
101.83436,98,4407.352034
0.257771,97,4407.544116
4.960846,68,4407.684585
-2.157567,111,4407.905349
101.369754,57,4408.019279
100.581159,24,4408.067689
4.651824,76,4408.213598
4.816679,90,4408.388734
0.463486,77,4408.549191
1.218728,71,4408.706113
3.595035,74,4408.852849
5.534943,81,4409.010451
3.255768,61,4409.127873
2.62218,59,4409.244045
2.260335,72,4409.386427
5.81392,75,4409.535307
105.293159,71,4409.673706
1.371785,83,4409.835615
5.35331,65,4409.962532
103.168404,58,4421.288479
2.312386,78,4421.442003
2.432905,62,4421.562644
3.280961,81,4421.734767
-0.140887,90,4421.908756
1.678219,96,4422.099514
2.169412,76,4422.247832
0.952005,95,4422.432389
5.165545,80,4422.590341
103.852652,71,4422.73289
-0.817288,92,4422.912442
1.912798,65,4423.038092
2.549993,77,4423.190883
100.863333,64,4423.323469
5.498078,63,4423.446563
2.165924,73,4423.587502
5.016198,77,4423.751941
4.052185,76,4423.902618
1.188929,77,4424.062465
1.729616,81,4424.220453
103.104542,64,4424.347896
1.52837,99,4424.544092
4.38151,89,4424.716167
104.931053,66,4424.845511
4.328268,67,4424.979408
102.357555,64,4425.10722
3.139996,61,4425.238744
101.349922,60,4436.605473
2.798821,65,4436.734577
101.637217,52,4436.83805
4.348713,59,4436.95167
1.19818,89,4437.130036
101.040778,62,4437.251479
0.972138,102,4437.46622
0.431586,86,4437.637571
3.075033,62,4437.758828
103.631311,69,4437.895051
101.591727,76,4438.056255
-0.728783,104,4438.258531
3.98585,76,4438.405673
4.102741,70,4438.542322
0.879115,102,4438.744852
1.577376,66,4438.876292
105.427281,64,4439.000117
101.914791,77,4439.150985
3.881247,77,4439.300651
100.825854,49,4439.397377
101.228373,79,4439.551169
4.674978,119,4439.793809
101.380981,76,4439.94189
103.830045,64,4440.066236
4.193435,72,4440.208093
5.034569,69,4440.342551
4.820885,68,4440.473644
102.762439,69,4451.821569
1.392501,77,4451.993674
1.440301,75,4452.138957
3.665022,65,4452.267807
0.910073,104,4452.481332
3.182851,69,4452.618638
0.970364,84,4452.785898
2.926773,69,4452.926709
5.833833,76,4453.080648
0.217705,77,4453.236543
3.396412,73,4453.382766
3.029225,61,4453.499038
5.563078,78,4453.653197
101.647929,107,4453.865468
0.951369,95,4454.051902
4.455818,68,4454.184024
101.21695,91,4454.363225
100.869753,79,4454.519464
101.943537,64,4454.642342
1.715074,76,4454.790694
4.036123,65,4454.918988
4.885895,74,4455.062216
101.489447,72,4455.203798
2.347629,96,4455.386961
0.792193,66,4455.518814
101.207036,69,4455.651938
1.786852,64,4455.77681
2.978261,92,4467.137037
102.09897,81,4467.29966
4.574491,100,4467.497158
4.705663,82,4467.673596
4.951664,91,4467.851635
4.179365,83,4468.012674
4.561976,96,4468.20523
2.113718,75,4468.352669
4.201116,61,4468.472423
3.954069,74,4468.619245
101.6249,59,4468.738539
1.386395,79,4468.892935
1.71871,73,4469.034751
4.607652,86,4469.207757
-1.068937,127,4469.457407
2.968802,66,4469.586651
3.982101,79,4469.744613
0.336343,85,4469.909541
1.282156,92,4470.088339
105.5578,69,4470.226159
5.475419,63,4470.354404
102.516354,74,4470.499158
4.910235,87,4470.66819
101.655962,111,4470.888493
2.12498,97,4471.075391
2.37192,72,4482.498668
0.544078,81,4482.663447
0.549501,69,4482.801443
2.950249,89,4482.973904
3.75414,82,4483.135601
101.18897,112,4483.362012
3.210709,165,4483.685709
-0.028671,90,4483.875849
2.220931,94,4484.057634
100.321391,18,4484.092421
1.435679,74,4484.24069
4.120693,68,4484.375611
-0.432217,163,4484.699474
1.143079,100,4484.90584
1.921906,68,4485.042099
-0.524836,238,4485.539114
4.89007,76,4485.695758
100.846202,47,4485.78787
5.137819,67,4485.926503
1.629762,102,4486.135577
2.32845,73,4486.289309
103.678947,72,4486.445355
105.796915,66,4497.77662
4.268519,83,4497.953919
2.955189,59,4498.073615
2.593298,93,4498.254759
0.508319,130,4498.520879
100.454296,85,4498.686607
3.182997,60,4498.807473
101.705389,88,4498.983996
0.071214,707,4500.369402
101.684131,81,4500.5268
2.049871,73,4500.676694
5.096381,63,4500.807738
101.41415,66,4500.948684
3.875682,73,4501.099446
104.182088,73,4501.253579
105.840252,69,4501.399131
3.144442,68,4501.543356
3.970687,75,4501.6972
101.069054,56,4501.81129
-1.748308,125,4513.434624
101.501628,88,4513.614722
101.100146,63,4513.746354
3.199227,70,4513.895546
0.849252,85,4514.068474
3.592446,89,4514.256108
4.661037,68,4514.403107
0.920593,123,4514.656871
3.020084,61,4514.7965
2.244511,69,4514.940242
101.22548,107,4515.164784
4.45114,66,4515.298011
1.99998,70,4515.444164
5.070142,81,4515.612986
100.218587,14,4515.643019
101.185181,84,4515.816698
1.829088,60,4515.941885
4.57532,100,4516.145464
3.391343,67,4516.28322
101.233612,124,4516.538646
101.635392,113,4516.763104
2.60908,69,4516.901698
103.114567,73,4517.043632
4.448819,79,4517.200664
2.416121,65,4517.325212
0.96331,88,4528.8594
3.814348,74,4529.013899
101.117458,113,4529.271208
0.143034,86,4529.445422
100.285557,112,4529.678814
2.352637,142,4529.973883
5.791399,63,4530.095823
4.130675,61,4530.214537
4.856341,64,4530.342466
100.754173,83,4530.507394
4.37214,61,4530.627755
0.243613,75,4530.773138
100.872525,80,4530.932651
0.537722,75,4531.079362
4.523493,78,4531.233349
2.332272,97,4531.423084
0.349685,122,4531.664255
1.630653,85,4531.829108
1.491924,86,4531.99941
1.027213,70,4532.14838
1.420062,78,4532.306763
102.209327,55,4532.419686
102.08589,64,4532.549237
100.950398,54,4532.661377
0.390805,134,4544.263632
0.573237,86,4544.45469
2.456877,68,4544.595375
3.202763,85,4544.767673
2.416811,69,4544.908974
2.9138,68,4545.047271
4.223278,71,4545.191954
3.347019,108,4545.41151
101.06575,60,4545.524499
1.80214,113,4545.748938
1.804539,82,4545.908008
-1.864994,111,4546.125932
4.475591,84,4546.3052
5.713384,70,4546.444318
102.656329,64,4546.57446
0.21988,110,4546.790669
4.567515,70,4546.937158
2.416454,68,4547.072108
0.403847,72,4547.211663
0.357449,115,4547.446047
3.118387,100,4547.652385
2.778866,66,4547.784401
3.835629,62,4547.906412
-0.254631,85,4548.080928
104.662207,61,4548.20595
2.319742,76,4548.35482
3.261805,96,4559.730899
102.706358,71,4559.874602
5.836404,64,4559.999122
3.69889,97,4560.19139
5.743983,62,4560.31469
3.829248,74,4560.462496
4.893567,121,4560.735284
0.539625,114,4560.959299
1.094071,83,4561.126534
4.808128,83,4561.293653
3.300109,65,4561.426056
1.202007,81,4561.584983
3.584318,62,4561.708589
1.475344,93,4561.885946
2.878675,74,4562.029278
101.612989,40,4562.108871
-0.713873,93,4562.295609
1.673463,156,4562.600692
3.310427,104,4562.808821
101.360903,51,4562.908501
4.656289,72,4563.05054
1.776166,86,4563.21949
1.247946,83,4563.383722
101.257067,96,4563.572116
-0.32622,105,4574.965358
105.552729,69,4575.117095
101.306703,77,4575.270572
101.023969,109,4575.490073
103.839889,66,4575.621959
102.284906,71,4575.763306
2.492667,69,4575.898741
103.15167,52,4576.000092
3.917488,61,4576.123498
4.59346,61,4576.246209
-0.790935,67,4576.376972
2.015035,109,4576.594864
101.014229,60,4576.715551
4.173856,74,4576.860231
1.826646,94,4577.044474
2.073749,90,4577.225694
4.342024,90,4577.405029
101.118273,107,4577.614803
4.747436,62,4577.737251
3.936743,61,4577.856177
101.553578,68,4577.988753
4.573311,64,4578.118712
100.430524,78,4578.272878
1.379551,90,4578.451105
3.696052,63,4578.575843
3.827918,65,4578.703257
102.933992,49,4578.799635
3.505522,68,4590.186419
102.703235,57,4590.299477
0.663186,93,4590.488109
0.754577,64,4590.613072
4.747244,62,4590.73956
3.931088,70,4590.879479
0.46878,94,4591.071818
1.783207,110,4591.293114
3.188476,76,4591.442902
1.779589,85,4591.613489
2.163079,66,4591.756053
3.513375,74,4591.905398
2.989305,78,4592.060482
1.308849,100,4592.2588
1.146768,72,4592.397684
4.302624,68,4592.53283
2.038569,74,4592.675014
4.635933,78,4592.828791
4.948395,73,4592.967585
1.203799,82,4593.129535
101.220676,73,4593.272732
0.414997,84,4593.441926
105.066204,66,4593.567684
3.391347,66,4593.699517
0.302191,82,4593.869092
4.515577,64,4593.996356
3.922175,60,4594.113662
3.314807,109,4605.558917
101.159466,74,4605.717641
3.276249,67,4605.853196
3.205811,71,4605.993287
103.509782,66,4606.127603
3.441137,67,4606.261015
3.506311,60,4606.377094
-0.311839,108,4606.599864
4.635574,70,4606.739522
5.342804,84,4606.905901
100.847706,60,4607.024318
4.481846,64,4607.149765
3.193156,61,4607.268062
0.440383,83,4607.429408
4.294944,63,4607.552331
2.459517,65,4607.684561
0.50679,77,4607.8386
0.146746,108,4608.047653
5.222018,69,4608.184778
105.767169,65,4608.310787
1.615057,77,4608.462525
5.839119,64,4608.586338
2.415246,72,4608.750124
4.07605,98,4608.941866
0.710688,100,4609.136353
2.355044,62,4609.262389
5.527001,79,4609.418019
3.66808,63,4609.538548
101.277858,85,4620.902873
1.734536,82,4621.063884
0.471773,1000,4623.054481
3.433458,78,4623.21059
4.089956,100,4623.408183
1.573252,77,4623.556577
0.812809,76,4623.70787
3.736921,72,4623.853941
3.730424,72,4623.998528
102.168291,55,4624.11077
103.716882,60,4624.23047
4.63999,61,4624.351166
1.216671,79,4624.506767
2.233257,74,4624.653845
102.256762,64,4624.779187
1.218388,63,4636.072658
-1.417259,95,4636.271972
1.991243,70,4636.416716
2.801038,60,4636.537787
2.005176,94,4636.722268
3.279493,210,4637.137829
101.044358,81,4637.300142
4.441818,164,4637.628422
1.656895,65,4637.757057
104.965843,59,4637.87542
3.561777,67,4638.011454
4.385537,68,4638.147838
3.594073,79,4638.306838
1.162912,76,4638.460351
1.580684,73,4638.601356
1.69606,85,4638.772707
2.158714,134,4639.040306
0.94043,92,4639.220068
103.514467,55,4639.329111
5.843666,71,4639.472475
4.004223,69,4639.608037
3.749041,72,4639.751116
1.968865,77,4639.901871
105.861842,67,4640.039202
1.960838,71,4651.461311
3.793136,61,4651.582673
0.315057,98,4651.775038
100.284468,86,4651.943134
1.977996,60,4652.06404
4.686183,87,4652.24223
1.429598,83,4652.408981
101.744656,123,4652.650132
2.123689,62,4652.773404
101.341418,88,4652.966654
1.417955,82,4653.127387
3.404158,81,4653.288316
101.964623,72,4653.433491
103.217859,64,4653.557526
3.912485,71,4653.699941
100.445934,35,4653.770239
2.900935,72,4653.914429
0.999549,132,4654.179301
3.576829,71,4654.322311
2.938585,168,4654.659625
100.923754,89,4654.837116
4.394118,64,4654.968201
3.260382,70,4655.103068
102.030858,50,4655.206566
4.402449,63,4655.344036
3.115312,92,4666.703529
1.71267,75,4666.858975
4.660055,66,4666.990192
3.798295,77,4667.139955
4.435503,65,4667.277432
105.56802,77,4667.43734
3.725972,85,4667.602415
3.951562,102,4667.808685
102.719655,50,4667.909024
101.864581,72,4668.053295
1.350691,91,4668.23101
3.452369,71,4668.372576
2.770946,80,4668.535624
4.433309,63,4668.657388
2.589575,80,4668.867406
2.913686,59,4669.026381
-0.609144,107,4669.25743
3.838953,68,4669.400371
1.627239,70,4669.537393
0.890257,88,4669.711298
0.647492,76,4669.861807
4.16641,106,4670.072824
101.44971,88,4670.243798
100.62044,62,4670.365121
3.672389,91,4670.54091
4.071236,64,4670.664885
101.002871,82,4670.829355
102.120727,67,4682.166628
4.822596,167,4682.494284
1.017398,102,4682.710461
100.880668,63,4682.842648
5.145329,68,4682.984171
4.119263,69,4683.129418
101.659318,59,4683.250978
-1.257655,140,4683.542837
5.886905,65,4683.676683
101.646842,107,4683.894601
105.065569,61,4684.022498
105.989546,73,4684.1759
100.627687,77,4684.335769
4.958235,73,4684.487192
2.671635,67,4684.626412
101.893075,77,4684.784848
2.46835,75,4684.934644
1.711193,68,4685.071279
-1.279388,91,4685.247067
3.237569,78,4685.400378
-0.637843,112,4685.637578
4.437735,72,4685.783118
101.477215,62,4685.905961
103.420476,68,4686.036313
3.129017,69,4686.17369
4.405115,74,4697.513294
100.994576,118,4697.769233
3.08921,69,4697.904244
101.702868,89,4698.082589
3.953918,69,4698.216689
2.74142,75,4698.365617
5.311961,62,4698.499404
101.304446,63,4698.626179
103.132372,71,4698.764613
101.235375,58,4698.880444
104.910295,73,4699.026201
102.511835,53,4699.13741
3.992666,97,4699.329364
1.416013,82,4699.492599
3.03095,91,4699.674061
2.494814,70,4699.812477
1.627966,76,4699.956349
3.500555,62,4700.081379
0.133366,167,4700.408907
103.284184,60,4700.529143
2.866783,69,4700.674181
1.80667,77,4700.826777
100.594238,214,4701.243052
3.483898,61,4701.367044
5.864654,72,4701.508802
3.95298,66,4712.81508
101.454184,46,4712.914799
3.078229,75,4713.063034
104.219144,73,4713.207561
103.893731,70,4713.344658
4.988774,64,4713.470304
4.01984,81,4713.629076
2.237727,135,4713.898376
0.663475,70,4714.037613
5.382588,71,4714.176455
104.395281,69,4714.313774
1.899189,71,4714.468141
2.192523,77,4714.618972
100.581405,76,4714.768439
101.682585,103,4714.973498
-0.203911,112,4715.191417
1.952855,68,4715.335692
2.04843,64,4715.463826
101.149098,64,4715.594327
4.577046,67,4715.725104
1.162901,88,4715.895407
2.860318,75,4716.042939
101.815283,77,4716.197097
2.531772,96,4716.388352
103.571394,59,4716.509625
-0.93309,128,4716.762658
0.623738,79,4728.091011
2.258917,93,4728.274255
103.611944,52,4728.378117
101.242259,66,4728.524644
105.537008,65,4728.651536
1.848914,70,4728.816862
-1.243474,168,4729.234093
1.14155,63,4729.357174
0.217671,110,4729.576856
2.163042,78,4729.728649
4.239152,74,4729.877639
2.240979,77,4730.030482
0.458389,77,4730.185919
100.73238,70,4730.322194
3.531771,61,4730.444952
102.475022,53,4730.549996
2.77285,71,4730.71325
103.477336,68,4730.84803
101.269823,53,4730.950395
4.366807,71,4731.091931
4.328266,64,4731.22095
0.871205,82,4731.380682
4.36632,62,4731.505454
0.781358,69,4731.649026
-0.6714,83,4731.810436
1.22936,75,4731.95803
4.20677,66,4732.096237
101.330292,74,4743.441166
0.347542,1000,4745.441217
5.845556,64,4745.564494
1.166113,81,4745.726055
-0.838769,91,4745.907237
1.806525,85,4746.071261
104.811701,61,4746.192041
5.792899,69,4746.329881
0.38298,84,4746.498126
1.591855,100,4746.695676
102.973867,54,4746.803203
1.211392,101,4747.001492
1.708957,94,4747.189112
0.955333,75,4747.33733
1.036343,61,4758.726748
0.643226,91,4758.922446
-0.148917,113,4759.147986
100.405997,38,4759.218727
4.553314,67,4759.351413
4.42965,68,4759.484554
5.454533,75,4759.631794
2.977005,66,4759.765776
5.450639,59,4759.886913
-0.5609,276,4760.435693
101.402208,54,4760.543118
101.612705,68,4760.676283
1.865066,73,4760.818681
101.31725,76,4760.967372
3.50354,60,4761.087033
105.172483,68,4761.223138
5.168102,64,4761.352873
104.613774,67,4761.485094
103.609379,72,4761.629092
4.6585,68,4761.76197
101.277386,67,4761.895229
2.821444,84,4762.058409
3.550571,61,4762.17793
101.635703,58,4762.290453
104.073381,58,4762.405659
100.357223,64,4762.529872
101.14791,76,4762.6788
1.798703,61,4774.040382
-0.352224,229,4774.505794
101.929547,69,4774.646609
101.392101,67,4774.77814
104.417376,66,4774.904513
104.693263,62,4775.03641
104.116399,59,4775.151233
100.232619,68,4775.282453
3.420514,83,4775.444354
1.273507,79,4775.597042
1.814503,73,4775.749041
3.549605,88,4775.926663
2.551327,68,4776.062298
101.275837,50,4776.16303
1.587235,74,4776.309561
102.684427,62,4776.431666
0.83361,87,4776.601694
4.99198,94,4776.786469
1.459955,81,4776.948945
103.806345,73,4777.095094
100.290845,62,4777.218295
1.241983,66,4777.353849
0.375006,79,4777.517467
0.811947,1000,4790.80226
3.681558,68,4790.937758
5.29611,84,4791.121166
2.813871,61,4791.240623
102.935214,67,4791.371192
1.281985,70,4791.508391
101.662919,69,4791.64614
102.672687,67,4791.779526
103.468852,53,4791.886926
100.692191,79,4792.041869
0.316746,1000,4805.215191
4.005849,60,4805.348254
102.482099,71,4805.494005
0.973825,76,4805.643321
5.6966,70,4805.781726
100.992,60,4805.901491
100.957782,108,4806.116015
5.673581,79,4806.272679
0.144668,109,4806.496875
1.431711,65,4806.626241
3.868255,62,4806.752421
3.447699,69,4806.884331
101.068062,86,4807.048243
1.64646,93,4807.225504
100.882195,68,4807.358242
101.713217,77,4807.509953
1.548481,95,4807.698547
-0.696734,135,4807.963238
101.587107,53,4808.068463
1.092385,79,4808.222423
5.013998,63,4808.349357
3.334777,68,4808.487373
103.83902,56,4808.59465
2.374734,75,4820.023167
3.250223,72,4820.172404
2.845278,59,4820.289335
2.069629,59,4820.425954
-0.957794,133,4820.708488
100.571626,76,4820.860158
103.893769,63,4820.982789
105.983015,71,4821.125611
1.339368,69,4821.263346
103.803934,69,4821.397124
0.619711,1000,4823.366251
1.047356,98,4823.556753
5.352517,65,4823.689898
4.892151,77,4823.840921
2.657029,83,4824.006956
1.785748,70,4835.415778
103.378194,66,4835.570714
3.26985,68,4835.705345
103.074501,70,4835.839749
104.622035,60,4835.955823
3.994524,61,4836.076212
3.178122,60,4836.194828
2.224867,93,4836.376153
102.585945,62,4836.500826
5.679231,69,4836.63421
101.151843,51,4836.732378
102.333455,74,4836.878211
2.510273,78,4837.034184
2.647389,77,4837.185478
102.912597,66,4837.314749
2.889527,75,4837.458448
101.581777,75,4837.604325
5.53589,79,4837.7637
4.747863,74,4837.911291
2.626311,116,4838.13534
1.675067,96,4838.328236
103.653261,59,4838.444485
4.214622,77,4838.595829
2.386876,77,4838.748344
0.552758,112,4838.971391
2.789423,60,4839.091003
5.451325,71,4839.231655
5.02159,71,4839.379298
102.156728,124,4850.817434
3.125667,91,4851.018098
2.591707,68,4851.155715
2.963108,60,4851.277546
4.853315,81,4851.438227
0.504898,1000,4853.403433
3.600636,87,4853.573445
102.952777,58,4853.686146
101.778426,61,4853.808029
101.032167,97,4853.996241
101.490228,85,4854.162375
100.861155,68,4854.300055
2.562036,72,4854.441022
2.999942,92,4854.622738
2.157583,70,4865.924612
4.546456,67,4866.080343
1.981992,67,4866.210904
2.858246,59,4866.329896
5.697009,63,4866.453357
3.289191,64,4866.583954
2.100918,93,4866.770505
0.237796,120,4867.011083
-0.561283,110,4867.226866
5.076262,63,4867.355078
101.975473,53,4867.464458
3.710473,69,4867.601458
1.897719,188,4867.969419
1.288171,82,4868.128074
1.945921,123,4868.372277
1.00868,71,4868.513508
102.350304,67,4868.645419
2.689805,67,4868.775377
101.143039,86,4868.944967
2.069355,65,4869.078497
1.342929,89,4869.253575
4.790721,62,4869.377514
2.206449,84,4869.543067
0.379336,1000,4882.747691
1.780369,95,4882.95447
6.03551,76,4883.103623
4.385907,67,4883.236955
2.141333,61,4883.356666
1.974886,91,4883.542651
4.848215,64,4883.669348
1.678357,80,4883.825658
104.481126,62,4883.950885
-0.743556,163,4884.273728
2.532231,88,4884.444949
106.147584,65,4884.575055
1.372692,69,4884.714978
4.819635,61,4884.835703
100.988429,85,4885.007494
100.809905,53,4885.113354
2.92354,94,4896.592088
-0.082066,1000,4898.550009
2.692066,85,4898.718907
103.457817,69,4898.854857
0.99312,93,4899.037465
4.320232,74,4899.183451
102.339488,59,4899.299459
101.136466,60,4899.417962
4.148373,85,4899.581031
0.892436,788,4912.472975
105.735052,64,4912.599923
102.815887,72,4912.741757
4.664257,81,4912.90075
4.737132,68,4913.060443
1.728978,67,4913.203664
4.807201,70,4913.343741
1.149413,81,4913.499968
101.407928,72,4913.641966
4.63141,79,4913.801639
103.537486,71,4913.941159
103.975331,64,4914.071015
100.360953,87,4914.241588
1.592262,72,4914.386651
1.389403,77,4914.543706
3.226184,66,4914.676735
3.732147,81,4914.837574
3.56254,61,4914.959695
2.274426,89,4915.134751
3.3512,71,4915.278317
3.609637,65,4915.407953
4.98023,68,4915.541879
4.011096,61,4915.664191
1.287829,93,4915.850657
3.607892,76,4916.006067
101.978796,42,4927.26801
0.669315,104,4927.474606
3.283802,65,4927.604013
103.314842,73,4927.760085
3.580695,87,4927.930896
1.793948,72,4928.073495
1.058737,64,4928.200633
3.545714,73,4928.35194
103.001935,47,4928.443782
4.739057,77,4928.598381
102.535802,47,4928.690316
-1.378773,136,4928.961913
3.600419,66,4929.094734
100.663331,77,4929.249492
-0.652992,85,4929.414297
2.886567,96,4929.60454
2.717321,64,4929.735287
4.977996,98,4929.928435
-0.002696,170,4930.260452
100.458833,71,4930.400623
0.303225,1000,4943.573978
0.329001,1000,4945.55916
0.25567,70,4945.700069
2.052072,87,4945.873131
103.847271,56,4945.982884
4.313869,83,4946.149099
1.936682,94,4946.33108
2.434427,76,4946.482885
3.057307,61,4957.768626
3.40331,94,4957.95438
102.388599,152,4958.266135
5.254802,73,4958.410331
4.558475,73,4958.553917
3.353795,76,4958.703338
100.783886,71,4958.842987
4.072593,66,4958.975901
101.837967,60,4959.09767
4.86995,68,4959.229983
2.472575,89,4959.400191
101.455062,35,4959.471552
100.871538,71,4959.609867
4.267275,91,4959.787034
102.573527,71,4959.940858
100.180816,58,4960.058396
2.392923,90,4960.241607
2.748553,75,4960.393086
3.150354,68,4960.529703
5.20427,89,4960.707964
106.195371,70,4960.844364
101.541759,91,4961.024014
102.999134,61,4961.143129
2.182102,83,4961.308008
1.386555,79,4961.465299
2.430082,73,4961.611136
4.182738,84,4973.056175
4.060043,63,4973.1836
1.593684,69,4973.317422
1.132844,91,4973.496861
2.720241,77,4973.662445
2.91402,86,4973.832383
1.979506,84,4973.99839
100.418238,75,4974.154562
2.515111,69,4974.289517
2.584907,71,4974.425841
1.759407,72,4974.570395
1.896956,67,4974.705996
4.614099,63,4974.828023
4.98016,64,4974.953672
3.753042,62,4975.077837
101.632834,57,4975.198523
4.059885,63,4975.324494
2.353208,129,4975.581503
1.893942,75,4975.727193
100.339919,62,4975.854686
3.989193,61,4975.976139
103.381069,72,4976.117955
101.336157,855,4988.994409
100.739448,102,4989.193391
100.310953,68,4989.323132
3.206417,87,4989.504735
5.743247,62,4989.624872
1.700433,70,4989.761906
5.603282,62,4989.885006
100.865773,72,4990.029177
0.695895,112,4990.264028
4.514864,73,4990.407934
3.50933,94,4990.590397
2.611122,74,4990.737853
100.273215,68,4990.872333
1.975974,75,4991.02251
3.790601,88,4991.197392
1.387992,122,4991.43881
105.611421,67,4991.573294
100.58248,70,4991.714487
3.71639,66,4991.841901
-0.01032,74,4991.990394
3.430628,85,4992.158298
4.221816,65,4992.286893
-0.09423,123,5003.747998
103.859576,68,5003.879211
4.332312,67,5004.010157
101.710355,88,5004.18232
101.172081,73,5004.324774
2.16909,99,5004.517624
100.71166,61,5004.646797
4.453999,65,5004.775351
1.00156,75,5004.921468
3.35641,61,5005.043374
105.226546,65,5005.171737
101.594584,81,5005.331154
0.91151,99,5005.529976
0.670124,117,5005.761947
103.975485,67,5005.894456
3.801324,94,5006.072158
102.031783,119,5006.306397
105.931555,67,5006.437559
4.241544,71,5006.57837
105.757689,68,5006.713792
104.708986,77,5006.867898
0.289428,784,5019.611222
1.928646,74,5019.754867
5.479332,62,5019.880203
104.37862,64,5020.007644
2.327098,75,5020.155667
101.519256,69,5020.311235
2.015119,69,5020.448735
101.432062,85,5020.613245
1.136746,90,5020.791616
100.675625,64,5020.915817
-0.795547,156,5021.224691
1.227657,80,5021.378918
4.782846,69,5021.523913
2.402705,88,5021.695549
4.627425,59,5021.81143
5.226491,67,5021.940777
2.20497,70,5022.079541
0.571398,82,5022.241647
1.012138,65,5022.368845
1.180996,76,5022.522598
1.632662,68,5022.658296
4.916252,79,5022.816943
2.699319,67,5034.172324
3.072584,68,5034.307257
3.924518,90,5034.503786
3.363462,64,5034.632517
102.472321,48,5034.728688
101.638671,88,5034.902117
-1.154384,98,5035.093844
0.759143,100,5035.292149
3.333433,83,5035.459687
2.294742,73,5035.607748
2.853772,69,5035.751482
4.113034,64,5035.874456
2.07821,69,5036.011292
3.216966,70,5036.15015
104.539461,56,5036.261636
2.813853,77,5036.416234
2.965048,63,5036.542312
2.29885,62,5036.668604
101.493298,44,5036.752946
0.250783,91,5036.932832
2.224631,85,5037.102965
4.042334,71,5037.2403
1.614052,96,5037.42756
1.709238,87,5037.595345
100.994169,83,5037.761336
106.036997,68,5037.895981
2.391901,62,5038.018661
1.773052,87,5038.189919
101.392956,78,5049.531289
104.504494,58,5049.645814
1.09797,286,5050.22636
1.862916,69,5050.363576
102.554742,75,5050.513867
2.655609,94,5050.708167
101.658407,68,5050.854359
1.905691,64,5050.985112
1.114829,71,5051.121113
-0.333042,86,5051.289542
1.929907,79,5051.444984
1.171736,71,5051.585655
2.428863,77,5051.740864
4.919002,66,5051.8722
2.039308,70,5052.005756
3.900947,98,5052.202912
-0.332639,241,5052.675601
4.487976,62,5052.796999
3.050861,67,5052.926524
100.567045,71,5053.065317
3.054878,98,5053.260467
4.043171,70,5053.398331
4.633761,65,5064.72149
101.728208,121,5064.974772
2.598921,80,5065.131816
1.760448,65,5065.256353
1.080906,74,5065.400728
3.908433,82,5065.56001
3.555585,68,5065.698241
101.810572,38,5065.776083
0.401623,1000,5067.746881
101.218691,86,5067.91824
3.904935,67,5068.052284
103.794894,54,5068.15683
102.215851,73,5068.300556
4.076924,66,5068.433619
1.727517,86,5068.603185
1.792158,85,5079.956404
4.658246,81,5080.116243
5.96556,62,5080.23978
101.672039,75,5080.403918
3.134852,61,5080.531253
0.44367,882,5082.295986
0.581259,277,5082.851354
4.335402,74,5082.994777
0.944591,78,5083.148136
101.566808,36,5083.217373
-0.212704,1000,5096.399998
2.875664,64,5096.52439
100.869563,75,5096.673753
4.095565,59,5096.792301
101.811747,72,5096.951156
1.816318,92,5097.132662
2.791354,86,5097.296821
1.426337,87,5097.471336
2.918256,77,5097.621865
4.847073,71,5097.757718
3.348589,94,5097.945716
100.0,1,5097.948236
4.279319,84,5098.111287
4.245413,69,5098.249875
4.224736,70,5098.412056
4.292347,70,5098.553674
2.300888,67,5098.688238
1.342967,78,5098.842096
2.724954,66,5098.973126
2.352491,68,5099.105684
4.066031,64,5099.235014
2.152829,93,5110.578332
3.247378,61,5110.695441
5.579496,76,5110.843008
104.02009,71,5111.00346
3.141703,87,5111.197041
4.309715,71,5111.350402
100.455637,72,5111.502345
100.490656,93,5111.689511
0.886462,96,5111.883199
101.716115,71,5112.02954
2.461555,79,5112.191914
101.550306,69,5112.327093
0.977193,73,5112.474588
2.826826,68,5112.613009
101.343181,77,5112.765441
2.785478,94,5112.953499
2.305376,68,5113.087193
4.736045,74,5113.246074
0.094013,427,5114.06852
104.821129,58,5114.179975
102.524409,53,5114.28901
2.411154,72,5114.431166
100.950379,69,5114.562938
3.164691,86,5125.890616
101.001799,76,5126.039123
2.516117,122,5126.29439
5.329304,66,5126.425859
5.292037,67,5126.56276
1.833892,71,5126.701235
101.061017,68,5126.849184
-0.711585,126,5127.09338
105.041088,66,5127.225275
2.538414,69,5127.361495
3.852296,65,5127.492324
102.06622,102,5127.690176
3.908122,65,5127.815895
105.358351,65,5127.94501
101.124491,77,5128.095662
6.025844,63,5128.221116
4.018555,65,5128.349917
100.019463,5,5128.360179
103.393974,61,5128.480858
2.533831,78,5128.636184
4.2791,74,5128.784511
2.137283,76,5128.934854
3.397534,75,5129.084336
6.129347,63,5129.208657
104.45871,60,5129.330494
5.131727,62,5129.451889
2.727355,87,5129.621668
2.293421,68,5129.755763
3.004554,84,5141.131824
105.506843,66,5141.278766
5.465884,62,5141.405387
102.763061,55,5141.516564
3.405515,104,5141.732628
101.272207,62,5141.855198
3.2235,87,5142.028394
2.087838,80,5142.197773
101.735696,48,5142.293709
1.373546,75,5142.443
1.377177,87,5142.620516
3.767262,67,5142.755732
0.634666,95,5142.941802
2.991533,76,5143.089019
101.350174,35,5143.163813
3.169987,68,5143.302322
101.170578,154,5143.607466
1.660367,67,5143.740159
0.839113,70,5143.880577
2.036675,73,5144.024034
101.054623,32,5144.087672
102.5658,70,5144.226302
102.986144,72,5144.368985
2.07264,93,5144.550569
4.388863,68,5144.691426
105.647338,70,5144.830112
100.848022,39,5144.908524
1.678306,75,5145.060167
5.095454,66,5156.409439
101.080185,72,5156.553408
3.570371,61,5156.675708
101.906813,74,5156.823818
4.617285,60,5156.944859
100.556224,57,5157.062816
0.315767,91,5157.24212
3.270503,69,5157.38059
1.974158,67,5157.517087
1.429542,95,5157.708146
4.537882,66,5157.852587
4.086418,69,5157.99044
1.371773,63,5158.11759
101.572596,70,5158.25187
1.156857,100,5158.448463
4.541759,93,5158.635907
3.222394,66,5158.766457
0.82611,590,5159.938088
2.918251,74,5160.091801
102.13635,61,5160.21155
3.065008,88,5160.382936
2.029186,69,5171.884173
1.715817,65,5172.029846
1.186144,92,5172.212944
102.284121,63,5172.338383
3.772556,95,5172.52484
2.729309,81,5172.68425
1.037351,106,5172.897258
101.830251,62,5173.025575
2.474926,66,5173.159026
1.291915,129,5173.42701
102.943799,48,5173.530967
100.877473,69,5173.671045
0.963046,101,5173.87672
1.787612,90,5174.060362
-2.104115,237,5174.54184
2.717858,83,5174.707784
6.03003,71,5174.854593
0.040637,107,5175.086089
4.713166,79,5175.251181
0.808335,98,5175.45623
2.059928,90,5175.638131
104.765014,62,5175.767736
1.820226,70,5175.913977
105.850258,65,5187.271626
1.254952,123,5187.525789
1.879897,91,5187.714272
1.813599,63,5187.839206
101.505237,70,5187.985552
2.182441,66,5188.123197
100.808016,78,5188.299177
3.297403,107,5188.518344
0.029903,293,5189.100764
2.572306,72,5189.244023
2.032304,65,5189.370781
101.717057,81,5189.53385
4.313195,68,5189.670271
3.739982,62,5189.794879
100.568375,83,5189.962946
4.237171,64,5190.097201
-0.573706,118,5190.33766
102.358146,63,5190.468956
3.490154,71,5190.616046
101.540295,86,5190.785489
0.63042,91,5190.960522
103.820122,64,5191.083439
101.213991,79,5191.241082
5.839995,68,5191.384033
0.679089,190,5203.037064
1.464434,100,5203.252799
1.487809,59,5203.380202
101.554941,39,5203.464446
3.230318,85,5203.639648
104.807443,62,5203.773029
3.097019,75,5203.938886
101.833191,50,5204.043954
105.700503,62,5204.170084
2.633145,68,5204.31354
2.181721,96,5204.509875
3.65134,61,5204.635793
102.56566,56,5204.753905
103.337906,68,5204.891851
-2.835384,297,5205.466414
3.97393,77,5205.621341
104.069839,74,5205.763742
1.987072,67,5205.898327
101.28775,76,5206.047316
2.812945,75,5206.196453
4.405212,63,5206.322936
1.065716,80,5206.478269
-0.043799,101,5206.690834
0.64511,141,5218.237673
101.888377,69,5218.374434
5.462144,74,5218.51896
3.932363,67,5218.654563
0.442611,81,5218.8318
101.050756,68,5218.966217
4.782355,68,5219.100937
100.92471,94,5219.296197
-0.563647,88,5219.472275
1.202865,89,5219.655823
5.412249,67,5219.796491
2.036355,69,5219.938148
100.513089,272,5220.500187
3.82197,66,5220.631612
1.567829,77,5220.790946
5.588559,84,5220.953107
4.311415,78,5221.11043
1.842614,83,5221.279853
1.792116,87,5221.450341
3.648857,64,5221.578706
3.997941,80,5221.737458
1.186307,77,5221.888249
3.814322,66,5222.016791
103.579712,67,5222.149473
-0.148938,89,5233.573247
-0.069582,75,5233.740222
101.772978,56,5233.85797
4.046925,63,5233.98539
1.730979,97,5234.176153
101.5248,71,5234.317048
3.115502,71,5234.462234
101.896227,70,5234.606593
4.451047,65,5234.74554
102.539791,45,5234.837023
1.397708,69,5234.976212
4.012479,66,5235.102818
101.577445,68,5235.246364
2.465489,69,5235.381932
5.291488,64,5235.506505
0.972222,83,5235.672628
0.294162,84,5235.838957
4.565319,73,5235.97955
-0.266273,247,5236.462696
2.767541,79,5236.622532
2.235579,67,5236.757282
5.537573,73,5236.901273
101.315762,78,5237.056822
4.115475,63,5237.182837
4.54669,68,5237.320751
1.414725,73,5237.467607
0.570943,62,5237.588187
2.798035,70,5249.040069
3.600342,60,5249.163133
3.887241,61,5249.288028
102.948113,73,5249.441298
5.194978,78,5249.610748
102.522171,76,5249.76727
4.486623,67,5249.90336
2.724727,80,5250.079435
0.439759,74,5250.232491
105.597433,67,5250.378964
4.092462,60,5250.51129
0.213327,79,5250.674569
-0.599535,86,5250.849402
1.402398,82,5251.009693
101.532202,89,5251.182863
105.529038,68,5251.313883
101.203605,72,5251.454773
101.589817,72,5251.595891
2.32392,94,5251.776342
102.167915,66,5251.906645
2.907853,70,5252.049493
2.716976,81,5252.215241
5.415294,67,5252.355296
1.159409,87,5252.536259
3.808195,63,5252.671535
-0.091112,88,5252.8498
4.7175,66,5252.979198
1.884111,91,5264.425661
1.417935,62,5264.548107
3.113701,80,5264.719222
100.923811,83,5264.88096
104.212786,55,5264.991369
104.775367,66,5265.122868
101.36625,93,5265.30675
4.019035,86,5265.478536
1.565346,85,5265.643933
3.646673,74,5265.792411
101.046852,67,5265.921971
1.756007,85,5266.088547
2.170333,76,5266.234581
2.035378,62,5266.35949
105.099336,63,5266.483403
5.635897,67,5266.614033
104.520457,71,5266.751032
103.829922,72,5266.89209
0.360392,75,5267.044492
2.366281,67,5267.17925
100.959014,58,5267.293577
4.109626,76,5267.443576
2.475611,80,5267.602243
2.292705,60,5267.722431
5.045504,82,5267.895575
4.028655,66,5268.025405
100.812476,80,5268.187573
3.47674,63,5268.315336
3.264982,69,5279.894245
3.60815,78,5280.056577
102.450486,69,5280.200513
4.253587,76,5280.357504
3.817285,67,5280.487285
-0.827234,164,5280.809718
3.587696,66,5280.940894
2.562669,75,5281.086749
4.739269,64,5281.215319
2.560247,61,5281.333338
101.237338,65,5281.471025
4.475414,69,5281.608796
2.280051,71,5281.749104
3.753295,75,5281.899139
5.853599,66,5282.031923
2.202629,71,5282.172099
1.904661,59,5282.288506
4.714994,67,5282.420122
3.070479,62,5282.551734
4.336568,86,5282.724807
4.375425,69,5282.860153
105.546936,67,5282.990053
4.762507,69,5283.125147
3.86999,84,5283.291579
4.721223,72,5283.429797
3.281052,85,5283.600696
2.131621,151,5283.902621
102.204423,80,5295.31813
1.292563,96,5295.53098
2.469578,71,5295.672375
2.334347,73,5295.819113
103.328926,68,5295.9535
101.739481,68,5296.086368
2.565886,68,5296.21728
1.716305,64,5296.344313
101.101106,81,5296.497296
-0.644485,167,5296.826913
3.178828,81,5296.984118
3.204852,70,5297.119947
3.49691,77,5297.272081
102.340357,49,5297.366737
2.98957,59,5297.488319
5.100653,68,5297.626071
4.059916,68,5297.761777
0.931978,77,5297.915322
0.646711,102,5298.125137
100.999614,78,5298.277858
4.167918,63,5298.407477
1.170622,93,5298.592188
1.550102,66,5298.723446
101.090745,101,5298.931901
2.120258,83,5299.099365
1.98516,88,5299.273104
101.251353,32,5310.722787
102.323502,73,5310.866153
0.992333,102,5311.062944
-0.722984,94,5311.24665
2.828902,71,5311.390453
101.120504,74,5311.534647
4.0125,73,5311.676157
3.304894,92,5311.858633
-0.444054,1000,5313.892397
3.210488,95,5314.086147
-1.771535,126,5314.336614
3.492758,68,5314.471708
3.405267,65,5314.606635
4.846248,66,5314.747187
101.349163,70,5326.124411
100.982123,35,5326.197562
-0.315032,154,5326.500234
101.34378,60,5326.622067
102.025134,64,5326.762717
101.143679,69,5326.9123
102.175283,46,5326.996941
2.952751,74,5327.147002
0.546928,73,5327.289069
4.129921,77,5327.441249
4.744828,61,5327.566148
1.277991,105,5327.781552
3.41677,61,5327.908316
2.712921,71,5328.057238
4.10776,71,5328.206229
1.646448,70,5328.35182
101.411325,77,5328.511341
2.274228,68,5328.652701
0.683224,64,5328.786713
2.905384,65,5328.922081
2.777737,75,5329.095146
100.932125,57,5329.249678
4.084394,66,5329.429325
-1.22301,133,5329.707379
2.53608,68,5329.844621
4.578563,109,5330.057643
2.129399,93,5330.242597
3.172069,79,5341.657745
104.397591,63,5341.786655
102.2832,69,5341.938873
4.798667,74,5342.094823
1.808277,60,5342.218585
102.535366,62,5342.349152
101.257671,73,5342.496241
1.732557,69,5342.634492
3.080145,71,5342.784605
3.003251,86,5342.951209
0.311287,89,5343.126828
4.696003,68,5343.261183
1.892654,69,5343.407508
100.433154,48,5343.502599
3.937269,74,5343.649198
101.286349,52,5343.755161
3.230705,63,5343.878708
2.959342,63,5344.003628
2.434063,68,5344.144274
4.71478,68,5344.291055
4.935296,70,5344.433768
2.601547,69,5344.574065
5.136364,65,5344.707948
101.211184,90,5344.89415
101.272042,73,5345.047392
2.657891,70,5345.194796
4.943717,83,5345.370703
2.375369,93,5345.567139
1.842405,70,5345.708212
104.149026,60,5357.112186
3.543375,82,5357.272948
103.509783,52,5357.374643
-0.64252,124,5357.640986
3.279277,67,5357.774721
101.573496,62,5357.900284
3.388463,102,5358.102725
0.747311,175,5358.457181
3.098205,67,5358.593445
2.522176,73,5358.744336
4.887149,67,5358.876589
0.476422,77,5359.029051
3.118023,82,5359.190697
102.268153,46,5359.282671
2.541495,92,5359.468071
2.021506,69,5359.60589
2.807134,67,5359.746793
2.701416,59,5359.868102
3.97342,69,5360.011755
0.294833,153,5360.310149
3.241623,85,5360.483827
3.912834,87,5360.662488
3.991599,68,5360.817787
2.362791,70,5360.96401
4.417719,64,5361.096488
101.130704,66,5361.235169
4.623124,65,5372.619854
100.83804,52,5372.719287
-1.022316,388,5373.495416
4.406251,66,5373.628176
3.955726,80,5373.788135
4.280475,72,5373.929906
101.639369,74,5374.07568
103.860089,56,5374.184062
3.155889,76,5374.333723
101.69104,107,5374.539777
2.295806,61,5374.655853
2.922875,67,5374.78293
2.237868,78,5374.936663
101.227472,52,5375.038057
4.408988,72,5375.178927
0.651178,85,5375.349971
100.61608,75,5375.514319
1.903801,75,5375.662983
103.331117,66,5375.789448
0.51079,117,5376.019241
5.436163,66,5376.15108
101.500415,86,5376.32142
100.839043,84,5376.485602
1.435576,81,5387.865782
3.140613,62,5387.988195
101.865628,93,5388.173746
2.019891,64,5388.301523
1.552388,70,5388.441848
2.853689,78,5388.600188
0.921846,69,5388.744356
4.388791,83,5388.910317
4.994955,93,5389.095908
5.776453,80,5389.25267
1.563343,72,5389.418418
4.553684,67,5389.555537
2.556975,88,5389.736739
4.099273,79,5389.898331
2.10649,85,5390.063084
1.950968,86,5390.233779
102.056207,49,5390.329204
1.188513,88,5390.506669
101.292465,119,5390.745712
1.082288,71,5390.883349
2.814813,83,5391.048766
102.401813,67,5391.180439
102.626602,49,5391.279422
105.208348,63,5391.402974
1.788268,86,5391.573957
5.112828,73,5391.716047
101.208783,89,5391.88725
1.733622,67,5403.223574
3.429809,71,5403.375269
102.153377,63,5403.511957
0.513777,75,5403.667868
2.737365,69,5403.81468
3.040138,68,5403.958149
1.975912,74,5404.110384
1.253194,63,5404.240222
106.107217,72,5404.387879
2.556646,80,5404.556265
2.579205,92,5404.747199
4.202387,68,5404.885496
3.554179,61,5405.009185
0.794705,71,5405.147516
5.434235,64,5405.27371
103.180785,62,5405.395213
3.701571,80,5405.556236
0.705073,70,5405.693658
4.395392,84,5405.861068
5.072214,66,5405.996079
2.816156,68,5406.137138
2.017781,86,5406.317561
5.017095,64,5406.452094
1.479913,87,5406.635509
4.203121,105,5406.856317
101.661444,81,5407.025256
105.001243,63,5407.155026
101.882234,74,5407.308691
0.460029,94,5418.909436
4.87713,70,5419.05056
102.463635,60,5419.171145
4.207225,60,5419.288448
4.652656,68,5419.423362
1.699626,123,5419.666175
102.017745,77,5419.835163
104.014946,74,5419.983435
4.494693,71,5420.141456
4.195178,80,5420.308714
4.024589,70,5420.458151
1.85839,95,5420.651808
101.460842,42,5420.738454
3.868056,102,5420.943347
3.712469,67,5421.079973
102.307293,71,5421.226582
100.638737,68,5421.367115
3.980744,85,5421.543967
2.526898,77,5421.703754
3.061097,89,5421.887942
1.279567,81,5422.052813
4.272782,63,5422.181263
4.629812,68,5422.321697
103.325108,70,5422.468228
3.743422,87,5422.656056
3.995822,138,5434.339384
4.300358,65,5434.468298
1.527649,67,5434.60218
0.980542,97,5434.802813
3.898386,70,5434.949816
4.387613,73,5435.11548
5.568547,64,5435.246059
5.469268,79,5435.41922
4.462688,90,5435.608366
0.013024,108,5435.830703
2.920527,68,5435.972262
4.141089,85,5436.149221
101.403584,71,5436.299025
1.790161,61,5436.427122
1.835075,95,5436.624477
103.995163,73,5436.772647
0.96865,82,5436.945633
4.230947,73,5437.101113
102.54495,55,5437.213904
3.90657,75,5437.371506
-1.175382,93,5437.573678
5.154474,85,5437.749496
4.779863,61,5437.875968
4.028682,64,5438.005321
1.026896,83,5438.175969
3.591718,61,5438.305975
0.043268,135,5438.584799
101.91814,72,5450.046968
4.659068,60,5450.168712
2.838211,61,5450.287143
1.149645,90,5450.4666
2.206969,75,5450.616518
101.283531,91,5450.796065
102.970565,53,5450.902432
102.880023,68,5451.039517
1.589675,91,5451.23039
3.972582,91,5451.423295
1.38638,87,5451.624735
5.981718,69,5451.767334
2.810652,74,5451.918755
4.032461,102,5452.127753
2.18487,90,5452.31891
3.778574,86,5452.500176
101.617583,56,5452.619516
0.388354,89,5452.806069
2.103075,105,5453.026461
4.5527,61,5453.156419
2.958512,78,5453.32352
4.825751,74,5453.489928
-0.971958,105,5453.714413
3.440044,64,5453.856471
103.622569,74,5454.031925
3.642504,66,5454.172143
100.707969,242,5465.927778
3.412977,61,5466.05986
4.017671,77,5466.212277
0.66346,79,5466.363782
4.778857,63,5466.488076
-2.538481,475,5467.414472
104.369606,70,5467.553467
100.453065,71,5467.69925
0.767788,72,5467.846566
3.49247,64,5467.979017
101.380986,56,5468.09191
4.985351,61,5468.212944
101.700334,59,5468.327029
3.989132,85,5468.507842
3.396265,63,5468.637198
3.510877,76,5468.800144
3.445001,69,5468.933217
4.735278,78,5469.087851
3.112897,70,5469.225166
1.241318,102,5469.433098
2.795682,65,5469.562041
102.040613,65,5480.914855
3.42059,72,5481.070726
3.989351,61,5481.196449
1.119204,65,5481.330166
101.123337,69,5481.470257
101.148124,52,5481.579174
2.348718,76,5481.734192
104.18902,57,5481.84979
3.432444,66,5481.997008
100.494455,68,5482.135962
3.825401,67,5482.274322
0.974998,67,5482.4128
2.403265,66,5482.542116
1.849918,158,5482.848438
3.972269,61,5482.96943
1.522417,88,5483.141551
100.384302,66,5483.269104
1.626905,70,5483.406292
3.675012,69,5483.542685
104.688547,74,5483.688384
102.127783,110,5483.90389
100.63913,56,5484.018298
0.541464,84,5484.186959
3.230308,75,5484.332513
4.435509,69,5484.469617
4.108253,69,5484.604028
3.039648,97,5484.794385
101.384065,126,5496.35252
1.119719,72,5496.499414
3.82053,72,5496.651033
3.679421,70,5496.808091
2.276226,69,5496.947121
0.960339,1000,5498.91393
102.502828,51,5499.016766
103.953591,73,5499.16227
3.713018,67,5499.290973
3.303051,63,5499.422621
4.377748,68,5499.557645
100.316447,67,5499.693816
1.690771,77,5499.848197
2.281899,126,5500.102152
5.057735,69,5500.236216
101.136909,80,5511.726043
1.661456,66,5511.855594
101.564025,42,5511.938803
1.324308,69,5512.076782
-1.816833,722,5513.539807
4.384939,66,5513.671876
104.925491,65,5513.797
100.188922,63,5513.927224
-2.219009,327,5514.590915
3.239425,95,5514.776276
100.80426,72,5514.921181
102.806237,75,5515.069863
0.764095,252,5515.565451
4.133774,79,5515.718417
4.192179,64,5527.006283
103.22819,51,5527.105361
2.21997,70,5527.24578
1.97141,87,5527.433218
0.863787,83,5527.597212
101.574161,84,5527.765768
0.993351,90,5527.943626
101.836237,62,5528.070609
3.181557,65,5528.202002
3.023166,69,5528.341781
1.45092,87,5528.518286
105.709762,67,5528.654285
1.186593,80,5528.813745
1.68601,68,5528.948751
3.068293,71,5529.090735
3.546213,69,5529.229906
102.853041,56,5529.341639
3.79585,73,5529.485065
2.254524,67,5529.622256
101.834462,58,5529.735011
4.721426,63,5529.886051
5.209173,73,5530.027279
3.936202,68,5530.158736
105.372227,72,5530.299886
4.857159,88,5530.474317
104.422729,56,5530.584707
3.443177,67,5530.716639
102.423066,59,5530.830984
2.490381,85,5531.002019
4.208824,62,5542.295948
2.564269,61,5542.43131
3.497254,61,5542.553123
3.542543,66,5542.679646
101.645318,96,5542.86791
4.166748,68,5543.00573
3.817588,62,5543.122106
2.54781,135,5543.390769
4.610714,83,5543.554541
100.674039,89,5543.732566
3.190696,72,5543.879719
103.192541,70,5544.028594
0.864221,80,5544.189972
3.808082,81,5544.348236
102.500495,54,5544.456652
104.783461,61,5544.580311
0.377683,115,5544.805023
102.740272,47,5544.899431
2.353814,62,5545.020212
101.584102,41,5545.102722
1.781298,79,5545.256485
100.868776,81,5545.425044
3.330313,69,5545.563105
1.26814,93,5545.745086
102.451563,67,5545.884444
2.094037,70,5546.025373
0.712937,102,5546.231583
3.742096,65,5557.554327
102.970045,75,5557.701405
-0.523837,283,5558.280108
101.111597,71,5558.423249
1.756816,67,5558.557054
101.485503,81,5558.72014
4.830304,67,5558.851234
4.133107,66,5558.979953
100.958658,59,5559.09582
1.073154,77,5559.247753
-0.165938,94,5559.433908
4.529123,117,5559.67313
101.085687,33,5559.740799
102.580215,70,5559.878399
0.480069,1000,5573.107341
100.850507,93,5573.294524
103.590082,71,5573.434758
2.301495,60,5573.551985
1.353388,95,5573.738103
102.369075,72,5573.886103
2.775771,74,5574.049059
5.060617,73,5574.195255
2.76002,61,5574.315968
4.583274,80,5574.475521
4.827836,86,5574.644314
-1.143052,177,5574.994573
3.444344,69,5575.12817
101.103231,82,5575.292132
-2.089945,371,5576.032197
1.451025,72,5576.175099
2.279666,95,5576.36679
101.342645,139,5576.638499
2.881151,82,5576.807509
4.629205,68,5588.131623
1.848547,70,5588.268347
1.366064,66,5588.410919
3.872718,75,5588.560418
5.162477,79,5588.715088
100.211533,14,5588.744672
4.466437,68,5588.880338
2.365898,70,5589.019111
5.253326,67,5589.150532
5.857356,68,5589.284079
104.089658,71,5589.421307
101.208245,79,5589.577439
1.347452,85,5589.749101
101.464857,69,5589.883383
103.402324,52,5589.988417
1.338586,80,5590.14623
104.533206,64,5590.280967
100.957826,70,5590.418755
4.420332,69,5590.553016
101.173796,79,5590.710907
0.902738,80,5590.866424
4.103056,80,5591.023343
1.758696,62,5591.148692
5.592293,73,5591.295245
105.185382,71,5591.435892
4.885861,61,5591.557539
2.234878,72,5591.700122
100.894677,83,5591.866776
105.258019,64,5591.994804
100.809863,84,5592.16525
103.337724,52,5603.493335
102.395205,82,5603.656156
4.810355,88,5603.830114
1.385973,70,5603.973304
3.05714,63,5604.099584
1.330821,114,5604.327637
3.565403,70,5604.472387
3.028214,74,5604.636772
-0.078863,89,5604.810933
2.956375,68,5604.946914
5.118189,78,5605.10716
4.260932,71,5605.250133
-1.837082,123,5605.493129
101.932191,78,5605.645396
1.087667,65,5605.775605
4.614014,71,5605.919201
101.838466,80,5606.084953
0.908338,77,5606.237187
2.654345,68,5606.367635
101.505122,48,5606.466147
4.643478,81,5606.62782
5.202888,72,5606.769835
1.239844,118,5607.002361
2.308928,93,5607.185312
-1.571134,118,5607.421947
1.442195,69,5618.786114
2.020043,76,5618.950079
103.460654,72,5619.0922
3.202396,199,5619.488764
2.840187,94,5619.676548
2.348988,68,5619.812103
1.744627,86,5619.984378
4.801007,78,5620.146576
-0.689129,87,5620.318597
1.911801,63,5620.44348
1.695719,96,5620.631321
1.216001,73,5620.782838
5.17349,65,5620.911587
1.762196,73,5621.055647
2.774611,60,5621.179147
2.925608,69,5621.317549
3.598645,63,5621.450845
101.344495,39,5621.527354
100.674404,56,5621.642507
3.573621,62,5621.765635
2.622168,95,5621.954666
2.589708,71,5622.098925
6.045842,63,5622.22333
103.150762,72,5622.36388
2.7415,87,5622.538084
2.506157,89,5622.727787
1.620206,69,5622.861587
3.043788,97,5634.238208
105.311651,64,5634.362337
2.275443,72,5634.501548
2.694293,61,5634.624286
2.44671,68,5634.774363
2.733205,73,5634.916708
4.307125,72,5635.058224
101.471587,86,5635.231087
101.106747,79,5635.388241
2.934462,76,5635.543168
101.314153,45,5635.632969
1.94409,74,5635.779537
3.333984,69,5635.917496
4.440868,64,5636.046411
3.213298,64,5636.170845
3.73649,62,5636.298441
5.457592,66,5636.431351
2.923928,101,5636.630817
1.957304,75,5636.779355
2.789315,76,5636.9283
2.255408,72,5637.068508
3.799959,64,5637.200428
3.597898,68,5637.335949
101.890912,51,5637.440524
101.290215,84,5637.602626
3.555603,74,5637.74936
1.057678,71,5637.888648
3.56834,67,5638.020273
3.616272,63,5649.376101
1.603041,71,5649.520501
4.605008,115,5649.759963
1.408114,72,5649.904223
2.347147,99,5650.100576
102.489131,65,5650.230716
5.008623,66,5650.359997
4.788559,73,5650.506361
4.643793,80,5650.663061
1.86731,121,5650.903635
102.725381,75,5651.049808
3.755846,68,5651.183804
101.321762,91,5651.36389
103.306795,66,5651.497777
0.622129,100,5651.694976
101.384908,83,5651.857545
3.12229,62,5651.979081
102.160518,65,5652.108242
2.88558,66,5652.242205
103.226009,54,5652.348168
105.174207,68,5652.481186
4.653021,66,5652.613242
100.816691,92,5652.797653
1.865533,92,5652.976768
103.880033,57,5653.097779
4.760515,98,5653.288597
2.697557,84,5664.673003
3.597899,62,5664.794465
4.463204,70,5664.928908
3.005239,64,5665.058503
101.186007,98,5665.251285
1.671779,67,5665.384754
-1.185902,118,5665.619546
105.322106,72,5665.766209
3.302403,68,5665.912635
2.039876,61,5666.036721
101.763126,98,5666.233504
101.236717,84,5666.401719
3.135317,73,5666.54696
100.97924,67,5666.681461
1.029453,101,5666.88211
103.062409,72,5667.027069
100.672826,74,5667.172322
100.788527,80,5667.327358
1.471693,69,5667.468321
4.60453,62,5667.592423
3.716486,74,5667.738811
4.275008,80,5667.888115
0.933649,94,5668.075095
3.22326,204,5668.481947
3.131646,61,5668.607644
101.168577,80,5679.988854
2.193049,71,5680.144099
2.470532,70,5680.283407
105.800725,63,5680.410053
4.193212,66,5680.538106
1.799721,72,5680.684885
3.418752,71,5680.832337
2.009074,65,5680.962036
0.467647,173,5681.310117
2.841824,71,5681.447037
2.568204,68,5681.587649
100.871329,72,5681.731175
103.824749,65,5681.859049
5.469668,69,5681.998083
3.658727,67,5682.127985
101.243937,59,5682.244652
3.029481,73,5682.386928
101.173654,82,5682.5521
104.131523,59,5682.671255
103.033106,61,5682.790752
2.068903,83,5682.955542
1.400883,72,5683.096892
4.169559,80,5683.257625
100.853002,40,5683.338184
101.132668,82,5683.503086
1.844581,87,5683.677151
2.327531,68,5683.809604
1.879531,70,5683.94603
-0.053993,482,5696.137532
1.324749,75,5696.297345
0.233687,118,5696.538348
100.828437,66,5696.6714
101.046289,36,5696.744945
2.707355,66,5696.87814
4.828984,64,5697.014301
1.530978,76,5697.161471
3.415801,97,5697.353287
3.15774,83,5697.516194
3.160694,76,5697.664148
1.820184,71,5697.807371
105.284964,67,5697.938743
100.855225,66,5698.065386
4.524988,102,5698.270465
2.126484,95,5698.468255
4.759075,65,5698.597203
5.773045,64,5698.721144
3.916999,102,5698.925579
2.09985,62,5699.05042
2.772157,75,5699.199269
101.242258,68,5699.334651
2.133995,90,5710.776862
104.203767,68,5710.916261
103.573955,66,5711.046304
3.479565,85,5711.219234
102.682852,60,5711.342027
3.177949,76,5711.495302
103.594018,55,5711.602749
102.818809,71,5711.755099
103.576301,57,5711.867141
106.045658,69,5712.003654
5.159518,72,5712.146344
105.54678,73,5712.296437
4.26812,66,5712.427687
2.806351,74,5712.57973
3.069411,84,5712.751201
4.613235,64,5712.880532
101.506862,73,5713.029291
4.526615,63,5713.16169
2.558218,64,5713.297653
103.63797,74,5713.449508
101.327415,88,5713.636237
3.221953,63,5713.772803
1.448299,66,5713.90949
2.119207,164,5714.245157
4.174025,71,5714.385903
0.839683,106,5714.598537
101.409214,63,5714.725313
101.097668,56,5726.028853
1.863391,70,5726.166165
4.286729,72,5726.30625
4.719212,63,5726.435035
0.593333,83,5726.599131
1.383828,75,5726.757624
5.932288,68,5726.89409
101.284336,52,5726.995162
100.86692,61,5727.12465
100.411205,76,5727.294208
1.722912,73,5727.439291
3.753772,66,5727.57219
0.315177,100,5727.77081
102.824802,67,5727.905658
104.414472,73,5728.051441
0.543992,103,5728.256187
1.931249,71,5728.396514
-1.564415,249,5728.894283
4.596838,68,5729.029687
4.240321,68,5729.169214
2.540931,68,5729.305496
4.532034,112,5729.538532
103.932453,71,5729.684345
103.669996,59,5729.802643
101.428208,87,5729.983977
1.923467,95,5741.439189
3.08125,62,5741.57021
3.387108,69,5741.718168
4.641623,155,5742.025188
1.977829,66,5742.163693
103.206526,72,5742.306311
105.052723,62,5742.430928
101.277563,45,5742.529914
101.271725,67,5742.662364
102.495717,73,5742.810266
2.81579,89,5742.986932
100.840691,68,5743.124188
101.116122,79,5743.280505
4.48939,77,5743.434909
2.614697,73,5743.578121
100.149986,71,5743.714937
5.949156,64,5743.845316
2.982715,79,5744.004386
104.144182,69,5744.142151
5.142527,69,5744.279795
1.870361,80,5744.439341
104.367278,71,5744.579893
102.098111,46,5744.668715
105.584673,64,5744.798671
3.504307,95,5744.987802
5.454437,98,5745.184906
4.339023,65,5745.314512
102.426772,47,5745.406125
100.736588,66,5745.538597
0.807821,77,5756.892717
4.085454,62,5757.014377
4.728164,64,5757.139648
2.900991,62,5757.263089
104.067093,68,5757.395933
3.173417,86,5757.56383
100.770771,61,5757.683645
2.713955,61,5757.805228
0.904285,98,5757.990461
100.997193,68,5758.126235
104.337988,60,5758.257303
3.08255,65,5758.389698
101.573405,151,5758.687431
103.578249,59,5758.802012
100.868676,77,5758.95287
1.622812,82,5759.115396
100.665924,74,5759.261552
3.302657,71,5759.397785
-2.092508,121,5759.637077
2.842593,91,5759.81243
3.211054,63,5759.937689
4.992817,76,5760.086165
100.437667,29,5760.144285
101.053096,127,5760.399002
3.552613,71,5760.533714
3.20611,74,5760.682278
101.565717,91,5772.135566
2.347601,70,5772.285814
4.18275,79,5772.446536
2.755037,67,5772.584622
1.694256,81,5772.753556
102.441233,60,5772.869067
101.720946,64,5772.996815
3.859371,67,5773.129927
-0.261278,103,5773.330536
1.146194,96,5773.530641
101.528353,71,5773.673913
104.147671,67,5773.809256
102.335156,66,5773.944405
100.55722,68,5774.087389
5.443461,65,5774.227041
0.47812,115,5774.470555
3.511701,73,5774.620498
3.692268,68,5774.762146
-2.08426,220,5775.205097
100.723117,50,5775.306669
1.424798,100,5775.502909
-1.315377,127,5775.761644
1.56811,92,5775.95108
3.86885,68,5776.093417
1.895953,88,5787.525487
101.715987,137,5787.809349
2.888594,67,5787.948882
1.219023,73,5788.096526
5.193017,62,5788.222972
101.944046,43,5788.326436
2.386555,84,5788.501122
2.21344,86,5788.679882
103.366,65,5788.810606
105.925217,70,5788.944373
1.211634,67,5789.082873
1.434088,77,5789.248676
0.777239,106,5789.472332
104.329017,71,5789.614612
1.72264,70,5789.76078
1.652103,70,5789.907598
2.337352,81,5790.07539
3.045327,81,5790.242843
100.845129,91,5790.419047
1.380445,100,5790.614692
0.137861,81,5790.773921
-1.016972,203,5791.176224
3.446776,65,5791.304707
3.06415,93,5791.493342
2.540294,71,5791.633277
3.130675,67,5802.962239
3.048167,64,5803.093153
4.634119,79,5803.257041
0.960935,106,5803.461331
5.903221,64,5803.593425
2.040879,122,5803.845265
0.898324,62,5803.970844
100.969416,64,5804.102144
1.844923,93,5804.285039
4.657515,66,5804.415348
1.443874,91,5804.621747
100.664737,76,5804.776155
100.239633,62,5804.902516
100.719652,89,5805.076638
2.996708,76,5805.228782
4.851291,80,5805.387115
102.773483,73,5805.531531
4.233615,158,5805.847731
1.906499,62,5805.973502
101.581252,96,5806.165389
3.313466,64,5806.292823
104.057653,76,5806.448198
101.762172,90,5806.631501
1.827432,85,5806.800112
0.598643,100,5806.995501
3.717881,106,5818.671009
101.173989,100,5818.879711
102.962207,53,5818.98965
2.12289,79,5819.146262
103.446874,59,5819.263885
2.025184,77,5819.422656
102.395514,76,5819.578034
104.027495,58,5819.693311
2.79059,67,5819.827535
100.655414,63,5819.950668
2.652092,139,5820.226243
104.214884,67,5820.364012
1.789969,74,5820.512727
3.394918,67,5820.641367
4.578031,71,5820.78185
1.946547,70,5820.917769
4.840233,80,5821.083588
100.801879,89,5821.264424
0.769301,91,5821.443997
101.034053,69,5821.579988
4.099346,79,5821.737455
101.678237,63,5821.865036
1.709525,121,5822.103235
100.452992,66,5822.239896
2.757427,66,5822.372252
0.553432,117,5833.802579
3.595303,66,5833.936919
0.388293,80,5834.091065
102.095097,64,5834.217295
4.318095,67,5834.350439
4.395273,66,5834.483013
1.873263,102,5834.682954
100.978507,110,5834.927508
4.221537,66,5835.058762
4.70373,67,5835.191961
103.786949,55,5835.301798
3.827029,66,5835.44013
102.447793,57,5835.555326
2.621717,75,5835.705348
1.12406,70,5835.84208
3.616517,78,5835.997117
1.735485,79,5836.158437
3.82094,62,5836.27857
1.69253,66,5836.412542
5.626083,70,5836.5512
105.065559,73,5836.697231
100.370521,66,5836.829533
4.657302,89,5837.004585
2.428606,61,5837.127975
3.354301,102,5837.332247
101.404642,49,5837.438001
2.200769,63,5837.560217
5.266897,68,5837.694338
101.641562,67,5837.826576
1.91269,67,5849.258043
2.884123,79,5849.414716
2.168394,75,5849.574304
3.308051,73,5849.719102
4.371075,67,5849.851897
-0.336767,142,5850.130904
3.971368,98,5850.338595
1.364231,74,5850.484543
-0.846663,115,5850.713018
3.703566,62,5850.839279
100.997228,87,5851.012557
104.410925,67,5851.147366
4.793083,103,5851.353763
2.800522,67,5851.480705
4.451368,70,5851.623574
100.671057,86,5851.791525
2.422189,66,5851.922295
0.046615,1000,5865.134634
101.481212,59,5865.250753
4.335767,72,5865.394802
4.094105,104,5865.608902
3.483431,79,5865.760773
0.684307,94,5865.961234
5.144853,67,5866.096913
1.416111,80,5866.253255
5.384013,63,5866.379719
101.943918,73,5866.521567
100.945463,73,5866.670191
101.305559,48,5866.767777
3.217429,97,5866.959983
104.051009,65,5867.087786
1.202402,66,5867.21835
2.985376,72,5867.358042
3.569438,78,5867.513788
101.653902,39,5867.588167
4.310966,111,5867.803837
103.137181,68,5867.93757
1.302009,100,5868.131562
4.156856,62,5868.255496
2.634334,90,5868.431856
101.312817,87,5879.844266
1.525922,84,5880.02451
2.397263,68,5880.16246
104.657765,65,5880.289646
1.466916,73,5880.435356
103.194863,52,5880.540946
3.877886,69,5880.681579
1.676855,152,5880.98874
2.439863,81,5881.150033
2.65775,61,5881.275455
4.625765,62,5881.39922
4.226408,73,5881.547424
101.38682,88,5881.723892
4.291213,61,5881.847752
1.912808,67,5881.98131
100.779123,81,5882.143978
101.631787,76,5882.291328
5.699798,81,5882.45539
-0.065057,113,5882.684215
4.944487,71,5882.828602
3.762757,62,5882.951387
1.013927,85,5883.122693
5.207608,67,5883.255468
1.638358,69,5883.393634
4.834016,75,5883.55168
3.190037,80,5883.710144
104.810019,62,5883.831286
0.996451,109,5895.274215
100.81975,60,5895.394671
4.419886,92,5895.577149
3.661095,62,5895.701643
102.358461,65,5895.83255
2.37467,73,5895.976614
104.361949,68,5896.126476
1.395727,100,5896.332284
4.03831,64,5896.457107
1.711775,82,5896.617562
104.514832,63,5896.743368
5.321832,76,5896.897506
4.728755,126,5897.150375
4.259072,87,5897.321867
101.879967,65,5897.451932
101.410626,85,5897.625573
104.177724,65,5897.752179
2.029628,90,5897.937138
101.844891,85,5898.104626
1.250018,76,5898.256134
0.962265,112,5898.478578
101.47599,58,5898.594263
4.05415,62,5898.714845
102.308476,57,5898.827837
3.584644,74,5898.973133
2.943715,72,5899.116558
3.669582,97,5910.509092
103.073241,53,5910.61984
2.698861,76,5910.769587
102.518644,69,5910.916514
1.203287,68,5911.050135
103.036817,51,5911.153765
0.290069,67,5911.286624
103.001018,77,5911.442049
100.662456,83,5911.614658
105.625129,68,5911.753274
4.068584,61,5911.87352
102.999087,63,5911.996675
0.612297,118,5912.231713
3.771339,74,5912.389629
4.356958,69,5912.52896
-0.601116,111,5912.745436
4.658277,66,5912.874789
103.495309,61,5912.994645
1.524352,71,5913.141228
102.972788,65,5913.281411
1.175775,143,5913.56759
100.372295,80,5913.730469
2.754424,79,5913.884503
1.86446,73,5914.031493
102.011262,60,5914.163197
1.039883,182,5914.52156
3.65417,63,5925.826267
1.818201,65,5925.954293
101.140092,36,5926.022907
3.008811,73,5926.169019
100.678847,80,5926.324383
0.08216,76,5926.48872
101.793605,48,5926.582907
0.046905,1000,5928.586903
100.576098,54,5928.701271
-0.167845,78,5928.85687
4.049304,67,5928.990426
1.447716,104,5929.201535
3.082966,77,5929.354789
-0.320865,96,5929.549935
3.858531,74,5929.707969
104.414833,60,5929.827106
-0.461645,98,5941.196809
2.263649,82,5941.357351
3.523803,76,5941.506238
4.865537,134,5941.795207
3.472354,66,5941.924917
1.796196,137,5942.191285
105.967571,68,5942.325059
2.758141,71,5942.467238
1.856586,72,5942.607273
1.561414,71,5942.751795
3.528593,73,5942.896644
3.302117,84,5943.062024
104.757022,63,5943.187434
104.34621,66,5943.320354
4.403234,67,5943.45709
1.224948,106,5943.66452
4.876222,66,5943.794244
4.094446,71,5943.940066
101.929725,65,5944.073027
105.552384,64,5944.200946
101.841416,54,5944.307752
1.990464,82,5944.470203
1.888316,70,5944.60968
101.575444,64,5944.73337
1.706453,111,5944.955193
5.175612,98,5956.391605
100.893438,58,5956.514714
1.211234,98,5956.718988
3.409803,68,5956.857194
101.161637,100,5957.054842
3.300732,69,5957.193394
3.861578,66,5957.325052
2.706188,83,5957.491058
3.310295,84,5957.674304
5.039761,66,5957.813246
3.689734,83,5957.986197
104.862195,71,5958.133764
3.821517,79,5958.29866
1.082685,93,5958.492362
2.016308,61,5958.620054
1.26769,82,5958.788545
3.82437,67,5958.92183
5.205589,85,5959.096635
4.70348,66,5959.223911
0.028309,86,5959.394872
100.684699,27,5959.445585
102.094187,103,5959.650097
100.484686,52,5959.752248
5.276352,64,5959.874408
101.331665,86,5960.045744
5.04991,68,5960.179817
4.057307,67,5960.31555
3.48783,71,5960.45612
0.404016,112,5971.900783
0.718837,79,5972.05814
3.882847,69,5972.195451
104.878424,65,5972.324437
5.248947,69,5972.462971
3.815127,66,5972.590754
3.83759,75,5972.757986
1.850045,87,5972.933986
2.953296,82,5973.109132
2.34975,80,5973.266138
103.813589,57,5973.376292
4.905735,72,5973.523942
1.036775,73,5973.669414
-0.806063,90,5973.854009
3.319869,73,5974.003544
0.908521,86,5974.172195
105.536005,72,5974.315589
4.691776,64,5974.440688
3.874065,65,5974.573411
101.573491,86,5974.747756
4.837397,133,5975.016069
101.203562,69,5975.157365
4.10915,76,5975.311163
0.059401,76,5975.462428
1.367356,91,5975.651158
3.189668,67,5975.783049
0.530993,632,5988.235088
2.225897,108,5988.449455
2.304979,83,5988.616729
103.55684,67,5988.754585
2.524831,61,5988.877236
-3.380103,232,5989.337101
0.980921,101,5989.539865
5.051016,64,5989.666969
3.048742,98,5989.867322
103.147998,69,5990.003786
4.763372,65,5990.143301
1.141816,63,5990.262644
1.528863,65,5990.392776
3.725744,64,5990.521688
102.676254,59,5990.639257
102.495712,67,5990.7795
101.334467,82,5990.940978
104.184948,65,5991.066684
3.821292,61,6002.404047
101.529346,64,6002.531357
1.982544,75,6002.676201
2.769527,64,6002.802461
4.452926,83,6002.966881
4.890055,63,6003.095586
5.674481,72,6003.234822
1.445839,64,6003.378831
3.37639,70,6003.53043
105.800745,67,6003.659673
5.052939,63,6003.783458
1.269566,133,6004.042037
3.51304,64,6004.166384
3.687479,86,6004.335128
4.169982,75,6004.482003
4.322897,60,6004.602281
5.694369,64,6004.728872
3.270429,84,6004.895463
1.234832,90,6005.07558
103.931145,70,6005.212536
2.526438,98,6005.405765
103.917438,68,6005.54112
0.410066,86,6005.71221
-1.719241,326,6006.358998
5.405044,67,6017.784934
2.286594,77,6017.951409
3.483644,72,6018.095024
104.934031,64,6018.218487
5.766015,65,6018.348638
3.091885,66,6018.482165
5.083901,91,6018.663408
2.194627,72,6018.806458
1.378656,99,6019.008312
101.734421,69,6019.146621
101.428538,74,6019.292347
1.484043,69,6019.431167
1.414516,67,6019.560578
4.18659,66,6019.691421
1.406415,94,6019.877079
2.267481,84,6020.056389
0.753378,1000,6033.249786
3.318408,68,6033.380226
3.30817,80,6033.540074
4.884924,75,6033.687632
3.604635,67,6033.81866
101.643615,67,6033.961393
104.487829,69,6034.110276
2.378277,68,6034.238128
3.948639,74,6034.386437
4.08859,67,6034.518533
4.908155,61,6034.637253
3.561612,78,6034.790093
100.280202,84,6034.956284
1.223127,64,6035.089048
0.796745,96,6035.273664
2.109415,60,6035.390626
4.464532,64,6035.51844
3.603254,98,6035.70873
5.028173,69,6035.845236
1.647633,68,6035.980262
1.686965,85,6036.146639
2.578471,127,6036.403499
3.016065,116,6036.628463
5.155389,66,6036.754307
100.895756,74,6036.899307
1.438714,71,6037.043885
103.657458,61,6048.405289
2.731072,88,6048.594807
3.755268,66,6048.723032
2.342994,77,6048.871731
102.130288,68,6049.001718
2.839451,93,6049.182051
2.110386,65,6049.309711
1.341749,79,6049.485966
2.984688,70,6049.61966
-3.217994,262,6050.13143
102.023853,56,6050.241391
3.10416,83,6050.398332
101.541432,107,6050.607346
102.054494,73,6050.761946
104.977485,68,6050.900542
100.296472,58,6051.02025
101.456436,54,6051.134977
103.80233,61,6051.265633
2.753133,66,6051.40212
1.470433,90,6051.58913
101.292178,53,6051.698625
2.666392,100,6051.907193
2.424767,71,6052.054876
3.250804,73,6052.211065
1.18955,78,6052.372371
0.561714,85,6063.894161
5.783444,64,6064.033835
3.129829,76,6064.18976
101.142001,79,6064.353153
101.990117,65,6064.50719
4.604605,104,6064.727344
1.553177,101,6064.946818
1.64643,64,6065.077834
101.153578,65,6065.215389
0.923089,67,6065.354078
5.101119,72,6065.504083
4.408792,86,6065.680002
-2.410792,130,6065.952659
2.235675,83,6066.129446
101.765874,88,6066.314387
2.737147,83,6066.48783
1.027766,75,6066.642718
3.674352,69,6066.782926
3.964404,67,6066.922987
3.792647,90,6067.103969
1.165369,122,6067.356571
1.919908,86,6067.52996
102.99375,69,6067.670485
104.89709,75,6067.824035
3.731248,62,6067.949337
103.452884,62,6068.082403
2.629321,65,6079.784075
101.429236,34,6079.854689
2.221086,69,6079.999931
4.66997,66,6080.136468
0.601229,85,6080.311789
0.768669,85,6080.491059
5.211505,92,6080.683916
-0.680015,115,6080.9263
2.70752,73,6081.07784
-0.613397,101,6081.300054
3.265127,70,6081.445148
104.040696,73,6081.596866
101.235902,79,6081.761337
1.104865,141,6082.053479
0.86795,64,6082.184055
0.669351,117,6082.422718
3.443169,82,6082.596061
0.153138,1000,6095.839413
103.65659,57,6095.957302
-0.399185,203,6096.392638
2.736232,74,6096.548046
3.552158,63,6096.681179
-1.775081,118,6096.935741
100.734439,70,6097.079363
2.126088,73,6097.233146
100.970957,83,6097.406769
2.370236,83,6097.575834
100.977895,77,6097.733208
0.515127,102,6097.938662
0.714762,98,6098.131183
101.123624,51,6098.233898
102.258645,52,6098.342422
103.37212,69,6098.478687
105.194504,69,6098.617748
103.03204,69,6098.754712
4.55632,70,6098.901649
100.889943,54,6099.007086
102.899312,49,6099.10471
101.696297,110,6099.326439
1.761759,103,6110.749869
4.0506,63,6110.877281
3.171238,80,6111.049617
3.450161,66,6111.185619
2.251509,125,6111.447227
4.766852,67,6111.58871
2.248534,73,6111.749638
103.289106,52,6111.86119
103.203215,50,6111.962301
3.323387,87,6112.136422
2.530321,61,6112.257169
101.55173,71,6112.399461
1.343646,89,6112.578062
2.684088,69,6112.712721
3.484085,76,6112.864719
3.037415,83,6113.030876
101.708115,69,6113.168029
4.472726,75,6113.319191
-0.161346,200,6113.720948
4.502382,75,6113.869491
1.228577,83,6114.037212
6.212762,65,6114.169344
102.937064,52,6114.280087
101.641462,47,6114.373787
101.352155,67,6114.506796
5.192125,64,6114.634535
1.433973,128,6126.113194
4.641927,100,6126.310199
4.445402,68,6126.448574
104.52458,60,6126.571103
3.485221,78,6126.727073
4.848223,64,6126.855185
103.534653,66,6127.003168
102.839937,63,6127.128683
1.924219,104,6127.339757
4.594128,76,6127.490832
103.175726,64,6127.617289
3.822464,73,6127.758453
103.852512,61,6127.880458
102.290542,79,6128.038195
2.645741,72,6128.186134
103.919118,72,6128.33097
4.992663,66,6128.465276
2.552647,66,6128.597782
3.350536,94,6128.782246
101.191188,48,6128.878206
4.176958,67,6129.013823
100.889451,43,6129.099736
100.91125,79,6129.253434
100.674882,83,6129.417983
3.785426,66,6129.55005
101.860524,64,6129.678447
2.847963,68,6129.813593
102.97722,59,6129.931955
101.356374,82,6141.29411
1.481506,125,6141.540489
1.477191,70,6141.685855
0.102905,117,6141.929196
1.282763,64,6142.057686
1.659837,70,6142.192751
4.106788,62,6142.314494
3.544756,91,6142.492685
101.245685,87,6142.664988
5.603375,64,6142.791084
3.968724,62,6142.913363
3.91676,71,6143.055753
0.232064,109,6143.275147
1.151528,124,6143.518233
102.435339,59,6143.629809
-0.161586,388,6144.414226
5.014524,97,6144.605189
0.856049,77,6144.757898
1.444334,80,6144.917573
2.933798,88,6145.091936
5.326842,77,6145.244796
102.268271,77,6156.663577
3.938141,65,6156.8081
104.769233,59,6156.925957
1.985031,81,6157.088478
101.763572,61,6157.207819
101.10584,104,6157.410337
1.227906,97,6157.605291
4.105822,88,6157.777773
102.480297,59,6157.89681
2.716991,61,6158.014827
100.744591,100,6158.208553
104.558764,73,6158.355162
3.220141,61,6158.474819
2.886854,72,6158.61974
4.39916,71,6158.761358
101.218071,79,6158.917368
2.140267,60,6159.039192
1.235633,120,6159.272579
4.23329,72,6159.415428
103.666159,60,6159.533735
5.315985,65,6159.662138
0.847303,104,6159.868181
4.529335,61,6159.991544
-1.241975,124,6160.243572
3.183275,67,6160.377043
4.232538,67,6160.509831
1.168008,100,6171.959582
2.2844,80,6172.120667
101.480704,94,6172.309685
1.47513,115,6172.535673
102.376238,66,6172.676975
2.933699,74,6172.82335
102.155316,80,6172.994717
101.996776,61,6173.112977
105.888427,76,6173.268259
1.11207,74,6173.425421
3.002363,75,6173.581704
2.415764,68,6173.71561
0.629742,1000,6175.69713
4.964067,147,6175.992132
0.755105,80,6187.349505
2.358929,84,6187.514097
1.102431,73,6187.657645
101.390398,114,6187.901704
101.341217,80,6188.058522
101.203334,85,6188.228955
5.084093,87,6188.413446
-1.798289,123,6188.654349
100.762139,81,6188.814952
4.536176,77,6188.96891
101.251398,52,6189.071193
4.210351,77,6189.225764
4.164102,66,6189.357797
101.486028,62,6189.479366
103.717259,55,6189.589445
5.239648,62,6189.713768
100.813276,89,6189.8891
103.970022,67,6190.021031
100.832519,75,6190.169541
1.741169,89,6190.347444
100.229292,32,6190.413724
1.811044,69,6190.551446
4.870922,70,6190.690433
4.169022,68,6190.822865
106.106806,70,6190.963022
1.352548,90,6191.145634
3.892291,68,6191.300621
2.599196,86,6202.671224
6.178495,72,6202.81298
102.091127,133,6203.076007
101.297104,73,6203.228575
2.286186,73,6203.385325
3.334023,95,6203.57367
103.298238,54,6203.680007
103.379942,57,6203.793461
3.519104,104,6203.99814
0.351046,76,6204.151057
0.440507,119,6204.386364
100.940273,65,6204.514113
0.94874,63,6204.63984
2.833965,92,6204.829558
100.500092,81,6204.989219
-0.43467,101,6205.190973
1.893567,100,6205.38429
101.933238,67,6205.518532
5.23248,71,6205.6584
1.553734,78,6205.812522
4.520762,80,6205.971726
3.947327,69,6206.108412
101.544562,74,6206.254979
-0.029861,170,6206.591177
101.328877,70,6217.932441
101.073849,73,6218.074791
101.631196,74,6218.236827
2.862841,72,6218.379862
101.325534,65,6218.514203
101.657734,67,6218.644725
100.976203,80,6218.801389
5.409955,66,6218.934759
4.804684,62,6219.065378
101.301284,80,6219.225903
0.18241,165,6219.55488
1.855862,84,6219.724169
4.244056,80,6219.884052
4.608158,75,6220.033671
5.808077,75,6220.182076
100.766029,73,6220.326477
-0.24301,190,6220.707235
3.120797,78,6220.859053
1.574366,71,6220.997717
3.019475,73,6221.154025
101.788477,78,6221.307997
105.7509,69,6221.447854
101.375696,61,6221.570235
3.21699,77,6221.724879
100.557361,63,6221.849749
4.218217,73,6233.238954
2.61276,98,6233.434176
3.326737,76,6233.587755
5.115845,67,6233.727529
2.842393,64,6233.863625
1.4437,83,6234.031173
1.975377,71,6234.185561
104.198282,74,6234.343641
1.490512,64,6234.477085
100.583994,71,6234.627562
4.534807,148,6234.924273
3.609429,65,6235.055751
2.838661,75,6235.203499
104.387726,59,6235.325884
2.499054,67,6235.464795
102.635647,69,6235.606443
4.376734,67,6235.743623
101.534505,109,6235.973513
4.12419,76,6236.130777
101.396175,85,6236.307812
1.674637,124,6236.562793
101.98636,69,6236.704568
101.986505,69,6236.84178
2.205316,67,6236.973194
100.910782,31,6237.034373
4.530984,64,6237.162097
-2.948235,133,6248.644665
4.291668,72,6248.785676
4.432191,76,6248.938226
101.060493,73,6249.098474
105.838578,67,6249.230806
100.994209,111,6249.450909
104.200461,64,6249.574183
2.334267,70,6249.710099
3.836716,97,6249.901016
2.027916,94,6250.092198
102.245178,67,6250.230766
1.336361,81,6250.405275
2.960524,105,6250.623785
2.663224,66,6250.755944
2.05322,71,6250.894201
1.981165,61,6251.017237
100.560089,41,6251.105081
5.175166,66,6251.242672
2.527108,67,6251.381169
3.573903,76,6251.540275
100.79407,83,6251.711682
2.902595,76,6251.869212
101.664215,80,6252.039356
101.56418,75,6252.194705
3.674056,71,6252.340456
2.312754,76,6252.498617
3.944048,78,6252.659879
101.257301,76,6264.083717
100.671763,53,6264.195646
102.079264,101,6264.412943
3.318277,61,6264.541605
3.45748,87,6264.718277
0.789124,93,6264.911693
5.936506,80,6265.07765
5.254571,94,6265.272898
101.39619,72,6265.42017
105.300174,73,6265.573397
104.384119,62,6265.703815
101.241109,78,6265.862084
104.38795,72,6266.005302
3.478643,64,6266.131043
103.662033,58,6266.246281
101.24323,116,6266.479029
2.922598,78,6266.633371
101.927467,116,6266.86482
2.18804,65,6266.994128
101.463151,76,6267.146232
101.420697,84,6267.317184
-1.202749,104,6267.522622
4.71389,62,6267.64667
3.798166,65,6267.773528
101.245969,59,6267.895202
1.022344,98,6268.087182
