#{"t_start": 1759995047.196087, "env_id": "CustomLunarLander-v0"}
r,l,t
2.552984,129,0.835088
0.975829,117,1.055187
0.01718,109,1.260952
-1.098017,104,1.453217
-0.594695,116,1.66924
-1.799321,91,1.859685
0.25528,105,2.0635
-2.202197,100,2.256356
0.690049,133,2.503609
-2.664541,86,2.676947
0.161685,109,2.891483
0.098222,94,3.079777
3.201908,88,3.252067
-0.241056,88,3.422794
-2.264047,109,3.636706
1.616088,97,3.848715
1.426342,106,4.053736
-1.584238,99,4.244661
-0.146222,85,4.407865
-0.269966,97,15.645906
0.496971,119,15.89752
1.205353,98,16.093934
1.837258,95,16.27938
-0.192689,140,16.550626
1.809131,91,16.732072
0.594997,88,16.900308
1.92407,110,17.114803
-0.445127,121,17.347007
1.929945,91,17.521605
1.255762,87,17.69047
-1.711748,113,17.906341
1.580304,91,18.079463
0.191704,105,18.282514
2.671951,108,18.488989
-0.220744,94,18.670571
2.775262,105,18.872312
-0.056987,101,19.064518
1.800634,87,19.23839
0.738022,107,19.45184
2.275316,107,30.638754
0.584554,110,30.859646
2.24292,101,31.058878
1.139396,80,31.218917
0.268367,93,31.405886
2.129428,90,31.589505
1.74158,110,31.826396
-0.245711,107,32.040944
-0.176478,86,32.21672
-0.160449,93,32.403019
0.515427,121,32.647072
1.846314,110,32.869484
2.433346,97,33.067683
2.490452,106,33.28197
1.631496,86,33.453005
2.086699,100,33.653554
-1.595776,91,33.832326
1.70626,104,34.04562
0.789539,79,34.195648
3.141347,93,34.371889
1.282873,89,34.544476
2.34966,92,45.776201
3.935008,82,45.955651
0.723443,99,46.155602
3.497826,78,46.314644
2.533346,86,46.487249
3.545792,85,46.659136
102.507477,55,46.772345
2.815481,77,46.920877
1.778757,90,47.091549
3.328972,84,47.250436
4.079072,87,47.419609
2.838755,85,47.583603
-2.293317,126,47.822304
-0.900222,91,47.994797
2.467634,79,48.145651
3.05035,82,48.30317
0.137398,87,48.470427
1.34558,86,48.632716
2.474919,88,48.800234
3.550294,100,48.996324
2.702274,76,49.141958
-2.199447,131,49.392235
0.489789,108,49.596191
1.522308,80,60.742681
0.367433,94,60.930621
4.846542,78,61.083634
1.558263,80,61.239745
1.036561,122,61.482248
3.777393,84,61.645564
3.680467,86,61.814663
0.75814,80,61.984696
4.369406,82,62.145826
4.580713,88,62.319467
2.140258,80,62.47285
2.220149,76,62.622405
3.589865,83,62.786277
3.503175,84,62.952219
2.126872,78,63.104834
0.283164,98,63.296821
1.689701,84,63.465748
0.827134,88,63.640205
0.286599,82,63.813206
102.005897,72,63.956931
0.668938,105,64.163608
1.614613,82,64.322432
0.8095,86,64.493105
-0.532645,93,64.676036
0.592645,81,76.068648
3.68231,81,76.225575
4.060639,79,76.376947
3.693923,79,76.532753
2.987793,82,76.690249
3.46301,75,76.839209
2.981088,85,77.005565
3.673486,83,77.168266
-0.624183,104,77.384935
0.61204,84,77.545042
3.452163,77,77.694962
3.168245,86,77.862042
2.004167,80,78.016668
1.587629,71,78.158486
4.095443,74,78.303418
0.785194,85,78.467014
1.49293,87,78.634025
2.691729,75,78.779724
2.329985,93,78.967915
-0.204098,101,79.170474
2.297602,76,79.315818
0.982413,80,79.470445
0.341793,101,79.668796
0.876514,95,79.855622
4.064264,76,80.000095
3.215277,84,91.166372
-0.275873,102,91.367436
0.632677,108,91.582179
4.230582,73,91.725734
4.943376,86,91.896266
0.709283,114,92.122505
-0.183206,96,92.312853
0.041618,90,92.493019
0.598024,94,92.679007
1.206847,79,92.834658
1.349143,70,92.970515
1.8948,77,93.123741
0.253679,100,93.319406
3.295413,73,93.46329
1.255576,96,93.658996
1.934346,71,93.801212
0.538318,75,93.94973
4.093561,78,94.104521
-0.676475,85,94.272084
4.112996,87,94.44407
1.887196,82,94.608775
2.543897,69,94.745514
0.729613,97,94.936877
1.058653,89,106.150917
0.091494,91,106.342586
4.245137,74,106.488558
-0.745339,109,106.705734
3.762824,80,106.868714
-0.666824,106,107.082233
2.368368,83,107.249994
3.678847,72,107.396749
1.30401,79,107.552829
0.763241,96,107.742548
5.34935,72,107.887357
3.894052,81,108.047419
4.126549,72,108.193712
0.820426,90,108.372389
2.640425,74,108.52433
1.648741,79,108.683215
3.577033,79,108.840042
1.307666,86,109.011363
3.295018,76,109.161555
5.896854,70,109.300828
0.691698,97,109.496862
3.541217,77,109.650958
2.711722,76,109.802659
0.026812,104,110.024199
5.705545,81,110.185873
2.086751,80,121.351028
3.739812,69,121.491452
4.226851,74,121.640493
1.675284,88,121.81178
0.585567,100,122.026659
1.816437,78,122.184162
2.333015,76,122.339643
2.449352,79,122.49657
2.157639,79,122.654841
3.704,72,122.800001
2.074735,70,122.940953
2.856831,73,123.088226
2.808356,80,123.2492
3.377529,76,123.401737
2.82547,73,123.545699
3.79066,80,123.719369
1.494016,87,123.897554
4.319468,74,124.048309
0.729807,95,124.23987
2.966749,72,124.383154
2.794815,70,124.526604
4.127549,72,124.674058
1.956909,90,124.8547
0.308515,94,125.065192
0.948987,81,125.225953
0.936564,82,125.393002
2.174113,79,136.605384
3.65409,72,136.747927
2.745568,137,137.038353
3.200126,80,137.198843
0.871218,80,137.359511
0.45904,83,137.523517
0.733791,84,137.688924
1.062766,97,137.875269
2.115889,86,138.045831
3.975267,71,138.187961
4.35143,74,138.33609
2.948719,68,138.472167
2.391737,76,138.644063
0.966688,72,138.786625
3.688781,83,138.947354
2.323929,81,139.107887
3.703251,76,139.256738
3.709248,84,139.421504
1.464614,89,139.592993
1.193704,92,139.77459
1.124669,100,139.983085
0.919819,97,140.175805
0.229207,106,140.388784
4.344026,71,140.526479
3.821916,71,151.72004
5.319953,80,151.875251
2.142564,74,152.016679
4.689188,79,152.172525
3.38743,87,152.33864
3.868113,82,152.497207
2.018302,75,152.643116
2.691398,75,152.796162
0.795335,111,153.015766
2.150481,79,153.172142
0.268934,111,153.390706
0.042823,98,153.58681
5.744211,73,153.727769
5.131674,82,153.891855
1.281397,73,154.034415
-1.002597,120,154.269676
1.228303,82,154.428709
0.553103,85,154.597118
3.762973,74,154.742323
1.240484,80,154.899779
1.48077,96,155.087006
3.269493,84,155.25039
4.155884,79,155.408742
0.330252,95,155.599475
4.615735,128,166.853702
1.669438,88,167.027376
3.179134,71,167.16915
2.917023,84,167.337447
5.418869,77,167.493603
4.650384,71,167.633603
3.546656,75,167.78365
2.35849,81,167.94784
0.10633,84,168.114958
-0.776978,100,168.329934
4.553026,70,168.470579
2.893353,91,168.651513
4.198354,74,168.800041
1.26093,104,169.006258
2.258837,70,169.147675
2.272299,84,169.314726
2.804787,67,169.446158
4.365256,75,169.593139
1.128443,86,169.765053
1.741775,71,169.906671
1.169543,105,170.131464
0.343761,95,170.3204
0.350329,104,170.524101
3.991961,70,170.663352
3.077108,75,181.847481
-1.2009,171,182.183972
1.760422,75,182.331938
-0.879883,115,182.553769
3.816738,79,182.706261
2.806122,74,182.853681
3.937103,71,182.991063
5.12901,71,183.127707
4.139359,72,183.28617
4.600095,71,183.428074
1.33452,70,183.564012
2.083159,74,183.708799
3.037044,69,183.84312
4.81287,74,183.988895
3.904065,73,184.132441
4.571967,71,184.276229
1.319208,76,184.426501
0.535645,104,184.630645
1.214663,111,184.84924
3.699223,72,185.003488
0.213523,103,185.208472
1.683152,73,185.351441
-0.865118,119,185.583823
103.352204,60,185.702039
1.818541,75,185.845189
0.231554,115,197.060532
2.108453,82,197.223253
0.953129,74,197.372953
2.724364,67,197.503715
2.40302,74,197.652134
2.170681,67,197.786026
1.625796,75,197.935301
4.219322,72,198.081174
4.828651,72,198.225425
0.173986,173,198.585498
1.060358,121,198.824972
3.808508,76,198.979449
4.741708,77,199.13186
5.276596,76,199.283259
0.971329,83,199.45041
2.259339,74,199.59846
4.926845,72,199.758484
0.912873,83,199.926911
0.847599,104,200.13072
2.599139,95,200.316689
3.799928,82,200.478727
0.269177,124,200.726415
1.616262,72,200.87002
5.435612,74,212.02089
1.397855,82,212.180852
0.299029,115,212.408657
4.78546,77,212.566705
4.080703,73,212.712547
-0.359656,97,212.898406
0.903709,85,213.065598
3.706549,74,213.211823
0.865813,102,213.412359
4.394549,83,213.590613
3.39925,72,213.73425
1.136769,73,213.876858
3.600864,76,214.030195
3.602163,73,214.174583
3.942703,71,214.316071
3.924349,71,214.459295
4.819202,68,214.599815
2.634823,74,214.748701
-0.344002,183,215.138134
1.65551,66,215.271245
2.879035,74,215.420582
2.873807,71,215.563828
1.448738,75,215.711439
4.411048,79,215.873031
5.190014,73,216.020281
2.820517,88,227.378622
-0.444291,124,227.627742
2.204875,111,227.844853
1.743448,83,228.013488
4.718693,68,228.150624
3.547793,86,228.323425
4.284237,80,228.483771
0.917235,97,228.681009
3.962335,73,228.825044
3.74149,73,228.974858
0.836902,87,229.148325
-1.124159,126,229.398356
0.39649,113,229.624239
1.053974,134,229.891623
1.086869,99,230.084174
0.569339,191,230.465669
1.525509,91,230.650741
0.866742,81,230.811677
1.45697,72,230.955553
4.38608,71,231.093442
4.475072,99,231.28864
5.414861,73,242.54136
4.22829,77,242.696537
0.744912,87,242.868428
0.309755,89,243.044022
0.04689,129,243.298675
0.709601,86,243.485632
3.728797,78,243.64648
3.352827,68,243.779789
4.312571,77,243.930281
3.03743,72,244.071954
4.688497,68,244.203714
3.254362,68,244.336297
4.295796,65,244.464061
3.886876,80,244.618935
-0.426145,101,244.820904
4.098523,69,244.953795
0.035598,156,245.272189
4.664621,80,245.430432
3.701979,81,245.590241
3.515572,86,245.75928
-0.231851,123,245.999522
4.837468,70,246.143094
0.075129,133,246.405603
1.780931,78,257.624561
0.924426,74,257.774467
0.380148,88,257.949928
0.630172,100,258.151103
5.615067,69,258.291038
4.05755,67,258.42235
0.693167,85,258.589671
5.661478,70,258.732878
3.726325,80,258.90871
1.82441,76,259.062018
-0.518376,166,259.398092
1.532829,76,259.553637
-0.07439,107,259.763248
2.546142,72,259.907935
0.772932,91,260.092697
5.58566,71,260.236721
3.508655,72,260.379598
4.064406,76,260.530251
0.702363,89,260.72615
2.876704,79,260.882957
1.745574,84,261.048044
-0.915243,131,261.302113
1.626284,75,261.449699
4.039185,71,261.597208
4.090785,66,272.809985
-0.347299,114,273.042889
3.424972,69,273.178047
1.576143,68,273.313924
2.101642,73,273.472862
1.578376,72,273.615677
4.195159,82,273.781721
1.277638,74,273.926658
3.983171,72,274.071501
0.856646,83,274.23895
-0.723201,140,274.526348
2.378084,68,274.662278
3.368504,72,274.807047
-0.975061,106,275.021707
2.196757,70,275.176546
1.99355,66,275.306272
4.483417,64,275.438082
4.315843,72,275.582314
3.332295,69,275.722195
0.868425,73,275.868483
1.729628,74,276.015718
5.669559,72,276.156857
2.137425,69,276.29338
1.800545,73,276.455395
3.975989,74,276.601201
1.285676,106,276.816319
2.731905,92,288.061729
1.3755,76,288.210509
4.466812,73,288.366489
0.778256,119,288.59893
3.490104,66,288.730639
2.907962,66,288.860822
1.205478,83,289.022632
0.453825,112,289.253467
1.853348,79,289.405079
5.348104,69,289.543536
2.19769,84,289.713866
3.680115,77,289.866856
0.891687,84,290.031058
5.782561,71,290.177865
-0.291852,119,290.437617
0.121851,86,290.626768
3.116653,66,290.758843
4.499619,87,290.932808
2.410522,73,291.083997
3.735363,72,291.233001
1.471961,77,291.389271
3.506047,76,291.544567
-0.11821,160,291.862701
-0.221015,123,292.109305
0.940575,93,303.787896
0.888608,100,303.988742
4.518638,69,304.120592
3.758526,74,304.265884
1.820599,68,304.402798
0.386602,78,304.571957
2.81206,74,304.719104
3.360035,69,304.856238
3.658474,78,305.012438
4.358136,70,305.150668
-0.168792,109,305.365674
1.593079,89,305.542984
2.411599,68,305.679621
4.665774,71,305.818871
1.856667,83,305.981223
4.973975,71,306.120948
1.805986,67,306.256187
2.186753,73,306.427397
4.165186,69,306.586656
0.644385,75,306.740186
1.483016,107,306.957992
4.861949,71,307.102194
5.667471,74,307.251839
3.64284,66,307.38368
3.979905,64,307.511825
4.122343,68,307.649663
0.253048,83,319.489422
3.698813,69,319.647997
103.489655,72,319.789228
2.385274,69,319.928034
3.618872,88,320.103831
-0.655767,108,320.328428
1.241915,67,320.457849
2.700379,69,320.597039
1.836585,76,320.746614
3.320864,69,320.884351
1.345121,76,321.033476
4.072095,71,321.189799
3.245562,68,321.325439
4.599343,65,321.450109
1.546324,72,321.591578
0.479132,102,321.787454
0.652529,94,321.971006
2.870737,69,322.107821
1.537848,75,322.255093
1.710851,73,322.413416
0.470806,96,322.600444
5.496469,71,322.741348
5.260788,74,322.887076
4.569304,70,323.022367
0.024482,93,323.201454
0.977301,76,323.35876
4.246856,74,323.51595
-0.066517,84,334.793172
2.84038,80,334.96358
1.33036,73,335.106899
101.959377,63,335.225115
0.294989,72,335.366668
4.579926,68,335.500023
2.529357,82,335.65499
-1.05141,132,335.914553
3.823068,68,336.050494
2.342539,68,336.181851
-0.61604,108,336.391054
2.407586,65,336.522301
2.132153,71,336.672996
5.327592,68,336.805785
1.783746,70,336.945644
1.443976,71,337.081771
3.069454,72,337.224363
4.039049,68,337.354904
-0.053405,1000,350.34111
0.097673,79,350.523726
4.575305,73,350.669173
0.747711,87,350.84485
0.887242,74,350.989084
3.775439,63,351.112469
3.887658,71,351.2525
4.193399,100,351.44871
0.472815,83,351.614912
-0.235379,93,351.795575
4.796161,67,351.928626
1.646868,68,352.075693
4.054959,65,352.201167
0.323555,88,352.373703
-0.370834,96,352.55952
2.997279,69,352.693291
1.651665,68,352.82356
3.246958,72,352.965765
1.412142,74,353.110826
1.638088,76,353.261779
-0.314947,103,353.477535
1.967599,70,353.617175
0.267548,160,364.964906
3.499336,71,365.103978
1.817965,69,365.237036
0.521956,97,365.424412
0.545333,103,365.628871
1.280457,73,365.773551
3.764012,69,365.936944
-0.286344,89,366.114834
0.272058,84,366.283126
5.106729,67,366.416032
5.29965,67,366.549327
1.67275,73,366.691572
2.933786,67,366.822224
0.737548,80,366.985155
2.707204,67,367.121909
0.701709,78,367.284388
1.26584,70,367.42713
-0.1376,103,367.650283
2.54703,71,367.798481
-0.602165,96,367.996739
1.235027,72,368.143878
105.699083,70,368.284767
1.876905,76,368.437915
3.615035,64,368.569481
4.322582,69,368.711716
2.940826,70,368.85934
2.100919,69,369.013401
2.771812,69,380.188008
-0.027197,85,380.361344
3.837046,68,380.499583
1.840401,70,380.639537
1.436799,76,380.789949
-0.152125,104,380.999602
3.17709,70,381.151376
1.741806,70,381.290856
1.872641,84,381.469646
3.785897,65,381.596357
2.932405,82,381.761358
1.73367,77,381.91257
2.002272,72,382.049447
-0.884088,99,382.243758
1.711931,70,382.380057
0.141796,107,382.592249
3.272723,66,382.730785
1.075513,89,382.907057
106.048907,71,383.061407
0.962395,93,383.2456
1.420219,74,383.391913
-0.858525,121,383.630039
3.963873,97,383.823171
2.990413,66,383.953363
5.081702,71,384.090921
3.753002,75,395.300722
3.509486,73,395.443928
3.726435,70,395.596995
1.334823,75,395.747985
2.539448,74,395.904665
3.956142,69,396.042175
102.743658,58,396.158965
-0.209883,87,396.329543
1.379884,106,396.541774
0.595552,127,396.79314
5.104553,69,396.936159
3.161204,81,397.097977
1.288558,73,397.260012
4.373966,63,397.385137
0.297292,84,397.55407
0.060682,114,397.785196
0.275131,85,397.955774
5.292599,78,398.107802
1.967378,73,398.250259
2.423588,67,398.382155
2.862129,70,398.534826
0.433746,91,398.712687
-0.332497,123,398.955559
3.653941,68,399.086123
3.740528,67,399.218892
-0.203382,116,410.98617
5.077905,68,411.127009
3.118166,83,411.290835
1.817591,73,411.437011
3.202815,72,411.601572
3.829941,75,411.757661
2.830455,70,411.898318
1.742774,70,412.046323
4.576065,82,412.221737
3.555857,69,412.365686
2.953941,79,412.521753
3.565392,66,412.65104
0.394436,81,412.80996
4.333586,67,412.943749
103.46886,57,413.075809
0.406011,84,413.2489
3.678168,69,413.390886
3.066861,66,413.526412
1.964013,76,413.680008
2.616625,66,413.8171
1.756659,68,413.95399
4.166637,80,414.111033
4.284776,70,414.245494
3.565128,73,414.387727
1.207136,70,414.525219
3.119169,72,414.668962
2.329217,70,414.821713
1.229844,79,414.976757
1.656488,70,426.251469
0.098883,87,426.435273
1.05562,75,426.590739
0.151741,89,426.792711
2.540655,69,426.92962
3.470749,83,427.093384
2.284778,97,427.302073
2.742686,65,427.474214
0.483067,93,427.673869
1.271371,75,427.847991
4.006325,71,428.049775
1.829881,83,428.232144
0.911053,96,428.427679
2.949366,66,428.577603
0.642037,92,428.797049
102.14415,84,428.976974
3.1739,87,429.167907
3.965373,67,429.298722
102.734772,77,429.471085
-0.256308,111,429.69172
1.073729,93,429.895253
0.304356,70,430.034804
3.781347,77,430.195981
0.506422,74,430.360292
0.08781,118,430.596527
3.544852,81,442.55979
100.533969,123,442.80006
3.284423,71,442.951271
3.296813,74,443.104079
1.174731,101,443.310569
1.550047,71,443.453541
102.084856,65,443.59159
0.063631,97,443.790069
0.0045,112,444.017713
3.475301,74,444.170456
4.400206,65,444.306451
1.905082,67,444.443431
1.230312,70,444.598703
2.933875,67,444.743045
2.334973,70,444.881558
1.509245,80,445.042319
1.668134,73,445.18933
5.306187,66,445.318635
0.704585,70,445.456079
0.632022,85,445.622824
1.441237,70,445.760381
2.185829,70,445.896719
1.882608,71,446.039406
0.59411,82,446.203269
5.792713,68,446.352264
0.758892,83,446.527601
102.923607,71,457.882291
0.661927,104,458.098175
3.799929,66,458.23297
-1.00296,165,458.57484
5.085538,65,458.721331
1.119609,88,458.900666
1.60353,68,459.038633
5.09421,68,459.17449
2.928856,71,459.320941
-0.477671,87,459.501491
1.496404,96,459.700099
5.002713,65,459.82783
1.629417,76,459.980024
2.676598,80,460.14508
4.803709,74,460.293051
1.871115,69,460.442132
0.611858,98,460.635448
0.8784,82,460.797691
0.792715,98,460.984879
0.671424,90,461.162499
-0.052675,94,461.347543
2.210107,67,461.475125
0.718151,98,461.666225
3.704493,63,461.789278
2.379971,67,461.931036
2.954107,71,473.080523
0.151817,126,473.340061
0.63703,94,473.528828
2.929161,67,473.666005
2.360224,74,473.817017
3.206721,73,473.966542
0.604445,805,475.591902
2.455206,71,475.729006
5.475756,66,475.858674
2.250066,68,475.993922
5.098547,70,476.134046
2.708428,67,476.269492
3.169669,68,476.420084
1.132059,74,476.561752
5.534349,70,476.698367
0.16592,149,476.989046
0.624795,97,488.798229
-0.499801,100,488.990136
4.151814,68,489.121276
1.123007,71,489.257837
2.897113,75,489.406797
1.320966,68,489.539968
0.200943,70,489.689595
3.094984,67,489.820125
0.700045,126,490.069244
-0.787504,93,490.254788
2.016713,74,490.395603
0.43642,75,490.541601
-0.148771,99,490.732343
3.112076,71,490.872357
5.674802,71,491.008209
5.459485,70,491.148046
4.098714,74,491.2983
3.291711,73,491.447373
-0.065205,110,491.663538
3.227537,72,491.807599
3.682136,65,491.93536
1.600572,81,492.096712
2.569556,72,492.236974
1.293065,91,492.419363
1.920114,81,492.578455
1.531247,74,492.723232
1.65168,77,503.908753
3.518558,70,504.045192
3.817256,66,504.180247
4.966593,67,504.313205
2.912307,78,504.468167
1.953716,68,504.602728
-0.37838,113,504.826305
0.568076,80,504.985111
4.221543,70,505.122618
3.495231,71,505.277894
3.519736,66,505.408986
0.733447,86,505.57907
2.051217,71,505.71273
1.575956,108,505.925132
3.727204,67,506.056566
4.515855,66,506.18894
2.151892,67,506.320865
2.672884,71,506.459505
1.665281,72,506.601447
3.407199,69,506.735622
4.860194,65,506.863956
1.158966,74,507.011562
4.700909,67,507.141986
0.002549,219,507.5716
0.486723,119,507.79938
0.886418,105,519.056721
3.681068,67,519.191106
2.06837,67,519.343321
101.138787,86,519.514239
-0.282168,90,519.694076
4.318085,70,519.83494
0.832093,93,520.021458
1.572868,71,520.159495
1.35428,75,520.307728
-0.071071,132,520.571047
0.298651,77,520.724061
0.454854,99,520.919177
1.833377,64,521.070219
0.571908,109,521.28712
0.680888,76,521.443008
0.716719,115,521.667699
3.681422,75,521.811526
1.217873,86,521.984117
0.017765,444,522.871289
5.523022,61,522.989836
4.87264,71,534.17788
4.298373,71,534.318935
2.396904,90,534.501118
5.561337,67,534.637152
1.327781,110,534.85605
3.390474,65,534.996314
2.879253,75,535.150489
3.985339,67,535.289017
6.233549,66,535.417204
2.57438,88,535.591087
2.597363,73,535.740081
0.626126,98,535.934483
3.142834,70,536.07096
4.197055,64,536.19128
3.280815,76,536.340681
-0.061299,103,536.544201
4.476736,62,536.667931
5.526311,70,536.80709
2.096799,67,536.937928
2.997495,66,537.070484
3.046132,74,537.212934
4.381278,66,537.342526
0.537787,93,537.52772
0.642371,108,537.742188
3.645664,69,537.875397
0.758908,78,538.028242
-0.978119,99,549.227498
0.655623,97,549.41965
5.04237,71,549.572377
2.154384,72,549.713151
1.590142,81,549.880227
2.199642,79,550.042761
3.927449,68,550.177552
2.998625,70,550.320482
3.675414,71,550.462654
2.827796,71,550.604009
1.664749,77,550.760792
1.77526,69,550.901047
2.275287,71,551.044219
4.012449,71,551.202858
3.267981,64,551.332725
4.086949,66,551.465438
-1.304926,130,551.729379
1.68983,73,551.879318
2.397882,67,552.013714
4.055079,66,552.144316
0.182935,88,552.322165
0.902155,74,552.476002
3.536803,69,552.614224
1.644347,78,552.76905
2.66918,66,552.917267
3.664666,77,553.072923
1.232046,79,553.231349
2.394416,77,564.449295
2.949408,70,564.584639
1.659303,95,564.771684
4.469676,65,564.896983
4.50156,70,565.0332
1.322865,75,565.195089
0.692865,79,565.357991
5.63567,67,565.492089
2.481626,84,565.655883
4.064562,67,565.792136
-0.012221,100,565.988414
0.934482,106,566.201595
1.365417,80,566.361628
0.700138,104,566.579351
5.243873,69,566.717543
1.625241,93,566.918897
2.77435,77,567.080452
-0.65985,81,567.241219
-0.73492,123,567.486511
2.39094,68,567.625085
0.610791,92,567.808598
2.33595,72,567.954803
1.779432,89,568.132248
0.85366,92,568.311911
2.889423,74,568.457866
1.202607,98,579.752655
3.09652,64,579.879863
1.133622,90,580.062063
2.113078,70,580.198222
1.446669,85,580.365921
0.421866,86,580.540544
1.249868,105,580.771163
3.839435,91,580.952296
1.938326,66,581.082427
0.31278,94,581.27453
3.272511,70,581.413654
1.116686,78,581.573198
104.698625,62,581.695861
3.474708,68,581.83286
4.842248,67,581.969365
0.580042,85,582.139241
1.196773,88,582.316354
3.563011,76,582.464219
-0.157376,85,582.635247
1.621558,76,582.789595
1.074426,102,582.995678
3.961764,73,583.144127
-0.885939,133,583.416628
5.205483,68,583.555218
2.386177,70,583.695153
3.001414,74,595.242356
3.420318,66,595.374774
0.659835,77,595.534641
0.066414,124,595.797491
3.025733,74,595.947198
4.212577,68,596.084248
3.247533,69,596.224729
0.331303,81,596.389327
1.798823,68,596.524126
1.863204,70,596.66399
3.26785,68,596.803903
2.72244,76,596.950795
-0.333962,101,597.153069
3.647176,67,597.307796
2.360665,73,597.458314
2.718797,77,597.61001
4.022206,67,597.746758
4.96269,69,597.89012
4.438962,68,598.026358
1.363669,85,598.19684
3.936872,65,598.330692
1.238222,75,598.482076
2.95819,69,598.621374
4.168205,69,598.760493
1.568353,76,598.915757
5.235384,72,599.080917
0.938473,79,599.246979
4.666674,71,610.541826
5.098058,72,610.695214
2.482175,77,610.865077
2.749993,71,611.014543
2.310715,71,611.158663
4.506717,75,611.323405
1.731611,71,611.490977
0.084522,76,611.655751
1.883309,91,611.843843
2.501144,87,612.019812
5.127942,68,612.160414
-0.230308,81,612.328175
2.379162,71,612.475814
2.469385,74,612.631054
1.944162,74,612.781931
5.654718,68,612.922081
0.897938,83,613.087339
4.211927,67,613.2238
4.643763,66,613.355096
2.585323,73,613.504244
-0.750312,140,613.793861
1.490709,69,613.93776
1.487376,72,614.084763
4.261932,65,614.222778
0.737349,91,614.408927
4.575033,68,614.548867
1.842745,66,614.681682
4.784244,64,626.228173
4.02394,64,626.359466
2.560415,65,626.498143
4.910297,64,626.632089
3.055267,66,626.768748
1.554247,71,626.912747
0.746618,86,627.08301
0.80562,88,627.268852
-0.860315,264,627.808155
2.628833,86,627.990038
1.913977,71,628.14898
3.865611,70,628.290975
5.577982,77,628.450645
1.071471,82,628.626124
-0.797354,101,628.836143
1.876088,87,629.00576
2.210416,66,629.138549
0.585301,77,629.292253
2.147614,81,629.450606
4.690181,75,629.601173
1.019705,89,629.779009
4.464518,71,629.922724
1.267239,68,630.079926
0.756232,101,630.290869
4.042563,70,641.735976
4.31332,64,641.864698
4.109171,74,642.014564
4.205521,70,642.151639
1.096745,69,642.287079
3.310919,68,642.435246
2.395988,85,642.600373
4.7093,69,642.746758
3.613069,64,642.87589
3.945408,66,643.006032
5.763778,65,643.135178
4.607842,67,643.271102
1.188062,72,643.42204
100.391828,72,643.570524
2.716026,70,643.716127
0.872021,159,644.044346
103.063093,65,644.174362
101.893413,71,644.316229
2.031362,70,644.458152
2.441403,67,644.59585
3.198708,67,644.739459
3.526871,67,644.877944
4.822321,76,645.033473
3.224549,71,645.186492
0.851716,86,645.35315
0.22654,79,645.508467
-0.833639,101,645.711718
3.471889,82,657.289382
1.88172,77,657.441175
1.071894,102,657.635773
5.834888,65,657.762544
2.197314,78,657.930539
101.168392,69,658.067439
1.825076,75,658.213366
1.599842,74,658.357994
1.340009,79,658.511992
1.360011,68,658.648154
2.669587,71,658.789857
103.584556,56,658.901348
4.926597,70,659.045637
3.346998,78,659.206281
-0.569137,110,659.437104
1.221846,75,659.594096
5.097541,68,659.728
1.123093,72,659.868276
0.503673,76,660.015356
1.813689,74,660.160521
4.389411,63,660.284559
2.236851,92,660.46747
0.194716,82,660.632059
101.088633,56,660.7449
5.658654,65,660.873011
5.265921,69,661.005761
4.171107,67,661.140165
-0.578224,121,672.756979
1.935265,64,672.889573
0.928447,79,673.051486
-0.426432,152,673.36475
3.968382,78,673.527156
3.611664,67,673.664349
2.369599,85,673.853305
4.363663,68,673.984407
1.860934,65,674.111801
1.735203,74,674.261785
5.718634,64,674.385219
2.840817,86,674.554008
4.148951,96,674.748837
4.457555,68,674.88813
0.194752,95,675.073025
0.490151,91,675.259195
4.207043,95,675.447817
4.154352,65,675.572269
4.457371,67,675.704757
3.008111,68,675.840481
-0.26671,85,676.003204
0.539566,78,676.155617
4.94965,67,676.282769
1.091229,86,676.446668
-0.88439,143,676.725044
0.499523,78,688.412426
5.22143,68,688.551841
0.251742,90,688.73004
-0.216975,92,688.926931
1.414712,73,689.070131
0.687055,87,689.246882
4.58535,68,689.383327
-0.311221,85,689.554312
5.598038,69,689.689683
3.965481,66,689.821166
2.523812,71,689.965917
0.455049,96,690.157485
102.224772,59,690.274142
101.350535,106,690.487826
1.248542,78,690.648004
-0.768781,204,691.047638
3.324415,67,691.181803
3.267138,67,691.320203
-0.372978,82,691.493154
1.603956,70,691.635399
-0.305056,87,691.809373
1.848878,73,691.963412
2.205734,93,692.15284
2.889058,70,692.291073
4.089952,69,692.430744
2.484278,68,704.227867
-0.244025,81,704.395815
1.654592,76,704.547839
102.398419,92,704.746571
4.397179,79,704.927933
-0.018403,95,705.136111
0.151032,86,705.336329
5.273011,71,705.4905
4.933832,68,705.636792
1.782334,77,705.806462
0.704574,78,705.96355
3.520203,71,706.106673
1.663885,73,706.258528
-0.217778,83,706.43143
0.343516,145,706.722661
3.593966,65,706.853859
0.643135,72,706.995898
0.053194,102,707.203314
1.386543,93,707.394658
3.140504,75,707.545879
4.725021,74,707.69154
2.460547,75,707.845446
3.556291,79,708.001306
4.767352,74,708.147243
2.872027,71,708.289689
4.944112,69,719.942746
101.112675,66,720.087317
5.031349,73,720.232457
1.317532,79,720.394766
1.681607,75,720.552984
1.265624,76,720.706497
5.585616,78,720.872077
4.260806,67,721.005605
100.68796,65,721.138062
101.280188,77,721.29327
4.792963,67,721.430233
4.237135,83,721.59607
2.145703,97,721.790566
5.027506,71,721.946612
4.414806,64,722.070589
5.182241,62,722.193614
0.707452,82,722.353907
2.54223,76,722.504141
0.728262,1000,736.23267
5.766696,64,736.365988
-0.25477,85,736.56375
-0.170374,88,736.748228
0.278268,78,736.908831
3.629249,88,737.084943
4.431609,69,737.21947
1.978878,71,737.358325
2.254383,76,737.510692
-0.166575,94,737.698951
1.909265,71,737.8442
2.064183,81,738.017374
3.859092,75,738.172917
101.952311,71,738.334141
3.345216,73,738.485626
1.946358,74,738.632416
-0.022996,153,738.937671
2.180661,67,739.070527
2.207951,73,739.225386
0.54841,90,739.419142
3.606668,68,739.560393
1.309578,66,739.701966
0.409263,80,739.857633
3.690249,68,752.008469
3.031118,71,752.147726
3.387032,69,752.289531
0.661596,92,752.477168
3.761741,77,752.634059
5.85667,66,752.768486
1.886527,74,752.913935
-0.639006,95,753.125002
4.450399,71,753.2653
101.178864,42,753.345973
4.046593,70,753.483079
0.513558,87,753.656869
5.063763,67,753.786583
0.48656,117,754.020611
5.033998,69,754.157176
0.877035,75,754.30184
4.932796,68,754.436162
-0.741218,112,754.661773
3.1512,71,754.811353
5.025609,66,754.945622
3.662035,75,755.09558
1.564824,83,755.264897
2.954437,71,755.406189
4.270597,78,755.561651
2.083573,70,755.70314
101.449841,80,755.86911
3.039696,71,756.017497
3.268905,66,767.608231
2.020902,67,767.740234
3.67709,64,767.866218
3.183072,77,768.026997
0.282477,101,768.239623
2.552448,70,768.37862
1.309218,83,768.542809
101.471717,72,768.686954
5.473959,72,768.832932
1.026073,82,769.00231
0.576009,69,769.14274
0.00047,79,769.30209
4.66935,73,769.447108
3.426055,69,769.586833
4.652279,66,769.722034
1.768575,87,769.890461
0.791369,72,770.036145
4.446871,72,770.178663
1.606778,72,770.323754
5.372178,76,770.476018
3.625881,80,770.63495
-0.39911,90,770.81068
-0.295416,499,782.982548
-0.381415,93,783.159809
5.451483,67,783.30829
3.462393,73,783.451169
5.501787,69,783.590132
5.029023,63,783.712563
5.126013,74,783.856268
3.274905,75,784.003047
1.815449,89,784.174695
2.621955,66,784.302069
-0.81078,132,784.554538
1.210082,71,784.689565
2.670543,72,784.825764
0.171618,87,784.991496
3.395775,72,785.128478
2.998754,74,785.268768
2.229214,75,785.419933
0.890157,82,785.581088
2.688731,75,785.723603
3.872491,64,785.850176
3.058546,72,785.990802
1.882029,69,786.125092
2.582613,72,786.263663
5.0929,77,786.411891
3.863147,66,786.536602
1.122478,87,786.703657
1.440392,73,797.97648
1.802189,67,798.110123
3.15427,80,798.264497
2.644757,67,798.393914
2.084078,66,798.522511
-0.767954,108,798.737087
-0.571808,116,798.964051
4.90452,71,799.107443
4.594236,79,799.27022
2.720265,74,799.440738
3.817392,73,799.590086
3.137964,92,799.785382
4.301555,66,799.919001
4.481592,70,800.058644
4.115756,67,800.187824
3.918367,65,800.313474
2.109689,73,800.456504
2.683719,69,800.588294
2.367666,72,800.730068
0.950584,73,800.873681
3.377997,72,801.018736
-0.259795,86,801.194274
3.558069,67,801.327301
3.450024,68,801.462657
-0.330536,93,801.648189
2.596655,68,801.782401
3.165999,70,801.916451
4.784152,69,802.050387
4.063035,86,813.806829
102.09896,48,813.914112
0.623581,102,814.121127
3.522194,101,814.327433
3.432553,74,814.481228
4.61966,64,814.610241
1.158078,82,814.783591
2.520264,96,814.977202
2.272346,91,815.157567
5.238921,63,815.281285
2.684598,68,815.415445
1.484353,70,815.554147
-0.624397,109,815.782577
2.675416,66,815.915952
1.64548,72,816.05636
1.056883,79,816.210797
1.744376,78,816.367703
2.969803,69,816.505807
1.210905,70,816.640265
101.315548,90,816.818404
1.358744,103,817.022846
2.988415,75,817.166534
2.158108,72,817.307103
4.533093,68,817.439308
-0.232741,120,817.68739
3.466104,90,829.031114
3.404495,71,829.168376
2.094658,85,829.333408
-0.742367,138,829.600852
1.598715,71,829.740617
1.238346,67,829.879134
4.129614,63,830.014855
0.344005,79,830.172299
100.958495,62,830.299432
3.433601,70,830.448942
2.495366,70,830.601409
3.192312,66,830.749301
1.045998,75,830.913617
1.88362,92,831.110935
4.357919,67,831.247756
4.201072,67,831.380926
4.347821,66,831.515221
1.285485,84,831.685401
103.022797,67,831.81372
1.528423,77,831.966958
-0.226533,92,832.155299
0.387842,1000,845.281324
4.343571,66,845.414472
1.664868,80,845.570735
3.683998,68,845.700521
4.060465,64,845.824642
2.21911,85,845.991183
1.81531,78,846.144657
3.37189,72,846.285158
-0.333498,112,846.504845
1.54735,91,846.695917
3.265511,85,846.865076
2.743528,68,847.000721
4.035686,91,847.178277
3.479928,66,847.311136
4.377187,94,847.50759
1.371786,72,847.648245
0.015343,88,847.828233
4.681746,105,848.040177
4.385654,64,848.169467
-0.861493,94,859.730659
0.444716,85,859.899965
2.219567,74,860.042202
-0.64475,722,861.527
0.966277,71,861.670149
5.489919,68,861.804851
4.311735,90,861.986426
1.522622,75,862.138723
2.403432,93,862.326869
2.382637,65,862.45812
0.735241,88,862.634425
1.134113,1000,876.211125
4.939474,80,876.369939
2.761034,73,876.51304
3.585894,65,876.63737
2.816381,70,876.774249
0.356114,82,876.932836
2.868536,63,877.05794
3.138889,64,877.179688
2.461194,83,877.341406
3.297133,64,877.466488
3.623177,76,877.616265
2.353018,74,877.76288
104.128889,87,877.935459
1.220756,87,878.107212
1.859577,84,878.267533
4.149699,75,878.413976
4.420116,63,878.538009
3.939304,81,878.692841
4.807837,65,878.820581
3.883366,66,878.94649
3.841209,91,879.124037
2.785252,70,879.264349
2.197847,71,879.406058
2.745146,70,891.078988
4.822742,91,891.256245
0.464702,74,891.401655
0.636686,104,891.611358
4.911403,64,891.738966
101.318075,67,891.870431
102.676007,70,892.009505
2.945754,69,892.145714
2.921808,72,892.290226
100.955367,60,892.409132
3.652075,194,892.810735
4.564531,64,892.962683
5.28615,74,893.129889
4.644814,71,893.287374
104.449292,64,893.431153
100.792864,37,893.509923
3.705765,68,893.64637
4.078352,69,893.784
2.980985,77,893.941933
5.094562,71,894.080949
2.0397,76,894.23371
3.938143,65,894.368292
2.585745,69,894.505225
2.845399,65,894.650154
3.663119,71,894.7876
4.908126,77,894.938825
1.879203,76,895.08971
1.313799,72,906.414851
4.131074,69,906.546702
1.973718,69,906.68196
4.186697,67,906.813398
5.124751,66,906.939364
5.392016,73,907.079852
2.443398,77,907.25211
-0.352303,98,907.474126
4.509079,69,907.606499
2.245661,73,907.750006
1.570564,73,907.898309
2.083053,67,908.029216
-1.269286,119,908.26491
3.140652,65,908.391362
3.834148,86,908.572432
4.288741,86,908.748225
1.689621,97,908.947163
4.911819,65,909.096503
3.063327,72,909.239189
0.291258,1000,922.745279
1.015343,79,922.904726
0.094697,94,923.093976
-0.361771,96,923.298591
4.976581,77,923.451968
4.007549,65,923.58245
1.609527,71,923.733032
4.692366,69,923.870476
0.635375,106,924.079342
4.823738,65,924.209181
3.682289,90,924.388587
4.442361,71,924.528582
1.983651,73,924.682941
3.525359,75,924.84434
-0.570713,89,925.022963
5.168709,67,925.156284
1.636738,73,925.298289
4.733294,66,925.428976
2.535917,79,925.58822
2.697331,72,925.738597
2.035793,92,925.921979
0.319734,115,937.46325
0.72629,79,937.633276
3.460905,63,937.760049
0.054603,77,937.910849
3.818456,64,938.038426
2.766149,65,938.16695
2.269599,71,938.309081
2.217332,73,938.464
-0.723344,944,940.392209
1.548225,73,940.555073
5.235342,66,940.685247
1.688173,76,940.832789
104.381928,66,940.962646
1.619905,73,941.116611
3.968737,65,941.248921
1.283713,73,941.401671
101.445566,51,941.506379
100.622284,49,953.061438
2.174619,69,953.211018
3.534538,71,953.351904
2.609445,68,953.486615
-0.070431,1000,955.496619
0.078009,76,955.650222
1.023934,94,955.847151
3.812909,83,956.013955
2.579273,95,956.205931
0.789956,75,956.415888
3.288628,73,956.584031
6.279112,67,956.720149
100.498523,101,956.920081
1.110257,71,957.063057
1.539103,70,957.199419
3.284653,77,969.044241
3.531323,70,969.187833
-0.334084,99,969.384273
3.667608,64,969.511745
0.658656,79,969.668118
0.874114,89,969.84765
4.133074,65,969.992006
0.848422,73,970.146716
1.435577,71,970.290132
5.597063,67,970.422478
2.115546,71,970.571834
3.691894,72,970.729728
4.10297,95,970.926414
3.12011,69,971.07645
1.625129,72,971.227782
3.603389,68,971.363947
2.796153,70,971.527305
2.55915,74,971.690209
-0.558209,90,971.877454
2.074727,69,972.015743
1.159002,71,972.15551
1.38087,88,972.329526
1.744114,67,972.477935
0.892793,84,972.681019
4.086885,236,973.184241
3.058861,68,984.997926
5.397149,66,985.147976
104.864949,62,985.282106
3.633339,63,985.416638
0.754295,100,985.630949
101.462637,87,985.819858
2.584021,73,985.969624
2.49938,79,986.120816
2.809251,68,986.260166
5.073859,72,986.401584
2.169002,83,986.568688
1.155421,93,986.754458
2.4611,71,986.898399
3.914895,67,987.034784
1.604718,72,987.192425
1.269791,81,987.363569
3.477889,78,987.520671
1.564485,73,987.673083
1.386148,69,987.81766
4.36228,68,987.959533
101.734251,75,988.120531
1.832168,91,988.308
4.823056,88,988.488299
3.649215,73,988.63575
2.275773,71,988.777475
-0.068941,660,1001.696312
102.803905,62,1001.824409
1.857558,85,1001.993869
-0.461064,84,1002.158687
5.323235,66,1002.31119
4.177436,72,1002.46229
101.311111,158,1002.79656
4.151874,71,1002.941957
3.99291,77,1003.09682
0.9157,72,1003.243717
3.790455,71,1003.39356
2.25902,64,1003.51974
3.532151,92,1003.719771
102.406118,63,1003.842994
2.534825,72,1003.986362
100.978897,42,1004.069482
3.820714,68,1004.204818
-0.060491,82,1004.362712
1.317866,1000,1017.618722
3.629721,83,1017.780231
102.556939,73,1017.943446
4.228921,66,1018.074176
2.18232,72,1018.213388
1.331133,79,1018.370475
3.046775,74,1018.519414
3.550133,66,1018.646893
1.12227,84,1018.816485
2.279731,69,1018.954046
4.977368,62,1019.079912
0.857263,75,1019.226066
102.038826,64,1019.366631
2.795553,72,1019.512714
5.47012,68,1019.649199
2.533394,70,1019.791085
3.505496,67,1019.926994
2.176153,79,1020.089972
1.998492,68,1020.227763
0.106586,110,1032.047772
0.354917,75,1032.197948
3.921104,80,1032.356923
100.185582,21,1032.39979
3.310056,65,1032.530884
0.64861,95,1032.724771
0.175251,80,1032.887839
-0.355443,102,1033.107051
3.930713,72,1033.250988
2.234713,71,1033.392211
1.163961,76,1033.540792
0.796327,87,1033.712016
105.591555,69,1033.850992
1.133112,85,1034.026103
2.291932,65,1034.16527
3.050384,65,1034.301451
2.312663,68,1034.443675
-0.05353,96,1034.636286
0.509031,77,1034.803516
4.791407,68,1034.943456
5.128056,71,1035.10083
1.192748,75,1035.257956
2.428974,76,1035.416785
102.353662,72,1035.563516
5.098867,66,1035.701364
3.01276,81,1035.861392
4.267107,71,1036.00283
4.357685,64,1047.368933
2.435017,72,1047.513211
4.561176,63,1047.641888
0.33452,80,1047.80678
0.791249,74,1047.952952
101.4191,73,1048.110623
4.395152,75,1048.259101
2.17792,67,1048.396001
-0.202631,94,1048.586756
2.896385,69,1048.723499
4.210238,69,1048.865229
3.954419,91,1049.056394
6.136229,66,1049.188475
1.906976,71,1049.331896
2.513648,69,1049.474806
3.254376,69,1049.616448
-0.202352,98,1049.814685
4.806076,64,1049.940586
-0.84879,104,1050.150075
2.330986,72,1050.293957
1.401947,115,1050.522357
3.069146,86,1050.695075
0.762316,117,1050.940236
4.160343,71,1051.081777
4.568533,73,1051.225962
4.305653,66,1051.357022
1.405298,76,1062.76238
0.503776,83,1062.929051
4.555896,76,1063.088762
2.400888,80,1063.269787
1.681077,72,1063.414906
0.997157,79,1063.574389
3.431099,83,1063.738457
1.184786,74,1063.890846
2.216641,84,1064.054894
0.812931,80,1064.214993
1.003366,79,1064.377113
2.374351,70,1064.51369
4.542652,65,1064.648289
0.986101,79,1064.807666
1.099568,76,1064.972566
1.313749,133,1065.246474
3.278049,88,1065.43254
0.681033,76,1065.594749
4.19829,67,1065.728807
1.829543,85,1065.894921
4.285212,85,1066.059473
3.592252,73,1066.203213
4.141703,82,1066.366293
1.736393,74,1066.528803
1.219958,84,1066.697748
4.157462,67,1066.829127
1.783881,69,1078.256489
102.972043,73,1078.400847
3.673163,72,1078.54566
3.787144,68,1078.681723
1.519642,69,1078.839347
3.375546,75,1078.986852
101.951416,75,1079.141099
3.779586,72,1079.283993
4.117322,68,1079.423407
5.174541,65,1079.558035
101.920608,69,1079.701763
4.005809,78,1079.860774
3.298602,67,1079.999788
0.560892,94,1080.191938
4.289438,79,1080.34974
0.143765,78,1080.519001
3.033345,88,1080.695779
1.100389,96,1080.888211
4.300625,67,1081.022728
3.830512,65,1081.153978
0.894003,88,1081.33149
4.11194,73,1081.47896
0.415998,129,1081.737934
2.844409,76,1081.889571
4.46284,66,1082.019875
100.884429,359,1094.17859
3.470632,68,1094.317366
3.064839,78,1094.474013
2.447079,68,1094.616775
102.344934,68,1094.774987
2.901694,65,1094.907312
0.607082,74,1095.059332
-0.04717,101,1095.266625
1.376425,71,1095.409215
1.476841,69,1095.546906
3.041883,69,1095.686996
3.571805,77,1095.843816
101.648881,76,1095.997505
3.725645,79,1096.154426
0.137301,89,1096.331858
3.234255,64,1096.473414
-1.253632,260,1096.998074
0.536771,74,1097.139079
5.913972,65,1097.266273
102.068176,71,1097.405437
101.869788,71,1097.546679
1.778952,73,1097.689999
3.36667,64,1097.814062
101.440238,40,1097.895562
101.00912,74,1109.285682
0.632469,118,1109.517314
101.651931,61,1109.638483
4.790193,67,1109.769957
3.389568,68,1109.90445
6.135731,71,1110.046609
5.115167,91,1110.228991
0.568099,123,1110.485483
0.851763,105,1110.688031
4.171972,67,1110.82452
-0.381786,83,1110.995476
102.554229,82,1111.154962
2.102291,80,1111.312425
1.114993,76,1111.457602
3.275538,70,1111.599998
2.120825,67,1111.730716
1.776354,71,1111.869807
100.843293,64,1111.994374
1.357358,98,1112.188164
0.215805,1000,1125.799149
2.737526,72,1125.95369
-0.316038,87,1126.12486
-0.996171,101,1126.328451
2.914579,68,1126.512321
1.668936,68,1126.691295
0.547736,100,1126.893889
4.917181,75,1127.033861
4.594737,80,1127.189732
4.259343,65,1127.313609
3.458222,72,1127.455464
3.390992,67,1127.584286
2.116663,79,1127.738924
0.17243,113,1127.963389
3.103564,67,1128.093225
3.282407,71,1128.244205
1.127354,80,1128.402975
1.037564,100,1128.600031
0.689023,106,1128.806865
104.903534,63,1128.935564
3.021656,68,1140.574355
100.831581,76,1140.743668
1.08305,74,1140.888079
2.257247,68,1141.023874
4.932029,91,1141.209179
4.415585,93,1141.397266
0.441876,87,1141.577259
1.174523,66,1141.709416
101.721909,72,1141.853681
3.487855,90,1142.034164
2.977882,73,1142.17721
1.226101,79,1142.336439
3.867567,88,1142.508921
3.937739,229,1142.964186
4.51446,81,1143.121991
2.223548,81,1143.283772
1.068253,78,1143.436713
3.661873,65,1143.563693
2.178797,69,1143.703995
4.914002,70,1143.841021
0.803517,112,1144.066913
102.263397,68,1144.210473
0.630279,81,1144.372667
4.468163,83,1144.538267
2.021314,71,1156.235438
1.713424,77,1156.389059
3.164,78,1156.538129
1.777429,76,1156.68796
-0.010068,91,1156.86264
3.909326,62,1156.984949
0.642961,75,1157.131015
101.129923,76,1157.281612
1.219814,71,1157.415961
5.444368,68,1157.546436
0.593354,90,1157.73539
4.590948,70,1157.888209
3.426415,78,1158.063433
2.155598,80,1158.243529
102.966365,82,1158.412113
1.82217,76,1158.574567
0.814001,84,1158.754168
4.216962,71,1158.900127
0.26991,1000,1172.644481
4.397876,68,1172.785841
4.403907,67,1172.933449
3.345058,64,1173.070293
1.243636,76,1173.234277
3.448541,75,1173.396287
0.632409,184,1173.788406
5.451733,68,1173.932956
1.433899,72,1174.085241
1.510024,82,1174.258784
0.94587,74,1174.410451
1.629546,81,1174.578563
0.025665,87,1174.775147
0.294004,108,1175.01489
100.912786,89,1175.202563
3.565537,64,1175.341506
4.857874,65,1175.476178
103.435724,61,1175.602215
-0.246643,102,1175.815728
0.301674,98,1176.006073
101.117201,953,1189.518281
2.541478,69,1189.675368
1.203763,73,1189.826343
1.588382,71,1189.970733
4.942352,66,1190.102074
5.674227,86,1190.275831
2.08954,75,1190.423563
3.259437,79,1190.578073
3.642249,64,1190.703996
3.139543,84,1190.870011
2.54362,72,1191.018761
2.173971,79,1191.18925
2.459457,65,1191.323513
3.020023,70,1191.466412
2.38588,72,1191.613935
3.554836,74,1191.762006
1.482563,75,1191.91649
4.114901,67,1192.049978
103.516395,62,1203.682315
1.797161,66,1203.815294
3.403511,64,1203.940857
4.808233,64,1204.069859
101.878341,52,1204.171734
-0.691822,89,1204.345164
1.575589,88,1204.522029
1.064547,82,1204.685551
101.498818,44,1204.770872
3.018301,69,1204.904418
101.845652,90,1205.086327
4.133628,65,1205.231529
3.769962,73,1205.385744
-0.38511,133,1205.659034
1.445769,79,1205.816526
3.03386,66,1205.946278
0.697241,70,1206.08374
3.870106,79,1206.234266
4.75879,64,1206.358486
4.544664,63,1206.483647
1.336422,73,1206.634992
1.538377,91,1206.810319
4.215007,84,1206.977631
104.979781,67,1207.108822
2.710102,65,1207.238298
2.28272,83,1207.402929
4.741088,67,1207.532427
0.544717,70,1207.67034
104.526302,88,1219.532616
3.012799,76,1219.680524
4.474635,85,1219.849282
1.966787,76,1219.998905
100.705686,227,1220.44707
2.043807,72,1220.595117
100.434584,83,1220.781229
2.741863,68,1220.928631
104.94394,72,1221.084479
0.365854,124,1221.34084
1.862897,71,1221.493105
102.565832,68,1221.635139
3.338777,68,1221.775191
-0.894801,90,1221.952244
2.268297,95,1222.142357
1.397325,77,1222.297047
0.972151,72,1222.439439
5.593649,66,1222.573398
4.126747,77,1222.720858
0.887195,79,1222.877079
1.242059,82,1223.045649
-0.372545,116,1223.302813
2.305112,81,1223.46848
-0.335803,1000,1236.870697
2.715794,68,1237.009768
2.687389,77,1237.164892
-0.711099,92,1237.350605
3.227258,79,1237.508614
101.957789,63,1237.639234
4.973605,63,1237.781239
3.216141,64,1237.907968
3.431164,72,1238.047594
102.426648,69,1238.181849
0.691203,73,1238.324642
1.141666,137,1238.598921
101.012213,60,1238.720433
1.03219,90,1238.904234
4.069809,62,1239.026379
-0.330928,95,1250.641173
2.179986,66,1250.769847
-0.848041,94,1250.955577
2.275801,75,1251.105461
4.403435,62,1251.234093
3.223438,97,1251.433209
4.717613,65,1251.564546
4.462015,69,1251.702091
0.851242,111,1251.920405
2.927625,87,1252.090564
4.555455,77,1252.24191
4.270795,64,1252.367707
100.953903,84,1252.534374
-0.035642,104,1252.756374
3.256899,83,1252.919504
4.628212,65,1253.045911
3.341975,67,1253.178735
5.533888,75,1253.324752
3.270961,77,1253.475763
1.772801,83,1253.637899
101.631152,76,1253.793261
2.347632,71,1253.934018
2.76091,84,1254.100889
3.14691,63,1254.224
2.349582,71,1254.362898
3.268463,89,1254.552029
100.849463,80,1266.025853
2.123925,79,1266.185048
3.116205,67,1266.318022
1.980182,82,1266.477744
3.073553,65,1266.609621
2.931629,68,1266.742253
101.059462,80,1266.918012
3.749603,67,1267.059371
3.271404,64,1267.187042
0.665676,76,1267.340493
2.331179,69,1267.475214
101.386111,72,1267.620606
2.204271,86,1267.793975
2.173199,72,1267.937289
2.125341,77,1268.096985
1.648736,76,1268.253373
2.919155,73,1268.402148
1.104155,76,1268.554937
3.385949,77,1268.722872
0.604526,92,1268.907741
3.135363,78,1269.062381
2.085726,76,1269.21114
4.034422,63,1269.33563
4.635095,67,1269.467846
2.930609,70,1269.601707
1.864755,71,1269.742744
-0.198269,175,1281.498663
2.994593,64,1281.633542
4.03093,67,1281.77665
1.563453,71,1281.921081
4.348544,64,1282.061559
101.231243,81,1282.233198
4.481538,63,1282.361868
3.264633,86,1282.533192
4.875149,66,1282.666268
4.054423,66,1282.797293
4.113115,89,1282.980514
4.671719,63,1283.107797
2.308927,61,1283.229853
0.077636,77,1283.400859
100.664917,60,1283.521075
1.746135,69,1283.659146
2.405573,73,1283.804389
0.907768,75,1283.957231
1.232855,78,1284.115567
2.15183,69,1284.254894
1.121158,70,1284.394583
5.920931,71,1284.536083
1.629221,91,1284.720821
102.899006,66,1284.853464
1.175411,72,1284.994773
2.128244,71,1285.137359
1.499337,64,1285.267513
4.997537,74,1285.430285
101.469168,62,1285.553933
5.287449,67,1296.839277
1.933772,77,1296.988422
3.071047,79,1297.157029
1.246847,77,1297.314292
101.012843,104,1297.519306
2.859937,90,1297.694767
0.094669,106,1297.90805
1.57146,81,1298.07074
3.520662,71,1298.213492
1.171096,83,1298.378638
2.176574,80,1298.542107
2.356701,97,1298.736242
0.863872,77,1298.890667
2.988865,68,1299.040429
4.534951,68,1299.175601
2.152375,68,1299.30842
3.446601,64,1299.437381
4.19847,68,1299.576349
1.657515,79,1299.733355
4.549772,64,1299.865268
5.309239,65,1299.993996
3.441597,91,1300.178808
1.82426,71,1300.317295
3.68605,75,1300.472014
1.343689,71,1300.628031
0.809721,83,1300.793442
2.671423,74,1312.35312
100.971115,87,1312.547511
1.411501,71,1312.686502
4.638905,71,1312.834134
102.530507,65,1312.96715
4.446179,64,1313.096556
3.402796,103,1313.303787
3.298422,70,1313.4466
3.037081,68,1313.580643
4.231053,69,1313.717165
0.817437,72,1313.857045
0.447026,113,1314.083908
5.286838,67,1314.218894
1.25378,109,1314.440673
101.281297,110,1314.661591
2.256755,67,1314.796998
1.390174,71,1314.939547
5.165527,64,1315.070574
5.450591,62,1315.197251
0.860346,84,1315.367842
2.652602,76,1315.525903
1.278275,70,1315.670152
1.117305,84,1315.83898
1.751115,79,1316.008066
1.158092,72,1316.149266
101.873469,65,1316.277532
3.20711,72,1316.422412
3.403238,64,1327.963696
2.843868,70,1328.107815
0.279308,94,1328.290724
1.725576,74,1328.435322
3.200365,79,1328.593849
3.740383,100,1328.804723
4.572385,66,1328.939872
0.582204,86,1329.111829
2.297831,74,1329.261671
-0.098276,75,1329.408881
1.828425,77,1329.562936
101.546849,85,1329.729239
1.974943,76,1329.876208
3.940598,87,1330.045867
3.244622,76,1330.192375
2.338154,82,1330.354908
100.889358,64,1330.479436
103.765184,66,1330.611746
5.397026,64,1330.736921
3.556477,63,1330.863097
1.959745,81,1331.022449
1.382449,83,1331.188253
2.599968,76,1331.337433
4.686322,62,1331.471406
101.417975,70,1331.610555
3.538714,67,1331.749502
3.503502,72,1331.896104
100.967322,104,1343.397354
2.164284,69,1343.538127
3.739817,74,1343.685634
103.314355,69,1343.823944
2.720533,66,1343.952796
4.479245,67,1344.089327
0.343111,79,1344.24736
3.941858,68,1344.38418
1.321701,73,1344.53268
2.462467,81,1344.703363
101.458951,72,1344.850636
2.116843,67,1344.989606
2.513571,70,1345.13011
-0.138343,97,1345.326412
-0.776298,96,1345.523139
4.927887,72,1345.667807
3.074799,69,1345.808606
4.13353,62,1345.941969
1.841837,70,1346.08944
1.514398,77,1346.238857
2.728874,75,1346.385139
1.898978,73,1346.531967
101.051865,88,1346.70588
1.50769,63,1346.826566
102.723779,73,1346.970863
4.724247,75,1347.118059
102.247908,87,1347.289404
2.378648,86,1358.655163
3.934486,73,1358.799298
3.159857,71,1358.936029
102.256935,49,1359.031581
102.120741,82,1359.19075
0.969773,72,1359.335171
4.710669,85,1359.502567
4.772754,65,1359.631617
-0.860371,193,1360.013
1.609108,73,1360.166765
101.931038,65,1360.303486
3.310361,73,1360.466883
1.494509,67,1360.607826
3.942947,62,1360.735461
102.454137,75,1360.8887
1.435863,73,1361.040281
104.249527,62,1361.167672
101.669741,53,1361.278123
102.278451,51,1361.38226
-0.186308,93,1361.575779
3.459208,101,1361.802711
1.884401,70,1361.940248
2.824464,89,1362.117126
1.005613,92,1362.299379
3.385349,69,1362.433388
3.448659,63,1362.556124
102.370674,65,1362.685269
1.731284,76,1374.180641
101.030592,71,1374.317435
0.625011,132,1374.57221
1.343367,75,1374.718326
103.669371,63,1374.843567
3.992662,67,1374.979943
3.304673,63,1375.104401
3.107973,74,1375.252029
1.467018,73,1375.395429
4.630008,63,1375.51979
101.405627,73,1375.671642
1.491677,70,1375.810708
101.927074,69,1375.944796
0.389502,118,1376.172705
3.262766,71,1376.332769
104.442521,61,1376.455318
3.135907,71,1376.603863
101.474202,103,1376.820512
1.39383,74,1376.983038
3.176341,75,1377.138308
4.167331,64,1377.267703
2.658619,69,1377.404544
1.181316,91,1377.586389
1.083146,72,1377.728518
100.982089,60,1377.84665
101.184891,66,1377.981518
101.13758,89,1378.163219
103.977363,64,1389.767012
1.335654,73,1389.907785
1.213009,89,1390.086691
2.025538,82,1390.245419
4.44171,70,1390.384128
-0.032804,73,1390.526596
0.471888,118,1390.761382
0.471276,77,1390.91028
2.242144,69,1391.059426
-1.248758,123,1391.298998
3.168611,70,1391.43772
-0.892387,130,1391.690647
1.593486,69,1391.824201
100.723632,49,1391.921749
1.638454,91,1392.1019
4.698617,65,1392.229005
1.297939,74,1392.391886
101.015041,61,1392.51562
4.221122,66,1392.653069
4.693074,62,1392.780726
3.035175,85,1392.952887
3.811834,83,1393.117819
102.151393,51,1393.217083
3.102642,69,1393.357613
101.081126,87,1393.527118
100.520145,72,1393.671547
2.682125,65,1405.14147
0.719811,135,1405.412804
4.781666,64,1405.539861
0.630329,75,1405.696094
2.67141,80,1405.859288
3.936962,67,1405.999726
3.816344,71,1406.147696
4.153619,65,1406.294147
2.325626,73,1406.450428
2.904765,67,1406.587006
5.061928,68,1406.730864
105.289487,70,1406.871078
0.055585,81,1407.027382
100.934104,91,1407.201002
4.22741,69,1407.336486
0.165559,80,1407.495524
0.677334,1000,1421.038755
1.248566,71,1421.179616
1.475072,72,1421.321563
3.738875,85,1421.503765
4.248532,67,1421.636151
-0.096467,80,1421.794499
1.299361,107,1422.011562
3.435417,68,1422.14598
100.597989,33,1422.210748
1.552807,81,1422.373352
1.964171,96,1422.566191
1.652401,70,1422.708023
3.247201,77,1422.862795
3.460184,71,1423.006523
3.675564,64,1423.15121
2.324539,85,1423.318806
1.180826,120,1423.563806
100.321154,46,1423.659018
0.180147,101,1423.858466
0.903518,93,1424.045593
102.022956,62,1424.166004
3.980078,65,1424.311292
2.139127,69,1424.451195
3.661031,92,1424.627827
4.24078,67,1424.76245
2.708051,69,1424.897602
0.814787,94,1436.442237
1.687412,65,1436.580007
2.388119,63,1436.709118
0.623229,92,1436.897353
1.299573,72,1437.042209
1.752736,72,1437.18937
3.437591,74,1437.33306
1.402111,77,1437.488227
0.278035,86,1437.658158
2.119834,73,1437.803029
0.985832,74,1437.948658
3.314055,67,1438.079243
3.759258,68,1438.212419
0.166224,78,1438.364927
1.981683,69,1438.496873
6.140523,68,1438.62763
1.527929,90,1438.79713
101.324625,42,1438.873055
1.503711,94,1439.051946
2.849451,67,1439.181196
4.989165,63,1439.304455
2.164502,70,1439.437106
0.756425,93,1439.61392
2.053137,81,1439.770669
103.686797,81,1439.924237
1.32141,72,1440.060736
101.49262,59,1440.174377
2.236787,87,1451.852101
1.456768,77,1452.003305
2.950632,93,1452.191254
4.168909,75,1452.341751
2.976415,65,1452.471056
4.088888,70,1452.608017
5.476228,69,1452.742081
2.308717,77,1452.903015
0.856745,81,1453.060113
1.141461,88,1453.234898
-0.571619,249,1453.753535
1.388347,71,1453.90082
3.870359,67,1454.03832
0.642681,104,1454.253318
1.791823,66,1454.385454
0.604516,1000,1467.685992
5.067033,64,1467.812325
3.13685,67,1467.948445
0.67495,131,1468.209772
0.231114,1000,1470.245163
4.278978,65,1470.376546
2.830387,79,1470.536597
0.453577,1000,1484.094825
2.217387,88,1484.270434
2.944043,64,1484.397017
5.350931,67,1484.528
1.860374,69,1484.662116
1.303707,72,1484.823279
4.450146,63,1484.947506
1.88186,70,1485.083065
1.872835,77,1485.23697
101.435451,72,1485.3792
-0.302884,1000,1499.048702
4.746245,64,1499.178952
2.823433,66,1499.316845
100.873625,58,1499.436403
-0.53907,189,1499.824851
3.075498,76,1499.979575
5.386033,63,1500.106307
2.457168,63,1500.231232
4.927029,68,1500.386494
-0.736928,119,1500.636846
1.711541,71,1500.785487
3.996014,64,1500.917167
4.004241,66,1501.050825
3.079702,65,1501.182871
3.115101,65,1501.316221
2.943313,69,1501.459882
103.980285,85,1501.635275
2.786332,69,1501.77814
4.504594,71,1501.922068
101.276613,68,1502.075478
5.5771,64,1502.20611
4.557466,72,1502.354235
3.011202,68,1502.495628
1.31622,97,1502.693689
2.073897,72,1502.841727
2.574169,85,1514.42885
1.601363,69,1514.583637
2.83566,67,1514.717344
-0.299632,1000,1516.688219
1.135201,71,1516.827967
4.061734,66,1516.960844
100.911661,85,1517.130972
2.44802,76,1517.296384
3.573214,85,1517.477918
2.466578,75,1517.634645
0.296594,115,1517.874057
103.769436,57,1517.989818
-0.152454,89,1518.163769
4.591703,64,1518.289472
2.393052,71,1518.427252
2.675147,69,1530.155005
3.26459,64,1530.28881
100.875084,105,1530.498609
100.593421,90,1530.683408
0.041512,101,1530.89201
3.563851,66,1531.027794
1.410825,87,1531.221017
1.378649,80,1531.381037
3.309069,65,1531.527514
4.850414,65,1531.66526
4.551363,65,1531.803574
2.735093,81,1531.976513
4.73532,62,1532.107563
3.640872,64,1532.235502
1.536145,68,1532.373653
1.449494,84,1532.543837
3.386881,68,1532.687833
1.419367,96,1532.915642
4.424893,67,1533.053873
-0.148078,81,1533.218148
4.439974,64,1533.349968
3.566555,63,1533.480106
0.542476,86,1533.659955
1.14227,80,1533.834543
4.732851,67,1533.975554
1.639183,70,1534.120349
4.929774,66,1534.258598
1.267053,74,1546.043661
0.252568,131,1546.338711
1.020217,82,1546.515589
4.563381,66,1546.658028
103.401236,66,1546.795257
-0.221507,1000,1548.88879
3.257372,113,1549.137266
1.382301,72,1549.284065
2.472712,69,1549.42923
103.556797,58,1549.549018
3.999127,68,1549.68734
3.414349,66,1549.824655
3.491391,79,1549.987025
2.407455,63,1550.114935
4.74341,66,1550.250511
0.698477,119,1562.151598
0.490278,93,1562.333719
101.672909,105,1562.546816
4.957152,63,1562.670058
101.179166,90,1562.846819
1.720621,74,1562.993884
1.042873,80,1563.161069
1.614022,70,1563.3026
1.346289,84,1563.487082
1.406034,84,1563.660701
3.752971,78,1563.823452
101.011872,70,1563.965771
1.935687,68,1564.108857
-0.525026,1000,1577.78666
0.24516,194,1578.18082
4.228092,91,1578.371123
2.600248,82,1578.537771
101.104791,75,1578.686809
-0.738897,98,1578.898551
1.515403,117,1579.162999
102.329067,66,1579.307176
102.693644,82,1579.485861
102.608686,74,1579.648833
3.39226,66,1579.794322
2.517878,71,1579.939955
-0.42414,116,1580.186657
0.117223,120,1580.437032
3.476852,72,1580.60287
2.973508,73,1580.748712
3.10435,66,1580.877403
1.062967,77,1581.033583
-0.605152,1000,1594.767263
102.424228,57,1594.882652
4.5489,65,1595.013699
4.363325,78,1595.169912
103.115125,85,1595.340108
3.796065,66,1595.474051
104.736027,61,1595.596212
2.39147,79,1595.768799
4.31754,64,1595.890785
101.195463,52,1595.99146
4.488033,64,1596.116658
1.478716,71,1596.257327
-0.591531,202,1596.66288
3.5834,80,1596.82319
101.96475,62,1596.949301
3.889482,91,1597.12959
1.034311,108,1597.350851
2.960565,67,1597.494981
1.028921,78,1597.65868
2.549864,73,1597.800771
3.568187,68,1609.131963
3.911506,63,1609.252177
1.835185,68,1609.383666
-0.507176,98,1609.574799
2.657456,67,1609.715832
1.066341,141,1609.994197
4.037149,65,1610.122821
2.894948,66,1610.252297
2.504031,78,1610.404343
1.978944,89,1610.581431
3.317272,64,1610.705647
2.311955,64,1610.830326
3.264901,63,1610.952949
4.862443,106,1611.158325
0.399995,86,1611.337147
0.4579,84,1611.511429
0.838277,97,1611.700187
105.584698,66,1611.831485
2.87246,73,1611.97673
0.863033,89,1612.153228
101.295503,83,1612.320789
2.076259,90,1612.499513
3.516654,71,1612.641121
1.998657,82,1612.804221
3.491745,69,1612.941977
104.029534,59,1613.060466
1.558336,75,1624.776901
0.702699,1000,1626.823774
3.811073,85,1626.99148
105.429042,66,1627.128884
-1.166873,242,1627.638108
3.467043,80,1627.797442
0.91578,85,1627.969606
2.871558,68,1628.109217
1.645668,69,1628.248886
4.572523,73,1628.39608
0.119144,91,1628.583256
0.661364,82,1628.747289
4.956944,67,1640.24391
1.033338,74,1640.394083
101.436088,65,1640.523588
3.614177,64,1640.65199
4.398109,66,1640.782795
2.528592,68,1640.923667
4.292103,63,1641.049816
1.382389,86,1641.222428
100.809223,40,1641.303195
1.171614,65,1641.433165
3.345178,64,1641.561792
2.544129,70,1641.715518
4.207973,69,1641.853799
3.408157,68,1641.98814
3.679105,76,1642.139064
4.368977,65,1642.266354
100.571129,63,1642.395875
1.355798,71,1642.543188
2.59364,73,1642.69865
4.562244,75,1642.859216
103.018166,62,1643.014457
0.135846,121,1643.254774
5.933697,69,1643.391976
2.058504,73,1643.533837
0.568865,93,1643.719409
2.317647,69,1643.854908
4.147597,70,1644.00174
3.380293,73,1644.148977
101.280492,59,1644.268476
2.636695,76,1655.956395
2.106859,83,1656.126948
1.798668,69,1656.268157
3.96181,72,1656.412723
2.351314,68,1656.552098
4.947456,63,1656.684294
3.739999,76,1656.847098
2.887502,68,1656.980765
100.869696,71,1657.127148
3.922588,67,1657.262941
1.462364,91,1657.465311
0.550315,72,1657.617668
1.735999,77,1657.780454
2.660996,67,1657.916106
1.786195,69,1658.058148
3.316076,74,1658.20835
0.375764,87,1658.382704
3.172045,96,1658.578912
4.566622,66,1658.728472
1.62193,71,1658.873089
101.278759,65,1659.005427
0.771435,76,1659.160453
0.36352,82,1659.324291
2.240801,70,1659.463177
3.248006,69,1659.606267
101.31002,80,1659.770058
101.064351,67,1659.909985
1.735666,65,1660.045221
4.201504,65,1671.630574
-0.85227,119,1671.871034
3.589557,66,1672.008077
100.703586,454,1672.925073
3.260132,65,1673.055695
3.706722,66,1673.202114
2.35349,67,1673.340166
100.920922,38,1673.416431
1.112162,92,1673.602826
3.678917,65,1673.736596
0.584324,78,1673.889109
2.790464,86,1674.054091
2.173662,63,1674.17604
5.215706,77,1674.328507
1.326833,138,1674.599877
100.833638,66,1674.727372
3.623079,64,1674.850987
4.183399,75,1674.999237
1.204597,72,1675.14511
2.684685,69,1675.301198
4.080117,63,1675.438287
4.233728,62,1675.578871
-0.230685,90,1675.7672
0.691177,897,1689.032195
3.887013,76,1689.187842
3.190642,66,1689.320834
3.542847,65,1689.455826
0.444559,74,1689.607555
-0.05873,92,1689.790198
2.96511,74,1689.942783
2.866646,65,1690.075518
0.796086,102,1690.294651
4.979376,63,1690.42322
3.608638,63,1690.55077
1.638488,89,1690.742132
0.249324,102,1690.955279
1.458617,101,1691.161294
100.908839,54,1691.272052
1.200085,69,1691.428853
1.662778,71,1703.019069
0.357533,214,1703.448831
104.589578,70,1703.587148
3.179754,68,1703.721674
0.242414,112,1703.960832
4.072349,66,1704.092918
3.336633,67,1704.227145
4.092841,87,1704.39496
4.111477,71,1704.538525
-0.96415,100,1704.737428
2.133507,61,1704.856083
4.089592,72,1704.999137
5.178719,68,1705.134936
-0.433194,112,1705.358756
2.908449,88,1705.5417
4.204233,68,1705.690507
1.39205,112,1705.912413
2.710268,73,1706.066663
2.995453,63,1706.19653
4.378804,63,1706.325064
3.236583,68,1706.461579
5.570555,63,1706.608164
1.996091,94,1706.797057
2.449952,69,1706.931454
0.859971,68,1718.34169
0.724299,78,1718.49551
3.85942,64,1718.629231
4.798427,66,1718.764026
3.163035,67,1718.89792
3.919024,67,1719.033377
4.07206,67,1719.166152
2.642822,69,1719.303745
2.467344,73,1719.453038
5.065114,68,1719.590735
3.876604,92,1719.776157
3.572112,67,1719.907132
4.471239,64,1720.036559
1.055916,75,1720.191663
4.823552,71,1720.334919
1.216172,73,1720.484048
2.124415,70,1720.626041
1.763138,71,1720.770172
0.809043,85,1720.941134
3.529556,63,1721.066536
1.496126,76,1721.222823
5.671861,64,1721.351413
4.533574,64,1721.477793
4.599586,71,1721.620372
4.313701,68,1721.771599
1.689165,93,1721.951789
1.664974,69,1722.088463
102.275916,74,1722.231006
5.313265,87,1722.399609
102.127859,82,1733.808783
0.473832,102,1734.011026
5.235867,73,1734.15545
2.686335,63,1734.27911
0.543729,93,1734.462422
0.23945,76,1734.612647
-0.354095,88,1734.791347
1.512673,72,1734.937857
3.770253,63,1735.065196
5.32427,63,1735.202818
2.668492,78,1735.359921
5.687329,63,1735.482193
-0.482179,95,1735.670816
103.127749,50,1735.771465
103.231928,63,1735.894198
2.61233,71,1736.035046
-0.509808,94,1736.223594
5.243226,63,1736.354677
102.141325,76,1736.516759
4.586375,63,1736.642887
0.243196,124,1736.889015
4.057914,65,1737.015396
1.864352,76,1737.166693
0.340753,90,1737.351237
2.856159,67,1737.482227
3.593901,72,1737.622998
3.122474,67,1737.752749
2.398386,72,1749.284536
1.055533,70,1749.423415
4.76558,71,1749.564778
0.152652,88,1749.734474
4.240177,70,1749.877406
101.360392,65,1750.01096
3.824749,80,1750.16506
0.956546,69,1750.308071
0.840754,91,1750.490152
2.943506,82,1750.657919
100.466923,51,1750.775501
2.069003,70,1750.912216
101.651681,74,1751.069339
-0.577091,80,1751.229889
102.863597,62,1751.350616
4.681491,66,1751.485237
3.100999,75,1751.636307
101.49152,103,1751.850127
4.464164,70,1751.99334
5.12416,63,1752.140471
4.986027,69,1752.280257
2.134715,78,1752.433472
0.763606,73,1752.579556
0.980628,76,1752.730096
3.413732,79,1752.890348
100.228017,63,1753.01582
5.027029,81,1753.177181
4.480195,64,1753.303444
101.934222,77,1764.779311
4.478509,77,1764.933847
3.903805,67,1765.063721
-0.057049,83,1765.231802
3.650918,77,1765.385947
1.148551,71,1765.525278
1.440223,71,1765.664976
1.547876,70,1765.807622
4.565219,63,1765.931216
1.264603,71,1766.070862
102.100681,72,1766.215124
1.726196,71,1766.356106
0.970591,82,1766.52585
0.254298,87,1766.709115
3.944524,73,1766.851444
-0.530282,117,1767.081233
101.218279,92,1767.261966
3.136492,82,1767.423859
3.87901,63,1767.546238
101.371725,135,1767.821466
5.075018,63,1767.950536
3.512788,75,1768.096969
2.773079,68,1768.231104
2.074746,86,1768.407509
-2.439302,148,1768.697293
2.06466,68,1780.179763
2.799464,74,1780.331602
3.601612,64,1780.455851
2.0638,67,1780.589939
100.833511,96,1780.785042
3.796795,88,1780.959144
4.198989,67,1781.093827
1.250186,75,1781.24776
0.714323,86,1781.424238
5.247064,67,1781.564332
3.120834,92,1781.75369
0.133341,110,1781.978485
-0.064873,205,1782.397696
-1.944026,116,1782.630101
1.590624,94,1782.823826
100.719626,46,1782.917811
2.3069,82,1783.082702
0.604691,73,1783.230778
1.304458,71,1783.3697
2.489073,68,1783.50088
101.493633,92,1783.683555
2.911524,74,1783.832588
0.250085,114,1784.062368
0.377075,73,1784.203041
4.24974,66,1795.68607
3.691067,66,1795.816663
101.453677,60,1795.931817
1.02759,69,1796.065808
1.503472,64,1796.191726
101.50857,91,1796.36694
3.692616,64,1796.492157
3.448343,64,1796.62622
4.442146,63,1796.759771
0.55808,88,1796.952919
102.70037,71,1797.101432
4.32022,84,1797.285074
2.611224,72,1797.445917
0.029183,1000,1799.493531
4.71676,87,1799.666096
3.99305,69,1811.191984
2.133126,63,1811.316012
1.494339,84,1811.482745
100.5947,66,1811.617553
2.611308,67,1811.761661
0.873459,68,1811.897462
2.774547,86,1812.069092
3.094235,65,1812.204659
4.662534,64,1812.342697
100.557832,75,1812.494611
100.256255,65,1812.638013
4.544228,70,1812.780285
100.048201,63,1812.91107
3.528735,66,1813.050403
104.031821,86,1813.222258
-0.446758,124,1813.46992
3.500511,77,1813.625761
4.418153,71,1813.769126
100.127508,57,1813.900738
4.518844,80,1814.065017
1.250922,73,1814.21108
101.632544,50,1814.309266
0.061141,1000,1827.867808
2.953129,68,1828.029231
3.386226,65,1828.157164
0.530912,1000,1830.128242
-0.435996,241,1830.5978
101.106713,81,1830.756773
4.321896,65,1830.884247
100.83659,63,1842.275588
5.197376,86,1842.443369
3.77781,65,1842.568708
1.57975,69,1842.700017
104.163597,57,1842.815878
-2.27156,113,1843.036682
102.432613,85,1843.221609
105.537791,74,1843.370998
0.598339,73,1843.514873
6.014365,82,1843.673596
-0.783696,95,1843.860728
3.751608,61,1843.983709
2.486508,83,1844.149326
3.088285,75,1844.302857
4.956402,66,1844.4351
3.791184,86,1844.612807
2.349604,68,1844.746238
3.492615,67,1844.884188
4.57431,70,1845.026013
4.439341,69,1845.183395
103.583129,86,1845.355416
4.499601,86,1845.527126
3.265901,73,1845.674347
2.218295,69,1845.812495
0.946508,74,1845.961032
4.456326,64,1846.091733
4.106474,66,1846.221451
3.575204,81,1857.683896
1.05178,84,1857.853885
2.253941,85,1858.028854
3.367116,71,1858.171643
5.731305,75,1858.322488
5.39724,70,1858.4648
2.632253,73,1858.615394
5.619267,66,1858.752451
3.234476,90,1858.938083
0.834814,69,1859.090745
3.444492,65,1859.221175
101.939878,77,1859.378056
2.834067,80,1859.53933
101.171755,73,1859.684454
100.782013,84,1859.856996
3.939617,66,1859.992798
3.089919,73,1860.142278
-0.41617,101,1860.36338
4.415628,66,1860.49814
2.419021,69,1860.638903
3.027085,69,1860.781547
101.795056,67,1860.917472
1.489014,68,1861.054618
3.008773,65,1861.185689
101.798876,76,1861.339224
1.41043,72,1861.483203
2.958502,74,1861.628064
3.928391,63,1861.75491
3.034438,65,1873.213567
3.390085,80,1873.372451
3.947911,64,1873.500023
104.030529,59,1873.6155
3.708026,68,1873.750501
1.836384,65,1873.881784
101.256261,69,1874.017186
1.686995,83,1874.184886
2.091141,69,1874.341681
4.071773,66,1874.472207
4.870395,63,1874.593225
4.393679,64,1874.725731
101.317158,145,1875.022791
101.112619,56,1875.135356
102.166772,68,1875.270887
3.893257,69,1875.408761
100.847426,89,1875.585055
3.689734,140,1875.875848
105.092624,70,1876.018786
1.675233,97,1876.216801
1.829663,89,1876.393274
2.82321,74,1876.545549
103.179961,66,1876.674663
100.762475,76,1876.82628
3.812554,89,1877.00301
3.543862,64,1877.133195
-2.526715,123,1888.756905
1.742806,70,1888.896695
3.255943,67,1889.02976
3.224982,63,1889.152497
1.555307,66,1889.286252
3.703403,64,1889.430322
100.645811,64,1889.560199
1.418164,69,1889.703267
4.853286,93,1889.894887
0.748069,91,1890.078993
4.862247,68,1890.218107
4.889242,65,1890.352131
4.045859,64,1890.482552
101.345797,62,1890.609059
5.225803,64,1890.73355
5.650523,70,1890.876004
0.562295,97,1891.07093
3.086284,67,1891.215635
4.614466,63,1891.342169
1.919922,69,1891.481713
1.693687,74,1891.629912
3.437534,64,1891.761557
3.222383,64,1891.892929
1.637909,79,1892.050507
-0.156228,111,1892.273917
3.082439,78,1892.429028
0.891764,82,1892.592577
-0.036933,85,1892.777807
-0.452958,104,1904.303418
4.54016,74,1904.452989
101.188659,47,1904.544224
1.840914,71,1904.685038
5.245151,73,1904.82626
3.071109,86,1905.012694
0.92548,71,1905.160817
4.575386,63,1905.286314
3.250797,66,1905.413583
1.166365,72,1905.558009
1.006541,72,1905.697109
105.048961,64,1905.825569
0.727285,528,1906.90863
2.540132,84,1907.078889
2.494854,69,1907.221281
2.846661,86,1907.40086
3.119865,67,1907.536324
1.25797,89,1907.714258
0.863218,84,1907.897779
102.689069,80,1908.059319
0.135211,106,1908.28091
1.380778,76,1919.962122
3.046805,66,1920.093827
2.130603,66,1920.221566
105.608753,68,1920.353847
3.750866,62,1920.478645
4.882931,63,1920.610353
2.791268,65,1920.743716
102.384872,63,1920.869305
4.92756,63,1920.995016
0.599342,72,1921.139088
0.617775,80,1921.298872
3.371656,64,1921.426009
1.407627,71,1921.565089
3.242797,64,1921.691393
4.91445,89,1921.868329
5.543918,73,1922.015916
2.636095,74,1922.162236
0.612706,75,1922.306774
3.717113,64,1922.439128
0.128857,1000,1936.240257
4.55394,69,1936.385234
4.273145,68,1936.534367
3.346662,69,1936.671414
-1.730975,174,1937.025896
2.171962,70,1937.176665
1.137837,87,1937.362609
101.691056,68,1937.527406
1.301589,76,1937.676209
4.190722,64,1937.806592
0.650235,79,1937.960572
101.687764,94,1938.167011
3.820217,72,1938.330981
1.262923,71,1938.490546
3.379146,63,1938.628344
3.204515,89,1938.833552
2.460326,71,1938.983421
0.686488,97,1939.186705
4.239511,69,1939.336616
2.692266,73,1939.492136
4.396988,72,1939.64362
-0.823195,94,1939.844394
5.159455,68,1939.984754
4.20684,99,1951.937643
1.546173,71,1952.099915
102.136697,61,1952.226399
0.904868,94,1952.419069
2.745,62,1952.541056
3.967059,86,1952.715381
3.899755,64,1952.843022
2.890112,66,1952.973974
3.534544,78,1953.130657
1.364438,74,1953.282844
2.609894,74,1953.454676
1.580802,80,1953.625465
1.5372,70,1953.769561
104.054122,56,1953.877516
3.798529,79,1954.034591
3.998128,82,1954.201146
101.524467,76,1954.34926
101.320794,44,1954.438481
1.200341,67,1954.569276
3.000336,69,1954.704752
3.047843,79,1954.86629
3.776114,67,1955.022563
2.890673,93,1955.210772
0.774306,79,1955.366929
3.596777,88,1955.537313
2.795633,75,1955.687605
3.283103,68,1955.82259
4.808589,84,1967.400659
5.458623,61,1967.522808
-0.612878,85,1967.68915
0.76207,92,1967.870382
100.500673,65,1968.005989
101.03772,86,1968.175056
2.680791,67,1968.308946
3.228546,60,1968.437894
1.084009,121,1968.677205
-0.16833,150,1968.983977
4.149811,64,1969.114136
2.179525,66,1969.247435
0.538058,97,1969.446914
1.981203,72,1969.600459
1.805587,74,1969.746785
3.568311,73,1969.891311
2.822363,69,1970.022747
2.420567,75,1970.181211
2.834363,70,1970.318487
103.067396,76,1970.470428
0.460811,78,1970.633572
3.990701,69,1970.774416
0.988559,80,1970.928949
1.573774,72,1971.067186
-1.933819,138,1971.332524
1.475104,75,1971.477044
2.303522,69,1982.89199
0.197426,81,1983.0525
1.244686,92,1983.230591
4.411945,67,1983.361431
3.862039,67,1983.495096
4.897346,69,1983.631235
100.842022,89,1983.803518
1.735493,78,1983.957151
0.736163,76,1984.103162
0.589827,92,1984.283556
102.980219,59,1984.415753
2.325737,71,1984.558098
3.96322,71,1984.696929
102.408705,52,1984.800611
0.919753,91,1984.976778
1.144496,81,1985.137609
3.166812,84,1985.301208
2.584194,66,1985.432303
2.664429,66,1985.563353
0.520482,83,1985.728828
3.24749,68,1985.866263
4.417536,65,1986.013575
0.287605,82,1986.177088
3.570943,64,1986.304121
0.658664,1000,1999.810551
-2.266441,155,2000.127628
2.065892,68,2000.26151
5.384254,67,2000.3959
-0.065096,149,2000.690144
3.755573,64,2000.819511
103.15442,79,2000.995448
4.958125,63,2001.119366
4.474439,67,2001.25114
-0.479692,276,2001.808702
-0.036483,80,2001.979786
0.999139,69,2002.117782
2.07088,88,2002.298134
2.304428,75,2002.454965
5.121154,63,2013.897611
1.21025,90,2014.078831
3.19511,66,2014.215868
0.887216,81,2014.386756
4.307329,65,2014.521648
2.548784,103,2014.732151
102.718575,56,2014.847089
3.937063,66,2014.979255
3.373765,64,2015.105083
1.417112,108,2015.320423
3.330167,68,2015.461376
3.132524,61,2015.585718
101.013381,99,2015.779852
2.11233,69,2015.922637
1.756005,71,2016.066933
-0.732864,82,2016.230453
2.419712,67,2016.363372
3.770074,70,2016.502905
4.4238,82,2016.667235
1.415071,68,2016.80412
3.434616,73,2016.95017
4.144532,64,2017.076355
4.139276,71,2017.217855
1.933604,69,2017.356621
0.073058,306,2029.468304
1.883597,83,2029.637689
101.394833,89,2029.811272
103.337738,62,2029.937409
1.2357,69,2030.075925
4.799336,72,2030.217934
4.564652,64,2030.343094
2.901236,83,2030.517702
4.36503,65,2030.661047
103.644909,61,2030.778368
1.045191,66,2030.909941
1.220624,78,2031.064715
0.809358,98,2031.256449
-0.349331,99,2031.451939
2.776718,79,2031.609015
0.800307,79,2031.766248
100.506853,72,2031.909137
2.564137,62,2032.032733
5.317964,65,2032.177642
2.239895,82,2032.341964
2.477987,68,2032.476141
4.153123,65,2032.607289
102.834106,69,2032.746244
100.111686,73,2032.892252
4.435773,89,2033.076042
-0.535558,91,2033.260004
1.15671,67,2033.397285
3.659441,69,2033.532169
102.403996,88,2044.980576
-0.909707,103,2045.184438
101.303077,73,2045.330757
4.478206,81,2045.49586
0.407267,82,2045.657603
1.899514,70,2045.794107
2.049356,76,2045.947783
3.719309,65,2046.080059
3.074284,64,2046.207348
0.820815,76,2046.35915
1.717865,83,2046.526285
2.107872,78,2046.684685
5.725616,71,2046.826583
2.331533,65,2046.959674
1.837657,80,2047.119039
3.323415,63,2047.247806
1.441298,77,2047.40151
3.881877,75,2047.559108
1.559248,85,2047.73399
5.072309,77,2047.893241
1.459489,92,2048.080281
102.47389,58,2048.198145
2.94522,70,2048.340045
1.606322,93,2048.53184
5.445868,62,2048.669653
2.865967,66,2048.79966
3.025723,73,2048.944158
103.496098,55,2060.351956
4.644277,70,2060.504832
1.929003,70,2060.643089
100.973923,102,2060.851946
3.729868,64,2060.986347
3.37178,85,2061.163144
4.148117,62,2061.290382
3.005601,64,2061.419589
101.966721,79,2061.574064
4.337728,66,2061.704948
4.798479,67,2061.839573
4.901872,62,2061.964451
4.251291,71,2062.108459
102.351542,74,2062.257907
1.904913,75,2062.411775
4.783662,64,2062.541669
2.988987,84,2062.708971
102.423845,63,2062.837896
3.203168,67,2062.975865
102.339074,71,2063.118375
3.563751,65,2063.246782
5.866102,72,2063.392743
102.129232,82,2063.553659
0.903813,73,2063.699478
4.375973,75,2063.84877
101.248198,102,2064.049319
2.75301,68,2064.183794
0.47497,78,2064.339106
101.171792,50,2075.856421
4.635374,60,2075.974527
2.065489,73,2076.116646
3.857102,73,2076.259926
4.084278,66,2076.39664
1.543432,77,2076.553823
2.858285,63,2076.679506
4.282402,87,2076.854478
4.934828,64,2076.979176
2.560483,68,2077.116583
4.910832,63,2077.243406
0.219224,91,2077.436055
1.40767,90,2077.614756
0.000981,95,2077.802101
0.904547,68,2077.939613
3.842921,71,2078.086481
1.476105,97,2078.280231
100.855184,85,2078.450529
103.402727,60,2078.570864
3.046561,67,2078.703081
1.310388,71,2078.857449
4.703224,72,2079.001166
3.428596,67,2079.138368
4.544408,63,2079.263921
3.38653,66,2079.395711
3.363842,65,2079.528429
2.510874,65,2079.658616
4.980004,75,2079.810103
2.902818,66,2079.939752
4.939549,63,2091.478281
2.917358,65,2091.610013
0.451934,86,2091.784645
3.463249,66,2091.91207
1.065258,84,2092.082638
1.990993,76,2092.233894
0.200239,83,2092.404811
1.944424,64,2092.534582
0.672263,90,2092.710848
3.816413,65,2092.841143
101.3579,66,2092.990871
1.816827,65,2093.120433
101.747017,68,2093.255524
-2.240749,107,2093.469789
2.102778,65,2093.598791
5.380289,73,2093.746079
3.54113,72,2093.891889
0.865045,72,2094.041286
2.706453,84,2094.208145
103.039588,76,2094.362402
5.557156,63,2094.48832
-0.172216,78,2094.668912
103.985381,79,2094.826121
2.309583,64,2094.955185
0.978021,84,2095.126459
4.069541,81,2095.286519
2.308137,65,2095.411818
3.109704,89,2106.952021
2.713637,82,2107.124172
-0.210016,209,2107.538381
1.418808,87,2107.708419
3.064643,64,2107.835332
103.348049,60,2107.962164
3.4536,64,2108.094783
2.406652,71,2108.235096
4.312882,63,2108.364734
3.535661,84,2108.537823
2.308526,70,2108.682559
2.721579,91,2108.859558
3.879053,80,2109.021361
4.122776,201,2109.41389
5.03521,76,2109.562692
0.870092,81,2109.722185
0.286936,76,2109.869914
4.878548,64,2109.995881
4.527577,67,2110.131813
4.039527,74,2110.275951
0.599089,72,2110.421011
2.754186,64,2110.548201
101.11396,64,2110.671558
0.232913,116,2110.899186
5.208269,72,2122.345864
2.160344,68,2122.48351
101.635059,54,2122.591255
0.041549,97,2122.790825
1.657349,79,2122.949383
1.583229,70,2123.089977
5.104587,85,2123.257137
2.826631,67,2123.407442
104.16893,61,2123.537374
0.856721,73,2123.680381
2.988186,65,2123.812133
6.294832,78,2123.973595
0.1139,246,2124.453488
101.327774,110,2124.671319
4.534018,75,2124.816478
0.212853,97,2125.015836
3.575958,66,2125.152045
3.089291,67,2125.28285
1.882774,65,2125.410168
3.770812,87,2125.577394
101.872885,76,2125.723467
0.758518,87,2125.890257
102.008079,66,2126.020088
0.455928,87,2126.191749
1.382329,76,2126.338013
0.312982,93,2137.766176
0.787239,69,2137.898056
2.655717,65,2138.018259
102.436498,80,2138.169955
4.29472,65,2138.292206
1.987664,69,2138.425157
3.948076,73,2138.565507
4.377965,63,2138.691739
3.719235,80,2138.847136
3.987592,64,2138.973815
102.682864,83,2139.14139
5.016262,88,2139.3245
102.737356,86,2139.511066
0.793998,80,2139.674778
1.314945,72,2139.824888
5.347101,65,2139.957911
3.234306,84,2140.130148
1.55256,110,2140.35672
1.81316,74,2140.508429
0.663972,85,2140.677697
103.556496,55,2140.790664
3.669056,79,2140.962085
102.046001,48,2141.063136
3.886258,78,2141.223482
3.878526,65,2141.35527
3.318949,64,2141.485948
1.425084,95,2141.684824
1.930802,79,2153.166891
1.417069,85,2153.334811
2.943459,68,2153.470503
103.289757,50,2153.570762
1.791785,70,2153.707196
4.460954,70,2153.844822
4.182132,98,2154.035792
5.432546,64,2154.165377
2.293829,63,2154.287253
4.402305,93,2154.469733
101.829946,89,2154.642197
101.550284,76,2154.789235
2.821,71,2154.926958
4.470129,74,2155.069429
4.805854,75,2155.215958
4.020455,65,2155.340214
5.025002,89,2155.517166
4.55019,62,2155.641546
103.302485,54,2155.748023
4.504074,80,2155.906135
-0.321071,84,2156.07567
4.482152,64,2156.204012
3.255002,81,2156.368005
3.11163,85,2156.540213
100.496712,77,2156.691351
3.340973,66,2156.82661
0.075594,505,2169.098404
3.714772,64,2169.225886
102.572129,72,2169.367897
0.447957,106,2169.585321
3.64269,71,2169.73079
3.692656,65,2169.862174
2.899574,64,2169.992927
2.206148,81,2170.155574
4.226675,82,2170.333405
102.078392,63,2170.457826
0.34592,94,2170.642208
4.689995,84,2170.808962
3.561338,64,2170.937955
3.039993,88,2171.117799
102.632581,55,2171.226527
102.191231,59,2171.343363
3.983372,80,2171.52003
1.705013,79,2171.678458
3.759893,65,2171.803689
2.596778,66,2171.93696
1.980665,63,2172.061143
3.94443,63,2172.187511
3.402211,73,2172.332749
3.518115,67,2172.467512
102.732726,65,2183.873537
-0.352461,83,2184.029899
103.015038,74,2184.174772
2.564423,65,2184.302891
105.461706,67,2184.439494
1.260741,72,2184.585595
3.96278,83,2184.749183
0.084711,93,2184.933192
3.020307,73,2185.079031
4.544373,62,2185.216213
5.435109,63,2185.341801
2.761225,65,2185.471509
4.343922,63,2185.597871
106.037191,67,2185.736644
3.378587,73,2185.887814
1.758146,69,2186.024881
3.685013,61,2186.147809
2.964178,68,2186.28179
2.769362,89,2186.474591
2.921552,74,2186.626002
0.323306,1000,2199.982805
4.690032,62,2200.106699
1.01098,78,2200.264201
0.659073,108,2200.489489
103.114689,74,2200.639027
4.291152,63,2200.767257
5.235751,82,2200.945451
1.574598,67,2201.078008
3.288401,67,2201.214658
4.074705,64,2201.345644
2.59842,67,2201.488009
-1.073059,84,2201.669667
0.59862,197,2202.117289
3.418785,61,2202.243565
102.477326,71,2202.388536
102.994178,56,2202.501902
3.44267,95,2202.691627
102.298129,74,2202.840455
2.761663,84,2203.010808
101.886562,76,2203.160606
0.181856,93,2203.353804
0.288641,1000,2216.858223
2.315718,68,2216.990676
5.259244,64,2217.117553
3.087044,88,2217.290428
0.682543,104,2217.499638
2.008614,74,2217.639925
1.466229,70,2217.776738
3.108656,85,2217.940121
2.08373,89,2218.112273
4.079781,63,2218.236528
2.061602,60,2218.357357
1.043145,102,2218.557978
2.759345,69,2218.697122
2.377114,68,2218.840461
1.181837,71,2218.986085
3.05294,82,2230.504914
3.34239,113,2230.730386
2.074011,68,2230.86657
2.354804,67,2231.002226
3.148734,64,2231.134098
3.93309,82,2231.326711
1.082458,72,2231.483305
2.972902,66,2231.627412
2.99504,69,2231.76632
5.063811,62,2231.891583
4.28611,65,2232.026571
1.722468,70,2232.169615
4.276128,69,2232.307716
1.807613,90,2232.488517
100.651485,89,2232.67353
3.562036,85,2232.852472
101.774961,75,2233.002203
101.401366,70,2233.146459
101.332683,63,2233.29594
3.22974,62,2233.420879
1.268415,86,2233.590367
1.602321,68,2233.726691
1.249291,69,2233.865386
4.608606,97,2234.05747
5.8373,72,2234.20459
3.180735,75,2234.356108
4.046884,61,2234.481035
5.470015,73,2246.132609
4.422806,65,2246.261199
101.950324,102,2246.459261
4.725422,105,2246.66311
2.063405,77,2246.819146
102.698444,56,2246.946402
5.398809,63,2247.067309
1.677399,92,2247.249954
0.76422,99,2247.451997
4.192481,64,2247.577801
2.445512,90,2247.759871
3.842818,69,2247.894564
101.191383,62,2248.013438
1.966765,70,2248.153018
3.582812,66,2248.30406
2.406072,91,2248.49855
101.843398,47,2248.596869
3.571375,64,2248.728076
3.945916,65,2248.859167
-0.145571,74,2249.010501
2.164965,84,2249.181137
3.172287,67,2249.316286
5.321609,63,2249.441306
1.13003,71,2249.585717
-0.877243,99,2249.786573
0.453931,1000,2263.190804
102.306691,84,2263.359737
3.140257,61,2263.483987
1.71311,70,2263.624762
5.048797,63,2263.750459
1.656198,72,2263.892659
100.635277,67,2264.025727
3.522214,97,2264.229186
3.813163,65,2264.363154
3.670983,64,2264.489104
4.366691,101,2264.68296
2.260963,70,2264.821584
1.993301,78,2264.97552
3.837345,64,2265.106203
5.760169,64,2265.23242
5.190378,63,2265.354434
1.64403,69,2265.492576
4.485795,71,2265.63475
2.569173,62,2277.208834
102.005042,77,2277.368803
100.803768,81,2277.534786
1.7719,69,2277.670958
0.029365,79,2277.833663
-0.018852,110,2278.051727
5.278989,70,2278.191332
2.136543,79,2278.370495
3.261523,88,2278.543106
106.196161,80,2278.701383
1.769275,84,2278.866096
3.535376,78,2279.027152
3.124303,66,2279.154222
4.736422,65,2279.282586
1.208145,119,2279.539769
3.3088,87,2279.708451
100.340847,49,2279.80528
1.915243,70,2279.943538
1.726595,82,2280.104743
0.898896,147,2280.391419
3.159625,64,2280.519634
102.806056,71,2280.665165
101.520701,85,2280.833209
100.714555,70,2280.972818
4.606884,66,2281.105697
4.776366,80,2281.266237
3.382188,73,2292.711944
2.578181,68,2292.850564
3.517641,64,2292.977774
3.958793,64,2293.101758
3.16391,92,2293.284228
101.10111,70,2293.420419
3.069683,63,2293.545424
101.194373,68,2293.680879
5.630033,63,2293.809555
3.064803,65,2293.937512
3.198071,67,2294.078935
2.932532,69,2294.215119
1.341457,82,2294.37709
1.687872,68,2294.509667
101.2587,92,2294.688967
1.446405,78,2294.843223
0.592052,81,2295.003963
104.989659,71,2295.144852
4.877472,75,2295.304375
101.221829,81,2295.468852
105.105748,71,2295.614503
4.684155,86,2295.784284
100.283695,42,2295.864705
2.277526,83,2296.027532
1.860553,74,2296.175116
4.925455,73,2296.321887
4.62895,63,2296.448696
3.295931,81,2296.612298
3.209559,64,2308.457911
104.778456,75,2308.605417
3.392742,71,2308.755937
-2.111468,109,2308.97103
1.894278,71,2309.11267
0.545847,88,2309.291958
101.39223,94,2309.484234
4.250827,89,2309.676388
1.028977,84,2309.842738
103.415107,81,2309.999763
3.684923,64,2310.12694
1.883746,67,2310.27495
1.848534,90,2310.456098
1.17801,85,2310.627268
1.576675,81,2310.788218
0.374227,109,2311.007201
1.564174,74,2311.166637
0.852843,69,2311.305893
0.20501,1000,2324.686667
0.313629,138,2324.957745
3.450223,71,2325.098523
5.055173,80,2325.25574
4.423223,64,2325.382077
2.549938,78,2325.532505
4.155798,69,2325.670203
105.742627,75,2325.819177
1.920356,66,2325.948533
-1.007596,94,2326.132578
-0.119315,1000,2339.783094
1.605182,84,2339.966929
5.899154,77,2340.126798
3.098363,65,2340.267148
2.958223,61,2340.395473
103.042258,74,2340.547306
2.900837,71,2340.689675
3.868864,64,2340.839784
3.641653,65,2340.976689
0.658666,75,2341.129393
4.712785,66,2341.264794
2.86777,59,2341.386253
0.896091,70,2341.536222
4.136704,61,2341.663137
101.474972,65,2341.795578
1.641775,74,2341.944797
1.117105,77,2342.102267
2.206532,69,2342.241872
3.714913,67,2342.372807
0.691281,97,2342.578827
4.031608,83,2342.744238
0.308284,84,2342.917073
0.972861,1000,2356.396408
1.781098,67,2356.53555
2.774053,71,2356.679005
101.208226,124,2356.936052
0.740752,1000,2359.006791
100.424978,89,2359.189815
4.47224,72,2359.338738
100.989644,106,2359.570804
3.843108,67,2371.091094
102.230524,60,2371.211373
4.722979,94,2371.396905
2.844701,69,2371.542111
101.813678,63,2371.665061
2.071801,67,2371.800549
0.362092,88,2371.981539
101.590222,74,2372.124704
104.088784,63,2372.265543
-0.406684,93,2372.45588
2.142454,83,2372.621858
5.366432,67,2372.754422
3.560739,69,2372.887119
101.276792,59,2373.004853
2.25874,64,2373.128302
3.50635,60,2373.245045
1.671915,80,2373.401
3.992596,67,2373.535278
5.830969,62,2373.658135
3.26413,79,2373.811494
4.131846,82,2373.971458
3.853218,67,2374.108404
4.469709,64,2374.228468
-0.241967,80,2374.388853
103.331532,79,2374.545763
2.33216,62,2374.669535
1.497305,119,2374.903123
5.173063,65,2375.031638
4.851728,62,2386.551487
2.238867,83,2386.730572
102.42402,75,2386.877636
0.794499,1000,2388.868523
3.930181,79,2389.025208
0.257103,81,2389.183831
3.912266,65,2389.307117
1.412084,91,2389.488519
5.775864,70,2389.631481
-0.239337,97,2389.822093
4.496678,69,2389.957562
4.024151,178,2390.307917
100.927844,38,2390.386061
101.750779,68,2401.942321
2.929007,90,2402.117452
2.635303,67,2402.246708
4.27085,67,2402.379183
0.930294,72,2402.523201
4.167617,112,2402.74724
2.320285,70,2402.885792
102.185225,79,2403.046318
0.969669,84,2403.21326
1.270779,71,2403.351616
3.570969,81,2403.530865
5.250109,60,2403.65044
2.586012,62,2403.77456
3.249697,65,2403.906303
103.534195,75,2404.061119
3.908794,66,2404.195129
100.890253,58,2404.308006
1.606266,81,2404.470793
5.399443,82,2404.631769
2.971192,66,2404.778159
102.442522,59,2404.892411
2.797875,69,2405.032032
3.788968,117,2405.268834
-0.011531,82,2405.428498
100.951985,68,2405.561956
3.263747,64,2405.694178
0.864974,96,2405.886451
3.207487,59,2406.003227
4.386236,71,2417.729107
4.347751,76,2417.900383
2.499405,73,2418.043368
101.092567,77,2418.195893
1.468951,64,2418.326025
2.096667,63,2418.449083
3.388857,65,2418.579157
0.249257,73,2418.723595
101.977159,75,2418.873476
3.186037,80,2419.030919
-1.403245,98,2419.229776
4.773708,73,2419.389689
3.655487,67,2419.525257
2.460349,75,2419.675419
0.394848,74,2419.81922
103.356372,72,2419.965463
4.093554,65,2420.098392
0.235912,77,2420.250974
3.542589,65,2420.381166
-1.201475,96,2420.570453
0.73969,136,2420.837636
2.347345,65,2420.963823
2.736061,66,2421.103606
1.014371,95,2421.295988
0.229035,116,2421.532742
101.215217,77,2421.684051
3.808954,90,2433.134555
101.658764,70,2433.292482
5.731566,74,2433.442629
3.855401,62,2433.56782
101.801549,64,2433.695874
102.146592,81,2433.857387
1.802575,71,2434.003941
1.597023,72,2434.149034
103.336303,61,2434.274732
-1.445,91,2434.461714
1.899054,64,2434.592425
1.006934,134,2434.865211
102.292765,52,2434.971723
3.505919,70,2435.111258
0.145503,102,2435.324538
4.945282,108,2435.539643
2.57412,70,2435.67884
3.124362,76,2435.830664
-0.604553,128,2436.083665
101.004136,58,2436.201672
0.945983,71,2436.343723
3.228863,79,2436.495976
100.742125,62,2436.618827
102.360689,52,2436.727831
5.540848,63,2436.854667
101.782854,93,2437.041651
4.164875,67,2437.175837
2.175269,74,2448.580146
101.147421,78,2448.729158
102.112862,71,2448.867814
3.366967,66,2449.000056
2.291778,72,2449.141848
101.798303,77,2449.29398
4.103677,76,2449.452786
4.18914,64,2449.580446
3.312807,64,2449.707909
102.856474,52,2449.823315
101.299672,91,2450.006504
103.859557,61,2450.129677
4.286817,66,2450.261097
0.970448,75,2450.409139
2.803418,65,2450.540687
4.299945,89,2450.719148
2.768662,61,2450.838948
4.303133,66,2450.973094
5.528891,61,2451.09585
102.232557,48,2451.19274
4.043293,67,2451.333592
4.211667,71,2451.478692
103.751036,61,2451.608452
101.818945,68,2451.748889
0.145958,85,2451.924062
2.211576,68,2452.06577
101.60047,46,2452.160379
100.623215,81,2452.333997
-0.219705,609,2464.846621
105.731543,78,2465.003781
1.485084,86,2465.179938
2.753112,61,2465.30181
3.924079,62,2465.42485
2.439998,67,2465.558143
3.529299,84,2465.727591
0.726014,69,2465.863844
1.537991,66,2465.992667
100.435796,329,2466.650759
-1.848481,134,2466.918826
3.665743,61,2467.043219
2.674862,77,2467.201871
100.827269,50,2467.300236
1.039443,78,2467.460187
4.051771,74,2467.606444
2.766721,67,2467.742522
4.094492,68,2467.895089
102.19246,52,2467.999309
1.15505,69,2479.397615
1.259649,80,2479.558226
101.054066,57,2479.686255
2.645211,76,2479.839159
3.638829,63,2479.967237
2.794161,69,2480.115132
2.416732,82,2480.277946
101.410414,57,2480.394637
5.195057,62,2480.516769
101.446054,59,2480.630443
101.178117,87,2480.802559
105.622934,68,2480.943744
3.937045,64,2481.071629
3.402184,89,2481.250818
2.951064,69,2481.390028
3.458053,62,2481.511794
105.512331,76,2481.661295
3.894158,63,2481.784032
4.608286,64,2481.928912
1.228422,75,2482.075674
1.585421,93,2482.262428
4.377602,79,2482.421473
4.169278,92,2482.604753
1.576554,73,2482.749737
0.76575,94,2482.933841
105.975094,70,2483.070312
102.090754,73,2483.21514
-3.482149,340,2495.174714
3.499238,65,2495.307716
3.164252,70,2495.462896
0.926053,149,2495.762958
2.089663,75,2495.912472
0.840404,84,2496.075825
101.514667,97,2496.269681
3.007892,71,2496.410229
101.544056,79,2496.56502
0.813932,87,2496.738616
104.463008,60,2496.855753
-1.799335,132,2497.119144
1.425368,102,2497.330362
2.819215,67,2497.478461
5.547935,64,2497.608548
4.944565,76,2497.758631
100.977219,34,2497.82934
1.18776,88,2498.002549
-3.003083,123,2498.250069
101.052218,154,2498.560114
101.770615,66,2498.694004
100.333364,53,2510.113654
1.948287,70,2510.256056
5.5197,73,2510.404658
3.801191,64,2510.534574
0.954085,95,2510.73118
1.993249,75,2510.883898
3.824405,69,2511.020463
2.396682,81,2511.184494
4.992481,66,2511.320927
105.297207,75,2511.473445
0.871117,95,2511.676412
3.37288,65,2511.80966
2.738602,65,2511.940143
3.353869,89,2512.116105
1.100903,70,2512.256981
0.031274,139,2512.53205
-0.444228,265,2513.08341
4.508114,64,2513.209414
100.224879,64,2513.340736
101.897558,68,2513.479506
103.628924,61,2513.599179
101.509405,69,2513.738523
105.071178,64,2513.863043
101.476557,76,2514.015884
100.72186,58,2514.133257
6.151994,72,2525.634768
100.739155,83,2525.817807
1.150871,89,2525.994562
4.307592,79,2526.151678
0.167295,138,2526.432052
1.48731,72,2526.577747
3.764998,85,2526.755896
100.963143,39,2526.83778
4.775518,66,2526.970141
3.590111,64,2527.097798
2.769527,82,2527.269418
1.733287,88,2527.444006
100.361198,206,2527.865136
4.232933,94,2528.055264
1.150226,70,2528.196354
1.426267,73,2528.34686
4.397702,80,2528.511223
5.764375,65,2528.642712
4.471336,83,2528.817084
0.925013,71,2528.959106
0.453104,114,2529.185884
101.440719,48,2529.287968
3.423544,89,2529.469527
1.644913,65,2529.60264
0.876681,72,2529.74558
3.157165,81,2541.289275
5.929132,62,2541.41173
0.598907,66,2541.544521
1.100862,71,2541.684784
1.306957,69,2541.829385
4.046248,68,2541.982065
2.437682,68,2542.120944
3.835676,63,2542.246257
100.304134,55,2542.362349
104.421981,77,2542.516088
2.388251,69,2542.654331
2.424605,76,2542.805702
101.440927,79,2542.964968
0.712518,74,2543.114088
0.457138,136,2543.379874
3.230518,67,2543.524158
-0.098287,81,2543.683941
1.281657,85,2543.850682
103.806089,73,2543.995118
101.747508,47,2544.088568
2.513035,65,2544.219926
3.6164,67,2544.362781
100.880878,63,2544.490167
3.453857,64,2544.621142
0.996608,107,2544.832966
2.177725,68,2544.967978
0.239778,107,2545.196904
4.495556,78,2556.591018
0.061726,85,2556.758137
4.199849,96,2556.959188
1.075342,156,2557.269634
2.295331,65,2557.39658
0.333795,133,2557.664313
4.009187,81,2557.823046
101.120709,54,2557.936574
3.868948,66,2558.067616
1.502275,79,2558.224668
3.032407,64,2558.351115
0.502367,100,2558.545831
3.526488,64,2558.675344
101.551395,94,2558.866003
4.566725,82,2559.027905
1.72842,70,2559.167658
3.757635,76,2559.321326
104.667243,76,2559.476733
3.022141,63,2559.604259
4.434606,78,2559.760808
2.39942,60,2559.88203
102.274167,66,2560.01392
3.417359,95,2560.220042
102.202762,66,2560.351455
5.713704,61,2560.473852
1.838227,71,2560.614635
101.133361,79,2572.066439
1.389458,73,2572.217485
3.024024,68,2572.35688
101.652626,86,2572.529074
2.530055,69,2572.66819
4.171727,59,2572.787573
0.890478,90,2572.966457
3.240866,67,2573.116436
1.051076,81,2573.283461
2.798532,106,2573.501242
4.946746,62,2573.624385
-1.944026,112,2573.849916
2.110293,83,2574.015726
4.380361,77,2574.193265
1.208081,72,2574.34236
102.420552,68,2574.478956
0.998535,71,2574.620767
0.404315,73,2574.765983
102.333723,64,2574.892117
1.544408,91,2575.075003
2.936983,68,2575.208867
3.655617,64,2575.337348
0.112641,1000,2588.630697
-0.784609,115,2588.854001
101.960815,52,2588.960287
-1.057456,168,2589.29811
0.544965,79,2589.454841
3.710218,72,2589.596465
0.459999,73,2589.742358
2.746273,78,2589.898183
100.166667,56,2590.012958
102.959212,69,2590.150605
101.491718,73,2590.29591
2.978865,62,2590.414422
4.130027,62,2590.534998
1.566748,91,2590.712319
2.285361,68,2590.848919
2.347635,86,2591.015239
0.075374,143,2591.302016
100.83423,171,2602.998838
102.768782,51,2603.102654
2.44436,66,2603.237369
3.588313,64,2603.368748
2.328032,66,2603.504972
2.503411,62,2603.630028
2.240092,63,2603.756433
5.63349,63,2603.911751
101.98943,64,2604.042528
101.976546,64,2604.171383
2.206157,65,2604.301764
2.302371,70,2604.44254
-0.323186,74,2604.593545
2.176519,78,2604.74966
4.662485,74,2604.900365
-0.307664,76,2605.05648
103.120766,57,2605.170361
1.662302,73,2605.322802
100.243077,48,2605.434959
3.105719,68,2605.573827
1.68825,69,2605.714177
0.819254,126,2605.962904
2.472219,71,2606.112385
0.866253,1000,2619.493971
4.285471,66,2619.629185
101.092043,72,2619.776491
104.307709,61,2619.897246
0.393017,80,2620.061112
-2.08631,806,2621.673021
102.20179,49,2621.771368
4.324148,70,2621.911489
3.967935,65,2622.042382
2.398048,84,2622.205022
0.337153,87,2622.376519
100.851162,77,2633.93642
3.429399,77,2634.099928
-2.467571,105,2634.323704
2.346191,81,2634.493559
3.361391,66,2634.643628
3.966099,66,2634.77737
100.182525,55,2634.892345
1.568693,84,2635.073436
5.352753,60,2635.199528
4.923176,67,2635.340406
2.972071,88,2635.520572
101.115054,74,2635.676954
3.586755,61,2635.800657
100.298064,36,2635.877766
0.307607,77,2636.036056
1.142702,67,2636.176367
3.244429,61,2636.315559
4.054118,79,2636.481459
1.222703,69,2636.630345
100.47669,72,2636.777717
100.075932,9,2636.797852
4.018136,71,2636.948073
100.27203,17,2636.983811
100.886407,91,2637.172946
4.012362,64,2637.311137
3.731754,65,2637.452966
102.137646,60,2637.576635
1.556208,83,2637.740405
1.963641,61,2637.868385
3.020017,67,2638.006469
1.473315,65,2638.144301
2.009275,69,2649.508548
3.733074,60,2649.646326
2.933746,87,2649.824529
2.108551,98,2650.03025
105.569597,67,2650.1741
2.044758,71,2650.319113
101.326048,53,2650.431512
-0.644816,1000,2652.490684
2.690916,69,2652.634915
3.162494,69,2652.779437
102.38404,58,2652.898638
0.976324,69,2653.03915
4.945732,60,2653.162096
1.154288,70,2653.303727
-1.04175,83,2653.470047
4.593551,61,2653.598411
4.212751,67,2665.192473
102.401072,53,2665.303854
103.431126,56,2665.418095
3.047023,85,2665.598109
101.365173,104,2665.831437
1.738314,71,2665.976343
1.857453,74,2666.13342
4.396398,103,2666.35262
3.641878,90,2666.541219
0.2638,79,2666.701226
4.380201,65,2666.834687
101.426221,66,2666.966267
4.008465,60,2667.090737
3.300055,59,2667.21138
100.9846,83,2667.397697
1.964899,65,2667.531853
1.639903,74,2667.688412
3.096519,87,2667.867633
0.173371,94,2668.062031
104.485237,67,2668.195098
101.441018,77,2668.350753
103.124679,73,2668.502543
3.283707,61,2668.627859
5.119132,79,2668.790663
5.175376,87,2668.97048
2.26847,61,2669.097258
5.142191,62,2669.223377
0.967552,71,2669.370242
100.453255,333,2681.288527
3.580451,59,2681.410615
0.791779,83,2681.579628
3.687898,64,2681.712814
4.722157,73,2681.85727
4.507851,63,2681.981681
3.719576,63,2682.106049
5.185276,68,2682.240674
3.885781,64,2682.366218
2.989314,95,2682.569244
102.555164,85,2682.73956
1.776821,79,2682.895286
-1.574056,105,2683.104399
100.160664,49,2683.204931
101.290122,48,2683.301681
0.394312,1000,2696.529517
2.217501,68,2696.68277
3.557882,72,2696.837688
101.230402,65,2696.975235
3.519998,62,2697.103765
101.24549,109,2697.335455
3.265342,81,2697.501099
2.077461,76,2697.657158
1.317689,75,2697.809992
3.938945,69,2697.95498
0.555558,1000,2699.946944
101.474262,68,2700.080284
3.351327,60,2711.462459
3.292095,66,2711.592652
3.586146,77,2711.743676
4.772383,62,2711.864008
4.407063,68,2711.999034
3.886517,67,2712.150236
2.985279,83,2712.315857
102.808194,67,2712.453372
5.851664,78,2712.611139
0.415554,1000,2714.568457
2.397016,69,2714.702741
101.333103,88,2714.873314
2.015931,72,2715.010991
0.900114,105,2715.213404
3.399504,69,2715.363314
3.324652,66,2726.789678
0.107136,84,2726.960446
101.293731,78,2727.11531
3.124649,82,2727.27844
100.902276,71,2727.421418
0.675485,76,2727.572685
2.747606,71,2727.735218
1.538228,70,2727.884128
5.644833,62,2728.011624
5.284351,73,2728.16369
2.325528,70,2728.307788
104.859541,59,2728.430566
3.903304,60,2728.55415
100.642119,85,2728.727707
105.13585,78,2728.885507
5.270041,1000,2730.877187
2.030456,66,2742.40809
3.462147,72,2742.559921
4.211822,64,2742.692759
3.447105,90,2742.870748
-0.350218,76,2743.021038
101.546205,59,2743.138241
102.236061,71,2743.279014
1.780732,69,2743.417819
4.566367,65,2743.547647
1.719232,69,2743.686452
1.742795,88,2743.856008
-0.298139,575,2745.00468
1.590698,75,2745.154058
0.043848,97,2745.349395
2.856503,67,2745.48576
3.055246,84,2745.651002
1.242726,151,2745.950143
1.426494,103,2746.156876
3.605388,107,2746.381066
3.210181,68,2757.865517
1.413699,91,2758.051367
0.688255,75,2758.203266
3.803914,64,2758.331855
-0.408861,109,2758.554361
3.613124,66,2758.702398
-2.131165,151,2759.008641
4.282231,82,2759.172498
1.567407,73,2759.314312
100.869778,31,2759.378223
101.041644,42,2759.459426
1.843908,71,2759.598193
4.780259,71,2759.736521
4.599721,83,2759.896141
1.689491,69,2760.03368
4.52949,65,2760.168496
4.681159,65,2760.315267
2.991351,64,2760.448826
0.757464,75,2760.598698
2.870414,66,2760.734929
2.126004,72,2760.883385
-0.274727,103,2761.097874
3.477501,65,2761.245659
-0.474884,88,2761.426891
2.737543,66,2761.564378
4.277745,66,2761.705447
3.093693,77,2761.857483
3.979675,79,2773.150726
-0.355906,90,2773.343664
1.544353,151,2773.646025
1.785625,78,2773.80225
0.164709,82,2773.969104
4.184206,80,2774.125592
4.07326,70,2774.258544
1.687361,72,2774.396449
1.033545,76,2774.538536
3.338495,68,2774.670226
1.999904,75,2774.813606
105.852215,75,2774.960496
100.683969,75,2775.107411
5.130921,81,2775.267272
100.864697,162,2775.589308
0.421075,82,2775.746906
3.766079,65,2775.87481
101.319969,91,2776.054325
1.88875,72,2776.202821
1.34257,67,2776.336931
3.757915,80,2776.501662
3.622779,83,2776.673853
4.205678,67,2776.814867
-0.003144,75,2776.96856
3.392976,60,2777.093068
3.256372,68,2788.565395
1.657903,81,2788.733236
2.83753,81,2788.890456
1.688046,84,2789.055435
0.697023,86,2789.225832
3.096106,72,2789.369454
5.588796,63,2789.494017
100.781513,50,2789.595742
1.225798,69,2789.729054
1.544476,91,2789.911422
1.421038,130,2790.163861
0.557842,71,2790.318387
1.952032,87,2790.487445
2.055118,74,2790.634513
5.358166,63,2790.756886
4.38335,61,2790.871797
0.507319,85,2791.033938
3.883071,65,2791.160395
3.794702,66,2791.288997
2.335074,69,2791.423292
0.611838,104,2791.626502
104.127153,63,2791.752507
102.579055,59,2791.86807
3.471821,66,2791.997223
3.584546,163,2792.320778
4.572763,84,2792.507887
101.550201,93,2804.011278
-0.217293,1000,2806.032981
2.064792,73,2806.174465
3.010978,66,2806.307855
4.148462,66,2806.441129
100.295611,78,2806.595895
102.478325,66,2806.726807
4.272953,67,2806.8612
2.561555,68,2806.992415
0.758264,84,2807.161597
100.8876,98,2807.354024
4.046214,81,2807.510507
4.952654,76,2807.665084
3.862315,66,2807.802108
0.757499,78,2807.965866
2.521335,69,2819.607989
102.333903,65,2819.737072
4.479212,62,2819.862365
101.958849,97,2820.060861
3.281927,67,2820.199699
103.040399,55,2820.313689
101.007817,67,2820.44941
4.407287,63,2820.580181
2.026209,151,2820.887982
3.978318,71,2821.029241
101.551671,81,2821.199584
0.606665,69,2821.342304
102.394326,72,2821.487564
2.995541,72,2821.633633
1.022464,76,2821.792197
5.292068,67,2821.933644
1.145794,77,2822.090001
103.109512,58,2822.212545
3.735627,61,2822.337288
104.247615,69,2822.478502
4.35498,65,2822.613564
2.168741,77,2822.784845
4.61264,66,2822.917045
102.122444,65,2823.04346
3.313308,67,2823.174073
2.631813,70,2823.308717
1.661307,75,2823.456852
3.110929,80,2823.612775
2.134404,71,2834.980512
1.147255,68,2835.116185
102.439921,65,2835.239046
4.191128,67,2835.369358
0.428783,79,2835.525204
2.693292,73,2835.666386
4.571741,90,2835.839566
103.307864,61,2835.965888
5.738446,73,2836.116437
2.962448,67,2836.246488
100.269478,66,2836.379769
4.681168,63,2836.502266
105.525872,68,2836.636376
3.857116,67,2836.767895
2.907743,70,2836.910486
101.585285,68,2837.053051
4.438348,68,2837.184209
102.318031,70,2837.322788
2.49053,65,2837.453232
3.836979,64,2837.584492
1.390329,97,2837.779742
101.309236,55,2837.887901
100.868029,89,2838.067499
2.856006,91,2838.257849
1.966854,88,2838.439351
3.307789,68,2838.580465
1.794226,72,2838.728087
101.435686,80,2838.921265
-0.336764,117,2850.338617
0.306837,72,2850.488225
-0.438208,84,2850.671239
0.923023,85,2850.842575
5.498871,67,2850.980602
4.294648,65,2851.114727
0.961084,74,2851.265496
3.804855,68,2851.405996
101.148882,64,2851.535964
101.301451,54,2851.646865
5.686067,61,2851.774581
1.466428,64,2851.905782
102.940048,53,2852.01227
3.044862,71,2852.158214
101.26004,74,2852.305826
101.129639,63,2852.434905
5.257518,62,2852.561415
1.895044,73,2852.709947
101.528538,70,2852.852877
3.477323,70,2853.012137
1.903688,82,2853.177263
0.600392,91,2853.355874
103.216131,58,2853.474491
100.263297,86,2853.641715
1.274847,73,2853.779074
5.146052,64,2853.907446
4.797798,69,2854.041935
101.819087,70,2854.177592
0.640866,75,2854.322765
3.471312,68,2865.888377
2.383586,73,2866.03684
2.859963,79,2866.193899
1.486072,72,2866.337411
4.209539,60,2866.471205
0.226183,82,2866.634197
2.694072,63,2866.756858
3.847442,69,2866.891575
1.286906,81,2867.051732
2.108135,69,2867.184928
1.424965,80,2867.340765
4.581132,64,2867.470962
104.531472,70,2867.605181
4.894825,90,2867.791238
102.670616,55,2867.935549
-0.585555,83,2868.155812
1.360594,85,2868.332375
2.171981,71,2868.469628
-0.796134,93,2868.654481
5.51345,63,2868.776791
101.672973,58,2868.889029
4.63397,66,2869.018151
5.869895,82,2869.177113
103.106044,66,2869.306788
3.851065,67,2869.435985
1.288704,71,2869.577532
2.472096,90,2869.757019
3.129792,66,2869.906968
101.927559,66,2881.59952
1.437168,73,2881.747937
2.323034,70,2881.884378
101.150892,78,2882.037055
105.418842,80,2882.199306
2.892429,62,2882.327287
1.947009,79,2882.484493
3.307953,65,2882.616733
5.967023,75,2882.771339
102.51152,55,2882.893453
103.435177,66,2883.032109
0.565536,90,2883.218054
-0.043837,89,2883.400272
3.422317,119,2883.646775
100.446647,51,2883.747508
0.128156,83,2883.923016
101.387553,40,2884.01151
1.676406,73,2884.158151
0.408495,79,2884.3208
1.700856,87,2884.496415
-0.668943,80,2884.658318
3.159128,70,2884.810091
-0.167745,92,2885.005229
2.456303,78,2885.164776
102.558539,45,2885.256974
2.746396,70,2885.397827
1.859761,71,2885.541362
3.22401,90,2885.738554
4.336257,62,2897.110912
3.226702,71,2897.256655
1.912858,74,2897.410991
0.015013,82,2897.576837
1.751194,80,2897.74564
4.612472,61,2897.866246
100.916304,65,2897.992264
4.761148,82,2898.152437
4.761267,64,2898.278167
2.111978,74,2898.425467
101.157115,78,2898.575666
5.319304,62,2898.700025
2.188109,73,2898.842848
5.694509,73,2898.991719
1.951736,74,2899.139293
3.423269,60,2899.273874
4.034157,64,2899.399698
2.788213,74,2899.541681
1.207263,73,2899.690233
0.24315,138,2899.95697
4.045083,67,2900.091225
104.385343,73,2900.232967
4.687917,64,2900.361279
2.852776,81,2900.516916
5.682579,62,2900.638903
2.722649,68,2900.771528
3.981468,66,2900.916128
2.137255,73,2901.060307
-0.360745,108,2912.537939
0.090747,86,2912.705952
1.153035,73,2912.862674
2.39019,75,2913.014568
100.892442,80,2913.174251
4.328655,68,2913.310009
1.309646,73,2913.456905
4.154852,73,2913.602818
2.528773,90,2913.778955
106.175982,69,2913.914735
2.494567,76,2914.071598
3.941508,70,2914.213173
4.590696,63,2914.343577
4.321419,69,2914.486494
5.179725,60,2914.610879
0.512787,113,2914.837007
105.092111,63,2914.979112
102.086528,47,2915.076087
101.184713,66,2915.207946
0.879382,77,2915.362481
3.060284,80,2915.521291
0.620159,80,2915.678773
4.324714,82,2915.842592
1.238052,80,2915.999719
3.509277,66,2916.151536
1.761881,80,2916.309575
3.922025,71,2916.453681
101.327846,78,2927.807204
101.4303,86,2928.034288
1.832818,68,2928.215883
3.838815,70,2928.348876
2.988822,67,2928.480758
2.294995,65,2928.609704
2.262369,67,2928.741547
3.921915,70,2928.882941
100.828797,83,2929.046094
100.795227,98,2929.227623
2.993113,68,2929.36501
3.118767,65,2929.492998
4.262079,70,2929.630719
101.404001,73,2929.774534
3.649763,74,2929.916902
103.625045,74,2930.065268
4.730524,63,2930.187537
2.66483,102,2930.384877
2.081804,70,2930.519855
3.155888,64,2930.644642
101.092552,85,2930.807533
4.390828,70,2930.943553
103.089846,69,2931.0746
100.825906,80,2931.22916
2.457259,68,2931.36913
2.595636,84,2931.534606
4.925642,82,2931.694034
2.589673,92,2943.125878
100.944483,84,2943.308803
2.017155,71,2943.455828
1.173301,84,2943.630693
1.579806,66,2943.769079
102.082179,71,2943.907822
1.635484,71,2944.05005
103.157835,86,2944.21854
3.556777,60,2944.33607
3.501688,67,2944.466886
4.565741,61,2944.587811
3.903385,60,2944.706555
101.181914,76,2944.866895
3.11019,74,2945.018945
4.478506,67,2945.157459
2.843554,65,2945.294032
2.6727,70,2945.438339
-2.009481,182,2945.818638
3.076703,70,2945.960097
101.856199,73,2946.112635
0.862233,97,2946.316329
0.725569,147,2946.616071
1.048266,73,2946.766395
2.930827,70,2946.905873
102.097325,67,2947.035598
4.697729,113,2947.256747
1.271366,71,2958.565385
4.568553,66,2958.694091
3.365144,66,2958.822011
3.256069,66,2958.965777
3.456549,69,2959.102068
100.703029,43,2959.186786
4.348679,69,2959.32183
101.457977,96,2959.511317
102.32819,69,2959.645149
3.372323,67,2959.782423
0.963896,72,2959.921992
5.576952,80,2960.081393
2.344304,63,2960.202439
2.706219,65,2960.328941
2.747334,69,2960.462013
1.993318,70,2960.601893
100.952285,72,2960.743673
1.715103,98,2960.94982
-0.156936,249,2961.437362
3.764281,66,2961.565964
3.245971,68,2961.699489
1.052566,86,2961.86535
0.259482,98,2962.056533
5.618639,73,2962.202071
2.934207,80,2962.355756
1.901145,82,2973.816925
0.735862,110,2974.027493
1.434862,87,2974.198404
-1.147062,129,2974.450052
3.538293,67,2974.581659
4.459188,62,2974.706588
3.130005,73,2974.859351
3.79374,88,2975.039092
101.099014,68,2975.176501
100.804943,82,2975.340895
2.557632,72,2975.49227
3.997266,61,2975.614884
5.254742,83,2975.785264
101.325957,107,2975.99301
101.431037,66,2976.121121
-0.245186,1000,2989.309355
101.902733,47,2989.404787
101.210962,86,2989.578652
3.231803,84,2989.75029
100.609064,75,2989.903038
3.196059,68,2990.041548
0.87888,168,2990.373663
2.204289,74,2990.523808
3.854054,68,2990.663698
2.242838,59,2990.786095
4.676966,120,2991.031249
101.809254,57,2991.146441
2.479503,70,2991.29058
100.885278,77,2991.447419
3.684832,61,2991.569731
3.045834,65,2991.701057
4.871198,103,2991.907876
0.008146,1000,3005.260377
4.143437,65,3005.388603
0.445758,70,3005.520976
0.712836,85,3005.687322
1.280799,64,3005.825443
5.506483,68,3005.965047
4.194712,84,3006.131218
0.238996,75,3006.277948
101.428091,70,3006.417562
2.261926,66,3006.545484
-1.036412,94,3006.737846
3.532725,72,3006.879463
4.292019,61,3006.99866
3.90726,64,3007.125201
2.104017,68,3007.258882
-0.825443,90,3007.43833
3.670333,64,3007.565927
5.005037,68,3007.70068
-0.723299,138,3007.970959
-1.443019,374,3020.028304
102.886342,54,3020.133401
2.253446,64,3020.258583
3.12656,84,3020.421329
4.76706,68,3020.555576
1.050954,77,3020.706161
4.165888,80,3020.861713
2.530807,72,3021.020271
6.041343,63,3021.148403
4.305114,61,3021.272425
2.350863,97,3021.468112
3.238433,89,3021.653261
2.862087,67,3021.792223
100.401559,84,3021.964998
101.408552,65,3022.104203
100.509586,169,3022.451653
1.498146,74,3022.598204
100.771476,38,3022.672549
1.62865,68,3022.810943
101.119345,867,3035.87604
-0.871742,135,3036.157322
102.9652,73,3036.30804
101.282094,53,3036.419557
1.702018,123,3036.689274
4.48685,88,3036.86969
1.596577,76,3037.021807
2.111905,94,3037.20589
3.493168,65,3037.336621
4.779883,66,3037.471074
5.042471,80,3037.627259
3.656726,81,3037.789283
-0.264147,925,3051.019407
5.356871,78,3051.180752
0.370387,185,3051.560445
2.214742,100,3051.754669
2.310709,76,3051.905273
1.690892,69,3052.046648
1.332394,81,3052.211237
1.868599,59,3052.332679
104.633176,59,3052.457316
0.711009,81,3052.619191
1.436892,87,3052.794371
101.62505,87,3052.96873
102.081503,45,3053.058368
1.77493,66,3053.186032
103.973088,73,3053.330114
1.312712,77,3053.483591
100.902786,312,3054.107077
0.543727,76,3054.25671
4.495719,66,3054.388766
2.537499,81,3054.54719
101.603524,48,3054.637899
3.93267,65,3054.765576
4.099218,101,3054.981495
2.094247,59,3066.2698
4.481767,97,3066.467806
103.819178,67,3066.605042
100.36424,59,3066.741891
4.659613,62,3066.873039
2.732392,60,3066.996704
2.071657,61,3067.122406
0.134992,103,3067.338961
2.719059,70,3067.484319
3.386875,92,3067.677481
3.152885,59,3067.802036
1.000723,71,3067.964365
100.83462,85,3068.139315
4.226112,65,3068.275287
1.907375,74,3068.426716
101.104423,61,3068.550751
102.683391,71,3068.688523
3.653256,64,3068.814536
3.783084,64,3068.943345
1.183433,78,3069.095741
1.539212,75,3069.242476
0.903732,72,3069.383909
-2.63833,113,3069.611663
3.615706,70,3069.754271
-0.097062,111,3069.983324
2.114526,74,3070.139765
1.085138,69,3070.281305
103.725641,57,3070.39805
0.561042,108,3081.837899
2.58586,61,3081.96295
2.165741,81,3082.131702
2.951385,72,3082.276752
2.151966,70,3082.425059
2.522302,68,3082.56813
0.511711,454,3083.480898
4.194163,67,3083.612438
3.96801,67,3083.744051
2.749423,85,3083.909992
4.317478,63,3084.034761
4.602816,70,3084.174592
0.897252,89,3084.353271
4.356252,96,3084.560101
-0.041273,82,3084.717037
2.368691,71,3084.860281
3.167515,96,3085.046968
103.600352,53,3085.151257
1.505762,101,3085.355028
1.661354,85,3085.520511
101.31831,34,3085.588789
1.406523,73,3085.732096
2.82469,73,3097.16095
3.830758,72,3097.2997
0.310226,113,3097.522963
101.455219,73,3097.668593
2.962631,59,3097.785607
3.906108,114,3098.00782
102.142626,66,3098.13664
4.584657,80,3098.291971
100.856025,92,3098.469508
4.254442,60,3098.588938
100.909349,85,3098.767294
3.766473,67,3098.897396
2.23028,65,3099.023455
1.353124,99,3099.216834
3.649308,80,3099.37279
1.471471,72,3099.518044
4.953002,87,3099.69619
3.020309,73,3099.837468
0.73082,85,3100.004171
3.513257,89,3100.206784
4.546201,66,3100.333167
2.129168,70,3100.469303
100.600953,57,3100.581786
0.54891,72,3100.724282
4.033759,78,3100.876599
103.274348,49,3100.973448
3.685726,61,3112.403316
4.591304,88,3112.586918
103.047802,75,3112.755178
4.294012,62,3112.884708
102.333509,77,3113.042251
2.904358,89,3113.228956
2.20514,58,3113.353648
2.894689,69,3113.499923
0.03622,1000,3115.585313
102.476496,68,3115.72229
3.655858,68,3115.864838
104.758033,59,3115.987128
1.725166,73,3116.13954
4.722084,63,3116.269886
3.286771,90,3116.460133
4.072238,77,3116.609715
2.63051,90,3127.99722
4.405693,63,3128.129011
1.692417,84,3128.297116
3.315285,66,3128.432396
100.66469,62,3128.576235
3.962365,60,3128.699468
2.023094,71,3128.848576
4.533318,60,3128.974744
3.549069,65,3129.10903
3.824063,86,3129.285591
100.767185,50,3129.388647
2.759283,70,3129.53256
5.450406,81,3129.701262
100.374471,120,3129.943214
3.953786,74,3130.100982
1.770026,86,3130.274741
3.351595,76,3130.425646
1.092834,85,3130.590343
3.030332,66,3130.719931
2.152326,70,3130.876758
3.845905,67,3131.008882
-1.466591,125,3131.267087
3.255807,67,3131.405872
3.083829,66,3131.542208
1.997595,74,3131.694373
2.023246,69,3131.835283
101.972292,41,3131.920019
5.05687,63,3132.049639
4.686012,65,3143.394782
3.343496,68,3143.537953
4.965596,63,3143.669095
3.214807,67,3143.808499
2.491352,66,3143.945941
2.242999,73,3144.097394
101.813283,83,3144.267946
0.594554,81,3144.44061
3.800587,94,3144.625013
1.471669,59,3144.740722
1.694087,58,3144.852414
100.964117,254,3145.367795
105.981784,66,3145.507134
2.335165,59,3145.629224
4.775975,76,3145.78227
102.459651,70,3145.927449
4.2518,81,3146.093741
2.466569,93,3146.294253
4.109857,78,3146.455272
105.853283,63,3146.584572
0.44076,87,3146.766845
2.119253,70,3146.911354
2.10133,69,3147.053274
2.928287,67,3147.206672
100.920887,56,3147.32197
4.898975,89,3147.505606
0.167733,171,3159.098151
0.76447,73,3159.237767
3.662691,66,3159.369153
2.177052,69,3159.503813
2.476628,70,3159.640455
0.690094,75,3159.789299
102.227867,77,3159.94172
-0.836264,1000,3161.947515
103.299205,56,3162.064166
101.529806,74,3162.215062
101.446812,63,3162.346269
0.731939,78,3162.508482
1.998812,86,3162.699852
3.707702,60,3162.823899
0.449166,244,3174.538435
1.81538,72,3174.695811
3.296842,66,3174.830793
101.138189,169,3175.164631
1.024847,77,3175.318895
101.416266,60,3175.438269
101.503433,69,3175.573553
4.467871,71,3175.712782
1.455596,77,3175.871804
6.040769,71,3176.019507
3.392007,66,3176.161213
4.055529,93,3176.359421
2.875817,66,3176.486984
0.860785,87,3176.655653
-0.166813,99,3176.844446
102.318596,73,3176.986045
102.421006,71,3177.126765
4.160143,62,3177.246257
5.900667,73,3177.392198
3.643088,84,3177.554571
3.456929,69,3177.68792
3.470617,68,3177.822958
4.939066,64,3177.948275
2.410564,70,3178.083484
3.815768,69,3178.224603
4.013523,66,3189.720689
101.200498,67,3189.859228
1.156353,76,3190.018492
102.069079,67,3190.152261
3.767735,72,3190.303002
1.297016,107,3190.520225
4.08557,68,3190.666938
5.366688,84,3190.846786
1.590551,86,3191.022768
1.33856,104,3191.246307
3.858987,70,3191.388803
5.288272,83,3191.562269
2.628026,74,3191.717039
0.42572,79,3191.880549
5.387521,62,3192.014093
101.34815,68,3192.151982
0.371657,111,3192.378699
2.956547,75,3192.533709
-0.184191,87,3192.717727
102.182541,67,3192.871787
1.609146,74,3193.02501
4.440931,59,3193.145412
4.361364,68,3193.285143
5.264432,72,3193.433741
3.161688,85,3193.606579
0.626741,1000,3206.855272
3.916638,79,3207.017652
3.000066,79,3207.179494
103.756437,77,3207.336485
4.445253,61,3207.460567
1.807916,74,3207.610371
1.945122,75,3207.765622
4.33581,78,3207.940964
-2.189264,109,3208.163636
4.319905,81,3208.33011
101.958484,79,3208.491016
0.198398,79,3208.650048
4.384609,63,3208.781128
102.422459,77,3208.942362
-2.086182,144,3209.242306
100.685373,84,3220.591453
1.817938,68,3220.730389
1.537105,64,3220.861741
2.662166,86,3221.045758
4.844309,69,3221.189936
101.208983,69,3221.334395
0.412902,1000,3223.383944
2.979648,65,3223.515227
102.089088,66,3223.645504
101.346163,77,3223.794211
0.529563,82,3223.955928
3.29612,61,3224.076971
3.357452,65,3224.205252
3.915036,82,3224.368288
-2.517066,139,3235.872668
3.144133,80,3236.040966
100.969065,62,3236.170207
2.86605,72,3236.326764
100.782655,83,3236.488406
2.449572,68,3236.62159
1.953701,57,3236.733804
101.603969,79,3236.89091
100.335654,53,3237.002469
3.772965,67,3237.130711
102.404559,49,3237.227384
100.243999,14,3237.254946
-0.185076,76,3237.405348
-0.565654,115,3237.632733
0.226126,140,3237.904435
0.593466,76,3238.057086
5.627875,68,3238.207576
2.999861,71,3238.353177
103.384544,76,3238.514001
1.976565,70,3238.658083
1.940222,72,3238.807853
102.314471,72,3238.959359
1.322735,103,3239.174699
4.254411,63,3239.308817
104.832585,60,3239.432402
1.932044,71,3239.578885
2.272245,74,3239.733948
100.446148,77,3239.88628
-0.995481,105,3251.474108
0.470613,85,3251.64679
2.208298,71,3251.787441
3.562348,67,3251.923012
104.336874,68,3252.062374
0.685274,76,3252.21686
-0.054183,89,3252.401657
101.857322,73,3252.551612
3.190985,83,3252.730649
3.739382,75,3252.883383
101.849129,60,3253.011278
101.466505,41,3253.096212
1.099889,1000,3255.081719
106.197967,75,3255.229083
0.238681,86,3255.398202
100.743327,64,3266.806529
2.649708,72,3266.950856
0.160578,84,3267.117939
101.221401,47,3267.211147
4.417524,76,3267.363729
3.246199,65,3267.503039
0.341253,92,3267.7013
5.359137,64,3267.83857
100.495725,771,3269.448825
101.693402,77,3269.611938
102.596274,69,3269.753693
2.917159,73,3269.899964
100.497507,75,3270.048825
3.617193,66,3270.18197
5.448095,67,3270.323118
101.950744,116,3270.566864
1.697301,70,3270.724813
3.245868,71,3270.873007
1.123254,81,3271.038285
103.608504,68,3282.441195
4.063569,65,3282.585268
4.106017,67,3282.724272
103.92132,80,3282.886915
3.649485,65,3283.024667
1.808262,69,3283.172883
5.690922,83,3283.34238
4.098199,64,3283.475531
101.216286,81,3283.642864
4.783785,60,3283.768348
104.222755,79,3283.928992
0.555464,82,3284.10234
3.40249,68,3284.240421
100.351051,117,3284.485773
101.262029,79,3284.643952
100.812792,149,3284.940031
100.948433,81,3285.101379
3.550531,69,3285.235715
101.817933,79,3285.38759
104.460751,57,3285.496406
1.443694,69,3285.631116
101.125885,69,3285.76597
1.942141,84,3285.927967
0.876755,74,3286.093021
101.364314,76,3286.240203
0.953907,76,3286.387047
3.774113,68,3297.801497
0.003364,80,3297.965205
102.402182,66,3298.098788
101.029425,81,3298.261903
2.978526,69,3298.417047
4.446607,63,3298.549167
105.118083,64,3298.682185
1.848019,83,3298.854988
101.772781,39,3298.931894
3.554358,65,3299.057109
4.710097,66,3299.182884
102.13541,62,3299.306179
103.336092,70,3299.453158
1.902191,68,3299.587962
2.738485,86,3299.754642
3.039187,92,3299.939878
3.640923,67,3300.077362
5.481573,76,3300.228763
100.496407,77,3300.382486
3.794706,105,3300.589781
1.962386,69,3300.725765
3.451848,63,3300.850429
101.206334,68,3300.991572
0.878708,104,3301.200093
101.976203,61,3301.324922
2.697547,71,3301.471712
102.905871,69,3301.61213
1.82265,74,3301.765397
103.475254,75,3313.180217
3.617867,95,3313.368858
1.703324,69,3313.51388
101.96835,73,3313.661637
2.885512,67,3313.796103
0.301201,1000,3315.853547
2.472317,61,3315.979989
-0.303874,97,3316.174489
5.402863,63,3316.30458
-0.56203,88,3316.483644
102.845753,57,3316.600049
5.076656,68,3316.741156
-0.055618,96,3316.936367
0.922635,82,3317.105797
2.198131,96,3317.309533
101.573818,96,3328.757904
5.905276,64,3328.886865
1.469275,85,3329.061855
-0.241075,1000,3331.137886
2.07563,82,3331.303033
0.913425,63,3331.435487
100.825858,79,3331.598881
2.315209,64,3331.729784
1.197267,77,3331.89024
1.084333,85,3332.065989
5.634481,68,3332.204405
102.435343,67,3332.361767
3.889191,65,3332.495777
0.651459,82,3332.667043
4.51743,72,3332.817623
100.187628,57,3344.230146
103.212208,51,3344.330752
100.675108,63,3344.456126
5.332523,72,3344.595685
104.161093,64,3344.737695
1.274819,81,3344.895688
3.466351,67,3345.035143
4.349667,74,3345.184957
1.274187,103,3345.39177
2.097163,91,3345.577147
3.643289,61,3345.703821
0.878618,449,3346.637145
1.821072,72,3346.783883
4.344485,70,3346.932523
1.632035,72,3347.078647
3.946571,67,3347.221065
1.664867,66,3347.357259
101.142383,68,3347.501619
100.33351,56,3347.619014
100.83129,77,3347.779761
3.328136,64,3347.912833
2.615082,64,3348.047596
100.38659,64,3348.178023
2.009753,71,3348.325558
100.963653,73,3359.693188
4.380724,60,3359.828406
1.081476,98,3360.025748
1.187847,81,3360.191402
103.498836,74,3360.344766
0.854491,100,3360.55061
3.331621,72,3360.698135
101.146724,77,3360.851033
0.859742,65,3360.985345
3.146189,69,3361.12775
3.864901,74,3361.278064
3.731096,63,3361.411302
0.85513,88,3361.590577
100.362019,62,3361.719177
0.528446,77,3361.87535
5.894931,65,3362.006896
3.464361,59,3362.125067
100.540542,90,3362.309029
100.724342,51,3362.415062
0.5103,78,3362.573238
102.918574,72,3362.718801
101.917455,62,3362.845963
2.948968,81,3363.013117
104.311843,73,3363.162781
3.643682,66,3363.297257
104.188402,71,3363.443792
4.182239,76,3363.596931
100.431081,70,3363.745642
100.698431,102,3375.226209
3.434081,68,3375.363715
-0.577713,106,3375.594343
102.764192,47,3375.698235
102.56209,72,3375.846791
3.535615,67,3375.984547
1.970723,111,3376.210038
5.052177,65,3376.344826
-0.550625,85,3376.525154
101.863898,90,3376.709534
100.497407,65,3376.844583
2.026261,86,3377.018574
100.697984,86,3377.196345
3.220189,88,3377.38654
4.049045,64,3377.517151
103.344837,65,3377.649835
4.156414,70,3377.79122
102.750503,69,3377.931892
102.546821,45,3378.024277
3.091938,67,3378.157801
5.476501,66,3378.292425
2.395955,119,3378.539472
4.244503,65,3378.672615
101.087636,96,3378.87441
0.719908,81,3379.046559
101.445346,38,3379.12625
101.500538,92,3379.315255
5.604344,81,3390.705064
4.645898,65,3390.8308
105.551751,68,3390.963564
3.360769,64,3391.091609
1.866679,71,3391.247307
102.328557,64,3391.380631
3.882598,77,3391.541445
100.277589,61,3391.672995
3.293185,67,3391.80912
3.820591,65,3391.943933
5.459886,62,3392.072104
103.457349,52,3392.176886
101.567933,70,3392.321462
6.203364,93,3392.512292
100.82155,35,3392.585822
3.448512,66,3392.725343
2.691064,75,3392.878403
101.604025,49,3392.978761
2.181175,69,3393.11527
1.658966,68,3393.263785
100.858956,135,3393.543141
4.17472,72,3393.692524
4.205062,60,3393.816636
1.62722,95,3394.008994
1.117423,80,3394.171543
4.092086,84,3394.346564
-0.888685,593,3406.764167
3.614938,69,3406.907196
0.430148,1000,3408.978537
0.13702,1000,3422.157917
101.558877,68,3422.299974
1.138975,76,3422.457424
102.956977,71,3422.601885
2.620543,83,3422.776233
3.87764,72,3422.925888
0.963838,75,3423.081241
3.973791,69,3423.226619
0.518643,79,3423.391324
2.516013,65,3423.521957
1.902517,63,3423.648943
5.296124,88,3423.827579
4.117629,65,3423.959381
100.525757,89,3424.143147
101.114361,71,3424.286907
100.796499,76,3424.438519
5.886561,62,3424.565191
101.869563,70,3424.710961
2.727437,73,3424.85639
2.949031,71,3425.006345
0.926739,127,3425.266566
1.6895,71,3425.409581
-0.08187,93,3436.859722
3.512572,61,3436.984148
3.542555,71,3437.144973
4.303711,71,3437.287015
2.880786,67,3437.424277
3.764396,97,3437.626439
104.06274,60,3437.749018
2.274908,61,3437.875914
101.271373,92,3438.066934
4.385265,62,3438.18528
-0.750837,82,3438.345247
2.921588,72,3438.493112
0.781527,75,3438.642642
1.559468,143,3438.920888
100.863462,127,3439.166719
2.662983,75,3439.319755
4.045445,68,3439.455123
101.294211,65,3439.586719
-0.931725,1000,3452.793771
3.51563,65,3452.925352
3.333885,67,3453.063787
0.333769,83,3453.230466
-0.137114,108,3453.447486
102.111225,78,3453.605214
2.153217,81,3453.770084
5.027517,62,3453.894302
0.876028,88,3454.075781
4.086168,65,3454.221111
2.736593,61,3454.346493
102.082638,51,3454.451585
104.438554,56,3454.564323
103.324095,56,3454.680207
105.137185,60,3454.808075
0.886727,69,3454.949424
104.880251,78,3455.106822
0.361531,79,3455.261368
4.508716,60,3455.381808
101.327058,67,3455.512817
103.146139,73,3455.655172
101.010288,91,3455.865216
1.776527,95,3456.061952
0.626554,93,3456.262267
100.940619,148,3467.699268
2.548641,74,3467.842792
0.103598,93,3468.025892
5.327403,63,3468.189396
3.89167,59,3468.308263
-0.32778,82,3468.471213
100.720053,48,3468.565078
-2.180717,122,3468.806992
101.286315,86,3468.975739
4.08021,75,3469.130929
-1.493004,99,3469.32395
4.177809,69,3469.459161
4.567813,61,3469.584073
102.435195,71,3469.725008
1.313649,90,3469.899801
1.720518,64,3470.025347
4.061368,65,3470.159658
-0.841635,87,3470.329107
2.115967,80,3470.486237
3.838443,60,3470.603954
101.151636,45,3470.695351
4.756629,74,3470.843916
3.677138,65,3470.969278
100.696268,73,3471.118851
4.609647,65,3471.253605
3.58435,84,3471.425184
105.562245,75,3482.821449
1.533382,74,3482.964342
2.604729,81,3483.123986
4.861496,67,3483.275101
1.73618,60,3483.394331
2.747996,88,3483.566982
3.280308,67,3483.701466
100.740182,76,3483.854378
3.971498,89,3484.038463
3.244073,60,3484.156893
2.347637,75,3484.308037
3.84521,69,3484.440134
101.273132,68,3484.572957
2.819322,93,3484.769592
4.282419,105,3484.999903
4.799799,61,3485.126286
1.330455,78,3485.284213
100.925385,59,3485.405896
5.975348,63,3485.539463
1.042589,84,3485.708006
105.42775,64,3485.832855
0.481959,76,3485.981829
102.10531,76,3486.130022
1.234698,72,3486.278718
3.799917,114,3486.528733
105.066344,74,3486.681022
4.989741,69,3486.821446
3.050877,70,3486.967538
3.145821,93,3498.388931
4.405257,73,3498.531675
-2.020275,135,3498.806434
4.814668,84,3498.995774
3.4567,76,3499.140476
4.053639,76,3499.290087
102.07631,59,3499.407794
4.633746,64,3499.530928
1.977819,71,3499.668273
3.471584,86,3499.837745
3.115799,68,3499.973175
3.029594,75,3500.128284
3.095403,91,3500.317769
103.75344,55,3500.429459
2.280322,81,3500.599086
3.090909,66,3500.749938
3.625452,67,3500.890064
2.397594,85,3501.062542
2.339547,60,3501.185246
0.558379,73,3501.33504
4.167538,69,3501.478046
2.249373,69,3501.620488
101.419706,66,3501.754359
4.928934,137,3502.033504
2.18119,97,3502.230624
102.407362,68,3502.371966
3.575181,70,3513.7478
105.890928,74,3513.898875
101.311707,66,3514.035299
3.528078,73,3514.185189
102.132008,63,3514.317195
2.634212,60,3514.437952
3.936918,67,3514.573689
3.281892,95,3514.786056
3.900851,65,3514.921509
-0.211276,74,3515.081225
0.977985,89,3515.266505
2.340964,111,3515.500269
5.266102,87,3515.682737
102.246893,46,3515.773779
100.436695,23,3515.826536
101.08215,72,3515.976233
103.369399,58,3516.095128
4.997527,61,3516.222982
5.753074,63,3516.356062
3.201011,70,3516.501461
3.717058,70,3516.641614
5.516293,65,3516.775569
4.950703,67,3516.91343
103.436286,52,3517.017776
1.245058,92,3517.207542
4.418467,73,3517.355428
3.948724,82,3517.522165
101.685901,71,3517.668683
5.791452,64,3517.802926
2.894014,85,3529.341016
1.62131,87,3529.532795
-1.727583,98,3529.737103
1.065202,68,3529.880449
3.167728,74,3530.031576
105.314947,72,3530.177343
2.60945,72,3530.334095
101.1923,57,3530.451194
105.082756,71,3530.596652
-0.377656,86,3530.773259
100.758099,37,3530.850026
101.126154,33,3530.929266
1.659006,88,3531.115096
100.40424,69,3531.253812
1.668095,83,3531.425088
3.887115,65,3531.562635
101.954626,55,3531.677929
4.140261,78,3531.837359
105.191499,67,3531.974078
3.501323,60,3532.100024
3.44857,74,3532.253011
4.654242,67,3532.391221
2.656347,78,3532.551783
3.461757,214,3532.996606
5.211927,87,3533.173835
3.247631,90,3533.362998
0.139711,84,3544.796219
2.015783,71,3544.934303
3.654995,71,3545.090499
100.928127,73,3545.231621
1.516223,78,3545.391884
0.007071,1000,3547.381005
3.372847,139,3547.658911
5.224844,77,3547.80984
1.784911,80,3547.965942
2.94522,73,3548.110429
100.525447,64,3548.236548
103.696947,63,3548.357526
-0.161038,83,3548.534603
5.139584,84,3548.700605
2.585353,67,3548.834771
3.747691,93,3560.232286
1.178676,72,3560.380076
3.504452,65,3560.514918
1.555764,86,3560.698132
101.56459,85,3560.877407
1.134786,75,3561.033075
2.508028,76,3561.191314
1.320702,265,3561.734495
2.175672,73,3561.877194
0.712473,91,3562.055896
2.45482,69,3562.190045
3.249135,59,3562.309015
1.844019,80,3562.469751
0.423036,68,3562.604841
3.555345,101,3562.803091
5.898015,64,3562.931879
103.415704,62,3563.054414
105.335477,71,3563.196097
103.633575,73,3563.338328
5.075638,67,3563.472156
-0.15129,97,3563.661425
5.475238,65,3563.789042
1.439126,110,3564.009777
0.236746,77,3564.158641
5.616745,74,3575.496284
101.127329,110,3575.709587
102.767393,70,3575.851867
101.087523,77,3576.008747
2.46401,73,3576.150043
0.540343,70,3576.29148
4.625815,75,3576.441004
1.664071,71,3576.601114
3.75475,67,3576.736145
100.984866,53,3576.839331
3.022919,79,3576.991105
3.825739,75,3577.13794
1.202222,80,3577.296056
2.104977,68,3577.427687
101.754463,89,3577.602894
3.830598,73,3577.748294
4.09374,70,3577.88411
101.428326,66,3578.015801
3.760443,68,3578.150941
102.237098,62,3578.270537
2.47026,76,3578.420339
3.854338,59,3578.536936
104.509154,56,3578.646996
3.967575,65,3578.780084
2.017062,71,3578.919534
101.91386,58,3579.038077
3.381493,59,3579.15251
3.889439,71,3579.286662
3.79333,69,3579.420266
4.43503,94,3590.832848
2.493787,68,3590.984201
1.626423,79,3591.13946
4.539663,87,3591.313203
1.692801,70,3591.449409
3.129975,74,3591.594367
100.952397,64,3591.718725
2.025822,73,3591.864242
2.316307,61,3591.987816
5.118136,84,3592.150914
101.557521,85,3592.31907
2.797887,69,3592.462015
3.284564,76,3592.621541
103.164476,54,3592.730196
4.563923,91,3592.935883
101.104652,64,3593.070216
1.672055,69,3593.212169
1.284965,72,3593.366377
-2.052223,103,3593.578702
4.299648,62,3593.706528
101.329057,83,3593.876399
5.618389,78,3594.027997
101.646476,81,3594.186818
4.062062,93,3594.391859
1.581332,86,3594.563317
100.632543,358,3606.548556
105.471452,66,3606.675396
1.241191,89,3606.867027
101.286839,127,3607.120916
1.16633,84,3607.287393
4.944614,84,3607.452249
3.497575,61,3607.573787
101.840923,55,3607.682121
2.035096,84,3607.846386
100.827197,78,3607.99776
100.257761,65,3608.130233
101.149713,66,3608.275882
101.579458,78,3608.431385
1.862651,71,3608.569478
4.679924,66,3608.698678
2.904964,81,3608.858427
101.581519,66,3608.98404
1.341008,76,3609.129436
4.486284,110,3609.348011
5.016194,65,3609.476049
2.938431,96,3609.662433
3.393341,85,3609.828185
1.654573,66,3609.954517
2.413063,84,3610.157966
1.72467,75,3621.563983
0.91629,85,3621.741384
101.533494,87,3621.922924
105.580345,61,3622.051035
3.283592,61,3622.184381
101.034895,77,3622.344
3.850794,65,3622.480192
101.923315,79,3622.659985
2.522582,71,3622.803827
2.369255,76,3622.954649
3.918517,59,3623.077907
100.894189,93,3623.258673
2.983489,86,3623.425815
102.425938,70,3623.565746
3.451945,70,3623.707186
1.228846,88,3623.887784
101.471816,64,3624.020901
0.806197,74,3624.172886
3.072282,87,3624.349782
2.75176,73,3624.503585
5.229721,60,3624.626552
101.006403,85,3624.803791
3.628967,68,3624.938341
0.867718,68,3625.073384
2.758608,68,3625.205591
2.016675,69,3625.343912
102.002688,82,3625.510524
1.174305,78,3636.819882
3.462952,65,3636.951674
1.368235,74,3637.09791
101.389836,83,3637.265114
2.504383,68,3637.412026
2.047771,70,3637.549071
5.041776,63,3637.668278
0.256096,85,3637.836713
5.584386,64,3637.964711
104.566506,72,3638.102093
3.633745,75,3638.249145
102.736653,63,3638.372638
101.22744,91,3638.548107
103.516732,71,3638.68566
102.289676,47,3638.795604
2.224101,75,3638.943639
3.767581,74,3639.087655
101.078862,76,3639.236037
-0.340704,84,3639.39884
102.363089,52,3639.49812
3.243484,97,3639.687607
3.345387,65,3639.812364
3.071138,59,3639.927758
2.023355,70,3640.064935
3.184885,72,3640.210677
1.369022,75,3640.35843
0.406331,86,3640.531198
3.596984,66,3640.660184
0.580816,89,3640.835594
101.478239,90,3652.17478
2.989703,74,3652.333077
3.06558,70,3652.470107
2.291096,63,3652.597788
4.046469,67,3652.736055
100.492353,58,3652.849174
1.201796,74,3652.992009
104.048456,56,3653.106559
2.512156,60,3653.229295
2.383502,71,3653.369464
2.266604,62,3653.492671
0.935268,82,3653.654711
104.730493,60,3653.769141
0.911776,96,3653.958399
3.267083,72,3654.100002
5.015112,74,3654.259365
101.085812,70,3654.394619
3.679481,72,3654.537454
3.439856,60,3654.662356
2.860191,68,3654.793084
1.991091,70,3654.932905
3.140696,65,3655.056802
101.033365,88,3655.226151
2.322708,98,3655.418343
0.554541,91,3655.590383
4.114313,69,3655.726002
2.612665,69,3655.860545
2.050702,73,3656.002537
3.019693,82,3667.299294
3.689475,61,3667.418583
4.628578,66,3667.554883
5.358721,87,3667.736278
101.446254,113,3667.983033
0.907131,71,3668.129988
2.813249,72,3668.274046
3.8488,83,3668.453955
4.745786,73,3668.603682
102.923108,69,3668.743673
6.007595,72,3668.891253
2.679431,67,3669.024314
100.248356,72,3669.166371
106.101316,64,3669.293832
2.7622,78,3669.455506
3.651128,93,3669.64674
-1.78605,94,3669.840879
1.66707,71,3669.985311
4.422472,66,3670.118832
0.702763,72,3670.270227
101.342691,82,3670.437631
102.677731,59,3670.557778
3.722183,80,3670.72383
102.943254,62,3670.847906
3.889461,71,3670.990264
2.555551,81,3671.147866
4.600926,69,3671.282627
101.478213,89,3682.666558
3.191895,65,3682.818035
3.916408,90,3683.002873
1.314167,86,3683.178182
2.67385,62,3683.309034
-0.530684,97,3683.508995
102.349768,68,3683.647635
1.343225,91,3683.83923
0.42185,90,3684.025478
100.582595,70,3684.167143
3.159161,74,3684.320075
2.140186,72,3684.47035
100.77639,86,3684.64267
4.236008,82,3684.81004
4.049351,73,3684.957385
102.53413,72,3685.098933
101.281019,63,3685.22757
100.902833,69,3685.364431
2.040786,76,3685.516843
3.133459,88,3685.698032
4.154986,90,3685.892427
3.616988,70,3686.037616
5.040816,62,3686.165672
4.452964,91,3686.355379
101.775061,82,3686.526797
4.232845,63,3686.656588
2.947471,74,3686.810378
101.795921,91,3698.319504
1.686121,66,3698.458016
1.393772,261,3699.002737
102.092747,67,3699.140011
2.937682,67,3699.281787
101.21382,84,3699.451442
4.173899,77,3699.605835
3.929856,68,3699.736886
3.337676,184,3700.114664
100.688607,85,3700.277884
100.903408,98,3700.470441
101.225409,85,3700.63744
-0.092711,165,3700.965339
101.454284,85,3701.135285
100.410624,145,3701.434294
101.460585,88,3701.614058
2.383964,69,3701.758145
-1.686382,125,3702.025164
102.024761,71,3702.170755
0.22727,80,3713.529502
2.440618,70,3713.673894
1.17616,86,3713.844479
2.121179,69,3713.982282
2.38725,79,3714.14816
5.317329,64,3714.287534
5.241877,67,3714.428111
-1.60544,111,3714.661606
-2.609056,136,3714.945911
0.912108,153,3715.268458
0.397532,77,3715.431637
1.31859,79,3715.602412
105.609039,65,3715.736663
1.070819,79,3715.913736
-0.226673,99,3716.117986
1.968563,68,3716.259629
101.431083,71,3716.40853
1.332324,62,3716.534963
2.419948,65,3716.670983
2.539309,60,3716.793357
100.696259,104,3716.997202
4.59324,68,3717.129507
1.135424,88,3717.30352
-1.539446,331,3729.159379
2.689153,67,3729.295695
100.611541,64,3729.434198
100.672913,91,3729.625828
1.895625,88,3729.809569
5.619469,62,3729.955907
1.481269,82,3730.129734
100.753783,85,3730.306859
4.213872,65,3730.4421
1.106865,72,3730.591644
2.932285,68,3730.7292
4.59282,72,3730.872715
2.213983,100,3731.067738
3.327481,61,3731.186317
101.749452,123,3731.429934
100.992326,85,3731.596478
3.064461,83,3731.760861
3.625499,61,3731.888503
4.744877,68,3732.028444
102.460632,68,3732.158324
100.737921,74,3732.304479
4.109625,71,3732.446474
101.27684,72,3732.587423
4.224993,61,3732.707247
4.161005,70,3732.842606
4.167597,61,3732.961645
3.698114,59,3733.081714
3.295211,69,3744.460911
0.492671,80,3744.625616
3.246534,66,3744.762081
2.324853,63,3744.895696
2.922447,71,3745.046889
2.31401,63,3745.175596
4.143406,65,3745.310347
4.744196,98,3745.513965
104.605612,82,3745.684293
3.092968,61,3745.812001
-1.816376,105,3746.010896
103.617838,64,3746.136784
4.94689,72,3746.27896
3.503446,61,3746.401866
103.805861,75,3746.557862
2.571942,59,3746.681307
2.72948,69,3746.822517
104.426738,55,3746.941182
102.868748,62,3747.05825
4.795581,62,3747.183249
4.348226,62,3747.309682
2.406272,68,3747.447623
100.885572,58,3747.566179
103.127177,67,3747.705272
101.264067,56,3747.819212
101.83914,80,3747.984757
1.148321,84,3748.152184
1.021564,76,3748.310608
3.829784,82,3748.483576
4.953005,59,3759.876403
1.927292,75,3760.027383
0.621136,94,3760.23089
101.984384,63,3760.351777
102.686559,72,3760.492943
101.762767,62,3760.615641
1.825487,71,3760.756319
4.856153,75,3760.902101
-1.10731,93,3761.090038
2.995737,68,3761.225709
2.329783,70,3761.364983
4.063977,74,3761.511809
1.143096,88,3761.682738
4.013904,69,3761.813695
4.563573,64,3761.946524
3.019461,71,3762.095042
2.966094,64,3762.226289
2.975361,64,3762.359188
2.546624,85,3762.534301
3.377419,487,3763.52293
0.225952,1000,3776.789707
2.374096,76,3776.944169
1.460791,84,3777.109742
5.110903,66,3777.236886
101.918406,75,3777.385938
105.112123,67,3777.517604
4.32255,66,3777.650714
100.760793,88,3777.821259
102.224626,79,3777.978985
2.575044,70,3778.115215
2.35033,88,3778.28636
5.522436,73,3778.438675
102.123711,53,3778.540762
5.133426,75,3778.688541
101.839902,78,3778.858901
0.271016,71,3778.996769
3.421266,69,3779.134657
3.623695,65,3779.26029
2.299639,73,3790.740315
2.056683,72,3790.882659
103.454589,74,3791.045252
5.077679,76,3791.198857
1.345344,69,3791.338198
2.275778,75,3791.484679
2.50102,70,3791.623361
2.100179,70,3791.768502
2.773412,68,3791.903343
4.119914,81,3792.062849
-2.035637,148,3792.351067
2.140371,65,3792.478683
-0.832138,92,3792.65365
100.793409,91,3792.833919
3.664117,63,3792.95671
101.736914,61,3793.076316
105.340988,70,3793.217171
5.338485,86,3793.381992
1.792759,65,3793.508623
1.813137,75,3793.660002
1.31969,71,3793.804778
100.596018,78,3793.959391
0.795162,79,3794.114069
3.2666,84,3794.278103
3.355287,63,3794.400447
4.565523,79,3794.553459
3.502512,68,3805.914712
1.850637,83,3806.087866
101.557397,37,3806.158821
1.281049,78,3806.309981
0.107449,1000,3808.244338
2.117241,62,3808.366288
1.370426,85,3808.528782
102.373543,45,3808.633049
1.200985,79,3808.787197
104.264533,80,3808.941902
4.283418,69,3809.087402
-0.455252,107,3809.30784
0.16072,83,3809.478956
2.987012,64,3809.604632
100.657384,50,3809.704569
3.426844,74,3809.851997
0.273563,1000,3823.090888
0.991439,64,3823.214718
3.439925,97,3823.403266
4.423092,62,3823.523098
0.973869,79,3823.68055
2.828606,60,3823.799767
3.7231,60,3823.915787
1.518398,90,3824.093791
1.202027,82,3824.254594
100.91175,116,3824.485914
4.299875,64,3824.607174
101.717506,73,3824.749535
-0.15446,90,3824.928351
0.127834,75,3825.076022
100.840647,92,3836.446922
0.892423,82,3836.61064
100.459781,59,3836.725879
3.285898,67,3836.868999
101.084409,110,3837.086461
102.531738,59,3837.204363
0.241847,138,3837.478769
2.034194,78,3837.635764
101.520654,86,3837.806459
102.370352,59,3837.927115
101.26921,77,3838.079228
3.271555,90,3838.260677
3.627338,75,3838.409638
101.493175,65,3838.537762
1.133845,71,3838.678556
1.492516,86,3838.848803
103.305665,58,3838.966147
2.541938,69,3839.100976
4.754083,64,3839.223601
5.282912,60,3839.343483
3.651058,77,3839.51057
101.311086,85,3839.676965
3.146786,70,3839.812662
102.94717,72,3839.95421
101.204886,87,3840.126367
4.16524,65,3840.255536
4.914933,60,3840.377196
1.542678,76,3851.709722
4.020968,61,3851.824879
3.711047,62,3851.954633
1.814838,71,3852.101353
1.244907,84,3852.266516
105.916191,65,3852.393363
2.282109,65,3852.52252
2.963919,73,3852.665502
3.201877,58,3852.787584
0.614671,77,3852.941738
3.97863,65,3853.073482
104.100653,78,3853.229547
5.020247,83,3853.398104
3.504208,88,3853.57769
102.503012,65,3853.705114
3.158846,73,3853.850105
5.469466,70,3853.990524
4.202399,62,3854.109467
2.529085,71,3854.25118
5.389758,64,3854.387131
103.914005,71,3854.526461
100.570781,78,3854.682886
0.51086,1000,3868.094721
102.896081,73,3868.243002
1.216724,69,3868.376604
1.961009,73,3868.522151
3.859865,82,3868.681742
4.25763,60,3868.798415
2.783395,72,3868.942854
4.236864,64,3869.072744
1.623951,71,3869.210279
102.925543,64,3869.337788
4.15335,68,3869.471667
5.589751,62,3869.597586
3.800996,67,3869.730979
4.017404,71,3869.874008
4.506779,71,3870.011343
3.696479,67,3870.142707
101.462128,94,3870.332238
4.596349,64,3870.459537
0.676965,80,3870.619225
1.196046,104,3870.821438
4.022894,81,3870.981597
101.082736,75,3871.126426
0.485485,238,3882.88178
3.183582,66,3883.021387
2.790031,67,3883.153212
1.926653,67,3883.281725
2.03464,71,3883.424315
2.36778,70,3883.561323
1.902556,71,3883.70038
3.229103,72,3883.841876
4.110891,70,3883.97976
1.181629,96,3884.172459
0.256372,82,3884.330151
100.560033,132,3884.5958
3.056711,64,3884.724718
104.743529,67,3884.852444
105.282812,63,3884.974865
1.733672,70,3885.109857
4.695149,65,3885.237523
1.180551,74,3885.379784
1.769678,90,3885.551795
3.690576,65,3885.677804
3.214628,67,3885.809607
-0.164982,83,3885.971646
4.499375,64,3886.091088
2.048956,124,3886.342179
100.657324,88,3886.519351
4.827803,66,3897.926972
103.111699,73,3898.075619
103.271109,67,3898.212504
102.431329,57,3898.331558
3.295787,73,3898.482443
4.238649,70,3898.625655
3.537933,100,3898.828527
104.491223,73,3898.980605
101.432837,66,3899.114047
103.170938,70,3899.258846
101.618228,81,3899.427759
102.056394,45,3899.52405
2.323037,80,3899.705057
101.596649,105,3899.91373
1.53827,86,3900.080011
100.962003,88,3900.25264
0.385192,110,3900.466128
2.612071,63,3900.588305
4.083808,80,3900.746684
3.651084,60,3900.865697
0.830518,73,3901.008851
4.216835,66,3901.14044
1.601074,64,3901.269948
103.793035,70,3901.406668
1.416927,81,3901.589085
4.401596,70,3901.724155
1.686242,77,3901.878489
5.439908,65,3913.267493
103.826583,57,3913.382642
102.390443,59,3913.498006
3.509926,74,3913.649215
1.666657,97,3913.843709
3.595683,77,3914.011722
4.996589,62,3914.13423
0.509654,91,3914.312993
1.409124,83,3914.475138
-0.723166,91,3914.658251
6.186903,69,3914.792863
0.102477,81,3914.953202
0.922291,85,3915.123283
3.308044,68,3915.256849
0.907071,81,3915.41862
1.467927,85,3915.586825
3.652024,124,3915.83233
101.56987,138,3916.125201
0.962625,80,3916.290882
3.851488,69,3916.431854
2.654404,67,3916.570798
1.328271,78,3916.731092
1.528148,124,3916.987097
1.451405,77,3917.144634
102.652192,52,3917.253044
1.018574,96,3928.626415
1.067396,84,3928.798633
2.091484,69,3928.941754
101.399264,81,3929.122482
1.315861,89,3929.308739
0.86069,64,3929.440871
2.205682,69,3929.583471
5.969012,63,3929.713007
3.767639,58,3929.831388
104.151952,61,3929.951818
4.712733,64,3930.081297
3.681206,68,3930.2173
2.26835,79,3930.373074
0.392317,143,3930.652889
102.838943,68,3930.787423
3.710536,79,3930.938293
0.538542,82,3931.098288
2.033037,90,3931.276792
104.504154,60,3931.393813
101.28592,83,3931.556838
2.607074,85,3931.724112
5.996673,65,3931.856469
-2.119415,149,3932.160397
4.741883,76,3932.331148
3.187599,66,3932.465596
4.534871,62,3932.593713
101.509653,75,3944.076727
3.005631,60,3944.201392
100.66035,51,3944.304924
4.111468,65,3944.44162
5.018565,78,3944.605121
3.935685,104,3944.832003
5.124894,62,3944.953404
101.435257,81,3945.117078
2.184891,64,3945.241088
0.750407,102,3945.444779
1.367246,97,3945.636524
103.472662,63,3945.758998
3.922482,63,3945.881719
3.633457,77,3946.033006
0.402791,93,3946.216541
100.952523,83,3946.382202
100.317176,71,3946.523167
2.553121,68,3946.654408
2.719058,70,3946.804564
3.817251,81,3946.964869
4.398374,86,3947.133212
4.687294,85,3947.302505
1.504299,62,3947.422965
4.11486,81,3947.581592
3.924382,67,3947.714707
1.509873,69,3947.848034
-0.834192,81,3948.005877
102.190565,78,3948.160767
0.561843,85,3959.496184
3.863382,86,3959.661767
1.348701,116,3959.910215
4.446807,63,3960.032838
101.153485,99,3960.22888
103.149348,58,3960.339675
100.942813,114,3960.571526
1.793154,64,3960.695848
0.357753,79,3960.849717
3.029032,87,3961.022433
4.399743,66,3961.150058
4.315435,66,3961.281207
1.787508,82,3961.442607
-0.654855,82,3961.60142
1.463273,74,3961.748178
3.483038,80,3961.904642
1.579121,75,3962.058007
3.830884,62,3962.180105
101.311029,66,3962.309249
103.396327,75,3962.45754
1.554263,133,3962.723584
102.920708,76,3962.870206
-2.114411,120,3963.101791
4.737636,60,3963.219965
104.139559,56,3963.345954
101.081643,44,3974.641086
3.211037,93,3974.823848
102.832824,51,3974.923563
101.796021,72,3975.066836
0.774443,80,3975.234212
-0.168017,92,3975.431477
5.400823,77,3975.582026
1.723894,67,3975.717501
3.585578,63,3975.842632
1.209075,69,3975.978119
-0.676443,99,3976.173311
100.687962,80,3976.334271
-0.091661,139,3976.606278
100.462474,51,3976.707804
-2.155305,121,3976.945075
3.658245,70,3977.081229
3.234984,82,3977.243198
101.545736,36,3977.311638
2.235069,71,3977.453962
104.282666,66,3977.583607
-0.286001,75,3977.734386
5.915757,64,3977.863854
104.740386,67,3978.000618
0.685191,80,3978.163649
2.569974,92,3978.354618
3.280694,67,3978.489157
4.838506,64,3978.617743
1.646166,102,3990.004829
4.14696,63,3990.13435
2.777723,60,3990.257478
5.039468,66,3990.405316
3.316229,75,3990.57547
1.353592,80,3990.743206
0.346887,79,3990.904641
1.31491,85,3991.081962
2.764868,71,3991.232884
3.555257,70,3991.377317
3.044881,66,3991.518735
1.188525,93,3991.71149
1.184569,94,3991.902669
0.779837,86,3992.082621
3.399297,104,3992.298717
101.843561,52,3992.409428
2.606236,78,3992.575951
3.470278,71,3992.720629
2.16952,72,3992.868324
101.839926,107,3993.087434
0.357544,74,3993.244039
1.12876,71,3993.390925
104.480853,75,3993.54425
-0.660099,461,4005.697734
100.297005,66,4005.850707
-1.555391,99,4006.057354
100.338609,42,4006.14195
-0.205121,79,4006.297096
-0.996042,95,4006.489136
105.464457,72,4006.631247
101.892837,56,4006.739054
1.273938,76,4006.891179
3.391402,78,4007.049037
3.737973,64,4007.175713
105.321673,62,4007.30065
2.034413,84,4007.477383
102.66457,76,4007.626841
2.103519,63,4007.748972
0.868012,95,4007.9345
3.503208,80,4008.09234
4.229851,60,4008.213036
102.516287,59,4008.327608
2.191393,69,4008.480252
-0.931601,90,4008.65348
1.291563,69,4008.787798
-0.588109,94,4008.973048
1.440272,94,4009.160683
101.400294,85,4009.32697
103.808829,70,4009.462966
3.502228,84,4020.977394
100.846658,47,4021.076972
4.37774,74,4021.228704
5.304869,83,4021.396615
100.298337,41,4021.482785
5.776756,64,4021.616159
101.626028,74,4021.767874
2.491123,80,4021.926608
2.737315,68,4022.054607
3.180435,63,4022.181218
4.374982,74,4022.331332
4.257768,89,4022.511949
102.103694,56,4022.625592
102.284673,48,4022.724092
4.369455,63,4022.8492
101.022613,87,4023.01995
104.318348,74,4023.167156
100.775259,77,4023.322313
-0.742641,160,4023.641262
5.311846,68,4023.772674
3.690933,74,4023.932574
101.818478,66,4024.062619
101.36606,65,4024.195458
4.763722,76,4024.352724
3.309257,67,4024.491937
3.318048,74,4024.65106
3.259618,71,4024.800001
1.732008,86,4024.979472
3.305328,60,4036.381319
3.001707,60,4036.498229
103.31051,59,4036.614259
103.645415,55,4036.723711
0.9471,73,4036.866339
3.621077,71,4037.009905
-0.195926,93,4037.198146
3.831431,63,4037.330057
100.46831,74,4037.484846
104.367064,59,4037.602051
5.15578,66,4037.733656
101.960921,55,4037.844298
0.365246,109,4038.08107
101.675528,82,4038.243895
2.058961,83,4038.41411
105.177547,63,4038.545021
101.5245,53,4038.656682
2.98713,73,4038.803611
104.179519,60,4038.924389
2.426091,85,4039.08955
2.976139,61,4039.205915
1.912626,75,4039.352095
0.85527,76,4039.503612
101.466686,48,4039.595778
1.195382,132,4039.853275
1.106769,73,4040.01387
3.241212,73,4040.15627
102.652654,69,4040.292567
1.703083,60,4051.653554
5.238248,68,4051.786746
4.407468,67,4051.919709
3.735473,65,4052.044968
102.792467,65,4052.173795
2.952111,68,4052.319362
4.662812,62,4052.445109
5.177167,62,4052.574207
100.490159,53,4052.68458
4.232932,75,4052.84
3.516351,66,4052.974766
3.874695,92,4053.160205
101.841483,73,4053.316534
2.856797,71,4053.460272
5.599822,66,4053.59041
2.443271,79,4053.744442
3.482367,63,4053.877914
101.367987,72,4054.025395
-0.910156,137,4054.299428
3.31515,62,4054.421087
103.628284,56,4054.534228
0.984769,112,4054.755924
103.917936,61,4054.878475
104.060323,66,4055.014021
100.860017,44,4055.105291
4.542175,73,4055.249014
2.594132,96,4055.437541
4.601306,67,4055.575284
3.669288,62,4055.705037
101.466058,93,4067.100001
3.52946,63,4067.25134
2.650222,90,4067.439021
2.524607,86,4067.624793
3.872684,66,4067.762933
4.803916,90,4067.940303
4.164728,68,4068.087486
101.034674,74,4068.237977
4.613472,83,4068.425838
103.151968,73,4068.578306
1.799602,80,4068.74646
4.200369,64,4068.873255
101.639092,57,4068.986435
4.708017,61,4069.105012
5.832187,63,4069.22902
2.194238,70,4069.37174
1.613989,80,4069.531573
-0.337027,106,4069.742068
5.373274,65,4069.868297
1.302947,81,4070.026851
0.812987,78,4070.190706
3.543264,66,4070.319247
5.082257,96,4070.503484
0.435681,82,4070.666522
0.913688,79,4070.820935
105.206726,70,4070.965862
2.499144,66,4071.105051
103.267956,65,4082.619196
4.282094,75,4082.77638
-2.042879,166,4083.129555
100.827808,93,4083.326858
3.523379,88,4083.510553
-0.276714,101,4083.718881
-1.257222,117,4083.956816
1.706768,74,4084.108749
4.548686,76,4084.263246
5.511591,65,4084.396124
3.947041,62,4084.527369
6.183447,74,4084.68107
2.015744,70,4084.822507
0.417259,93,4085.005628
102.114211,80,4085.166525
101.209462,55,4085.272529
105.69508,67,4085.405261
1.362078,79,4085.563256
101.375486,80,4085.724488
103.726217,71,4085.86494
5.482909,81,4086.039687
0.512016,76,4086.19259
100.940765,55,4086.29906
3.984409,70,4086.436874
3.606551,92,4086.620647
3.731191,70,4098.027269
2.623597,76,4098.184668
4.788894,70,4098.329477
2.452728,86,4098.508487
3.362801,70,4098.652542
2.561694,71,4098.797962
102.842782,68,4098.936751
102.714725,79,4099.101303
1.611548,69,4099.24622
100.374792,57,4099.363733
102.70886,56,4099.479733
3.087224,66,4099.62732
4.306659,64,4099.763289
2.171069,72,4099.913304
-2.189455,253,4100.430628
3.882284,71,4100.575524
0.036202,127,4100.836687
4.203654,62,4100.957831
3.261244,64,4101.086328
101.925701,76,4101.235254
-0.683651,465,4102.163028
3.18578,83,4113.534283
1.520842,79,4113.693815
1.06821,82,4113.87624
100.901763,72,4114.025975
5.285551,65,4114.158248
1.628325,77,4114.314994
100.970762,81,4114.480669
4.849206,83,4114.65259
102.207594,61,4114.781051
101.127014,67,4114.910421
4.727994,66,4115.046308
1.982849,98,4115.235764
2.904681,70,4115.374461
4.442092,63,4115.5072
0.66138,80,4115.67215
2.305868,174,4116.050114
102.05513,83,4116.222397
100.920282,80,4116.387593
2.531671,79,4116.552922
101.910132,62,4116.681997
3.06072,68,4116.82042
102.90054,61,4116.935632
2.600226,68,4117.070577
5.311804,74,4117.219747
101.097406,66,4117.363802
1.122423,72,4117.502887
1.287419,95,4128.971443
1.004205,74,4129.116732
100.803248,77,4129.265028
3.039394,78,4129.420412
105.126479,65,4129.563955
101.333379,67,4129.697433
101.013442,58,4129.813287
2.508529,76,4129.973398
100.838153,84,4130.135854
3.715203,71,4130.27694
101.770968,71,4130.416538
101.40491,71,4130.55477
1.840313,75,4130.704809
1.777311,73,4130.848414
104.748963,62,4130.972721
3.663476,65,4131.097487
101.33285,84,4131.261049
6.043527,74,4131.407557
-1.212908,109,4131.624425
1.926513,75,4131.770808
1.648924,70,4131.914507
101.621638,49,4132.013404
100.656398,50,4132.117083
4.609019,79,4132.27938
101.625435,125,4132.538302
0.777661,74,4132.682562
3.477741,91,4132.865074
102.988768,68,4144.240485
100.930758,78,4144.40502
3.345087,62,4144.532584
1.044931,70,4144.690254
103.74371,55,4144.810283
1.349128,97,4145.01292
5.118022,64,4145.144432
1.592797,94,4145.341726
4.600325,78,4145.502215
102.920166,68,4145.641098
4.698843,74,4145.79282
3.266356,67,4145.927092
2.053934,61,4146.047534
0.477678,81,4146.206901
3.244765,74,4146.353583
0.611767,1000,4148.379308
0.51401,1000,4161.678651
2.049905,77,4161.836231
3.346859,68,4161.970728
3.595238,68,4162.102766
1.307401,80,4162.261806
0.11474,91,4162.4413
3.283868,68,4162.579061
0.422367,86,4162.754959
1.924489,65,4162.883429
2.076851,74,4163.032862
104.242869,69,4163.168431
2.626473,68,4163.306041
5.900895,70,4163.444999
3.307726,67,4163.586501
-0.550547,1000,4176.878993
0.856762,69,4177.015927
1.970976,71,4177.156437
100.65666,74,4177.303216
-0.231879,125,4177.550131
106.170021,70,4177.690942
0.902357,67,4177.822053
4.410604,74,4177.970622
102.040942,64,4178.10414
101.997131,60,4178.225953
4.757029,65,4178.360661
104.094369,73,4178.512686
3.686923,68,4178.651208
101.446937,104,4178.862477
3.710631,72,4179.007989
3.814435,70,4179.14465
4.780057,71,4190.579289
100.868466,73,4190.72543
3.643545,74,4190.892219
3.789128,67,4191.026358
5.304199,76,4191.176367
1.084571,69,4191.313942
2.281547,71,4191.452052
3.505646,207,4191.863094
2.529126,61,4191.989092
2.853027,73,4192.139108
2.0876,59,4192.274509
1.376836,152,4192.588317
104.359558,60,4192.712792
100.798912,78,4192.867452
4.866473,75,4193.016681
3.884624,71,4193.157711
101.497497,101,4193.354997
5.135818,65,4193.484152
100.279183,55,4193.590776
3.725992,66,4193.723963
2.649882,95,4193.91313
5.430757,62,4194.034154
4.892733,84,4194.198938
4.203657,94,4194.378923
101.271864,77,4194.5301
-0.339087,97,4206.019363
101.626878,66,4206.15818
103.047958,52,4206.266104
3.511891,69,4206.407951
102.405069,67,4206.543792
3.545109,88,4206.729198
2.676991,81,4206.8873
104.364398,64,4207.020767
101.046775,98,4207.244408
101.257233,86,4207.423526
3.07191,70,4207.571532
2.349036,60,4207.69458
3.667922,85,4207.872278
102.070351,68,4208.010251
0.201754,85,4208.182173
103.663778,72,4208.335149
4.424211,79,4208.505557
0.983283,85,4208.692343
1.644095,97,4208.891248
105.639157,68,4209.029928
4.663787,86,4209.211412
1.401065,85,4209.382975
2.712424,80,4209.552654
103.769274,57,4209.6699
100.83172,80,4209.836786
-1.204375,142,4210.128884
1.379979,84,4221.505149
101.40273,69,4221.648108
3.768626,70,4221.790387
1.35792,98,4221.996854
-0.457217,124,4222.253107
104.272505,65,4222.389654
102.382115,77,4222.549989
101.041092,79,4222.712475
102.150209,48,4222.809416
4.127652,108,4223.036571
2.191673,64,4223.162825
102.360409,64,4223.289478
4.37742,79,4223.442898
104.414918,76,4223.595062
101.56395,96,4223.787848
4.025199,150,4224.085246
100.930586,80,4224.245595
1.447718,111,4224.466349
3.919677,70,4224.605894
100.913632,55,4224.716027
101.638764,62,4224.837692
101.345338,95,4225.024303
1.718721,78,4225.179569
2.852399,66,4225.311013
5.021284,74,4225.458308
100.407837,54,4236.831703
2.008044,72,4236.972943
100.994387,79,4237.127034
3.352179,60,4237.244134
101.540017,99,4237.446697
4.402165,118,4237.671632
1.476795,93,4237.855846
3.621581,77,4238.006496
4.598795,63,4238.129876
100.290322,65,4238.258866
101.330923,84,4238.424175
103.604624,56,4238.532489
1.804945,147,4238.821207
3.750415,81,4238.981524
2.134894,78,4239.132061
0.641025,76,4239.278351
1.616199,58,4239.392498
103.674132,67,4239.521297
1.391423,64,4239.647503
101.466251,56,4239.764314
101.038383,86,4239.932834
2.547339,60,4240.05294
101.770589,108,4240.264804
5.503084,71,4240.403397
3.206809,69,4240.544949
4.716478,66,4240.673163
101.929665,66,4252.059119
0.325611,1000,4254.13012
101.305068,63,4254.261852
1.037858,77,4254.419868
101.074029,76,4254.577629
0.921732,86,4254.76115
4.100651,70,4254.899771
3.306377,72,4255.038621
0.819086,72,4255.179182
2.61956,97,4255.372773
2.53631,62,4255.496805
104.94355,73,4255.641454
2.976502,84,4255.811356
0.280963,109,4256.019381
101.451194,71,4256.159982
3.487376,69,4267.536695
4.326146,66,4267.665879
1.471788,73,4267.811381
105.912571,72,4267.953489
5.065123,123,4268.195513
5.520206,72,4268.345338
101.702552,97,4268.55204
101.5798,63,4268.6826
2.035864,63,4268.811782
105.371207,67,4268.954246
3.948944,78,4269.11203
1.513828,100,4269.307642
2.605607,60,4269.422673
2.35594,82,4269.590472
4.664136,100,4269.787771
1.602576,85,4269.951324
101.440229,65,4270.075776
103.362859,64,4270.202093
2.011614,75,4270.349581
100.897724,61,4270.469784
101.987076,52,4270.572652
5.832531,69,4270.706779
1.12772,74,4270.851969
104.932998,64,4270.980373
100.876632,61,4271.098822
4.378515,63,4271.218989
102.944237,51,4271.322039
-1.921571,164,4282.886986
1.651793,89,4283.07856
-0.859647,75,4283.235779
101.220661,85,4283.412795
0.943,100,4283.619295
1.287862,71,4283.765239
1.962874,65,4283.909063
100.716598,71,4284.054234
1.105378,103,4284.267836
5.709535,62,4284.403657
4.136826,83,4284.577525
4.141269,64,4284.713533
101.511239,63,4284.843574
4.033087,76,4284.992767
103.767845,68,4285.128145
2.088812,73,4285.27471
2.910124,74,4285.422113
1.554535,71,4285.562227
2.347873,75,4285.712241
103.089568,50,4285.815866
5.515142,74,4285.971036
101.712695,50,4286.069957
5.462745,61,4286.199288
3.283787,75,4286.353426
2.338316,63,4286.486621
3.272727,67,4286.626475
2.586146,61,4286.751404
100.393138,50,4286.849235
101.684464,104,4298.421911
2.344474,63,4298.549899
3.416537,71,4298.704829
102.547865,68,4298.844619
5.267861,79,4299.003506
101.940888,63,4299.130443
106.221121,64,4299.251887
-0.417163,287,4299.811432
1.438895,69,4299.955256
3.549895,69,4300.097283
3.746258,61,4300.240553
4.572973,74,4300.392787
1.40606,74,4300.551492
100.936779,79,4300.706191
101.84832,69,4300.83943
101.590685,83,4301.008379
105.885877,73,4301.151879
4.195704,87,4301.320822
101.421153,93,4301.509295
4.474322,81,4301.66797
102.338706,65,4301.797184
3.956783,73,4301.941117
101.868088,72,4302.09115
2.20557,83,4302.262461
2.269609,62,4302.390198
4.248957,65,4313.833263
4.0799,96,4314.035663
101.587327,96,4314.227347
0.527337,138,4314.499064
0.125233,109,4314.708301
102.478353,67,4314.839605
3.559577,63,4314.970812
101.506429,72,4315.11124
1.404078,64,4315.239508
0.18031,92,4315.418159
1.708087,96,4315.610396
1.021983,80,4315.773912
101.199414,79,4315.941913
102.944902,74,4316.094254
4.854027,82,4316.264444
4.591148,67,4316.402419
4.988148,67,4316.540534
105.941076,65,4316.669134
4.176676,81,4316.831124
101.653461,92,4317.012905
1.983538,99,4317.212522
101.01247,87,4317.387188
1.45606,85,4317.560535
3.228191,83,4317.724108
3.268455,72,4317.862483
5.44471,62,4329.165977
101.286907,71,4329.312075
4.624211,66,4329.450839
1.631919,83,4329.62191
3.059282,88,4329.800403
104.276728,62,4329.920567
3.722933,60,4330.038002
1.115833,98,4330.233609
3.591138,61,4330.353917
4.917813,73,4330.497247
4.511104,67,4330.629098
-0.460568,73,4330.791462
4.361835,63,4330.916316
2.243857,136,4331.179886
4.760898,86,4331.347384
100.631804,59,4331.466357
2.521052,71,4331.610756
-0.009627,93,4331.799028
4.647885,68,4331.943517
103.378231,61,4332.075637
2.24495,70,4332.223627
104.361093,61,4332.350516
4.641956,73,4332.49882
1.008979,92,4332.693789
100.421095,63,4332.822475
2.59133,76,4332.971317
3.682621,102,4333.171001
2.351357,87,4344.706105
101.693024,94,4344.904821
102.74556,65,4345.031401
101.276296,91,4345.209165
0.305987,88,4345.380908
0.449307,79,4345.537122
3.778119,77,4345.689655
3.826815,87,4345.860773
-0.523437,116,4346.082624
102.517793,72,4346.224756
2.017174,73,4346.369903
103.575778,69,4346.503273
4.115672,79,4346.659625
-0.212102,93,4346.854576
101.344117,62,4346.983884
2.471022,67,4347.12049
0.662028,65,4347.250974
100.782331,53,4347.363347
1.859864,85,4347.537314
1.119559,71,4347.681795
4.286916,71,4347.827242
101.033218,79,4347.988835
1.447914,96,4348.183205
1.371287,84,4348.354997
2.328729,101,4348.556193
102.930602,51,4348.660918
4.800676,86,4360.059825
1.063203,86,4360.227109
3.701805,67,4360.356275
2.867597,64,4360.482711
0.178688,92,4360.665085
3.349294,75,4360.813722
4.479976,61,4360.931922
5.070095,60,4361.052211
4.408456,68,4361.202708
101.031464,83,4361.366061
3.942309,64,4361.495057
5.420692,86,4361.667756
5.205133,70,4361.811397
105.423017,65,4361.942578
1.433051,81,4362.099821
102.575555,59,4362.217216
1.379747,72,4362.357741
101.994566,63,4362.481098
4.80074,69,4362.616933
1.669764,82,4362.777258
101.210454,52,4362.883032
3.483901,75,4363.029521
4.384747,65,4363.159184
3.934252,62,4363.283761
-0.237829,83,4363.452886
4.844182,79,4363.60953
4.848273,86,4363.781697
1.698715,66,4363.91476
0.819313,70,4375.242365
4.756325,76,4375.392292
4.959988,71,4375.534124
1.301829,82,4375.712319
104.693611,63,4375.836731
1.423998,99,4376.031899
1.969734,76,4376.181747
4.321286,68,4376.318616
102.578157,74,4376.463326
5.407579,84,4376.631886
3.219498,70,4376.768965
101.461974,83,4376.929794
1.945249,76,4377.082279
102.637325,67,4377.216487
4.910686,69,4377.354042
2.824191,68,4377.489859
6.167158,73,4377.633852
102.919566,61,4377.758746
4.196952,62,4377.884896
1.164613,139,4378.163426
2.348525,91,4378.345407
4.188618,105,4378.562045
103.217014,66,4378.698841
5.660391,99,4378.894053
4.352229,66,4379.026364
3.339238,71,4379.169647
100.814197,84,4379.355175
2.369375,70,4390.67382
101.944139,58,4390.789015
1.26779,102,4390.987857
4.435214,80,4391.14792
4.099021,91,4391.327928
2.669678,96,4391.518061
0.379423,110,4391.748828
3.631475,66,4391.881774
3.465729,80,4392.044446
3.563041,144,4392.327627
0.898799,110,4392.5487
101.953638,75,4392.697297
103.987651,60,4392.815896
1.292037,93,4393.000271
100.574749,62,4393.125607
4.025527,64,4393.248391
102.382345,79,4393.405398
2.942811,61,4393.527038
0.82062,81,4393.685127
2.818158,73,4393.830159
106.149583,68,4393.968472
101.320893,65,4394.096257
2.98101,67,4394.225023
1.271603,70,4394.361149
5.181992,75,4394.512796
101.203673,78,4405.957486
1.176479,88,4406.132141
3.067798,61,4406.254525
3.409147,81,4406.427216
103.221926,72,4406.566059
101.477348,38,4406.64136
2.701643,73,4406.784747
3.415982,72,4406.925589
2.460308,82,4407.090896
2.533543,64,4407.2201
3.014824,72,4407.361605
4.225607,73,4407.505245
4.395781,66,4407.640479
3.232329,85,4407.811766
3.821594,66,4407.941496
100.292719,47,4408.037072
102.043004,70,4408.17418
100.595039,81,4408.331261
1.753821,71,4408.470866
2.478194,80,4408.654947
100.827485,92,4408.833444
101.485085,66,4408.96104
1.348358,103,4409.163029
3.353912,85,4409.329308
101.072245,87,4409.501164
101.06131,36,4409.574132
102.400559,68,4409.706899
2.333684,83,4409.870757
4.709223,83,4421.23907
101.522188,37,4421.315003
2.149369,63,4421.438787
2.519608,75,4421.585433
2.808888,63,4421.721731
103.932211,62,4421.84472
3.05522,70,4421.979613
-1.492255,242,4422.45287
4.043613,60,4422.57222
2.570294,74,4422.718739
100.555218,62,4422.841329
2.774267,72,4422.983254
4.591854,74,4423.129172
0.836895,72,4423.272445
1.666352,86,4423.442505
101.210217,83,4423.604042
2.901895,83,4423.780501
3.691344,59,4423.89792
4.767494,64,4424.029152
4.807992,81,4424.189681
4.948382,65,4424.320262
2.095583,70,4424.45565
103.041732,59,4424.572202
103.122515,60,4424.690423
100.653134,71,4424.829801
3.519524,60,4424.948659
3.002016,70,4425.084771
1.958394,61,4425.217697
4.474293,61,4436.588176
1.241401,70,4436.728009
101.453538,69,4436.863445
1.465132,84,4437.028118
0.238122,96,4437.216683
100.519439,236,4437.697139
4.267218,63,4437.82138
1.647883,62,4437.95399
105.658914,70,4438.096076
3.741308,77,4438.242861
102.830459,62,4438.363077
3.082968,211,4438.780385
1.178992,69,4438.915773
0.804709,74,4439.060629
4.589797,65,4439.189076
3.728118,61,4439.307619
102.965341,63,4439.430579
4.147407,76,4439.581136
3.49438,65,4439.71302
3.275668,65,4439.841624
3.801658,69,4439.976756
101.551021,74,4440.123102
4.091059,63,4440.246626
101.770722,53,4440.348439
105.957171,65,4440.473627
101.828288,62,4451.804274
2.154587,117,4452.054182
101.002185,82,4452.216789
4.543135,68,4452.351359
3.699026,62,4452.483405
1.068502,63,4452.607898
4.416191,80,4452.767163
104.098323,64,4452.894661
1.778943,76,4453.05241
5.251692,72,4453.198391
1.307358,67,4453.332218
2.868281,70,4453.468012
4.372189,61,4453.588135
101.084152,132,4453.848945
2.774601,84,4454.01338
3.548773,61,4454.135194
1.29141,63,4454.259377
5.539625,76,4454.406977
101.137668,59,4454.523531
104.889875,61,4454.638776
101.654519,88,4454.811257
5.118262,66,4454.942281
4.720224,67,4455.07251
101.964812,109,4455.28525
6.177047,71,4455.42276
104.378762,56,4455.531763
2.955812,62,4455.651963
1.519365,98,4455.850684
103.588605,69,4467.160786
4.222062,73,4467.305079
3.326879,88,4467.477435
104.526312,70,4467.630795
4.871098,68,4467.76334
101.328268,78,4467.914985
104.106181,73,4468.060051
104.445289,67,4468.194118
2.724248,84,4468.360086
2.586392,81,4468.519552
2.302133,86,4468.693226
2.552247,74,4468.838083
2.368184,83,4468.998321
5.297833,78,4469.154848
4.202158,70,4469.292861
2.41464,73,4469.435712
101.208691,46,4469.526511
4.241997,60,4469.648927
3.752465,68,4469.781065
4.369036,69,4469.916563
4.635946,60,4470.030938
0.726184,92,4470.214445
104.109889,58,4470.331909
0.115752,92,4470.512345
2.149465,89,4470.687879
3.12933,67,4470.818056
102.91503,60,4470.934616
0.696499,76,4482.357962
2.919807,69,4482.50061
4.606403,62,4482.626611
104.163095,76,4482.779744
3.506644,81,4482.93612
3.728172,61,4483.058617
102.379221,67,4483.188765
106.093194,72,4483.334557
102.156871,42,4483.417199
103.457482,71,4483.55444
3.673644,77,4483.709362
103.788692,67,4483.850914
0.18605,83,4484.01194
0.872136,1000,4486.048433
4.543055,70,4486.195943
3.696557,89,4486.381966
4.831655,63,4497.710145
1.41073,87,4497.897987
3.56995,78,4498.053878
1.516465,72,4498.198734
3.189435,83,4498.362562
3.719877,97,4498.557764
105.739594,64,4498.682947
0.84426,95,4498.874873
101.553756,89,4499.049904
4.54847,64,4499.178591
3.780754,72,4499.322397
3.741572,73,4499.469343
1.8023,121,4499.70761
104.758147,70,4499.838003
4.298339,121,4500.073603
2.061036,64,4500.197255
102.019605,81,4500.356543
3.146232,64,4500.480498
0.475831,91,4500.665688
102.764691,61,4500.792617
105.687151,69,4500.939573
4.693699,68,4501.081281
100.254997,118,4501.331388
100.77497,71,4501.479613
0.552062,107,4501.700984
101.411061,78,4513.221659
2.101784,70,4513.3657
-0.611542,107,4513.588164
4.980094,66,4513.727861
103.202243,65,4513.864176
2.32235,83,4514.033245
2.514211,75,4514.187191
1.816983,81,4514.364124
104.535664,57,4514.487101
2.807608,66,4514.619829
1.611041,70,4514.775739
1.189476,70,4514.924145
4.312334,60,4515.051529
102.081488,64,4515.185184
3.274139,65,4515.316341
103.717254,70,4515.461442
0.483329,76,4515.621385
3.58928,70,4515.766996
2.374491,69,4515.908756
100.451894,55,4516.023371
4.294068,85,4516.195628
101.950871,60,4516.316882
2.884839,79,4516.484542
102.149506,64,4516.607662
2.949631,66,4516.74139
1.748771,79,4516.901694
101.491505,66,4517.029204
5.491492,72,4517.170049
0.898735,98,4517.363095
104.477381,75,4528.871366
101.052551,74,4529.030627
5.063852,74,4529.198878
3.886737,82,4529.371367
0.353271,243,4529.873259
1.306802,80,4530.035051
2.46684,64,4530.160219
3.678111,83,4530.324315
2.48876,73,4530.471599
6.120356,73,4530.613722
101.008115,89,4530.785491
100.625224,77,4530.939932
4.622254,78,4531.09279
103.228332,71,4531.233326
1.46707,71,4531.370574
3.517004,62,4531.493843
0.589957,317,4532.124934
3.680569,73,4532.272894
3.285145,69,4532.415888
101.926058,65,4532.549262
3.477391,60,4532.673717
2.478698,84,4532.841717
103.308539,72,4544.322223
4.238776,106,4544.554615
2.922661,84,4544.725658
103.042901,65,4544.857832
0.867753,1000,4546.855858
101.459031,77,4547.015718
3.302894,67,4547.147027
3.54227,68,4547.283142
100.614744,76,4547.439019
102.048679,75,4547.596574
3.005113,67,4547.73337
2.866779,60,4547.850788
4.157993,72,4547.996185
1.044079,78,4548.154565
2.214245,85,4548.322007
3.913726,70,4559.647578
2.828281,77,4559.804225
105.096631,61,4559.922251
1.37506,67,4560.05421
1.164493,64,4560.180946
100.744445,96,4560.373033
1.864138,83,4560.550999
4.101331,74,4560.71479
3.341507,77,4560.868515
100.550751,70,4561.007658
3.249736,71,4561.149527
101.921823,60,4561.272391
100.031166,6,4561.2833
4.237277,65,4561.41506
104.223106,64,4561.541799
0.496358,79,4561.696882
1.862485,66,4561.82364
2.482528,71,4561.959923
0.816597,84,4562.12733
0.363957,75,4562.276456
2.767263,83,4562.438534
2.630033,64,4562.563805
3.153773,70,4562.703534
1.613811,78,4562.860044
2.964826,98,4563.052468
4.37995,79,4563.207485
101.288165,89,4563.383875
0.969843,78,4563.537107
101.097642,63,4574.844436
3.744163,78,4574.999443
1.708788,91,4575.194837
2.830448,88,4575.366804
3.355222,90,4575.552783
101.797887,78,4575.707098
104.224151,54,4575.815933
4.186509,60,4575.933369
4.475682,65,4576.06073
104.028757,75,4576.21301
5.96722,67,4576.345687
100.906631,86,4576.518476
3.713116,74,4576.663824
100.805113,81,4576.824698
1.657232,108,4577.035534
2.780832,75,4577.186999
3.929019,84,4577.354969
1.8066,85,4577.523845
2.239863,78,4577.674396
4.685063,74,4577.820765
4.961168,61,4577.93917
102.845779,59,4578.057634
5.397426,73,4578.202859
2.079671,69,4578.340267
4.175637,70,4578.478126
2.864463,60,4578.596559
4.079134,62,4578.719989
102.622163,55,4578.828423
101.610015,61,4590.201678
5.378114,63,4590.325936
100.636141,76,4590.478421
4.425563,67,4590.609953
4.04195,82,4590.776397
-0.179394,89,4590.95573
3.625579,77,4591.113862
1.126072,130,4591.375217
4.873686,82,4591.538306
3.815592,67,4591.669703
100.805785,88,4591.858106
4.55918,66,4591.989623
103.10559,58,4592.104902
1.432754,70,4592.243992
3.958362,90,4592.419386
-0.711424,102,4592.618822
101.344408,111,4592.837037
2.332133,82,4592.991672
1.956821,82,4593.154823
1.786511,76,4593.304776
100.708187,87,4593.478627
2.143253,67,4593.611424
101.619108,68,4593.742755
1.257043,88,4593.92487
2.801826,96,4594.113677
102.394641,45,4594.202442
4.586469,95,4605.621215
3.270166,86,4605.806209
2.287038,77,4605.955955
3.567808,59,4606.073781
101.379297,55,4606.18278
2.858209,72,4606.327543
0.900392,67,4606.463954
3.566804,70,4606.608206
1.284779,77,4606.762936
-2.177531,122,4607.003732
102.433929,70,4607.13899
1.454995,80,4607.295324
0.951416,94,4607.476594
3.750248,65,4607.606796
102.873603,55,4607.718141
2.532849,71,4607.860631
2.980751,79,4608.013451
1.332962,83,4608.175913
3.222921,82,4608.336097
102.475051,52,4608.437762
1.437029,84,4608.601934
101.280651,76,4608.773822
4.921724,64,4608.895923
-2.280145,269,4609.430248
2.651721,66,4609.557287
1.282016,71,4620.892656
102.842672,59,4621.008199
1.889173,67,4621.137902
1.052541,71,4621.277883
3.789085,62,4621.403462
101.497793,89,4621.577128
2.40452,70,4621.715071
4.641158,88,4621.899425
3.57796,61,4622.020096
4.113882,71,4622.156445
4.113553,82,4622.330981
2.410109,72,4622.474947
2.605017,84,4622.638173
103.7806,55,4622.744779
2.903304,63,4622.869303
1.430124,74,4623.015892
5.549376,62,4623.139223
5.465518,80,4623.297377
100.843924,49,4623.395406
1.064775,93,4623.577609
4.1554,85,4623.747256
100.691625,81,4623.910674
101.21097,60,4624.029684
1.13625,195,4624.422479
101.047961,68,4624.556014
1.465088,72,4624.696661
4.570209,93,4636.047246
100.60094,76,4636.201859
104.56027,60,4636.335927
-0.534555,138,4636.612181
0.850523,117,4636.841859
0.509176,1000,4638.839057
106.263358,75,4638.989886
101.011859,51,4639.08757
0.367659,70,4639.225373
103.9814,66,4639.358791
101.689083,73,4639.502747
101.248568,69,4639.642173
2.906793,82,4639.800934
101.479247,68,4639.935024
0.993758,82,4651.381658
4.257859,71,4651.522737
3.168207,111,4651.744021
104.936934,64,4651.869423
3.055026,99,4652.066628
1.855254,72,4652.212409
100.917535,40,4652.295004
102.342551,49,4652.391026
3.981043,66,4652.523258
4.811412,66,4652.651942
105.429544,67,4652.785215
2.801201,87,4652.976863
2.158212,80,4653.132789
101.115953,141,4653.411829
0.894335,136,4653.683829
1.429546,61,4653.803198
101.277871,57,4653.919698
1.389392,74,4654.070034
2.183015,83,4654.236766
2.682463,75,4654.385224
1.179464,88,4654.559412
3.761439,65,4654.691867
102.751714,59,4654.811065
101.099429,73,4654.956286
-0.055389,88,4655.131249
0.208721,91,4655.328684
4.101687,69,4655.464596
101.909835,100,4666.84635
1.975909,99,4667.043893
0.440325,69,4667.178344
102.093825,75,4667.343625
100.90222,96,4667.532264
1.27133,74,4667.678882
4.109446,71,4667.820645
3.602198,61,4667.942232
3.393519,70,4668.082994
4.123306,68,4668.21461
5.016806,62,4668.338141
100.301331,71,4668.480451
1.537337,77,4668.630867
3.24167,68,4668.801282
0.618421,90,4669.048259
101.84549,81,4669.219605
101.332354,68,4669.360721
101.185547,74,4669.507209
101.801962,75,4669.652733
100.707049,60,4669.773861
1.531671,83,4669.939747
2.87837,70,4670.078094
-0.412487,108,4670.290014
4.487313,75,4670.433251
100.814938,78,4670.58608
101.682818,64,4670.711101
-0.628695,104,4682.121347
4.321332,62,4682.244277
0.709619,69,4682.380587
5.112688,73,4682.527866
-0.080381,78,4682.690057
0.624056,90,4682.881516
102.797289,65,4683.016173
-0.491159,128,4683.285263
102.52551,70,4683.428768
3.573876,84,4683.600616
3.246081,77,4683.759294
2.54907,70,4683.902903
-1.04075,89,4684.088109
2.768751,70,4684.234359
101.423199,45,4684.327532
101.357136,79,4684.493332
100.495073,56,4684.607298
103.520751,54,4684.719892
2.223975,75,4684.873502
5.314074,74,4685.019915
3.657836,66,4685.14858
3.868038,70,4685.282895
104.548167,65,4685.412729
5.281663,76,4685.576695
3.501173,71,4685.72473
2.482938,64,4685.850372
105.032494,65,4685.977182
4.510218,69,4686.11146
2.635447,70,4697.444322
5.040445,61,4697.56472
1.33879,88,4697.759747
0.908427,96,4697.951781
0.714881,82,4698.113919
3.103149,83,4698.278516
102.498918,78,4698.429403
102.906758,73,4698.585633
2.893073,80,4698.743698
103.65718,61,4698.865582
4.770695,88,4699.045158
1.459255,89,4699.224434
103.188412,63,4699.349081
104.354011,61,4699.469987
-1.174389,476,4700.405834
0.589847,81,4700.573606
-0.623535,107,4700.788282
104.313978,67,4700.917872
3.83089,75,4701.062889
4.052541,80,4701.221638
4.408639,121,4701.462117
0.079935,88,4712.812087
2.383158,73,4712.96665
3.189124,61,4713.087088
2.875075,66,4713.216752
3.451326,71,4713.356417
104.040116,55,4713.463789
1.775843,69,4713.598896
3.55122,67,4713.732227
104.254951,59,4713.84844
102.126917,41,4713.931799
100.775853,371,4714.676914
102.225441,52,4714.779227
2.449914,79,4714.933786
100.778779,83,4715.1006
6.141776,63,4715.222936
4.424717,64,4715.357913
3.872726,66,4715.491361
103.548788,68,4715.629586
101.751672,57,4715.739656
1.950727,70,4715.874974
104.135281,71,4716.013849
1.251455,70,4716.152564
2.392226,63,4716.27901
2.233233,75,4716.432592
3.17254,68,4716.56962
5.245733,79,4716.724143
103.013421,74,4728.04385
2.154584,108,4728.255189
-0.037343,108,4728.486614
3.705785,97,4728.67741
101.310825,73,4728.86032
-0.039475,95,4729.11664
100.357454,48,4729.216514
101.998924,74,4729.360712
102.835131,70,4729.499286
4.480285,61,4729.62234
4.556813,71,4729.761991
101.982584,78,4729.919222
3.35864,77,4730.074451
2.727122,86,4730.242228
3.627868,66,4730.373455
2.889721,71,4730.512839
100.539633,65,4730.665168
1.149645,77,4730.818395
4.387791,66,4730.945736
2.775946,88,4731.121847
2.251124,71,4731.261975
3.668826,86,4731.433453
1.126415,77,4731.589973
1.319155,89,4731.767785
100.872453,63,4731.893501
101.459797,63,4732.020445
0.388404,80,4743.377841
2.827625,78,4743.533762
1.894271,107,4743.760535
102.159997,67,4743.891919
3.679126,67,4744.026536
104.368088,59,4744.137776
1.990409,63,4744.264203
-1.115797,128,4744.527369
1.047087,64,4744.651808
3.577919,71,4744.792639
2.860371,59,4744.91099
-0.768643,112,4745.133951
2.367589,73,4745.276087
1.436393,71,4745.415422
3.979102,109,4745.633083
3.767995,67,4745.762798
3.851759,70,4745.901605
0.462071,83,4746.062631
-0.658388,88,4746.236685
1.184075,72,4746.38144
3.815374,72,4746.526264
100.503829,79,4746.681126
100.842128,80,4746.83807
101.393152,58,4746.953253
4.036631,75,4747.101018
4.682012,64,4747.228106
1.350717,85,4747.399203
3.217902,64,4758.809969
3.41461,67,4758.944271
3.519664,73,4759.086413
4.05769,66,4759.214075
0.529565,114,4759.438899
101.47069,179,4759.797678
3.778548,73,4759.943987
101.555061,104,4760.155218
2.266185,83,4760.313884
4.669396,88,4760.48867
100.386745,78,4760.643563
100.925273,53,4760.747119
3.000259,72,4760.887909
3.426329,69,4761.023869
4.608361,65,4761.153131
3.240141,60,4761.273827
4.380351,67,4761.410082
2.651033,71,4761.549341
2.087986,80,4761.707911
5.398651,63,4761.831823
3.221857,70,4761.970105
2.181602,215,4762.391016
101.64919,72,4762.531688
1.368106,109,4762.745201
100.972066,83,4774.152205
102.330262,70,4774.290399
4.119867,65,4774.420642
-0.384047,86,4774.604388
4.103037,66,4774.735218
104.947346,58,4774.846894
2.101693,71,4774.992388
2.867079,75,4775.141366
2.03003,92,4775.318636
4.8928,65,4775.446237
104.706584,64,4775.569717
3.985066,77,4775.728636
103.48136,56,4775.843034
2.493762,81,4776.004043
1.531908,74,4776.152786
2.987168,59,4776.268546
0.460472,1000,4789.534781
3.961975,66,4789.670415
4.958411,65,4789.800541
4.896291,80,4789.961131
3.725631,65,4790.095019
2.166812,63,4790.226438
1.398383,70,4790.367587
2.55932,75,4790.519794
4.285411,68,4790.655625
0.067208,138,4790.932201
0.640833,653,4792.240024
2.334667,94,4792.424306
102.149858,53,4792.529817
104.492782,70,4792.6693
-0.936933,97,4792.858705
3.186197,68,4793.00492
-0.672689,102,4793.225737
5.446518,67,4793.361523
101.564907,102,4804.735044
101.358866,101,4804.930262
1.355211,61,4805.051026
3.723381,99,4805.244583
103.348262,73,4805.405763
0.604113,65,4805.536095
4.121569,70,4805.675405
1.485797,93,4805.857904
100.908529,71,4805.999117
102.070278,114,4806.22437
1.00648,1000,4808.194489
0.926255,100,4808.395964
1.851871,70,4808.534985
4.117111,66,4808.667564
3.655486,86,4820.11677
1.386445,74,4820.266677
1.035961,74,4820.433481
2.79672,69,4820.578754
1.769707,67,4820.721483
2.175109,66,4820.85286
2.315824,67,4820.984591
4.0826,65,4821.115081
2.50774,60,4821.232188
3.59157,60,4821.351221
101.232215,81,4821.512388
4.603761,69,4821.649198
105.845425,70,4821.787194
103.54198,64,4821.915225
3.543582,66,4822.044581
100.701728,30,4822.102724
101.359866,96,4822.292189
1.929324,97,4822.481476
2.432345,70,4822.61812
4.08353,75,4822.765183
2.787637,63,4822.888386
101.873243,72,4823.032589
101.35606,63,4823.154908
1.126799,75,4823.300244
0.149894,106,4823.507812
6.201106,64,4823.635983
3.851762,60,4823.755632
101.232913,76,4823.907196
0.011972,79,4824.065884
5.385579,79,4835.518587
101.743228,72,4835.658441
4.045724,67,4835.788967
101.859248,101,4835.985774
2.319055,75,4836.13113
2.08604,71,4836.270434
1.834528,62,4836.39309
2.588619,81,4836.553138
-2.020993,129,4836.805164
1.713264,80,4836.962873
4.132464,68,4837.098582
2.641163,187,4837.461962
1.015657,91,4837.64077
101.025358,84,4837.808752
100.808953,76,4837.959433
3.242198,74,4838.100901
3.369142,70,4838.241372
4.032107,63,4838.366465
2.285161,84,4838.529041
4.479547,68,4838.665568
5.059579,70,4838.808802
2.525556,69,4838.942878
0.012721,80,4839.101885
101.434217,67,4839.235708
2.190084,68,4839.375242
2.752089,62,4850.692101
100.79804,71,4850.831852
3.141583,60,4850.950715
3.161384,91,4851.155735
103.358348,69,4851.295359
3.398449,62,4851.418298
3.556085,97,4851.60842
4.248754,69,4851.748722
103.869711,71,4851.887949
4.51585,73,4852.03585
3.568855,68,4852.168927
101.532856,67,4852.299163
101.903103,68,4852.430444
2.827336,67,4852.564913
101.628135,87,4852.733922
101.346718,88,4852.906035
4.064636,66,4853.034438
1.730305,76,4853.181274
-0.584675,165,4853.506814
1.232689,94,4853.688819
3.543437,67,4853.821679
104.421722,68,4853.952979
1.527435,93,4854.136763
101.467704,78,4854.29167
4.234095,63,4854.414609
4.919437,185,4865.942481
4.300984,74,4866.112045
101.477438,95,4866.298245
2.609536,70,4866.438301
0.116792,99,4866.642588
1.731811,66,4866.773095
4.223815,61,4866.895632
2.221986,91,4867.074036
1.45781,80,4867.233562
103.592623,53,4867.339721
4.23406,68,4867.479089
0.746497,65,4867.60948
100.631391,75,4867.758307
0.524141,107,4867.964411
2.48595,68,4868.096372
1.967948,72,4868.239047
4.923585,64,4868.365593
101.063163,85,4868.535128
3.34402,88,4868.706362
-0.34198,101,4868.905174
3.900579,65,4869.039414
100.248373,55,4869.148811
100.922892,82,4869.311425
101.411789,70,4869.452013
102.659309,52,4869.552227
103.712958,53,4869.654118
-0.224948,99,4869.855147
3.435552,84,4881.236977
100.615048,83,4881.400467
105.31911,66,4881.534132
1.492516,85,4881.707169
4.583788,85,4881.876689
100.67196,71,4882.011834
3.134813,69,4882.144817
1.100973,80,4882.304364
0.836122,80,4882.464193
0.09753,81,4882.624567
3.749204,61,4882.749823
3.699217,64,4882.891598
2.873673,67,4883.025018
3.436667,81,4883.183075
100.501263,59,4883.303054
1.625968,73,4883.451612
1.703909,70,4883.590897
-0.362542,81,4883.750638
1.879561,93,4883.936385
2.101783,69,4884.075057
2.237777,68,4884.207901
101.213314,58,4884.323579
2.253409,68,4884.455088
-1.126794,147,4884.751272
1.383841,82,4884.914421
3.586398,65,4885.045537
1.4891,78,4885.200976
2.901294,62,4896.615246
104.438264,66,4896.744909
101.10098,84,4896.911865
1.303902,70,4897.049906
1.921044,68,4897.196384
1.719587,62,4897.313651
4.612755,75,4897.457616
100.680715,76,4897.604576
0.874215,116,4897.830881
4.532242,65,4897.956184
0.625094,80,4898.109093
4.632993,76,4898.260209
3.442015,76,4898.407303
1.064327,97,4898.596745
4.21055,68,4898.731008
101.869069,93,4898.913968
1.973086,100,4899.10871
1.902193,68,4899.243458
4.024212,66,4899.372709
2.283498,80,4899.526468
1.354196,81,4899.685241
104.716572,67,4899.819418
0.961615,76,4899.968596
1.692606,72,4900.109651
105.571129,73,4900.250857
3.495104,74,4900.39634
4.000481,180,4912.100462
1.359343,72,4912.23912
3.221264,88,4912.413817
3.326504,88,4912.583135
100.769655,51,4912.682926
100.909621,81,4912.84515
4.191527,76,4913.003624
4.359493,75,4913.177763
0.590196,1000,4915.170032
0.998674,96,4915.36261
2.129606,99,4915.556188
2.677643,61,4915.679652
-1.925488,157,4915.996522
2.016541,160,4927.494901
2.200428,155,4927.813077
-1.370407,108,4928.023703
100.906156,78,4928.180454
5.183493,62,4928.312469
0.85605,73,4928.453587
-0.109285,97,4928.645429
1.316282,78,4928.799732
100.819999,49,4928.903719
102.675297,72,4929.047231
0.895294,95,4929.233393
2.479995,75,4929.379654
101.016418,78,4929.534736
3.021455,89,4929.714173
0.95065,81,4929.874899
101.553453,83,4930.037426
3.854326,61,4930.156844
104.367523,58,4930.269667
1.420808,65,4930.396868
2.576086,62,4930.514477
2.427067,68,4930.665626
0.227316,161,4930.993887
0.203405,1000,4944.140103
3.193148,66,4944.269332
3.093786,70,4944.410584
3.25392,66,4944.537458
3.051353,85,4944.70678
2.723308,68,4944.841756
3.618687,67,4944.976888
3.137152,67,4945.122202
3.746171,76,4945.271203
2.512771,69,4945.406327
1.048949,97,4945.59892
101.003756,97,4945.795491
2.604812,61,4945.915633
100.783938,62,4946.038214
1.384502,92,4946.22126
4.262303,63,4946.342762
103.050221,64,4946.468216
0.934537,108,4957.847373
2.254796,88,4958.023074
2.052559,89,4958.210748
101.894966,66,4958.342445
4.35029,65,4958.469953
2.488421,71,4958.608438
104.156124,57,4958.720846
1.499858,79,4958.876563
3.889709,64,4959.005935
101.04514,78,4959.161237
100.764069,749,4960.658302
1.899903,114,4960.886816
3.273173,115,4961.111952
5.194836,73,4961.256125
4.418613,70,4961.396786
1.101139,101,4961.595341
2.861421,75,4961.741415
4.698753,73,4973.16993
100.730263,64,4973.292589
2.792198,89,4973.467421
103.216652,72,4973.623975
2.258637,79,4973.783393
2.288147,68,4973.91712
103.704135,69,4974.052099
102.100229,70,4974.200961
2.323724,209,4974.610263
2.441098,69,4974.746892
2.944958,103,4974.9485
0.701873,88,4975.126568
1.675062,65,4975.263772
5.156193,81,4975.424117
4.77522,71,4975.564456
4.730399,65,4975.69114
1.98688,91,4975.876519
1.77019,70,4976.014371
1.249491,73,4976.158462
101.068094,66,4976.289466
-0.058817,104,4976.496026
2.857082,63,4976.61947
1.610896,78,4976.769872
101.819141,66,4976.902932
2.522129,63,4977.028357
102.864034,62,4988.323956
102.227898,150,4988.619432
0.840218,70,4988.774666
4.78289,63,4988.89946
100.47547,272,4989.438999
2.070576,99,4989.63191
4.171395,84,4989.794578
3.360845,74,4989.947032
3.106232,75,4990.092033
0.727727,322,4990.739688
1.496246,69,4990.876474
100.845619,79,4991.036288
101.622085,41,4991.117802
101.029645,57,4991.229217
4.643779,66,4991.359983
4.973678,71,4991.499668
3.232555,67,4991.635851
5.32325,71,4991.775596
102.057671,65,4991.90508
4.648736,68,4992.037957
4.942037,61,4992.161399
1.648099,70,4992.298203
1.41108,96,5003.691495
1.731307,69,5003.84069
1.500174,70,5003.976422
1.001598,62,5004.099024
3.288496,64,5004.225483
1.556973,78,5004.376303
3.228889,83,5004.537602
2.948475,88,5004.720859
2.301466,72,5004.863545
101.706959,78,5005.014624
-0.540766,89,5005.190705
4.301931,68,5005.324821
2.232386,72,5005.470765
3.124523,64,5005.595735
0.251036,80,5005.754658
5.185084,66,5005.885296
2.814697,65,5006.01095
4.507497,63,5006.133254
1.939084,85,5006.298035
101.613594,49,5006.393196
3.09851,67,5006.526695
3.196233,59,5006.641865
3.343893,82,5006.808138
2.846042,70,5006.94934
1.33022,86,5007.115411
102.50306,69,5007.257806
102.252069,84,5007.419125
102.105311,55,5007.525841
1.693953,70,5018.85764
101.415638,92,5019.035779
4.980402,91,5019.219103
1.809544,80,5019.375753
1.787695,90,5019.553642
2.956914,65,5019.685567
0.361527,1000,5021.681091
4.216474,64,5021.806696
3.484803,109,5022.019416
4.586555,67,5022.150041
2.766151,87,5022.323844
-0.275301,102,5022.528608
101.022532,53,5022.630655
105.949285,62,5022.756833
4.969238,76,5034.131412
100.0,1,5034.134564
3.05556,65,5034.261806
-0.35514,89,5034.455424
3.309346,61,5034.580079
1.794748,71,5034.720426
4.272075,72,5034.862379
4.941514,60,5034.980808
4.228565,59,5035.097758
4.42696,70,5035.238699
102.624003,70,5035.378129
1.902859,85,5035.552441
103.984683,58,5035.666508
100.909036,88,5035.844565
3.636622,67,5035.975987
5.889125,63,5036.102651
101.426934,122,5036.34357
100.735315,76,5036.492598
103.2189,73,5036.64034
3.429687,74,5036.78813
0.461951,93,5036.975887
2.462731,64,5037.10006
102.201417,78,5037.251958
3.069224,61,5037.37051
100.807409,92,5037.548577
5.60066,76,5037.698865
100.033627,65,5037.827453
4.852189,63,5037.952005
4.554212,81,5038.112071
2.965465,124,5049.545862
3.552201,72,5049.688466
1.439084,67,5049.819153
3.972013,59,5049.937587
4.014831,67,5050.077826
103.602792,65,5050.211813
1.147338,101,5050.413938
101.211659,83,5050.58418
3.681608,67,5050.720169
1.579214,81,5050.897985
2.828183,68,5051.030977
3.514524,58,5051.14108
2.398232,75,5051.286461
2.512443,194,5051.67466
0.744053,67,5051.809537
1.715791,69,5051.938689
5.938758,69,5052.080152
3.400031,67,5052.211795
1.271783,80,5052.370244
5.790927,85,5052.53737
2.497839,82,5052.694615
101.440888,56,5052.803902
0.636893,74,5052.94818
5.142772,63,5053.07218
101.400006,68,5053.207265
0.992989,86,5053.376652
101.404467,65,5064.697658
101.421503,92,5064.892627
3.293129,72,5065.034211
3.206233,62,5065.158331
1.164791,131,5065.412193
101.287614,97,5065.598377
3.923657,64,5065.733736
1.281566,77,5065.885531
2.070549,71,5066.024433
3.547086,138,5066.295614
101.253923,82,5066.456548
1.240558,69,5066.597121
1.354899,94,5066.780777
102.455225,50,5066.878141
101.273241,75,5067.02454
5.409445,61,5067.14161
3.152185,61,5067.25868
3.44149,59,5067.377786
101.132885,75,5067.528019
1.828668,59,5067.646753
1.194305,86,5067.820231
1.697171,94,5068.005184
3.705924,66,5068.134741
100.990793,142,5068.415738
101.79364,119,5068.649663
4.65276,81,5079.999484
101.12045,66,5080.127463
0.7745,95,5080.316276
4.456732,79,5080.493964
2.747043,79,5080.656145
1.178518,71,5080.803944
3.562337,77,5080.966597
1.006349,75,5081.121915
2.033469,60,5081.241737
3.093306,96,5081.43165
2.167875,93,5081.615011
1.350465,75,5081.759594
100.876509,73,5081.90138
100.765991,70,5082.04124
2.952078,68,5082.172164
2.378926,94,5082.354959
3.405147,70,5082.489396
4.23425,83,5082.648641
4.639745,59,5082.769368
2.794754,69,5082.917658
4.561291,67,5083.049307
1.472707,79,5083.204113
3.885668,76,5083.354966
2.542886,69,5083.48926
102.489906,75,5083.638609
2.593556,77,5083.790043
102.095386,72,5083.931765
1.974752,81,5095.285463
6.05321,67,5095.420935
2.959558,68,5095.553724
0.942357,65,5095.683621
-0.072769,83,5095.845076
1.571964,66,5095.974771
1.468049,64,5096.099529
1.759744,75,5096.260918
5.272296,65,5096.391519
4.956466,73,5096.535053
5.087169,69,5096.670806
1.746158,73,5096.82212
4.090759,128,5097.08772
101.168515,58,5097.199648
3.384315,62,5097.321898
5.481766,62,5097.440798
5.252489,64,5097.569407
104.176173,58,5097.680747
102.467984,70,5097.817668
-0.476799,70,5097.957458
1.363068,71,5098.093864
3.732602,72,5098.238217
-0.049737,90,5098.443284
4.304295,74,5098.59118
3.050157,86,5098.76254
3.855089,61,5098.883317
100.859736,80,5099.041313
102.744212,66,5099.171127
3.340384,66,5110.464293
4.007958,71,5110.603493
1.973929,69,5110.73618
1.592996,73,5110.879463
102.032065,123,5111.16206
-0.254967,99,5111.371058
1.577918,91,5111.562843
4.01458,84,5111.732879
6.202555,63,5111.857293
1.119468,88,5112.038961
4.721293,71,5112.184861
102.239318,62,5112.307268
100.343054,68,5112.441469
100.838671,83,5112.612973
100.803643,27,5112.665626
2.36499,64,5112.794347
-0.269821,81,5112.955233
1.45839,99,5113.163207
2.45549,61,5113.283098
0.746181,1000,5126.402743
103.722917,72,5126.551518
3.927691,67,5126.683546
100.055354,63,5126.818889
5.506336,64,5126.947351
3.978671,61,5127.062989
3.559593,90,5127.241826
101.941692,65,5127.37188
1.387412,96,5127.559191
3.757125,60,5127.677365
2.293472,61,5127.79636
3.228035,73,5127.94024
4.739449,79,5128.095707
5.432895,66,5128.228465
2.113335,93,5128.411548
1.240781,77,5128.565537
101.965838,55,5128.675983
103.534485,56,5128.786406
3.923692,67,5128.916984
3.686944,80,5129.077725
102.602045,76,5129.228701
0.739718,90,5129.407501
3.557192,74,5129.554221
3.974458,65,5129.679239
101.334769,33,5129.744559
2.160499,68,5141.091605
5.162771,74,5141.252243
4.741791,69,5141.392725
101.022629,73,5141.540437
3.427937,66,5141.679006
104.181705,56,5141.791107
5.171066,64,5141.917647
3.885573,86,5142.090364
5.404002,76,5142.250437
3.425247,80,5142.410211
4.961711,71,5142.553811
1.412999,92,5142.740507
1.353558,86,5142.908574
4.413232,65,5143.035874
2.84273,69,5143.178861
4.019902,70,5143.320501
3.904055,82,5143.481201
101.813335,78,5143.636995
0.442394,90,5143.81506
102.40949,47,5143.907568
1.160533,97,5144.102028
5.135716,67,5144.236078
0.262329,196,5144.617075
100.79198,88,5144.800355
0.868144,87,5144.975739
4.674988,63,5145.101243
0.883525,103,5156.522931
100.490509,61,5156.645642
4.664802,78,5156.801867
1.164258,93,5156.992032
-1.918043,230,5157.455291
103.303728,56,5157.567144
105.14845,70,5157.708116
101.238312,93,5157.906031
103.160129,66,5158.037009
-0.067078,110,5158.253637
4.243774,74,5158.398087
3.815594,83,5158.564828
0.484129,94,5158.751355
4.173549,68,5158.882507
100.458067,41,5158.966812
1.995708,69,5159.101431
5.27754,66,5159.234593
4.810016,73,5159.378459
2.310975,80,5159.542501
1.051877,74,5159.684727
1.656869,74,5159.83234
100.051451,68,5159.969155
5.537583,70,5160.115931
100.775485,78,5160.268383
103.778613,53,5160.370273
101.721217,90,5171.91389
102.363002,44,5172.013503
101.572911,97,5172.209969
5.234832,67,5172.344445
4.836167,66,5172.471358
104.013508,69,5172.610268
101.7188,63,5172.732642
100.493889,237,5173.219172
104.708075,60,5173.340154
5.17411,64,5173.47913
4.351868,65,5173.612132
4.11007,60,5173.734864
105.613654,64,5173.864445
3.634397,71,5174.007522
3.989164,69,5174.14333
1.59009,72,5174.289308
102.900477,70,5174.433116
101.535069,87,5174.614557
2.54997,66,5174.746864
105.145821,73,5174.897776
5.91235,76,5175.061893
103.133582,51,5175.172695
100.987055,50,5175.275268
0.322504,120,5175.523495
4.703946,66,5175.658865
-0.340264,80,5175.826248
0.004358,83,5175.998641
-0.820052,89,5187.406801
3.652458,70,5187.549891
1.822884,72,5187.696783
2.14952,82,5187.863186
1.937886,70,5188.009499
-0.18916,421,5188.885541
1.016396,75,5189.031099
1.832036,60,5189.148605
2.976678,79,5189.303909
1.086268,132,5189.570179
1.134904,65,5189.699854
102.637897,69,5189.837884
4.157045,65,5189.968876
5.525145,77,5190.130452
101.374142,73,5190.276456
2.235834,60,5190.400226
0.086379,89,5190.585693
103.184956,69,5190.725142
1.51503,70,5190.861632
1.516059,96,5191.045374
2.945125,92,5191.22472
5.31841,69,5191.369726
3.232945,70,5202.778247
2.42515,60,5202.901999
101.521995,92,5203.086165
0.874089,79,5203.265573
2.281416,65,5203.40364
1.137735,74,5203.556764
-1.803573,830,5205.262204
4.493261,65,5205.388518
4.601058,71,5205.529584
4.707231,73,5205.673546
101.014857,82,5205.836586
3.236344,67,5205.971907
100.924689,54,5206.075965
4.501134,67,5206.2089
1.050023,92,5206.389697
101.88691,74,5206.550369
101.987193,39,5206.625815
4.545649,67,5206.755634
100.747491,64,5218.151054
100.606633,43,5218.237695
2.790321,60,5218.352298
3.341768,78,5218.508937
2.337361,69,5218.647395
3.5081,65,5218.794132
1.389509,91,5218.973822
104.56761,61,5219.092694
1.792872,67,5219.228107
3.420756,73,5219.378488
4.324965,68,5219.518571
1.881797,70,5219.663581
3.775322,112,5219.894649
4.015291,70,5220.03951
0.977097,69,5220.18373
100.4088,70,5220.328565
1.863088,70,5220.47238
102.020965,75,5220.62287
3.941453,67,5220.76097
1.011798,98,5220.953213
101.756116,87,5221.127991
101.101255,77,5221.285331
2.81733,69,5221.42017
1.76059,64,5221.545876
4.524063,76,5221.696853
1.308518,79,5221.852991
101.205968,71,5221.992149
1.211857,356,5233.971669
2.135736,72,5234.11446
103.232476,74,5234.263323
0.014438,90,5234.442001
2.316161,88,5234.627675
2.159667,64,5234.762368
1.59698,71,5234.902228
100.974821,66,5235.034565
2.138006,89,5235.216368
1.795293,89,5235.393653
4.464862,62,5235.51461
0.88392,92,5235.698675
4.929475,66,5235.828872
5.301563,62,5235.949107
1.683988,70,5236.082372
4.487879,66,5236.211075
3.002284,75,5236.356663
1.002841,62,5236.48094
1.291569,95,5236.674596
3.190376,81,5236.837195
2.239006,68,5236.97174
0.822927,70,5237.110272
2.92905,91,5237.293581
5.370138,62,5237.417735
103.738897,66,5237.54852
101.586054,68,5248.995705
100.755593,73,5249.144471
102.870403,56,5249.257375
4.690901,68,5249.401097
0.564107,85,5249.583816
3.038392,67,5249.722993
1.930281,99,5249.925576
101.156017,65,5250.070646
104.828231,62,5250.198505
102.24201,64,5250.330848
3.16897,61,5250.471619
2.56975,89,5250.656688
2.074397,86,5250.832675
102.552982,61,5250.952299
5.885423,79,5251.106414
3.595551,69,5251.241738
100.883227,50,5251.33562
1.901049,74,5251.481178
2.212232,75,5251.62818
4.468308,67,5251.755528
1.273139,76,5251.906643
4.273385,67,5252.041865
4.484617,67,5252.179374
4.886646,64,5252.31288
1.955871,78,5252.473246
1.782751,79,5252.642947
102.047091,68,5252.784619
5.557509,66,5252.915575
4.802356,66,5253.045664
3.799296,62,5264.433323
4.115706,81,5264.592849
102.188072,76,5264.755076
1.164909,72,5264.896597
101.375707,84,5265.060957
3.028449,69,5265.196732
3.43316,62,5265.323889
1.915718,62,5265.448493
3.604641,67,5265.579331
100.997493,90,5265.756106
101.179593,76,5265.906457
5.754231,65,5266.03379
100.757834,78,5266.184117
2.294967,74,5266.332507
2.734938,62,5266.454339
4.083389,103,5266.653716
4.745032,67,5266.782827
0.503475,78,5266.937008
105.433574,63,5267.065783
3.071335,94,5267.250852
101.283821,77,5267.405019
4.122114,67,5267.539479
1.351769,75,5267.686737
3.748015,102,5267.901014
100.925213,80,5268.061569
1.439409,81,5268.223216
100.511432,72,5268.367379
3.574808,65,5279.942027
103.463139,67,5280.08284
105.704824,66,5280.218683
103.685207,59,5280.340628
-0.392334,191,5280.712882
2.274794,60,5280.832277
2.465616,112,5281.053023
101.21859,65,5281.180576
103.336064,66,5281.309453
2.418786,78,5281.475557
3.984914,65,5281.602549
1.890874,73,5281.749072
1.615637,81,5281.910855
2.428588,86,5282.081991
1.136636,72,5282.223762
100.830557,71,5282.365029
1.158296,69,5282.50625
101.137634,94,5282.699659
3.520323,73,5282.842036
2.397144,59,5282.955582
0.30997,1000,5296.211732
2.810422,77,5296.364814
4.450834,85,5296.526837
0.44547,89,5296.703477
2.362715,69,5296.837773
1.466797,74,5296.981138
101.64162,91,5297.158985
2.605824,110,5297.375034
3.009953,76,5297.529421
1.444757,105,5297.741369
101.123712,84,5297.90873
1.340325,73,5298.057765
102.761198,54,5298.165898
2.665116,77,5298.322494
102.003162,62,5298.447668
2.38961,65,5298.575435
3.862164,93,5298.762782
4.252138,63,5298.892832
0.915986,84,5299.06182
0.822446,84,5299.227552
0.436009,102,5310.817289
100.853157,80,5310.971028
1.227996,82,5311.132282
-0.267146,117,5311.362835
2.017799,91,5311.541801
100.201365,37,5311.615772
2.108116,71,5311.755512
3.967137,85,5311.922537
0.883956,67,5312.058862
102.418097,54,5312.167685
101.753327,56,5312.284419
0.838376,80,5312.444468
4.190761,68,5312.578309
3.427431,66,5312.707076
5.43295,61,5312.833883
101.263209,139,5313.118524
0.829372,74,5313.275205
101.197869,81,5313.440811
2.897621,92,5313.630164
4.986242,61,5313.754799
-0.112123,121,5313.996022
2.452353,67,5314.133696
5.203205,70,5314.274202
4.40649,66,5314.403188
2.386364,87,5314.574941
3.144872,68,5314.725765
1.661832,66,5326.095322
5.446442,85,5326.266401
102.600182,64,5326.391402
1.499049,97,5326.582835
1.853733,69,5326.731745
0.822079,140,5327.022681
-0.609565,90,5327.207172
102.319762,78,5327.356757
2.975908,69,5327.491657
1.346153,71,5327.63816
1.001363,70,5327.783876
105.169545,65,5327.917733
1.156872,88,5328.104375
1.389061,94,5328.300642
101.914288,138,5328.588456
2.763535,67,5328.727146
100.837678,83,5328.899847
1.303641,74,5329.062711
5.465537,70,5329.252414
102.506773,68,5329.43691
5.108871,69,5329.582726
0.883173,116,5329.815499
1.289396,88,5329.990906
1.187983,89,5330.167546
-0.077341,146,5341.714599
0.483857,1000,5343.758717
101.189722,59,5343.873778
103.737238,66,5344.005451
102.434131,76,5344.164687
2.629638,60,5344.293108
-0.898706,308,5344.926189
2.156814,76,5345.086384
102.749483,64,5345.221129
3.384056,65,5345.356239
100.597903,86,5345.540759
2.754837,86,5345.714028
102.996562,58,5357.114657
1.040552,84,5357.27829
2.435821,80,5357.435655
101.344164,59,5357.571373
3.046364,69,5357.709725
5.994189,65,5357.842255
3.437312,79,5357.999038
0.816813,82,5358.165134
101.526678,71,5358.305794
1.748414,70,5358.448278
2.797861,68,5358.58558
105.160521,65,5358.719179
102.054908,60,5358.838495
3.26299,98,5359.035596
1.877276,73,5359.17725
105.338392,66,5359.310572
3.534986,65,5359.438978
-1.895733,134,5359.710541
101.248858,71,5359.860264
101.882501,70,5360.006684
2.83238,69,5360.142844
4.359993,155,5360.448635
4.651348,95,5360.644993
2.551621,59,5360.777015
1.388439,83,5360.955221
101.134582,86,5361.133524
102.184796,70,5372.533007
102.90222,76,5372.682845
3.682837,65,5372.807873
101.954667,61,5372.9277
3.697285,82,5373.09102
0.784084,72,5373.243567
104.694222,63,5373.368268
100.838788,79,5373.525284
104.537739,60,5373.645603
5.403198,62,5373.769116
106.152357,71,5373.909368
3.50516,60,5374.027948
2.68791,67,5374.157355
1.390397,120,5374.394306
0.928411,133,5374.646118
3.271346,82,5374.804018
5.451209,66,5374.933643
-0.242097,85,5375.098871
1.357483,93,5375.283553
1.560482,70,5375.42295
3.146871,93,5375.623291
2.806294,81,5375.778574
4.300095,65,5375.905364
2.066372,65,5376.035794
3.756179,73,5376.182673
103.213235,64,5376.307845
3.15527,208,5387.941356
3.677638,62,5388.063161
2.525882,71,5388.201772
0.472108,115,5388.431278
2.862646,81,5388.597121
3.341116,76,5388.756285
2.701194,74,5388.902734
3.688629,67,5389.035851
105.055742,69,5389.171662
0.163335,143,5389.481308
2.908223,77,5389.639369
1.77551,78,5389.800634
3.310854,67,5389.933011
4.114712,72,5390.076602
1.498282,89,5390.251123
100.741758,68,5390.385854
2.462924,70,5390.527086
0.072238,82,5390.690074
0.64889,1000,5403.909962
2.070505,67,5404.050366
2.449683,72,5404.200354
3.082156,77,5404.359132
103.209229,69,5404.50426
100.440845,68,5404.643767
103.175796,79,5404.807792
4.296315,79,5404.967443
104.423348,64,5405.095163
-0.62132,108,5405.306852
101.00495,85,5405.476219
102.80133,64,5405.604848
102.071799,59,5405.720306
1.417691,73,5405.865351
102.707649,63,5405.992805
1.703778,77,5406.1526
1.061236,86,5406.335396
102.286381,69,5406.479481
5.063568,69,5406.624549
3.163383,60,5406.749767
102.534531,63,5406.882361
105.533705,64,5407.016073
100.670786,59,5407.137471
3.387285,73,5407.287412
1.99708,128,5418.960755
3.78027,85,5419.127746
4.300513,63,5419.255556
0.699398,72,5419.394306
101.36423,88,5419.571711
4.781204,66,5419.701518
0.986451,100,5419.919188
101.62481,80,5420.08187
101.639141,71,5420.238508
2.618714,68,5420.384665
4.238788,98,5420.586821
2.448438,74,5420.738491
5.012997,71,5420.881804
1.704379,65,5421.013213
3.329114,83,5421.1841
5.949325,66,5421.320873
0.412347,77,5421.47825
1.799426,70,5421.626214
-1.859006,295,5422.231375
3.831003,89,5422.418161
4.691367,74,5422.575529
0.08284,86,5422.747881
100.913848,74,5422.899611
102.567946,66,5434.436777
5.193363,71,5434.576522
0.22126,73,5434.728746
4.736227,92,5434.922989
4.125084,67,5435.076605
101.904488,82,5435.242987
1.877461,73,5435.401531
100.938381,55,5435.518036
1.626011,77,5435.678718
1.817501,69,5435.822261
5.500042,63,5435.953003
4.087128,117,5436.196494
5.666218,63,5436.329578
101.033351,31,5436.393139
1.714644,105,5436.611682
1.185925,103,5436.825617
0.730582,75,5436.986882
101.863736,75,5437.143182
2.954657,68,5437.284841
2.59293,68,5437.428448
5.14569,71,5437.581709
5.218221,67,5437.719779
101.822904,92,5437.907896
1.922826,65,5438.042359
103.542609,69,5438.184126
0.862913,88,5438.369961
102.324024,69,5438.512473
1.315957,134,5450.100183
2.791893,61,5450.223269
4.367678,95,5450.410046
1.340275,71,5450.551087
-1.623456,105,5450.759123
101.347942,56,5450.872222
101.421819,78,5451.028831
2.956145,63,5451.159265
6.124507,63,5451.290365
2.83399,62,5451.42721
102.079,135,5451.726394
2.293763,61,5451.853313
0.85164,96,5452.044435
101.049091,66,5452.185272
1.559925,70,5452.333652
101.772446,69,5452.476816
4.266416,67,5452.621716
3.764069,68,5452.761593
101.798694,73,5452.916463
3.496015,72,5453.07146
101.001101,75,5453.228581
3.089662,82,5453.414687
101.719013,71,5453.562658
104.698643,59,5453.688048
0.111517,110,5453.947919
1.783066,78,5454.114627
3.804287,67,5465.535244
104.619569,67,5465.665606
101.696726,42,5465.749816
5.023693,83,5465.908727
102.686449,65,5466.047445
102.26864,76,5466.196324
0.785243,125,5466.439901
102.389877,63,5466.562923
103.909266,64,5466.687004
3.559578,88,5466.860314
1.935567,77,5467.014047
100.845077,56,5467.121896
1.926835,69,5467.255968
6.17458,65,5467.379806
100.611834,75,5467.52684
5.65097,66,5467.66132
5.556633,76,5467.818596
3.547321,82,5467.988653
1.590566,103,5468.194443
2.512982,91,5468.375609
1.787711,93,5468.572545
1.193083,138,5468.860496
103.359606,64,5468.983768
1.603225,62,5469.105124
1.410941,90,5469.286229
101.073957,71,5469.427683
3.872455,73,5469.573298
2.362767,76,5480.951401
101.858495,74,5481.110083
103.176175,66,5481.246595
0.007975,172,5481.6002
1.508676,73,5481.747212
101.622249,68,5481.889223
5.167018,84,5482.071815
3.061818,91,5482.257413
1.804752,70,5482.401147
1.737826,67,5482.532627
103.983182,55,5482.641679
5.093583,71,5482.779619
1.886687,79,5482.931763
2.339528,74,5483.077034
102.082712,74,5483.22124
2.25204,77,5483.369577
2.28388,88,5483.546128
100.797983,81,5483.706171
3.894044,105,5483.91269
101.137442,88,5484.088021
-0.730656,191,5484.465927
100.369681,46,5484.558133
1.231412,94,5484.742421
5.845665,70,5484.876444
5.969044,77,5496.339383
100.630254,73,5496.488657
1.369832,90,5496.690619
3.049787,76,5496.846822
101.9296,96,5497.035086
4.298303,86,5497.204572
5.394409,65,5497.332678
1.494373,79,5497.488562
101.472563,82,5497.649498
3.246635,69,5497.785412
5.286432,67,5497.916687
4.301634,68,5498.047231
2.939411,61,5498.169731
2.563633,84,5498.3353
0.025961,90,5498.508415
1.184283,131,5498.76336
3.433649,66,5498.897028
101.035344,75,5499.052677
-0.352885,81,5499.212506
5.281544,80,5499.367747
3.305484,64,5499.499952
4.507702,63,5499.628839
0.382147,163,5499.958551
101.387892,69,5500.095738
102.271991,47,5500.184961
2.756073,89,5511.691201
100.751351,79,5511.848319
4.506147,65,5511.976812
2.43371,80,5512.139145
2.496611,144,5512.430408
102.273042,74,5512.576293
101.373249,95,5512.766506
1.846754,76,5512.923781
-0.090113,80,5513.083596
4.144711,72,5513.225003
4.405975,61,5513.359637
2.45531,94,5513.550452
103.214028,51,5513.651664
1.516678,60,5513.767938
4.727245,81,5513.932715
5.804549,72,5514.078833
105.566344,67,5514.212423
4.572308,79,5514.3767
2.391616,68,5514.513659
1.452841,138,5514.785758
100.997032,83,5514.953935
101.225252,57,5515.065052
1.338116,70,5515.204448
1.323853,98,5515.396697
1.832781,83,5515.558763
101.356236,67,5515.688367
2.738973,65,5526.97562
102.048513,60,5527.094983
3.998963,99,5527.295627
1.232205,73,5527.452198
-0.078375,115,5527.683741
3.836668,71,5527.821254
103.995273,66,5527.953235
3.318228,60,5528.07695
102.33868,79,5528.235983
3.084839,103,5528.44378
4.746635,74,5528.593424
0.367708,80,5528.752072
4.382183,66,5528.887191
3.115418,61,5529.007372
1.976422,72,5529.151247
3.137715,86,5529.326798
4.596382,80,5529.480788
100.615486,69,5529.62401
2.187337,69,5529.785526
0.237156,94,5529.9699
3.683082,67,5530.101459
1.692194,87,5530.267498
4.130964,63,5530.392502
3.171111,83,5530.555443
101.112978,83,5530.720071
1.852858,93,5530.902671
4.684673,68,5531.040149
101.153712,66,5542.34146
1.335974,74,5542.502574
-2.243131,850,5544.197377
104.488581,69,5544.332212
1.815976,75,5544.481509
2.306857,69,5544.622328
3.228375,160,5544.937315
2.493248,69,5545.073624
0.451201,98,5545.265069
4.283651,66,5545.400819
102.704295,63,5545.526557
-1.772798,126,5545.7759
100.694972,84,5545.949592
5.279187,62,5546.074757
3.203177,63,5546.20104
104.245637,68,5557.532194
0.352536,107,5557.741655
101.000872,81,5557.918794
4.450896,70,5558.055907
2.133496,69,5558.19617
3.383362,93,5558.380754
2.04416,156,5558.693908
101.660482,44,5558.784344
1.284963,70,5558.919958
102.211939,62,5559.041773
3.240676,61,5559.161678
0.935527,65,5559.290431
103.7167,68,5559.42346
3.6264,71,5559.564548
3.738943,71,5559.713754
2.795639,78,5559.868509
3.369373,81,5560.03149
6.003279,63,5560.156907
100.827373,49,5560.257527
3.456222,70,5560.396645
2.269228,88,5560.564483
101.925126,66,5560.703602
101.622706,69,5560.841509
1.524519,64,5560.969075
4.441172,63,5561.096347
3.470559,78,5561.253122
2.618797,82,5561.418278
102.184838,68,5561.553756
105.129023,71,5572.91976
4.609254,83,5573.08728
1.844706,76,5573.238375
4.540341,74,5573.385956
3.662173,67,5573.518228
3.38058,71,5573.658684
106.254346,71,5573.801406
102.230203,74,5573.949426
4.759386,67,5574.100155
3.181633,67,5574.231843
104.794184,60,5574.350026
101.143422,85,5574.520868
102.062956,80,5574.678306
2.286483,84,5574.84593
4.88583,92,5575.024248
5.982742,77,5575.175767
4.385127,64,5575.304349
3.645634,79,5575.461804
4.214726,81,5575.623998
5.157234,66,5575.75474
3.342748,204,5576.160126
3.461326,62,5576.288074
101.635618,83,5576.450635
104.694559,67,5576.582568
1.823252,81,5576.745048
4.730388,155,5588.241227
1.731858,91,5588.434502
104.639387,65,5588.563896
2.030536,94,5588.749914
102.179817,81,5588.912533
6.017778,63,5589.037009
3.679927,81,5589.198912
4.39269,68,5589.330774
2.460715,79,5589.485423
4.113951,66,5589.615832
100.967543,80,5589.77389
2.851627,69,5589.908457
100.462736,46,5590.002867
2.379753,68,5590.134998
1.902178,82,5590.30619
101.031219,92,5590.488653
4.744321,70,5590.623812
2.370775,73,5590.769301
1.730182,70,5590.905387
3.213812,77,5591.056824
2.587028,65,5591.186397
100.842127,66,5591.320111
101.187841,97,5591.516885
1.34756,95,5591.702419
2.591048,73,5591.848486
1.491194,71,5591.989907
0.858267,95,5592.185194
101.433818,81,5603.570661
1.482563,91,5603.751089
5.417077,63,5603.873556
5.824528,77,5604.030139
5.27168,71,5604.173107
3.536333,68,5604.309119
4.21973,68,5604.447844
1.339362,103,5604.669955
4.953785,80,5604.828164
1.587136,77,5604.982706
4.97603,80,5605.147734
4.73698,78,5605.303883
4.098039,62,5605.425519
100.61389,89,5605.599796
3.238669,65,5605.728625
103.755498,66,5605.861577
5.201412,62,5605.988049
0.473083,97,5606.182075
102.760848,59,5606.29925
1.23645,68,5606.432791
102.173329,70,5606.574294
4.578185,82,5606.736417
1.701109,126,5606.98548
5.084236,62,5607.109408
101.5339,69,5607.244988
3.652696,62,5607.372069
1.015893,135,5618.868959
2.523574,141,5619.160422
101.948038,62,5619.28065
-0.715552,133,5619.547649
3.698233,80,5619.706778
0.524581,207,5620.123339
-0.142186,76,5620.27737
3.589967,68,5620.409945
1.56593,67,5620.542507
5.114723,67,5620.67764
100.751519,87,5620.854486
101.397292,77,5621.006448
2.92635,63,5621.130217
101.545998,91,5621.317581
103.32652,66,5621.457368
3.114161,60,5621.574504
1.428233,93,5621.762446
104.445542,70,5621.901131
102.056576,62,5622.028532
102.120801,63,5622.153348
2.935587,71,5622.295702
102.933537,58,5622.408033
-0.820784,309,5634.215934
100.826513,85,5634.382012
106.094607,72,5634.520105
101.054194,77,5634.683617
100.840518,26,5634.740283
1.665801,84,5634.905805
2.209953,68,5635.040174
2.16191,75,5635.19307
2.273741,105,5635.401574
102.346941,64,5635.52857
3.32263,82,5635.695726
-0.706913,83,5635.859153
2.883163,74,5636.005169
3.813069,77,5636.157249
102.53107,71,5636.304814
102.012988,60,5636.424047
105.092693,70,5636.564638
0.857277,69,5636.701679
105.380804,61,5636.82165
4.026628,114,5637.043304
1.231597,84,5637.214256
101.337847,85,5637.383501
2.53957,69,5637.519711
3.241106,84,5637.685206
100.726594,59,5637.802164
2.128332,76,5637.948467
100.717189,59,5638.065172
4.298318,68,5649.435773
2.083485,98,5649.644183
1.172507,85,5649.812598
3.894477,62,5649.93632
3.228456,88,5650.111207
104.013281,59,5650.226812
103.713208,64,5650.352421
3.077867,66,5650.484983
2.576333,71,5650.62789
100.583106,71,5650.768426
3.337232,74,5650.91339
1.622816,90,5651.088759
4.015808,65,5651.218287
101.258854,79,5651.37256
0.916027,99,5651.570451
3.754167,62,5651.694992
2.047976,64,5651.817757
101.634661,75,5651.964849
4.117529,98,5652.164123
102.121183,81,5652.324528
3.747569,68,5652.456661
0.455268,76,5652.608527
103.898356,65,5652.736489
1.992116,94,5652.92177
100.538175,221,5653.364922
2.284832,94,5664.767793
-1.579185,418,5665.594079
4.387148,67,5665.72906
104.305117,70,5665.871644
2.633567,61,5666.007027
101.114948,80,5666.167151
2.786243,81,5666.328892
1.300789,121,5666.569491
104.384969,65,5666.700598
3.385826,62,5666.82527
3.074246,76,5666.975862
3.237866,64,5667.1033
3.294675,61,5667.224142
3.422629,69,5667.35819
102.621265,62,5667.48543
101.517655,58,5667.600025
103.965928,55,5667.705626
103.235978,57,5667.815917
2.554344,72,5667.957357
4.991097,63,5668.081041
0.997237,86,5668.251209
101.995025,64,5668.377962
1.889001,65,5668.510715
101.638957,54,5668.620345
106.004126,74,5679.99138
0.3042,120,5680.245591
104.26461,69,5680.382836
2.721765,87,5680.551891
2.78224,79,5680.714595
3.557299,102,5680.919942
3.559936,69,5681.057135
3.942357,102,5681.262522
3.504038,62,5681.385614
1.258642,68,5681.518418
4.555168,114,5681.751474
-0.448838,85,5681.919757
102.971832,64,5682.044408
0.234153,69,5682.186589
3.880609,103,5682.383929
101.80338,62,5682.509699
4.46523,65,5682.642286
2.542247,77,5682.792487
101.106622,82,5682.955564
2.878479,76,5683.103911
0.398605,72,5683.247762
3.627786,73,5683.397284
3.614917,83,5683.559364
0.506747,75,5683.712779
104.62191,57,5683.82265
101.285264,79,5683.980077
101.797587,72,5695.354401
-2.211128,141,5695.631365
-0.61454,60,5695.749409
3.0269,63,5695.877438
0.498587,68,5696.014395
5.126453,69,5696.15299
1.298236,80,5696.32568
2.676356,63,5696.453691
101.3979,68,5696.586197
2.388788,80,5696.750993
3.635068,77,5696.907472
2.959759,75,5697.059785
1.917096,137,5697.329956
102.603984,54,5697.433038
2.945924,67,5697.567864
3.308103,87,5697.741595
101.257435,95,5697.927047
3.12218,66,5698.0551
103.508186,70,5698.19603
3.641307,71,5698.340192
2.673232,87,5698.521102
102.477957,69,5698.656415
3.909473,64,5698.782416
1.540143,79,5698.939984
103.503649,55,5699.050416
101.662132,87,5699.224076
5.697586,69,5699.364016
4.249328,81,5710.785175
2.584538,70,5710.926886
4.870305,116,5711.16022
1.650928,77,5711.315706
101.2401,79,5711.476259
1.838339,62,5711.597204
5.461318,78,5711.766598
105.265591,62,5711.888911
1.202594,64,5712.012674
3.601102,62,5712.135618
100.540906,77,5712.293258
-0.198762,129,5712.551154
0.241027,296,5713.161832
100.771188,56,5713.278766
102.3073,70,5713.42363
5.403862,65,5713.561149
105.284599,72,5713.719988
102.514423,77,5713.879107
-0.497442,190,5714.266723
102.200884,45,5714.353323
104.009827,73,5714.500979
101.009402,84,5714.669598
1.527732,66,5714.800318
-0.165294,92,5726.176157
0.459848,108,5726.391004
3.46859,85,5726.559182
0.910641,96,5726.759432
2.290307,68,5726.89593
0.11259,105,5727.108923
2.577642,100,5727.327587
3.135109,73,5727.471897
3.778084,74,5727.61985
104.151361,71,5727.760679
3.363091,78,5727.920693
3.645452,68,5728.055373
2.40174,73,5728.198479
5.776286,88,5728.373977
2.860999,63,5728.496855
0.160625,517,5729.54679
3.948086,81,5729.71232
102.068309,69,5729.853572
101.179358,70,5730.000309
2.283267,101,5741.463537
4.552342,113,5741.705448
106.109856,65,5741.835728
3.1323,82,5741.999259
104.718205,68,5742.142509
104.436517,56,5742.252191
103.950805,68,5742.389764
102.579073,76,5742.550895
105.011389,59,5742.666991
104.819983,68,5742.803152
2.67559,65,5742.933064
101.663558,92,5743.116916
-0.624775,102,5743.320056
5.432542,70,5743.459282
4.202637,81,5743.616446
101.636084,71,5743.755042
3.204472,69,5743.892977
3.360425,92,5744.082922
4.218617,65,5744.209949
-0.691403,61,5744.334415
1.559983,86,5744.502249
3.063662,67,5744.63548
3.656234,64,5744.760776
4.311753,67,5744.898022
3.555808,74,5745.044446
3.913185,62,5745.169185
3.235484,65,5745.296473
4.634383,62,5745.42196
103.064022,64,5756.750466
101.523642,77,5756.907055
2.982396,62,5757.027387
100.85697,100,5757.220956
3.405382,63,5757.346066
2.104196,70,5757.482397
101.315048,56,5757.592902
101.025027,101,5757.791613
2.435093,73,5757.933928
3.375362,70,5758.066523
2.366347,69,5758.218597
3.058613,74,5758.367611
1.920622,60,5758.487062
101.990928,126,5758.730952
4.958653,63,5758.855092
4.327575,71,5758.994753
103.459325,60,5759.11542
5.496472,84,5759.279074
3.780753,82,5759.438229
3.842877,66,5759.567185
101.133666,88,5759.739988
2.476779,90,5759.91884
4.711655,73,5760.060644
102.754315,66,5760.189437
1.983571,90,5760.36952
-0.418709,202,5760.7657
102.332571,68,5772.18239
1.727839,85,5772.357225
3.65579,67,5772.495355
3.248184,75,5772.650282
0.859775,89,5772.830393
2.400352,83,5772.992981
2.726145,70,5773.133314
3.901404,72,5773.271716
2.733642,78,5773.434405
4.992121,74,5773.585654
101.71862,43,5773.67056
4.475515,62,5773.795408
3.144864,73,5773.946321
100.556451,50,5774.054898
5.487028,68,5774.198958
3.102063,63,5774.333246
101.205591,67,5774.472916
3.570731,98,5774.674445
103.114308,65,5774.806625
5.596699,84,5774.976116
0.494515,82,5775.140902
4.423823,80,5775.303432
1.597261,71,5775.442675
4.577271,68,5775.578273
3.968008,69,5775.721271
2.299602,66,5775.856004
-1.615078,126,5776.118217
4.022031,74,5787.52076
1.228292,66,5787.655714
3.562489,65,5787.791537
0.938146,113,5788.02455
101.019223,70,5788.16884
3.216015,72,5788.330301
-3.034733,261,5788.864331
2.931513,67,5788.995715
-0.93375,75,5789.159079
4.95483,75,5789.313031
5.969165,69,5789.457585
1.878881,87,5789.634857
104.549848,68,5789.77796
101.067792,69,5789.921542
2.545655,68,5790.061962
103.164873,51,5790.168988
2.530462,79,5790.32297
4.909783,68,5790.459199
4.588393,81,5790.616677
5.073003,63,5790.739652
3.383338,65,5790.867226
4.887467,72,5791.012597
104.520517,71,5791.151951
-2.965561,132,5791.414133
102.757652,54,5791.524004
0.974359,93,5802.902854
101.642424,62,5803.026671
104.48462,59,5803.156146
0.697158,93,5803.336266
0.958004,75,5803.487095
104.35732,72,5803.629569
3.443459,97,5803.831697
-0.117839,107,5804.052106
-0.349488,180,5804.405756
101.284485,122,5804.675124
101.354174,110,5804.899612
2.897553,88,5805.071893
101.45445,70,5805.210063
4.789644,84,5805.377176
4.672244,68,5805.512963
2.348408,79,5805.67158
5.12219,61,5805.792106
100.817607,83,5805.960808
4.300258,80,5806.120274
-1.192389,125,5806.371778
101.241546,75,5806.523249
3.398517,69,5806.663186
103.601362,54,5806.770929
3.838626,78,5806.924741
104.147268,57,5818.499794
-2.35641,159,5818.813778
101.664024,65,5818.958037
101.095048,66,5819.09013
1.374235,129,5819.351697
102.122577,43,5819.439862
101.191093,81,5819.603666
1.359728,71,5819.748631
-0.795567,163,5820.069134
2.540662,63,5820.193221
5.410985,65,5820.323719
102.155047,76,5820.478353
1.436858,117,5820.708605
4.567393,80,5820.866483
102.913248,61,5820.985694
2.24192,116,5821.227779
3.9107,87,5821.395119
1.83321,64,5821.521533
4.284904,155,5821.834224
101.590299,64,5821.961534
1.318693,66,5822.089721
2.872583,60,5822.216194
105.639742,69,5822.353766
-2.107631,156,5833.86287
100.597656,60,5833.982924
106.118543,70,5834.117247
2.337205,67,5834.247507
3.591829,67,5834.383288
101.7147,61,5834.503678
100.762566,75,5834.653408
2.343632,71,5834.796667
100.719773,81,5834.98131
-0.261644,82,5835.145034
1.186479,84,5835.31162
2.121539,67,5835.450738
5.664036,72,5835.598577
4.281448,62,5835.722148
2.20683,69,5835.857154
100.900972,34,5835.924461
-0.392396,106,5836.135886
101.81254,112,5836.35765
3.749056,68,5836.494895
104.659745,58,5836.612792
2.917528,90,5836.790374
1.832727,80,5836.94913
3.231499,74,5837.096878
4.973518,62,5837.221505
2.591826,85,5837.39955
3.490125,100,5837.597021
105.232874,60,5837.713181
102.68894,78,5837.867696
102.889873,74,5849.309311
4.063943,71,5849.452257
101.062315,79,5849.623522
102.96442,47,5849.714172
1.032253,66,5849.843818
100.873544,91,5850.026021
4.405537,84,5850.187667
1.947541,66,5850.333849
101.062437,93,5850.517287
105.211887,64,5850.646136
4.06061,71,5850.78769
0.534772,105,5850.997252
4.567544,81,5851.161276
0.256751,71,5851.300939
1.302127,75,5851.447314
2.928014,75,5851.597481
0.781959,97,5851.787828
0.579668,66,5851.919273
3.024379,70,5852.056539
1.807505,69,5852.196094
103.315309,58,5852.307252
0.224934,167,5852.639599
102.592255,75,5852.787663
103.764193,72,5852.926914
3.614501,61,5853.044371
2.502549,62,5853.16962
2.822978,91,5864.585747
102.346165,49,5864.681255
3.929563,83,5864.844918
1.870993,65,5864.977197
101.25422,67,5865.108994
2.489668,68,5865.242642
3.06207,62,5865.368034
4.324162,66,5865.504076
3.012234,66,5865.638748
1.427848,78,5865.790214
102.693179,68,5865.925822
102.90547,56,5866.049793
104.164099,59,5866.165412
1.709221,61,5866.288229
3.837704,81,5866.448441
105.431482,67,5866.581409
5.035004,62,5866.708484
1.973222,175,5867.053396
3.269996,65,5867.184105
101.569386,83,5867.343897
5.149439,63,5867.470413
5.177975,64,5867.594182
103.262702,73,5867.735219
1.408976,85,5867.900615
2.776844,68,5868.033412
1.606567,86,5868.201325
4.37248,65,5868.333607
0.940557,73,5868.475331
3.462425,115,5879.953151
3.711204,72,5880.097967
3.959848,66,5880.229813
3.545346,65,5880.357689
100.613231,87,5880.534918
2.221942,66,5880.669061
3.88807,65,5880.80377
100.799815,67,5880.937573
103.170882,53,5881.042704
-1.01547,162,5881.368715
3.960625,66,5881.500887
3.24593,65,5881.634224
102.420199,66,5881.768719
100.825792,82,5881.931831
102.389671,73,5882.077101
1.160381,137,5882.350633
4.718307,66,5882.485331
3.492718,99,5882.684352
3.60913,66,5882.817582
4.793341,63,5882.942396
101.306107,84,5883.110236
103.499063,56,5883.220787
4.150734,95,5883.412627
3.518188,63,5883.546891
-0.387587,99,5883.740899
1.939847,115,5895.194075
2.327223,79,5895.35452
3.318635,84,5895.519474
3.88598,68,5895.656289
1.15081,71,5895.798889
4.858442,65,5895.92821
103.457737,58,5896.054957
0.804778,72,5896.206129
1.675061,76,5896.359567
101.269109,119,5896.592594
1.234044,85,5896.761721
104.497245,58,5896.879695
100.615052,52,5896.983654
101.309652,65,5897.113359
0.955034,61,5897.236629
3.881739,64,5897.362109
4.898999,63,5897.488819
3.740484,64,5897.618369
1.006705,102,5897.822098
1.675127,73,5897.970043
5.246059,89,5898.146471
1.44891,103,5898.353594
1.436591,95,5898.541072
1.078391,80,5898.696147
3.00864,68,5898.8315
3.542619,66,5898.961057
0.76794,139,5899.240907
100.803922,98,5910.63644
2.928418,90,5910.811088
2.54193,68,5910.961081
-1.646532,249,5911.457104
102.863409,60,5911.584588
6.15161,68,5911.72157
1.588059,102,5911.922655
5.539007,65,5912.053426
104.552871,64,5912.180798
101.480804,88,5912.363604
3.452107,63,5912.491985
103.533165,57,5912.603965
3.559001,100,5912.798648
101.565862,56,5912.909942
3.491895,66,5913.040977
0.459744,111,5913.276279
1.307201,70,5913.414056
103.222039,70,5913.556894
104.563491,65,5913.692231
1.134367,104,5913.894723
2.077649,97,5914.08755
0.733625,97,5914.292428
5.091272,72,5914.434564
102.942105,61,5914.554639
103.983297,74,5925.8788
5.519829,77,5926.030325
2.507702,61,5926.152381
101.431536,96,5926.340077
2.283645,68,5926.488731
2.943569,65,5926.616151
2.668908,68,5926.752587
4.188912,63,5926.877363
4.145596,73,5927.021449
1.931948,85,5927.191416
103.844852,68,5927.324313
1.631171,92,5927.513482
3.800218,62,5927.634484
0.709957,71,5927.778547
5.035821,62,5927.905415
2.432386,61,5928.03713
4.313373,137,5928.31271
105.997183,72,5928.454439
4.257515,95,5928.643798
3.764026,95,5928.836496
1.823607,78,5928.990591
2.543807,65,5929.121617
104.389244,64,5929.249274
2.868756,70,5929.391656
4.031677,67,5929.526884
-1.968617,236,5941.18328
1.659248,71,5941.320651
1.168649,76,5941.468646
3.082722,66,5941.616954
1.320132,93,5941.807719
101.299194,73,5941.950309
106.250583,74,5942.094679
102.696238,70,5942.236243
2.872635,65,5942.361044
3.034919,89,5942.538845
4.103683,75,5942.686594
101.505545,126,5942.937778
4.651116,65,5943.066195
0.633533,65,5943.196148
3.615358,62,5943.320394
100.368216,61,5943.444575
3.746381,71,5943.583288
103.478302,61,5943.704321
3.407338,68,5943.838331
3.894727,68,5943.976812
2.94106,73,5944.124914
3.197831,71,5944.268314
101.090367,97,5944.459828
4.097393,72,5944.601462
3.866926,87,5944.772005
1.211958,84,5944.941229
1.377589,106,5956.39378
104.582748,57,5956.514715
0.629695,82,5956.684627
1.119161,74,5956.835645
3.549175,79,5956.992078
3.056099,81,5957.152714
5.025227,63,5957.279398
2.570102,70,5957.419008
3.790248,68,5957.560457
1.734775,63,5957.698215
1.562399,80,5957.863972
4.718298,69,5958.011003
5.399924,62,5958.139556
3.857721,67,5958.279891
102.400005,50,5958.384666
0.05948,75,5958.544132
1.262208,93,5958.731761
104.352028,63,5958.856724
100.434293,53,5958.964682
1.150624,74,5959.11793
100.804812,92,5959.296199
-0.160927,97,5959.488441
101.796689,48,5959.581217
0.135092,317,5960.206719
5.113732,76,5960.357298
101.074632,44,5960.444136
5.194423,63,5971.794412
2.264126,70,5971.932884
101.252801,138,5972.20688
102.453127,44,5972.295272
2.117471,73,5972.439257
-0.83148,103,5972.639933
5.01818,73,5972.80569
101.52887,80,5972.969633
103.609535,53,5973.082753
104.38088,65,5973.210767
3.334601,78,5973.364665
4.033864,63,5973.495173
1.306817,100,5973.694285
3.0729,74,5973.842295
100.748127,67,5973.980005
1.157005,62,5974.105079
3.246765,101,5974.303817
3.016983,78,5974.458404
1.469038,75,5974.611557
101.310524,103,5974.818361
2.911743,67,5974.952616
2.973739,89,5975.134681
2.238944,80,5975.296832
2.544322,67,5975.430083
1.619316,157,5975.747791
3.566605,64,5975.875732
4.089431,77,5987.222253
3.136366,67,5987.354881
3.268037,105,5987.56417
5.162634,64,5987.689049
101.507755,72,5987.834711
102.233816,128,5988.085306
102.465211,73,5988.239112
101.37308,77,5988.388967
2.734173,61,5988.516065
1.916649,88,5988.695475
5.134248,68,5988.830106
3.160795,63,5988.956451
-0.193968,134,5989.222466
1.065892,71,5989.362547
2.473616,66,5989.493322
2.69662,68,5989.629547
1.340823,63,5989.763761
3.134058,69,5989.899541
102.578782,68,5990.035247
101.208665,76,5990.194431
101.447181,63,5990.315127
2.51677,82,5990.478947
6.079461,68,5990.612703
101.331533,78,5990.77552
1.915947,67,5990.906873
5.218708,66,5991.035892
4.007435,67,5991.170575
101.829843,91,6002.56524
3.877408,63,6002.686797
-2.137051,133,6002.950141
2.713237,62,6003.076295
5.967892,67,6003.204282
4.34544,64,6003.335967
-0.015392,1000,6005.331185
1.953994,84,6005.496698
3.732466,94,6005.684716
4.701597,79,6005.844415
1.859944,64,6005.973688
3.104278,66,6006.102204
4.757606,60,6006.219631
5.852317,71,6006.359032
4.328991,74,6017.798579
4.72031,71,6017.953936
100.997877,35,6018.025852
101.739944,65,6018.152682
2.746598,68,6018.284395
3.514981,82,6018.448429
3.123252,99,6018.648244
102.330115,66,6018.778525
102.726896,63,6018.906725
4.839125,65,6019.035958
0.921021,79,6019.195346
5.574816,73,6019.339327
2.039281,72,6019.481308
3.114274,64,6019.606586
5.236893,63,6019.731663
101.041766,49,6019.830298
2.353106,137,6020.112235
103.978928,62,6020.235202
101.204592,74,6020.382856
1.087883,90,6020.554896
100.346689,69,6020.688939
104.372344,70,6020.825205
3.248636,170,6021.166285
1.97622,82,6021.326987
100.480714,76,6021.482095
101.093206,80,6021.640495
104.276198,57,6021.748267
101.996912,115,6033.199166
101.715701,108,6033.408101
3.630269,97,6033.599122
2.433763,79,6033.754519
0.770889,96,6033.951632
2.783989,75,6034.116072
1.047753,80,6034.269222
102.844785,66,6034.399974
101.391217,77,6034.550307
4.991289,74,6034.693267
3.57656,68,6034.827224
102.525036,52,6034.931531
2.686274,74,6035.08366
0.884443,102,6035.281942
4.640116,65,6035.409075
3.920694,64,6035.535455
2.371901,70,6035.671699
4.088138,64,6035.7993
101.098569,67,6035.927647
0.840582,96,6036.115843
2.44919,64,6036.250969
103.947186,56,6036.359626
4.751527,84,6036.52524
101.016321,104,6036.725746
0.920865,92,6036.904642
3.220631,78,6037.064111
2.837072,81,6048.464051
2.790195,68,6048.61362
103.035235,52,6048.71452
0.32559,179,6049.059348
100.599442,67,6049.189007
1.646519,67,6049.320744
101.612031,110,6049.554808
5.276446,69,6049.687427
3.021115,65,6049.815475
4.142595,62,6049.934371
105.537619,70,6050.07435
0.948828,90,6050.250437
101.262996,78,6050.398304
102.784541,51,6050.49933
101.072927,80,6050.664821
4.419155,152,6050.974895
101.033046,98,6051.178409
100.596088,46,6051.277231
5.172653,62,6051.405824
100.534326,82,6051.575477
2.833762,78,6051.736648
4.04025,90,6051.925983
2.492824,75,6052.08212
5.114112,91,6052.271216
1.502805,82,6052.445616
4.975517,131,6064.067366
-0.4396,151,6064.384308
100.800094,99,6064.606329
4.947416,69,6064.752479
2.154536,72,6064.908288
3.723621,74,6065.061105
1.770031,70,6065.210449
102.208777,51,6065.317228
2.141253,69,6065.461191
2.555952,68,6065.600658
3.730771,79,6065.766073
5.077014,66,6065.902196
1.377476,99,6066.110853
3.66855,62,6066.241022
5.075952,107,6066.46414
104.002039,66,6066.601276
2.396753,68,6066.740689
105.302437,61,6066.866298
100.781926,90,6067.051653
100.655202,73,6067.202317
4.465607,69,6067.342385
3.894388,70,6067.484953
0.776156,101,6067.690563
102.428386,78,6067.853076
2.354418,75,6068.003939
3.619335,62,6068.135399
102.068981,54,6079.816468
5.647329,61,6079.941251
1.441542,70,6080.08798
5.335265,69,6080.230954
5.284894,64,6080.366558
2.292409,62,6080.495677
101.557717,95,6080.694644
5.269358,75,6080.853095
5.405331,66,6080.992996
102.246709,74,6081.145863
1.507347,70,6081.302187
1.348113,63,6081.431572
1.533696,119,6081.68329
3.05002,87,6081.863522
101.887741,63,6081.991362
4.588547,64,6082.121497
4.13642,72,6082.267231
3.830217,72,6082.415241
0.885726,90,6082.608015
3.073662,61,6082.732193
105.80482,71,6082.877839
5.403451,66,6083.015729
104.812738,72,6083.166219
101.451747,48,6083.265574
100.775005,82,6083.433685
2.078639,69,6083.572196
104.594976,58,6083.691513
3.492088,69,6083.832097
4.300629,62,6083.973859
1.246885,78,6095.306824
0.230238,113,6095.537157
3.065067,68,6095.676238
1.448028,65,6095.809976
4.270741,69,6095.954234
5.599078,72,6096.101815
1.542875,118,6096.363789
1.580731,84,6096.539083
2.765907,61,6096.667127
0.604042,103,6096.888745
100.87613,101,6097.101208
0.865046,99,6097.313134
103.060888,69,6097.451274
2.079491,68,6097.590275
101.874053,70,6097.733291
100.6503,80,6097.895633
3.501022,78,6098.049834
104.151981,56,6098.158127
101.222686,93,6098.349837
5.147365,63,6098.474055
101.361811,50,6098.573004
4.639595,75,6098.725795
1.439175,97,6098.925083
104.654462,63,6099.049613
102.265802,80,6099.208889
101.589853,80,6110.576611
102.057402,79,6110.744327
100.75765,29,6110.805864
101.324865,64,6110.940694
3.99625,69,6111.083308
101.588622,84,6111.260859
101.855053,79,6111.421443
101.218142,104,6111.642283
103.433542,65,6111.786184
102.028659,70,6111.934564
100.618402,43,6112.02047
0.57847,80,6112.180312
3.248248,65,6112.309953
101.073835,86,6112.481497
4.63708,73,6112.626458
4.516127,81,6112.788017
3.391855,70,6112.92783
4.270554,71,6113.069548
2.311485,69,6113.209909
0.903552,66,6113.340333
-0.732401,122,6113.585845
5.173163,77,6113.738467
1.604854,86,6113.909497
1.765527,89,6114.087548
5.09169,67,6114.229361
102.514528,75,6114.382476
102.848678,53,6114.486646
0.673586,109,6114.700689
6.070847,74,6126.076251
1.536609,126,6126.323857
101.368014,79,6126.485249
103.513023,61,6126.608754
2.198651,115,6126.83853
104.022627,70,6126.993073
5.357428,65,6127.123078
1.512434,93,6127.310691
104.919875,66,6127.443741
1.454851,92,6127.626931
2.208197,71,6127.764469
-0.640886,103,6127.970763
103.486095,66,6128.105688
100.795627,87,6128.281711
2.785316,86,6128.455456
3.310237,66,6128.586148
1.53385,65,6128.71485
0.259176,82,6128.878192
1.359305,93,6129.066511
1.071696,115,6129.293954
100.605528,157,6129.603268
4.734859,66,6129.734619
3.823905,61,6129.857874
1.592135,85,6130.027255
2.604047,72,6141.368405
3.868154,71,6141.507945
102.856214,57,6141.620895
5.501046,70,6141.776937
101.513562,62,6141.898656
5.37044,74,6142.045918
4.041186,73,6142.18983
4.10451,63,6142.314609
0.804935,99,6142.510233
101.420849,112,6142.727112
100.164202,93,6142.913427
0.689302,68,6143.047265
2.177859,87,6143.224901
103.751532,55,6143.334189
101.650994,97,6143.524143
101.110177,75,6143.66944
1.093393,79,6143.826221
1.516421,72,6143.967864
103.43385,75,6144.122033
6.185633,70,6144.268224
3.211893,63,6144.393242
103.046858,58,6144.509462
1.988496,68,6144.641841
103.296907,71,6144.783264
2.298661,77,6144.937838
102.401837,81,6145.097173
102.75629,54,6145.204534
100.370128,56,6145.315302
101.318136,68,6156.726673
-0.146163,116,6156.965552
101.06138,59,6157.081962
2.063432,70,6157.219755
4.385043,135,6157.484651
4.729005,76,6157.637464
-1.094377,113,6157.860226
3.547036,195,6158.241773
5.063029,66,6158.374795
4.972948,71,6158.514925
3.453236,61,6158.635999
103.97252,73,6158.781007
104.207496,56,6158.890725
4.083194,69,6159.030796
4.686102,77,6159.180325
101.45225,68,6159.315269
1.724724,102,6159.515166
101.99491,77,6159.668363
2.433096,76,6159.819232
102.791767,69,6159.956965
2.188575,64,6160.083452
2.627954,60,6160.20538
4.578711,90,6160.388731
1.469664,69,6160.524714
101.465911,86,6160.695793
2.344431,74,6172.096516
4.33354,78,6172.249586
5.463628,72,6172.392177
3.031661,81,6172.561178
102.68527,47,6172.656919
101.091265,105,6172.866483
2.340199,93,6173.061231
2.69456,67,6173.192197
100.989224,69,6173.343986
102.126511,72,6173.486291
3.129927,74,6173.642578
0.755504,104,6173.84647
100.446853,72,6173.986657
1.465846,105,6174.197069
1.474021,104,6174.403825
101.120065,76,6174.555698
3.182593,67,6174.688619
101.484973,79,6174.84645
4.541805,69,6174.982538
3.051089,88,6175.160392
100.568537,25,6175.208769
1.104892,64,6175.334761
1.058136,87,6175.504669
0.262806,99,6175.700757
101.727308,75,6175.851041
100.917355,60,6175.971709
5.396932,68,6187.307879
1.918932,75,6187.451412
101.184563,82,6187.612514
2.1835,61,6187.729729
103.030913,66,6187.884901
101.199745,74,6188.02805
1.604129,94,6188.215972
3.745286,61,6188.348924
3.791743,73,6188.49238
0.806426,97,6188.682235
2.910693,91,6188.864471
4.198631,63,6188.991545
101.878234,61,6189.110956
3.990802,68,6189.246865
3.625746,81,6189.408084
101.719519,91,6189.589439
101.897063,73,6189.733628
5.680465,65,6189.861442
2.443154,85,6190.0299
1.202288,116,6190.262101
3.022886,62,6190.388599
2.390539,60,6190.507379
100.277102,142,6190.787457
2.322444,62,6190.909653
102.503348,53,6191.016061
100.590933,21,6191.058302
-0.869191,123,6191.325203
4.311521,71,6202.665743
4.915509,62,6202.787742
100.820683,237,6203.277869
3.709232,102,6203.481754
102.674815,60,6203.599928
101.060973,46,6203.690376
3.160162,66,6203.818937
101.406431,131,6204.080507
2.869158,60,6204.200059
3.3188,65,6204.328138
104.090514,53,6204.434239
3.344517,62,6204.554551
102.119805,79,6204.721032
-0.731215,95,6204.908092
4.75976,120,6205.145736
1.203181,128,6205.395301
4.613395,80,6205.553915
1.351278,87,6205.72795
101.627127,79,6205.883227
4.343686,81,6206.043642
3.659384,63,6206.168153
1.419409,92,6206.347519
5.9517,68,6206.482667
2.241971,59,6206.601976
2.623287,69,6217.942
2.624586,66,6218.069855
1.632961,86,6218.257397
103.845218,63,6218.381629
104.767582,57,6218.499393
3.804614,112,6218.720046
102.085607,47,6218.811408
5.152791,90,6218.999182
3.735491,69,6219.136529
102.289595,66,6219.270126
3.035721,61,6219.388855
3.100774,72,6219.534149
4.014594,63,6219.658401
101.688856,72,6219.804065
101.749166,111,6220.025968
100.343242,61,6220.149242
1.421296,87,6220.318703
3.385607,110,6220.542472
0.956024,78,6220.696039
2.459106,85,6220.862694
101.115557,63,6220.985633
4.459137,69,6221.132147
104.635057,66,6221.265064
3.748114,66,6221.3996
0.801662,127,6221.651395
-2.119939,122,6221.893733
3.069745,84,6233.305476
0.563968,83,6233.470704
4.609587,64,6233.601783
103.737502,69,6233.746814
-2.688368,129,6234.012187
4.197822,73,6234.169637
1.467318,80,6234.340488
0.317954,117,6234.586804
102.068282,67,6234.725918
5.219062,65,6234.856851
104.637888,62,6234.979307
5.688287,68,6235.115377
4.288924,74,6235.262017
1.486546,84,6235.435702
2.866136,74,6235.588305
102.196318,74,6235.740571
100.800538,96,6235.94129
102.585805,52,6236.053442
3.630477,62,6236.181011
100.380451,68,6236.322278
-0.668132,106,6236.538535
101.397339,107,6236.760468
3.931214,78,6236.912406
105.197992,78,6237.064688
3.453582,74,6237.213423
2.872709,99,6248.627988
3.568135,87,6248.799267
3.834935,73,6248.94764
3.875422,104,6249.167941
1.03884,79,6249.322494
3.259345,69,6249.460165
2.440595,67,6249.589592
1.954527,102,6249.787272
1.273668,72,6249.930898
2.490008,74,6250.08091
0.09473,433,6250.971415
4.571914,74,6251.125105
0.61665,105,6251.343891
104.667494,56,6251.46109
2.62808,88,6251.64216
102.448663,72,6251.792356
2.932296,69,6251.935087
4.877155,77,6252.097112
102.434779,72,6252.248181
4.721338,70,6252.391042
2.053951,68,6252.535106
4.087404,64,6252.665534
5.683422,86,6264.112581
0.244312,116,6264.36152
0.13839,155,6264.682671
106.140615,69,6264.824305
4.25041,66,6264.961049
103.658142,65,6265.097662
1.4644,85,6265.27296
0.549785,102,6265.481555
1.018889,87,6265.665406
3.742281,62,6265.794272
4.278271,65,6265.924509
3.233489,66,6266.055983
101.154332,66,6266.183824
3.113728,66,6266.313087
1.36409,63,6266.437983
1.884617,80,6266.601081
4.408993,79,6266.760298
3.27177,60,6266.878844
4.611639,68,6267.016013
6.030875,64,6267.141507
103.452139,52,6267.248348
1.771364,118,6267.483666
102.15272,81,6267.64366
100.77605,92,6267.82495
1.483595,62,6267.94997
1.299696,135,6268.219723
